symbol,funding_time,year,rate,z,side,r1,r4,r12
BTCUSDT,1670947200011,2022,0.0001,2.659295284841646,SHORT,0.006328455567817778,0.00036054916534747583,-0.0010246017897995287
BTCUSDT,1672041600000,2022,-5.064e-05,-3.133342685273305,LONG,-0.00038625526010213385,0.001092591271765835,0.00016040064551094236
BTCUSDT,1672646400008,2023,-4.356e-05,-2.4055530512698833,LONG,-0.0008733468280160765,-0.0006818630676472644,-0.0001076316844799352
BTCUSDT,1673683200001,2023,0.00045847,12.007499884776337,SHORT,0.022802526042086775,0.00454490959292003,0.005783672996890235
BTCUSDT,1674806400000,2023,9.541e-05,-1.1289407373110167e+14,SHORT,0.0007450574932098254,0.001451413857548799,-0.006291199423348127
BTCUSDT,1676073600007,2023,7.684e-05,-5.6963545699615e+14,SHORT,0.0010396908665149507,-0.001292329742362004,-0.0022973456859214096
BTCUSDT,1676217600002,2023,2.27e-05,-5.059724462408558,SHORT,0.0006049675753598012,0.0016520165864113377,0.007453371276106604
BTCUSDT,1676419200011,2023,2.377e-05,-2.7555509304934267,SHORT,0.0016456592679014036,0.0028363808363660197,-0.027912352237868143
BTCUSDT,1676563200001,2023,0.00023171,5.413261186991979,SHORT,0.00036143272323392286,0.013090519928506352,0.045197406413305906
BTCUSDT,1677283200015,2023,1.183e-05,-2.1109088537665683,SHORT,-0.0005525577520257498,0.0017633182603482675,0.006558991408066363
BTCUSDT,1677830400013,2023,-4.203e-05,-2.970734846636382,LONG,-0.002751389712670838,-0.003480704390575479,-0.005568677799388262
BTCUSDT,1678406400000,2023,-8.895e-05,-3.5506345797587833,LONG,-0.0004178148345252394,-0.012162903697807112,-0.009398138097769381
BTCUSDT,1678752000010,2023,0.00015042,2.4985024217349303,SHORT,-0.00966250758204207,-0.010096709599301291,-0.06786423589846469
BTCUSDT,1678867200000,2023,0.00024127,2.706830329237582,SHORT,0.00975316673778685,-0.0025443203035508417,0.018034948611577367
BTCUSDT,1679817600015,2023,-3.326e-05,-2.1017250289834255,LONG,0.0011750096708437548,0.009404649909918605,0.004266815607650097
BTCUSDT,1680566400002,2023,-6.009e-05,-2.449190118439692,LONG,0.0018146015557205387,0.0017318640225107242,0.01797828517895728
BTCUSDT,1681516800007,2023,-4.975e-05,-2.212023356660764,LONG,-0.00017787498729296156,-0.0004282711746720661,0.0015205274090223425
BTCUSDT,1682928000008,2023,-6.37e-05,-3.869503311263862,LONG,-0.0017416265302835417,0.0007000007285841765,-0.03193507141441072
BTCUSDT,1684137600005,2023,-1.576e-05,-2.1768917442749856,LONG,-0.0016131390359427338,-0.0015072197937872624,-0.0030532925113092254
BTCUSDT,1684281600010,2023,8.392e-05,2.0841113296843354,SHORT,-0.0026803094529116753,0.0010453123498989168,0.015911862268976174
BTCUSDT,1684368000000,2023,0.0001,2.489397287381992,SHORT,0.0012989271957386133,0.0020424529704504996,0.004522423718786177
BTCUSDT,1686009600000,2023,-7.157e-05,-5.843108184221756,LONG,-0.001933392145223569,0.004111601814390811,-0.006046468280388752
BTCUSDT,1686787200000,2023,-3.265e-05,-2.226953078137271,LONG,-0.005564503523655529,-0.007074402032185545,-0.009932667722996995
BTCUSDT,1687276800000,2023,-2.597e-05,-2.405533170883075,LONG,0.015261270462273711,0.02825239026363599,0.05032181048752066
BTCUSDT,1688659200000,2023,1.492e-05,-6.84793535548938,SHORT,0.0006503013236848827,-6.599875922457776e-06,0.007539030795507531
BTCUSDT,1688947200000,2023,-2.182e-05,-2.8669810830419915,LONG,-0.001453960134166358,0.0010234905240294248,0.0023013823426759135
BTCUSDT,1689206400000,2023,-1.135e-05,-2.0241754813650017,LONG,0.0009552514849291823,-0.001962773913320796,0.005170501269255629
BTCUSDT,1689379200000,2023,-7.313e-05,-3.42867074718643,LONG,0.0002638609468126395,-0.001059442753048186,0.000629852730920469
BTCUSDT,1691913600000,2023,4.637e-05,-3.286653965088473,SHORT,3.061302584488674e-05,0.0006532812301708146,-0.0004114841543143223
BTCUSDT,1692345600000,2023,-4.6e-07,-7.2438237575686975,LONG,-0.005171947269931931,-0.009793064370056163,-0.019161225633312816
BTCUSDT,1693324800000,2023,-0.00010934,-4.052908996103702,LONG,-0.003873393019258861,-0.015421119560265479,-0.02023311407129202
BTCUSDT,1694217600000,2023,-5.057e-05,-2.7428396198042257,LONG,0.00032881185102048193,0.000568582909482152,-0.00024764735143906257
BTCUSDT,1694707200000,2023,-4.748e-05,-2.3442165736865173,LONG,0.0008978364249396442,-0.002008961997519969,0.0006912927449115318
BTCUSDT,1694793600000,2023,7.561e-05,2.323931857460365,SHORT,0.001643622792370263,-0.0014099189358296152,-0.0066078952736539085
BTCUSDT,1695052800000,2023,-6.774e-05,-2.490791926445077,LONG,-0.01787075212982857,-0.01750817122265609,-0.014127924148961852
BTCUSDT,1695312000000,2023,7.429e-05,2.3507540655053174,SHORT,-0.0025825480067287695,-0.0004854414696204353,-0.0024060795162214204
BTCUSDT,1695427200000,2023,6.676e-05,2.043969222942617,SHORT,0.0009368034620725338,0.001964910799658306,0.001064788525637416
BTCUSDT,1695628800000,2023,8.565e-05,2.4583647274032785,SHORT,0.0031045926877256015,0.0014859355892697726,-0.005503200546775581
BTCUSDT,1695772800000,2023,9.944e-05,2.585488813134992,SHORT,4.572194959191021e-05,0.00042681951517993565,-0.017543017537560202
BTCUSDT,1696867200000,2023,7.838e-05,2.3534502647170905,SHORT,-0.006963345207563915,-0.006005761726700211,-0.007032226841753657
BTCUSDT,1697068800000,2023,0.0001,2.1695124340083436,SHORT,0.0010418204045000343,-0.0005745904335807375,-0.0008580329190312369
BTCUSDT,1697472000000,2023,9.644e-05,2.196867873484325,SHORT,-0.004998473921341742,-0.011068113009736189,-0.0034380239114701256
BTCUSDT,1697587200000,2023,-3.343e-05,-2.1295611955406577,LONG,-0.0007583573990246426,0.01244972569791332,-0.0016161705225084737
BTCUSDT,1697731200000,2023,-0.00011006,-3.9050629357275954,LONG,-0.0024083491703508677,0.003413544392302661,0.024360238720187725
BTCUSDT,1698048000001,2023,9.59e-05,2.112833082588807,SHORT,0.0068332217205084094,0.0008772974584563259,-0.026878488444908734
BTCUSDT,1698105600000,2023,0.0001,2.027413807191301,SHORT,-0.02003119274703191,-0.026153020993127694,-0.0314049343778528
BTCUSDT,1699545600000,2023,0.00020027,2.4662067043611435e+15,SHORT,-0.007938701982572039,-0.005802713603984846,-0.012430668928399145
BTCUSDT,1699689600000,2023,0.00016607,3.4256456558272617,SHORT,-0.0018258530669478634,-0.0036645398678775355,-0.0009727627226221415
BTCUSDT,1701475200000,2023,9.95e-05,-1.2297829382472e+13,SHORT,-0.0010952337765507585,-0.0028904737787364384,-0.0018591205520030508
BTCUSDT,1702022400000,2023,0.00023288,22.60038937395727,SHORT,0.0018447734158931004,-0.012120134621083323,-0.026250933988056287
BTCUSDT,1702108800000,2023,0.00030159,6.363352187432191,SHORT,-8.435230543269539e-05,-0.0017585265713874725,-0.0035548593531597814
BTCUSDT,1703088000000,2023,0.00023637,4.493317610967848,SHORT,-0.007014661953467861,0.005598156981785268,0.0013319085561108608
BTCUSDT,1703520000000,2023,0.00037908,3.1271573092526728,SHORT,-0.0012484568035346453,0.0022944279401022898,0.0015075679996788504
BTCUSDT,1703779200000,2023,0.00050152,2.7688789561758944,SHORT,-0.0019624600733107226,-0.0011144917989932052,-0.004689400897071968
BTCUSDT,1704153600000,2024,0.00065846,2.7596902247609987,SHORT,0.0056245015431994755,-0.0007080319883712254,-0.003874757981481463
BTCUSDT,1706313600000,2024,8.966e-05,-2.5431911162954134e+14,SHORT,-0.000768147522087498,-0.0013372967789042828,0.0010107373733906503
BTCUSDT,1706371200000,2024,8.3e-05,-8.973359059337096,SHORT,0.0004763118712050468,-0.006209547987802553,-0.021802124396921464
BTCUSDT,1706428800000,2024,4.725e-05,-14.741023665670923,SHORT,-0.0019921192075102365,0.0016989034262393406,0.012921199946490642
BTCUSDT,1706630400001,2024,5.149e-05,-4.54994068759558,SHORT,0.0025418123167189697,-0.0012041826113272456,0.01243186152781302
BTCUSDT,1707408000000,2024,2.59e-05,-3.260926222192896,SHORT,0.0003930176142461333,-0.009432562653344391,-0.01972427120689216
BTCUSDT,1708185600000,2024,0.00016041,3.43985157757054,SHORT,-0.005188485089792296,-0.010975101385427816,-0.012018339629208499
BTCUSDT,1708444800000,2024,0.00020259,2.479940622110185,SHORT,0.0016054444544551546,-0.01135878221021609,-0.010772256703100095
BTCUSDT,1708905600000,2024,0.00026761,3.8713987490610924,SHORT,0.004148028952584455,0.00289076020296696,0.008668217417296117
BTCUSDT,1709136000000,2024,0.00053538,2.91456858662394,SHORT,0.01713617957655144,0.033510534350815364,-2.7186493751645246e-05
BTCUSDT,1709625600000,2024,0.00082969,2.1424313561956962,SHORT,0.006639176505455108,-0.006506370399962301,0.07769115438272028
BTCUSDT,1709942400000,2024,0.00019134,-2.0450584789527615,SHORT,0.0026329221381610245,-0.0029259772599570257,-0.005471359323542309
BTCUSDT,1710547200000,2024,0.0001,-2.061203286534499,SHORT,0.005147375894372735,0.009104285769198996,0.02556722116729387
BTCUSDT,1711555200000,2024,0.00043631,3.449086608628699,SHORT,0.008296373933450302,0.005035396484376398,-0.0068475985432646155
BTCUSDT,1711872000000,2024,0.00039889,2.064812736895963,SHORT,0.0007153335529803111,-0.0033026633680212185,-0.008400543747826983
BTCUSDT,1712908800001,2024,0.0002563,2.2521533628596595,SHORT,0.0016475934878600344,0.0034409858784474065,0.05315705979903322
BTCUSDT,1713456000000,2024,-3.334e-05,-2.1783847969076553,LONG,-0.011798462794262972,-0.0006175134568410756,-0.017375276484680957
BTCUSDT,1714723200000,2024,-3.764e-05,-2.2822248387743103,LONG,0.004136709280236078,0.02345424515993492,0.060308295421606886
BTCUSDT,1716364800000,2024,0.00015759,2.724443382128129,SHORT,0.0002669916270438394,0.005207040538159422,0.008219385372284628
BTCUSDT,1717113600000,2024,0.00014599,3.856503129365883,SHORT,0.00047009976616185,-0.0006770224113718946,-0.0023369963699629574
BTCUSDT,1717401600000,2024,0.00014135,3.8265371546238325,SHORT,0.0018433398309508015,-0.008855200085511173,0.00039326931647130524
BTCUSDT,1717574400000,2024,0.00016387,4.748163319516855,SHORT,0.0003382191946265834,-0.0002888050043917604,-0.003610399103237174
BTCUSDT,1718697600000,2024,8.236e-05,-4.338674206136477e+14,SHORT,0.003729930808501874,0.007409421668318453,0.012124961533742498
BTCUSDT,1718784000001,2024,4.127e-05,-18.361731891649903,SHORT,-0.001726612956241537,2.302119407966365e-05,0.004732003482503719
BTCUSDT,1719043200000,2024,4.146e-05,-2.028003304660064,SHORT,-0.0005553269921959794,-3.111891158746515e-05,0.00018829006996683384
BTCUSDT,1719129600000,2024,2.307e-05,-2.599390151394096,SHORT,-0.000438066425331124,0.00015072679088464958,0.009918556815824526
BTCUSDT,1720195200000,2024,1.762e-05,-20.229227205006506,SHORT,4.607992741446842e-05,0.0017330027760294295,0.0068466012347931085
BTCUSDT,1720512000001,2024,8.61e-06,-4.050720132791133,SHORT,0.000632146401144571,0.004745634169033171,-0.00540379475791484
BTCUSDT,1720771200000,2024,3.026e-05,-2.1275261412366206,SHORT,0.0064934667839487495,-0.0008634321351149028,-0.003550124359565803
BTCUSDT,1721059200000,2024,-5.14e-06,-2.6989999117485106,LONG,-0.005135485930368456,0.005113957391340574,0.017144367756558636
BTCUSDT,1721174400000,2024,-3.419e-05,-2.7122658028069355,LONG,0.00247438030315819,0.0050672747335819834,-0.011778145419487764
BTCUSDT,1721433600001,2024,-3.077e-05,-2.01671689141094,LONG,-0.0009584203074844697,0.0035679070891957098,0.0008055076074205972
BTCUSDT,1721520000000,2024,-5.313e-05,-2.3312702567977914,LONG,0.003211475881934817,-0.00023874005052324513,-0.002001210354329789
BTCUSDT,1722931200000,2024,-2.845e-05,-3.88072156607762,LONG,0.003903595352278382,-0.003962725719031028,0.027665423108925908
BTCUSDT,1722988800000,2024,-7.3e-06,-2.3632106191011615,LONG,0.012086404843817006,0.013539633266922783,0.017792389525554515
BTCUSDT,1723248000000,2024,-3.942e-05,-2.204722274703162,LONG,-0.001352721441516465,-0.002019833426018754,0.002925732591411356
BTCUSDT,1723651200000,2024,-7.811e-05,-2.3726664893371496,LONG,0.0006547132395428326,0.0003908493917566021,-0.012334925151722293
BTCUSDT,1724515200000,2024,6.395e-05,2.047515773512745,SHORT,0.003740356271850662,0.002507096829802362,0.0021545705699648116
BTCUSDT,1724774400000,2024,7.753e-05,2.4320256542232985,SHORT,-0.0060516052073902385,-0.004962266396141992,0.03684820353146067
BTCUSDT,1725494400000,2024,9.016e-05,2.4555324155657217,SHORT,-0.0003707577382102748,0.013880283284975117,0.023376183082278904
BTCUSDT,1725696000000,2024,-7.634e-05,-3.3236834046433454,LONG,-0.0022439461583628117,0.0037470907491355776,-0.0037223940392133266
BTCUSDT,1725840000000,2024,-7.585e-05,-2.1264508799857778,LONG,0.001179154361458469,-0.003368876616718689,0.005637902991805014
BTCUSDT,1726502400000,2024,6.762e-05,2.5218373595380443,SHORT,-0.006215673694623877,0.0019695292402929945,-0.007427389847588805
BTCUSDT,1726905600000,2024,0.0001,2.2828010840536113,SHORT,-0.0013449517178720635,-0.0018535951009061912,-0.0016761538976427068
BTCUSDT,1727366400000,2024,0.0001,2.0087330068200537,SHORT,0.0031697497412591234,0.010489092725165322,0.0006049574531853438
BTCUSDT,1728086400000,2024,-1.596e-05,-2.1123521948481314,LONG,-0.0015945601507685225,-0.00355015648847993,0.002258630976492628
BTCUSDT,1728892800000,2024,0.0001,2.0543104700676347,SHORT,-0.00607121668072043,-0.006813268774119526,-0.02305829334945833
BTCUSDT,1729900800000,2024,4.755e-05,-12.956883139485905,SHORT,0.0005472399378828682,-0.0029902815753693377,-0.004476107150011616
BTCUSDT,1731225600000,2024,0.00025603,3.8376606370945365e+15,SHORT,-0.003084787368852317,-0.006758709012241141,0.00195466653378848
BTCUSDT,1731369600002,2024,0.00049133,6.821697338388866,SHORT,0.005088943482931085,0.006262135008595342,0.029768691342672342
BTCUSDT,1732636800000,2024,0.00029599,2.0707753733303647,SHORT,0.0049197105647106575,0.03211763211791493,0.015621108881900806
BTCUSDT,1733385600000,2024,0.00072446,8.050745442336906,SHORT,0.0004600109102730304,-0.0010573198512353805,0.036860657499190465
BTCUSDT,1734768000000,2024,1.206e-05,-11.242291670002958,SHORT,0.0008827272175146711,0.015246205755259118,0.011901987498455507
BTCUSDT,1735401600000,2024,5.173e-05,-2.5626506077239073,SHORT,-0.0016098567143569013,-0.002151862432893529,-0.0026325808479329437
BTCUSDT,1735516800000,2024,-4.2e-07,-5.034836819323305,LONG,0.0038145077395213747,-0.0032980536059614464,0.0019064051890668719
BTCUSDT,1736006400000,2025,7.98e-06,-3.7955755925308,SHORT,-0.0031145842699337404,-0.009167719384969124,-0.006549089874962201
BTCUSDT,1736438400000,2025,-5.44e-06,-5.262424228976866,LONG,-0.01662934920172618,-0.025299790608190303,-0.004439295791641511
BTCUSDT,1737676800000,2025,3.34e-06,-3.311387288529094,SHORT,0.002245869320624354,-0.0111858602666906,-0.01979564998548379
BTCUSDT,1737964800000,2025,3.712e-05,-2.3136073666551877,SHORT,-0.0038234987790914804,-0.01584563487648095,-0.023585495064820005
BTCUSDT,1738281600000,2025,1.225e-05,-2.5617301015523917,SHORT,0.0014441304059536427,0.00830280080319038,0.0017116140456699181
BTCUSDT,1738512000000,2025,-8.61e-06,-2.697199545566039,LONG,-0.01042861564894595,-0.004726987994719038,-0.05716170769424244
BTCUSDT,1738713600001,2025,-4.61e-06,-2.2316965703342024,LONG,-0.004121992143984728,-0.002171110820063573,-0.001983373341806023
BTCUSDT,1738972800000,2025,-4.1e-05,-2.890285027619443,LONG,-0.0013869017196752585,-0.0035908393990556437,-0.006183876268813207
BTCUSDT,1740355200000,2025,-2.97e-05,-2.46491197922316,LONG,-0.002791765589636502,-0.00983801148120014,-0.004741876155660266
BTCUSDT,1740816000000,2025,-6.108e-05,-2.7738235953770483,LONG,0.0008769307985986707,-0.006438691914912046,0.002682298216323121
BTCUSDT,1741536000000,2025,0.0001,2.0238548783777253,SHORT,0.001545129176373407,-0.00714588721875196,-0.0016262983975534793
BTCUSDT,1741708800001,2025,8.746e-05,2.0209132886593166,SHORT,0.0009506668604293138,-0.01719731056910762,-0.005230305449984667
BTCUSDT,1741996800000,2025,-6.035e-05,-3.2812247048091026,LONG,0.00069296700619251,0.001980325467888409,-0.0018177589311241737
BTCUSDT,1742918400000,2025,-3.776e-05,-2.4223479190101553,LONG,0.0015657679702195642,0.0006482406304740985,-0.005320255525215138
BTCUSDT,1743091200002,2025,-3.76e-05,-2.0058945396820005,LONG,0.0007290632206490278,0.005470531618546619,-0.0062829392435194194
BTCUSDT,1743177600000,2025,8.118e-05,2.249114289278363,SHORT,-0.002581545125281497,-0.00015520016076461387,-0.0033957630330607286
BTCUSDT,1744156800000,2025,9.568e-05,2.232605114027818,SHORT,0.005979091056058071,0.0014508388693019985,-0.0031013119274985144
BTCUSDT,1744358400000,2025,-4.294e-05,-2.6921553993849523,LONG,0.009709802905119353,0.00591443657068482,0.026704208467635934
BTCUSDT,1745337600000,2025,-7.045e-05,-3.179337738751858,LONG,0.007883762262154509,0.004708279214646346,0.03235109440064485
BTCUSDT,1745625600002,2025,-0.00010085,-3.3968692127077134,LONG,0.0012022505974993748,-0.003872608230720168,-0.006857530031151215
BTCUSDT,1746115200001,2025,-8.028e-05,-2.045715240957435,LONG,-0.00214557791932041,-0.006308385841341776,-0.0006138795781722442
BTCUSDT,1746748800001,2025,0.0001,2.208343206359254,SHORT,-0.0026327437014094022,-2.334625808231067e-05,-0.0005932149994782071
BTCUSDT,1748736000001,2025,-5.82e-06,-2.6225137779221597,LONG,-0.003103210785605492,0.0017139047193779956,-0.004719539418481304
BTCUSDT,1748822400001,2025,-6.42e-06,-2.26644564144265,LONG,-0.0004897801213012014,-0.006119510519664231,-0.011675497913861379
BTCUSDT,1749168000002,2025,-3.491e-05,-2.9038947938522344,LONG,-0.00044392326749402615,0.008646550591530465,0.018101701647895565
BTCUSDT,1749542400001,2025,0.0001,2.3511518550995234,SHORT,-0.0038814492169612197,-0.005424895332306541,-0.007847977364959222
BTCUSDT,1750579200000,2025,0.0001,2.5668052004336834,SHORT,0.0050295202811832355,-0.0003495923000654006,0.03145984946601115
BTCUSDT,1751212800001,2025,0.0001,2.532234459082507,SHORT,8.465907748062508e-05,0.0018101018654918188,-0.00722629142989415
BTCUSDT,1752105600003,2025,0.0001,4.898653592426285,SHORT,-0.002518727375064946,-0.0021461826563917226,0.000538619820065834
BTCUSDT,1752192000004,2025,0.0001,3.1782847467926274,SHORT,-0.0033679025577272865,-0.011305457898351745,-0.01965329807963589
BTCUSDT,1753920000000,2025,5.694e-05,-1.0590890664185769e+15,SHORT,0.0029053235875945165,-0.0008756934011546443,-0.0017843537044744074
BTCUSDT,1754006400001,2025,-1.408e-05,-14.573332190321372,LONG,-0.0008385468397434934,0.002436204536999473,0.0026661857936761944
BTCUSDT,1755216000000,2025,1.939e-05,-2.6049755629790363,SHORT,-0.004206242734993064,-0.005562588661131059,-0.003922947060102431
BTCUSDT,1755446400007,2025,1.862e-05,-2.34749688919767,SHORT,-0.0006094543704788811,0.0019318257846338432,0.020239201136283247
BTCUSDT,1756483200005,2025,6.44e-06,-2.0906194743587285,SHORT,0.00217912686232916,0.00836824967051658,0.0025269364267234617
BTCUSDT,1756598400016,2025,-1.232e-05,-2.9198619970389603,LONG,0.00036667903057119555,-0.005179850281311788,-0.009746455346816285
BTCUSDT,1757721600005,2025,-1.554e-05,-2.712863873641957,LONG,-0.0038972145202424775,-0.00435625271794621,-0.00178800362150954
BTCUSDT,1758240000000,2025,-2.31e-06,-2.211796474883414,LONG,-0.0015007847826807401,-0.0036757999707861077,-0.010586686999863693
BTCUSDT,1758384000002,2025,-1.006e-05,-2.0841075933209092,LONG,-0.001776237726732203,-0.0026958034523218684,-0.004543539333854065
BTCUSDT,1759334400000,2025,0.0001,2.288626369488254,SHORT,0.006368550845382845,4.5966327119772533e-05,-0.009630022815249512
BTCUSDT,1760054400005,2025,7.85e-06,-2.113140542935012,SHORT,0.0008789040985904497,0.0040308871998294225,0.0012120864745975273
BTCUSDT,1760198400000,2025,4.67e-06,-2.1940729013257796,SHORT,-0.0012576633524869426,0.014586593238952748,0.002845629958042737
BTCUSDT,1761148800000,2025,5.702e-05,2.3508790597376024,SHORT,0.00402092233656502,0.004940194523492503,-0.0037313303985814996
BTCUSDT,1761523200000,2025,0.0001,2.4708148334316595,SHORT,-0.004460635050340131,-0.00444067265775121,-0.002711111726950672
BTCUSDT,1762646400004,2025,-1.64e-05,-2.7496247187001144,LONG,0.0024098727068696244,-0.0007481921088840369,0.0028303914803094947
BTCUSDT,1762848000000,2025,-2.775e-05,-3.3122357279126855,LONG,-0.0018092554994583023,-0.00582605771968965,-0.022472942341047204
BTCUSDT,1763884800008,2025,1.53e-06,-2.7022178139899293,SHORT,-0.002878547545092514,-0.004462733331406617,-0.015386248731937627
BTCUSDT,1764028800000,2025,-5.29e-05,-3.2586580970920447,LONG,-0.004216330419593894,0.002731961718901249,-0.006692951379352299
BTCUSDT,1764086400007,2025,-3.019e-05,-2.1027301658011863,LONG,0.0057276496027921266,0.0028656354018921485,0.0012520738029459459
BTCUSDT,1765670400000,2025,0.0001,2.580626253366601,SHORT,0.0005206020048883307,0.0015992210116764366,0.01024793802164702
BTCUSDT,1766880000008,2025,-3.6e-07,-2.060804522138482,LONG,-0.0007120028598630395,-0.001457585828532975,9.793192827807059e-05
BTCUSDT,1767657600010,2026,-1.376e-05,-2.3116202607683967,LONG,-0.0003498577138778397,-0.0001066509677452923,0.0005394795752312091
BTCUSDT,1767916800003,2026,-2.813e-05,-2.692524074976384,LONG,-0.002546855090598233,-0.002956757142935621,-0.009284806994364092
BTCUSDT,1768867200005,2026,9.819e-05,2.1049072755174256,SHORT,-0.0001359481413881629,0.007037299287690697,0.015617220986369348
BTCUSDT,1768953600001,2026,0.0001,2.0429212293042145,SHORT,-0.0010085412032135022,-0.005663633876364784,0.0022861915041314674
BTCUSDT,1769788800001,2026,3.1e-06,-2.2660254664077186,SHORT,0.0024948348442997443,-0.00928359882442575,-0.010118864975541507
BTCUSDT,1769904000001,2026,-3.267e-05,-3.6220565478312716,LONG,-0.004530843807766298,0.0009733878083681128,-0.005603965279246641
BTCUSDT,1770019200014,2026,-3.043e-05,-2.6420530254465726,LONG,0.010806773513326163,0.014424715492111877,0.014799256459342689
BTCUSDT,1770307200007,2026,-4.957e-05,-2.176765292936436,LONG,-0.03137965160113118,-0.06838019575436348,-0.05105376865506262
BTCUSDT,1771833600000,2026,-9.317e-05,-3.4359516421512213,LONG,0.011147434882087727,0.009263923938428658,-0.018343919336723746
BTCUSDT,1772179200000,2026,-8.123e-05,-2.7936432824890995,LONG,-0.008565613077995115,-0.02982435537386709,-0.03496939975858935
BTCUSDT,1773187200000,2026,-0.00011052,-3.4919289245279383,LONG,0.0004242072423083705,0.001307751468073876,-0.00974905993161568
BTCUSDT,1773648000010,2026,7.139e-05,2.754941998405217,SHORT,-0.0016580317512120703,-0.00995867437978076,-0.014843109664022176
BTCUSDT,1774598400000,2026,-6.298e-05,-2.041379593506579,LONG,-0.0033173840231653716,-0.019297603589925046,-0.028295690890451367
BTCUSDT,1775145600001,2026,-7.398e-05,-2.113720821919885,LONG,-0.006112603686412423,-0.0021454766236713926,-0.007052401173692177
BTCUSDT,1775433600004,2026,7.073e-05,2.2062350050369632,SHORT,0.003903228234409617,-0.0008063144846030693,-0.004124605165875759
BTCUSDT,1775577600000,2026,7.393e-05,2.3015394057049017,SHORT,-0.006762291507976674,-0.015681188049600864,-0.047547238596680516
BTCUSDT,1775865600000,2026,-7.225e-05,-2.784564676606208,LONG,0.0017513932579125851,-0.00029265538251677646,0.0014153526226374487
BTCUSDT,1776211200000,2026,-9.313e-05,-2.118977516968477,LONG,0.0006439124340627125,-0.003084449774942619,-0.003920703648932048
BTCUSDT,1776441600001,2026,-0.00010789,-2.0640329217440394,LONG,-0.004376887577623479,-0.006723915130144621,-0.009546081751346263
BTCUSDT,1776614400001,2026,-0.00012276,-2.1607958485514507,LONG,-0.008036667127498929,-0.010056301654913415,-0.01096700638733101
BTCUSDT,1776844800000,2026,3.56e-05,2.1166878726285594,SHORT,0.00012954539205280294,-0.0029020310236804047,-0.005446217171282056
BTCUSDT,1777392000004,2026,5.242e-05,2.8358250323728,SHORT,-0.000821040218632711,-0.004305250116436091,-0.014773687509077248
BTCUSDT,1777852800000,2026,4.304e-05,2.0689621268739296,SHORT,-0.01580840309221816,-0.022607303925231092,-0.003954973687750681
BTCUSDT,1777996800000,2026,-8.24e-05,-2.147483461909082,LONG,-0.0003323604639819321,0.004379287573708874,0.00042452212674667857
BTCUSDT,1778400000000,2026,4.626e-05,2.098352119481983,SHORT,0.000373845663040584,-0.0011627318578628016,0.0013115503126908967
BTCUSDT,1779580800011,2026,9.044e-05,2.023917822329054,SHORT,-0.0005635507751551445,0.0008413617009937726,-0.0034479095568027956
BTCUSDT,1779840000000,2026,0.0001,2.1130709812347854,SHORT,0.002747827793026426,0.006760000465524188,0.00527717536623132
BTCUSDT,1780560000000,2026,1.519e-05,-2.00864992985942,SHORT,0.005646814849243894,-0.002239786821616032,-8.333575745635655e-05
BTCUSDT,1780790400001,2026,-2.828e-05,-2.1363501547293677,LONG,0.011527066514937482,0.018040933899251606,0.018315736447269085
BTCUSDT,1781395200005,2026,-4.51e-05,-2.6033159959998136,LONG,0.00023091234499548433,-0.003403222680518307,-0.0034529906374295067
BTCUSDT,1781539200004,2026,-6.079e-05,-2.6011926167699366,LONG,-0.004503415777200362,-0.009470784102335634,-0.019727811443032026
BTCUSDT,1781683200000,2026,-6.685e-05,-2.62796277144368,LONG,-0.0001510364493894439,0.0017768174707084915,-0.00748674374163642
BTCUSDT,1781827200005,2026,6.039e-05,2.1455610846607795,SHORT,-4.4449312709851985e-05,0.009090000348123043,0.003057452392131273
BTCUSDT,1782748800004,2026,8.658e-05,2.2401677194355294,SHORT,-0.00873230018738085,-0.006663800305086512,0.006915350882787013
BTCUSDT,1783036800000,2026,0.0001,2.0939429396455287,SHORT,-0.004600725735937001,-0.002226489945431528,-0.010850796681105213
BTCUSDT,1783497600000,2026,7.24e-06,-2.403667342963809,SHORT,-0.0006756893215150051,0.0009021680887747969,-0.0013928072794698986
BTCUSDT,1783756800000,2026,9.42e-06,-2.5785333939519077,SHORT,0.0015048771131052116,0.001108965287160189,-0.0017668178864069907
BTCUSDT,1783900800000,2026,1.521e-05,-2.181799167599212,SHORT,0.010354507971895738,0.02197550616776803,0.022804263948878252
BTCUSDT,1784419200003,2026,4.06e-06,-2.103207819607909,SHORT,0.00010038106203869201,0.0009934438165591145,0.005248746315333358
BTCUSDT,1784764800000,2026,-3.43e-06,-2.1377777804434004,LONG,-0.0034896741164802928,-0.006663697610979821,-0.01350718680856822
BTCUSDT,1785283200000,2026,0.0001,2.143631061380031,SHORT,0.0038398291831226493,-0.0002611993129824657,-0.005004079076069627
BTCUSDT,1786723200001,2026,6.29e-06,-2.070543701509453,SHORT,0.0018636850993203015,0.0036099746786868604,0.00021236402443080836
BTCUSDT,1786838400000,2026,9.66e-06,-2.170716980864802,SHORT,-4.75804168520704e-06,-9.039892098381819e-05,0.0010250926416585041
BTCUSDT,1788278400000,2026,3.844e-05,-2.8109506314759907,SHORT,0.004126642169465603,0.0018622447941648319,0.00042944109482671795
BTCUSDT,1788364800005,2026,3.819e-05,-2.420820347982186,SHORT,-0.0028275230902181686,-0.003013672537736599,-0.00795977332696345
BTCUSDT,1788566400000,2026,1.014e-05,-3.3853394300221655,SHORT,0.0006363387347603923,0.0010402340017795276,-0.0015489106393182007
ETHUSDT,1671264000011,2022,-6.429e-05,-2.3063722026370312,LONG,-0.0026233253151364423,-0.0004749143547315988,-0.0020029541773398172
ETHUSDT,1673136000015,2023,2.131e-05,-2.587318410659575,SHORT,-0.0008087407871705485,-0.0007374076096832941,-0.0006502157042072253
ETHUSDT,1673683200001,2023,0.00061643,22.417293708262907,SHORT,0.025541956191300747,0.015367520960012933,0.018111399350132246
ETHUSDT,1676016000005,2023,6.828e-05,-7.801742960240884e+14,SHORT,0.0031337151739436408,0.010662340211583249,0.013711969208074343
ETHUSDT,1676073600007,2023,6.47e-05,-6.013906273723885,SHORT,0.0022067479917346434,-0.002636419689365808,-0.0024191779346464195
ETHUSDT,1676188800000,2023,3.225e-05,-2.276482532530707,SHORT,-0.003651757225680182,0.003770057416334357,-0.004426040645574102
ETHUSDT,1676332800013,2023,-4.54e-06,-2.8419914312989665,LONG,-0.0011204333513972304,-0.0017011515225016812,0.0067294692034588965
ETHUSDT,1677369600007,2023,1.266e-05,-4.016416601431137,SHORT,-0.0006285987484145851,-0.006293271196708731,-0.0037782076513110043
ETHUSDT,1677628800016,2023,3.42e-06,-2.578194716188053,SHORT,-0.007672886772359643,-0.03545228104028661,-0.03160422885888141
ETHUSDT,1677830400013,2023,-9.17e-06,-2.6008196930796914,LONG,-0.003180808209671852,-0.004106991474916463,-0.00792295912391445
ETHUSDT,1678406400000,2023,-8.306e-05,-4.325945753761085,LONG,0.0026274594985109074,-0.007245413557310432,-0.021322134420744647
ETHUSDT,1678521600003,2023,-5.766e-05,-2.551146049486796,LONG,0.0007880468354197703,-0.005358417331727105,0.021936287796619592
ETHUSDT,1678838400011,2023,0.00031728,5.490682047737109,SHORT,-0.005182513035814281,-0.0013744576287562091,0.014308496073724294
ETHUSDT,1679731200011,2023,1.46e-05,-2.0609181713868323,SHORT,-0.0031747513800179264,-0.0012906003082004973,0.007310340435616603
ETHUSDT,1680480000000,2023,-2.938e-05,-2.060123946182966,LONG,-0.010828707250788975,-0.007564387730336917,0.006936353895864499
ETHUSDT,1681113600010,2023,-4.969e-05,-2.4723491110406473,LONG,7.54168125980576e-05,-0.001428606327755757,0.014594427257593821
ETHUSDT,1681920000000,2023,-1.015e-05,-2.178195499638013,LONG,-0.0011252653508158949,-0.0020496362257129176,-0.0159521067901626
ETHUSDT,1682150400000,2023,-5.62e-06,-2.5933118323263025,LONG,0.00025424026924135727,0.0036451356253255785,0.010649590372874164
ETHUSDT,1684512000000,2023,0.0001,2.392716733128371,SHORT,-0.003796451107931798,4.968628631919232e-05,-0.0006567311032640737
ETHUSDT,1685203200008,2023,-3.23e-05,-2.6305762794462173,LONG,0.0011195443965570653,0.0030702620132332776,0.014765665241010263
ETHUSDT,1686009600000,2023,-4.896e-05,-2.698445195858341,LONG,-0.0032094051972778445,0.003953304389207158,-0.0030209831757278868
ETHUSDT,1686787200000,2023,-7.479e-05,-3.5591566095863123,LONG,-0.0039484811513792505,-0.003008394897469465,-0.008814641202921634
ETHUSDT,1686873600000,2023,-8.034e-05,-2.63551140634192,LONG,0.0006138883397528453,0.003593710674061817,0.003317729439033933
ETHUSDT,1688832000000,2023,-4.17e-06,-2.418526554133123,LONG,-0.00021485969744476017,-0.00754769390054023,0.003672325811726962
ETHUSDT,1689206400000,2023,-8.22e-06,-2.1876833892154326,LONG,0.0007268180121902708,-0.0028321426756169536,0.004869200124089037
ETHUSDT,1689264000000,2023,-4.55e-05,-3.0140752961266157,LONG,0.013246366495065746,0.011167525869932261,0.023411994256567953
ETHUSDT,1691740800000,2023,7.02e-06,-3.025556288706034,SHORT,0.0007795540696101387,-0.000422004853908178,0.0015380369236282396
ETHUSDT,1692316800000,2023,-0.00017498,-9.248338399615156,LONG,-0.00352364931842527,-0.01564334863739746,-0.009934632296614579
ETHUSDT,1692403200000,2023,-4.58e-05,-2.107328047477635,LONG,-0.004554776260248938,-0.004211544397736901,-0.005754001427397204
ETHUSDT,1693238400001,2023,5.739e-05,2.0042663340262443,SHORT,0.0007577663835531874,0.002384355397338784,3.0299633073758485e-05
ETHUSDT,1693324800000,2023,-0.0001273,-2.807236563615158,LONG,-0.0006748436435803382,-0.004965256367962102,-0.009169407475524922
ETHUSDT,1693814400000,2023,-7.752e-05,-2.1390444445529275,LONG,-0.0011481337981970533,-0.005275184043192565,-0.00636182370195443
ETHUSDT,1694476800000,2023,-4.991e-05,-2.1787400660971388,LONG,-0.003165638762776451,0.015881948243572867,0.029927025943628026
ETHUSDT,1694822400000,2023,0.0001,2.4648528109108843,SHORT,-0.001108350498339555,0.0018967873143576367,0.0030268103099342753
ETHUSDT,1695283200000,2023,7.655e-05,2.0882782301605243,SHORT,0.004042513844416992,0.01631306663808968,0.018056757219228614
ETHUSDT,1695772800000,2023,0.0001,3.3407347868201294,SHORT,0.0014877638895004369,0.001494046066023339,-0.018009208247995217
ETHUSDT,1696060800000,2023,-2.413e-05,-2.3147248787651344,LONG,0.0006809425941821045,-0.00022110739036942015,0.0032869354638604253
ETHUSDT,1696204800000,2023,0.0001,2.924877928863438,SHORT,-0.0008872008816099126,-0.0010900447533780454,-0.0030063364191951565
ETHUSDT,1696550400000,2023,0.0001,2.3018622747304187,SHORT,-0.003094648608387698,-0.0036002471985495743,0.00099033196591267
ETHUSDT,1698019200000,2023,9.262e-05,2.363793427502275,SHORT,-0.001965511590941002,-0.012822440551233778,-0.0024607604934662425
ETHUSDT,1698883200001,2023,0.00026784,8.431284326665729,SHORT,-0.0043879722499165965,-0.0017672193599829764,0.006691783471074659
ETHUSDT,1699545600000,2023,0.00071131,17.187964579697407,SHORT,-0.0036000256464513544,-0.009039704311169034,-0.055730642457218135
ETHUSDT,1701993600000,2023,0.00022693,3.1219269670346055e+15,SHORT,-4.657119572382126e-05,-0.003642929695318699,-0.0007618016129248109
ETHUSDT,1702080000000,2023,0.00022528,5.216870648213511,SHORT,0.003415315443725041,-0.0024251551901080673,0.0014646993212321675
ETHUSDT,1703088000000,2023,0.00023154,3.361255032248936,SHORT,-0.0041938938361333125,0.01794626334300521,0.010510098418127225
ETHUSDT,1703520000000,2023,0.0004388,2.166370441494219,SHORT,-0.0017720624157073483,0.0033024736981053706,0.0023999167592427006
ETHUSDT,1703750400000,2023,0.00057135,2.246612207942534,SHORT,-0.003227878231816336,0.0023709444434366596,0.011235954656123384
ETHUSDT,1704211200000,2024,0.00063801,2.327535176872004,SHORT,0.004528845782943536,0.003435986534397036,-0.0009446216312284705
ETHUSDT,1704297600000,2024,0.0001,-2.1407408336787745,SHORT,0.003366749601321341,0.005635590045188801,-0.0031723118464438652
ETHUSDT,1706313600000,2024,6.877e-05,-7.68122423229265e+14,SHORT,0.004326137190510061,0.0024421430951727633,0.007406267067034514
ETHUSDT,1706400000000,2024,6.557e-05,-5.9559862117133315,SHORT,-0.005052338426728493,-0.01597162708492678,-0.004112459839034672
ETHUSDT,1706601600000,2024,6.195e-05,-3.16457637452315,SHORT,0.001427149479095111,0.0004942832343509439,-0.028098146909089395
ETHUSDT,1706745600000,2024,5.527e-05,-3.1987932676384134,SHORT,0.01686504296534069,0.00908867099343931,0.005447689423841923
ETHUSDT,1706860800000,2024,3.678e-05,-3.8872105018185885,SHORT,0.00024681361583815323,-0.001730313791460471,0.005587686059619159
ETHUSDT,1706976000001,2024,4.476e-05,-2.5910802820478964,SHORT,-0.0013310183386713332,0.0014761624201238964,0.003738045879666183
ETHUSDT,1707926400000,2024,0.00013082,2.2307296359788866,SHORT,-0.000970211662474689,-0.009218998613694178,-0.020794283690220745
ETHUSDT,1708012800000,2024,0.00015412,3.0280154348880974,SHORT,0.004954002451158081,0.00014836952517177803,-0.003103642920492194
ETHUSDT,1708387200000,2024,0.000265,8.297410872291945,SHORT,0.00474343719827796,0.003789530639551835,0.00145817318132767
ETHUSDT,1708444800000,2024,0.00025431,4.192924001628942,SHORT,-0.006755539686856543,-0.027440834339508047,-0.03420081479279313
ETHUSDT,1708848000000,2024,0.00025856,3.2279347306201673,SHORT,-0.0004931252158063341,-0.0081762291171059,-0.02675100319167815
ETHUSDT,1709020800000,2024,0.00066751,5.052624584193643,SHORT,-0.011713860096213353,-0.011232346970277895,-0.009943081764848491
ETHUSDT,1709164800000,2024,0.00062574,2.869737019717259,SHORT,0.009627477579481417,0.002119847423514353,-0.003514475183271906
ETHUSDT,1709625600000,2024,0.00101724,3.4371604458858394,SHORT,0.0007656253544374785,-0.017391043309585408,0.08727250421982333
ETHUSDT,1710547200000,2024,0.00018856,-2.0128831912109613,SHORT,0.0042900405723677966,0.009351987865998175,0.025508127041168106
ETHUSDT,1711411200000,2024,0.00039028,3.2525998073163334,SHORT,-0.004684147725963452,-0.011121840663097826,-0.012529462632162676
ETHUSDT,1711555200000,2024,0.00035332,2.29216936277774,SHORT,0.007538507089576643,0.0033823104350911887,0.002264968058146354
ETHUSDT,1711814400000,2024,0.00045204,2.4587696388503346,SHORT,0.0029372246288882236,0.010571878981016926,7.33255683765218e-05
ETHUSDT,1711872000000,2024,0.00065366,4.30608847712657,SHORT,0.004515617238859007,0.0006351591148985121,-0.004313913668376924
ETHUSDT,1713340800000,2024,5.11e-06,-2.1266591824973036,SHORT,-0.0020031615015349198,0.013782426498828534,0.033517069531688995
ETHUSDT,1713686400000,2024,-6.27e-06,-2.385791659848205,LONG,0.00045764207823370594,-0.0036877069869853127,-0.00614952000956938
ETHUSDT,1713801600000,2024,-1.974e-05,-2.5221992552958366,LONG,0.004497855041597322,0.0016353592723861875,-0.0025919136783251846
ETHUSDT,1715961600000,2024,4.333e-05,-2.3931269465558427,SHORT,0.0032560351133011805,0.002280701891668369,-0.0019433842297537228
ETHUSDT,1716019200000,2024,3.431e-05,-2.669063624374361,SHORT,-0.003172317007919283,-0.00017650409615537106,-0.0007699711641228565
ETHUSDT,1716105600000,2024,3.451e-05,-2.3432616023824555,SHORT,-0.0007884164341085113,0.00967231897843257,0.010569882933207209
ETHUSDT,1716192000000,2024,1.916e-05,-2.8882767522466644,SHORT,0.0002583637194202364,0.004222917754646811,-0.12262753382274327
ETHUSDT,1716364800000,2024,0.00015189,2.221121436291931,SHORT,0.009259300733611107,0.02667857237328803,0.004794858512975935
ETHUSDT,1716940800001,2024,0.00017485,2.5461544007517825,SHORT,0.0012210108887978613,-0.0057859820031796495,0.008615213255815228
ETHUSDT,1716998400000,2024,0.000177,2.421919017436236,SHORT,-0.0005971028746785696,0.002844445417085355,-0.00475365992771694
ETHUSDT,1718668800000,2024,6.649e-05,-21.44576740451008,SHORT,0.018739752417003805,0.007814957531955893,0.01873094591780732
ETHUSDT,1718812800000,2024,6.122e-05,-3.69192168580824,SHORT,-0.004151736953935835,-0.0018570421452237537,-0.006704576479178082
ETHUSDT,1718870400000,2024,6.409e-05,-2.7223131255645887,SHORT,0.0017306547867952029,-0.0006273202340843852,0.017184597918337145
ETHUSDT,1720166400000,2024,9.55e-05,-1.1068046444225633e+14,SHORT,-0.010963878460387499,-0.028945645932202172,-0.04187146117513716
ETHUSDT,1720252800000,2024,6.597e-05,-3.4521293091518377,SHORT,-0.0008028262578946634,9.33162254264212e-05,-0.02009865916786135
ETHUSDT,1720368000000,2024,5.389e-05,-2.4113307049113604,SHORT,-0.0015208060862166816,-0.0026690689642746212,0.026032000452958972
ETHUSDT,1720425600000,2024,3.423e-05,-3.252290694121007,SHORT,0.0020503556000120923,0.0026767812718071484,0.01982710195322977
ETHUSDT,1720512000001,2024,1.078e-05,-3.6777355003509693,SHORT,-0.001108733822974801,0.004316951035808772,0.0039326112486530295
ETHUSDT,1720598400000,2024,1.713e-05,-2.4963177118127247,SHORT,-0.0002883342883458099,-0.007270387891491175,-0.0028311444593072874
ETHUSDT,1721548800000,2024,1.524e-05,-2.177757393112865,SHORT,-0.003684552968661828,-0.0035388030780734436,-0.003018502778741309
ETHUSDT,1721894400000,2024,2.04e-06,-2.5732713834059355,SHORT,0.00046933051966561496,0.00800873126889605,0.00691097362981639
ETHUSDT,1722816000000,2024,-1.7e-05,-3.0341395243810525,LONG,-0.0862199371610572,-0.07864096799480888,-0.12575053231565192
ETHUSDT,1724716800001,2024,9.438e-05,2.7741311704605436,SHORT,-0.0007805745648929743,-0.0033495495628099795,0.021225212629847487
ETHUSDT,1725955200000,2024,-3.453e-05,-2.5954056497578173,LONG,-0.002403259379351573,-0.0022669911692366836,0.009820765787766882
ETHUSDT,1726473600001,2024,-6.942e-05,-4.068918765182271,LONG,-0.010448698873537415,-0.006097011774070415,-0.017853803213474347
ETHUSDT,1726531200001,2024,7.742e-05,2.572104105297483,SHORT,-0.0012890426575017922,-0.007128270517020735,-0.020022372860011715
ETHUSDT,1726704000000,2024,7.727e-05,2.1341444862977528,SHORT,0.003325899093956456,-0.007546578368321977,-0.01538994989013684
ETHUSDT,1726790400000,2024,0.0001,2.4486358595898317,SHORT,-0.0027387157406934693,-0.036517981152230865,-0.04249370715029893
ETHUSDT,1728835200000,2024,1.763e-05,-2.0003774804579533,SHORT,0.0037309972865221057,-0.0021489979617105204,-0.034896851369906355
ETHUSDT,1730851200000,2024,9.511e-05,-1.2027277136058533e+14,SHORT,0.0010754573240229681,-0.039313611104948146,-0.0584777703383328
ETHUSDT,1730966400000,2024,0.00014885,55.837335031115636,SHORT,-0.00026923335963939765,0.001095393254636502,-0.025925428621034478
ETHUSDT,1731254400000,2024,0.00026708,18.72889756665588,SHORT,0.0005569895327284506,0.0295943282878796,0.010092442611736587
ETHUSDT,1732377600000,2024,0.00037006,2.3345345370668373,SHORT,-0.0033488338150150575,0.0024500478233576467,-5.8541668496861205e-06
ETHUSDT,1733097600001,2024,0.00036131,2.10825367696134,SHORT,-0.008570248651493131,0.003076176940571101,0.029212689717734625
ETHUSDT,1733385600000,2024,0.00049482,4.140218305891938,SHORT,-0.003604545829793437,-0.0044603744310445234,0.021209368398655667
ETHUSDT,1734566400000,2024,6.104e-05,-2.11162607850349,SHORT,0.012535826910153685,0.00038321518001068757,-0.006663572757585632
ETHUSDT,1734739200000,2024,6.352e-05,-3.270683804903007,SHORT,-0.004474719569267566,-0.0074458232627144265,0.015779955063878782
ETHUSDT,1734883200000,2024,5.37e-05,-3.5883788196608966,SHORT,0.005521542724248454,0.01302963802845633,0.002559889868506749
ETHUSDT,1735056000001,2024,2.757e-05,-3.819038112693085,SHORT,-0.006305064635867028,0.008563792434170926,-0.0026644402209876628
ETHUSDT,1735142400000,2024,1.254e-05,-3.440135378610822,SHORT,-0.0048852809554204785,-0.005498946705481162,0.003684773595457953
ETHUSDT,1736380800000,2025,6.609e-05,-12.258770856304581,SHORT,-0.0011876716900869435,0.0005030166131483716,0.013801553998563545
ETHUSDT,1736467200000,2025,7.573e-05,-3.433700362480717,SHORT,-0.004264966734533731,-0.009545358525224623,-0.02682710529623073
ETHUSDT,1736553600000,2025,6.574e-05,-3.1508011039964767,SHORT,0.0061116226202423815,0.008265259796651951,-0.002282644941518463
ETHUSDT,1736784000000,2025,3.392e-05,-4.4595038026464,SHORT,-0.003437090750740473,-0.026676555455755636,-0.052530647526721375
ETHUSDT,1736899200000,2025,4.503e-05,-2.3547556976318127,SHORT,-0.002753874373797471,-0.0015174297842261391,0.006055357573715148
ETHUSDT,1737907200000,2025,3.849e-05,-5.105402818288513,SHORT,-0.0065918111994877895,-0.004176050268200097,0.04905374664605785
ETHUSDT,1738195200000,2025,2.287e-05,-2.186009290952568,SHORT,-0.004492077739899261,-0.023144008632792833,-0.03016549783154507
ETHUSDT,1738569600000,2025,-0.00016657,-7.9630339264909775,LONG,-0.0004629638717997284,0.002773291193924683,0.04996023460432377
ETHUSDT,1740211200000,2025,-1.427e-05,-2.1334328292967633,LONG,0.00900223360537408,0.017810923830398413,0.029258297792219994
ETHUSDT,1740441600000,2025,-3.589e-05,-2.7701562764231764,LONG,-0.0017390472482922707,-0.0029589853593239945,-0.024962787887131837
ETHUSDT,1741046400001,2025,-4.308e-05,-2.258078809301635,LONG,-0.03262896287320103,-0.020386931350224152,-0.0099702949855331
ETHUSDT,1741564800000,2025,-4.249e-05,-2.0687774226480506,LONG,0.0034631134909088777,0.017848703010649152,0.043128016227236006
ETHUSDT,1742371200000,2025,8.986e-05,2.0726683536701946,SHORT,-0.0017050390339957684,-0.032193428371495074,-0.04714762638081994
ETHUSDT,1744156800000,2025,-4.82e-05,-2.05633236575479,LONG,-0.022399414311724056,-0.018613797899517313,-0.00398258574386146
ETHUSDT,1744243200000,2025,0.0001,2.77045135658608,SHORT,0.005275289094320247,0.016706722835329164,0.03293098733730182
ETHUSDT,1745740800000,2025,-6.737e-05,-2.134662832671431,LONG,0.00032608305458473795,-0.007674225922427323,-0.004126663789483744
ETHUSDT,1745856000005,2025,-8.681e-05,-2.1840090456626764,LONG,0.007354621262932395,0.015849462958381612,0.019545477320075836
ETHUSDT,1747468800001,2025,-1.883e-05,-3.4216301826809974,LONG,-0.001032803709846375,-0.0034535790952174,0.003252807808493818
ETHUSDT,1747584000000,2025,1.3e-06,-2.3542273192182215,SHORT,0.03323187209593827,0.07266365072313988,0.08422087642483875
ETHUSDT,1749168000002,2025,-1.147e-05,-2.9000157146886063,LONG,-0.0018945067052112056,0.013357316144739645,0.020048474343770897
ETHUSDT,1749772800000,2025,-1.372e-05,-2.5344200657899694,LONG,-0.012668952220955584,-0.008527828520963744,0.005014321610679789
ETHUSDT,1750464000002,2025,-4.99e-05,-2.9414522628383795,LONG,0.008343316653790978,0.004992042157036551,0.010333097077847304
ETHUSDT,1751500800006,2025,0.0001,2.21522320431362,SHORT,-0.0025076095371004406,0.002778903927348432,-0.0057859520155806215
ETHUSDT,1751904000000,2025,-3.011e-05,-2.4435983328723916,LONG,0.0035723578142604945,0.003935603656720536,0.007568689980440339
ETHUSDT,1753574400001,2025,9.322e-05,-1.6675856642633334e+14,SHORT,-1.864263010262481e-05,-0.009162117918906101,-0.018546974932751793
ETHUSDT,1753747200001,2025,4.494e-05,-23.52002719415537,SHORT,0.0058681393451005814,0.0005850019953667878,-0.019035063275948543
ETHUSDT,1753833600011,2025,2.488e-05,-7.237972663347522,SHORT,-0.004508377206182839,-0.00892035037290472,0.000273005701683554
ETHUSDT,1753977600000,2025,-1.18e-05,-4.2185573991477865,LONG,-0.0073283415573993805,-0.018312705594676976,-0.032487390608236195
ETHUSDT,1755360000002,2025,1.968e-05,-3.381901713220992,SHORT,0.0007152044824639707,-0.005403099943680008,-0.016930656861415646
ETHUSDT,1755676800000,2025,3.18e-06,-2.539977174416339,SHORT,0.0037597496174802923,0.007980858072259907,-0.027113415093241236
ETHUSDT,1756166400000,2025,-7.39e-06,-2.18888894235355,LONG,0.02035591317344213,0.023406363163816005,0.03741325496218491
ETHUSDT,1757030400001,2025,-5.54e-05,-2.8518490002892833,LONG,0.005768544232848192,0.006751002236667065,0.03889508414796465
ETHUSDT,1757232000000,2025,8.938e-05,2.6027651769648363,SHORT,0.00035127838940665585,8.141115779317556e-05,0.00024192685552608766
ETHUSDT,1757347200000,2025,9.082e-05,2.382188968496149,SHORT,0.006536545455119141,0.009476394584229362,0.005958888244962129
ETHUSDT,1757404800000,2025,0.0001,2.36549429340305,SHORT,0.0006380610505781652,0.0033647314450696944,0.012783444992813243
ETHUSDT,1758268800005,2025,-9.04e-06,-2.4259822565230174,LONG,-0.002452270351095874,-0.003465863203742755,-0.01658884368837697
ETHUSDT,1758758400000,2025,-8.602e-05,-3.142055866355043,LONG,-0.0065617687396586875,-0.0311459656975605,-0.036909786016051556
ETHUSDT,1758988800003,2025,0.0001,2.005391405702776,SHORT,0.0014938798681285272,0.00019722413338359596,0.0007041937273156354
ETHUSDT,1760112000014,2025,-5.147e-05,-2.6605368781757344,LONG,-0.003500699445087341,-0.0606374069438006,-0.07266884071527874
ETHUSDT,1760227200004,2025,-6.965e-05,-2.2248857947168537,LONG,0.004764578092287914,0.026819737804497774,0.03458351996410907
ETHUSDT,1761292800000,2025,9.418e-05,2.881714615254699,SHORT,-0.0014845972627616341,-0.0028559533142113224,0.0035979607287293736
ETHUSDT,1761436800001,2025,0.0001,2.6170078596280546,SHORT,0.004264182307869147,0.0026147319835228586,-0.030626434269475117
ETHUSDT,1761494400000,2025,0.0001,2.3298897516487083,SHORT,-0.0010181630803207291,-0.0014542015423722754,-0.03799133557687052
ETHUSDT,1761696000004,2025,-5.159e-05,-2.879750933761092,LONG,0.0024399520090112106,0.010230466909971387,0.0108609595998228
ETHUSDT,1761840000001,2025,-6.394e-05,-2.3793611670758787,LONG,-0.0025751632979788895,-0.006471689798434912,0.02139991173441346
ETHUSDT,1762848000000,2025,-2.557e-05,-2.749723737889102,LONG,-0.002035091972285809,-0.006055588925532929,-0.03538219505692889
ETHUSDT,1762934400002,2025,-3.94e-05,-2.798422206196259,LONG,0.004354584007915021,0.02388367194385148,-0.01502751984322636
ETHUSDT,1763884800008,2025,-2.356e-05,-3.0009107753291024,LONG,0.0017990924060622751,0.008441141438520918,0.006059893515101877
ETHUSDT,1764835200000,2025,0.0001,2.466266218381724,SHORT,-0.0048984294823339785,0.0023873829247140882,0.01375418279714845
ETHUSDT,1764921600000,2025,9.771e-05,2.047362787831527,SHORT,0.010675446882961907,0.008722471337140339,0.04310181282870502
ETHUSDT,1767110400003,2025,0.0001,2.001155660318588,SHORT,0.0020344452580583782,0.00815597088486205,0.004719796572933643
ETHUSDT,1768464000004,2026,6.58e-06,-2.1825032159491844,SHORT,-0.009026873075534896,-0.009837803149782672,0.014610396978760116
ETHUSDT,1768809600007,2026,-1.14e-05,-2.5186104246962917,LONG,-0.0014080604427889384,0.0035177055612140773,0.00018987410781203312
ETHUSDT,1769097600005,2026,-2.933e-05,-2.3046055405726453,LONG,0.005331286612196193,-0.0023528942600594847,0.010735102637735743
ETHUSDT,1769385600000,2026,-0.00013629,-6.066604497258602,LONG,0.014268030471166676,0.008528679386650664,0.021147208998105328
ETHUSDT,1769817600000,2026,-7.003e-05,-2.211787199913249,LONG,-0.0024243333394070375,-0.003930005854591049,-0.02736498484156357
ETHUSDT,1769875200009,2026,-8.908e-05,-2.4195585476431405,LONG,-0.032512531378234615,-0.04112772221333418,-0.013697871368832213
ETHUSDT,1769990400000,2026,-0.00015302,-2.654038126255569,LONG,-0.0008775626153960452,-0.02283851257550165,0.008106043911912128
ETHUSDT,1770336000000,2026,-0.00027709,-3.5355321736293974,LONG,0.032370565964722806,0.02044448112539366,0.02677171473372599
ETHUSDT,1771833600000,2026,-0.00036526,-7.675547465411235,LONG,0.01982610321966492,0.021077354634165858,-0.010393052226804148
ETHUSDT,1773014400000,2026,-0.00022545,-3.8578301338988443,LONG,-0.0025469871014441683,0.013600246303101225,0.02612906722994299
ETHUSDT,1773964800002,2026,-6.348e-05,-2.144873242171495,LONG,0.002445119946180435,0.0012861798044071658,-0.0021239507852706136
ETHUSDT,1774195200002,2026,-7.418e-05,-2.261605006798984,LONG,-0.0012020908208578952,-0.011308510950865241,-0.007834701699584723
ETHUSDT,1774540800000,2026,-8.212e-05,-2.385887371470243,LONG,-0.0057882561511718505,0.0018041004519858562,-0.0038811013057882936
ETHUSDT,1774627200000,2026,-0.00018104,-4.92455164559093,LONG,-0.004744632081742844,-0.0004180359924387865,0.0018614109834931788
ETHUSDT,1775116800001,2026,-0.00013372,-2.4211523738542136,LONG,-0.001105702306931221,-0.00942779835721257,0.010801662276127635
ETHUSDT,1775606400000,2026,0.0001,2.5278187608270004,SHORT,0.0008682615176122515,-0.001961998649507431,-0.008605920426666388
ETHUSDT,1776124800005,2026,0.0001,2.1617258762996707,SHORT,-0.0031513142091834354,-0.0013167227788064308,-0.00527337792067215
ETHUSDT,1776528000000,2026,-0.00015064,-3.561184055122953,LONG,0.00035175677441496894,-0.0034690927051712482,-0.011587881948717547
ETHUSDT,1777824000000,2026,8.747e-05,2.653345358530336,SHORT,-0.0014470073737324362,-0.00048543168931920033,-0.026279528379258267
ETHUSDT,1778342400002,2026,8.76e-05,2.1040816286887756,SHORT,-0.004217164057758404,-0.004032497798550698,-0.0035943158171431442
ETHUSDT,1779148800001,2026,0.0001,2.0421652074033614,SHORT,0.0052830293834307245,0.0009934256661582304,0.00831987943171147
ETHUSDT,1780012800000,2026,8.553e-05,2.0072923145780948,SHORT,0.0022194805774950776,0.002030184757378532,0.006533167724665301
ETHUSDT,1780185600000,2026,9.397e-05,2.445590202971609,SHORT,-0.0011740390754573513,-0.0033753435103396063,0.0022978008059380568
ETHUSDT,1780329600000,2026,9.572e-05,2.1312432312120086,SHORT,-0.0063572940854164425,-0.01394205785987736,-0.009483276635711736
ETHUSDT,1780646400004,2026,-3.129e-05,-3.607234023639112,LONG,0.011276988770471019,-0.004036952586446802,-0.03713272122720986
ETHUSDT,1780876800000,2026,-8.235e-05,-2.005558748299814,LONG,-0.0060655332486114705,-0.02424447942869361,-0.0012739005485486485
ETHUSDT,1781539200004,2026,6.867e-05,2.945492387058207,SHORT,0.00740021577885794,0.014095444388864274,0.045637766384909524
ETHUSDT,1781827200005,2026,6.551e-05,2.221578116796022,SHORT,0.00012259945896458222,0.014287217186029317,0.010876211771300217
ETHUSDT,1782230400002,2026,-3.854e-05,-2.3971409440445792,LONG,-0.0015205549333781932,0.0029199737780667575,0.005753517120481111
ETHUSDT,1782403200000,2026,-8.135e-05,-4.165763330809238,LONG,0.008279534198431974,-0.0010766471175876367,-0.007877271677066498
ETHUSDT,1782604800000,2026,-5.389e-05,-2.295918584210482,LONG,0.00021598546628826776,-0.00035584249261882853,0.005562609376377561
ETHUSDT,1783065600007,2026,0.0001,2.379567214852576,SHORT,-0.0037854861533316068,-0.009581029476325874,-0.026587571729914942
ETHUSDT,1783123200000,2026,9.748e-05,2.017950786800684,SHORT,0.006202357599687998,-0.0016993516432513727,-0.003169034734347815
ETHUSDT,1783814400000,2026,6.46e-06,-2.1129517289069693,SHORT,-0.009805091241746118,-0.00936752840434268,-0.009982277415043978
ETHUSDT,1784131200000,2026,8.736e-05,2.2333374877076277,SHORT,-0.004342169219289248,-0.001988817465734049,0.0006255767239248841
ETHUSDT,1784419200003,2026,-1.262e-05,-2.4276973700557303,LONG,-0.001134747317835119,0.0031983198534604996,0.0048685379053568754
ETHUSDT,1784793600000,2026,-3.313e-05,-2.975236780712723,LONG,-0.0012627871855246835,-0.011506957679774199,-0.021273433620215117
ETHUSDT,1785110400010,2026,0.0001,2.922192887654245,SHORT,-0.0030339985117286503,-0.005608240096567101,-0.007634251492651213
ETHUSDT,1785225600000,2026,-3.657e-05,-2.0468450183070446,LONG,-0.004421525257877374,0.004232905856425752,0.017889564750775123
ETHUSDT,1785715200000,2026,0.0001,2.3138125061885666,SHORT,0.0035460366248725055,0.010195901603620702,0.01632030195138402
ETHUSDT,1786492800001,2026,0.0001,2.4323192184325686,SHORT,-0.0012799236979732474,-0.0036548565614696374,-0.015225842683351263
ETHUSDT,1787155200004,2026,0.0001,2.216876898476352,SHORT,-0.0006413263230603053,-0.06006713903248201,-0.07427552244912212
ETHUSDT,1787846400013,2026,1.082e-05,-2.672495733494561,SHORT,0.001647410861626793,0.005656182171128778,0.014559019586782107
ETHUSDT,1788998400000,2026,-1.168e-05,-2.026540838435418,LONG,-0.00030851919152898694,0.005638036163439407,-0.020635522682129183
ETHUSDT,1789056000002,2026,-0.0001081,-5.015799984310429,LONG,0.007014829873442989,0.005260650050658716,0.004215613775748423
BNBUSDT,1672876800009,2023,-0.00042886,-12.460716267231547,LONG,0.001593625835278026,0.004773278752657812,-0.0015572082408607517
BNBUSDT,1673136000015,2023,-0.00042242,-2.390857227421976,LONG,0.0011520738601453878,0.002762750692480863,0.0027244313776253752
BNBUSDT,1673683200001,2023,0.00035334,3.346162018759321,SHORT,0.026009016671036552,0.02620519126705554,0.030497957513858084
BNBUSDT,1675324800023,2023,0.00054212,9.054650442013212,SHORT,-0.0008473038090891909,-0.004530771637374446,0.0028194225221946983
BNBUSDT,1676073600007,2023,-0.00023045,-2.5436149735275286,LONG,-0.003913388766830015,-0.00019530614299895165,0.0043843338665457785
BNBUSDT,1676188800000,2023,-0.00030295,-2.3539196107133473,LONG,0.005719686712067938,0.0033188030722601253,0.041276866118109046
BNBUSDT,1676304000002,2023,-0.00029629,-2.521903162359717,LONG,0.0021784204531990242,0.01916101122962788,0.02387727038042646
BNBUSDT,1677312000015,2023,-8.665e-05,-2.0212569612050633,LONG,-0.003452170991331166,-0.0037182168858168633,-0.012906847618157767
BNBUSDT,1677628800016,2023,-0.00025319,-4.238395157625984,LONG,0.004479327960057408,0.01662142938914357,0.007355410538973242
BNBUSDT,1677744000013,2023,-0.00023545,-2.987564542217193,LONG,-0.0007044734352636438,-0.0004360440809022462,0.004984204735265417
BNBUSDT,1678406400000,2023,-0.00027317,-2.2586350142194616,LONG,0.0036045259394142807,-0.00886615077017597,-0.016030933792697898
BNBUSDT,1678521600003,2023,-0.0006044,-5.274471876591847,LONG,0.0037108493851057147,-0.00051040870261161,-0.0027008301391526156
BNBUSDT,1679011200017,2023,-0.00117649,-7.30654371885988,LONG,0.014070400636819943,0.009291057621167303,0.015517840730310371
BNBUSDT,1680566400002,2023,-0.00067885,-2.435278773293337,LONG,-0.0012001104244439053,0.0023312298076019235,0.009035525668709443
BNBUSDT,1681459200008,2023,0.0002423,3.7207491855782067,SHORT,0.0005403782779349693,0.004602550051563696,0.011895557214126039
BNBUSDT,1681574400011,2023,0.00030622,3.689834763625148,SHORT,0.003842925349048276,0.004745751255266856,0.0008393789089265106
BNBUSDT,1681660800002,2023,0.00045468,4.293827362574018,SHORT,-0.008281858983138395,-0.006906303529101601,-0.0029697996310098403
BNBUSDT,1682121600000,2023,-0.0001808,-2.0139024699363683,LONG,0,0.00773596090980676,0.02242087350525177
BNBUSDT,1682208000009,2023,-0.00047608,-3.3222423371725105,LONG,-0.0026370444028467306,0.0018146080890370064,-0.0004541669898671552
BNBUSDT,1682553600014,2023,-0.00116648,-2.371870525137789,LONG,-0.008833926622844074,-0.0028459748692083336,-0.015222370470257162
BNBUSDT,1682668800007,2023,-0.00194664,-4.009734190522242,LONG,-0.007858648124657476,0.005349768598804036,0.01113379672518124
BNBUSDT,1682985600015,2023,-0.00149947,-2.0027486883100107,LONG,0.0014100051379691695,-0.008285510877226333,-0.00596851390313136
BNBUSDT,1685347200020,2023,5.509e-05,41.211581099880355,SHORT,-0.0004770764844078425,-0.006563638308449353,0.008498182194012946
BNBUSDT,1685894400000,2023,0.00016004,2.2746658988147983,SHORT,0.0002286871732797393,-0.0010121293124502476,0.01729833417408895
BNBUSDT,1686384000000,2023,-0.00036574,-10.143063270720246,LONG,-0.007095652737320211,-0.014072277724414823,-0.0077700468619319
BNBUSDT,1686470400000,2023,-0.00018089,-2.3689863242713756,LONG,-0.0033473898335356434,-0.003007903303646704,0.00577853433236806
BNBUSDT,1686556800000,2023,-0.00070002,-6.964121421304154,LONG,0.023006356768323567,0.01813912830559265,-0.0006975629179400984
BNBUSDT,1686729600000,2023,-0.00044698,-2.379372843181449,LONG,0.006104605483326832,0.008680785308458172,-0.05351542256144753
BNBUSDT,1687852800000,2023,7.353e-05,32.272731483119195,SHORT,-0.001634363904922782,-0.006396476584576663,-0.0010898726766270035
BNBUSDT,1688169600000,2023,5.352e-05,3.3141073507420047,SHORT,0.001975309284254698,0.007924756679348057,-0.01051026953498112
BNBUSDT,1688313600001,2023,0.00023805,5.593614686721661,SHORT,0.0032371107371995606,-0.004164121142647422,-0.011066020166064002
BNBUSDT,1688688000000,2023,-0.00046009,-7.8063933547612105,LONG,0.005401016172793374,0.001031016501674968,0.006938820832961101
BNBUSDT,1689033600000,2023,-0.00025923,-2.0439125137537504,LONG,8.168266290026633e-05,0.006878753948517929,0.0054174181901859506
BNBUSDT,1689379200000,2023,-0.00116654,-2.826868328335572,LONG,0.0008857396504676068,0.002052108154003752,0.008422960113830907
BNBUSDT,1689552000000,2023,-0.00180248,-3.936629012619948,LONG,0.0075983186843685485,0.0060750264323819565,0.006445770602557262
BNBUSDT,1691539200000,2023,0.00015375,3.8990654105274962,SHORT,0.001061701271684794,0.0011025584554048278,-0.00024484799142923154
BNBUSDT,1691712000000,2023,-0.00015036,-5.02918292620764,LONG,-0.001903737693698336,-0.004973897347112976,-0.005181680920491186
BNBUSDT,1692144000000,2023,-0.00044204,-3.51637722623161,LONG,0.0003382234843893768,-0.0019893765423239277,-0.012338481921330665
BNBUSDT,1692201600000,2023,-0.000444,-2.853386690487753,LONG,-0.000810528380870713,-0.008049022348396186,-0.015903369648689842
BNBUSDT,1692316800000,2023,-0.00074175,-4.447147817780659,LONG,-0.008013780723553656,-0.019574603124629636,-0.006819092349136514
BNBUSDT,1692633600000,2023,-0.00073843,-3.3422916621255476,LONG,0.0065053324222213785,0.011878493871886055,0.00023991746954163366
BNBUSDT,1692720000000,2023,-0.00084222,-3.3250999320650227,LONG,-0.006013013947010786,0.010580073684336373,0.031550760044987185
BNBUSDT,1695139200000,2023,2.55e-05,2.9430115979877027,SHORT,0.004600458957927059,0.004047285108943344,0.007463408826253781
BNBUSDT,1695715200000,2023,4.495e-05,9.63431107483292,SHORT,0.0005169051594147793,0.004661793576699122,0.005795205740536004
BNBUSDT,1695859200000,2023,7.853e-05,4.634369417617648,SHORT,-0.000658978607043024,0.0025930567793342484,-0.005493874311776091
BNBUSDT,1696147200000,2023,7.729e-05,3.3932280762036773,SHORT,-0.0023675242588479138,-0.004405599909893834,0.005452652446985347
BNBUSDT,1696752000001,2023,0.00010022,2.9616208383932365,SHORT,0.002175456048317153,0.006302890330115715,-0.0009443763096802353
BNBUSDT,1697500800000,2023,7.755e-05,3.1946977552033173,SHORT,-0.002566556858134398,0.0026200071130362975,0.012648575824794433
BNBUSDT,1697760000000,2023,6.957e-05,2.8013308405845985,SHORT,-0.0001896094051945148,-0.009342775456088363,-0.011875728637350792
BNBUSDT,1697904000000,2023,0.00013226,3.601189806406119,SHORT,-0.006622540760493457,-0.004901169752268882,-0.007505337890656687
BNBUSDT,1698019200000,2023,0.00016356,2.886986896711732,SHORT,-0.00301686931746787,-0.01571545265459524,-0.007570611248463084
BNBUSDT,1698105600000,2023,0.00018908,2.6379082615426896,SHORT,0.005916793697965493,0.005137404180270356,-0.0011619651426793556
BNBUSDT,1698249600001,2023,0.00028079,3.6411307681847624,SHORT,-0.001871658300395091,0.006264282867876291,-0.007952593170791618
BNBUSDT,1698883200001,2023,0.00045291,3.9560684348105464,SHORT,-0.002089955913774659,-0.00030505741852944007,-0.012302516005455087
BNBUSDT,1699315200001,2023,0.00036433,2.321789244500952,SHORT,0.001627404253035567,0.0010317051825813619,0.014702622017592376
BNBUSDT,1701648000000,2023,0.00032083,2.2002510569963225,SHORT,8.716116104185555e-05,-0.0006099155020474897,-0.007381068591601157
BNBUSDT,1701993600000,2023,0.00038437,2.36806367422635,SHORT,0.0012416245467262012,-0.010809535842918397,-0.005334256359430829
BNBUSDT,1702425600000,2023,-0.00052326,-5.144425125646581,LONG,-0.01150540016676988,-0.023307331670882458,-0.0076555397813282385
BNBUSDT,1702684800000,2023,-0.00062037,-2.1417642971332858,LONG,0.0049288272656357966,0.009348141559480036,0.007809679717574483
BNBUSDT,1703030400000,2023,-0.00128946,-4.330601564439504,LONG,-0.007050371819658036,0.0009862517319147645,0.013797647550874034
BNBUSDT,1703116800000,2023,-0.00094659,-2.366670071947099,LONG,0.001009904921724572,-0.0007386529638984697,0.05275732399176916
BNBUSDT,1703347200000,2023,-0.00101472,-2.2459103615777023,LONG,0.002667260972278529,0.004626125457611364,-0.0021166386780577104
BNBUSDT,1703779200000,2023,-0.00114629,-2.1515504907975136,LONG,0.00852046125198787,-0.01593525178832477,-0.026847043617921697
BNBUSDT,1703980800000,2023,-0.0012624,-2.3965671306687026,LONG,0.00047271639472848555,0.014458083175229917,-0.004612816621376439
BNBUSDT,1705593600000,2024,-0.00051549,-2.034528964313471,LONG,-0.00498625793839433,-0.007375591030802011,-0.0007062147186168916
BNBUSDT,1707379200000,2024,-0.00032307,-33.317241876003976,LONG,0.0014588819941843737,0.005033647351741614,0.00906756287829317
BNBUSDT,1707782400000,2024,-0.00126582,-2.834041500927671,LONG,0.0024052744930460296,-0.005164969230287128,-0.007619259332045826
BNBUSDT,1708329600000,2024,0.00035989,2.3044076248874483,SHORT,0.0008264816578295876,-0.007747027210159961,-0.004065450737247204
BNBUSDT,1708588800001,2024,-0.00107399,-2.774105801873105,LONG,0.006030432538458564,0.0029673222670785655,0.015785338532833364
BNBUSDT,1708675200000,2024,-0.00084438,-2.081678092893569,LONG,-0.001300580135817522,-0.009728869966300041,-0.003986716243821345
BNBUSDT,1708819200001,2024,-0.00096796,-2.002017817970778,LONG,-0.0015766656793949482,-0.006718065179813591,0.009382133136286414
BNBUSDT,1709193600000,2024,0.00059364,2.2285234025440994,SHORT,0.01270303016889008,0.022275986617584915,0.024486855160857576
BNBUSDT,1711440000000,2024,0.00037308,2.5516459964612586,SHORT,-0.0007378465278653178,0.004101604365022043,0.030003953394320534
BNBUSDT,1711785600000,2024,-7.709e-05,-2.1021766601126908,LONG,0.00508465782186627,0.00812308881033416,0.01057366459709478
BNBUSDT,1712275200000,2024,-0.00042037,-2.5149148954071996,LONG,-0.006623558246326572,-0.0210284306061132,-0.014257314348049466
BNBUSDT,1712476800000,2024,-0.00059616,-2.053245057851505,LONG,-0.0021983086995055402,-0.000919634254769015,-0.012090637584002348
BNBUSDT,1712995200000,2024,-0.00086248,-2.785275442930611,LONG,0.002451763642304592,8.406398955828784e-05,-0.1252550610035248
BNBUSDT,1713225600001,2024,-0.0009491,-2.146754876663555,LONG,-0.0009881785381223066,-0.015279009322261802,-0.012626709263278657
BNBUSDT,1714118400000,2024,-0.00065053,-2.203540998739943,LONG,-0.006819315272054948,-0.010786948615576409,-0.009955596623162095
BNBUSDT,1714291200000,2024,-0.00078809,-2.4709936562859185,LONG,0.0042431113205166505,0.0022652329883491094,0.010285425776479085
BNBUSDT,1715702400000,2024,-0.00129616,-6.960147900530774,LONG,-0.0018380733688068574,0.00031778539160826123,0.004791356556583191
BNBUSDT,1716825600000,2024,0.00019809,2.277588039093158,SHORT,0.0024031988809305803,0.011330728642550041,0.02585302892646643
BNBUSDT,1717200000000,2024,0.00019589,2.0957428941259737,SHORT,-0.0003699966406151469,-0.0026542147016070257,-0.0032747545912061265
BNBUSDT,1717286400000,2024,0.00036939,4.300919036586682,SHORT,-0.0025472663756047195,-0.0032903740861026922,0.0042654604392916295
BNBUSDT,1717401600000,2024,0.00028495,2.139655453302523,SHORT,-0.0036557300508657195,-0.007993444832739217,0.004308631894946527
BNBUSDT,1719907200000,2024,3.136e-05,11.078145677746248,SHORT,0.00037951973958142804,-0.0017404944984323162,0.001173526754749011
BNBUSDT,1719964800000,2024,0.00012485,19.860201025376817,SHORT,0.005030565612172794,0.021367515048214443,0.04188808312238733
BNBUSDT,1722268800001,2024,5.116e-05,22.9478440314771,SHORT,-0.0022040393153873413,-0.004264842372218293,0.00238304498793937
BNBUSDT,1722412800000,2024,2.973e-05,2.9465632262334944,SHORT,0.0023684782105030844,0.0032559714418849456,0.01983564518387879
BNBUSDT,1722931200000,2024,-0.00010267,-9.728347974885637,LONG,0.0005619205342499995,-0.011557917607149417,0.014651898282797853
BNBUSDT,1724284800000,2024,-8.055e-05,-6.66560368053724,LONG,0.0016917794148722908,0.004206530715959828,0.023393899089648673
BNBUSDT,1724371200000,2024,-0.00020609,-11.016275800445197,LONG,0.003246201381323128,-0.004562458602137153,-0.008610593808286932
BNBUSDT,1724515200000,2024,-0.00025018,-2.5145369839687324,LONG,0.0015759904591280374,0.00991128967065664,-0.007900145218505388
BNBUSDT,1726473600001,2024,-0.00014697,-207.990090149456,LONG,-0.007039385470081493,-0.004126201720725738,-0.03708252516756375
BNBUSDT,1726588800000,2024,-0.00012454,-2.9859913262325337,LONG,0.005004668065160437,-0.002530115204830017,-0.0017410591867916849
BNBUSDT,1726761600001,2024,-0.00035746,-6.680179860308037,LONG,-0.0002983267401850708,-0.006283627852882513,0.007603535989840382
BNBUSDT,1727827200000,2024,-2.629e-05,-2.016656383883948,LONG,0.007942882321919595,0.007581564954882697,-0.013379965002960542
BNBUSDT,1727971200000,2024,-0.00013994,-8.966104050845932,LONG,0.005733748553488405,0.006563341086802766,0.015205358854420986
BNBUSDT,1728432000000,2024,-0.00037285,-14.461549404982268,LONG,-0.0001554820378189861,-0.0011580577038965915,0.0021569769283635255
BNBUSDT,1729497600000,2024,0.00016124,9.034728991834037,SHORT,0.00248332926462992,0.005682909781893375,0.017213383606516988
BNBUSDT,1730246400000,2024,0.0002239,7.2823879269362335,SHORT,0.0007967995640770093,-0.00031522451712310694,0.00935248421122067
BNBUSDT,1730966400000,2024,0.00027164,5.045979840048065,SHORT,0.0007376733447661772,0.0036769994164805404,-0.006498139414154485
BNBUSDT,1731139200000,2024,0.00018785,2.156662868533271,SHORT,0.0031217094908057696,0.013347122614434144,0.020378696997551377
BNBUSDT,1731225600000,2024,0.00029165,3.3243463566220806,SHORT,-0.0023163660759359336,-0.006196449802115951,0.02335059370513856
BNBUSDT,1732348800000,2024,0.00031409,2.3277970939132913,SHORT,0.00901176722444292,0.004076670844194065,0.03079587546296587
BNBUSDT,1733097600001,2024,0.00034152,2.4868934670727043,SHORT,-0.013071095026629162,0.008283863418633977,0.03859557625133535
BNBUSDT,1733184000000,2024,0.00036686,2.5606654067785204,SHORT,0.008059174615615526,0.0007188468171741563,0.007673928014504525
BNBUSDT,1733356800001,2024,0.00042947,2.777836090478062,SHORT,0.022787842505642423,-0.010053810579215169,-0.014447309786218979
BNBUSDT,1733673600000,2024,0.00012175,-2.2040427147729713,SHORT,-0.0003109389705933386,0.00044629877061939905,0.02029708414217362
BNBUSDT,1733846400000,2024,5.529e-05,-2.1792424199922067,SHORT,0.03063246702547575,-0.008559295718967606,-0.015022757093905206
BNBUSDT,1734969600001,2024,-0.00011832,-3.224182711058334,LONG,-0.0015676854947210199,0.009557878545329582,0.012482703982641086
BNBUSDT,1735228800000,2024,-0.00031562,-4.585677104968759,LONG,-0.005730011336845528,-0.006775368305261665,-0.00741473593435426
BNBUSDT,1736208000000,2025,9.183e-05,3.033475023950175,SHORT,-0.0008939562281756097,-0.000632728594306308,0.003942929213888072
BNBUSDT,1736294400001,2025,-0.00097361,-24.055659502551013,LONG,-0.007777484612607335,-0.01616375967368944,-0.017188135579340666
BNBUSDT,1736467200000,2025,-0.00046329,-2.1159144824302345,LONG,0.0008890768033779023,0.004785846547142912,0.014950384473282266
BNBUSDT,1736784000000,2025,-0.00056181,-2.209893836128014,LONG,-0.0033811744172205886,0.013734248227808431,0.02538509196602518
BNBUSDT,1737964800000,2025,-0.00011806,-3.3634438164160656,LONG,0.008562988362675062,0.0190735841807193,0.039887959075991374
BNBUSDT,1738886400000,2025,-7.517e-05,-6.9115936233704955,LONG,0.00695950041651812,0.008269800248827376,0.015480131915940238
BNBUSDT,1739088000000,2025,-0.00035055,-13.282093286823287,LONG,-0.015276516065509319,-0.03907221392334812,-0.04685598812367477
BNBUSDT,1739462400001,2025,-0.00055066,-7.569809924197524,LONG,-0.001972239877886041,0.002787364765543482,0.013727275357904436
BNBUSDT,1739721600000,2025,-0.00035333,-2.5835361329901403,LONG,-0.0002965071479945707,0.004156656996239758,-0.008201098260220254
BNBUSDT,1740153600000,2025,-0.00040529,-2.7651566984362224,LONG,-0.015662665236104427,-0.021255260322604674,-0.001388793727939163
BNBUSDT,1740355200000,2025,-0.00052382,-3.888736914160939,LONG,-0.004813450137400278,-0.020876746185971313,-0.02258025754963009
BNBUSDT,1742342400000,2025,-0.00010693,-3.0281604567207,LONG,-0.011366327284212783,-0.008350711905299525,-0.025330157246112834
BNBUSDT,1742515200000,2025,-0.00031252,-2.992811062964776,LONG,0.0018466343977569524,0.00416601015950668,0.004974936948163389
BNBUSDT,1743523200000,2025,-0.00079717,-4.200124255029449,LONG,-0.00227833468766112,-0.0018845822216209485,-0.01725703985138373
BNBUSDT,1744646400000,2025,-0.00013678,-2.832613046130359,LONG,0.00443391380963947,0.0063281608158015324,0.00964722805686494
BNBUSDT,1744761600000,2025,-0.00022781,-4.134470044449682,LONG,0.008631905128537993,0.010520966311978424,0.007720445612485498
BNBUSDT,1744963200000,2025,-0.00022317,-3.1335823180274818,LONG,0.0005944142223030494,0.0047961722634930135,0.006806087392084331
BNBUSDT,1745049600000,2025,-0.000347,-4.3831095016307895,LONG,-0.002450505269599848,-0.007692736650562669,-0.002687423973747317
BNBUSDT,1745971200001,2025,-0.00022437,-3.2844894535682556,LONG,0.0002327978992190741,0.004215214180521765,-0.001964310126881946
BNBUSDT,1746057600000,2025,-0.0004973,-6.672265881855139,LONG,0.001415263433556875,0.0005163869685398128,0.0055330921194151695
BNBUSDT,1746374400002,2025,-0.00049565,-4.502912128864843,LONG,-0.0026230193370284463,0.0015637219761827589,0.003396280944256291
BNBUSDT,1746518400005,2025,-0.00046111,-2.891826763902572,LONG,-0.0027987047034250053,-0.0033694618114156363,0.0013045007118090179
BNBUSDT,1748764800002,2025,-2.485e-05,-3.7482596095635605,LONG,-0.0034115040616778335,-0.004967445064972138,0.006270092418251499
BNBUSDT,1749168000002,2025,-0.00017896,-21.87879299436436,LONG,-0.0009792463744896238,0.008159845289480964,0.021644244171340928
BNBUSDT,1749456000001,2025,-0.00013999,-2.814846684882237,LONG,0.003302791938779273,0.009067995046367695,0.01778244868911021
BNBUSDT,1749916800000,2025,-0.0001498,-2.3816164791118832,LONG,0.002990609851870502,-0.0007646632343313265,0.012232805508664596
BNBUSDT,1750262400001,2025,-0.00017564,-3.2003755569459114,LONG,0.0009208894256852629,0.005900824396061701,0.008149218517437433
BNBUSDT,1750521600000,2025,-0.00015072,-2.4382083520528135,LONG,-0.0025916166272946747,-0.0017059190034819257,-0.003668162286558449
BNBUSDT,1750752000000,2025,-0.00016409,-2.298933727105274,LONG,-0.0005012138878520193,0.0013144924666328415,0.008140776688803914
BNBUSDT,1752480000000,2025,9.44e-05,24.331283576387563,SHORT,0.0001276876478123441,0.0006527971168160457,0.01991641038685834
BNBUSDT,1752768000000,2025,4.682e-05,2.490726943074257,SHORT,-0.004444916225508653,-0.00032114159129363796,-0.03839698080411943
BNBUSDT,1753113600001,2025,0.00012067,3.427914286886655,SHORT,-0.0009154156626072363,0.009042104476955562,0.024931085150228797
BNBUSDT,1753200000007,2025,0.00010652,2.437516579165007,SHORT,0.0012745979589210935,-0.010807561823398686,-0.03962756201454345
BNBUSDT,1754755200007,2025,5.501e-05,2.438368548237952,SHORT,-0.0010067678013519626,-0.004293449787873805,-0.014273080698828875
BNBUSDT,1754899200000,2025,0.00014301,8.416837485627159,SHORT,0.005787572294894828,0.02307813798060784,0.010791072822194672
BNBUSDT,1755043200000,2025,0.0001441,4.614090715596866,SHORT,0.00553167114269872,-0.0022829286370429826,-0.02066592971705386
BNBUSDT,1755158400003,2025,0.00019442,3.142040519391511,SHORT,-0.00826235500302882,0.028599511986887073,0.029617799315737225
BNBUSDT,1755907200004,2025,0.00032856,4.979937031003113,SHORT,0.0023925471809629127,0.0038668678257103347,-0.0001907080321905067
BNBUSDT,1757260800000,2025,5.222e-05,2.463580924976476,SHORT,-0.0005948840151638083,-0.0014751204783481967,-0.00562578153382473
BNBUSDT,1757376000000,2025,0.00012454,6.121316613266008,SHORT,0.003176963988611605,-0.00021676259447011396,-0.0036672212387485114
BNBUSDT,1757520000000,2025,0.00010856,2.933092555925935,SHORT,0.00159149751184784,0.009575973639415187,0.0045363177639781175
BNBUSDT,1757692800005,2025,0.0001083,2.4687616852733516,SHORT,-0.008796940619570983,-0.01699868768952968,-0.018089347538802043
BNBUSDT,1758067200001,2025,0.00015544,2.242102449514231,SHORT,0.002920045041198067,0.008239707829642328,0.008334209412614115
BNBUSDT,1759132800002,2025,0.00016081,4.770243765504919,SHORT,-2.976618660628947e-05,0.006060956357364983,-0.019873831208456226
BNBUSDT,1759449600006,2025,0.00021025,5.042994048260536,SHORT,-0.0021692979432898075,-0.011873321461759713,-0.019067466725793937
BNBUSDT,1760342400002,2025,-0.00030569,-10.060557130587759,LONG,-0.013534218342552237,-0.0619648869137867,-0.06264210629257438
BNBUSDT,1760400000000,2025,-0.00027668,-4.384305717643018,LONG,-0.009161453490974044,-0.04745960130174705,-0.12416383961865739
BNBUSDT,1760486400006,2025,-0.00020435,-2.2537145040322475,LONG,-0.0024924968912637684,0.000429968833884142,-0.02579442436072587
BNBUSDT,1760976000000,2025,-0.00035218,-3.220224639521706,LONG,0.0006034561763086341,0.007353744850013188,-0.027972035810206908
BNBUSDT,1761696000004,2025,-0.00029777,-2.6769666311038183,LONG,0.003130517821288802,0.007947757094127516,0.012140522179618512
BNBUSDT,1761868800000,2025,-0.00030437,-2.8918254394191103,LONG,0.0032316172346396202,0.015708762639486923,-0.0020088600230103457
BNBUSDT,1762790400003,2025,-0.00021863,-6.872689035615791,LONG,0.006928539917921904,0.009055446072429068,0.008842958909395602
BNBUSDT,1763971200000,2025,0.00011464,2.568804307004668,SHORT,0.015998457709613185,0.021388664890595755,-0.020483186974599537
BNBUSDT,1764028800000,2025,0.00014383,3.0458927844471892,SHORT,0.00432011142070457,0.001619302434639527,0.013321198215914218
BNBUSDT,1765641600000,2025,6.184e-05,2.9584811286157673,SHORT,0.002106542762144315,0.004407628414964282,0.003289935217129148
BNBUSDT,1766188800005,2025,6.564e-05,4.206568252132262,SHORT,0.0018149994151063077,-0.0001520761319442614,0.001322867654473655
BNBUSDT,1766419200009,2025,8.095e-05,3.4447943602250057,SHORT,-0.0006683105818765712,0.013390777951678359,0.014185458309969255
BNBUSDT,1766937600000,2025,0.00010964,4.097113352434835,SHORT,-0.0025991893614773294,0.003836018031459836,-0.00534122133402984
BNBUSDT,1767398400001,2026,0.00010055,2.1999527026577996,SHORT,0.0020994940556506914,0.0026563154156133313,0.007270525089129115
BNBUSDT,1768032000002,2026,0.00012634,2.4832989997489023,SHORT,0.0032671262317358896,0.0048880340727758985,-0.0064474755909697265
BNBUSDT,1768089600003,2026,0.000134,2.452698321340966,SHORT,-0.0020051567875627434,-0.007810608692455933,-0.007843435939073558
BNBUSDT,1768320000002,2026,0.0001388,2.3052884307429453,SHORT,-0.00043434355085460196,-0.024800421548234874,-0.02594401700954082
BNBUSDT,1769328000011,2026,3.686e-05,2.195651416247788,SHORT,-0.002988044373913558,-0.0029199754881749315,0.020252401870193983
BNBUSDT,1769443200000,2026,5.329e-05,3.5460407374355363,SHORT,-0.001121268752845925,0.00019463383140890395,-0.013858557550674912
BNBUSDT,1769529600000,2026,6.294e-05,3.089508461704598,SHORT,0.008848771646749331,-0.003922622485411919,-0.004289580684095408
BNBUSDT,1773907200003,2026,-5.01e-05,-5.236882732157297,LONG,0.00605269690468577,-0.008764462011058398,-0.0035464339549949896
BNBUSDT,1773993600000,2026,-0.00012728,-9.779145405280346,LONG,-0.007097901214472109,-0.007971141145838015,-0.010126314393821376
BNBUSDT,1774195200002,2026,-7.288e-05,-2.55195669318135,LONG,0.00028556470614296504,-0.003990561509242097,-0.001556173398602914
BNBUSDT,1775030400000,2026,4.798e-05,3.376153914209767,SHORT,-0.00029225998357056924,0.001153636927334725,0.0031716368635509545
BNBUSDT,1775491200003,2026,3.249e-05,2.539550561501961,SHORT,0.0021143053796342263,-0.0014180423501747314,0.009433172014907579
BNBUSDT,1775606400000,2026,0.00010441,8.45737237461921,SHORT,0.0026082392980826654,0.004134213620171714,0.006818429611077079
BNBUSDT,1775865600000,2026,9.157e-05,3.1016398352457464,SHORT,-0.0007269843688100884,-0.0020144319346082087,-0.002970691384590258
BNBUSDT,1776124800005,2026,0.00015422,4.723806499772928,SHORT,-0.0024943563883714232,-0.003942464745140935,-0.005420949811251271
BNBUSDT,1776297600013,2026,0.00010905,2.164260265069793,SHORT,0.0013478172218327092,-3.206875541425883e-05,0.0029547337347953077
BNBUSDT,1777680000006,2026,6.706e-05,2.2681889428238033,SHORT,3.245962834008121e-05,0.0014129686869054027,-6.491609596896003e-05
BNBUSDT,1777881600000,2026,0.00011312,4.606054963958204,SHORT,-0.003922601248426566,0.009320089525604482,0.007843553339006498
BNBUSDT,1777996800000,2026,0.00010704,3.365121172456733,SHORT,0.0005241881161097847,-0.006332040596007408,-0.008318357735511102
BNBUSDT,1778083200002,2026,9.46e-05,2.017676494778472,SHORT,0.0015703424109491273,0.0012160301965653158,0.008403800250431004
BNBUSDT,1778601600000,2026,0.00015663,2.8164011747610473,SHORT,-0.007103550314157436,-0.020470347956531038,-0.04181003877577155
BNBUSDT,1779638400000,2026,9.4e-05,2.2638594213143537,SHORT,0.00083727236792831,0.002483413454198734,-0.004054644471842528
BNBUSDT,1780128000001,2026,0.00010904,2.554211128455893,SHORT,-0.002134757315043444,0.00040077483670510115,-0.06610667787418864
BNBUSDT,1780416000000,2026,0.0001285,2.501148199279411,SHORT,-0.003560674129526487,0.0037093484833137695,0.04187798368579137
BNBUSDT,1781510400013,2026,5.384e-05,2.1518579569518246,SHORT,0.002827017756330905,-0.013712419687748695,-0.005775360025628984
BNBUSDT,1781683200000,2026,5.44e-05,2.3642400691108514,SHORT,0.0017436506489331934,-0.01169488220014687,0.002475228228781833
BNBUSDT,1782518400000,2026,6.039e-05,2.4506804278093774,SHORT,0.003315290390862853,0.005561111368577468,0.006003796883168815
BNBUSDT,1782864000000,2026,8.374e-05,3.6634300425781823,SHORT,1.8242016838092768e-05,-0.006001763978277208,0.009678381844393385
BNBUSDT,1783008000000,2026,0.00010499,3.7176739180101075,SHORT,0.0020475574460386684,0.006191086440531871,0.0020653806929002362
BNBUSDT,1783094400000,2026,0.0001291,3.623050297196622,SHORT,-0.001955207020445413,-0.011308272015830886,-0.011168794706819354
BNBUSDT,1785715200000,2026,0.00015493,3.2151730362122626,SHORT,0.0010426727550733076,0.004211541723478693,-0.0032747769330817387
BNBUSDT,1787184000001,2026,0.00021922,5.456322640338876,SHORT,0.005050314628750092,0.003310892348472648,-0.022516997738213335
BNBUSDT,1787270400004,2026,0.00015178,2.752051662957073,SHORT,-0.006944051191542075,-0.005401727723742233,-0.033380067320568495
BNBUSDT,1787328000001,2026,0.00021317,3.7413549481299544,SHORT,0.0006619740306610344,0.004849905948615771,-0.0646708633747894
BNBUSDT,1788422400000,2026,6.877e-05,2.0203971895234494,SHORT,0.0006843553782256733,-0.01768682475775196,-0.032158374515807595
BNBUSDT,1788624000001,2026,0.00013707,3.0275846100184087,SHORT,-0.003276238613113097,0.004233701096423155,0.013868151699955339
XRPUSDT,1672041600000,2022,-0.00043078,-2.5050278778098516,LONG,-0.001711352385728249,0.0031298930089275656,0.05002432201346052
XRPUSDT,1672646400008,2023,-0.00040233,-2.6683249062421943,LONG,0.0049397165677134225,-0.0011658409947717173,0.02899585942194965
XRPUSDT,1674230400000,2023,-2.67e-05,-3.116269965518666e+15,LONG,-0.0020171464227399655,0.02217054315766147,0.03197694682310139
XRPUSDT,1675641600001,2023,6.447e-05,-23.719215406136872,SHORT,0.006734032181344068,0.006984313749413044,0.012506416135189288
XRPUSDT,1675987200012,2023,-0.00010542,-31.385070582082353,LONG,0.0010438414308981804,-0.0002611306973971757,-0.0018293484782789685
XRPUSDT,1676188800000,2023,-6.099e-05,-3.8828745256474715,LONG,0.005232874316658512,0.0005245213862717635,0.002619860026125545
XRPUSDT,1677283200015,2023,3.113e-05,-3.622587856916647,SHORT,-0.001322576571574451,0.0007943863783298659,-0
XRPUSDT,1677398400012,2023,-2.417e-05,-5.592580126184575,LONG,-0.00026479544706547976,-0.003713532119019497,0.00501783701736161
XRPUSDT,1677830400013,2023,4.167e-05,-2.042036295819446,SHORT,0.0019138761822841644,-0.004088870355341489,-0.012486590030495983
XRPUSDT,1678003200000,2023,3.434e-05,-2.071466927084752,SHORT,-0.000807645756648965,0.0002693602709890429,0.0072983159473115665
XRPUSDT,1678118400000,2023,-1.731e-05,-3.074213960101678,LONG,0.001356300221478279,0.006763180114393453,-0.0002714809301321637
XRPUSDT,1678406400000,2023,-4.059e-05,-3.8034624309844576,LONG,0.005688759754421768,0.007577844110569636,-0.010102474999172105
XRPUSDT,1678521600003,2023,-2.817e-05,-2.5206438986574766,LONG,0.0008249691104479758,-0.009119864231718263,-0.0008256502464357592
XRPUSDT,1678636800005,2023,-0.00014036,-4.185170121260207,LONG,0.018935142527699338,0.029517251858236185,0.04681824635097705
XRPUSDT,1679011200017,2023,-0.00010344,-2.3538766214854574,LONG,0.012337373759840784,0.013426698486295784,0.02989353027814246
XRPUSDT,1679558400001,2023,-4.151e-05,-2.490866173808958,LONG,0.004092775153752985,0.017615631663884704,0.007264504138009064
XRPUSDT,1679875200019,2023,-6.44e-05,-2.3671931515404805,LONG,-0.007848453786592768,0.01902712268643708,0.07174390485884131
XRPUSDT,1680134400000,2023,-3.291e-05,-2.006608759510856,LONG,-0.011827792069047336,-0.011827792069047336,0.009843147538181184
XRPUSDT,1680422400014,2023,-5.317e-05,-2.057429741783946,LONG,0.004086801445635412,-0.0027338427493742014,0.009510018301395504
XRPUSDT,1680566400002,2023,-5.516e-05,-2.069469054650441,LONG,0.002451482330901928,0.013812935441928244,0.022050048816252263
XRPUSDT,1680739200000,2023,-7.387e-05,-2.0042248548352766,LONG,0.002402884616310316,0.004999510463576138,-0.0016051367812285446
XRPUSDT,1681113600010,2023,-0.00017867,-3.7911219751738816,LONG,-0.0009901971301192576,-0.0015847863855716303,0.011023733682048292
XRPUSDT,1681920000000,2023,-0.00022713,-3.625033463332586,LONG,-0.002421308689010339,-0.004848494346621409,-0.0008064516566104678
XRPUSDT,1682035200009,2023,-0.00024064,-2.880014413041629,LONG,-0.004014796729233756,0.0006324444186774393,-0.013588319481226482
XRPUSDT,1682121600000,2023,-0.00021002,-2.2716649913618148,LONG,0.005134512898646849,0.009134518231992957,0.023665817520530447
XRPUSDT,1682553600014,2023,-0.00045241,-3.729161744179904,LONG,-0.012275377571110439,-0.006872879287761952,-0.019233439998938943
XRPUSDT,1683532800007,2023,-9.093e-05,-2.252428068631666,LONG,0.005773021460069149,0.007843177461025879,-0.022009785688655276
XRPUSDT,1683590400015,2023,-0.00026176,-4.503542637602093,LONG,-0.0014104374693622755,-0.0021164029063776126,0.0007044734352636159
XRPUSDT,1683676800007,2023,-0.0003641,-4.4441501912590935,LONG,0.008593712161121836,0.003492843229698169,0.005814645990856052
XRPUSDT,1686009600000,2023,-0.00010566,-11.395457698937383,LONG,-0.012037639190410175,0.003329093449665856,-0.021011674886797227
XRPUSDT,1686384000000,2023,-0.00017397,-6.495049928986985,LONG,-0.0022432965459394496,-0.006539978347999822,0.02593892285450315
XRPUSDT,1686787200000,2023,-0.00021641,-2.8548171898128536,LONG,-0.008549734073826296,0.002074259196320048,-0.005204550105534771
XRPUSDT,1686931200000,2023,-0.00023566,-2.6379427858069686,LONG,0.011986444880367835,0.017714687975454252,0.020672020084336277
XRPUSDT,1687996800000,2023,-0.0003074,-4.732669581782603,LONG,0.0045322188295565625,0.010543400519837577,0.02161205332902741
XRPUSDT,1689206400000,2023,-8.809e-05,-2.686858104060218,LONG,0.0006372809562467905,0.002546690680312557,0.00466398979862628
XRPUSDT,1689264000000,2023,-7.161e-05,-2.068524212559344,LONG,0.19551949825678364,0.28317995704231425,0.255733124351273
XRPUSDT,1689350400000,2023,0.00027435,3.0568013664658094,SHORT,0.05638967179347733,0.053148634643716226,0.03668391221067262
XRPUSDT,1690243200000,2023,2.9e-07,-2.6803701870941206,SHORT,-0.0004303852013928219,0.007489592837934093,0.011255530081310803
XRPUSDT,1690848000000,2023,-2.746e-05,-2.705637686457272,LONG,-0.0020158394155330188,-0.006783601101835571,-0.008232876717825865
XRPUSDT,1691308800001,2023,-4.66e-06,-3.426509326719958,LONG,-0.0017348793879016014,-0.006798982630030854,-0.007751363654398173
XRPUSDT,1691539200000,2023,1.191e-05,-2.222639182568149,SHORT,-0.007805222266516257,-0.006560473389445596,-0.015086995862927702
XRPUSDT,1691596800000,2023,-9.26e-06,-2.582725133620392,LONG,0,0.012354309500935178,-0.020622484465878353
XRPUSDT,1692144000000,2023,-5.006e-05,-4.408823787968791,LONG,-0.0021386863461618747,0.003936367228139221,-0.020085329536998563
XRPUSDT,1692345600000,2023,-0.00017321,-6.75194073097012,LONG,-0.008505639252133297,-0.010295082020117969,-0.012087732634637728
XRPUSDT,1692662400000,2023,-0.0001097,-2.205607045781663,LONG,-0.00019225223552433632,0.0001922152817067235,-0.003466207976486284
XRPUSDT,1692835200000,2023,-0.00015183,-2.320312651235393,LONG,-0.0013278954810953983,0.0051054285047036786,-0.007038933276609911
XRPUSDT,1693324800000,2023,-0.0002594,-4.446621929379579,LONG,0.0033321023055082346,-0.0014845057467381662,-0.011187884736624815
XRPUSDT,1693612800000,2023,-0.00014295,-2.0424599461391386,LONG,-0.00020130850596429773,0.0016090108057006858,-0.00020130850596429773
XRPUSDT,1694476800000,2023,-0.0002101,-3.3923926438521046,LONG,-0.004032691446271976,0.013883268846222338,0.012838227471983382
XRPUSDT,1695772800000,2023,-3.323e-05,-2.1947758525253263,LONG,0,0.0021936393281581494,0.006764848719108433
XRPUSDT,1696377600000,2023,-1.633e-05,-2.3362584034354956,LONG,0.013582551765868912,0.01095590860468167,0.01245769225468525
XRPUSDT,1696464000000,2023,-4.955e-05,-2.9647019640230368,LONG,-0.003590668130728596,-0.00226628992182608,-0.015589669344392777
XRPUSDT,1696867200000,2023,-0.00012776,-4.688727697623823,LONG,0.0046143125307297585,0.009008168211629003,0.0008040201438154651
XRPUSDT,1698710400001,2023,0.00015788,2.6799982760983205,SHORT,-0.0013805006506508151,0.010066034317406979,-0.03545448098440234
XRPUSDT,1698940800000,2023,0.00017218,6.253147919600512,SHORT,-0.005475828832305122,-0.010757240679496153,0.011210692162592543
XRPUSDT,1699027200000,2023,0.00019081,5.144272800961859,SHORT,0.006412913534104034,-0.006209170275644022,-0.005231334474131177
XRPUSDT,1699171200000,2023,0.00032222,9.419167052418988,SHORT,-0.010878366755010038,-0.0310397048795253,-0.048353477921556545
XRPUSDT,1699545600000,2023,0.00040147,5.621683300932424,SHORT,-0.012445144688882545,0.0004582601470253625,-0.016058518087396435
XRPUSDT,1699603200000,2023,0.00044107,4.413257128938967,SHORT,-0.004738258769376283,-0.0077833281137849805,-0.013241194906520709
XRPUSDT,1699804800001,2023,0.00034938,2.0455631684126643,SHORT,-0.000754660061473935,-0.0024129102341799006,0.012611274033735053
XRPUSDT,1701446400000,2023,0.00016933,1.705217022173712e+15,SHORT,0.002457204938540261,-0.0009811938644923221,-0.006035415107113288
XRPUSDT,1701532800000,2023,0.00018347,6.5213535054571,SHORT,-0.0016297265667113833,-0.012319818650964839,-0.0102232127704601
XRPUSDT,1701820800000,2023,0.00029533,4.7717677589886875,SHORT,0.00016034634845549166,0.001765225524569081,-0.0024021150152446183
XRPUSDT,1701936000000,2023,0.0003181,2.797554667674214,SHORT,0.00959654969599502,0.004393542294181422,-0.005309194232459246
XRPUSDT,1702108800000,2023,0.00043063,2.246482077355661,SHORT,-0.0004409495184255445,-0.007615736867413455,0.011533471038634547
XRPUSDT,1703088000000,2023,0.00024912,2.035751016098063,SHORT,-0.002580230426831939,0.004693704498054544,0.004044985694895366
XRPUSDT,1703145600000,2023,0.00022667,2.5218413926517305,SHORT,-0.0016239042217527611,-0.0058337549988713615,-0.012436565041008563
XRPUSDT,1703433600000,2023,0.00048585,2.162094811711382,SHORT,0.0017700543683323033,0.00096509578023245,0.008233156523586504
XRPUSDT,1703520000000,2023,0.0005671,2.502729857559733,SHORT,-0.0018918498469328968,-0.011765764405926454,-0.005350972792971176
XRPUSDT,1703692800000,2023,0.00065536,2.553330871754658,SHORT,-0.0025192896335107418,-0.011754700035905197,-0.03196052358415654
XRPUSDT,1704096000000,2024,0.0001,-2.336072517261997,SHORT,-0.002591934060828451,-0.005822432751433229,-0.019118583777066944
XRPUSDT,1704297600000,2024,0.0001,-2.126859499705478,SHORT,-0,-0.02235306274620172,-0.01398624197474009
XRPUSDT,1706688000000,2024,1.751e-05,-2.0288958915204002e+15,SHORT,0.007285648058530566,0.005311313754812973,0.008472122391902334
XRPUSDT,1707811200000,2024,0.00011054,2.5923824338253234e+14,SHORT,-0.003203620944033143,0.003024576974937579,0.004919593649671918
XRPUSDT,1707984000000,2024,0.0002296,68.31368557571083,SHORT,-0.008725741602232282,-0.005099264373059148,-0.022744662781563247
XRPUSDT,1708070400000,2024,0.00032969,4.592673499566432,SHORT,-0.0010602580954362905,-0.014045174703047647,-0.0003535442851036847
XRPUSDT,1708156800000,2024,0.00025595,2.068412730155714,SHORT,0.004319661144516284,0.0030578313240941647,0.010834342165710118
XRPUSDT,1708300800000,2024,0.00029723,2.281521031456333,SHORT,-0.0026740367123787704,-0.0010704728943721391,0.0019655147934085513
XRPUSDT,1708387200000,2024,0.00047974,3.7612403692890157,SHORT,-0.0005361451294543781,-0.018245125718490546,-0.019648388534271064
XRPUSDT,1709020800000,2024,0.00075385,4.531813624071711,SHORT,-0.014852201078501534,-0.0048556879866589525,-0.047183544897530336
XRPUSDT,1709136000000,2024,0.00069328,2.7061020213086566,SHORT,0.050717011049765136,0.056670451852263735,0.017409211028710077
XRPUSDT,1709193600000,2024,0.00102953,4.504778569980649,SHORT,0.003016593539425679,0.0025131955927268374,-0.014618200509554313
XRPUSDT,1709366400001,2024,0.0011,2.9398646871249583,SHORT,0.0007905763713212967,-0.023431250036032816,-0.0006320113972421436
XRPUSDT,1709625600000,2024,0.00106742,2.2466030391480527,SHORT,0.00031109037426179585,-0.01297916860451367,0.12050836340902371
XRPUSDT,1710547200000,2024,0.00013091,-2.01311426397054,SHORT,-0.007985637050639227,-0.005643532771333391,0.020648764134582234
XRPUSDT,1711641600000,2024,0.00055069,4.1560694299044085,SHORT,-0.0063201347996404145,0.0034931759877483075,0.015494280102231835
XRPUSDT,1713052800000,2024,3.758e-05,-2.0959450249610776,SHORT,-0.010504298266875975,-0.018829008152907778,-0.03159689164997634
XRPUSDT,1713139200000,2024,-4.578e-05,-3.7598353193242766,LONG,0.005606742761235872,-0.0004016870911612331,0.027529216438884632
XRPUSDT,1713225600001,2024,-4.25e-06,-2.2089997820002067,LONG,-0.0024410101624349643,-0.019696984766024227,-0.007955166889340894
XRPUSDT,1713628800000,2024,-6.592e-05,-2.193865520063989,LONG,0.014894298635769557,0.01622018196288012,0.01413586098090761
XRPUSDT,1714320000000,2024,-5.014e-05,-2.091209180878978,LONG,-0.0001925113106339907,-0.0015411291819273914,-0.023961407416265873
XRPUSDT,1715558400001,2024,-1.783e-05,-2.5086204173982596,LONG,-0.005403795797505839,-0.019144161497643614,0.01032574702615893
XRPUSDT,1715990400000,2024,-1.764e-05,-3.1313621363599387,LONG,0.0015305149343124748,0.001721664700735858,-0.0009577627396248845
XRPUSDT,1716163200000,2024,-3.294e-05,-2.817512226304877,LONG,0.00039207998933943013,0.01208356156614208,0.0031323439863162024
XRPUSDT,1716912000000,2024,0.00020504,3.5157028270703607,SHORT,0.0032230571080611964,0.0017050302510838342,-0.004155653883767608
XRPUSDT,1716998400000,2024,0.00021111,2.9497737170361233,SHORT,0.0005685587190022304,0.007989390033478976,0.000947777532799684
XRPUSDT,1717084800000,2024,0.00018489,2.7473112490539147,SHORT,-0.0007610350443415782,0.012255994085550805,0.007258866638996399
XRPUSDT,1717228800000,2024,0.00026381,4.968468333490492,SHORT,-0.002496880198587146,-0.0017292731756728993,-0.001153180984991869
XRPUSDT,1717689600000,2024,0.00028204,2.818848621383354,SHORT,-0.0011406845343310845,0.008213206326000927,0.002094640392629054
XRPUSDT,1717776000000,2024,0.00030813,2.889448600127487,SHORT,0.014313590602596089,0.03776987444466057,0.04196694266228987
XRPUSDT,1718755200001,2024,-2.935e-05,-21.13868122669917,LONG,-0.0004053506338436453,0.0010126583143861855,0.0032369034938410364
XRPUSDT,1718870400000,2024,-1.133e-05,-4.448606093354889,LONG,-0.005641763906668014,0.003209631642055199,-0.013757044800501607
XRPUSDT,1718928000000,2024,2.357e-05,-2.2084573254302806,SHORT,-0.005116147453423223,-0.006136243430895871,-0.003072828393493949
XRPUSDT,1719158400000,2024,-1.869e-05,-2.638188382670816,LONG,0.002078570692242602,-0.0020829001490093265,-0.01087876837627509
XRPUSDT,1719216000000,2024,-1.033e-05,-2.036118520784425,LONG,-0.0027348286741475294,0.0029368596733097057,-0.016735905925395055
XRPUSDT,1720051200000,2024,2.872e-05,-2.5088081411510257,SHORT,0.029911202571962538,0.01810004164361799,0.04744577678343855
XRPUSDT,1720137600000,2024,-3.882e-05,-7.245134537913595,LONG,-0.00867226811010539,-0.06358992413460607,-0.03805453226309879
XRPUSDT,1720368000000,2024,-3.164e-05,-2.1041522948370845,LONG,0.0011588829666444045,-0.004882027597308533,-0.029417346569689775
XRPUSDT,1720425600000,2024,-8.431e-05,-2.838891274184755,LONG,-0.001611975018024188,0.015298848453172378,-0.014835691666746762
XRPUSDT,1721952000000,2024,4.81e-06,-2.922908044543529,SHORT,0.007463340058085065,0.0009918995688430734,0.01096538649560217
XRPUSDT,1722556800000,2024,-6.64e-05,-3.146680104454996,LONG,-0.0017012593419365144,-0.010938410207786126,-0.026002325916393492
XRPUSDT,1722672000000,2024,-7.759e-05,-2.8708746611557245,LONG,0.0017553102628742076,-0.0012305530251066552,-0.03740928380569461
XRPUSDT,1722931200000,2024,-6.729e-05,-2.018879688066972,LONG,-0.0031840822921069194,-0.007378635530891684,0.012635903563681767
XRPUSDT,1723996800000,2024,-4.97e-05,-2.165472640050304,LONG,-0.008220422329654052,-0.0017433756158993462,-0.013326516705530228
XRPUSDT,1724572800000,2024,-8.614e-05,-3.1409275311820517,LONG,-0.001999334221482266,0.0029915262462758573,-0.0018325702754609333
XRPUSDT,1724716800001,2024,-0.00017615,-3.7049009837949995,LONG,0.0015265883721235424,0.005923686611823356,0.004572791438467587
XRPUSDT,1724832000000,2024,-0.00017728,-2.92347090079715,LONG,0.00903725302594169,0.013008595550126796,-0.0019222373765102184
XRPUSDT,1725667200000,2024,-0.0001307,-2.8203821026971725,LONG,-0.0032601428817881496,0.0021038546537924855,0.013879869180545368
XRPUSDT,1726732800000,2024,0.0001,2.199430047444025,SHORT,-0.000515862791940122,-0.009074627807038587,-0.01772975184133369
XRPUSDT,1727856000000,2024,1.329e-05,-4.00439830297972,SHORT,0.019656239741521954,0.024077263776289697,0.05207287126571672
XRPUSDT,1727971200000,2024,1.912e-05,-2.6864045276150557,SHORT,-0.011786437286360791,-0.01715043482194119,-0.021344911896296434
XRPUSDT,1728835200000,2024,-1.324e-05,-2.6240915162140883,LONG,-0.0041611559948100205,-0.003024576974937579,0.01628791975847383
XRPUSDT,1729900800000,2024,2.578e-05,-313.0485773777481,SHORT,-0.00039463299643956233,-0.013525639893887215,-0.01430415297330106
XRPUSDT,1730649600000,2024,4.917e-05,-3.5072933852461854,SHORT,-0.0042096884860330155,-0.011186692767723709,-0.016930989042371745
XRPUSDT,1731225600000,2024,0.00024198,15.746402074972934,SHORT,-0.0015383303606265426,-0.03793037340427443,0.006865801086616068
XRPUSDT,1731369600002,2024,0.00052015,7.633483857600626,SHORT,0.01695095306157142,0.011653804439480064,-0.04841709943837499
XRPUSDT,1733097600001,2024,0.00038336,2.4619238490791826,SHORT,0.007369413164347721,-0.005717239223534302,0.030999843342629035
XRPUSDT,1733356800001,2024,0.00035884,2.322906359844338,SHORT,0.050495317674289386,0.021862784246255724,-0.011741983193004905
XRPUSDT,1734566400000,2024,-0.00011513,-5.00138145128008,LONG,-0.028252669917044098,-0.002309865001695625,0.016399714965765293
XRPUSDT,1735228800000,2024,-7.299e-05,-2.4002570889887926,LONG,-0.01431366205277765,-0.01440667665613745,-0.005608694364530379
XRPUSDT,1735516800000,2024,-8.01e-06,-2.080733867507236,LONG,0.009789858036848282,-0.010943171829118033,-0.01349302767651774
XRPUSDT,1736294400001,2025,-5.632e-05,-4.375763536455467,LONG,0.006416310831239001,-0.008922665287567105,-0.007840812184235168
XRPUSDT,1736784000000,2025,1.443e-05,-2.46910382294308,SHORT,0.002940337806734647,-0.022299760724979214,-0.034586388279242604
XRPUSDT,1737129600008,2025,-2.016e-05,-3.129356922471705,LONG,-0.01711251739795579,0.007039576572323806,-0.012104055165987952
XRPUSDT,1737302400000,2025,-1.162e-05,-3.2415651209885206,LONG,0.004219348613341359,0.012008360446995534,-0.01434496757567354
XRPUSDT,1737475200000,2025,7.88e-06,-2.255884044587226,SHORT,-0.015602111164135948,-0.007534411230802283,0.002776903015106333
XRPUSDT,1737993600000,2025,-0.00010651,-4.509239689100528,LONG,-0.0037007889272015148,0.025428962322202247,0.06456631088037885
XRPUSDT,1738137600000,2025,-3.512e-05,-2.149136487448972,LONG,-0.006955818336391974,-0.01268611987964978,-0.0021301324863172797
XRPUSDT,1738368000000,2025,-5.902e-05,-2.638734969567771,LONG,0.0029539210135998027,-9.861446682223075e-05,-0.014368253541139141
XRPUSDT,1738425600000,2025,-7.514e-05,-2.5999892119191346,LONG,0.009503891533430021,-0.01389689897836358,-0.043199464163993645
XRPUSDT,1738569600000,2025,-0.00015809,-3.7309881937109086,LONG,0.00511704751331691,-0.0006785987197384264,0.12363564774865457
XRPUSDT,1738684800000,2025,-0.00010887,-2.0525378320999166,LONG,0.003127147693673914,-0.028986413472764046,-0.04368120210619068
XRPUSDT,1740009600000,2025,-0.00011896,-2.6422175414352087,LONG,-0.00680551504099269,-0.00014745456582918468,-0.010300202217259233
XRPUSDT,1740153600000,2025,-0.00010469,-2.163795350759621,LONG,-0.02333118341207464,-0.03915373921829409,-0.018202568549635197
XRPUSDT,1740528000000,2025,-0.00025255,-4.198917780954003,LONG,0.010361880884274813,0.010144380829042121,-0.013940437735858962
XRPUSDT,1741564800000,2025,-0.00016329,-2.273819070948154,LONG,0.0014779237864717568,0.013724940608996613,0.01813734797711827
XRPUSDT,1742284800000,2025,-0.00017624,-2.2445198226582623,LONG,-0.007791678727711751,-0.020617470396735185,-0.016309129103736955
XRPUSDT,1742342400000,2025,-0.00019936,-2.297094617780996,LONG,-0.00930076021047692,0,0.015555243344737705
XRPUSDT,1742716800000,2025,9.832e-05,2.1652115933038867,SHORT,0.0028036423846546925,-0.003337369081537579,-0.003212418540963689
XRPUSDT,1743033600001,2025,-0.00017691,-2.222338525657097,LONG,0.002113004209241194,0.00384234221957164,-0.011958861534709079
XRPUSDT,1743206400000,2025,-0.00018043,-2.1176017072558597,LONG,-0.006825033318001738,-0.01821227239347012,-0.04802185648221716
XRPUSDT,1743321600000,2025,-0.00026293,-3.200206822776067,LONG,-0.007501636130487657,-0.0173757531754214,-0.02711419884545621
XRPUSDT,1743638400000,2025,-0.00028827,-2.8601614468901824,LONG,-0.0034513803310150695,0.005854619359954443,-0.043642568138122666
XRPUSDT,1744041600000,2025,-0.00033013,-2.448771424308099,LONG,0.03817094528140119,0.0474384661846055,0.03989557922425307
XRPUSDT,1745164800000,2025,-0.00023819,-3.0466476561374933,LONG,-0.001992855545687461,0.010001291240131823,0.027821469303559093
XRPUSDT,1746403200000,2025,-0.00010301,-2.1728010111192084,LONG,-0.010487335098155803,-0.0010622821588734993,-0.008855975347882945
XRPUSDT,1746460800006,2025,-0.00012179,-2.2260516877961405,LONG,0.0054738259204594256,-0.0034776105351879954,-0.00465521730355642
XRPUSDT,1747555200000,2025,1.271e-05,-2.2803450285766402,SHORT,0.002007360995232342,0.0017562203970346536,0.009908553650981262
XRPUSDT,1747641600006,2025,-2.293e-05,-2.78623751100879,LONG,0.0033786742701353047,-0.002693779870162117,0.03588249281506403
XRPUSDT,1747756800000,2025,-3.841e-05,-2.673920003193202,LONG,0.006537506993476576,0.008962163093399941,0.015230448409296101
XRPUSDT,1748044800010,2025,-3.398e-05,-2.0637402509758584,LONG,0.0058551985638525105,0.018916047571158758,0.02164409700389602
XRPUSDT,1748160000000,2025,-5.948e-05,-2.4443230322324627,LONG,0.0016158972835882285,0.0067085109580254845,0.00874698237715582
XRPUSDT,1748448000002,2025,-7.08e-05,-2.0600376687342394,LONG,-0.003994147235124387,-0.0031940405115500055,0.010266894916846354
XRPUSDT,1749168000002,2025,-0.00011274,-2.6083089432141326,LONG,0.004045601767313244,0.01828843827232459,0.02644984535516649
XRPUSDT,1749801600001,2025,-7.715e-05,-2.365437882373094,LONG,-0.0015470807801978503,0.006955656734227765,0.0027133250179469577
XRPUSDT,1750723200003,2025,-5.895e-05,-2.1633432620554975,LONG,0.0015337782746998746,-0.0007910472481555556,0.013215237145394567
XRPUSDT,1751414400001,2025,-5.51e-05,-2.090370881299539,LONG,0.006907376883298904,0.009428174789865996,0.004610215163768529
XRPUSDT,1751961600003,2025,-4.276e-05,-2.493993578858474,LONG,0.0016236263083646294,0.008919261647564306,0.008135460170467764
XRPUSDT,1752796800004,2025,0.00033673,9.065974105387758,SHORT,0.015714924197638296,0.017300085200891862,0.043410345652734536
XRPUSDT,1753228800000,2025,0.00031378,3.5905842825985164,SHORT,5.680527154441205e-05,0.0023031984817913687,0.050921150197560286
XRPUSDT,1753459200000,2025,-1.445e-05,-2.071216435942086,LONG,0.0006540864281338012,0.020689388358732318,0.029272584270152786
XRPUSDT,1753747200001,2025,-1.53e-05,-2.4675429073950204,LONG,-0.0029492872567456418,-9.603534107941543e-05,0.011900735483718386
XRPUSDT,1754006400001,2025,-9.576e-05,-3.0900327188141636,LONG,-0.0003350757302493378,-0.0002680516015379771,0.0024760770195934585
XRPUSDT,1755216000000,2025,-6.53e-05,-4.5477539423238875,LONG,0.004570140034438944,0.011980445224560054,0.010824190077273131
XRPUSDT,1755475200000,2025,-5.123e-05,-3.1768066110483026,LONG,-0.013201943264827636,-0.027614517766855022,-0.03038825924811061
XRPUSDT,1757894400006,2025,-1.61e-06,-3.023083533791034,LONG,0.0016469041930574336,0.005293366077530327,-0.015079334487517011
XRPUSDT,1758124800003,2025,1.004e-05,-2.49275063442948,SHORT,0.00039735099860554774,0.002353293209142369,-0.02510756274983289
XRPUSDT,1758297600000,2025,-1.287e-05,-2.8923834837075284,LONG,-0.004463549597831403,-0.008276645832475097,-0.005866683493222659
XRPUSDT,1758556800000,2025,-3.368e-05,-2.254981100665651,LONG,0.004035447181786109,-0.001653969022028878,0.0037552468367073257
XRPUSDT,1759852800000,2025,8.38e-06,-3.968295486935714,SHORT,0.0038512963308794685,0.005939270363388264,0.00932407687512329
XRPUSDT,1760140800000,2025,0.00043589,10.673693116427025,SHORT,0.022263190267896103,-0.023623145763435893,-0.024932957256004765
XRPUSDT,1761868800000,2025,-6.577e-05,-2.7330441408996142,LONG,0.008994105114274299,0.013260220168981162,0.018946831945074957
XRPUSDT,1762156800010,2025,-3.84e-05,-2.042583286115207,LONG,-0.004409691811610165,-0.0034095667126185693,-0.05284344670687661
XRPUSDT,1762358400004,2025,-8.535e-05,-2.554548484600815,LONG,8.756184060574933e-05,0.03222472335044823,0.033453406907205156
XRPUSDT,1762473600005,2025,-9.59e-05,-2.4603732134494023,LONG,-0.0005861004202853635,0.0006758431400101853,-0.023208610376887116
XRPUSDT,1763078400000,2025,-0.00015148,-2.790788205440095,LONG,0.004259024256300223,-0.0030969905454107083,-0.004889771803478887
XRPUSDT,1764518400004,2025,-0.00014202,-2.2960143223348695,LONG,-0.004082749274917264,-0.0064948564860820325,-0.08500087979377671
XRPUSDT,1765440000000,2025,-0.00014002,-2.329210428800618,LONG,0.0003480595714225812,-0.0022902673690353226,0.006147763537335282
XRPUSDT,1765584000001,2025,-0.0001526,-2.1778984415130442,LONG,-0.0007461387666776827,0.010781508986461475,0.009846446539827578
XRPUSDT,1765843200002,2025,-0.00029486,-3.5143597803451607,LONG,-0.003521130398578825,-0.003200514813915141,0.02954277341447408
XRPUSDT,1767052800005,2025,-0.00014646,-3.0287698568370867,LONG,-0.002055832795052683,0.004959846277454137,0.006732944020551695
XRPUSDT,1767225600008,2026,-0.00019048,-2.918942598745057,LONG,-0.0021169773138919865,-0.007838907859605924,0.0040045510520745845
XRPUSDT,1768176000005,2026,-0.00011215,-2.8758925088760487,LONG,0.004467978876613623,0.017035858276545916,-0.002973508735069249
XRPUSDT,1768809600007,2026,-0.00012712,-2.155920994086908,LONG,0.0007577480092812759,-0.003543769212612554,0.011406299079074958
XRPUSDT,1769385600000,2026,-0.00014795,-2.670576634396618,LONG,0.01692323363792848,0.014211259414540881,0.025015304767886583
XRPUSDT,1769731200008,2026,-0.00012739,-2.5640323217523076,LONG,-0.023816681858022708,-0.019779259183303925,-0.020574081525590374
XRPUSDT,1770364800001,2026,-0.00033516,-3.864303467021094,LONG,0.020758833864464935,0.0588558667892282,0.10625139799740725
XRPUSDT,1771804800001,2026,-0.00020927,-2.3717430277076517,LONG,-0.02404211667884256,-0.019247022453255647,0.03480052914941705
XRPUSDT,1772236800000,2026,-0.00021992,-2.4238269829790315,LONG,-0.0030159278441562586,-0.0062626839430262315,-0.050308025049212717
XRPUSDT,1773302400000,2026,-0.00021619,-2.1536638237486265,LONG,0.0013042534998635412,0.00592787104177226,-0.0058902835468193524
XRPUSDT,1774540800000,2026,-0.00014672,-2.475911035319181,LONG,-0.004864754931972696,-0.0012507819016526025,0.002056707056713712
XRPUSDT,1775145600001,2026,-0.00028988,-3.4388866414037986,LONG,-0.0043050496993712025,0.010378603538802716,0.011971624926324236
XRPUSDT,1776931200000,2026,-7.586e-05,-3.034522600297028,LONG,-0.002401470288176405,0.00021161781900991402,0.010386787183912175
XRPUSDT,1777161600003,2026,-7.642e-05,-2.5781024788085585,LONG,-0.0011273164020612308,0.0009150097418274638,0.002812743574414739
XRPUSDT,1777824000000,2026,8.31e-05,2.4780106489214964,SHORT,-0.0004303852013928219,0.0010049530671345235,-0.015519639466889933
XRPUSDT,1779465600001,2026,-0.00010492,-2.088082124812414,LONG,-0.0010345083313807774,-0.009573001755325983,-0.013832302048451968
XRPUSDT,1779724800001,2026,8.078e-05,2.3594263028471105,SHORT,0.0011753472299949447,0.0061860422615555265,0.012931055418359686
XRPUSDT,1779955200000,2026,-0.00011609,-2.2446598488696,LONG,0.003177927722022828,0.004724479221123404,0.024387711732866784
XRPUSDT,1780300800001,2026,0.0001,2.1422635655842224,SHORT,-0.0012278414557691205,0.0003071960703061263,0.002999194773276105
XRPUSDT,1780444800013,2026,-0.00015745,-3.3018995813615266,LONG,-0.0004905166874021579,-0.004669651708252672,0.00951729638778541
XRPUSDT,1780588800003,2026,-0.00013728,-2.4058952860582705,LONG,-0.00017105713349948313,0.004947971193622537,-0.019168260859050747
XRPUSDT,1780819200000,2026,-0.000159,-2.25109824839814,LONG,-0.008260557385109528,-0.02801254421028703,-0.020294608361367983
XRPUSDT,1781280000000,2026,5.45e-05,2.1299494089736557,SHORT,0.0031762864184208183,0.0025578845258390193,0.0022929721661282165
XRPUSDT,1781568000000,2026,7.603e-05,2.986563132162237,SHORT,0.004874095758245407,0.009935744249666532,-0.007910284204455893
XRPUSDT,1781827200005,2026,6.346e-05,2.381269997255163,SHORT,-0.002087683430483895,0.018987912244691454,0.015709656528884362
XRPUSDT,1782172800003,2026,-0.00011229,-2.2943189669633965,LONG,-0.0021250229353146333,-0.012101945171989726,-0.027165595365323373
XRPUSDT,1782345600000,2026,-0.0001523,-3.1168784710381647,LONG,0.0013034169986076598,0.005852044010366345,0.0007450177286307051
XRPUSDT,1782403200000,2026,-0.00012131,-2.009167121107431,LONG,0.014840785055140023,0.002617929453676742,-0.0022355065926540386
XRPUSDT,1782489600000,2026,-0.00015255,-2.457321368656307,LONG,0.0026781460292444764,0,0.01454743981436147
XRPUSDT,1783670400005,2026,7.73e-05,2.2210994885999797,SHORT,-0.0034132791604385595,0.004057166454242503,0.00713353514902978
XRPUSDT,1783958400004,2026,-6.04e-05,-2.405272238272642,LONG,-0.008934928945220352,-0.00563381771825602,-0.0002809383358834496
XRPUSDT,1784678400000,2026,0.0001,2.408642407853406,SHORT,0.0013106734367890143,0.003323715121352317,0.00797794964810109
XRPUSDT,1785139200000,2026,9.741e-05,2.5999667593914477,SHORT,-0.0013553198370103484,0.0013571592221083312,0.014113596440596404
XRPUSDT,1786752000003,2026,-0.00018934,-4.202518322705612,LONG,0.00139916073195358,0.004689457334140524,0.002397364049016857
XRPUSDT,1786924800001,2026,-0.00011978,-2.1377238595480064,LONG,0.005323168297206987,0.008623336300661555,0.004220687604230213
XRPUSDT,1787875200026,2026,-1.394e-05,-2.0818947042249394,LONG,0.0019337022600005313,-0.017925501771150744,-0.016659500758059123
XRPUSDT,1788134400002,2026,-5.466e-05,-2.6864750899889174,LONG,-0.01588097046629382,-0.009942269915409852,-0.0022008665622136533
XRPUSDT,1788969600002,2026,-4.865e-05,-2.084417065141351,LONG,-0.00021100756188717072,-0.01352376613630565,-0.023986061496845273
SOLUSDT,1671868800007,2022,-0.00121249,-5.479298177844663,LONG,-0.0018702414499849889,0.0035527171216496413,0.019385574908180967
SOLUSDT,1672358400000,2022,-0.00277763,-6.921552704027931,LONG,-0.02419142161853024,-0.02585289655940926,-0.039982599425931464
SOLUSDT,1672732800018,2023,-0.0032206,-2.9107159640198614,LONG,0.005013393684498275,0.005352376738591839,0.10456797065219754
SOLUSDT,1675036800001,2023,0.00050275,9.761042467927156,SHORT,0.021130392646023993,0.02996029959587454,0.08617731539030427
SOLUSDT,1675324800023,2023,0.00026236,2.007734331926002,SHORT,-0.0035988522527995257,-0.005672300900266288,-0.0063492276786587445
SOLUSDT,1675584000009,2023,-8.182e-05,-2.560335283350711,LONG,-0.00357223890929556,-0.0343143332070247,-0.04759406037543696
SOLUSDT,1675929600006,2023,-0.00018909,-3.135483707081072,LONG,-0.0011816452500774419,-0.00429561456534463,-0.05895846917745023
SOLUSDT,1676016000005,2023,-0.0001841,-2.585032194221025,LONG,-0.0033338126795944487,-0.024742537762059043,-0.011813514722979309
SOLUSDT,1676131200021,2023,-0.00029396,-2.7508286813260834,LONG,-0.0008843905651853535,0.0023545581367496286,0.01646328158631941
SOLUSDT,1677283200015,2023,-3.219e-05,-3.339782217567467,LONG,0.004099692871256462,-0.005028839661093188,-0.029178334088191718
SOLUSDT,1677369600007,2023,-4.144e-05,-4.206468874663812,LONG,0.00420845893343108,0.0099107954079704,0.014299003065822425
SOLUSDT,1677772800000,2023,-8.101e-05,-3.0874882743045657,LONG,0.0023901463851564737,0.013892920649534905,-0.030463951756593357
SOLUSDT,1678147200009,2023,-9.6e-05,-2.654980460196833,LONG,0.009093610115776071,0.011354150241035374,-0.006141268022082354
SOLUSDT,1678348800013,2023,-0.00015189,-2.1302188903401618,LONG,-0.0012996157133265847,-0.009296829403892785,-0.0951965437480232
SOLUSDT,1678406400000,2023,-0.00018592,-2.296838783402193,LONG,0.012410215499851435,-0.0019365634995019492,-0.00694202105449107
SOLUSDT,1678464000005,2023,-0.00019429,-2.1370117550951275,LONG,-0.001358542040715143,0.0021472574221956344,0.02237480073746298
SOLUSDT,1679126400000,2023,0.00027581,2.0939697076559396,SHORT,-0.011741464369708448,-0.015281925638500346,-0.0010442442664193462
SOLUSDT,1679529600016,2023,-8.698e-05,-2.053901114931327,LONG,-0.009912001292798872,-0.005578095884803098,0.011664514066212512
SOLUSDT,1679961600007,2023,-0.00017394,-2.966299142307215,LONG,0.0036959260358716156,0.006773860700850174,0.015551786799882545
SOLUSDT,1680048000010,2023,-0.00016763,-2.6358436179618865,LONG,0.010223700263001562,0.017476547926517053,0.03229796788356498
SOLUSDT,1681632000007,2023,0.00025575,4.081861204824286,SHORT,0.00850436533725995,0.006102608416444529,-0.0431640659744843
SOLUSDT,1681689600017,2023,0.0002925,3.866920731281013,SHORT,-0.021801396556289716,-0.029445944437766394,-0.020462497403766287
SOLUSDT,1681920000000,2023,-5.574e-05,-2.633148071741776,LONG,-0.005028483787900599,-0.013683174531462443,-0.02456400901072795
SOLUSDT,1682035200009,2023,-3.575e-05,-2.074143763337901,LONG,-0.008085934177885288,-0.007905534592314984,-0.010569734312271692
SOLUSDT,1682553600014,2023,-0.00012155,-2.165521286391009,LONG,-0.018399783118841766,-0.003378535834791238,-0.02011899456383262
SOLUSDT,1683446400000,2023,-2.12e-05,-2.0321005139486132,LONG,0.0006825472928963765,0.00712101886567662,0.024727028565159983
SOLUSDT,1683532800007,2023,-7.742e-05,-3.2228554036275097,LONG,0.009022475528260918,0.006574148112877459,-0.026737503511814906
SOLUSDT,1683590400015,2023,-0.00019637,-5.137567712925495,LONG,0.008817032218583872,0.0007782480085394073,0.01640884265812895
SOLUSDT,1684454400000,2023,-9.122e-05,-2.0468014188031094,LONG,-0.0019164154166289552,0.0017167386190545491,0.004652879705651858
SOLUSDT,1686009600000,2023,-7.522e-05,-4.3096513287938495e+15,LONG,-0.010683969994303407,0.0014025950303212238,-0.025229124224734337
SOLUSDT,1686182400006,2023,-2.973e-05,-3.195794376879113,LONG,0.006178119352806666,-0.006055265936478869,0.0066558644052886525
SOLUSDT,1686384000000,2023,-0.00018689,-4.460507701281428,LONG,-0.009775381623461032,-0.02275232228796253,0.03778286099910716
SOLUSDT,1688745600000,2023,-0.00022841,-8.918819942196913,LONG,-0.009880901762957252,-0.008846094521038957,0.007104248299228802
SOLUSDT,1688860800000,2023,-0.00011345,-2.653269213580656,LONG,-0.002417939543408308,-0.015521274078292952,-0.009201044519005648
SOLUSDT,1689033600000,2023,-0.00013561,-2.4664120140168695,LONG,0.017819812266355657,0.02407184384801783,0.04241681637899437
SOLUSDT,1689264000000,2023,-0.00021919,-3.0158740862938966,LONG,0.02674727659972724,0.01096472048998329,0.1300627663286393
SOLUSDT,1689321600000,2023,0.00029523,2.8968422034390864,SHORT,0.033210809952493585,0.056428028781582644,0.10897364754137738
SOLUSDT,1690243200000,2023,2.921e-05,-2.0448872904968245,SHORT,0.0007733952434996037,0.0030110139748016867,0.00962396569919862
SOLUSDT,1690358400001,2023,-1.83e-06,-2.2715384810240593,LONG,-0.0010629026744190747,0.03568751662074662,0.06943187481484961
SOLUSDT,1690790400000,2023,-2.568e-05,-2.519446422673202,LONG,-0.004121361392375766,0.0039827736951803935,-0.03560628958636099
SOLUSDT,1691020800000,2023,-2.37e-05,-2.1327727980167235,LONG,0.008864085577357742,0.0006912940435162322,-0.020611183332732538
SOLUSDT,1691078400001,2023,-3.185e-05,-2.113419120187473,LONG,-8.756184060582143e-05,0.004629840111209346,-0.00035029337427981943
SOLUSDT,1691280000000,2023,-3.498e-05,-2.1058490264769474,LONG,-0.0021613046809528425,0.009733930497706114,0.015390300275676977
SOLUSDT,1692230400000,2023,6.9e-07,-3.4726910392443067,SHORT,-0.002196525206411774,-0.002067451311427602,-0.0011634672632978276
SOLUSDT,1692316800000,2023,-0.00029147,-12.59350886842887,LONG,-0.008596696594048884,-0.019447547604372888,-0.004426300320322357
SOLUSDT,1692979200000,2023,-0.00018382,-2.0154322330958134,LONG,-0.0016258964486355182,-0.0012314969168025866,0.002114633554968448
SOLUSDT,1693267200000,2023,8.373e-05,2.1245428794693435,SHORT,-0.0011637493433848565,0.008526862392608872,0.017176415040623
SOLUSDT,1693324800000,2023,-0.00040362,-4.388590663651969,LONG,-0.0007377692039350412,0.0007832838421993768,-0.0003227070539496992
SOLUSDT,1694246400000,2023,-0.00021188,-2.5483200401246617,LONG,0.002512370896199479,0.0014364133183363055,-0.003187991182142626
SOLUSDT,1695139200000,2023,0.0001,2.1879438376435276,SHORT,0.00690624304402873,0.006705389415434785,0.009118299649614756
SOLUSDT,1695312000000,2023,0.0001,2.4473742691934124,SHORT,-0.0038321074920945547,-0.00281164717597796,-0.006938095375682559
SOLUSDT,1695859200000,2023,-0.00025005,-2.679564879208746,LONG,-0.00010363768275406993,-0.0036337249285228676,-0.006863230808656941
SOLUSDT,1696089600000,2023,-0.00033235,-4.198598534472913,LONG,-0.0019082642918106171,-0.008264316909449268,-0.01188095737963779
SOLUSDT,1697270400000,2023,-0.0003452,-3.6581141254383285,LONG,-0.004164975009903561,-0.010171272358561027,-0.00884861133702018
SOLUSDT,1697788800005,2023,-0.00060231,-6.413943875219458,LONG,-0.001449841329081624,-0.005699931609847701,-0.005737293138685689
SOLUSDT,1698825600000,2023,-4.06e-05,-3.1465479285652194,LONG,0.01571878060896646,0.018675326664730853,0.08914828214070229
SOLUSDT,1699718400000,2023,0.00030654,2.0216254865672387,SHORT,0.03795231849298885,0.059868752331936,0.06198295466177717
SOLUSDT,1699833600000,2023,0.00050694,4.211306559103441,SHORT,-0.02123134475525098,0.005379024380458993,-0.000780944983071351
SOLUSDT,1699920000000,2023,0.00047225,2.75689710806537,SHORT,-0.023303405323377383,-0.026920179268925943,-0.005829930195608132
SOLUSDT,1701504000000,2023,0.00030174,4.961928199240221e+15,SHORT,-0.004429454205580066,-0.005329052659822855,-0.0200251204003652
SOLUSDT,1701590400000,2023,0.00020381,2.680920066228583,SHORT,-0.0008335496326676419,0.01408619052680461,0.008580217131990973
SOLUSDT,1701676800000,2023,0.00053853,10.098635037044156,SHORT,0.016000090353922556,0.0388877516757148,0.041203973545885286
SOLUSDT,1701849600000,2023,0.00045867,3.6312407643115927,SHORT,0.01116989989111814,0.041922908011015815,0.03680716321854299
SOLUSDT,1701964800000,2023,0.00036868,2.0946171689722193,SHORT,-0.005615617679933383,0.00019681612138967435,-0.08293341744476398
SOLUSDT,1703059200000,2023,0.00028564,2.068171336157311,SHORT,-0.02059499751268026,-0.008063246692792589,-0.043595580844176265
SOLUSDT,1703203200000,2023,0.00031152,3.200482951425156,SHORT,-0.04054271152643339,-0.05035583399526597,-0.003802568657268047
SOLUSDT,1703376000000,2023,0.00034505,2.6510410780353517,SHORT,-0.023999635046950872,-0.048908521577612565,-0.03204137078320032
SOLUSDT,1703520000000,2023,0.00063964,5.588133412499431,SHORT,-0.011178292956413139,0.021393971974587957,0.015419433287848429
SOLUSDT,1703692800000,2023,0.00067699,3.9039744549469066,SHORT,-0.024277167879012785,-0.041116160774011166,0.00867065698539752
SOLUSDT,1704211200000,2024,0.00096801,2.8634474870851543,SHORT,0.02228420140613541,0.02836064534096634,0.019643685110520726
SOLUSDT,1706284800000,2024,7.999e-05,-4.9215913188657e+14,SHORT,-0.0003649870148082997,0.010068013889079564,0.005534036518024889
SOLUSDT,1706400000000,2024,8.902e-05,-2.8711784447075397,SHORT,-0.0017478422865929038,-0.03386350569586572,-0.04329535939373892
SOLUSDT,1706515200001,2024,3.929e-05,-4.158921950450965,SHORT,-0.0024609377364489668,0.0008044637857914452,-0.042438040948640725
SOLUSDT,1706601600000,2024,4.333e-05,-2.9837717954236838,SHORT,0.00017416545762459994,-0.01160052254158307,-0.014989789933784177
SOLUSDT,1707465600000,2024,3.075e-05,-3.562993526774291,SHORT,0.009282411742770637,0.004966397397398147,0.010128825708727886
SOLUSDT,1707811200000,2024,0.00014166,3.070015586000145,SHORT,-0.0009151802890104131,0.009347786549851005,0.01837513750180314
SOLUSDT,1707926400000,2024,0.00029225,11.309872759154015,SHORT,0.0024549401824824927,-0.0010060752309358604,-0.0011779526483850606
SOLUSDT,1708041600000,2024,0.00022371,2.860332781041614,SHORT,-0.0011546582040613948,-6.173302233598027e-05,0.0025608660887281244
SOLUSDT,1708156800000,2024,0.00042046,4.975932986034913,SHORT,0.005573292026785808,0.0030486293346793833,0.008694309856862663
SOLUSDT,1708387200000,2024,0.0004747,3.2950644028969234,SHORT,0.008925839359703569,0.003551727404155886,0.014823299372339394
SOLUSDT,1708848000000,2024,0.00041614,2.050691665229453,SHORT,0.0010142384329552092,-0.004890936254590447,-0.011118172406382508
SOLUSDT,1708992000000,2024,0.00060184,2.8256434386826457,SHORT,-8.118237625267474e-05,0.012745849097896899,0.006743052852211521
SOLUSDT,1709136000000,2024,0.00078549,3.2683724170427917,SHORT,0.013002756893129762,0.034620843278618404,-0.0558850362624736
SOLUSDT,1709625600000,2024,0.00119261,3.2697975271317494,SHORT,0.00018413804267258436,-0.01561217480606568,0.09666208171215365
SOLUSDT,1710547200000,2024,0.00014955,-2.0841389182512753,SHORT,-0.022870569408710167,-0.03655867038990266,-0.05254517129836465
SOLUSDT,1711411200000,2024,0.00039207,3.492203534671575,SHORT,-0.005319652243437755,-0.026355753036275315,-0.03007651545897626
SOLUSDT,1711526400001,2024,0.0004048,2.7927385446960526,SHORT,-0.005310223594213571,-0.011292092377873694,-0.0006747656794907389
SOLUSDT,1711612800000,2024,0.00039989,2.5793772709336253,SHORT,-0.002806742288455622,0.014608464929726436,-0.0032489125525180726
SOLUSDT,1713168000001,2024,-7.58e-06,-2.0663776196458867,LONG,0.004361389797265584,-0.015734481145362147,-0.11874656873968475
SOLUSDT,1714723200000,2024,-5.326e-05,-2.402543787572465,LONG,0.008228231764011851,0.03218309617207448,0.04543843248518068
SOLUSDT,1714780800000,2024,-8.768e-05,-3.1489439787605398,LONG,-0.004813252667359635,0.008608652090753982,0.02614769750888297
SOLUSDT,1716912000000,2024,0.00014129,2.535888762693056,SHORT,-0.0008860472100449681,-0.01729683627028909,-0.0310823362512518
SOLUSDT,1717200000000,2024,0.00016081,3.1144235497989903,SHORT,-0.000994554000581661,-0.0034766201135537815,-0.0004914093358790529
SOLUSDT,1717286400000,2024,0.00016684,2.879376518113088,SHORT,0.001913336656086898,0.005064214472626319,0.010892986369696388
SOLUSDT,1717516800000,2024,0.00016338,2.0322588532962578,SHORT,0.0013933334800295943,-0.00037751876244698594,-0.02198134360799377
SOLUSDT,1718553600000,2024,3.192e-05,-2.9852902889785646,SHORT,0.0023573526173648303,-0.004402594809554417,-0.0012406112949538046
SOLUSDT,1718697600000,2024,-8.849e-05,-13.366541588771957,LONG,-0.00904517480533374,-0.017974393693940063,-0.012563426609616787
SOLUSDT,1718870400000,2024,1.175e-05,-2.002642797624565,SHORT,0.0019862424724880604,-0.004539693789427222,0.02473240783204686
SOLUSDT,1719043200000,2024,-2.362e-05,-2.1025562042037587,LONG,0.0041143119618063315,0.002312657228293236,0.0022008775087440204
SOLUSDT,1720137600000,2024,-9.47e-06,-3.0262436816391185,LONG,0.0003345327270332532,-0.024002664223564323,0.0016793137420832863
SOLUSDT,1720195200000,2024,-0.0001139,-7.824639843628309,LONG,0.002717413152139227,0.00587103243109075,-0.0070356360575644684
SOLUSDT,1720281600000,2024,-0.00012992,-4.672811808284399,LONG,-0.000505649946514188,0.00014041295473000978,-0.02111630266953307
SOLUSDT,1720425600000,2024,-5.629e-05,-2.0952108864893932,LONG,-0.005755144447101628,0.0003416953818944912,-0.01325206184870804
SOLUSDT,1722384000000,2024,3.184e-05,-2.1703370237555943,SHORT,-0.00352513819124539,0.008727999280668811,-0.002929279392146726
SOLUSDT,1722729600000,2024,-1.748e-05,-4.063411915577286,LONG,0.000145807513511386,-0.007429537526799713,0.005663893721019473
SOLUSDT,1722844800000,2024,-7.57e-06,-2.724171553381033,LONG,-0.007327379071761824,-0.0776671805372447,0.08744446312122996
SOLUSDT,1722931200000,2024,-5.258e-05,-3.598366567061706,LONG,0.009860499214671081,0.002419821910576773,0.06911072815446519
SOLUSDT,1723248000000,2024,-6.621e-05,-2.2180626043804246,LONG,-0.0015901954248846108,-0.008464814746618731,-0.0025416425699888723
SOLUSDT,1723996800000,2024,-0.00010289,-2.929889160755223,LONG,-0.010535836337724465,0.004081122126649618,-0.020051039831068585
SOLUSDT,1724544000000,2024,9.763e-05,2.2650438119582295,SHORT,0.004259635569023519,0.00042829790032919803,0.006722714394876589
SOLUSDT,1724918400001,2024,-8.639e-05,-2.7806011489963955,LONG,0.0011370254574899138,0.0024653622381574656,-0.03411246527833349
SOLUSDT,1726531200001,2024,0.0001,2.299819562173547,SHORT,0.0010340193248884041,-0.004605610478203191,-0.012900067842023159
SOLUSDT,1726732800000,2024,8.771e-05,2.005691747226028,SHORT,-0.0013213809268237378,-0.015038093049100231,-0.036953248888958304
SOLUSDT,1726790400000,2024,0.0001,2.188056032437788,SHORT,-0.002487852745071595,-0.04391501655527055,-0.0592085807742487
SOLUSDT,1727971200000,2024,-3.81e-06,-2.0434549858936997,LONG,0.00673383329528513,0.007741478983495354,0.019631200135596247
SOLUSDT,1728662400001,2024,-6.334e-05,-2.109792603800851,LONG,0.007643875664786746,0.009384830339348395,0.004517638513623845
SOLUSDT,1729872000000,2024,3.16e-05,-2.166221980105305,SHORT,0.023541576821877498,0.028496662928202944,0.03227421201630584
SOLUSDT,1730044800000,2024,-1.684e-05,-4.126155263791197,LONG,-0.0029486837355931304,0.0011883542693784915,-0.0080728124605491
SOLUSDT,1730131200000,2024,2.332e-05,-2.0125231071454657,SHORT,-0.005510920950739164,-0.014799001626047553,-0.04617719004209114
SOLUSDT,1730822400001,2024,7.17e-06,-2.3289234041882323,SHORT,0.010684436257578225,0.01014449563792722,-0.09426793082850429
SOLUSDT,1731225600000,2024,0.00019071,3.5916713911638776,SHORT,9.738520726394946e-05,-0.0012651454171549188,0.01303620519731999
SOLUSDT,1731369600002,2024,0.00035969,2.915117068601568,SHORT,0.006820998661944996,0.009013581305361411,0.053188929981000305
SOLUSDT,1731830400000,2024,0.00044518,2.192849174500121,SHORT,-0.0015534146751634823,0.012812827250960848,0.00818466367055173
SOLUSDT,1732233600000,2024,0.00043945,2.174279766302632,SHORT,-0.0023923925520020427,-0.024705062867079148,-0.021212916639192763
SOLUSDT,1733097600001,2024,0.00037518,2.5971079357743014,SHORT,-0.012169507069926495,0.02440037572765943,0.05658339801116997
SOLUSDT,1733328000000,2024,0.00036215,2.091221864343751,SHORT,-0.014589176458454079,-0.03047248702116439,-0.048092213396178876
SOLUSDT,1734537600000,2024,6.23e-06,-2.941571165139291,SHORT,-0.0023580009538669462,0.04279511668885817,0.04062335357083104
SOLUSDT,1735920000000,2025,-7.967e-05,-2.0691014376160917,LONG,-0.0015178348474352362,-0.007797580284569004,-0.003545205029937314
SOLUSDT,1736985600000,2025,0.0001,2.173182868953637,SHORT,0.0023988457884306404,0.013438879062570352,-0.050532651154903116
SOLUSDT,1737331200000,2025,-0.0007115,-13.30770608032118,LONG,0.024604781123400383,0.03136072855016895,0.07057038811486316
SOLUSDT,1738569600000,2025,-0.00012368,-2.0046611008205484,LONG,-0.007291805955782671,-0.002151199354476645,0.07873126306541665
SOLUSDT,1741132800000,2025,-0.00014911,-2.4499207206701685,LONG,0.014858289038969389,-0.0069491031756900405,0.025620294407491175
SOLUSDT,1743004800001,2025,-0.00012817,-2.1780655453645705,LONG,-0.010102553811269016,-0.010175083276395994,0.0012915263329310977
SOLUSDT,1743292800000,2025,-0.00025778,-3.796152795092092,LONG,0.004643723316794688,0.012124261144325597,0.0028048261365995887
SOLUSDT,1743724800000,2025,-0.00033632,-2.672153957531061,LONG,-0.009358820475436316,-0.008575564702396262,-0.0031964089242368494
SOLUSDT,1745078400000,2025,-0.00013071,-2.094759013143117,LONG,0.006649345112181497,0.005568224966516568,0.022940074059512074
SOLUSDT,1745280000008,2025,-0.00025936,-2.698568442545077,LONG,0.01361846472810307,0.011890229257980155,0.03038481189414451
SOLUSDT,1747440000000,2025,-4.807e-05,-2.885129986690272,LONG,-0.010129111080551041,0.012341051491644871,0.0028154689577909986
SOLUSDT,1747641600006,2025,-0.00013744,-4.208117150764253,LONG,0.0008670878779357295,-0.003600252181797723,0.02719967207979317
SOLUSDT,1748448000002,2025,-0.00013891,-2.4569430855133985,LONG,-0.0012292564547297443,-0.0013464073452103776,0.005483941168922328
SOLUSDT,1749427200000,2025,0.0001,2.1787720635549213,SHORT,0.0028273681589375383,0.00996411952341204,-0.02162913531580233
SOLUSDT,1749801600001,2025,-9.27e-05,-2.243981911617081,LONG,-0.00041462235408443117,0.00220842049728475,0.01685317685679411
SOLUSDT,1750492800005,2025,-7.613e-05,-2.169845168636689,LONG,0.001623434272203893,0.000635570799262902,-0.02286467140829457
SOLUSDT,1750953600007,2025,-6.184e-05,-2.075811098144284,LONG,-0.004368049780135223,0.0045590119293814095,-0.0069131200828673085
SOLUSDT,1751097600002,2025,0.0001,2.0855466255097324,SHORT,-0.005451833048234383,-0.00034161172743638936,-0.024902592643038093
SOLUSDT,1751385600000,2025,-7.235e-05,-2.3396685344618766,LONG,-0.002837072964836279,-0.012830697726828627,0.005314688415498081
SOLUSDT,1751673600004,2025,-0.00015145,-3.1342341491006285,LONG,-0.0006074719231051244,-0.007042282625412811,-0.00020244964134340406
SOLUSDT,1753747200001,2025,-3.47e-06,-11.635515891174956,LONG,-0.0058725231198209285,0.0031688820704487987,0.005783832351112099
SOLUSDT,1753891200008,2025,-1.266e-05,-3.242463034432856,LONG,0.0038563691776769067,-0.014041452116383702,0.012078180949803553
SOLUSDT,1754035200003,2025,-1.44e-05,-2.153536978962736,LONG,-0.001612855401745986,0.008321493573687192,-0.023247733569400197
SOLUSDT,1754092800004,2025,-3.851e-05,-2.4569882387667668,LONG,0.0007896735414153452,0.0030943810147478017,-0.0016420864264563198
SOLUSDT,1754179200000,2025,-0.00010062,-3.49065205770363,LONG,-0.0008777430030618345,0.004813863192469757,0.013136375673029818
SOLUSDT,1755158400003,2025,0.00025876,3.7168006821400414,SHORT,-0.009631677852640248,0.045788042771733185,0.05747924209986604
SOLUSDT,1755504000001,2025,-5.077e-05,-2.166339932463514,LONG,0.0020451600418204025,0.012973630376966175,0.011990023740287199
SOLUSDT,1756512000000,2025,-1.362e-05,-3.088362533629034,LONG,-0.018769486206878114,-0.0015140787771189947,-0.021657934430241617
SOLUSDT,1756569600003,2025,-3.14e-05,-3.2318608515848894,LONG,0.0027425283339579977,0.001496856880623159,0.02011881704594527
SOLUSDT,1757577600000,2025,-1.99e-05,-2.130525405921004,LONG,0.004243066728983677,0.014353569244156076,0.008911920671230205
SOLUSDT,1758355200000,2025,-6.98e-05,-2.7031325701091253,LONG,-0.0016436627870734753,0.0004210171837196947,0.008971301890696276
SOLUSDT,1758556800000,2025,-0.00010344,-3.0945887137445465,LONG,0.00599211925008789,-0.001275684714437974,-0.01805575893155035
SOLUSDT,1758758400000,2025,-0.0001284,-3.1559621228848647,LONG,-0.01179884236329364,-0.03071675230064356,-0.059227673224446095
SOLUSDT,1759132800002,2025,0.0001,2.0233879191245068,SHORT,0.0032141257191813577,0.017246387707221117,-0.026001275693706555
SOLUSDT,1759219200005,2025,-0.00016084,-2.8846016609374243,LONG,-0.009093610115775877,-0.007831044998803244,0.010013258894973124
SOLUSDT,1760140800000,2025,-0.00302761,-51.48587750130218,LONG,-0.026509853138814557,-0.01098293968403352,-0.027111883641632473
SOLUSDT,1761696000004,2025,-0.0001386,-2.888641238099262,LONG,0.0020118136315302446,0.0039681569243493215,0.031212822031068066
SOLUSDT,1761840000001,2025,-0.00016797,-3.0031626567327554,LONG,-0.008187211942712548,-0.016771424966185815,0.0072097589825569535
SOLUSDT,1762156800010,2025,-0.00017049,-2.264024935167363,LONG,-0.004109594824919466,-0.0006837607104005313,-0.06622597735629356
SOLUSDT,1762848000000,2025,-0.00020845,-2.5516897093909203,LONG,0.00012203307111367409,-0.0038516845221298703,-0.04454607105395174
SOLUSDT,1763078400000,2025,-0.00019091,-2.1995616657893295,LONG,0.0027895966203706807,-0.009684286212660164,-0.03207540992014206
SOLUSDT,1764086400007,2025,-0.00018105,-3.0521105152785513,LONG,0.006158377234538499,0.012351700976538139,0.01438348456498152
SOLUSDT,1764316800000,2025,-0.00015136,-2.0460845053064407,LONG,0.0013428038344069772,-0.0048917186623079825,-0.025789394882914176
SOLUSDT,1765440000000,2025,-0.00016369,-3.620540384373207,LONG,-0.0011456942249967322,0.0011443831117311865,0.03775163693784313
SOLUSDT,1765843200002,2025,-0.00012962,-2.02633694871271,LONG,0.0013468015503787952,-0.0006344171505411027,0.019081101860652355
SOLUSDT,1766016000005,2025,-0.00017374,-2.4919486245702216,LONG,-0.0021868554456936505,-8.09094219462485e-05,0.0021820835425181494
SOLUSDT,1767801600001,2026,-4.471e-05,-2.2516462428519155,LONG,-0.0009589496548677947,0.0008107013009888613,0.014493007302567043
SOLUSDT,1768003200000,2026,-9.725e-05,-3.766173836749122,LONG,0.0041885647451467755,-0.00014728625109485533,0.005434396865538253
SOLUSDT,1768723200000,2026,-9.483e-05,-2.461429448953706,LONG,0.0006320446855305416,-0.0013356298776506757,0.00028095806885658253
SOLUSDT,1768924800009,2026,-6.674e-05,-2.0108228103352928,LONG,-0.0006301197435964494,0.0060446861446405535,0.005418364977998407
SOLUSDT,1769385600000,2026,-0.00020746,-4.009142990799851,LONG,0.022740468083534696,0.024455944548837413,0.025271804918804684
SOLUSDT,1769731200008,2026,-0.000182,-2.843913871568836,LONG,-0.020543074917810142,-0.017594755057508335,-0.011379801949722174
SOLUSDT,1769846400001,2026,-0.00019176,-2.5569522167588405,LONG,0.0065574005461590396,-0.003468612565403633,-0.12594253247170129
SOLUSDT,1770192000007,2026,-0.00047041,-2.6901378621133434,LONG,-0.005854877800624412,-0.012677314848470372,-0.04664682572719524
SOLUSDT,1770364800001,2026,-0.00043701,-2.047891548396482,LONG,0.028093488748662066,0.03496468142700657,0.09488415056306425
SOLUSDT,1771833600000,2026,-0.00053535,-7.002619763005469,LONG,0.021498093638028872,0.024602722024326052,-0.005479465764625484
SOLUSDT,1774512000001,2026,-0.00019611,-2.519183734265882,LONG,-0.008594421328197665,-0.014746183722672931,-0.02890143474945707
SOLUSDT,1778371200003,2026,-5.236e-05,-2.022151293889822,LONG,-0.0007530525878974013,0.0032209604827639817,0.0027920980338191144
SOLUSDT,1778572800008,2026,-6.049e-05,-2.0291857319904163,LONG,0.0015679718886917418,-0.004508526640914337,-0.009354211883638617
SOLUSDT,1778688000001,2026,-0.00012043,-3.2407806848487484,LONG,0.0003303419068746931,0.004066609989563922,-0.00408321485485875
SOLUSDT,1778947200005,2026,-0.00015361,-2.5983581451232705,LONG,0.00196157681313414,0.0005773338882144565,0.0025377796524698646
SOLUSDT,1779552000003,2026,-0.00028322,-3.776829142054889,LONG,0.0013077336465140057,0.03472205722445175,0.02142014343360949
SOLUSDT,1780444800013,2026,-0.00019668,-3.242051710625679,LONG,-0.0013379718346009917,-0.01021376974856928,0.004668853942246665
SOLUSDT,1780560000000,2026,-0.00018206,-2.3492521263695556,LONG,-0.005072107098749938,0.012497469273993134,-0.005944200177278118
SOLUSDT,1780646400004,2026,-0.00025721,-2.9652235234925604,LONG,0.018973021131155225,0.008088559932732033,-0.010164880376618588
SOLUSDT,1780819200000,2026,-0.00023704,-2.1310099622380294,LONG,-0.014824142484607644,-0.025660161825887075,-0.019763186326412212
SOLUSDT,1781827200005,2026,0.0001,3.9007586455052934,SHORT,-0.0020045825727486376,0.021294351374400812,0.01720317091637093
SOLUSDT,1782230400002,2026,-0.00020855,-3.874027719836151,LONG,-0.0017446936673387538,0.0020316361653560868,0.010117155236376654
SOLUSDT,1783929600001,2026,-5.873e-05,-2.3140420032966524,LONG,-0.001435375727619436,-0.011409211688579128,-0.025622109505972032
SOLUSDT,1784592000001,2026,0.0001,2.223036848636023,SHORT,0.003463984475998253,-0,-0.005237286033885145
SOLUSDT,1784793600000,2026,-0.00010642,-3.1530566106730724,LONG,0.00038742171337571174,-0.006739268637903686,-0.017328294961070613
SOLUSDT,1784908800008,2026,-9.588e-05,-2.482600400414019,LONG,0.0018939399600707832,-0.0016262369758295169,0.005805727507116344
SOLUSDT,1785225600000,2026,-0.00013328,-2.8687701561969123,LONG,-0.0015013993129529169,0.0001363791342039961,0.009366796237870878
SOLUSDT,1786464000000,2026,-5.533e-05,-2.1596642164627298,LONG,0.003066464638731755,0.014844540316673314,0.018259305914871522
SOLUSDT,1786550400000,2026,-5.256e-05,-2.115925734191172,LONG,0.002771730145100492,0.0031670651967012613,0.005798645662756941
SOLUSDT,1786752000003,2026,-0.00010912,-2.4591711430690584,LONG,0.0007962840500377833,0.002386952466027357,0.0006636140664270326
SOLUSDT,1787875200026,2026,-9.83e-06,-3.0274291861875415,LONG,-0.01152883417274132,-0.021597910480324466,-0.03975272076069628
SOLUSDT,1788019200002,2026,-3.437e-05,-2.507765176374489,LONG,-9.543350677665557e-05,0.003429554661858593,0.0026684472138335264
SOLUSDT,1788134400002,2026,-0.00012421,-3.1595366095645723,LONG,-0.0059942202768631415,-0.006585761258324143,0.006250630762305865
DOGEUSDT,1672444800014,2022,-0.00016427,-3.071070194902637,LONG,-0.0033756544860198824,-0.0010261673553121173,0.02859813610585983
DOGEUSDT,1673683200001,2023,0.0008242,1.7812176077573944e+16,SHORT,0.058969415201882563,0.05527383413946095,0.05665807706438052
DOGEUSDT,1673769600002,2023,0.00048349,2.6954637301227127,SHORT,-0.013485495852570096,-0.01467018974779362,-0.029128272923023637
DOGEUSDT,1675324800023,2023,0.00049987,7.1353265053316965,SHORT,-0.0026622666275453307,-0.005741642567675183,0.0069552471278738
DOGEUSDT,1675987200012,2023,-4.123e-05,-2.1248430422696183,LONG,0.005631059070931146,0.0004909180265505915,0.000122752102283741
DOGEUSDT,1676966400004,2023,0.00019514,2.5813641216962036,SHORT,-0.004265381992801614,-0.0013853615699867617,0.005793087687717859
DOGEUSDT,1677283200015,2023,-4.172e-05,-5.342503458952,LONG,0.001720324828308005,0.000491823445300776,-0.0027093612632802114
DOGEUSDT,1677369600007,2023,-1.032e-05,-3.1653986809537322,LONG,0.002973979887126478,0.006432481358166029,0.006185841820598147
DOGEUSDT,1677772800000,2023,-8.02e-05,-3.285264408708229,LONG,0.0024987519248210357,0.0077258951271294415,-0.054101970157445986
DOGEUSDT,1678406400000,2023,-0.00023731,-6.647653263439164,LONG,0.00839763695208657,0.007180536543208452,-0.013273848236990585
DOGEUSDT,1678838400011,2023,0.00035006,4.336995896071133,SHORT,-0.007866182818138091,-0.01051870426726906,0.02055515237457404
DOGEUSDT,1679788800000,2023,-4.361e-05,-11.204614878962913,LONG,0.0016229378731305688,0.007819913113531614,0.011840827256322704
DOGEUSDT,1679904000009,2023,-1.88e-06,-3.122033279477083,LONG,-0.000680225861205894,0.019661285105167115,-0.014796817441439462
DOGEUSDT,1679961600007,2023,-2.343e-05,-3.2329131149167454,LONG,0.0028967535257004135,0.0012424934296739246,0.0006904647101626764
DOGEUSDT,1680883200000,2023,4.62e-06,-2.799925384179748,SHORT,-0.0008525668867921979,0.003417554894737615,-0.014755952305628716
DOGEUSDT,1681056000010,2023,9.8e-06,-2.1339476922589586,SHORT,0.004462946916770864,0.0009632752099457451,0.001324742772168132
DOGEUSDT,1681459200008,2023,0.00020602,4.004009767779387,SHORT,0.0005553396044316641,0.014427359793197555,0.01769957709940086
DOGEUSDT,1681689600017,2023,0.00025175,3.8607293155930664,SHORT,-0.004958315319423386,-0.010339494223940243,-0.06526549361168565
DOGEUSDT,1681747200000,2023,0.00029736,4.109605067357142,SHORT,-0.006598506290692589,-0.013480394830957086,-0.01977450133948958
DOGEUSDT,1682035200009,2023,-1.631e-05,-2.589491830159864,LONG,-0.008214820885580797,-0.0042775730623665804,-0.004515753365981497
DOGEUSDT,1682121600000,2023,-8.628e-05,-3.386489597650582,LONG,0.007894107712058342,0.009668056479338575,0.011944233486353331
DOGEUSDT,1682553600014,2023,-7.997e-05,-2.2073069841604114,LONG,-0.006761012357661175,0.0018699749885941269,-0.009402689470976455
DOGEUSDT,1683388800000,2023,-8.183e-05,-4.7027529005113395,LONG,0.0006509993068919062,0.0024715459735744484,-0.0013032713952079906
DOGEUSDT,1683590400015,2023,-0.00019397,-6.047938967883334,LONG,0.0026230428513690364,0.0041385077690858935,0.01127159699871317
DOGEUSDT,1684713600028,2023,-5.303e-05,-5.419832819378187,LONG,-0.0002814919089663441,0.006732143237990833,0.02624968437591365
DOGEUSDT,1684915200025,2023,3.66e-06,-2.225078352746221,SHORT,0.0009836296725063342,0.0009836296725063342,0.0029537963666356106
DOGEUSDT,1686009600000,2023,-0.00020041,-82.33610427982312,LONG,-0.003616095548031805,0.003153392507214485,-0.004371097471401025
DOGEUSDT,1686153600000,2023,-6.802e-05,-2.0723777264410397,LONG,0.004143856751063565,-0.0016326534238853348,0.004734437013319816
DOGEUSDT,1686412800000,2023,-0.00030659,-5.022906906261637,LONG,0.025928888376890502,0.011987991501033394,0.022219505847674178
DOGEUSDT,1687824000000,2023,-0.00013867,-6.317376115916203,LONG,0.005246925617635494,0.0073994479739665905,0.013524103468980852
DOGEUSDT,1687996800000,2023,-0.00032377,-7.910106706302858,LONG,-0.00015985932413562875,0.0025542798050967007,0.016958961007645098
DOGEUSDT,1689206400000,2023,-0.00013033,-2.4000481332898573,LONG,0.0016976622643545662,-0.00015447594067961152,0.006773424911317071
DOGEUSDT,1690243200000,2023,2.033e-05,-3.444028911187533,SHORT,-0.008277750871239886,-0.024892057089061694,-0.03218850639780257
DOGEUSDT,1690761600000,2023,-3.474e-05,-3.9333541497400395,LONG,0.00012729934458050943,-0.0026770364639447505,0.01352995287054104
DOGEUSDT,1690848000000,2023,-2.36e-06,-2.1747778181540496,LONG,-0.010171979806976341,-0.027139236237338826,-0.013672339898785158
DOGEUSDT,1692057600001,2023,5.154e-05,-2.699872635509448,SHORT,-0.0006691201320241941,0.0037553692202951633,0.010090902981962831
DOGEUSDT,1692144000000,2023,-0.00025536,-26.365353294194804,LONG,0.0008440006127681627,-0.0008447135515656546,-0.023205539827698893
DOGEUSDT,1692316800000,2023,-0.0002732,-5.023192765767262,LONG,-0.00605814378414647,-0.004909190026238408,0.0213186368361069
DOGEUSDT,1693324800000,2023,-0.00010604,-2.0612292905761667,LONG,-0.0026917916657114146,-0.0062921555908892444,-0.01960551410777339
DOGEUSDT,1693699200000,2023,-9.4e-05,-2.079972047625424,LONG,-0.0020493425632204833,-0.0007877117382492058,-0.004893845113282113
DOGEUSDT,1694188800000,2023,-0.00010399,-2.3853138818045934,LONG,0.0017470027471904427,0.00823180206386768,0.00949224023294535
DOGEUSDT,1694304000000,2023,-0.00013621,-2.9227160181511125,LONG,-0.0003163055537996449,-0.025301589883267007,-0.022224913502774356
DOGEUSDT,1696118400000,2023,-3.393e-05,-2.7937013462815656,LONG,0.00016127731669510494,-0.0006453694964236418,0.012024192966801812
DOGEUSDT,1696377600000,2023,-4.853e-05,-2.8965886343346736,LONG,0.003957136243667876,0.0032987000058881636,0.008554090653117876
DOGEUSDT,1696435200000,2023,-9.377e-05,-3.484982779298818,LONG,-0.0004920856328282325,0.0019659246174408593,0.002129577346715376
DOGEUSDT,1696867200000,2023,-0.00032408,-7.099265085176377,LONG,0.0051255878488123355,0.006658155198590308,0.008018468280317105
DOGEUSDT,1698566400000,2023,0.00018542,4.530057611783872,SHORT,0.0018839220121623294,-0.0043340142963283045,-0.010513526667445186
DOGEUSDT,1698710400001,2023,0.00036905,11.66601400981503,SHORT,-0.0035798706520939467,0.008354989541133723,0.00258546538738087
DOGEUSDT,1698883200001,2023,0.00031721,4.002644545806045,SHORT,-0.002453988961566787,0.0008675535535461366,-0.0030305240020390934
DOGEUSDT,1699718400000,2023,0.00037359,3.4932217888004353,SHORT,0.012259347933252618,0.0007462686913505606,0.038400460320296266
DOGEUSDT,1699862400000,2023,0.00035859,3.0074684478616813,SHORT,-0.00948968393598251,-0.004627852455461216,0.015975403068677233
DOGEUSDT,1700121600000,2023,0.0003502,2.2657338361199293,SHORT,-0.02374448507105551,-0.02149532755661543,-0.017233067123775408
DOGEUSDT,1701590400000,2023,0.00020393,25.14149166542007,SHORT,-0.0007051357678468076,0.010637140836087765,0.0015295020335693971
DOGEUSDT,1701676800000,2023,0.00032177,11.471843857910946,SHORT,0.017709434259296896,0.027080092723463345,0.011771374124397911
DOGEUSDT,1701907200000,2023,0.00023156,2.7021399926381804,SHORT,-0.008694806872684003,-0.013219236184594496,0.007618090586773654
DOGEUSDT,1701964800000,2023,0.00024177,2.5242555043666575,SHORT,0.005777977279888459,0.04341881326877419,-0.0014392929389149627
DOGEUSDT,1702080000000,2023,0.00032603,2.4341728921037133,SHORT,-0.004097566708796885,-0.011759696236507647,0.001565404878908518
DOGEUSDT,1703116800000,2023,0.00024142,2.702757144252703,SHORT,0.0027359798188747488,-0.004035562001899503,-0.010653432642591694
DOGEUSDT,1703433600000,2023,0.00045794,2.641933767440133,SHORT,0.0019218455626986459,0.00599124505295613,0.014612917167866425
DOGEUSDT,1703548800000,2023,0.00053714,2.7496063346325603,SHORT,0.002025479078484933,-0.00010649060230501857,0.00587451622648555
DOGEUSDT,1703750400000,2023,0.00056982,2.2128184534381914,SHORT,-0.004501615318956808,0.008739333822845636,0.012974557615604974
DOGEUSDT,1704211200000,2024,0.00069049,2.499258164978712,SHORT,0.0031568088045661126,0.013458269765950267,0.004793559674629072
DOGEUSDT,1707811200000,2024,0.00018857,2.178437496811274e+15,SHORT,-0.0018095185587727316,0.0070277764105663365,0.019138756907574345
DOGEUSDT,1707926400000,2024,0.00038729,12.51172048024739,SHORT,-0.018123090040696878,-0.02758633023945529,-0.03523145029771104
DOGEUSDT,1708358400000,2024,0.00043884,3.243549054959243,SHORT,-0.015923903356722925,-0.027367986518105705,-0.014907815208337321
DOGEUSDT,1708848000000,2024,0.0004009,2.158526321365139,SHORT,-0.0033652483166225215,-0.0026699185864403814,-0.0033652483166225215
DOGEUSDT,1708905600000,2024,0.00054579,3.545077483677585,SHORT,0.005593768227585092,0.0059444198587858205,0.015222776396988697
DOGEUSDT,1709020800000,2024,0.00065997,3.6830356070242387,SHORT,-0.03369970768598216,-0.022451231658910435,-0.06376787071106295
DOGEUSDT,1709136000000,2024,0.00060162,2.3981148491025612,SHORT,0.08043566807379894,0.03617433937537872,-0.07709822903387657
DOGEUSDT,1709193600000,2024,0.00078836,3.349370231270731,SHORT,-0.002355158884199336,0.004805997038628542,0.003779829683316544
DOGEUSDT,1709366400001,2024,0.00087727,2.4304918850506154,SHORT,0.033052306645538126,0.025921902439856415,0.04832193741698743
DOGEUSDT,1709625600000,2024,0.00102757,2.710611406737195,SHORT,0.01046081206199088,-0.02929113930819881,0.27970628818875415
DOGEUSDT,1710489600000,2024,0.00012373,-2.0055796242574955,SHORT,-0.012122117946578002,-0.01565601914129344,0.006116612694842747
DOGEUSDT,1711411200000,2024,0.00034626,2.5416318600458574,SHORT,-0.0073913502637420305,-0.01801547166476731,-0.04674394262018846
DOGEUSDT,1711468800000,2024,0.00034912,2.349078106452361,SHORT,-0.010927839271212785,-0.01618012826347181,-0.04593801988815061
DOGEUSDT,1711814400000,2024,0.00062265,2.0176243919884493,SHORT,0.0025401582578863475,-0.0005967477426081563,-0.015057923180367024
DOGEUSDT,1711929600000,2024,0.00079016,2.8461724186870794,SHORT,0.007431226858330533,0.015196461163079437,0.04448292334067357
DOGEUSDT,1713168000001,2024,3.119e-05,-2.173232402604158,SHORT,-0.001640290759925021,0.011927111633651693,0.04019644286842016
DOGEUSDT,1713254400000,2024,-2.532e-05,-2.9281616106529573,LONG,-0.0021827061371627195,-0.0055302050787255485,-0.011999369831638426
DOGEUSDT,1713398400000,2024,-5.707e-05,-2.3532361593210593,LONG,0.005906531310052495,0.009622626259067225,-0.003205458840143965
DOGEUSDT,1714089600001,2024,-5.713e-05,-2.2937322414998063,LONG,0.0010015692086888534,0.004399420507393896,-0.003278801157483815
DOGEUSDT,1714521600000,2024,-7.32e-05,-3.4484186729855484,LONG,-0.004118998958631829,0.00811194319762894,-0.039357740124971244
DOGEUSDT,1714608000000,2024,-7.76e-05,-2.9301676225414157,LONG,-0.015016483863172444,-0.019885781051443438,0.02861093631645372
DOGEUSDT,1714723200000,2024,-6.276e-05,-2.118631944045002,LONG,0.005648668757033341,0.03685037183420586,0.08419396770805093
DOGEUSDT,1715731200000,2024,-2.39e-05,-2.0025190326711337,LONG,0.0024672755988174454,0.0002744425403160657,0.04179592481719675
DOGEUSDT,1716163200000,2024,-2.545e-05,-2.184704128613932,LONG,0.0012024852808439537,0.019133954586543718,0.009579636856813595
DOGEUSDT,1716451200000,2024,0.00016781,2.2467304540043194,SHORT,0.005041724862424421,0.016357690821608185,0.058621002670986196
DOGEUSDT,1716969600000,2024,0.00023355,4.187185075401787,SHORT,0.006119562252471059,0.0049654940343644045,0.006605884450505859
DOGEUSDT,1717315200000,2024,0.00018313,2.0366834625338717,SHORT,0.006434947446370515,0.0013844316603020678,0.015015963075136604
DOGEUSDT,1717401600000,2024,0.00024883,3.9381853223054137,SHORT,0.0006178560591980296,-0.0040683037065277075,0.017068875124861566
DOGEUSDT,1717574400000,2024,0.00028729,3.7721094417966903,SHORT,0.001042017931178799,0.0044822473961513955,-0.003913181392189047
DOGEUSDT,1718553600000,2024,-2.872e-05,-4.973994822823326,LONG,-0.005205862840309183,-0.004911853282880899,-0.010291181681568546
DOGEUSDT,1718668800000,2024,1.334e-05,-2.3048513039191785,SHORT,0.06612294464161589,0.040164748357916856,0.05480823649499503
DOGEUSDT,1718841600000,2024,-3.3e-05,-2.1573965623987577,LONG,0.002857028187225909,0.009923621375794113,0.023669266038441866
DOGEUSDT,1719676800000,2024,-8.573e-05,-2.630454646597558,LONG,-0.00048772558274575296,-0.005786723022646059,-0.01944836254620456
DOGEUSDT,1720108800000,2024,-5.403e-05,-2.9872912342347875,LONG,-0.004145370037338623,-0.0026694911604553785,-0.12082129237831483
DOGEUSDT,1721894400000,2024,3.18e-05,-2.225196172230415,SHORT,-0.006015176335527702,0.0077526028282584045,0.00597064868752507
DOGEUSDT,1722124800000,2024,4.735e-05,-2.1602942086022505,SHORT,0.00505051578606848,0.017090485261000342,-0.0009155413777536561
DOGEUSDT,1722182400001,2024,3.24e-05,-2.7584214643852465,SHORT,-0.0030852319112105826,0.0006954909286953089,-0.03320090715712404
DOGEUSDT,1722384000000,2024,-5.528e-05,-6.01597319964083,LONG,0.0009545021405563445,-0.010801401171176766,-0.00031836994856618576
DOGEUSDT,1722499200000,2024,-2.265e-05,-2.7445061609244754,LONG,-0.003723166506629003,-0.0009088280875066877,-0.034616579103659256
DOGEUSDT,1722556800000,2024,-4.257e-05,-2.8187473612227603,LONG,-0.004669137053396476,-0.004328827368301708,-0.004158715944909363
DOGEUSDT,1722816000000,2024,-7.356e-05,-2.890645465925437,LONG,-0.05658223175047289,-0.06351842516009863,-0.16942286250661354
DOGEUSDT,1722931200000,2024,-9.648e-05,-2.690602303655524,LONG,0.0015503077881574602,-0.017634932933191145,0.0001034286601738949
DOGEUSDT,1723305600000,2024,-8.405e-05,-2.195997005228928,LONG,0.006556154416171635,0.0017144494150878298,0.033281721870632004
DOGEUSDT,1723766400000,2024,-0.00015554,-3.1709094096404775,LONG,-0.0012988961210696843,0.01161476302164719,-0.00943024645001612
DOGEUSDT,1724803200000,2024,-0.00012923,-3.1637673464946223,LONG,0.0043595141787936935,0.006683569183326772,0.02468765621883195
DOGEUSDT,1724918400001,2024,-0.00013335,-2.7092079047045483,LONG,-0.0005971932097462744,0.006941029354234542,-0.011609417819926129
DOGEUSDT,1725235200001,2024,-0.00017853,-3.188721867645551,LONG,-0.0011521341939560727,-0.015294850131600292,0.017947470693722625
DOGEUSDT,1726531200001,2024,-8.579e-05,-2.0303370410311623,LONG,0.0028297138639365956,0.014268730829903408,0.019542637277538157
DOGEUSDT,1727769600000,2024,-3.42e-05,-5.8311591779489556,LONG,0.0006779086777708998,-0.003566579867672618,-0.10275496351426268
DOGEUSDT,1727827200000,2024,-2.23e-06,-2.7587995838790635,LONG,0.0061253091746301565,0.0027888834660847422,-0.026411646534848267
DOGEUSDT,1728057600001,2024,-3.692e-05,-3.248627542810826,LONG,-0.004133945531728226,0.00858060946992432,-0.008007774393830453
DOGEUSDT,1728432000000,2024,-5.59e-05,-2.894405042649247,LONG,0.008862687257845324,0.004902650770906923,0.023099102185088448
DOGEUSDT,1729872000000,2024,2.071e-05,-14.349135228514395,SHORT,0.015012298944718318,0.007514954691900952,0.018071888660304763
DOGEUSDT,1730736000000,2024,1.267e-05,-5.1049710615876815,SHORT,-0.013389482201217683,-0.011159684825901258,-0.044218991486121385
DOGEUSDT,1731225600000,2024,0.00016856,3.872313493198553,SHORT,-0.021316880534129425,-0.0722963181424127,-0.1211115985468836
DOGEUSDT,1731369600002,2024,0.00026371,2.2868282289765505,SHORT,0.02622882555536638,-0.07257891986804399,-0.014429871941317956
DOGEUSDT,1731772800000,2024,0.00034555,2.165622245117201,SHORT,-0.01402251953435243,0.0035707022606212635,0.03527888282886353
DOGEUSDT,1731916800000,2024,0.00040828,2.1990908842890478,SHORT,0.01127111858405924,0.030709265437147734,0.009227008135884828
DOGEUSDT,1732003200000,2024,0.0004184,2.040001466597006,SHORT,0.0008323796131415326,-0.019415085732596336,-0.017347360641411513
DOGEUSDT,1732348800000,2024,0.00063331,3.784537813736405,SHORT,-0.00854060877527154,-0.014898535294891326,0.08054822504521222
DOGEUSDT,1733097600001,2024,0.00055902,2.5018607928079155,SHORT,-0.00940082663997848,0.015518525030399088,0.08371447315104645
DOGEUSDT,1733212800000,2024,0.00051503,2.028872395569443,SHORT,0.00313153904391747,0.011256974392668038,0.015417297738468356
DOGEUSDT,1733385600000,2024,0.00070264,3.6933573528268653,SHORT,-0.009203878305246162,-0.025983096550631076,0.011250003856217147
DOGEUSDT,1733616000000,2024,0.00066812,2.391998431868964,SHORT,-0.013638555631851934,-0.0411702787851433,-0.011298815835291425
DOGEUSDT,1734566400000,2024,-0.00010401,-4.666553521138069,LONG,-0.02485712708979244,-0.005183441262145846,0.0008566967955668442
DOGEUSDT,1734652800000,2024,-0.0001805,-6.159322986546547,LONG,0.002617468297245985,0.02175167165772083,-0.07811618115738865
DOGEUSDT,1734710400014,2024,-6.54e-05,-2.173578120394212,LONG,0.01515669131052781,0.006510039023649219,0.06427447328244143
DOGEUSDT,1734768000000,2024,-0.00011222,-2.6679927666168366,LONG,-0.004492131560235566,-0.046473679652677534,-0.049598440490527876
DOGEUSDT,1736150400001,2025,-1.32e-05,-2.1615409131649828,LONG,0.007969622346799996,0.006437930306797137,0.015541598414401973
DOGEUSDT,1736294400001,2025,-0.00017755,-8.455961648950677,LONG,-0.01032799563798143,-0.010185009807633592,-0.033326825276944354
DOGEUSDT,1736467200000,2025,-0.00018591,-4.327601646959266,LONG,0.0021633658034082076,0.012085575395250438,0.03675209384915919
DOGEUSDT,1736553600000,2025,-0.00016415,-2.4408779189077388,LONG,-0.0030873010659095753,-0.01034844684188513,0.008463514580607057
DOGEUSDT,1737763200000,2025,-5.8e-06,-2.15437530717723,LONG,0.011688968235870999,0.012861821120084826,0.014404458192182683
DOGEUSDT,1737907200000,2025,-8.469e-05,-3.7505593679321563,LONG,0.004174897076569886,-0.0014240148225461596,-0.08375413346531194
DOGEUSDT,1738569600000,2025,-0.00010187,-2.05489842301098,LONG,0.005292078261110124,0.009322491346855375,0.10651352677130796
DOGEUSDT,1738886400000,2025,-0.00011729,-2.800444963426295,LONG,0.017036459043269857,0.012794545013458402,0.023464052693811556
DOGEUSDT,1739318400000,2025,-0.000112,-2.3137568701168365,LONG,0.0011829187925648916,-0.010550210895152486,0.011727694181359343
DOGEUSDT,1740384000000,2025,-8.327e-05,-2.0134697164217163,LONG,0.0037869764717440454,0.005089512258540566,-0.02951998921370695
DOGEUSDT,1740614400001,2025,9.162e-05,2.104834247579844,SHORT,-0.006635072138779989,-0.010985349058382946,-0.03159766861538188
DOGEUSDT,1741017600000,2025,-0.00011526,-2.4619671780131,LONG,-0.0025503711860054975,-0.08074534258324688,-0.12299503851685312
DOGEUSDT,1741305600000,2025,-0.00010773,-2.066955355640815,LONG,0.02955221865134563,0.028690913974920067,0.0577638906714364
DOGEUSDT,1741881600000,2025,0.0001,2.05442481466852,SHORT,0.016098890286558802,0.01843764073713033,-0.021957865659777948
DOGEUSDT,1741939200000,2025,0.0001,2.0057446595640314,SHORT,0.0025405466974792296,-0.0020631325659369454,-0.005414007221867392
DOGEUSDT,1742284800000,2025,-6.937e-05,-2.1099032980658463,LONG,-0.007086104620476093,-0.014042237251093371,-0.014945280568233608
DOGEUSDT,1742572800000,2025,-9.148e-05,-2.3149275621766794,LONG,0.003162765578415097,0.009103141844725974,0.010523596629017222
DOGEUSDT,1744675200000,2025,-0.0001205,-3.477567229436755,LONG,0.0047678885805584655,0.00857836887594932,0.00044009934381101633
DOGEUSDT,1745712000001,2025,-7.611e-05,-3.0686905049830453,LONG,-0.02465148148496722,-0.025551267846427497,-0.0090902204330174
DOGEUSDT,1745856000005,2025,-5.958e-05,-2.706188425061948,LONG,0.005118009465741897,0.014714470354002342,0.011845189362172617
DOGEUSDT,1745971200001,2025,-8.768e-05,-2.7919782304778478,LONG,-0.005885226825772563,0.003525936318992299,-0.020955231128188933
DOGEUSDT,1747353600001,2025,-4.912e-05,-3.281332193822401,LONG,0.00902004041027275,0.020181867160166532,0.02456774195011459
DOGEUSDT,1747468800001,2025,-4.771e-05,-2.9524814075486048,LONG,0.001113379220598824,-0.003440743618608038,0.008090097980886085
DOGEUSDT,1747641600006,2025,-6.235e-05,-2.6026090692747896,LONG,0.00055353108106445,-0.007456327239701488,0.03606933521782842
DOGEUSDT,1747756800000,2025,-6.344e-05,-2.0495368136603296,LONG,0.015627087346387375,0.032031128183273465,0.04943125600334289
DOGEUSDT,1748102400003,2025,-9.352e-05,-2.262757554310211,LONG,-0.000395578318676207,-0.0010992152710548808,-0.015857177727899113
DOGEUSDT,1749168000002,2025,-6.883e-05,-2.919100447195813,LONG,-0.0016298973280546877,0.020893447588277388,0.03199586139258281
DOGEUSDT,1750464000002,2025,-3.937e-05,-2.602604894781677,LONG,0.007058925054291386,0.005099700769949352,-0.0007394626908309945
DOGEUSDT,1750924800006,2025,-5.207e-05,-2.8837684297108086,LONG,-0.010964551976904558,-0.023546452746855663,-0.012443842187493878
DOGEUSDT,1751040000009,2025,-4.55e-05,-2.215882076171298,LONG,-0.011780608085697834,-0.005218699716929773,0.0015479400013568667
DOGEUSDT,1751414400001,2025,-6.097e-05,-2.3731592258252543,LONG,0.0060702051709734875,0.0170417581294921,0.017353469113593915
DOGEUSDT,1751673600004,2025,-7.207e-05,-2.3003837304916104,LONG,-0.0007965930749986134,0.0015301285232852328,0.005436621924391707
DOGEUSDT,1753632000008,2025,8.689e-05,-3.22449086408442e+14,SHORT,-0.006743904756022811,-0.005156271249365735,-0.028015590483255193
DOGEUSDT,1753747200001,2025,6.002e-05,-16.803090978341316,SHORT,0.005998018648553613,-4.429580740907103e-05,-0.017824688271719766
DOGEUSDT,1753891200008,2025,4.271e-05,-2.2785761289251183,SHORT,-0.007880261425305965,0.016133057380264156,-0.008821733329147909
DOGEUSDT,1753977600000,2025,3.944e-05,-2.1736630543495683,SHORT,0.019312969824048246,0.0313354818286896,0.059914969090681953
DOGEUSDT,1754092800004,2025,2.347e-05,-2.486371794117334,SHORT,0.0009385729441444768,-0.001184308058483754,0.01602662214724249
DOGEUSDT,1754208000000,2025,1.531e-05,-2.4481401538908303,SHORT,-0.002390824446820838,-0.010739174180148584,-0.011947694393706208
DOGEUSDT,1754438400005,2025,-1.167e-05,-2.521593325338742,LONG,0.0035371436575577214,-0.005787405736290035,0.009020192681910313
DOGEUSDT,1755216000000,2025,-6.509e-05,-4.285171312841111,LONG,0.011218565773718204,0.0202967173139849,0.027726821426336836
DOGEUSDT,1755388800000,2025,-5.12e-06,-2.0524972246545494,LONG,0.003033456997639055,0.021340898791875586,0.010834716311278551
DOGEUSDT,1755532800002,2025,-3.96e-05,-2.4575540537518834,LONG,0.0097254255969189,0.011560822401076006,-0.015364927162329553
DOGEUSDT,1756137600002,2025,-2.219e-05,-2.20563100100363,LONG,0.001970534285640415,-0.05177626952371997,-0.02975010494240907
DOGEUSDT,1757174400000,2025,-2.299e-05,-3.712412782233402,LONG,-0.004530283534455176,-0.0012122909117471107,0.011674365889960984
DOGEUSDT,1757980800001,2025,1.87e-06,-2.4087226959691592,SHORT,-0.0029557593308529857,0.006503415587242939,0.0031524457541615655
DOGEUSDT,1758067200001,2025,-2.969e-05,-3.4026824630179036,LONG,-0.004272637511762152,-0.01837110875318054,-0.011484521618180055
DOGEUSDT,1758326400000,2025,-4.87e-06,-2.1150813723467414,LONG,-0.007966672476213797,-0.0064586608803483105,-0.009174721247087817
DOGEUSDT,1758556800000,2025,-2.725e-05,-2.1406183180328044,LONG,-0.0008778714273208087,-0.003809687901633321,0.0031289789603735707
DOGEUSDT,1759248000000,2025,-6.72e-05,-2.7369986970438918,LONG,0.003104166882156196,0.022600321175095417,0.017794063800468114
DOGEUSDT,1760140800000,2025,0.00045253,9.069906581064709,SHORT,0.03196024898175387,-0.006383272025476662,0.021960691948417523
DOGEUSDT,1761696000004,2025,-7.161e-05,-2.4379923129315157,LONG,0.002119137632426585,0.0021707678567714737,0.014077503339807233
DOGEUSDT,1761840000001,2025,-0.00011438,-2.4974030727594787,LONG,-0.006957510119963276,-0.01295986238217079,0.021879614504698688
DOGEUSDT,1762156800010,2025,-0.0001308,-2.368202999394854,LONG,-0.006238107215711214,0.0028748869846705848,-0.04522940118089488
DOGEUSDT,1763078400000,2025,-0.00012823,-3.551417304440743,LONG,0.0007359254594372203,-0.002949129687236386,-0.012718576088775616
DOGEUSDT,1763424000002,2025,-0.00010361,-2.508839420821604,LONG,0.0009186955170725863,0.018408819851334097,0.03274323052045441
DOGEUSDT,1764576000004,2025,-9.221e-05,-2.1841458602514354,LONG,-0.007417136970469775,-0.014595603190148337,-0.03194736584045587
DOGEUSDT,1765843200002,2025,-0.00012442,-2.2918656117597114,LONG,0.00286833019633005,0.0007760360470167859,0.019222489462917054
DOGEUSDT,1766793600000,2025,-8.976e-05,-2.9765431810281404,LONG,0.003677225798361543,0.004899968970880475,0.005470071197503764
DOGEUSDT,1767052800005,2025,-7.613e-05,-2.511384226169002,LONG,0.0003256798595794416,0.004874095758245353,0.007463932103826738
DOGEUSDT,1767225600008,2026,-9.368e-05,-2.2181909319361455,LONG,0.005162721466678897,0.0008481764715439223,0.02290080367911939
DOGEUSDT,1769385600000,2026,-0.00010208,-3.4132128814643443,LONG,0.014974773820884395,0.011538906566455853,0.005456362743496766
DOGEUSDT,1769558400000,2026,8.395e-05,2.010746913190966,SHORT,0.005339296264100191,0.011430522920010172,-0.003886888644000395
DOGEUSDT,1769702400000,2026,-8.92e-05,-2.371177466294221,LONG,-0.0035107284421063405,-0.007378207801843668,-0.018809872953789587
DOGEUSDT,1769875200009,2026,-0.00019169,-3.1377444021643144,LONG,-0.030587555116895468,-0.034416156465651174,-0.0017120034617113344
DOGEUSDT,1770969600003,2026,7.096e-05,2.0627610925336044,SHORT,0.002453988961566814,0.004806931223593572,-0.0309524788157771
DOGEUSDT,1771689600005,2026,-0.00011933,-2.2546389796913555,LONG,-0.002010252963633922,-0.007964153189726077,-0.023057240028226282
DOGEUSDT,1772035200000,2026,8.098e-05,2.2305981348188073,SHORT,-0.0013629285598880762,-0.01316190490009913,0.015215017438516963
DOGEUSDT,1772553600007,2026,-0.00017465,-2.319461545824912,LONG,-0.008402481718470673,-0.01979161777845136,-0.017660257949790408
DOGEUSDT,1774224000000,2026,-0.00011686,-2.0061815469305975,LONG,0.0018812598919691792,0.007833658419264622,0.03236810657458994
DOGEUSDT,1777507200002,2026,-3.357e-05,-2.032650485828431,LONG,-0.009592623033623484,-0.027532864367469812,-0.014752835262734831
DOGEUSDT,1778083200002,2026,-8.869e-05,-3.2403492767922035,LONG,-0.0004421062011087693,-0.003542334557837804,-0.022709961238475667
DOGEUSDT,1778140800000,2026,-6.956e-05,-2.2656143501827453,LONG,-0.0008082259880490987,0.0005384546482068009,-0.03359205954978556
DOGEUSDT,1778774400000,2026,-7.676e-05,-2.1451272242671826,LONG,-0.0012939402279795057,-0.00025865413775280556,-0.015026121947742319
DOGEUSDT,1779955200000,2026,-7.454e-05,-2.8398479372129333,LONG,0.0039616081067181995,-0.0021396920894587767,0.015051549368605819
DOGEUSDT,1780819200000,2026,-7.719e-05,-2.2959680513375247,LONG,-0.009044520456230006,-0.021152930500449342,-0.016505915882290785
DOGEUSDT,1780963200000,2026,-7.598e-05,-2.2837467556371047,LONG,0.0035319085455543337,0.015564061180250572,0.011841395178004997
DOGEUSDT,1782864000000,2026,8.955e-05,2.233322690177615,SHORT,-0.0008357710473959353,-0.010259344110088206,0.005029348405001973
DOGEUSDT,1783008000000,2026,0.0001,2.2551232898597,SHORT,0.0009430785474995369,0.0025618567237362805,-0.0026896196956368154
DOGEUSDT,1783843200003,2026,-1.25e-05,-2.276561910289048,LONG,-0.0004110433708623841,0.004919386799818194,0.005736936920297225
DOGEUSDT,1783929600001,2026,-4.602e-05,-2.7982247285908373,LONG,-0.0026230428513691075,-0.006362400438971366,-0.010951797271184501
DOGEUSDT,1784275200010,2026,-5.44e-05,-2.5039398795943284,LONG,0.003773325698478522,0.0032152121078784747,0.01707544784998962
DOGEUSDT,1784822400000,2026,-8.144e-05,-2.839920791631978,LONG,-0.003311022962955455,0.0005747126594968735,-0.008080852053938672
DOGEUSDT,1786032000000,2026,-7.279e-05,-2.4825147062860697,LONG,-0.0031805722923334643,-0.005645234649075109,-0.004194697696162355
DOGEUSDT,1786579200000,2026,-3.543e-05,-2.280530393282537,LONG,0.0001431946734026834,0.005711853312985155,0.005569453882342185
DOGEUSDT,1786924800001,2026,-2.485e-05,-2.3395247365215757,LONG,0.0031505109834096203,0.007003530377337163,0.004293694874699436
DOGEUSDT,1787932800001,2026,4.78e-06,-3.9308902679522717,SHORT,0.0038734715957968865,0.007053873593399672,0.0029330695046282545
DOGEUSDT,1788854400002,2026,2.121e-05,-2.0984300150248,SHORT,-0.012356143177318767,0.00011201344173004818,-0.0038010107249961747
DOGEUSDT,1788969600002,2026,-1.205e-05,-3.384038946393164,LONG,-0.0006734762854175943,-0.02419060665952462,-0.0390142712681826
LTCUSDT,1672617600000,2023,-0.00020637,-4.369601881444162,LONG,-0.0035594826504811287,0.0007103786616843031,0.06785521493649035
LTCUSDT,1673683200001,2023,0.00023834,5.46143751186005,SHORT,0.030278159558323022,0.02675482807350803,0.030961530883322857
LTCUSDT,1675036800001,2023,0.00012,2.758808413642165,SHORT,-0.004506164292524093,0.0002100840343860299,0.022733080099980905
LTCUSDT,1675353600003,2023,0.00011211,3.0873165598111267,SHORT,-0.008171445568350625,-0.003894747021462454,0.006625865019707169
LTCUSDT,1676016000005,2023,8.439e-05,-7.366630669994832,SHORT,0.0033500868852819744,0.013905710222013971,-0.010090253063056342
LTCUSDT,1676131200021,2023,8.039e-05,-5.310516456016619,SHORT,0.001817696303736455,-0.0031996614328688197,0.003960401216097017
LTCUSDT,1676448000000,2023,2.997e-05,-2.4105299709874224,SHORT,-0.00010405285894632752,-0.020801903414041843,-0.05928933639988765
LTCUSDT,1677542400011,2023,9.311e-05,-1.6946408889047766e+14,SHORT,-0.0029730325572464834,0.0005318300396588138,-0.00857647270915439
LTCUSDT,1677830400013,2023,-4.12e-06,-83.99978482580526,LONG,-0.002472466982168537,-0.001910005636556618,0.0073809326358358395
LTCUSDT,1678118400000,2023,3.78e-06,-3.2999180417531173,SHORT,0.002258611914422645,0.015345569674660421,0.006904775861956019
LTCUSDT,1678406400000,2023,-2.076e-05,-3.2815180714607934,LONG,-0.0029204852830116623,-0.010929070532190206,-0.06857635469719668
LTCUSDT,1678464000005,2023,-3.844e-05,-3.2409331001870925,LONG,-0.0042360978341286085,0.003516425312740112,0.007999481293980206
LTCUSDT,1678636800005,2023,-0.00019737,-5.788156632849079,LONG,0.027899422434676323,0.059860833906367344,0.12087322797609387
LTCUSDT,1679961600007,2023,-2.074e-05,-4.157093432285687,LONG,-0.0021619169824563527,-0.016502781123834954,-0.01985946000910455
LTCUSDT,1680192000006,2023,-4.794e-05,-2.7552427793091185,LONG,-0.02100559776610984,0.004596163015086909,0.01128440553685415
LTCUSDT,1681689600017,2023,0.0002706,6.929992874313454,SHORT,-0.011977406685914007,-0.009654055976677355,-0.01005850492051232
LTCUSDT,1682150400000,2023,-3.475e-05,-3.0117904959472606,LONG,0.0016391526910930134,0.011186320329528227,0.01776947051197522
LTCUSDT,1682496000013,2023,-2.085e-05,-2.0479937022306807,LONG,0.0030820057417467748,0.03189682426324484,-0.030103543243907398
LTCUSDT,1682899200004,2023,-7.847e-05,-3.705854043392642,LONG,-0.019369410383114526,-0.012261734008594122,-0.011234160703584304
LTCUSDT,1683129600011,2023,-2.036e-05,-2.329997695704609,LONG,-0.00231991752349248,0.008307420569856096,0.025057085782317676
LTCUSDT,1683590400015,2023,-5.678e-05,-3.0659889445884985,LONG,0.0065590872409205525,0.008863825777121364,0.021193184375063595
LTCUSDT,1685577600008,2023,3.16e-06,-5.459002952318619,SHORT,-0.004949144003581212,-0.006593430479831905,-0.019435047802976533
LTCUSDT,1686009600000,2023,4.424e-05,-2.946966235168018,SHORT,0.011659940055795529,0.0023894873973813557,0.01869856601086268
LTCUSDT,1686182400006,2023,3.667e-05,-2.564405565303989,SHORT,-0.0026933020432892817,0.007444203111729971,0.008803668598095296
LTCUSDT,1686412800000,2023,-1.151e-05,-4.063069959796247,LONG,0.0324508390416204,0.02235758565415394,0.023267562967515424
LTCUSDT,1686787200000,2023,-7.087e-05,-3.0434215085113916,LONG,-0.006942109143071269,-0.009677714733628062,-0.003124790260842721
LTCUSDT,1687996800000,2023,4.119e-05,-2.0207868533077313,SHORT,-0.0033625587105238063,-0.007072250034802239,-0.02330387231846928
LTCUSDT,1688400000000,2023,0.00015537,4.179903451657703,SHORT,-0.012424841048507381,-0.0025348556031881157,-0.01770287543192892
LTCUSDT,1688659200000,2023,3.495e-05,-3.341562292371656,SHORT,-0.007464628965405972,-0.006853195134067427,0.008348412310989331
LTCUSDT,1688745600000,2023,4.318e-05,-2.009616085512014,SHORT,-0.0007151979870630444,0.006562779912523548,0.006562779912523548
LTCUSDT,1689004800000,2023,-5.1e-07,-3.2430417069727127,LONG,-0.004736601666512415,0.018312862199496724,0.01593866753587192
LTCUSDT,1689264000000,2023,-7.51e-05,-3.841831055611135,LONG,0.01212136053234482,-0.0022645606093749126,0.0011794772352235732
LTCUSDT,1690243200000,2023,-9.45e-06,-2.46121718065623,LONG,0.0008989774737356909,-0.0010123166040817398,0.0038150854172809712
LTCUSDT,1691020800000,2023,-1.93e-05,-2.437474392167456,LONG,0.008076026377479303,-0.0067610410529884545,-0.017511968255132813
LTCUSDT,1691539200000,2023,1.75e-05,-2.1242500908425397,SHORT,-0.002973537724731142,-0.0004763606139857975,-0.006175058215855361
LTCUSDT,1692144000000,2023,-0.00016057,-9.162513891684725,LONG,0.0018904788540410901,-0.005692975082206851,-0.011929075469917245
LTCUSDT,1692374400000,2023,-8.104e-05,-2.345262555916387,LONG,0.006360061770788921,-0.0009341429917969075,0.0007777864590593054
LTCUSDT,1695340800000,2023,-5.259e-05,-2.6543177808091514,LONG,0.004767406184451549,0.00046235648508020097,-0.002933232516057897
LTCUSDT,1696521600001,2023,6.97e-06,-2.715136234947809,SHORT,-0.004353917622772455,-0.013312890118636398,-0.014695909931861048
LTCUSDT,1696694400000,2023,-9.72e-06,-2.4197412136242846,LONG,-0.0012256781065610636,-0.0019924905051502064,0.006258129254501527
LTCUSDT,1697155200000,2023,-1.943e-05,-2.3093729874212645,LONG,-0.0006532745618579238,0.0003264773127267915,0.007968169649176881
LTCUSDT,1697328000000,2023,-3.818e-05,-2.210273394938827,LONG,0.0056841403549899115,0.003089684545855272,0.0004884800227392408
LTCUSDT,1698796800000,2023,0.00018222,5.610974426111445,SHORT,0.0011627908286901735,0.008900620516006435,0.00568141960888077
LTCUSDT,1698883200001,2023,0.00022961,6.179056006065952,SHORT,0.002283431847021843,0.0012837887791292758,-0.0031312294299875197
LTCUSDT,1699545600000,2023,0.0002294,2.5028612520631377,SHORT,-0.008269722649401491,0.0015494051976338635,-0.040951472414900165
LTCUSDT,1699718400000,2023,0.00036229,5.068130966853282,SHORT,-0.0004005607904548782,-0.013134517180646982,0.005356199200524847
LTCUSDT,1699804800001,2023,0.0002472,2.082644773491293,SHORT,-0,0.0021387523190769682,0.017783036317102777
LTCUSDT,1701676800000,2023,0.00040564,7.517417144918117e+15,SHORT,-0.0005390109280211979,0.005948374981505325,0.02871403178494717
LTCUSDT,1701993600000,2023,0.0003514,3.6893996413117534,SHORT,-0.0010840109462583103,-0.011591988544673413,-0.02516866454191835
LTCUSDT,1702108800000,2023,0.00030544,2.1261730813515856,SHORT,0.0021902991427341315,-0.0009004953332501659,0.009569451016150785
LTCUSDT,1703088000000,2023,0.00029416,5.415106403695997,SHORT,-0.003095977705127992,0.014766703082157915,0.015768492074704946
LTCUSDT,1703750400000,2023,0.00055607,2.059889928091205,SHORT,-0.004447940352582426,0.0009182134835465593,-0.0005243151253946029
LTCUSDT,1704153600000,2024,0.00056726,2.1936631137685376,SHORT,0.003451025458465421,0.004648391396769508,0.013070338108592152
LTCUSDT,1704297600000,2024,0.0001,-2.278497207649963,SHORT,0.0041350851478031015,0.0003057169085261338,-0.0019848849939815465
LTCUSDT,1707955200000,2024,0.00013782,9.302078144902614e+14,SHORT,0.0055393934700389506,0.004969836285341195,0.006964707280319997
LTCUSDT,1708300800000,2024,0.00028549,2.7221871277275826,SHORT,0.002114910904626087,-0.0001408351526868579,0.002397237275784221
LTCUSDT,1708761600001,2024,0.00040356,2.6645800384590737,SHORT,-0.0024406013119550574,-0.006733067482101411,-0.010580596275520104
LTCUSDT,1709193600000,2024,0.00095188,3.66522040113474,SHORT,0.009591526212403051,0.002056245054716673,0.0002416918440769055
LTCUSDT,1709366400001,2024,0.00095507,2.4520795446428134,SHORT,0.009471350539858295,-0.01398624197473987,-0.018895432000978197
LTCUSDT,1709625600000,2024,0.00109604,3.2236800785319377,SHORT,0.002439566523736494,0.008117920588833722,0.14618968871916607
LTCUSDT,1709683200000,2024,0.0001,-2.869286566000203,SHORT,0.013829088151045135,-0.02051167245841077,-0.0235105351388861
LTCUSDT,1710201600000,2024,0.00105457,2.3796076891551943,SHORT,-0.0032294396125181002,0.025714993502798142,0.03247620801780169
LTCUSDT,1711411200000,2024,0.00029759,2.954306551115473,SHORT,-0.0036353661628951823,-0.007038410228631597,-0.006380659711604935
LTCUSDT,1713254400000,2024,1.647e-05,-5.2061973439467994,SHORT,0.0016506892199656157,0.006363773544602654,-0.004935781709330739
LTCUSDT,1713340800000,2024,3.766e-05,-2.843849638948363,SHORT,-0.0026715873659958825,0.013724322389730466,-0.008119811168915525
LTCUSDT,1713456000000,2024,1.194e-05,-3.025457417804531,SHORT,0.011267376057780826,0.002588918415751736,0.019268418865877032
LTCUSDT,1713628800000,2024,2.224e-05,-2.1494924101412662,SHORT,-0.016993564474642914,-0.013476974284042665,-0.010537006270036056
LTCUSDT,1713801600000,2024,-3.24e-06,-2.6600418368822187,LONG,0.007511772411062185,0.015315667353580205,-0.006738012371143377
LTCUSDT,1713888000001,2024,-5.929e-05,-4.072168110074715,LONG,0.0011753644982643967,0.0008229001816271227,0.013201897450431982
LTCUSDT,1714262400000,2024,-6.135e-05,-3.187850029281777,LONG,0.003207605957784538,0.003326208816252376,0.0021395467569819966
LTCUSDT,1715040000000,2024,-5.662e-05,-3.2061488802274316,LONG,0.005669228888817685,-0.002598850543845103,0.009471748036661936
LTCUSDT,1715731200000,2024,-1.571e-05,-2.775421686827548,LONG,0.005842028299325361,0.00647497977308031,0.015419921304239944
LTCUSDT,1716998400000,2024,0.00012767,13.052615223049418,SHORT,-0.0015484488830327734,0.00250641654159035,-0.00166746108192355
LTCUSDT,1717056000000,2024,0.00013036,5.43859350761577,SHORT,-0.0006034639010001744,-0.00625829458663025,-0.01497841195852292
LTCUSDT,1717257600001,2024,0.00018328,11.232176037829698,SHORT,0.0005991970938460286,0.0007190796091248473,-0.0002395783432637368
LTCUSDT,1717315200000,2024,0.00015294,2.9608790451740243,SHORT,0.005082295547435618,0.0016912301687568782,-0.002411092186731995
LTCUSDT,1717401600000,2024,0.00016558,3.210571923253519,SHORT,0.003339299465570774,0.00035724918510351213,0.009931281147723533
LTCUSDT,1717574400000,2024,0.00021008,4.678011776570898,SHORT,-0.00415554174728696,0.0017862463814639926,-0.0104155279372934
LTCUSDT,1718697600000,2024,-3.287e-05,-3.2680251800983835e+15,LONG,-0.005035737079160276,-0.02432273802113904,-0.018912445292891482
LTCUSDT,1718928000000,2024,-5.214e-05,-3.4684587381166847,LONG,0.0009410500123123681,-0.0001345080370578268,-0.01654499362330422
LTCUSDT,1719273600000,2024,-3.35e-05,-2.403724990897353,LONG,0.001577853013290052,0.01609148284824281,0.01212827879309422
LTCUSDT,1719734400000,2024,-3.937e-05,-3.133157092787118,LONG,-0.004114959015501378,-0.007846306628359572,-0.009449727602565714
LTCUSDT,1720166400000,2024,-9.79e-05,-6.536484148324356,LONG,0.02590418451996948,0.03366400753335875,0.0655807307160149
LTCUSDT,1721059200000,2024,-8.096e-05,-2.856472174090004,LONG,-0.005664132956851129,0.018189951651359046,0.02908435713458128
LTCUSDT,1721433600001,2024,-4.716e-05,-2.2499118364184523,LONG,-0.004378769995847537,-0.0021869882965039277,-0.00795069301325408
LTCUSDT,1721577600000,2024,-7.573e-05,-2.360034532327596,LONG,-0.012026931904165112,-0.0016315435298347688,0.0004074702942624836
LTCUSDT,1722758400000,2024,5.82e-06,-2.4945658626449707,SHORT,-0.002320725107481284,-0.006792245933943646,0.018604460626267784
LTCUSDT,1722902400000,2024,-2.51e-06,-2.4853801059435985,LONG,-0.008757675961425083,-0.010311141364021168,-0.0272090262332828
LTCUSDT,1723104000000,2024,-3.926e-05,-2.5305199009986548,LONG,-0.0027633869053093475,0.008757675961424963,0.031074747562956345
LTCUSDT,1723190400000,2024,-5.777e-05,-2.394447033528276,LONG,-0.009420778707043317,-0.008093198027491349,-0.011914752898561008
LTCUSDT,1724284800000,2024,-2.263e-05,-2.206074104112739,LONG,-0.0018844226681923875,-0.00645315846085146,-0.004244955670811612
LTCUSDT,1724371200000,2024,-3.333e-05,-2.3612011697392443,LONG,-0.0017288805878101503,0.0034488198473614845,0.005949602644884627
LTCUSDT,1724803200000,2024,-6.216e-05,-3.1160918087965594,LONG,0.000996512289739076,0.008603626863553556,0.02218478955049984
LTCUSDT,1725292800000,2024,-4.484e-05,-2.1022132468815076,LONG,0.002938676617953842,0.013385844919954107,0.017808269207374012
LTCUSDT,1725753600000,2024,-7.593e-05,-3.17364699294154,LONG,-0.0012940797664879348,0.0037111781198780076,-0.008441608570818073
LTCUSDT,1726358400000,2024,8.839e-05,2.0423525472605224,SHORT,-0.003935821005623037,0.010520795372395302,0.01836880056778954
LTCUSDT,1726588800000,2024,-7.11e-05,-2.526101912351216,LONG,0.0007873396202336558,-0.0017343323227827206,0.0065944657252807485
LTCUSDT,1726761600001,2024,8.15e-05,2.0474634241022476,SHORT,-0.003036285921519897,0.0025881113632163035,-0.004248223655074643
LTCUSDT,1727827200000,2024,1.828e-05,-2.224465542599403,SHORT,-0.007201032995750386,-0.0045458186282798345,0.006462312662144201
LTCUSDT,1728086400000,2024,5.98e-06,-2.400741273437577,SHORT,-0.0007649354002604723,0.001378359970121382,-0.006407344575000474
LTCUSDT,1728835200000,2024,2.467e-05,-2.1014736130737512,SHORT,0.005246116028114366,0.004163781171779724,-0.006748491869283543
LTCUSDT,1729929600001,2024,5.446e-05,-71.88730779179103,SHORT,0.0034797773260398118,0.005078731079015798,0.007554881204430631
LTCUSDT,1731225600000,2024,0.00016619,1.6279866536517812e+15,SHORT,-0.00378023001166595,-0.01426372730652402,0.023654885576064297
LTCUSDT,1731369600002,2024,0.00037967,6.003249862096456,SHORT,0.00947515142628406,0.01099954196538043,0.04803601632071792
LTCUSDT,1732348800000,2024,0.00057097,13.396115567998615,SHORT,0.007302500685500228,0.0057401529406927755,0.04585501145410982
LTCUSDT,1733097600001,2024,0.00058787,3.7886995323883905,SHORT,0.015402360701693209,0.07807268368677792,0.07355309112566352
LTCUSDT,1733385600000,2024,0.00062247,3.150446514370743,SHORT,0.004292510040342235,-0.0891443817364403,-0.04852059980566545
LTCUSDT,1734739200000,2024,8.266e-05,-4.26488722984164e+14,SHORT,-0.0020846783744774135,-0.029762353389778905,-0.004165019904388101
LTCUSDT,1734825600000,2024,4.747e-05,-16.69073392556088,SHORT,0.005449604767564703,0.028973005474532253,-0.01801850550267843
LTCUSDT,1735372800000,2024,2.068e-05,-7.7642781698648164,SHORT,0.0005013285310796141,0.009770916315398403,-0.00778835689264815
LTCUSDT,1736294400001,2025,3.145e-05,-3.7309668780257454,SHORT,0.004885769167084001,0.021151013023979787,0.028891975690132153
LTCUSDT,1736380800000,2025,3.611e-05,-3.985962188879138,SHORT,0.0041281757073328585,-0.0019598242431668866,-0.013735543013827404
LTCUSDT,1736611200000,2025,-1.825e-05,-6.8291438722294036,LONG,-0.0006806359346820593,0.007745972114655329,0.014474825725957959
LTCUSDT,1736726400000,2025,-1.513e-05,-2.096356286278807,LONG,-0.011765413562327402,-0.022187295327762,-0.09006537882646172
LTCUSDT,1737763200000,2025,6.817e-05,-4.106974785089961,SHORT,-0.03878738543037849,-0.03524955107378235,-0.040391363639369786
LTCUSDT,1737964800000,2025,-1.583e-05,-9.314037611198264,LONG,0.0036754612726309093,0.012078104555110783,0.044911934683321296
LTCUSDT,1738569600000,2025,-0.00010707,-5.16099475544228,LONG,-0.0003101256033539455,-0.00903292234370767,0.07322164371103197
LTCUSDT,1738656000001,2025,-2.864e-05,-2.0080918413883833,LONG,0.0006026516855759709,0.033395713590028124,0.016046589393864802
LTCUSDT,1740096000001,2025,-7.509e-05,-4.994842829879613,LONG,-0.007231551997639022,0.0025224436551457576,0.0009652152065395312
LTCUSDT,1740297600000,2025,-4.434e-05,-2.606864779864458,LONG,0.006721400841727082,-0.004007391525676725,0.005786238678811829
LTCUSDT,1740441600000,2025,-5.916e-05,-2.509140885047555,LONG,-0.007084262889219291,-0.02660775453319619,-0.02528249039082693
LTCUSDT,1740528000000,2025,-6.149e-05,-2.0568753965101827,LONG,0.012082375676902532,0.03969149129096959,0.07600510331270237
LTCUSDT,1740931200000,2025,-9.643e-05,-2.1713195173042883,LONG,0.0009477176510954238,0.0022099456508028917,-0.027963204835098572
LTCUSDT,1741017600000,2025,-0.00015283,-3.0170102987591267,LONG,0.004628222905902473,-0.04998124521616699,-0.0912135496411925
LTCUSDT,1742284800000,2025,-3.488e-05,-2.176392183803253,LONG,-0.005797764038452322,-0.018740379008006507,-0.023054155705410712
LTCUSDT,1742630400004,2025,-0.00011728,-3.3417042879497005,LONG,0.002407003350297367,-0.00010954702316926887,-0.0005478551608022385
LTCUSDT,1743033600001,2025,-7.575e-05,-2.1659950832469432,LONG,-0.0031044289772062302,0.0027751111843335665,0.0023486719454619944
LTCUSDT,1743177600000,2025,-8.558e-05,-2.0747379310473386,LONG,0.00531301781102908,-0.0017386269230401338,0.013687027170061808
LTCUSDT,1743955200002,2025,-0.00013622,-3.16026077264271,LONG,-0.023475560907621228,-0.09528454239421467,-0.13850648159713
LTCUSDT,1744905600001,2025,-2.126e-05,-2.0169014479272245,LONG,0.005261785357525379,-0.0031704121668458284,-0.006218185015684267
LTCUSDT,1745078400000,2025,-3.641e-05,-2.1833394194616913,LONG,0.01258378086138892,0.012188810149915,0.020711775267761034
LTCUSDT,1745308800000,2025,-4.315e-05,-2.1738254673927,LONG,-0.00502576758316762,0,0.03835749880793774
LTCUSDT,1745856000005,2025,-1.083e-05,-2.0071046453613643,LONG,0.009200347983114358,0.009200347983114358,0.012833519281071645
LTCUSDT,1745971200001,2025,-2.609e-05,-2.3080379379544746,LONG,0.0004633383611212983,-0.0008113590708792473,-0.028558260197847116
LTCUSDT,1746201600003,2025,-5.326e-05,-2.693989449895052,LONG,-0.004641955688815336,-0.008279976981886806,-0.012045600191194227
LTCUSDT,1746316800001,2025,-4.726e-05,-2.0147889906614322,LONG,0.0016252615604505844,-0.001046207593247506,-0.00023239600383464736
LTCUSDT,1746489600002,2025,-0.00016366,-3.964461248359385,LONG,-0.00653992884435935,0.0012064182908518128,-0.011167875236185796
LTCUSDT,1747497600004,2025,1.214e-05,-2.6095156834281372,SHORT,-0.00030913493986203377,-0.00308705740119415,-0.001133027880390744
LTCUSDT,1747641600006,2025,-6.281e-05,-3.9015834797194584,LONG,0.0005244113602796854,-0.006736867584758053,0.0383851209140187
LTCUSDT,1747756800000,2025,-0.00017607,-5.40574193458991,LONG,0.008302336140137399,0.006604903099430266,0.014747495542316618
LTCUSDT,1749168000002,2025,-3.664e-05,-2.0603872546499216,LONG,-0.0024968801985871545,0.0016611299500765373,0.009808054991791826
LTCUSDT,1749744000001,2025,-1.048e-05,-2.2317217582624376,LONG,0.007621646399179509,-0.028068014827587428,-0.06904912869492101
LTCUSDT,1750262400001,2025,-4.378e-05,-2.1125947871168713,LONG,0.0013004671691528552,0.009185179979767026,0.008481615222789883
LTCUSDT,1751040000009,2025,-6.103e-05,-2.4578965845766825,LONG,-0.011907737748951347,0.0023646263087131313,0.006959627029841489
LTCUSDT,1751414400001,2025,-9.632e-05,-3.011079035496214,LONG,0.005747142255568071,0.009679229538093135,0.011223998427068265
LTCUSDT,1753747200001,2025,9.599e-05,-9.8628591647433e+13,SHORT,0.005706412171449331,0.0010100547206457842,-0.008953920031312049
LTCUSDT,1753948800009,2025,7.627e-05,-2.1794358584406583,SHORT,0.0010807890811587234,0.01076982218405536,0.027746600640736065
LTCUSDT,1754985600001,2025,3.741e-05,-2.0342716478062584,SHORT,0.004693663800927677,-0.013702826208886312,-0.0819255782892735
LTCUSDT,1755244800000,2025,2.015e-05,-2.9317055892956776,SHORT,0.0013218772579158245,0.0019834717246546415,0.022122025722470958
LTCUSDT,1755302400004,2025,1.621e-05,-2.665462707651627,SHORT,0.00473639175359523,0.003404611966276306,0.01899718204528338
LTCUSDT,1755388800000,2025,-3.217e-05,-3.844880245320348,LONG,-0.0012491153724745949,0.01265263933288417,0.013638265696042895
LTCUSDT,1755532800002,2025,1.22e-06,-2.0854682367657205,SHORT,-0.0065574005461590396,-0.004518144167780884,0.0004272956523588195
LTCUSDT,1756137600002,2025,-4.595e-05,-2.956457319640281,LONG,-0.0024147040307014303,-0.04288978523663745,-0.015573974589674638
LTCUSDT,1757030400001,2025,-1.689e-05,-2.150346419031681,LONG,0.010563163298309078,0.0037725725153194283,0.02611392728230454
LTCUSDT,1757318400000,2025,-4.876e-05,-3.9801313650538317,LONG,0.003799094554814264,0.0007963545083073679,-0.008355604168205475
LTCUSDT,1757462400000,2025,-3.953e-05,-2.2143997633316,LONG,0.004023071002110765,0.009450854937617163,0.01942842214833705
LTCUSDT,1757865600001,2025,-4.891e-05,-2.170745735222869,LONG,0.003997224647917731,0.003216415169129887,0.008755636533370902
LTCUSDT,1758355200000,2025,-2.23e-05,-2.0861990168544744,LONG,-0.0033318750683384206,-0.0032440517687604984,-0.0021030501967787877
LTCUSDT,1758499200005,2025,-5.656e-05,-2.213504189444907,LONG,0.00268576705759697,-0.0038622224324531026,-0.05103382676647439
LTCUSDT,1759795200000,2025,4.592e-05,-2.249368440120962,SHORT,0.0046482230321031265,0.0010967225969573517,-0.0024422093068282016
LTCUSDT,1760025600000,2025,4.991e-05,-2.092275395450345,SHORT,-0.018652149229569332,-0.02759735655560669,-0.11298317264916471
LTCUSDT,1760140800000,2025,0.00057432,28.624409918241103,SHORT,0.003636178750565015,-0.041539356153098304,-0.009187161393028685
LTCUSDT,1761091200004,2025,0.0001,2.5751335044370465,SHORT,-0.003781539809675311,-0.007548833431631668,-0.004859358409381869
LTCUSDT,1761667200004,2025,-0.00020355,-5.778306789139935,LONG,0.005826234461822749,-0.026749935972789952,-0.026129267700046113
LTCUSDT,1762185600000,2025,-0.00013799,-2.4430332760550346,LONG,0.02011190759893636,-0.013943083027523739,0.010724266014918007
LTCUSDT,1763337600003,2025,-1.665e-05,-2.1015852666627195,LONG,-0.009604039328763277,-0.006392433356677048,-0.014075993118041467
LTCUSDT,1763683200001,2025,-0.0001578,-4.561814872967116,LONG,-0.002610523019324397,-0.009567271153503936,-0.06606617421884953
LTCUSDT,1763884800008,2025,-9.78e-05,-2.3738735237677706,LONG,-0.0007207207519182903,0.0015597819468070161,0.00550833628428372
LTCUSDT,1764633600004,2025,-0.00015238,-3.005738224382845,LONG,-0.0015457944595492063,-0.00244861260302805,0.010117266294778339
LTCUSDT,1764777600005,2025,0.0001,2.1078401231948787,SHORT,-0.0028126117217354978,-0.007366300482578457,-0.00748278950361988
LTCUSDT,1766160000000,2025,0.0001,2.0144696669891595,SHORT,0.008387991513023442,-0.014769020879680754,0.0016981259387284348
LTCUSDT,1766563200001,2025,-8.013e-05,-2.535575443939602,LONG,0.005164548326263524,0.014498738229802252,0.002784224536405082
LTCUSDT,1767772800001,2026,-3.648e-05,-2.931801304577703,LONG,-0.012489654368022851,-0.01442506080256951,-0.029675768146116666
LTCUSDT,1768464000004,2026,-6.864e-05,-3.2090220872874724,LONG,0.011117107613656725,0.008085404243655631,-0.04700177228104202
LTCUSDT,1769702400000,2026,-7.431e-05,-2.003286221945918,LONG,-0.006683907611548131,-0.005008737799266915,-0.025764344903809668
LTCUSDT,1769875200009,2026,-0.00010308,-2.437423620816272,LONG,-0.030141123550853115,-0.02945372018987912,-0.007030494308224525
LTCUSDT,1770940800007,2026,6.529e-05,2.106366499298794,SHORT,-0.003396229679539831,-0.00037792895385596056,-0.010154280555014087
LTCUSDT,1771459200013,2026,-5.329e-05,-2.0129576947213947,LONG,0.008434123653610641,0.007126811860361372,-0.015363033313908642
LTCUSDT,1771660800000,2026,-7.203e-05,-2.30047968620462,LONG,-0.008138212924158955,-0.007049283596956815,-0.00795664233809505
LTCUSDT,1771747200004,2026,-0.00010907,-2.732120605425127,LONG,0.0016482010873407399,-0.009576500443208655,-0.02787766482561304
LTCUSDT,1772035200000,2026,0.0001,2.034539053524308,SHORT,-0.0034340693088454367,0.0006882312728643525,0.023317569403624294
LTCUSDT,1772697600000,2026,0.0001,2.0166289039392424,SHORT,-0.00424779399778704,0.008550105524913103,0.00801357685246992
LTCUSDT,1773187200000,2026,-0.00011837,-2.1029017861180854,LONG,-0.0003709198855583054,0.0011119348810600341,0.003147276503300273
LTCUSDT,1774166400007,2026,-8.335e-05,-2.003145286059704,LONG,-0.00018451886757773873,-0.00351169384080089,-0.012251870353394133
LTCUSDT,1774656000005,2026,-9.319e-05,-2.120822704039343,LONG,-0.003921207526423777,-0.0014919808810154162,0.0057604916330732964
LTCUSDT,1774857600005,2026,0.0001,2.0527301896164896,SHORT,0.0048157159191344005,0.0037023366985356656,0.01526747213078842
LTCUSDT,1776931200000,2026,-8.212e-05,-2.4976098565774074,LONG,-0.0014508526302712225,0.006862949097003128,0.010097453264662234
LTCUSDT,1777795200003,2026,-0.00010504,-2.6324345054965277,LONG,0.0021830097808862824,0.005267471992268512,0.010146852776361957
LTCUSDT,1778688000001,2026,-4.309e-05,-2.0070520073968887,LONG,0.0008794301859552974,0.0001759479198698944,0.001933726540861472
LTCUSDT,1778860800012,2026,-4.087e-05,-2.0705494790914147,LONG,0.00034861426185388186,-0.002443708669400766,-0.00928284098233477
LTCUSDT,1779062400007,2026,-5.536e-05,-2.0031916965058962,LONG,-0.004985699552890163,-0.0011057870643905129,-0.005356001353085358
LTCUSDT,1779724800001,2026,0.0001,2.4294521277609733,SHORT,0.002264151910638496,0.006238795167215292,0.01175368981409454
LTCUSDT,1780041600001,2026,0.0001,2.0359500530690293,SHORT,-0.0011596445056798086,0.0027110783452625976,-0.0038602634310075453
LTCUSDT,1780848000000,2026,-7.423e-05,-2.2611586293430603,LONG,0.0038149783990007774,-0.0062305497506359745,0.006429358973071662
LTCUSDT,1781337600007,2026,7.698e-05,2.1635133628908476,SHORT,0.0013761470061674956,-0.006852470852169981,-0.005029731682673826
LTCUSDT,1781510400013,2026,7.946e-05,2.1131071829740207,SHORT,0.005108284289743078,-0.015388301017094477,-0.010796623549921535
LTCUSDT,1781942400000,2026,-7.906e-05,-2.229262747137108,LONG,0.003848335253057176,0.0040742473742033415,0.001133401458743955
LTCUSDT,1783555200000,2026,-1.05e-05,-2.0774278925847183,LONG,-0.0004582951500928618,0.007531702841003887,0.005938802288014845
LTCUSDT,1783900800000,2026,-2.742e-05,-2.1871361057882166,LONG,-0.006813562584941583,-0.016661346280569967,-0.01850424014469631
LTCUSDT,1783987200000,2026,-8.49e-05,-3.1189535801977804,LONG,-0.0029738098091057078,-0.0022867606580673594,0.016761434312627263
LTCUSDT,1785168000001,2026,-3.441e-05,-2.3313013407539604,LONG,-0.0010756158937425299,0.004504995283966055,-0.004741388192826449
LTCUSDT,1785456000003,2026,-3.671e-05,-2.056872819668883,LONG,-0.0021929833350102144,-0.006593430479831845,-0.011677999851174042
LTCUSDT,1785888000003,2026,-8.127e-05,-2.3536894606642496,LONG,0.003544531845725286,-0.004671346499293242,-0.001776988472928913
LTCUSDT,1786694400001,2026,-4.516e-05,-2.1289043883814087,LONG,0.000896660001793167,-0.0047207011349374535,-0.02451882190679669
LTCUSDT,1788019200002,2026,1.225e-05,-4.402760360951002,SHORT,0.0024585138382072634,-0.000409165308490807,0.0012285013830072168
LTCUSDT,1788364800005,2026,-2.334e-05,-3.199133905470745,LONG,0.0032375584734339593,0.0072698220013724165,0.020064878605959114
LTCUSDT,1789113600000,2026,-2.18e-05,-2.634288692853056,LONG,-0.009844835287651597,0.0046988151485041745,0.008628828628199737
AVAXUSDT,1672358400000,2022,-0.00031297,-4.539479013502453,LONG,-0.006075129141149002,0.0038468631429046662,-0.014698669994371433
AVAXUSDT,1672588800000,2023,-0.00018765,-2.162509768463754,LONG,0.006485707901003959,0.010541012997791921,0.009160369398664195
AVAXUSDT,1672848000011,2023,-0.00018681,-2.051266330203175,LONG,0.006572676434152192,0.002334501643857354,0.00922278150480634
AVAXUSDT,1673481600000,2023,-0.00044601,-7.155449890519856,LONG,0.01098739667484176,0.003340374328402878,-0.0333139500526632
AVAXUSDT,1673683200001,2023,0.00034109,2.4944828439658364,SHORT,0.07646926839578727,0.05853474250630976,0.07159990010461277
AVAXUSDT,1673769600002,2023,0.00040559,2.92688224366194,SHORT,-0.013448691285995976,-0.016385730660945428,-0.04695185489579204
AVAXUSDT,1674288000001,2023,0.00046904,2.6273136213264774,SHORT,-0.013596285514935764,-0.0019042678653249825,-0.0009814393305757217
AVAXUSDT,1674403200023,2023,0.00040474,2.4716408016744316,SHORT,-0.01010109598650392,0.03698970117424675,-0.0035080916897402585
AVAXUSDT,1674892800018,2023,0.00037016,2.5942393273807762,SHORT,-0.0026451154290892294,-0.002498347981845477,-0.005185667899730783
AVAXUSDT,1675324800023,2023,0.00064049,8.436141225100993,SHORT,9.114108646478551e-05,-0.005045350581298267,-0.00920787582052333
AVAXUSDT,1676246400006,2023,-5.522e-05,-3.5158314114092852,LONG,-0.01875393408729762,-0.010273965778855448,-0.008563784082823094
AVAXUSDT,1676937600001,2023,0.00023564,3.3470937290011076,SHORT,0.00984849130417167,0.012958309165128074,0.030534489445403178
AVAXUSDT,1677024000009,2023,0.0002222,2.847982454979315,SHORT,0.016324382475243697,0.009715224499309621,0.04994303196740196
AVAXUSDT,1677283200015,2023,-1.594e-05,-3.545384210533889,LONG,0.0034932626538964158,-0.000765780586596657,-0.007463949914144725
AVAXUSDT,1677427200000,2023,7.33e-06,-2.3486293879136113,SHORT,-0.0035318175887961946,-0.024140986662373843,-0.006666875020018791
AVAXUSDT,1677830400013,2023,-6.051e-05,-3.950775326896303,LONG,-0.003953415726043814,0.0004248217329859845,0.0006068329575141072
AVAXUSDT,1678089600017,2023,-5.093e-05,-2.737941844982485,LONG,0.0013634957179044906,0.005504544313012778,0.011285618224220695
AVAXUSDT,1678320000010,2023,-5.363e-05,-2.7775445218549666,LONG,0.0006596741449068157,0.012981235196217179,0.017725046282269855
AVAXUSDT,1678406400000,2023,-0.00054534,-12.143939636173307,LONG,0.014036781091054865,0.007598767784357341,0.01913005385394754
AVAXUSDT,1679529600016,2023,1.005e-05,-2.110793570084348,SHORT,0.010846548285520913,0.0016105464425531283,-0.03167791860150676
AVAXUSDT,1679760000011,2023,-1.15e-06,-2.3002608483649816,LONG,-0.004368779203918316,-0.01510211910169518,0.021971117677177732
AVAXUSDT,1680912000000,2023,6.178e-05,-3.0346070881415232,SHORT,-0.0014861391703525995,-0.006158778591170687,-0.008260037279520186
AVAXUSDT,1680998400013,2023,5.399e-05,-2.503698813112549,SHORT,0.0002281542332506313,0.00239821961571957,0.008419052620741082
AVAXUSDT,1681603200014,2023,0.00014755,2.5956724610740878,SHORT,0.00099797786469179,-0.009821414230854728,-0.004557009693103995
AVAXUSDT,1681689600017,2023,0.00026176,7.24609830286709,SHORT,-0.003712232342374303,-0.031723903799125874,-0.03254024997522108
AVAXUSDT,1682121600000,2023,-8.252e-05,-2.256693448401919,LONG,0.007746705013111184,0.018352376742772653,0.020506608893736147
AVAXUSDT,1683417600000,2023,-0.00015008,-3.9697436798453536,LONG,-0.005854853000807715,-0.004705323273836202,-0.001385166893160491
AVAXUSDT,1683590400015,2023,-0.00012876,-2.4919866381557587,LONG,0.005188415556410396,0.007966105401533264,0.005899722127188322
AVAXUSDT,1684569600014,2023,-5.768e-05,-2.134862216394628,LONG,-0.0013015037628542462,-0.0008218052784115252,0
AVAXUSDT,1685577600008,2023,-1.87e-05,-4.401674359131893,LONG,0.000569071006963555,-0.0011391144617762185,0.011038889339003294
AVAXUSDT,1686009600000,2023,4.557e-05,-2.3132975008693197,SHORT,0.0018754964741558007,-0.01884693136092344,-0.0018719855707909087
AVAXUSDT,1686384000000,2023,-0.00032845,-17.687133744179903,LONG,-0.010467646171856432,-0.012925944161396976,0.0014740952159857277
AVAXUSDT,1688572800000,2023,-0.00017834,-5.18632803360729,LONG,0.002927564697244174,0.0012670258267717582,-0.001982947308493416
AVAXUSDT,1688659200000,2023,-0.00015923,-3.299839868148856,LONG,0.003650218304688162,0.004916742656685201,-0.006060141343872765
AVAXUSDT,1690041600000,2023,-3.911e-05,-3.2454429095015684,LONG,-0.003931280543632232,-0.0048070012447114195,-0.011325976903834783
AVAXUSDT,1690300800000,2023,-7.046e-05,-5.257266147920361,LONG,0.0062949848162210265,0.00210273432838788,-0.008986279086396503
AVAXUSDT,1690473600001,2023,-7.122e-05,-3.277673887007113,LONG,-0.0022730726562469176,-0.006834777517930258,-0.0025765397703275046
AVAXUSDT,1690848000000,2023,-9.356e-05,-2.8287984963270816,LONG,-0.0075743148980893255,-0.023136065012736875,-0.013391484041751953
AVAXUSDT,1691251200001,2023,-0.00013049,-2.9288848091008908,LONG,0.0036557171384698226,0.003898957095885763,0.027057971218084145
AVAXUSDT,1691942400000,2023,-0.00013785,-2.2356445220873646,LONG,0.0029199469201286543,0.004457599470899084,0.0030819164702075223
AVAXUSDT,1692144000000,2023,-0.00024918,-3.883790207462081,LONG,0.0019459374134089872,-0.0028835572520470735,-0.02391166760730004
AVAXUSDT,1692230400000,2023,-0.00019126,-2.470265385786547,LONG,0.005471245557858188,0.008722138022436111,0.011962496421065979
AVAXUSDT,1692316800000,2023,-0.00104211,-10.98156403984794,LONG,-0.006271373575425924,-0.006834912615417246,0.010581127122739937
AVAXUSDT,1694304000000,2023,-0.00027483,-2.5790017756649535,LONG,-0.011627439739214537,-0.040289314595019145,-0.020985935825302712
AVAXUSDT,1696550400000,2023,1.65e-05,-2.0470961963409633,SHORT,-0.0019669557875877314,-0.02094470407063762,-0.04070385405110009
AVAXUSDT,1696896000000,2023,-5.879e-05,-2.5009502750584454,LONG,-0.006613155891717341,0,0.006569709223161041
AVAXUSDT,1698710400001,2023,0.00018156,2.564518476423003,SHORT,-0.006037103286341572,0.007031584160871794,0.008513647114685767
AVAXUSDT,1698883200001,2023,0.00031014,12.386899288102615,SHORT,0.005892479607805515,0.005974564565783038,0.01678637293482106
AVAXUSDT,1699286400000,2023,0.00023531,2.2394433894872026,SHORT,0.0017841217935013313,-0.006950908430890354,0.0006202031364008985
AVAXUSDT,1699545600000,2023,0.00041209,5.1089907785413144,SHORT,-0.013320697447538324,0.029258870479583917,-0.03630673895321672
AVAXUSDT,1699603200000,2023,0.00036085,2.9987560170349936,SHORT,-0.015017450094133982,-0.02210782573302084,-0.09349754483060414
AVAXUSDT,1699660800000,2023,0.00040433,3.065261149696979,SHORT,0.005644288112344362,0.03428268848591906,0.010487917842092187
AVAXUSDT,1699891200000,2023,0.00038809,2.3685516146415684,SHORT,0.014545711002378751,0.021605868111319756,0.036828299051932176
AVAXUSDT,1700150400001,2023,0.00040911,2.1942944946729557,SHORT,-0.003977554189994166,0.0461278711689081,-0.04920760299856929
AVAXUSDT,1701475200000,2023,0.0001936,15.86826123821339,SHORT,-0.0030566414455345256,-0.008553282354441076,-0.004558724160420882
AVAXUSDT,1701676800000,2023,0.00035945,13.672080060600369,SHORT,0.001852097367638047,0.034968597837746855,0.031234361520631346
AVAXUSDT,1701763200000,2023,0.00033313,4.452155804049846,SHORT,0.0032030343401805218,0.006053779500271041,-0.055242337377128616
AVAXUSDT,1701820800000,2023,0.00041753,4.704174983322801,SHORT,0.0033308130718507386,-0.00015113730853228528,0.016305123131139854
AVAXUSDT,1702080000000,2023,0.00049829,3.576226897025862,SHORT,0.014770282843796457,-0.0084954258345574,-0.060656219888955025
AVAXUSDT,1703116800000,2023,0.0002749,2.232963140816596,SHORT,-0.01905902584848738,-0.030015031794210036,-0.03488306030174855
AVAXUSDT,1703376000000,2023,0.00050432,3.5313680201725686,SHORT,0.002868040333937611,-0.024269271699929117,-0.016703870026074274
AVAXUSDT,1703520000000,2023,0.00045651,2.302332082950854,SHORT,-0.0009585930256622643,0.012356066114596385,0.010837430906785447
AVAXUSDT,1703750400000,2023,0.00071411,3.310488606427668,SHORT,-0.00633825227636427,0.015901287889540244,0.04080192407298463
AVAXUSDT,1706112000000,2024,8.18e-05,-4.476409895220177e+14,SHORT,0.010050016211449402,0.04833142316813373,0.03356224853125358
AVAXUSDT,1706284800000,2024,6.75e-05,-9.762269207022138,SHORT,0.004572342294971483,0.017177809582494763,0.0019483095450349487
AVAXUSDT,1706400000000,2024,6.922e-05,-4.201876046480671,SHORT,-0.016542485760613894,-0.06025135310857883,-0.06634637575175684
AVAXUSDT,1707206400001,2024,6.535e-05,-2.0241907492390103,SHORT,0.006260302595209914,0.01282462109102694,0.009683610744155904
AVAXUSDT,1707811200000,2024,0.00016396,10.46887614320237,SHORT,0.0017361115471764782,0.01720409833291611,0.039936011801672694
AVAXUSDT,1707926400000,2024,0.00026428,11.79240952162902,SHORT,-0.003740938630910459,-0.014904335513228069,-0.016689433989137695
AVAXUSDT,1708387200000,2024,0.00045186,3.993523838676154,SHORT,0.002047712397721107,-0.004617531834144016,0.004690331923362785
AVAXUSDT,1708761600001,2024,0.00043111,2.7099452014215184,SHORT,-0.008368019321557616,-0.012826146363396955,-0.013753562485078082
AVAXUSDT,1708876800000,2024,0.00039682,2.262982436990606,SHORT,-0.00515856921530343,-0.010371486337034655,-0.009293319116689394
AVAXUSDT,1709136000000,2024,0.00062997,2.075340478032923,SHORT,0.03809581131696154,0.04763937809961247,-0.009004684840530072
AVAXUSDT,1709366400001,2024,0.00108345,2.9965726056830913,SHORT,0.01195681708674922,0.0005128444328915895,0.001889499844848958
AVAXUSDT,1709625600000,2024,0.00143701,4.049504720930236,SHORT,-0.001084986890374486,0.007139410497189075,0.14305642663605997
AVAXUSDT,1710604800000,2024,0.00017946,-2.3702749170481785,SHORT,0.0327401173280381,0.05773958384543157,0.07699332179257933
AVAXUSDT,1711468800000,2024,0.0003731,2.055964495274986,SHORT,-0.004723234887406015,-0.0003406757964867895,-0.0018096309529693428
AVAXUSDT,1711612800000,2024,0.00053119,2.957425559059862,SHORT,0.003506596718769165,0.011976630361042635,0.0021719102176259377
AVAXUSDT,1713052800000,2024,-6.294e-05,-5.0435689760543685,LONG,0.009367680356989393,0.04447124829072457,0.07184318813479308
AVAXUSDT,1713139200000,2024,-0.00011122,-4.5598522258488945,LONG,-0.0023725450527012984,-0.023396908918319817,0.03605922005511283
AVAXUSDT,1713254400000,2024,-8.633e-05,-2.7728574738668375,LONG,-0.0070914236021956106,-0.02736442823964405,-0.0307690087932188
AVAXUSDT,1713600000000,2024,-0.00010306,-2.4421206057431943,LONG,-0.0061098552801206844,-0.014219923835151766,0.06309010426706149
AVAXUSDT,1713715200000,2024,-0.00010823,-2.0443181692386077,LONG,0.003664151099719177,0.010602717524126448,0.040055984437621844
AVAXUSDT,1713830400000,2024,-0.00013462,-2.1230154509551116,LONG,-0.010265859519522037,-0.025852057877179008,-0.03419377692080371
AVAXUSDT,1716451200000,2024,0.00013987,2.115605647599462,SHORT,-0.00875114973514066,0.00791673953024139,0.05864265952738251
AVAXUSDT,1716940800001,2024,0.00015534,5.425485677693369,SHORT,-0.0007862381622067574,-0.012934699332773263,-0.0037899341520113983
AVAXUSDT,1716998400000,2024,0.00016972,5.035038277505722,SHORT,0.0026045213996104795,0.012816493062738613,0.002468701659360657
AVAXUSDT,1717257600001,2024,0.00024564,7.5502443504744505,SHORT,-0.0022804392773816346,-0.003002420870444558,-0.0064109010245683665
AVAXUSDT,1717545600000,2024,0.00023887,3.0055991260087844,SHORT,-0.0060047005928864595,-0.0025936057360922875,-0.0029793125485991895
AVAXUSDT,1717776000000,2024,0.00024431,2.1483385951174445,SHORT,0.023298469157393135,0.06842416654795136,0.06613075834381217
AVAXUSDT,1718697600000,2024,1.491e-05,-9.703951636722135,SHORT,0.00962108196750944,0.02482498091810983,0.0036488839928656125
AVAXUSDT,1719072000000,2024,-3.097e-05,-2.1057364074818756,LONG,-0.0071386153317523,-0.013743659159676274,-0.007061167995901947
AVAXUSDT,1719129600000,2024,-6.142e-05,-2.4862094115379345,LONG,-0.0037657516792048117,-0.019288170586746287,-0.02737959978750936
AVAXUSDT,1720166400000,2024,-0.00016551,-6.972574473005216,LONG,0.026920694842448963,0.06210951063208739,0.10064914408863257
AVAXUSDT,1720512000001,2024,-8.439e-05,-2.969764942714095,LONG,-0.005953904153095145,-0.009355334468040367,0.01478883920076113
AVAXUSDT,1720713600004,2024,-0.0001156,-2.7175613337446727,LONG,0.0038038515699706727,-0.00523922334527156,-0.0063852646886719796
AVAXUSDT,1721059200000,2024,-0.00013978,-2.469016486986444,LONG,-0.006082653573482671,0.006817412581638124,0.026022891406014277
AVAXUSDT,1721808000000,2024,-0.00012399,-2.217545961160502,LONG,0.0004327491287721433,-0.004873011211656785,-0.03637997594999316
AVAXUSDT,1721923200000,2024,-0.00013094,-2.244781521044362,LONG,0.0032098018666823214,7.390436778168304e-05,0.029995332866687457
AVAXUSDT,1722182400001,2024,-0.00025337,-2.7438607638034807,LONG,0.005004850894866451,0.004567469345394913,0.03257124035893242
AVAXUSDT,1722297600000,2024,-0.00039414,-3.1381463868957935,LONG,-0.010619699812004875,0.0017651606098322084,-0.011066194833561627
AVAXUSDT,1722844800000,2024,-0.00038437,-2.2812368813707002,LONG,-0.0024583167574851305,-0.05705480690572627,0.04920945937845674
AVAXUSDT,1722931200000,2024,-0.00045507,-2.6340147297177716,LONG,-0.0006344403716871578,-0.01153132334050544,0.027049488225650172
AVAXUSDT,1724947200000,2024,-0.00017556,-2.1261988347753475,LONG,-0.0017060944986825638,-0.03679890172456574,-0.04177177742415601
AVAXUSDT,1725235200001,2024,-0.00020278,-2.480743795254998,LONG,0.005674101257198894,-0.0030579646680862116,0.022279564699462105
AVAXUSDT,1725292800000,2024,-0.00019719,-2.1178532494352833,LONG,0.006987007236542113,0.02059327026570828,0.019254342992575273
AVAXUSDT,1725782400000,2024,0.0001,2.580406501046897,SHORT,0.004532388130188608,0.012557867013016928,0.0018714779252877415
AVAXUSDT,1726128000000,2024,-0.0003164,-3.678127308777884,LONG,-0.0027149721848042504,-0.0015686942779755562,0.00860510645851512
AVAXUSDT,1726675200004,2024,-0.00024975,-2.5134330262968043,LONG,0.0003459609098681106,0.02020962770879838,0.10959892573876757
AVAXUSDT,1727625600000,2024,-6.757e-05,-3.691175256689483,LONG,0.003833605689716499,0.007686909845116542,-0.014780483110350462
AVAXUSDT,1727798400001,2024,-8.854e-05,-2.913537934748909,LONG,-0.007079206562839194,-0.02397518921241969,-0.00966593959375535
AVAXUSDT,1727913600000,2024,-0.00011105,-2.115171150173466,LONG,0.002165397802752236,0.004404600482591164,-0.036484431810203756
AVAXUSDT,1729036800000,2024,-0.00011908,-2.0436842883262547,LONG,0.004401903860130612,-0.010057219388972246,0.0013978246393513993
AVAXUSDT,1729699200000,2024,-0.00014626,-2.815281681350074,LONG,-0.0004983038606664149,0.022357884690531623,0.038269592565763205
AVAXUSDT,1729843200000,2024,-0.00011919,-2.169618778409571,LONG,0.006502366778466581,0.0009856325905020378,-0.021855860187647277
AVAXUSDT,1729900800000,2024,-0.00017851,-2.887377090226734,LONG,-0.0009211238361295263,0.011937589536534036,0.023460674467184462
AVAXUSDT,1730016000000,2024,-0.00023747,-2.5764896765459797,LONG,-0.0048742234866273595,-0.0006275986712627196,0.0038745327612470606
AVAXUSDT,1730419200000,2024,-0.00044336,-3.7691440358030435,LONG,-0.0035403963597907123,0.002366675125413247,0.0178320279906086
AVAXUSDT,1731369600002,2024,0.00030821,2.262412742752903,SHORT,-0.0074915061778706524,0.01802409632701746,0.05383740332234602
AVAXUSDT,1732233600000,2024,0.00037199,2.575732221886022,SHORT,-0.00720947108706173,-0.02899803478517727,-0.10634643461266764
AVAXUSDT,1732348800000,2024,0.00032581,3.243429244450821,SHORT,0.006110310960369774,-0.006423804150203442,0.028702570375637202
AVAXUSDT,1733097600001,2024,0.00040734,2.6368279045816556,SHORT,-0.011000492131540513,-0.060945390840369505,-0.037762231148950595
AVAXUSDT,1733212800000,2024,0.00047279,3.2777781965996713,SHORT,-0.005638966486153043,-0.009277656702880726,0.006632323019395251
AVAXUSDT,1733299200000,2024,0.000402,2.461001038423283,SHORT,0.008490738939922268,-0.0010838317264256654,0.006213318660464693
AVAXUSDT,1733529600000,2024,0.00050826,2.2895232926760603,SHORT,-0.00044255025110649936,-3.849040627094334e-05,-0.0023068060979148704
AVAXUSDT,1734595200000,2024,-3.161e-05,-20.770433102547326,LONG,0.006949462001947663,0.00377519206332001,-0.08674922731785689
AVAXUSDT,1734710400014,2024,-0.00010293,-4.8659568417640395,LONG,0.01101932348394289,0.012650159583994286,0.05501253247343199
AVAXUSDT,1735315200000,2024,-8.497e-05,-2.795948234223127,LONG,0.020601447740059734,0.010651116886891873,0.0019103245173107168
AVAXUSDT,1736380800000,2025,2.433e-05,-3.098336165127916,SHORT,0.001734004249287689,0.00891536365795228,0.024007842567730135
AVAXUSDT,1736496000000,2025,2.357e-05,-2.8277897694087595,SHORT,-0.0032427001276756524,-0.0004258717125853285,0.026272583264627596
AVAXUSDT,1736611200000,2025,2.195e-05,-3.4565467624957833,SHORT,0.0053701701745937505,-0.02047428482109658,-0.01232940692480705
AVAXUSDT,1736726400000,2025,1.008e-05,-3.3079773259741843,SHORT,0.016912568969012075,0.03658205519763288,0.09620590137330033
AVAXUSDT,1737446400000,2025,-6.506e-05,-2.507878438107965,LONG,0.011116868621734817,0.03848930001964687,0.05148195583514341
AVAXUSDT,1737964800000,2025,-1.943e-05,-3.825408024626136,LONG,0.003033820476325791,0.0042507086579525784,0.016162982795216243
AVAXUSDT,1738569600000,2025,-0.00033471,-5.922209507547867,LONG,-0.004152980587417512,0.008294479865805409,0.09840360773767456
AVAXUSDT,1739664000000,2025,-0.00012862,-3.0002690975874406,LONG,0.0002755959780430665,0.0029881283537690267,-0.004301251624748741
AVAXUSDT,1739865600000,2025,-0.00023069,-3.3691871248229375,LONG,0.018226684377934132,0.01520497129370341,-0.030730883759362882
AVAXUSDT,1741046400001,2025,-0.00024457,-3.2533310266158497,LONG,-0.028882520645310262,-0.04233305968597974,-0.03831396359517189
AVAXUSDT,1741564800000,2025,-0.00031252,-2.1725621065109424,LONG,0.0012660668302796286,0.014165239999354958,0.03560211536269429
AVAXUSDT,1742054400000,2025,-0.00020421,-2.1007830953221354,LONG,0.004297154380594698,0.02545775620367707,0.05828820548668695
AVAXUSDT,1742140800000,2025,-0.00028621,-2.887590653224776,LONG,0.0020832784436931504,-0.016987492925020064,-0.005469182533593203
AVAXUSDT,1743206400000,2025,-0.00024923,-3.1025315212846114,LONG,-0.005214494302765866,-0.002062869100884134,-0.012739654820011173
AVAXUSDT,1743926400000,2025,-0.00029818,-2.672978755003303,LONG,-0.0028878384398967182,-0.015635762756186503,-0.0792452096610452
AVAXUSDT,1744099200000,2025,-0.00029629,-2.1199850102087523,LONG,-0.004665041381231952,0.020063661478124294,-0.04864878144616532
AVAXUSDT,1744243200000,2025,0.0001,2.006041281765653,SHORT,0.003725215220642622,0.007629644278191206,0.009008080247563149
AVAXUSDT,1744876800000,2025,7.844e-05,2.0076681354064223,SHORT,0.00041599501405894856,-0.007561668514352236,0.005003398148322397
AVAXUSDT,1745769600000,2025,-0.00010986,-2.210010376913846,LONG,0.0036331066199015694,0.014135965849643183,0.01113337044517215
AVAXUSDT,1745971200001,2025,-0.00011355,-2.0785042519376975,LONG,0.004046354610471381,0.007390609508253218,-0.02396720307642286
AVAXUSDT,1746028800003,2025,-0.00015933,-2.43983898712267,LONG,0.004688330838009535,0.01001964582660686,0.0041631834266138345
AVAXUSDT,1746230400000,2025,-0.00015483,-2.1289128077869024,LONG,-0.0033136124994153806,-0.0021289186041917835,-0.017351946468629326
AVAXUSDT,1746374400002,2025,-0.00020554,-2.1061571182530976,LONG,0.00360848384337776,0.011183900085612139,0.006854996696601373
AVAXUSDT,1747526400000,2025,6.38e-06,-2.7110150062139664,SHORT,-0.0028274596401169703,-0.008413941510523612,-0.03367381038879791
AVAXUSDT,1748073600000,2025,-5.367e-05,-2.190849205685506,LONG,-0.002899619022504031,0.0012956166787542827,-0.0063294094339820485
AVAXUSDT,1748592000003,2025,-0.00025091,-4.0678510218595845,LONG,0.004651603884629118,0.015498448132561363,-0.011866096129057762
AVAXUSDT,1749168000002,2025,-0.00018426,-2.0951753078063233,LONG,-0.0004776182859389437,0.024682260141240826,0.029381589711742737
AVAXUSDT,1749801600001,2025,-0.00017593,-2.4556515958524434,LONG,-0.00448594983152311,-0.00731302883082597,-0.0005726631595707241
AVAXUSDT,1750262400001,2025,-0.00015652,-2.4626422156722767,LONG,0.007987350303917881,0.020818797841909948,-0.018124370313413938
AVAXUSDT,1750320000003,2025,-0.00015597,-2.170259574074963,LONG,0.007124995352008573,0.002789246480878636,0.006792142802613658
AVAXUSDT,1751356800002,2025,-0.0001059,-3.3890921687907523,LONG,0.0034143321167876845,-0.007323106129083198,-0.027449644621294036
AVAXUSDT,1751414400001,2025,-9.383e-05,-2.6418089243771616,LONG,0.009809152044744076,0.024402057004543176,0.024344794714608813
AVAXUSDT,1753344000001,2025,7.045e-05,-2.3511022104266845,SHORT,0.0022069442791759564,-0.005875532067132157,-0.024374086577133868
AVAXUSDT,1753430400000,2025,1.297e-05,-10.54316203546507,SHORT,-0.02006470728280041,-0.021458494596899524,-0.027224139843210253
AVAXUSDT,1753776000000,2025,5.839e-05,-2.3109236775516173,SHORT,0.010799284056891156,0.009998290782458225,0.04640300381467831
AVAXUSDT,1753977600000,2025,-2.256e-05,-3.0660788458024864,LONG,-0.014482387512900928,-0.025132394333035164,-0.05348257186500865
AVAXUSDT,1754956800000,2025,-2.2e-07,-2.162496414034124,LONG,0.001302479235927976,0.006797592905619585,0.02454637487328419
AVAXUSDT,1755302400004,2025,-0.0001413,-7.472374346073504,LONG,-0.005747620987254649,-0.0065833571104459455,-0.011780569026857358
AVAXUSDT,1755504000001,2025,-0.00016208,-4.747090291607137,LONG,0.009020707014146893,0.023835172794779983,0.00897854583194109
AVAXUSDT,1755590400001,2025,-9.655e-05,-2.25392901517325,LONG,0.005326647936467495,0.009120246485281269,-0.015137883680812272
AVAXUSDT,1756713600000,2025,-7.953e-05,-2.9938922578852165,LONG,0.0005389606481906679,-0.013905642171990676,-0.0412298629295885
AVAXUSDT,1756771200000,2025,-0.00010841,-3.048311956640836,LONG,0.004620142504482976,0.03495699726682001,0.021323865134095305
AVAXUSDT,1757692800005,2025,-1.437e-05,-5.608418723251879,LONG,0.0022767483871080803,0.0032209529649585692,0.07421817603100614
AVAXUSDT,1757808000006,2025,-9.514e-05,-6.795946379395341,LONG,-0.0017017872869292106,0.004723108730251705,-0.015895487162219477
AVAXUSDT,1757923200002,2025,-4.093e-05,-2.839330519976796,LONG,0.008434716485807254,0.013182997175813511,0.05786794928082518
AVAXUSDT,1758412800000,2025,-5.963e-05,-2.0225518875629533,LONG,-0.0023653577258297594,0.0006056018353141736,-0.005802048506649783
AVAXUSDT,1759420800000,2025,-8.954e-05,-3.034151285610279,LONG,0.008731665552150618,0.022578015553340214,0.019661805852669984
AVAXUSDT,1759593600000,2025,-0.00014455,-3.5142992958802037,LONG,-0.0027350672465019316,0.0007990944022476169,0.02817827891859118
AVAXUSDT,1759708800004,2025,-0.00018863,-2.847931404288704,LONG,0.005915603824620515,0.008232411639242319,0.017020421788037206
AVAXUSDT,1759852800000,2025,-0.0001604,-2.1628890112414756,LONG,-0.005971215494136601,-0.00925297294308264,-0.011623942081100442
AVAXUSDT,1760169600003,2025,-0.00026718,-3.0471583296190197,LONG,-0.014608985806539389,-0.032918263759458645,-0.0797216774885315
AVAXUSDT,1760284800000,2025,-0.00053536,-4.108778514822887,LONG,0.007247369209081094,0.016015125169981746,-0.0029759943788847548
AVAXUSDT,1761609600000,2025,-0.0001436,-2.3336453435390507,LONG,0.00540037642187318,0.0030474341598464225,-0.0003446493227292547
AVAXUSDT,1761840000001,2025,-0.00039812,-4.569710765060942,LONG,-0.0062195758739495505,-0.016263219384495015,0.010751324671321899
AVAXUSDT,1762156800010,2025,-0.00045881,-3.3391101439723148,LONG,-0.007299512251629082,-0.00011454097715973562,-0.05569748336477225
AVAXUSDT,1762992000002,2025,-0.00041211,-2.707722841296912,LONG,0.009805737498215245,0.03252936525886496,0.031437003060956474
AVAXUSDT,1763078400000,2025,-0.00051425,-3.958352697882879,LONG,0.0011295181923768522,-0.014737308564362518,-0.0326747209315305
AVAXUSDT,1763164800005,2025,-0.00035835,-2.128242091998447,LONG,0.009032780654120179,0.014130388079304933,0.01695833520465848
AVAXUSDT,1764230400000,2025,-0.00042724,-2.2099824886303887,LONG,-0.0020101856139181067,-0.0008705843509845997,0.005740237361090991
AVAXUSDT,1764950400010,2025,-0.00048547,-2.4263095963780192,LONG,-0.0021610351567501558,-0.008372002853685055,-0.011830912986944603
AVAXUSDT,1765440000000,2025,-0.00043297,-2.507463644525418,LONG,-0.000674233085436055,-0.005707863788062058,-7.48923422930133e-05
AVAXUSDT,1766448000000,2025,-0.00040648,-3.3056565692548094,LONG,-0.0016055233439974475,-0.011212055345023359,-0.024604383547719794
AVAXUSDT,1767225600008,2026,-0.00032128,-2.414891187786216,LONG,-0.0004056959770034678,-0.007654760504603032,0.001783109566303051
AVAXUSDT,1767772800001,2026,-0.00022571,-2.320769369796941,LONG,-0.003524415382424956,-0.007895324620321206,-0.03011221141479697
AVAXUSDT,1768233600000,2026,-0.00020954,-2.656276653943888,LONG,-0.010371054265487194,-0.017174050401369934,-0.013876498591241127
AVAXUSDT,1768723200000,2026,-0.00015182,-2.193170194425725,LONG,0.0010269953954301816,-0.006258073065178938,0.0052704902033762135
AVAXUSDT,1769558400000,2026,8.299e-05,2.2907009991592857,SHORT,0.0019800352975066393,0.007113346785020121,-0.0016470398189273084
AVAXUSDT,1769702400000,2026,-0.00040579,-5.327560839179019,LONG,-0.0010910083816982644,0.001997095798116313,-0.0031854406912861437
AVAXUSDT,1769904000001,2026,-0.00027652,-2.089364512500771,LONG,-0.0009830909167704664,0.0026495280697705474,-0.011364320140667693
AVAXUSDT,1770796800006,2026,-0.00020844,-2.4767393349608335,LONG,-0.002344117341554411,0.004322184171553573,0.017522931677652422
AVAXUSDT,1771459200013,2026,-0.00018518,-2.0327388964175195,LONG,0.008117293725176127,0.006544082927615461,-0.005220758651970908
AVAXUSDT,1771747200004,2026,-0.00019539,-2.296313976622935,LONG,0.0008906702882278424,-0.005920812694037546,-0.02093492325842015
AVAXUSDT,1771804800001,2026,-0.00025411,-2.659111832569798,LONG,-0.04961624559966817,-0.04949656395270584,-0.005367454215429316
AVAXUSDT,1772812800004,2026,-0.00022904,-3.038581404809336,LONG,-0.005259930430513012,-0.00033491487893300864,0.004788161255299618
AVAXUSDT,1773849600005,2026,-0.00018495,-2.609523355462171,LONG,0.00961144047680222,0.013554581416561708,0.009507463351676137
AVAXUSDT,1774195200002,2026,-0.00024677,-3.1104193944569434,LONG,-0.0012121881477711158,-0.011297052253461604,0.0074610835473328165
AVAXUSDT,1774569600006,2026,-0.00019598,-2.4395627876620285,LONG,0.0021939455926203773,-0.006500325868985642,-0.03679887330260986
AVAXUSDT,1775116800001,2026,-0.00021589,-3.156960409891117,LONG,-0.00034644032911893517,-0.0005774672447818783,0.005526784361694712
AVAXUSDT,1775548800000,2026,-0.00039068,-5.308564147364873,LONG,0.0003453634985113827,-0.0035757578903752663,0.00859850525523177
AVAXUSDT,1776528000000,2026,-0.00014487,-2.827545318509767,LONG,0.0007456724713022286,0.0008521517345662729,-0.009959921691998923
AVAXUSDT,1776931200000,2026,-0.00010462,-2.015498771181229,LONG,-0.004428370362628611,0.0006464124336268167,0.0037648621891431438
AVAXUSDT,1777161600003,2026,-0.00011823,-2.189584218629422,LONG,-0.0017160021370890223,0.003316397797568469,0.011082807386244882
AVAXUSDT,1777276800000,2026,-0.00018166,-2.832423544544785,LONG,0,-0.0010820169850284948,-0.008689095615863058
AVAXUSDT,1777795200003,2026,-0.00020803,-2.5449678906828757,LONG,0.0022136146283137296,0.007616351183874022,0.01080019314439253
AVAXUSDT,1778688000001,2026,-0.00013419,-3.404242510928647,LONG,0.0027696586407929364,0.004305049699371185,-0.002674348436155148
AVAXUSDT,1778860800012,2026,-0.00016242,-3.109991553875752,LONG,0.003028881108234136,-0.003982816290982876,-0.008614403517913472
AVAXUSDT,1779955200000,2026,-0.0001485,-4.817640785717226,LONG,0.007132778613253357,0.005439106893538357,0.015110797219716676
AVAXUSDT,1780588800003,2026,-8.512e-05,-2.1363866920250034,LONG,-0.000645036466924295,-0.002453355223707876,-0.036377197230958745
AVAXUSDT,1781020800001,2026,-0.00015089,-2.963808601188828,LONG,0.013113942129825265,0.024561574298923396,0.004441388723637463
AVAXUSDT,1781424000009,2026,-0.00016329,-2.6097655335859202,LONG,0.0033047949561451104,-0.006642536501401202,-0.029005238964754806
AVAXUSDT,1781654400012,2026,8.835e-05,2.1437023769326657,SHORT,-0.009526630941264307,-0.007801253086925161,0.007570279274904459
AVAXUSDT,1781740800002,2026,-0.00015109,-2.0734373794745187,LONG,0.0017743609564330894,-0.018672586737043743,-0.014309381138995127
AVAXUSDT,1783238400001,2026,-0.00013162,-3.6319572308849932,LONG,-0.004707275535327943,0.009348592771299624,0.012687009399689867
AVAXUSDT,1783411200000,2026,-7.396e-05,-2.331595824745475,LONG,0.004584111539571296,0.002959895604800095,-0.0011864156812084056
AVAXUSDT,1783497600000,2026,-0.00017907,-4.0426088170038055,LONG,0.0029885983707255747,0.0080019254931607,0.01314572921250273
AVAXUSDT,1783843200003,2026,-0.00022806,-3.885271397092244,LONG,0.0032820221693238678,0.006708816799960161,0.011362874223262393
AVAXUSDT,1784822400000,2026,-0.00014286,-2.9965879313544885,LONG,-0.01694158166938809,-0.018841819770877226,-0.027118168143323285
AVAXUSDT,1785628800000,2026,-0.00021252,-2.622556894510086,LONG,0.0041895001658284105,0.04452898562967763,0.05802819353566182
AVAXUSDT,1786032000000,2026,-0.00013145,-2.480205169693772,LONG,-0.006483505267881823,-0.006793294613605916,-0.01628826827456207
AVAXUSDT,1786492800001,2026,-0.00024723,-3.762538132969473,LONG,0.0004772130846946639,0.0007952286701383172,0.019225300614673858
AVAXUSDT,1787932800001,2026,1.2e-06,-2.3488578547606282,SHORT,0.0010975443549278202,0.0030211503341762112,-0.00013710838439233907
AVAXUSDT,1788134400002,2026,-2.149e-05,-2.4947470085639076,LONG,-0.005753190639006466,-0.0004198446636438585,0.0032129663736871214
AVAXUSDT,1788969600002,2026,-3.066e-05,-2.291294353520792,LONG,-0.0020161297151846595,-0.008215934479320439,-0.014071348357769934
UNIUSDT,1672272000011,2022,-6.946e-05,-2.158910969893834,LONG,-0.0010027073937483024,0.021024177795787836,0.01984585872779544
UNIUSDT,1673164800000,2023,3.34e-06,-2.5020767701500066,SHORT,0.00036523009901992184,0.00292558263156764,0.001278889367694523
UNIUSDT,1673625600018,2023,3.487e-05,-2.0101817437533898,SHORT,-0.008700703332698297,-0.02233727828224358,-0.10597038735643136
UNIUSDT,1674547200008,2023,0.00018035,1.9762611817634172e+15,SHORT,0.01488344187630143,0.014433700470024995,0.018639173775422083
UNIUSDT,1676188800000,2023,6.717e-05,-8.074754772531786e+14,SHORT,-0.004292510040342263,0.0032315177771384744,0.003848230716820636
UNIUSDT,1676246400006,2023,4.036e-05,-9.93450262302858,SHORT,0.011397938812152463,0.002995194167948156,0.01570588324874669
UNIUSDT,1677945600012,2023,8.917e-05,-2.66370984424365e+14,SHORT,0.00032325844794181297,0.010723092187598886,-0.015872076690104292
UNIUSDT,1678032000015,2023,7.458e-05,-12.890137061990954,SHORT,-0.0001591469725647199,-0.00966191091173689,0.0017522903727032863
UNIUSDT,1678262400014,2023,4.161e-05,-5.6227478224988205,SHORT,0.0014063601036623057,0.004381853646554256,0.014470211590895121
UNIUSDT,1678406400000,2023,-1.134e-05,-7.132965966331671,LONG,0.003514324474454848,-0.0074205287499446914,-0.026216392210255745
UNIUSDT,1678636800005,2023,-7.492e-05,-6.493140506158025,LONG,0.028084099548168106,0.05121978929728981,0.09761282886700032
UNIUSDT,1679702400015,2023,6.171e-05,-3.906941556757318,SHORT,0.0001700246539842406,0.007337290830402565,0.015591851888150375
UNIUSDT,1680595200017,2023,-3.161e-05,-2.3746651262608083,LONG,0.004343474920787141,0.02005536681334843,0.03390713232867356
UNIUSDT,1681286400008,2023,-1.799e-05,-3.254129491500055,LONG,0.005482282019485484,0.010254747188220609,0.01618847655895512
UNIUSDT,1682150400000,2023,8.9e-06,-4.115562050058241,SHORT,0.0007291287235162793,-0,0.001093892542990089
UNIUSDT,1682208000009,2023,-2.137e-05,-7.236206921279187,LONG,0.0009178522902289597,0.0067722414956701985,0.010777344246118713
UNIUSDT,1683072000009,2023,3.79e-05,-2.150162114459726,SHORT,-0.0030291579391129894,0.003609083602180502,0.015477523068913174
UNIUSDT,1683244800002,2023,1.84e-05,-4.326330123449468,SHORT,-0.007206554989361231,-0.008528432247277139,-0.014736711053114105
UNIUSDT,1683590400015,2023,-7.745e-05,-8.066113612577196,LONG,0.002815770162909751,0.00040273862807750773,0.00442122906684966
UNIUSDT,1684598400020,2023,4.589e-05,-2.8787098289481285,SHORT,-0.0037986750332157384,-0.004367233752217848,-0.0009510224207039318
UNIUSDT,1684656000001,2023,4.558e-05,-2.731046702851687,SHORT,0.00038197097485040486,0.008437250435168794,0.018890307287258067
UNIUSDT,1684742400000,2023,1.41e-06,-4.509509195362382,SHORT,-0.004883299087882925,0.001175548724717394,0.007271330062415036
UNIUSDT,1685059200000,2023,1.003e-05,-3.1215731821316632,SHORT,0.002828284713614595,-0.003423626342776131,-0.00442834862160896
UNIUSDT,1685577600008,2023,3.474e-05,-2.2421028651876487,SHORT,-0.002988943143812784,0.001997603540820881,-0.006563922125085407
UNIUSDT,1686009600000,2023,-3.051e-05,-10.13424206843157,LONG,-0.0061617107729206476,0.0014816385396472047,-0.004883755327428622
UNIUSDT,1686384000000,2023,-3.151e-05,-4.474472168623774,LONG,-0.0007620983475672547,0.0027894020875785922,0.0277969568330903
UNIUSDT,1686643200000,2023,-0.00015319,-2.7158153379051875,LONG,-0.004378391601102936,0.025875252031631456,-0.015992924021795918
UNIUSDT,1687737600000,2023,-0.00012756,-4.023621089028132,LONG,-0.005619044565295599,-0.01032582158753572,0.014831565905995171
UNIUSDT,1688803200000,2023,2.58e-06,-3.328365118695218,SHORT,0.004637797015255675,0.01811609914638068,0.03925773031073785
UNIUSDT,1689264000000,2023,-4.163e-05,-2.3494849764110737,LONG,0.012183429593827212,0.014462333200836385,0.05713867459536886
UNIUSDT,1689552000000,2023,-3.639e-05,-2.024252749834631,LONG,0.00017459624662410464,0.05849620668160842,0.010767731685147285
UNIUSDT,1690473600001,2023,4.156e-05,-2.892260350622272,SHORT,0.0001705756933774183,0.0017070676729942702,-0.014729801575460374
UNIUSDT,1691020800000,2023,1.662e-05,-3.571004760999778,SHORT,-0.002436450486536591,-0.0014625825309759787,-0.008743579019647825
UNIUSDT,1691395200000,2023,3.719e-05,-3.975216248844459,SHORT,-0.003217342543314536,-0.000678196024638339,0.009714605585634894
UNIUSDT,1692201600000,2023,7.199e-05,-2.298619144710648,SHORT,-0.0005385513100276697,0.029891053516359855,0.020499584066370445
UNIUSDT,1692864000000,2023,-0.00017212,-4.667237586979267,LONG,-0.0029455102297566917,-0.007380107297622646,-0.03136926366764505
UNIUSDT,1693324800000,2023,-9.013e-05,-2.654004312818836,LONG,0.0004146796659050597,-0.00603225958148511,-0.01884083364283891
UNIUSDT,1693526400000,2023,-0.00018545,-4.101702510698241,LONG,-0.004776535864153464,-0.00249914931847499,-0.0034094816526203217
UNIUSDT,1694188800000,2023,-0.000112,-2.5649496391203286,LONG,0.0018289899931724968,0.0025139997242627395,-0.0029792619721937448
UNIUSDT,1695312000000,2023,-7.307e-05,-2.142857342158174,LONG,0.001889913154070742,0.000709136065646713,0.001181614222321784
UNIUSDT,1696435200000,2023,-0.0001113,-2.751537420363476,LONG,-0.002091807851654843,-0.00046446819227959676,-0.002091807851654843
UNIUSDT,1696867200000,2023,-0.00019251,-4.056807225853609,LONG,0.005338522749248625,-0.00024333860687063698,0.000729660740143868
UNIUSDT,1697155200000,2023,-0.00017505,-2.8495599845047317,LONG,-0.004502258730737899,0,0.005227143202308303
UNIUSDT,1697558400000,2023,-0.00017718,-2.3572292673329587,LONG,-0.007714103566041878,-0.016529301951210582,0.000768147522087498
UNIUSDT,1698883200001,2023,0.00021346,10.445041951019013,SHORT,-0.005874964443020971,0.011641575015485755,0.027954450172214367
UNIUSDT,1699315200001,2023,0.00016153,2.3721662164343384,SHORT,-0.0009900010708594664,0.006359321908292504,0.02162679403908084
UNIUSDT,1699545600000,2023,0.00020897,2.7461908744653774,SHORT,0.005652013431346417,0.01828204483744907,-0.05177626952371995
UNIUSDT,1699660800000,2023,0.00020406,2.248990359418253,SHORT,0.009300626974397198,0.011209388767896396,-0.016860646702969655
UNIUSDT,1701561600000,2023,0.00018336,2.0502941146459052e+15,SHORT,-0.0008107013009888613,0.006509380185516894,0.010271550321829685
UNIUSDT,1701820800000,2023,0.00018658,2.402488559241429,SHORT,0.006381642589520609,0.017972242404430367,0.03974247774748392
UNIUSDT,1701993600000,2023,0.00019514,2.146271308658679,SHORT,-0.005830920310793144,-0.007087201883054831,-0.023894320199436134
UNIUSDT,1703203200000,2023,0.0003172,3.1370755087231146,SHORT,-0.005265269443699382,0.0011204482964897178,-0.006537534246356073
UNIUSDT,1703404800000,2023,0.00035048,2.3900892822585837,SHORT,-0.016441228926033932,-0.033210599285518894,-0.0742285656933433
UNIUSDT,1703520000000,2023,0.00039708,2.940969938308348,SHORT,0.0007142347278843458,0.017284025257153543,0.011778360813654373
UNIUSDT,1703692800000,2023,0.00049956,2.850214612691873,SHORT,0.017634748912082374,0.023399244698916973,-0.0013437250073452818
UNIUSDT,1704240000000,2024,0.00011651,-2.0171799813199325,SHORT,-0.002339504266677709,-0.004262053609197158,0.0774626825061512
UNIUSDT,1707292800000,2024,6.1e-05,-9.592306918328959e+14,SHORT,-0.006057726160381941,-0.0022360654581248633,-0.0280642728410159
UNIUSDT,1707984000000,2024,0.00019699,14.03999599186342,SHORT,-0.006659606617846246,-0.033963155313158765,-0.045847729319040686
UNIUSDT,1708070400000,2024,0.00023432,6.92796796287497,SHORT,0.00863735354512352,-0.008432197524371259,0.017080746197629452
UNIUSDT,1708156800000,2024,0.00025284,4.244860778898321,SHORT,0.008472917342313509,-0.030207401309840634,-0.028126235106016115
UNIUSDT,1708329600000,2024,0.00024621,2.362570381372118,SHORT,-0.0009186955170725863,-0.005238356661588931,-0.005368964641922346
UNIUSDT,1708732800000,2024,0.00038889,2.744352318713251,SHORT,0.04070040658162892,0.01215200697960845,0.032209036043200814
UNIUSDT,1708848000000,2024,0.00040906,2.582558599250036,SHORT,-0.008397464075431259,-0.01821475576976855,-0.0122423602642382
UNIUSDT,1709020800000,2024,0.00060713,3.6225059518609166,SHORT,-0.004988446243195621,0.009134151924716357,0.02262165430482909
UNIUSDT,1709136000000,2024,0.00055255,2.2156003592530267,SHORT,0.0493321696027551,0.021451235572048824,0.017859244604258008
UNIUSDT,1709366400001,2024,0.0007815,2.4746614813769074,SHORT,0.025949887713912174,0.017994923655982854,-0.01576355626897157
UNIUSDT,1709625600000,2024,0.00119001,5.162762448338427,SHORT,-0.018299392374285177,-0.0006837607104006278,0.09487707707242686
UNIUSDT,1710633600000,2024,0.0001,-2.04846661361654,SHORT,-0.023175428702631274,-0.027287276601236112,-0.013736709846183739
UNIUSDT,1711468800000,2024,0.00025525,4.949144700587499,SHORT,-0.009964608737281161,-0.013764787485236152,-0.0159749075734413
UNIUSDT,1711814400000,2024,0.00051209,2.5205873699227546,SHORT,-0.005471756011145041,0.002118561740255236,-0.004925925750799995
UNIUSDT,1713369600000,2024,-6.67e-06,-2.955176860791455,LONG,0.030418920191539064,0.024612545916625855,0.05246390111166644
UNIUSDT,1713686400000,2024,2.164e-05,-2.0360529539344925,SHORT,-0.0003851338387679509,0.0030864222031893912,0.00954722772391713
UNIUSDT,1713801600000,2024,-2.91e-06,-2.3070583694568456,LONG,0.009337135995939917,0.013047715392475455,0.012553766259192148
UNIUSDT,1714147200000,2024,-5.257e-05,-2.715607625617056,LONG,0.006694256146929894,0.021368891277637723,0.012694013286456064
UNIUSDT,1714521600000,2024,-7.095e-05,-2.635378297369585,LONG,0.011135018690150085,0.017220947884309355,-0.013585987261855266
UNIUSDT,1715414400000,2024,-3.824e-05,-2.9882708595155085,LONG,0.00436835754196647,-0.0028284561354272202,-0.000706364372098168
UNIUSDT,1715472000000,2024,-5.637e-05,-3.214899413116677,LONG,-0.00042738087408845493,0.009497555267668125,0.01231525225729305
UNIUSDT,1715760000000,2024,-7.429e-05,-3.201442012049813,LONG,0.007853443505570304,0.029066794521135423,0.07507740386126022
UNIUSDT,1716883200000,2024,0.00015529,2.0079601110802248,SHORT,0.004051197880311602,0.007378065379076554,-0.01956297318978511
UNIUSDT,1717315200000,2024,0.00015708,2.0706769093618673,SHORT,0.006945891051112746,0.012084120421762294,0.03997832906197927
UNIUSDT,1717747200000,2024,0.00018639,2.8257798088288113,SHORT,0.0021607411290843347,0.01961683374605959,0.08292473460417778
UNIUSDT,1718697600000,2024,6.317e-05,-9.058581123129626e+14,SHORT,-0.002838894738425093,0.03450042643945249,0.020930280829872954
UNIUSDT,1718755200001,2024,2.529e-05,-11.114846650859771,SHORT,-0.021110554776208778,-0.03641118395535976,-0.02091158939552862
UNIUSDT,1718899200000,2024,3.971e-05,-3.834786554747998,SHORT,0.002988645380553942,-0.005357155669242365,0.0020911135327182895
UNIUSDT,1719014400000,2024,-6.686e-05,-8.972590234714279,LONG,0.00597939925846435,0.010798685694413319,0.02410986125606713
UNIUSDT,1719648000000,2024,-6.295e-05,-4.19728316408328,LONG,-0.0015583262280843323,-0.008264509849893424,-0.011184547863633853
UNIUSDT,1720713600004,2024,1.654e-05,-2.7298415820140525,SHORT,-0.005047966297304853,-0.0006323910917133879,0.006346004289748796
UNIUSDT,1721145600000,2024,-2.107e-05,-3.8179802769471167,LONG,-0.002421895104863155,-0.013516187501078546,0.005668470825369054
UNIUSDT,1721433600001,2024,-4.271e-05,-4.333664101544098,LONG,-0.001391260579814826,0.011810666249970896,-0.0016444251381288891
UNIUSDT,1722153600000,2024,-5.332e-05,-3.282830154708191,LONG,0.002122298183516658,0.01227333123268636,-0.0017276899772283906
UNIUSDT,1722643200000,2024,-5.953e-05,-2.1970392973805812,LONG,0.009601536842822878,0.017758681771105053,0.035207487747994065
UNIUSDT,1722729600000,2024,-8.847e-05,-2.3561644150330268,LONG,-0.006033200804167809,-0.0037664827954768934,-0.02050964409095446
UNIUSDT,1723766400000,2024,-8.906e-05,-2.2464489694069223,LONG,0.006556351941772894,0.019541490847756086,0.010850593133205043
UNIUSDT,1724025600000,2024,-9.731e-05,-2.0829723592099043,LONG,0.005335933106712516,0.007591088701646043,-0.0037358932430303204
UNIUSDT,1724803200000,2024,-9.736e-05,-3.069010519853085,LONG,-0.0005278437705030432,0.007011422237804083,0.02278161302871883
UNIUSDT,1725235200001,2024,-0.00015285,-2.8026766009125503,LONG,-0.0030038011807278268,-0.013857034661426241,0.05425291884374217
UNIUSDT,1726128000000,2024,-0.00011816,-3.701135727298317,LONG,-0.002231645648337779,-0.0038713568303602986,0.014605260726013201
UNIUSDT,1726329600001,2024,-0.00013647,-3.2727635850011074,LONG,-0.0015037596818663988,0.0016515280384729392,0.016245979189258998
UNIUSDT,1727856000000,2024,-1.999e-05,-3.8838533488041054,LONG,-0.019967385513868497,-0.05372406214402305,-0.08163421690874706
UNIUSDT,1727913600000,2024,1.096e-05,-2.7160417966189354,SHORT,-0.007589886870584403,-0.005214941417046114,0.019611429561290333
UNIUSDT,1728028800000,2024,-1.434e-05,-2.075980219978492,LONG,-0.008182742972134536,-0.003413732443191525,-0.0014827997971894188
UNIUSDT,1728576000000,2024,-0.00013185,-3.0812448431780424,LONG,0.003250860728217732,-0.04211926590729255,-0.050582652495761965
UNIUSDT,1729958400000,2024,4.768e-05,-1.2868448665819775e+15,SHORT,-0.006080688960926048,-0.006350085514279312,-0.03122335025941922
UNIUSDT,1730707200000,2024,5.649e-05,-4.447105214623131,SHORT,-0.0014520112903946918,-0.008824650395847625,0.01095781290947412
UNIUSDT,1731254400000,2024,0.000301,20.952717697090307,SHORT,0.00423954000130516,0.05690336813250929,0.017497512451245294
UNIUSDT,1731369600002,2024,0.00031981,4.2165625160592795,SHORT,0.004451931996012966,-0.052960376406515366,0.03102900488687766
UNIUSDT,1732003200000,2024,0.00029908,2.2019803712060253,SHORT,-0.0036594594707763817,-0.024603189971123526,0.0014027517811371368
UNIUSDT,1732348800000,2024,0.00034956,4.576159452385232,SHORT,0.010035112141046625,-0.005354890901921528,-0.00853543614622666
UNIUSDT,1733097600001,2024,0.00037108,2.3410646756770275,SHORT,-0.01935228498368095,0.017100988041407805,-0.05940733621268325
UNIUSDT,1733270400000,2024,0.00045432,3.234856985667645,SHORT,0.005216427028936637,0.017606673466860803,-0.03666161345202628
UNIUSDT,1733385600000,2024,0.00051631,2.6614669216424027,SHORT,-0.023324859918125978,-0.014329297009547982,0.005998974693891204
UNIUSDT,1733529600000,2024,0.00055069,2.4273966413520536,SHORT,0.011697374538972434,-0.026810056858764992,0.013650724579808794
UNIUSDT,1734710400014,2024,9.169e-05,-2.04389924336701e+14,SHORT,-0.029537012595671923,-0.06305457356543692,-0.12293521362824861
UNIUSDT,1734825600000,2024,1.048e-05,-59.826747526839796,SHORT,-0.020381937236656985,0.004751660881836335,-0.03715034856013147
UNIUSDT,1735257600000,2024,1.041e-05,-3.260398704285456,SHORT,-0.024417544755270023,-0.03586611556522945,-0.04383142623771979
UNIUSDT,1736294400001,2025,4.977e-05,-1.2354399397632402e+15,SHORT,0.011947399342912293,0.03440359921589035,0.0461648928121061
UNIUSDT,1736352000000,2025,7.284e-05,-2.826539611985434,SHORT,0.009830180942905005,0.006258471268066554,-0.009505629259292
UNIUSDT,1736467200000,2025,-6.56e-05,-9.963813717483747,LONG,0.009161768161458453,0.02102304876354788,0.01711003300986831
UNIUSDT,1736611200000,2025,-1.654e-05,-2.6414160694156177,LONG,-0.0036627394255784387,0.008228701082549205,0.010546702844834747
UNIUSDT,1736755200000,2025,-5.745e-05,-2.959590734077857,LONG,-0.010691974483470847,-0.0479081549801846,-0.016394446679610035
UNIUSDT,1737763200000,2025,4.189e-05,-13.832400180440375,SHORT,-0.006255351645502174,-0.0024418048922372417,0.0075255978894373824
UNIUSDT,1737849600000,2025,1.359e-05,-7.121820319323803,SHORT,0.0004954173992832283,-0.020346332466034473,0.008955283729104167
UNIUSDT,1738051200000,2025,5.02e-06,-4.00946526349803,SHORT,-0.001522820198434555,0.00017930787209588202,0.005483406251453073
UNIUSDT,1738108800000,2025,-3.246e-05,-4.608831506518079,LONG,0.008279797147350845,0.027222061317241884,0.05137289496956121
UNIUSDT,1738569600000,2025,-0.00022561,-6.874078264067558,LONG,-0.021333555940990786,-0.01878041030144022,0.05256003606827527
UNIUSDT,1739865600000,2025,-7.894e-05,-3.1449295779251614,LONG,0.025978196580926368,0.02639005820124591,-0.019208786109051426
UNIUSDT,1740816000000,2025,-1.34e-05,-2.0867755397878853,LONG,0.002144198087659283,-0.015275727928422304,0.007218317667195797
UNIUSDT,1740902400000,2025,-7.718e-05,-3.6375356303475304,LONG,0.008569950683067257,0.008569950683067257,0.10363767685546116
UNIUSDT,1741046400001,2025,-0.00010645,-2.9747624379741677,LONG,-0.03440572595271335,-0.02686967255541739,-0.02642813895489668
UNIUSDT,1741507200000,2025,-7.675e-05,-2.1883770624094607,LONG,-0.005863441896998858,-0.018275204638441338,-0.08167196327401492
UNIUSDT,1741564800000,2025,-9.082e-05,-2.2106042438828144,LONG,0,0.027973852042406162,0.04152480022341476
UNIUSDT,1741651200000,2025,-0.00012818,-2.5037564620853487,LONG,0.03440486019962175,0.03182643161167715,0.0500754244424143
UNIUSDT,1742083200000,2025,-0.00012752,-2.6794460505015674,LONG,-0.009998470651150709,0.0028841551798629694,-0.03295029782935304
UNIUSDT,1742601600000,2025,-7.617e-05,-2.3163038285298945,LONG,-0.006023672074104881,0.011505260531657404,-0.006171045149310783
UNIUSDT,1744099200000,2025,-8.985e-05,-3.3723361360973834,LONG,0.00019404288408608685,0.00792504389446958,-0.06369794044082948
UNIUSDT,1744646400000,2025,-5.56e-05,-2.1071374404226058,LONG,0.014771317320312503,0.003898640415657323,0.00204404047754804
UNIUSDT,1745740800000,2025,8.14e-06,-2.513658679333914,SHORT,-0.0019162099757637989,0.017235741481896157,0.028833694663774827
UNIUSDT,1745827200003,2025,-1.257e-05,-2.8142122586608034,LONG,0.006676917343440449,0.004876736839292768,-0.020856958029760602
UNIUSDT,1745971200001,2025,-3.616e-05,-2.2311267814476134,LONG,-0.0028336658235717177,0.01255991766371164,-0.01214666670831841
UNIUSDT,1746028800003,2025,-5.414e-05,-2.2862758013080318,LONG,0.0063091691932645345,0.01824451974253728,0.00840341079637938
UNIUSDT,1746172800000,2025,-7.972e-05,-2.454977816063051,LONG,-0.00662442093155144,-0.005296021457336357,-0.010620240157408527
UNIUSDT,1746633600006,2025,-9.437e-05,-2.5446896103245993,LONG,0.0004181476121976093,0.0033402953813699435,0.07394365202787131
UNIUSDT,1747526400000,2025,1.679e-05,-3.7603971456107654,SHORT,-0.0022618539438563007,-0.005038669334508325,-0.03323361687613159
UNIUSDT,1747641600006,2025,2.923e-05,-2.0253486644343517,SHORT,0.0008720677277187782,0.006997929187644554,-0.03814057846752257
UNIUSDT,1748361600005,2025,-5.262e-05,-4.659809450369283,LONG,0.008980956932177188,-0.00967972526832727,0.014722888694680577
UNIUSDT,1748534400000,2025,-6.303e-05,-3.78254749330867,LONG,0.0032665210930893133,-0.008813261915697217,-0.029276272258029517
UNIUSDT,1749052800000,2025,-0.0001379,-2.4925464596935254,LONG,-0.008765121071711112,-0.0203076636414728,-0.010338437947540453
UNIUSDT,1749168000002,2025,-0.00013274,-2.0772475493517675,LONG,0.0018610951992276835,0.018124342408105888,0.01629329736884969
UNIUSDT,1749945600005,2025,-5.531e-05,-2.0780129832712624,LONG,-0.010822616458151527,-0.008784433810860874,-0.027832628781555378
UNIUSDT,1750464000002,2025,-0.00028812,-7.675939647881803,LONG,0.005799577752297493,-0.001135557254742344,-0.03141468704202625
UNIUSDT,1751414400001,2025,-7.824e-05,-2.230976595971338,LONG,-0.0033475381229991627,0.05898805537815856,0.063845207784412
UNIUSDT,1751644800001,2025,-4.377e-05,-2.749713907144936,LONG,0.011077215730685104,0.013249083666146015,0.00715592684866753
UNIUSDT,1752710400003,2025,6.843e-05,-2.2414414973073926,SHORT,0.012663361916238248,0.02389115210844845,0.0067039357221903295
UNIUSDT,1752825600000,2025,0.00031086,11.32208806494777,SHORT,-0.009563231511160963,-0.0021434237738852946,0.059185458263787155
UNIUSDT,1753891200008,2025,7.896e-05,-5.174926604144643e+14,SHORT,-0.00906410146567909,0.017773807882940775,-0.008769825138085897
UNIUSDT,1753977600000,2025,4.053e-05,-15.560457363423614,SHORT,0.01271269252485013,0.026326893793460086,0.04237655541300946
UNIUSDT,1754121600000,2025,5.471e-05,-3.8040861108336523,SHORT,-0.00022308979456711704,-0.010873290306265732,0.014155949230132523
UNIUSDT,1754208000000,2025,3.983e-05,-4.113339437940379,SHORT,0.0018748282304446924,-0.008448127485047035,-0.007792389756632073
UNIUSDT,1754265600004,2025,-1.604e-05,-6.523513367082228,LONG,-0.007110566481428724,-0.003441233635756223,0.009296428548386863
UNIUSDT,1755504000001,2025,7.184e-05,-2.4096021233647673,SHORT,-0.006788892333686128,-0.022706382494617715,-0.0262199894520346
UNIUSDT,1755619200000,2025,4.47e-05,-2.897590005845831,SHORT,-0.0002968093022037598,0.0009900010708594207,-0.004935356972715129
UNIUSDT,1755676800000,2025,1.017e-05,-4.345014020683576,SHORT,0.009890510180090465,0.013991677924305224,-0.021949540422471204
UNIUSDT,1756252800003,2025,-1.127e-05,-3.2806621469769373,LONG,0.0018222317251257959,0.019665527901884652,0.009078133759632238
UNIUSDT,1757001600000,2025,3.463e-05,-2.0632372609038585,SHORT,-0.0003256798595794416,-0.00660139835762992,-0.022545238321056007
UNIUSDT,1757462400000,2025,4.47e-06,-4.704302287226291,SHORT,-0.006828833597210463,-0.01257087578724249,-0.01910786404602052
UNIUSDT,1757692800005,2025,3.94e-05,-2.16458211816968,SHORT,-0.003670092896017511,-0.005944731665418332,-0.014110451690583389
UNIUSDT,1757836800000,2025,-7.63e-06,-3.5333071357885038,LONG,-0.0033033993083362275,-0.02282894784000328,-0.029812364221799614
UNIUSDT,1758326400000,2025,-2.724e-05,-2.0612777869503343,LONG,-0.003481670365074853,-0.0030457980687549112,-0.005445450180113842
UNIUSDT,1759881600000,2025,-4.02e-05,-4.045566888167299,LONG,0.003197956035316293,-0.0037224868092573847,0.0019200005898244268
UNIUSDT,1760198400000,2025,-2.576e-05,-2.8965972588944546,LONG,0.011204599012863062,-0.04785439666833847,0
UNIUSDT,1760515200002,2025,-1.59e-05,-2.186441538741386,LONG,-0.010382487064718416,-0.025489409436608487,-0.053332031077398694
UNIUSDT,1760601600003,2025,-1.765e-05,-2.064172779918583,LONG,0.010195629672269875,0.010498384745729785,-0.044090305059008926
UNIUSDT,1761120000000,2025,-1.708e-05,-2.2418121630049757,LONG,-0.006002126868138764,-0.0048638228180784065,-0.02572014986832213
UNIUSDT,1761696000004,2025,-1.109e-05,-2.045271525589694,LONG,0.0015767899829531751,-0.001263224548211622,0.004565858518521103
UNIUSDT,1761811200008,2025,-0.0002205,-7.5449682906267626,LONG,-0.004312496316941518,-0.015511944758711581,-0.04831857727080768
UNIUSDT,1763020800000,2025,-4.731e-05,-2.775868734508098,LONG,-0.014990118086575318,0.013276748129398903,-0.0548100123769202
UNIUSDT,1764057600009,2025,-3.092e-05,-2.5279286803707066,LONG,0.0060011533602483975,0.004544724589168536,-0.0019540797619977458
UNIUSDT,1764979200001,2025,-3.282e-05,-2.0388930597305976,LONG,0.0049364758807503755,0.007486568337362158,0.006394467755574532
UNIUSDT,1765353600002,2025,-8.018e-05,-2.770240026644463,LONG,0.00785157495353466,-0.003409604020974299,0.030000485304615142
UNIUSDT,1766102400000,2025,-0.00013917,-2.7570807834983055,LONG,-0.0026345136323943402,0.027743521726777583,0.04588505115776508
UNIUSDT,1767024000000,2025,-1.132e-05,-2.2662504089567204,LONG,-0.0006655574288943429,-0.012890443829096647,-0.006340752096809946
UNIUSDT,1767283200001,2026,-6.331e-05,-3.650525606999446,LONG,0.010090551865949215,0.01337405952525681,0.010436692402461704
UNIUSDT,1767456000000,2026,-8.948e-05,-3.630742818556902,LONG,-0.00034065747220934033,0.0044180190808699015,0.007803262665803386
UNIUSDT,1767571200000,2026,-0.00017663,-4.677841045576472,LONG,0.01042026235383211,-0.00406298171925369,-0.011384032550709938
UNIUSDT,1767686400000,2026,-8.767e-05,-2.1191151399517687,LONG,0.00555194110626442,0.01301466230785414,-0.028231698952459316
UNIUSDT,1767801600001,2026,-0.00010771,-2.1689266191921965,LONG,-0.00017438312015595036,-0.013517277701958583,-0.005595398406932187
UNIUSDT,1768521600000,2026,-0.00015298,-3.0547337631222273,LONG,-0.0037622316761925533,-0.007349510138427272,-0.004139234508178977
UNIUSDT,1769097600005,2026,-0.00013069,-2.4428412400782826,LONG,0.004729113368006799,-0.006824553423608095,0.008210226743122143
UNIUSDT,1769702400000,2026,-0.00013838,-2.3082127919224154,LONG,-0.00815406556424327,-0.012712997554158239,-0.03372265871153123
UNIUSDT,1770854400000,2026,-0.00017032,-3.8537591722959195,LONG,0.004993401475469142,0.00616470468405394,0.0047003611803318355
UNIUSDT,1772496000000,2026,-0.0001206,-4.2102350698287525,LONG,-0.00433840159859813,-0.015138198004824684,-0.026317308317373417
UNIUSDT,1772640000000,2026,-7.724e-05,-2.382385940858773,LONG,0.00224915751444022,0.004493267669538441,0.0002501563490218957
UNIUSDT,1772956800000,2026,-8.396e-05,-2.408941591915608,LONG,0.0037413191689944347,0.0013377928416599535,-0.010496664805342854
UNIUSDT,1773504000007,2026,-6.253e-05,-2.0465574326785374,LONG,-0.002803621053973637,-0.0015282733489071954,0.00634278417210249
UNIUSDT,1773648000010,2026,-6.157e-05,-2.163844101336464,LONG,0.007131470037231785,0.003695040538650587,0.026785141585005896
UNIUSDT,1773849600005,2026,-0.00011918,-2.842752282847963,LONG,0.005743212832717577,0.005470473161042072,0.004105657881627986
UNIUSDT,1774339200000,2026,0.0001,2.030117722363848,SHORT,-0.00167551002615659,-0.003626730157418525,-0.0044618032748398
UNIUSDT,1775116800001,2026,-9.825e-05,-2.2472979683607828,LONG,0.0024038473113944595,-0.0006018658020985623,-0.05917786502314704
UNIUSDT,1775980800000,2026,-0.00022708,-2.2037887267147016,LONG,-0.001639075928340963,-0.005913289241279135,-0.0013110457466230722
UNIUSDT,1776931200000,2026,-4.668e-05,-2.0598277755448438,LONG,-0.007106472051695746,0.0018455864974145774,0.00736199644106904
UNIUSDT,1777132800002,2026,-5.634e-05,-2.189093363507847,LONG,-0.002784224536404875,0.0003088803113361438,0.006773424911317071
UNIUSDT,1777276800000,2026,-6.283e-05,-2.1106001913004837,LONG,0.0009254975209427494,0.0036968618813259814,-0.008057062488917232
UNIUSDT,1777478400003,2026,-8.511e-05,-2.156762298175882,LONG,0.010323883341635883,-0.0031496089028963314,-0.00725898721623092
UNIUSDT,1777536000000,2026,-9.05e-05,-2.034595095053405,LONG,0.004686776271623074,0.0031269568943761115,-0.0015671528046763508
UNIUSDT,1778745600000,2026,-5.637e-05,-2.35299921041044,LONG,-0.0025080130186976076,0.007762722652122558,0.047025922103578977
UNIUSDT,1778832000016,2026,-8.999e-05,-3.4632318426379576,LONG,-0.007569649553643113,-0.014650289157873314,-0.03285266706356141
UNIUSDT,1779523200001,2026,-7.125e-05,-2.2094088997742802,LONG,-0.0006047777626124197,-0.0006047777626124197,0.07285481208219845
UNIUSDT,1779667200001,2026,-7.476e-05,-2.331718195712344,LONG,-0.010071175171937322,-0.0002947678724364237,-0.012455677046919635
UNIUSDT,1781942400000,2026,-8.177e-05,-3.4472768137307,LONG,0.007670539526811497,0.015612341692367655,0.005009193977297418
UNIUSDT,1782115200000,2026,-4.453e-05,-2.073083054927656,LONG,0.0009971747543921837,0.019430876443230237,0
UNIUSDT,1782172800003,2026,-8.279e-05,-2.697994282269121,LONG,-0.0023399642968418336,-0.009055906262278665,-0.04123944391057946
UNIUSDT,1782835200005,2026,-4.978e-05,-2.0128697879142883,LONG,0.0007238509183230779,0.005776189345051569,0.03136393929345879
UNIUSDT,1783843200003,2026,-2.601e-05,-4.242263044027065,LONG,-0.0030141138040298966,-0.008793681288801534,0.01331722358219122
UNIUSDT,1784016000002,2026,-6.18e-06,-2.1577135446202114,LONG,-0.00027766208702615166,0.024679069886841366,0.026302886211168747
UNIUSDT,1784534400001,2026,-6.39e-05,-2.2591023309492377,LONG,0.0029069787913090896,0.017316450011460958,0.053009433786908894
UNIUSDT,1785196800000,2026,-6.038e-05,-2.9891559105568533,LONG,-0.003510196664848893,0.0024229383235891406,0.04994467651625687
UNIUSDT,1785312000002,2026,-3.718e-05,-2.229001034047402,LONG,0.023692357725096126,0.041409602200803725,-0.001031725652519807
UNIUSDT,1785772800000,2026,-6.425e-05,-3.119212106489567,LONG,0.0038289772370972515,0.003574167705842109,-0.009249809012470293
UNIUSDT,1786492800001,2026,-6.449e-05,-2.157068730594964,LONG,0.008497130253946253,0.006644542718668511,-0.056499807239484875
UNIUSDT,1786636800000,2026,-0.00010177,-2.4450142841880003,LONG,0.0031650148705339694,0.0008641798031690474,-0.0005765350404724158
UNIUSDT,1787932800001,2026,4.62e-05,-2.218339342362033,SHORT,0.004963909109665174,0.010634787412396457,0.010407333755098268
UNIUSDT,1788163200002,2026,4.595e-05,-4.89934165793272,SHORT,-0.0023260332255147054,0.014070976734492265,-0.011000786419188427
UNIUSDT,1788566400000,2026,4.92e-05,-2.2519886708373433,SHORT,0.004389180418763208,-0.018959436804502485,-0.011931776512341636
UNIUSDT,1788883200001,2026,5.45e-06,-3.41264287427285,SHORT,0.002630426768773522,0.015739090802154337,-0.007994809644962424
UNIUSDT,1789113600000,2026,-4.6e-06,-3.3932563618624023,LONG,-0.007761578060930395,0.017610107782266335,-0.0036255807677751696
ZECUSDT,1672704000003,2023,-0.0004691,-5.421925051782069,LONG,-0.004555816535860691,0.00327745156607254,0.014789090200674728
ZECUSDT,1673769600002,2023,0.0003646,3.37142272226835,SHORT,-0.008272825270425022,-0.005820477591717876,-0.021764127988853983
ZECUSDT,1675324800023,2023,0.00025281,2.93512985002804,SHORT,0.0010529641912123647,0.0029510982631695925,0.00866721417645779
ZECUSDT,1675468800010,2023,0.00037528,6.38686169360333,SHORT,0.004035260864804594,0.009797735459557358,0.0025466906803125237
ZECUSDT,1676534400000,2023,0.00019844,2.0408209143473894,SHORT,-0.012012156448003434,-0.0015094342488541186,0.02667991181442679
ZECUSDT,1676707200000,2023,0.00027048,3.975568730322844,SHORT,-0.0034782643763247925,-0.006728185988822888,0.008090128305343794
ZECUSDT,1676908800006,2023,0.00028107,2.652287919482443,SHORT,0.011556215475484743,0.009154292783484574,0.01577351261872851
ZECUSDT,1678464000005,2023,-6.68e-06,-20.99389697478934,LONG,-0.005348447546010188,-0.008191602201718719,-0.002198838643113936
ZECUSDT,1678636800005,2023,-3.59e-06,-2.36125600219777,LONG,0.02436017893552624,0.06682743105654662,0.09466103989188406
ZECUSDT,1679961600007,2023,5.45e-05,-1.1191024738050451e+15,SHORT,-0.011650617219975054,-0.014404681202548175,0.0019550348358033506
ZECUSDT,1680019200013,2023,-3.068e-05,-15.81430474510457,LONG,0.007812539736793404,0.02435095417712616,0.03792705191206088
ZECUSDT,1681632000007,2023,0.00011386,3.408958304821533e+14,SHORT,0.007531219404855833,0.006114788573142293,-0.007242176262921068
ZECUSDT,1681833600000,2023,0.00014924,19.60572988225162,SHORT,0.0049663103139173,-0.005176482147274852,0.008528836347520436
ZECUSDT,1682035200009,2023,6.891e-05,-3.647870979622715,SHORT,0.007391797119879022,0.0013159628165722588,0.0023699813594756257
ZECUSDT,1682092800003,2023,6.108e-05,-3.67637396183604,SHORT,0.008494874551141885,0.05125155728952495,0.035790178056492046
ZECUSDT,1682179200016,2023,6.056e-05,-2.9415208315171566,SHORT,-0.0005374899350037816,-0.007231851526494966,-0.006697948684127718
ZECUSDT,1683216000011,2023,5.15e-05,-21.680431597176355,SHORT,0.005473467414172043,0.008221476837904314,-0.0019086577028134737
ZECUSDT,1683590400015,2023,4.024e-05,-6.677903497343193,SHORT,-0.003324772595718653,0.008207980417829733,-0.004229613556262754
ZECUSDT,1683648000000,2023,6.159e-05,-2.5615293591609443,SHORT,0.002417650014109413,0.002417650014109413,0.002417650014109413
ZECUSDT,1683820800005,2023,4.863e-05,-3.097031092031181,SHORT,0.009377999333184305,-0.0018650922409962126,-0.0009329809415684003
ZECUSDT,1683907200010,2023,2.512e-05,-3.9955291645573388,SHORT,0.0012500001627605746,-0.012414808738961282,-0.015187026747245121
ZECUSDT,1684800000006,2023,4.146e-05,-5.20957860253607,SHORT,-0.011830773109716312,-0.018309277952919277,-0.013377085463600356
ZECUSDT,1684944000008,2023,6.631e-05,-2.027075982237708,SHORT,-0.0003212851433258814,-0.0016053944690549759,-0.003848625661294235
ZECUSDT,1686038400009,2023,-8.633e-05,-10.011950509901375,LONG,0.005087343514097243,-0.003747236542882006,0.02319041918892635
ZECUSDT,1686384000000,2023,-0.00010079,-5.817487233481335,LONG,-0.004173628762928519,-0.01849569328512217,-0.0037554811507308807
ZECUSDT,1686528000000,2023,-0.00010052,-3.8829082793000644,LONG,-0.003645942868005765,-0.01056920407874464,-0.004051869400878354
ZECUSDT,1686614400000,2023,-4.841e-05,-2.13838400354552,LONG,0.007562225093090545,0.015461160317625088,0.011124469113349819
ZECUSDT,1687651200000,2023,-5.352e-05,-3.738211313372059,LONG,0.008444569688870448,0.027105557718009984,0.022804475818619475
ZECUSDT,1687737600000,2023,-6.896e-05,-3.3191339309520536,LONG,-0.010900190499842645,-0.010568130061792235,0.023377688009062293
ZECUSDT,1688601600000,2023,-0.00015212,-2.912969305005674,LONG,0.0050793760000208184,-0.005425256645064595,0.02296781785615312
ZECUSDT,1688774400000,2023,-7.624e-05,-2.3559986969360027,LONG,-0.0074576616826739165,-0.01394343283926388,-0.0315635121202264
ZECUSDT,1690848000000,2023,8.731e-05,-3.121189097271647e+14,SHORT,0.008290546574009102,0.0223752864557482,0.020014010270068355
ZECUSDT,1690992000000,2023,7.698e-05,-9.919994224082352,SHORT,-0.002705446357668496,-0.003718104672054825,-0.00033858134740239994
ZECUSDT,1691164800000,2023,7.905e-05,-4.18987968232708,SHORT,0.004397098239699648,0.021146763452161096,0.028759256961389392
ZECUSDT,1691222400000,2023,7.514e-05,-3.903761946755479,SHORT,-0,0.009681956682914996,0.00413793693879894
ZECUSDT,1691280000000,2023,6.288e-05,-4.809938529869373,SHORT,-0.004089985251525066,-0.011882672492362953,-0.005449604767564685
ZECUSDT,1691481600000,2023,-0.00023177,-19.061406875852423,LONG,0.0044406563151859774,0.01292535001246856,0.018318015591989242
ZECUSDT,1691539200000,2023,-5.213e-05,-2.173832600484845,LONG,-0.0037408647603786862,0.0006786562866516908,0.0071030232682461735
ZECUSDT,1692432000000,2023,-6.31e-05,-4.1445578160316785,LONG,0.0024291509920594373,0.001215313092666036,0.006867326524012674
ZECUSDT,1692489600000,2023,-3.592e-05,-2.607763450244019,LONG,-0.006049625225823336,-0.005645176281988428,0.01119563873043485
ZECUSDT,1692691200000,2023,-0.00012807,-2.9148528218030894,LONG,-0.003955701360617391,-0.002371542613480901,-0.025591160656495554
ZECUSDT,1693094400000,2023,-0.00024271,-2.7946478311816234,LONG,-0.002806175423342617,-0.0032077012267697313,-0.012487574156166251
ZECUSDT,1693152000000,2023,-0.00033321,-3.42365032013026,LONG,-0.0027871807810282354,-0.017649876545229374,-0.005582151656220355
ZECUSDT,1693324800000,2023,-0.00044158,-3.56740472539333,LONG,0.007138861804207717,-0.007190191809443811,-0.016730428259209607
ZECUSDT,1694764800000,2023,-0.00015004,-3.321567509918675,LONG,-0.004274341071493003,-0.015237645868762494,0.0030971763046844067
ZECUSDT,1694995200000,2023,-0.00010209,-2.52114673833094,LONG,0.0055336109582242434,0.02311562276553012,0.03543294554310949
ZECUSDT,1695456000000,2023,-0.0001192,-2.52115675874665,LONG,0.0014975667343948892,-0.0056359345123714166,-0.0045062036447107105
ZECUSDT,1695513600000,2023,-0.00012688,-2.4983540696352424,LONG,0.004140792666031387,0.0011310086031272148,-0.0034007212067549398
ZECUSDT,1695744000000,2023,-0.00012073,-2.1794057083121383,LONG,-0.0022848448630075143,-0.003810980222169274,-0.0030476214064748372
ZECUSDT,1696636800000,2023,1.294e-05,-2.7640063036430322,SHORT,-0.0026104806918471938,0.004116002069103528,-0.013721706116917974
ZECUSDT,1696752000001,2023,-1.642e-05,-3.8935217873099086,LONG,-0.008558191769885422,-0.022860279740744727,-0.02932540969459823
ZECUSDT,1697155200000,2023,-2.31e-06,-2.2094356454935,LONG,-0.0036667386774198937,0.0036533428090857537,0.013330837691151223
ZECUSDT,1697702400001,2023,-7e-08,-3.430871679193727,LONG,0.0008061266055245932,0.003220614700042157,0.00923145227274636
ZECUSDT,1698883200001,2023,0.00016013,1.478936961536208e+15,SHORT,-0.010398707220898517,-0.0020884100872706744,0.004539906522893661
ZECUSDT,1699257600001,2023,0.00020712,3.1748285692638523,SHORT,-0.006521389166559255,-0.011639980789135996,-0.022809499517920905
ZECUSDT,1699689600000,2023,0.00030484,4.1180523504972335,SHORT,-0.012950537963435205,-0.012950537963435205,-0.016573133724870206
ZECUSDT,1701561600000,2023,0.00014277,1.051956325376744e+15,SHORT,0.0018999372403041383,-0.010072480499164206,0.024336775876129476
ZECUSDT,1701936000000,2023,0.00042049,3.2348525620078252,SHORT,-0.001271051966483617,-0.01702437081497701,-0.017336919653276942
ZECUSDT,1702051200000,2023,0.00050023,2.5249850912814424,SHORT,0.009595276017335832,-0.0014909798497866004,-0.01803982087425926
ZECUSDT,1703203200000,2023,0.00044733,2.5421284679908593,SHORT,-0.0033123581129828744,-0.0016575505203980463,-0.0006633499414059723
ZECUSDT,1707782400000,2024,0.00016071,1.4932024436198768e+15,SHORT,0.00047404599133764444,0.0018975337761914996,0.011439590909394544
ZECUSDT,1708416000000,2024,0.00046895,2.1763630289029092,SHORT,0.033649497097898065,0.02730278797152509,0.054558984250434366
ZECUSDT,1709020800000,2024,0.00058284,3.709189911250909,SHORT,0.0020087050610805954,0.004021453140777725,0.044102173334621866
ZECUSDT,1709193600000,2024,0.00080909,3.6133716217692253,SHORT,0.00033428046441986943,0.007716864330608062,0.0440720339962529
ZECUSDT,1709337600000,2024,0.00076526,2.3048722096475225,SHORT,-0.006336522785792591,-0.027715399846546827,-0.04513519517390348
ZECUSDT,1709625600000,2024,0.00113755,2.790156472737392,SHORT,-0.004997805493332455,-0.021575180900793384,0.1684482989008603
ZECUSDT,1711497600000,2024,0.00033072,5.682752844476904,SHORT,0.006920442844573795,0.01994683832104893,0.021547094703512903
ZECUSDT,1711612800000,2024,0.00037232,3.1895518929866724,SHORT,-0.0012690357033049863,0.012136846521396459,0.018907789687562414
ZECUSDT,1712880000000,2024,0.00028569,5.4208320156274405,SHORT,-0,-0.008187615519582109,0.00524542229306218
ZECUSDT,1713772800000,2024,-3.729e-05,-18.567465642660505,LONG,0.00636269378782865,0.012264903164752972,0.028111773565278397
ZECUSDT,1713916800000,2024,-4.37e-05,-5.33437277431651,LONG,0.007484442422136813,0.0173773508058768,0.009966859915392074
ZECUSDT,1714032000000,2024,-5e-08,-2.5100217383589167,LONG,-0.0013230431918901959,-0.009298273766260015,0.03379871107118175
ZECUSDT,1714780800000,2024,-2.733e-05,-3.701088217481457,LONG,-0.008710856474248295,-0.0008676790132224698,0.005190323070692638
ZECUSDT,1714924800000,2024,-3.833e-05,-4.822379093478673,LONG,0.0008643042888952645,-0.004767072949611211,0.0021593616682578295
ZECUSDT,1717200000000,2024,0.0001088,2.1644179713152634e+14,SHORT,0.0014858843744245515,0.004464293128685493,-0.0025949968223063073
ZECUSDT,1717545600000,2024,0.00013968,24.93381949886416,SHORT,-0.001092697249497835,0.008417250062529611,0.02248113842015179
ZECUSDT,1717632000000,2024,0.00017579,3.833745958849073,SHORT,0.004136121707792056,0.01398095699544364,0.004136121707792056
ZECUSDT,1717747200000,2024,0.00022988,5.461723656088632,SHORT,-0.0022455099255828236,0.0011246486658701782,0.058238934800231755
ZECUSDT,1718784000001,2024,3.708e-05,-1.547558849490406e+15,SHORT,-0.0014524330803150226,-0.00048437879367966766,0.03751673938493408
ZECUSDT,1720281600000,2024,3.885e-05,-1.5040245334764512e+15,SHORT,-0,-0.0015147692873675469,0.006082127213506555
ZECUSDT,1720915200000,2024,-0.00032525,-4.361520456511982,LONG,-0.003367636484838213,0.006701439822745103,0.05522652778121467
ZECUSDT,1720972800000,2024,-0.00105088,-9.97654484789622,LONG,0.005462628810879091,0.007503445845731702,0.00716359877364188
ZECUSDT,1722182400001,2024,9.209e-05,-1.9455166083072266e+14,SHORT,-0.0033623751684043043,0.005218737861309957,0.03426059156464553
ZECUSDT,1722297600000,2024,3.518e-05,-45.46577806499544,SHORT,0.0064034370352070245,-0.006966558540478477,0.018715073001142314
ZECUSDT,1722470400000,2024,-0.00064041,-15.1813175344484,LONG,0.00120409406480451,-0.02810203252069489,-0.0176242787295752
ZECUSDT,1722614400000,2024,-0.00043648,-3.5703457140383756,LONG,0.0038974715803142415,-0.008446505721831912,-0.03733603788187002
ZECUSDT,1724832000000,2024,5.345e-05,-3.2117282144243506,SHORT,-0.0011611031783415062,0.022915221259695626,0.02232104417744926
ZECUSDT,1724918400001,2024,3.56e-06,-7.280393441216513,SHORT,-0.0011706176344107827,-0.005548269452530529,0.026707818914935868
ZECUSDT,1725033600000,2024,4.784e-05,-2.382792659684961,SHORT,-0.0018427523642102384,-0.019483112473700884,-0.01525349891743828
ZECUSDT,1725292800000,2024,-1.17e-06,-3.819900340686201,LONG,0.024399955694061018,0.042147861817466596,0.05458708760207322
ZECUSDT,1725465600000,2024,2.071e-05,-2.0131255349415973,SHORT,0.016512590860895182,0.012781876003042859,0.020598398383475543
ZECUSDT,1725724800000,2024,-0.00013755,-6.558960886131148,LONG,-0.005390848634876423,0,-0.0010758473334630141
ZECUSDT,1726012800000,2024,-0.00012135,-3.576305857188523,LONG,-0.020296820535790367,-0.025351591197414418,-0.02501381041392924
ZECUSDT,1726387200000,2024,-0.00010091,-2.501597477277552,LONG,-0.0032520353863773432,-0.0035778213478839666,-0.03670440120386029
ZECUSDT,1727193600001,2024,-6.009e-05,-3.292060783352882,LONG,0.005515353519066544,0.009974287334509571,0.016795596185247726
ZECUSDT,1728028800000,2024,-1.833e-05,-2.4727338089183655,LONG,0.004167461989173493,0.016566643947891594,0.020665773965638318
ZECUSDT,1728144000000,2024,-0.00046261,-10.674053687691815,LONG,-0.010108389320761106,-0.03137798468660903,0.001435750426104194
ZECUSDT,1728604800000,2024,-0.00034343,-3.4980550817526934,LONG,0.025072538439045226,0.04126044426132461,0.029564404498133655
ZECUSDT,1730073600000,2024,5.762e-05,-1.0423640184584135e+15,SHORT,0.015100521249734952,0.034436311046713824,0.01641302964133026
ZECUSDT,1730505600000,2024,7.519e-05,-3.075584515649742,SHORT,-0,0.0007906180409195926,0.026426200793186642
ZECUSDT,1730937600000,2024,5.778e-05,-2.163543643882638,SHORT,-0.02730545069026744,-0.046865976544761,-0.025732946715775962
ZECUSDT,1731369600002,2024,0.00016005,2.7761693139861827,SHORT,0.007674981241149125,0.05524223609315062,0.09277236388238784
ZECUSDT,1731916800000,2024,0.00036738,2.682516931411961,SHORT,0.01655385848649518,0.022348487856566856,0.05984877047796557
ZECUSDT,1732348800000,2024,0.00042463,3.5332585689933254,SHORT,0.0037406527407979166,-0.021545924274860857,-0.003106557329061065
ZECUSDT,1732924800000,2024,0.00038457,2.1532584747444887,SHORT,-0.009046493893782311,-0.01710072011718773,-0.0389210791325907
ZECUSDT,1733212800000,2024,0.00059406,4.049364364062641,SHORT,-0.00255153566212698,-0.0012094337293619163,0.029058725606478923
ZECUSDT,1733270400000,2024,0.00050396,2.6243445591439305,SHORT,-0.011192888749704966,-0.005140008611160679,0.005439230162818391
ZECUSDT,1733385600000,2024,0.0007035,3.1182702905962056,SHORT,0.005840888462548569,-0.016622442173882885,-0.03283564288760502
ZECUSDT,1734652800000,2024,8.059e-05,-4.774017366276023e+14,SHORT,-0.001022808721671298,-0.01422499093134726,0.10590644169840831
ZECUSDT,1734739200000,2024,1.329e-05,-24.700924095102945,SHORT,-0.03293094573207503,-0.027763929253860464,-0.021825889909373456
ZECUSDT,1734883200000,2024,-3.358e-05,-4.868641539853876,LONG,0.0003495281405733735,-0.020484558762268585,0.059544424806937106
ZECUSDT,1735027200000,2024,2.19e-06,-2.1166260267603407,SHORT,0.025163030674334615,0.02042334496120217,0.05053252072532791
ZECUSDT,1736899200000,2025,7.518e-05,-6.104642505459606e+14,SHORT,-0.014261178296368136,-0.014261178296368136,0.02317009208892833
ZECUSDT,1738540800000,2025,3.902e-05,-1.4998432714864102e+15,SHORT,0.13735062069151802,0.1033154530643227,0.018919916618712097
ZECUSDT,1739116800000,2025,-6.167e-05,-3.4452264108893282,LONG,-0.004979779976428517,0.004027890805853511,0.010193138447784317
ZECUSDT,1739318400000,2025,-9.996e-05,-3.4610558947827386,LONG,-0.009361384989114482,-0.0496020355775194,-0.04142331744877734
ZECUSDT,1739750400000,2025,-0.00016748,-4.209019274353493,LONG,-0.003723332383923018,0.00910649434879501,0.010804768178986752
ZECUSDT,1739836800000,2025,-0.00015108,-2.986897380260022,LONG,0.008583743691391435,-0.032215275263376544,-0.046678934983657994
ZECUSDT,1739894400000,2025,-0.00014107,-2.414442470809981,LONG,0.022459214124742923,0.020656870590882493,0.02814529857532005
ZECUSDT,1740038400000,2025,-0.0002303,-3.0989099599845384,LONG,0.0010590416663638859,0.0005296610293318891,-0.026847250036188052
ZECUSDT,1740441600000,2025,-0.00032844,-3.769305450910173,LONG,-0.018674964893348772,-0.001821494128391132,-0.020530826855028873
ZECUSDT,1740700800001,2025,-0.00026793,-2.547380354858966,LONG,-0.013762947768296696,-0.0002734108014297423,-0.03760365060957343
ZECUSDT,1740873600000,2025,-0.00020767,-2.070330849545674,LONG,0.005079545743298545,0.012783130128331136,0.0758486166315059
ZECUSDT,1741392000000,2025,-0.0003438,-3.9403975951189176,LONG,-0.009467164921855847,0.00636269378782865,0.002731827469163922
ZECUSDT,1741507200000,2025,-0.00028376,-2.7488646788687943,LONG,0.0019083975257603906,-0.005747142255567959,-0.053625138522870236
ZECUSDT,1741651200000,2025,-0.00027201,-2.395871601889961,LONG,0.01626614857131743,0.03362237802786046,0.040682417438585236
ZECUSDT,1741996800000,2025,-0.00036587,-3.012179399840414,LONG,-0.016235136488759006,-0.012151574979385028,-0.010585403946640084
ZECUSDT,1742140800000,2025,-0.00039242,-2.800652865425437,LONG,0.001824263199747048,0.010895991576026833,0.029682886749162085
ZECUSDT,1742889600000,2025,-0.00038588,-4.005933194832429,LONG,0.003773041771052435,0.0187244416240158,0.06800372294675487
ZECUSDT,1743004800001,2025,-0.00048892,-3.7009815179235916,LONG,-0.015199454037949646,0.0020784626864132467,-0.004692396514042052
ZECUSDT,1743465600000,2025,-0.00042808,-2.737206773550012,LONG,0.01151644206155908,0.0015432101828057106,0.02441006019856951
ZECUSDT,1743782400000,2025,-0.00195968,-3.525761738064289,LONG,-0.009123475933810393,-0.015834076486136314,-0.030909738891583577
ZECUSDT,1743955200002,2025,-0.00205824,-2.0315338791267776,LONG,0.006067819698885656,-0.01331932317066811,-0.08041765667383789
ZECUSDT,1744156800000,2025,-0.01579405,-4.703029138920732,LONG,-0.019758538987289916,-0.02285495243944851,-0.03419615707289224
ZECUSDT,1744300800000,2025,-0.0108858,-2.202041126012361,LONG,0.05746011847340323,0.08388842074172023,0.1423562494603917
ZECUSDT,1744531200000,2025,-0.01328594,-2.2813844767958025,LONG,-0.02116055920512519,-0.03863779270541394,-0.058671851738529915
ZECUSDT,1745827200003,2025,-0.00010261,-4.983326422365722e+15,LONG,-0.010999440207580403,-0.020758259861478463,-0.04167837320316559
ZECUSDT,1746345600001,2025,8.63e-06,-2.3265670944625843,SHORT,-0,-0.002012362329241753,-0.009736617584322697
ZECUSDT,1746460800006,2025,-3.149e-05,-2.710341053649006,LONG,0.0021621630044950956,-0.013620477522966403,-0.02520681403334632
ZECUSDT,1746576000002,2025,-4.723e-05,-2.457564036477998,LONG,0.0018222053720992355,-0.01205781319273285,-0.006797411793552601
ZECUSDT,1746633600006,2025,-8.356e-05,-2.837212650854511,LONG,0.013136054954445557,0.037903558017535886,0.04932090716034623
ZECUSDT,1747468800001,2025,-3.814e-05,-3.215999979187958,LONG,0.003261827004426043,0.034337077160806036,0.02015244216884967
ZECUSDT,1747612800000,2025,-5.406e-05,-4.017833989619971,LONG,-0.012634876370277114,-0.03252726087327276,-0.012385593058503891
ZECUSDT,1747785600000,2025,-0.00014899,-2.6330151514381406,LONG,0.0007321537849938475,0.006570165987556298,0.0019512201312617493
ZECUSDT,1748188800000,2025,-0.00014901,-2.134997809507222,LONG,-0.008987946398679298,0.006784944125231938,0.0063984706904699745
ZECUSDT,1748275200002,2025,-0.00017654,-2.0010748558385965,LONG,-0.013754863700127523,0.005522841725775544,-0.015065848062439274
ZECUSDT,1748390400002,2025,-0.00021681,-2.2582054280251884,LONG,0.0055391221751169535,0.00934140812485564,-0.030927292305483033
ZECUSDT,1748707200000,2025,-0.00041289,-2.2078694887196013,LONG,0.033390724193100164,0.026962417605128037,0.032589442098945966
ZECUSDT,1749340800000,2025,-0.00085489,-2.3201830225011033,LONG,-0.0015885626851378416,-0.004972660669378377,-0.004972660669378377
ZECUSDT,1751558400003,2025,-5.026e-05,-2.505267226522949,LONG,0.008566441904981414,0.0130720815673527,0.028191963114152344
ZECUSDT,1751644800001,2025,-6.031e-05,-2.3166242508625987,LONG,0.0085729218949948,0.0085729218949948,0.002276464875861565
ZECUSDT,1751702400009,2025,-0.00023233,-5.003584444759264,LONG,-0.0015166838094451377,-0.001769688238372145,-0.015527867038624622
ZECUSDT,1751788800002,2025,-0.00012655,-2.105785327378931,LONG,-0.004744342056710508,0.005768238332376435,0.03386649102074475
ZECUSDT,1753747200001,2025,7.877e-05,-5.22165835579804e+14,SHORT,0.004738754347173357,0.00299028381305645,-0.020928992401404316
ZECUSDT,1753804800000,2025,8.859e-05,-2.8083467841971674,SHORT,-0.000992555912751643,-0.0002482313528943557,0.017531127675941966
ZECUSDT,1753891200008,2025,7.943e-05,-4.569209873634136,SHORT,-0.004649969628859469,0.0062337864208143615,-0.0038764746824694924
ZECUSDT,1753977600000,2025,7.142e-05,-4.86811797823025,SHORT,0.01593347016538769,0.02971947853358505,0.061450954324548564
ZECUSDT,1754236800003,2025,-9.741e-05,-2.952332575889006,LONG,-0.00414880971256294,-0.005258072166848604,0.0011034483878252764
ZECUSDT,1755216000000,2025,8.322e-05,-4.12715154075794e+14,SHORT,-0.008448067685484962,-0.025133061855735366,-0.03125254350410453
ZECUSDT,1755273600000,2025,3.663e-05,-20.852767558628265,SHORT,-0.0030132881312821868,0.002197199455769619,0.004123717183862264
ZECUSDT,1755504000001,2025,-0.00023591,-28.343646632997718,LONG,0.009808121221990396,0.026675657865592447,0.005896409053301702
ZECUSDT,1755561600000,2025,-4.686e-05,-2.1490623833542473,LONG,-0.01012666881792916,-0.013241495065594251,0.007528266420791588
ZECUSDT,1755676800000,2025,-6.032e-05,-2.035343743593524,LONG,0.017152187650348972,-0.0028875200532764637,0.025619204237464232
ZECUSDT,1755820800010,2025,-0.00012449,-2.7438302103887295,LONG,-0.02214460337001096,-0.01834050938645474,-0.017866013529390965
ZECUSDT,1756713600000,2025,-4.388e-05,-3.5388233831004395e+15,LONG,0.010062669275224537,-0.017166735787629853,-0.016664979630590354
ZECUSDT,1757289600007,2025,-8.048e-05,-4.443830493118496,LONG,0.02169104891853981,0.028348997451310004,0.007830248126304527
ZECUSDT,1758211200000,2025,-2.103e-05,-6.796629178214664,LONG,0.004962789342129097,0.007928683755507263,-0.01888364670315033
ZECUSDT,1758268800005,2025,3.397e-05,-2.120871869403606,SHORT,0.0044971457640856985,0.007575018307765467,-0.00812517165572591
ZECUSDT,1758412800000,2025,-0.00032986,-14.052159606999394,LONG,0.007658358490680796,0.015646710761534458,0.0029524674532681715
ZECUSDT,1758556800000,2025,-0.00012679,-2.441081195126174,LONG,-0.0012568078738549318,0.006468462825081648,0.0058443080144307945
ZECUSDT,1759161600001,2025,-0.00025992,-3.124690131543803,LONG,0.02020866766333884,0.03413000618194682,0.01889355093985678
ZECUSDT,1759248000000,2025,-0.00034089,-3.3815293146762655,LONG,-0.00013654673333141277,0.039357241244148286,0.07987464750760173
ZECUSDT,1760140800000,2025,-0.00065132,-4.869654696773247,LONG,-0.08721046199560281,-0.020038268616143197,0.19462476163255
ZECUSDT,1761148800000,2025,-0.0001205,-2.282469014925187,LONG,-0.07503369341265498,-0.12342545654799324,-0.08892165051646866
ZECUSDT,1761811200008,2025,-0.00068723,-2.4726474648650405,LONG,-0.011321927968549724,-0.04898567450402388,-0.08401355326215126
ZECUSDT,1762128000000,2025,-0.00230149,-2.641173249885516,LONG,0.007619965539856929,-0.035926048773664974,-0.03823390792813806
ZECUSDT,1762272000000,2025,-0.00221249,-2.085991837403335,LONG,0.00041249871679053716,0.058395399875422666,0.10215528123179443
ZECUSDT,1762387200001,2025,-0.0025012,-2.0480960605420204,LONG,-0.0009208489202879181,0.04651240878720845,0.11371187329378141
ZECUSDT,1763568000008,2025,-0.00084205,-2.0104714698998016,LONG,0.042744045723320565,0.07885975355785557,0.13019748186872201
ZECUSDT,1764921600000,2025,-0.00125547,-4.408034571306013,LONG,-0.018666695163175744,-0.014580095057461545,-0.09638170074105601
ZECUSDT,1765468800000,2025,-0.00073459,-2.419387680551912,LONG,0.007164477080301839,0.04014498751259378,0.028464184258109277
ZECUSDT,1766678400005,2025,5.919e-05,-2.492840358796275,SHORT,-0.0028121819678244907,0.0089615662317667,-0.001103317946268032
ZECUSDT,1766822400000,2025,-0.00025204,-20.972837663420687,LONG,0.03761055383715636,0.0914026781990212,0.08125150047336807
ZECUSDT,1766908800000,2025,-7.837e-05,-2.3627560946593213,LONG,0.004122918978419629,0.0035045973155300816,0.01917261686647376
ZECUSDT,1767024000000,2025,-0.00013964,-2.742477394690338,LONG,0.03819017733301098,0.032794102450162115,0.01812409340402741
ZECUSDT,1767196800001,2025,-0.00052904,-4.129457272695626,LONG,0.0053482372163453345,0.004936339243532467,0.003031558061039103
ZECUSDT,1768435200000,2026,-0.00056668,-4.7532987144671335,LONG,-0.028806545492472677,-0.0258069966633217,0.001943942745981176
ZECUSDT,1768809600007,2026,-0.00073647,-2.3234998057212026,LONG,0.012110571340564704,0.004386446976938593,0.002222705024382407
ZECUSDT,1770854400000,2026,-0.00015987,-5.7419499144662245,LONG,-0.0012372155982660006,-0.017923340805861575,-0.015534454273425305
ZECUSDT,1771113600000,2026,-0.00019345,-4.1660896907509395,LONG,0.014631938473065351,-0.009219802376790109,-0.07046835183786096
ZECUSDT,1771430400011,2026,-0.00020757,-3.1929902853696643,LONG,-0.010187697971084037,-0.032132152225643494,-0.06152843496495054
ZECUSDT,1772092800006,2026,-0.00026225,-3.7287563064894114,LONG,0.008331518799644078,-0.005032434980883255,-0.028983935880098323
ZECUSDT,1772208000001,2026,-0.00046789,-4.136887406249853,LONG,-0.003152303790233892,-0.02089940226721611,-0.00894234122610597
ZECUSDT,1774195200002,2026,-8.851e-05,-2.076898539382632,LONG,-0.0008161415098221755,-0.014241613720776298,0.008484571162100803
ZECUSDT,1774252800003,2026,-9.004e-05,-2.32394452547956,LONG,0.0013338548076102829,0.04200139724631658,0.05863270535488077
ZECUSDT,1774540800000,2026,-0.00011832,-2.443480231214826,LONG,-0.0024522059425053015,0.007455808244237446,0.010108389320761057
ZECUSDT,1775088000003,2026,-0.00040458,-6.292065781089981,LONG,-0.023407265369707723,-0.0775101684297859,-0.08786015540601066
ZECUSDT,1775606400000,2026,-0.00060426,-5.209868628836431,LONG,0.004890911095391747,0.017123383855562075,0.05866153978145602
ZECUSDT,1776844800000,2026,-9.708e-05,-2.5477737200751296,LONG,-0.00390011188208398,-0.0032385382578913264,-0.00607694056721224
ZECUSDT,1777766400005,2026,-0.00015463,-3.3497410570585693,LONG,-0.012325493036751373,-0.012299384398707045,0.03576694505699299
ZECUSDT,1777852800000,2026,-0.00028333,-5.1040515753124165,LONG,-0.00014295244473029218,-0.0037234212528394245,-0.025406387219236954
ZECUSDT,1779235200001,2026,-0.00021447,-5.11542674076718,LONG,0.009134221453005277,0.007634880365066945,0.020691282962464943
ZECUSDT,1780300800001,2026,-0.00022397,-2.3960780177551753,LONG,0.0029731797509080296,-0.0019016279272315649,0.015138207308369084
ZECUSDT,1780387200000,2026,-0.00021057,-2.3805154589933495,LONG,-0.007489195430032902,0.027933843043453598,0.08241939830928424
ZECUSDT,1780531200009,2026,-0.00041464,-4.726712395663474,LONG,-0.04593443613941657,-0.05018634250832525,-0.16072146318747532
ZECUSDT,1780588800003,2026,-0.00051579,-4.298189430081494,LONG,-0.020159233085719364,-0.029026559858619926,-0.29364216881298943
ZECUSDT,1780704000000,2026,-0.00109748,-7.210158270120139,LONG,0.0016914093468910084,-0.06916589104138339,-0.02984428195358596
ZECUSDT,1783929600001,2026,-4.774e-05,-7.272731442318353,LONG,-0.013150472955934932,-0.01852191221802458,-0.053106690702773456
ZECUSDT,1784016000002,2026,-7.971e-05,-5.063782990649314,LONG,-0.002296712356516342,0.032588847614041835,0.06097239551580329
ZECUSDT,1784476800001,2026,-5.867e-05,-2.810690431230054,LONG,0,0.0004353188779474862,-0.03554821973707376
ZECUSDT,1785024000000,2026,-1.942e-05,-2.0250527453367675,LONG,-0.0010476044710988114,0.0029929708080493073,0.011126991823756167
ZECUSDT,1785398400000,2026,-8.959e-05,-3.3547609799942606,LONG,0.0007351628716795585,-0.001956062839085635,-0.007445014299686659
ZECUSDT,1786377600000,2026,1.9e-07,-2.1293659591087724,SHORT,0.0002816051512123471,-0.0019088001455613648,0.007347630957304043
ZECUSDT,1787126400000,2026,-3.498e-05,-2.7502013120423343,LONG,-0.000965660024786092,0.01116520256641733,0.097676490243964
ZECUSDT,1787904000000,2026,4.59e-06,-2.392836344957093,SHORT,-0.00431538467328302,-0.013430482547889696,-0.013104128174354886
ZECUSDT,1788134400002,2026,4.872e-05,-2.3592469295787666,SHORT,0.014736232198240554,0.0186833172145144,0.015758055511731844
ZECUSDT,1788307200000,2026,-1.32e-06,-2.3980255769258947,LONG,-0.010550831642088912,0.00927137512992977,-0.04340397998016872
ZECUSDT,1788537600009,2026,-1.252e-05,-2.3127443690765888,LONG,-0.025528045144742932,-0.010009957266602889,-0.01732025411983041
ZECUSDT,1788883200001,2026,-0.00010467,-3.2436759796810932,LONG,-0.015107086214081553,-0.031898485489995874,0.04116320920089153
ZECUSDT,1789142400000,2026,-0.00016912,-3.8057929228181537,LONG,-0.008005526426567145,-0.003664770831648393,-0.04454563224875546
