symbol,signal_hour,year,side,score_prev,score_now,entry_time,r1,r4,r12
SOLUSDT,1672642800000,2023,SHORT,0.09596955292975877,-0.08979824081310153,1672646400000,-0.00844493384677457,0.00697119295947734,-0.01433202604355346
SOLUSDT,1672711200000,2023,LONG,-0.027344204413438548,0.02635810415105109,1672714800000,0.006090480089467765,0.051306770174929885,0.08792432520207466
SOLUSDT,1672722000000,2023,SHORT,0.02900256436649083,-0.0019993297455348706,1672725600000,0.0009383664582770842,-0.005950880436587818,-0.0912868421570479
SOLUSDT,1672725600000,2023,LONG,-0.0019993297455348706,0.0044586285369036275,1672729200000,0.013985056510663377,0.010105814000460274,0.0949531838439007
SOLUSDT,1672754400000,2023,SHORT,0.03465166106880123,-0.006569330921048607,1672758000000,-0.05318783756191099,-0.05816800504130092,-0.11533935574289648
SOLUSDT,1672765200000,2023,LONG,-0.03842181609032291,0.02910568813495614,1672768800000,0.002642625508043907,0.026799315659886275,0.058566956059043655
SOLUSDT,1672776000000,2023,SHORT,0.003943171132621126,-0.005541707181770545,1672779600000,-0.012657431661485872,-0.03209154545966041,-0.04998796153433516
SOLUSDT,1672797600000,2023,LONG,-0.025434918009133927,0.02309996615673625,1672801200000,-0.015216721443528597,0.014121649727906194,-0.013357639294401433
SOLUSDT,1673186400000,2023,SHORT,0.02054333603427144,-0.0018160870209207598,1673190000000,-0.00346921423401132,0.02085009142068908,-0.1459878778587706
SOLUSDT,1673215200000,2023,LONG,-0.0017176607256326746,0.002543229830470963,1673218800000,0.0541171514640346,0.15391087042245247,0.1791176167431591
SOLUSDT,1673218800000,2023,SHORT,0.002543229830470963,-0.03147367430079672,1673222400000,-0.033516614027368816,-0.10392142756975886,-0.12329876944168566
SOLUSDT,1673251200000,2023,LONG,-0.012343262053568336,0.0005521746510794602,1673254800000,0.013447861658171972,0.015529027861996418,0.017178638744705245
SOLUSDT,1673254800000,2023,SHORT,0.0005521746510794602,-0.012820566214504633,1673258400000,-0.004402330558425501,-0.003425708372518054,-0.002020140872496335
SOLUSDT,1673265600000,2023,LONG,-0.005141194565416971,0.004345490576584729,1673269200000,0.001283265781530207,0.025238313568730714,0.013362686687065433
SOLUSDT,1673276400000,2023,SHORT,0.010040068723708356,-0.050835575071810704,1673280000000,0.021062104207331855,0.050344293147735746,0.07012359065711805
SOLUSDT,1673294400000,2023,LONG,-0.004271190986439672,0.029709859274953204,1673298000000,-0.0017108644036293189,0.011774124001927549,-0.010679534386389805
SOLUSDT,1673384400000,2023,SHORT,0.013735346992170579,-0.010068478296423777,1673388000000,0.0080793682236088,0.019389398860915095,0.020571027780391576
SOLUSDT,1673388000000,2023,LONG,-0.010068478296423777,0.01262279639104413,1673391600000,-0.004928849852566575,-0.017233255648448357,-0.01642073021232752
SOLUSDT,1673413200000,2023,SHORT,0.000954940101044467,-0.005462165710160483,1673416800000,-0.009536644720917968,-0.006430087391856956,0.02697805557051391
SOLUSDT,1673427600000,2023,LONG,-0.0006702204264208038,0.0016641373133764138,1673431200000,-0.004052753622078686,-0.014162412424048977,-0.010948900317417298
SOLUSDT,1673434800000,2023,SHORT,0.00234757008560656,-0.010779369147607878,1673438400000,0.013381698035509138,0.03887628919893439,-0.02044606262683001
SOLUSDT,1673449200000,2023,LONG,-0.0012788663707544025,0.029639295227738022,1673452800000,-0.004812704398610843,0.03731491112199212,0.06316698476149156
SOLUSDT,1673460000000,2023,SHORT,0.01169368803302787,-0.0023606715803907354,1673463600000,-0.020714349745496033,-0.03252012871828976,-0.03744958598595422
SOLUSDT,1673510400000,2023,LONG,-0.003937477914729014,0.014689012826704474,1673514000000,-0.0014892959625194932,-6.2009735548178e-05,0.028244939111759425
SOLUSDT,1673524800000,2023,SHORT,0.008560010890140638,-0.0035175976040511337,1673528400000,-0.013304785112542397,0.003976395422749556,-0.017517888581560972
SOLUSDT,1673586000000,2023,LONG,-0.01784980253917371,0.0031033600726244645,1673589600000,0.011484172861893691,0.0075328806040018785,0.004336855156227601
SOLUSDT,1673589600000,2023,SHORT,0.0031033600726244645,-0.01201415745253594,1673593200000,0.005844344980068965,0.011901730328433264,0.014765010738448516
SOLUSDT,1673686800000,2023,LONG,-0.07057825498382922,0.10230494641574217,1673690400000,-0.023572599925615004,-0.004119698400066594,0.005642510011209585
SOLUSDT,1673834400000,2023,SHORT,0.07762547755096562,-0.011643267431461797,1673838000000,0.013081581897489388,-0.047241776763302545,0.019513860329114046
SOLUSDT,1674054000000,2023,LONG,-0.023334276825712708,0.051212178858947056,1674057600000,-0.016806340154407632,0,-0.01998629045845718
SOLUSDT,1674093600000,2023,SHORT,0.07483792789571096,-0.026546731493054143,1674097200000,-0.00789997525315615,-0.010239157606328327,0.010392785439731973
SOLUSDT,1674266400000,2023,LONG,-0.02404433386531117,0.12886342289265193,1674270000000,-0.002129412805678226,0.01742634112463579,0.011056010760307855
SOLUSDT,1674392400000,2023,SHORT,0.021190198520084285,-0.0030112557596312746,1674396000000,-0.005326350139051097,-0.0034216632412562265,0.025551855333443483
SOLUSDT,1674396000000,2023,LONG,-0.0030112557596312746,0.0018121157484744055,1674399600000,-0.010520959438426462,-0.011362625987782322,-0.017677631991194747
SOLUSDT,1674399600000,2023,SHORT,0.0018121157484744055,-0.02338187391625731,1674403200000,-0.0007208362011697387,0.0018445011043629058,0.01729475788570176
SOLUSDT,1674417600000,2023,LONG,-0.04401590161395053,0.02551688649851996,1674421200000,0.013512876342131008,0.01816874268711246,0.01890838769124665
SOLUSDT,1674421200000,2023,SHORT,0.02551688649851996,-0.003167317110170065,1674424800000,0.00012390806037781664,-0.010067681756833143,-0.013374009645873874
SOLUSDT,1674424800000,2023,LONG,-0.003167317110170065,0.008386702616063137,1674428400000,-0.0005784646058338613,0.023433469397362156,0.01853913259722294
SOLUSDT,1674428400000,2023,SHORT,0.008386702616063137,-0.0064371954963336805,1674432000000,-0.005399514385862086,-0.013872580365892393,-0.018062047761369743
SOLUSDT,1675040400000,2023,LONG,-0.007716584242252933,0.014425833699037958,1675044000000,-0.013708502313621177,-0.004014739075334538,-0.05904798773651483
SOLUSDT,1675072800000,2023,SHORT,0.025688931624469145,-0.018475762570692104,1675076400000,0.006848346851744085,-0.021442838103547718,0.017062341631154183
SOLUSDT,1675105200000,2023,LONG,-0.04666653303659949,0.015029129113424933,1675108800000,-0.0007631646262031971,0.015225731548501384,0.021923624503049837
SOLUSDT,1675112400000,2023,SHORT,0.014963054041191857,-0.0046981305791972345,1675116000000,0.0007150217965670445,-0.016347319834587284,0.0018516965142745547
SOLUSDT,1675116000000,2023,LONG,-0.0046981305791972345,0.005785875427198033,1675119600000,0.008004568859017555,0.012377844743498326,-0.008578302725598253
SOLUSDT,1675119600000,2023,SHORT,0.005785875427198033,-0.010194766022700134,1675123200000,0.00016697975409285144,-0.0021265514112138017,0.008678026246201951
SOLUSDT,1675123200000,2023,LONG,-0.010194766022700134,0.004191861430246111,1675126800000,0.0092668285576244,0.0037503169216831465,-0.008216353076374019
SOLUSDT,1675126800000,2023,SHORT,0.004191861430246111,-0.012660077022754105,1675130400000,0.004685208728025236,0.021321877981146767,-0.0011162330365028506
SOLUSDT,1675303200000,2023,LONG,-0.06889574369902769,0.026326807987545192,1675306800000,0.0006324110882709457,-0.016745467439914168,-0.022673262687590956
SOLUSDT,1675389600000,2023,SHORT,0.034163676552276104,-0.015991603687854863,1675393200000,-0.0063934880685634935,-0.009226525622712454,-0.023474680359225238
SOLUSDT,1675443600000,2023,LONG,-0.07188011252514562,0.053721022504945856,1675447200000,-0.007340003350580802,-0.00994831065318855,-0.013955512613344863
SOLUSDT,1675447200000,2023,SHORT,0.053721022504945856,-0.06859806021406044,1675450800000,0.007927792737210717,-0.004832006153164385,0.0031390800150305175
SOLUSDT,1675980000000,2023,LONG,-0.026796050925713435,0.029391454118465686,1675983600000,0.011046038821576417,0.02923715486735178,0.03939727470300118
SOLUSDT,1675990800000,2023,SHORT,0.002755817750945387,-0.032092254958397584,1675994400000,-0.004179784605049739,0.001734689395626803,0.00043339032291774514
SOLUSDT,1676426400000,2023,LONG,-0.0278490041159392,0.03108173538270773,1676430000000,0.004036098355552893,0.003248714974978273,0.037185789449736516
SOLUSDT,1676440800000,2023,SHORT,0.003723582141091987,-0.0062770259764458975,1676444400000,0.0031089790940860293,-0.01151608839267768,-0.04838413731312185
SOLUSDT,1676512800000,2023,LONG,-0.0905195502268799,0.0066389645745216375,1676516400000,-0.0018040322905780318,-0.0015940938017839942,-0.02465488852513794
SOLUSDT,1676599200000,2023,SHORT,0.027051039261467808,-0.08068939825268567,1676602800000,-0.003091738693517822,-0.002385897831320806,-0.0007517301200802447
SOLUSDT,1676750400000,2023,LONG,-0.006493892080315381,0.009031454234907869,1676754000000,0.010279248557741401,0.010703498701986143,0.007347006693060559
SOLUSDT,1676754000000,2023,SHORT,0.009031454234907869,-0.008430546997709717,1676757600000,-0.0014840887240662056,0.011737975433878564,-0.0014417167404155648
SOLUSDT,1676761200000,2023,LONG,-0.008110404589359708,0.008618621493316983,1676764800000,0.004761913760243785,-0.0066277795906172264,0.00983892585029318
SOLUSDT,1676782800000,2023,SHORT,0.0031320872755398544,-0.01330028823706107,1676786400000,0.013268585661362882,0.015723197753343625,-0.016916258379686383
SOLUSDT,1676786400000,2023,LONG,-0.01330028823706107,0.00222500729726351,1676790000000,-0.00474577161900438,-0.0019887872840997777,0.025871425423432695
SOLUSDT,1676797200000,2023,SHORT,0.004268372837052411,-0.00585933312527901,1676800800000,-0.00038128323451181654,-0.02931193945485547,-0.06639061850520898
SOLUSDT,1676847600000,2023,LONG,-0.012290618196829825,0.021819690792723948,1676851200000,-0.012512057627308299,0.05202137018786309,0.06039025652509833
SOLUSDT,1676854800000,2023,SHORT,0.018121786655908044,-0.00532376483336988,1676858400000,-0.04223550470482137,-0.07011294177712182,-0.06780665897260978
SOLUSDT,1676858400000,2023,LONG,-0.00532376483336988,0.02225682228111546,1676862000000,0.016368238191576963,0.03247286620518351,0.02651597933999262
SOLUSDT,1677027600000,2023,SHORT,3.688752889725894e-05,-0.007617090535530228,1677031200000,0.010310840201219352,0.02612487359593434,0.04244680012510539
SOLUSDT,1678280400000,2023,LONG,-0.018087215455596672,0.035821761126638055,1678284000000,0.004469281182297043,0.0035132581649308134,-0.017808137051741082
SOLUSDT,1678327200000,2023,SHORT,0.028407179476955247,-0.07525793997190204,1678330800000,-0.0010232934782795856,-0.0074086343055693215,0.0037250022827716974
SOLUSDT,1678388400000,2023,LONG,-0.0008478712669089958,0.020641163526683614,1678392000000,-0.0531991017286671,-0.022891087150322825,-0.04277802334743591
SOLUSDT,1678413600000,2023,SHORT,0.039785453876252624,-0.006381461682358493,1678417200000,0.003377004664925718,0.024596709260853993,-0.0077010310822606814
SOLUSDT,1678420800000,2023,LONG,-0.00955414425056198,0.004264200544428592,1678424400000,0.006441057518402039,-0.010274062976185229,0.03781212369145245
SOLUSDT,1678424400000,2023,SHORT,0.004264200544428592,-0.006645129473231249,1678428000000,0.020402854092488702,0.039468233861053185,-0.030014326844916568
SOLUSDT,1678428000000,2023,LONG,-0.006645129473231249,0.003205207936654764,1678431600000,0.011373856396498131,-0.03652432189724984,0.03942691997945792
SOLUSDT,1678453200000,2023,SHORT,0.03781753568302545,-0.08096617039069359,1678456800000,0.013065339714039784,-0.005054100880250595,-0.06256176077703289
SOLUSDT,1678518000000,2023,LONG,-0.01665129739278734,0.033565626621088654,1678521600000,0.02111937395069005,0.019510548046334,0.04953262722692676
SOLUSDT,1678521600000,2023,SHORT,0.033565626621088654,-0.00586498563692541,1678525200000,-0.006865408280676103,0.007317597689939257,-0.026736228612360875
SOLUSDT,1678528800000,2023,LONG,-0.002163466185905831,0.00171266661888789,1678532400000,-0.0001724980598245441,-0.004841228981754511,0.030742039903787814
SOLUSDT,1678564800000,2023,SHORT,0.004734347126188752,-0.018039395453089767,1678568400000,-0.006296513154857625,-0.0012289817758258446,-0.007739675039435377
SOLUSDT,1678579200000,2023,LONG,-0.005651251644964967,0.010538499879423527,1678582800000,0.0015619773341964197,-0.0017321827033877635,0.0007812936387161642
SOLUSDT,1678618800000,2023,SHORT,0.008458921750071648,-0.013574793724375237,1678622400000,0.010432947017586914,0.015970957983032205,-0.10865088974392897
SOLUSDT,1678622400000,2023,LONG,-0.013574793724375237,0.0036756923495916585,1678626000000,-0.0005580045901161549,0.0003904180311173553,0.1208156102825669
SOLUSDT,1678629600000,2023,SHORT,0.0005294264740207334,-0.0018155112573272193,1678633200000,0.001737425125300119,-0.040817514725250435,-0.0969480318380685
SOLUSDT,1678633200000,2023,LONG,-0.0018155112573272193,0.006305337278828836,1678636800000,0.005928428996562627,0.030494546513612608,0.0918518335524269
SOLUSDT,1678636800000,2023,SHORT,0.006305337278828836,-0.004010727823541889,1678640400000,-0.03425837196470054,-0.04774605234665182,-0.08801925196841205
SOLUSDT,1678672800000,2023,LONG,-0.0795418374044259,0.04027565039740953,1678676400000,-0.006833623410941746,0.0011174888144174031,0.03828982197293988
SOLUSDT,1678716000000,2023,SHORT,0.003401987383407724,-0.026525035383347863,1678719600000,-0.013314093660880775,-0.008184388258289571,0.010029089518802234
SOLUSDT,1678892400000,2023,LONG,-0.036245788952621115,0.020099309010571772,1678896000000,-0.023776828898112078,-0.007723255005279556,0.003942936366418005
SOLUSDT,1678906800000,2023,SHORT,0.024109684111145425,-0.00429415526287254,1678910400000,-0.005536707797695147,-0.0077220460939103185,-0.02093991717925497
SOLUSDT,1679119200000,2023,LONG,-0.017386767550363016,0.014534569466734482,1679122800000,-0.009148456110150763,-0.004070592277233288,-0.01289470860146431
SOLUSDT,1679130000000,2023,SHORT,0.04541625198867678,-0.0013815134735927475,1679133600000,-0.0016598258750937086,0.004950950791810723,0.025832533817790618
SOLUSDT,1679140800000,2023,LONG,-0.027703828345527075,0.0017436661727373054,1679144400000,-0.008536308462163493,-0.016236319330141077,-0.03955897999534953
SOLUSDT,1679191200000,2023,SHORT,0.040974472272760264,-0.017871535247153646,1679194800000,-0.007311890202290055,0.007179779319714894,-0.005339729130119017
SOLUSDT,1679205600000,2023,LONG,-0.01440373658054126,0.009420470430566178,1679209200000,0.0021822411446015106,-0.003259000044522465,0.034581497708898894
SOLUSDT,1679227200000,2023,SHORT,0.014971451581228144,-0.00017265420728816857,1679230800000,-0.0010638052852179967,-0.029906044198329994,-0.010358493282742128
SOLUSDT,1679317200000,2023,LONG,-0.0009774653551828548,0.008350576916872363,1679320800000,-0.006269882259240462,-0.03826735978494504,-0.033342225037226024
SOLUSDT,1679364000000,2023,SHORT,0.0040438893908467605,-0.04278040869705832,1679367600000,-0.013688085364988462,-0.00414863509885872,-0.03000180510637712
SOLUSDT,1679511600000,2023,LONG,-0.03194770524893113,0.03458497414358267,1679515200000,0.025422122330926434,0.014826242919430906,0.028145850441871588
SOLUSDT,1679515200000,2023,SHORT,0.03458497414358267,-0.021578625066913455,1679518800000,0.01918333779552757,0.011063705267088204,-0.0026316412149997507
SOLUSDT,1679677200000,2023,LONG,-0.03790754944790742,0.002421199127823317,1679680800000,0.013282604603389142,0.008826096549547252,0.008777546968277929
SOLUSDT,1679680800000,2023,SHORT,0.002421199127823317,-0.03531131889350905,1679684400000,-0.0024618070502787745,0.007324618616851713,0.003388849099134715
SOLUSDT,1680332400000,2023,LONG,-0.00010950401808555539,0.002163857693359929,1680336000000,-0.0006190034242837187,0.0003807348227983526,-0.003433152332595599
SOLUSDT,1680429600000,2023,SHORT,0.001527200467352083,-0.00037416991480169055,1680433200000,0.0029499950022722245,0.014259297061284187,0.024333972994378828
SOLUSDT,1680433200000,2023,LONG,-0.00037416991480169055,0.0015385218889764156,1680436800000,-0.0031977118287358853,-0.020021845070853448,-0.022991734544123628
SOLUSDT,1680436800000,2023,SHORT,0.0015385218889764156,-0.003631020367379267,1680440400000,0.005176391926533394,0.017262591745112105,0.020477871954550246
SOLUSDT,1681207200000,2023,LONG,-0.006909096230485598,0.015472921673406267,1681210800000,-0.009356531605342987,0.031924135201610485,0.0334335694504646
SOLUSDT,1681221600000,2023,SHORT,0.009478976867496493,-0.022462166756438712,1681225200000,-0.005938821947765827,-0.013632482739583625,0.03125870966360457
SOLUSDT,1681232400000,2023,LONG,-0.0004618425999737187,0.04210891415297781,1681236000000,0.012036726249750444,0.0021523899829211934,-0.02213501552980643
SOLUSDT,1681383600000,2023,SHORT,0.008390622721746116,-0.0038354083031072743,1681387200000,-0.028307985351088822,-0.012346340550211953,-0.004678467104544852
SOLUSDT,1681390800000,2023,LONG,-0.03903213865684258,0.0011750918480689927,1681394400000,0.0057900758986039625,0.0005277580554850876,0.01599260655690474
SOLUSDT,1681394400000,2023,SHORT,0.0011750918480689927,-0.03168193482322563,1681398000000,0.006399114623024344,0.0029514647337734947,0.001171456981940126
SOLUSDT,1681437600000,2023,LONG,-0.03978557929105184,0.011211187683111625,1681441200000,0.014087283715168854,0.02624801665140094,-0.012363409341115733
SOLUSDT,1681444800000,2023,SHORT,0.0025803166986961804,-0.0018152013910267917,1681448400000,-0.009922402677354144,0.008137585294338202,0.05118666106286294
SOLUSDT,1681480800000,2023,LONG,-0.003143520907596282,0.009028660277732928,1681484400000,-0.02448290303733287,-8.184980565231616e-05,-0.006651636103350742
SOLUSDT,1681495200000,2023,SHORT,0.014314275264369396,-0.006443617083133745,1681498800000,-0.004206062104552942,-0.011109642822306512,0.011400004111598099
SOLUSDT,1681516800000,2023,LONG,-0.013261732319004963,0.008772640374576672,1681520400000,-0.0037302004680155438,-0.011853454010661001,0.0018803144846739536
SOLUSDT,1681624800000,2023,SHORT,0.01365561457866901,-0.014325800186073141,1681628400000,-0.0018153317964866784,0.005092229844982723,-0.01820947669499634
SOLUSDT,1681711200000,2023,LONG,-0.0031885983323754253,0.0445776007317154,1681714800000,-0.004167086097440753,0.00035637213547093914,-0.01741814570068907
SOLUSDT,1681783200000,2023,SHORT,0.040410542612319134,-0.0135311210497053,1681786800000,-0.001966327289573197,-0.027382350217345558,-0.029813162946694758
SOLUSDT,1681891200000,2023,LONG,-0.026087705026307414,0.06583484305164364,1681894800000,0.0037610470294706815,0.008464273919816788,0.00811664431565543
SOLUSDT,1681912800000,2023,SHORT,0.014825258984113951,-0.020988905819341205,1681916400000,0.003381201192582124,0.01251171813143772,0.03314452595514867
SOLUSDT,1681923600000,2023,LONG,-0.006416974292337681,0.013268912518867648,1681927200000,-0.004187990491793736,-0.00882816881252717,-0.019183258610318152
SOLUSDT,1681952400000,2023,SHORT,0.021075692769093424,-0.06026104785881826,1681956000000,0.017165548249927443,0.011528008544740776,0.008370803554271488
SOLUSDT,1682730000000,2023,LONG,-0.0029280751816499802,0.00031376267954168316,1682733600000,0.004375999089174958,-0.001592117206297306,0.01459755316071293
SOLUSDT,1682769600000,2023,SHORT,0.030875297676746724,-0.05116694030545641,1682773200000,-0.001738798970717093,0.011054552489192376,0.018939635461407426
SOLUSDT,1682902800000,2023,LONG,-0.04539786543049164,0.0071078247595918465,1682906400000,0.0005409791854954569,4.509277839915097e-05,-0.002212040718698698
SOLUSDT,1682920800000,2023,SHORT,0.016264567806788425,-0.009602563021655752,1682924400000,-0.0030971589270486354,0.00013487692501061859,0.017871387783718266
SOLUSDT,1683187200000,2023,LONG,-0.0024107665796379496,0.0018335188864374362,1683190800000,0.0013514124314512252,-0.0013081036620240859,-0.021137813247742353
SOLUSDT,1683190800000,2023,SHORT,0.0018335188864374362,-0.0014718261448003426,1683194400000,-0.0067301043690945585,0.016293731926931895,0.021799848434825495
SOLUSDT,1683205200000,2023,LONG,-0.015358037415448812,0.019138784645503313,1683208800000,-0.0029328221920251296,-0.005276088673511605,0.005293915247965144
SOLUSDT,1683212400000,2023,SHORT,0.007939851083469257,-0.007098381761236458,1683216000000,-0.003937734025847318,0.0022965286595251102,-0.0041205076155726396
SOLUSDT,1683378000000,2023,LONG,-0.027488008070017323,0.007320224528571118,1683381600000,-0.009915160412412706,0.00264574554480353,-0.002698563167121431
SOLUSDT,1683381600000,2023,SHORT,0.007320224528571118,-0.010331847338032786,1683385200000,-0.003959489519143544,-0.017604880934403405,-0.0031320554368153564
SOLUSDT,1685980800000,2023,LONG,-0.08092968268877765,0.03612590729855575,1685984400000,0.0018461697232770465,-0.0002997003019435866,-0.002300001013917391
SOLUSDT,1686016800000,2023,SHORT,0.04676630845942911,-0.010556602647307735,1686020400000,-0.002204630615364791,-0.0018041500333202674,-0.00010031599546945747
SOLUSDT,1686052800000,2023,LONG,-0.024586198508583415,0.003209043840113288,1686056400000,0.01495040219707328,0.032769922523490785,0.046456921277259956
SOLUSDT,1686056400000,2023,SHORT,0.003209043840113288,-0.0052575128193952875,1686060000000,-0.009727163861899398,-0.020800148464555093,-0.023574075347280395
SOLUSDT,1686153600000,2023,LONG,-0.02420397798843976,0.017373488656564448,1686157200000,0.001523069541558245,-0.010302016780760911,-0.022376102985679467
SOLUSDT,1686175200000,2023,SHORT,0.001389912349705241,-0.0033893561391533976,1686178800000,-0.003603413692810852,-0.008156301923823472,-0.009651549452221598
SOLUSDT,1686178800000,2023,LONG,-0.0033893561391533976,0.002072601408447734,1686182400000,0.004873486684199267,-0.009114260207480497,0.007434580816992375
SOLUSDT,1686182400000,2023,SHORT,0.002072601408447734,-0.012890221538577523,1686186000000,-0.006178119352806666,0.006055265936478869,-0.0066558644052886525
SOLUSDT,1686330000000,2023,LONG,-0.03692468896315058,0.009937998741511033,1686333600000,-0.019323739356643582,-0.036926758354122464,-0.2485062264916156
SOLUSDT,1686384000000,2023,SHORT,0.0420670353986651,-0.00028619821046347286,1686387600000,0.009775381623461032,0.02275232228796253,-0.03778286099910716
SOLUSDT,1686387600000,2023,LONG,-0.00028619821046347286,0.01741010799000693,1686391200000,0.015703585192259242,0.005442930841149058,0.0569499355976886
SOLUSDT,1686394800000,2023,SHORT,0.015085763525832453,-0.0061804323303342994,1686398400000,0.028880906645061294,0.008495769527957376,-0.046632928434289074
SOLUSDT,1686398400000,2023,LONG,-0.0061804323303342994,0.008886296692635513,1686402000000,0.018351651701414957,0.01359070956568705,0.06345811739367786
SOLUSDT,1686416400000,2023,SHORT,0.039822941618553584,-0.09614664271967552,1686420000000,0.033557116795467176,-0.00012889920100344346,-0.008663619085818728
SOLUSDT,1687237200000,2023,LONG,-0.007023886516909618,0.017642493342428227,1687240800000,-0.0015038539083372035,-0.003449685109490127,0.021310352371111726
SOLUSDT,1687262400000,2023,SHORT,0.013937363509581874,-0.0058485053562395825,1687266000000,0.005212433693726078,-0.006493123892870759,-0.05056330674612539
SOLUSDT,1687269600000,2023,LONG,-0.006653212600910672,0.00144343507125476,1687273200000,0.008063035808907697,0.03364431369328592,0.06239768840292816
SOLUSDT,1687280400000,2023,SHORT,0.010024713540338886,-0.011689942711132745,1687284000000,-0.0022652839760100027,-0.004769484399035205,-0.03735660378728
SOLUSDT,1687287600000,2023,LONG,-0.004325441624821061,0.0037214381911347626,1687291200000,0.005004587802679456,0.01746769304039078,0.028469956619274237
SOLUSDT,1687291200000,2023,SHORT,0.0037214381911347626,-0.01968152253566932,1687294800000,0.0020110308736811526,-0.022096687594870334,-0.019652208810180535
SOLUSDT,1688043600000,2023,LONG,-0.04090572170496014,0.011182032632475957,1688047200000,-0.011670613011972622,0.003236708200353146,0.052299499402848844
SOLUSDT,1688050800000,2023,SHORT,0.018369222215755265,-0.0202148819027519,1688054400000,-0.00011322463780201446,-0.0035040162448848537,-0.07038464441136655
SOLUSDT,1688104800000,2023,LONG,-0.011901232484920858,0.019349177746342233,1688108400000,0.012429175328977674,0.0031218067228645143,0.0350132425928613
SOLUSDT,1688126400000,2023,SHORT,0.03738776127000745,-0.029772098593904193,1688130000000,0.06570454466281071,0.019272657272195844,0.02942394956788588
SOLUSDT,1688130000000,2023,LONG,-0.029772098593904193,0.03728732986789828,1688133600000,0.007285202484431199,0.07828138174614413,0.02812779301761489
SOLUSDT,1688140800000,2023,SHORT,0.02206158688209526,-0.034131276196630374,1688144400000,-0.031849494355529216,-0.010886536296434761,0.04892765974070484
SOLUSDT,1688148000000,2023,LONG,-0.025961770695924494,0.0055855443287632965,1688151600000,-0.006213956967943037,-0.0040163838775996415,-0.047328453187448424
SOLUSDT,1688151600000,2023,SHORT,0.0055855443287632965,-0.009548662939366235,1688155200000,-0.0014656619039145422,0.012227410694170703,0.035184866055924316
SOLUSDT,1688169600000,2023,LONG,-0.006084488805623914,0.002292251314439229,1688173200000,-0.008152802077309932,-0.038776367445014844,-0.017024438756223764
SOLUSDT,1688194800000,2023,SHORT,0.0034088109931810734,-0.007413353486049395,1688198400000,0.0018464217258395736,0.005604084418291386,0.006095256966163639
SOLUSDT,1688205600000,2023,LONG,-0.00896211562815258,0.011505969106683006,1688209200000,0.002348893549849897,0.006704301131720185,0.008441166527103305
SOLUSDT,1688256000000,2023,SHORT,0.0023471363895373487,-0.02345844182928521,1688259600000,0.004236044834006105,-0.031236902754023115,-0.012337300861458305
SOLUSDT,1688317200000,2023,LONG,-0.010344743043719136,0.009382649863766914,1688320800000,0.011056145427127375,0.016615719100533766,0.012861246616102726
SOLUSDT,1688320800000,2023,SHORT,0.009382649863766914,-0.00035948883351749194,1688324400000,0.000619642692551756,-0.006790848197933036,0.0016532345158343934
SOLUSDT,1688346000000,2023,LONG,-0.009736231715216174,0.009367446770917312,1688349600000,0.007183201743492352,-0.0006696371332208832,-0.013426499615617074
SOLUSDT,1688396400000,2023,SHORT,0.023067135750369578,-0.0029316774566591295,1688400000000,0.008489413241921855,0.0004149808130929076,-0.00015557341800247223
SOLUSDT,1688400000000,2023,LONG,-0.0029316774566591295,0.008130829529430278,1688403600000,0.0030808619444697666,-0.00020921596394104933,0.0034457588651397877
SOLUSDT,1688403600000,2023,SHORT,0.008130829529430278,-0.0007287165949620664,1688407200000,-0.0027591968984991273,0.004126948524244531,-0.00114625136293466
SOLUSDT,1688414400000,2023,LONG,-0.005440165824393218,0.0011001937529287378,1688418000000,-0.0007326007653665369,0.01273439075099829,0.001881369773642824
SOLUSDT,1688428800000,2023,SHORT,0.0023557334312672325,-0.0033202775316201875,1688432400000,0.004295961680547922,0.009079415921917529,0.0016540890776402665
SOLUSDT,1688443200000,2023,LONG,-0.005140959940832809,0.0026809535910832668,1688446800000,0.0009377442729381015,-0.001721485075231833,0.020838385560693444
SOLUSDT,1688446800000,2023,SHORT,0.0026809535910832668,-0.004327664106601195,1688450400000,0.0011461916436672885,-0.0004164714516963561,-0.01708825557048089
SOLUSDT,1688479200000,2023,LONG,-0.0037824326360249103,0.0019314401623359652,1688482800000,0.01671234894525873,-0.003952067145062635,-0.014914481079543254
SOLUSDT,1688518800000,2023,SHORT,0.011463755834549524,-0.02098294194229762,1688522400000,-0.0016131133977979211,-0.008349588245829109,0.02158319291882034
SOLUSDT,1688551200000,2023,LONG,-0.02474891493197519,0.026751469872256815,1688554800000,0.00439584711288096,0.010900455246311315,0.010794162729204582
SOLUSDT,1688598000000,2023,SHORT,0.014547083857773811,-0.013519928323815439,1688601600000,-0.01625117411253538,-0.024561542738948252,-0.04672593115758047
SOLUSDT,1688641200000,2023,LONG,-0.03320687496353936,0.00020185867753324518,1688644800000,-0.010920229854463873,-0.010056430608659994,-0.014995215118488819
SOLUSDT,1688644800000,2023,SHORT,0.00020185867753324518,-0.0055673645706774775,1688648400000,0.009089114859567857,0.002035313377516553,-0.025791695580162224
SOLUSDT,1688648400000,2023,LONG,-0.0055673645706774775,0.002507507134723892,1688652000000,-0.010207852724713109,0.028717848127605233,0.04601162365840175
SOLUSDT,1688655600000,2023,SHORT,0.006850134084575628,-0.015663202219238292,1688659200000,0.002848280243083478,-0.058971093789443256,-0.025473974366555904
SOLUSDT,1688659200000,2023,LONG,-0.015663202219238292,0.03108052418406755,1688662800000,0.021817215024613954,0.05490603620534131,0.006650952346874766
SOLUSDT,1688670000000,2023,SHORT,0.039035408825029046,-0.008658444357525592,1688673600000,0.006967329917068317,0.06386199589843941,0.0718562990046494
SOLUSDT,1688673600000,2023,LONG,-0.008658444357525592,0.018244419627803633,1688677200000,-0.012761897734958054,-0.027025369927090443,-0.0671004629190268
SOLUSDT,1688724000000,2023,SHORT,0.011211005184683442,-0.016001590165429982,1688727600000,-0.002882705773606229,-0.053210225498872055,-0.06745534712911579
SOLUSDT,1688734800000,2023,LONG,-0.022942771454892024,0.037231139720292336,1688738400000,0.015888451445986395,0.018716107790686685,0.03985677218994023
SOLUSDT,1688738400000,2023,SHORT,0.037231139720292336,-0.013776858777166142,1688742000000,-0.001084829010005634,0.0027408929781382713,-0.030671549261391397
SOLUSDT,1688745600000,2023,LONG,-0.0029826357438943714,0.007368838477145751,1688749200000,-0.009880901762957252,-0.008846094521038957,0.007104248299228802
SOLUSDT,1689015600000,2023,SHORT,0.012368597260642617,-0.020613399828583005,1689019200000,0.01006532262767357,0.013161155111043998,-0.024366873793810546
SOLUSDT,1689040800000,2023,LONG,-0.014651307723363847,0.004273264440169103,1689044400000,0.007577543997040452,0.026680452280843682,0.02803430419574461
SOLUSDT,1689048000000,2023,SHORT,0.006439381399402835,-0.0006812324324172793,1689051600000,-0.0044808268469078115,-0.007532734378915874,-0.010031089036443295
SOLUSDT,1689051600000,2023,LONG,-0.0006812324324172793,0.0025484167291413055,1689055200000,0.010167117355444021,0.0008208309093274423,0.007544461545124119
SOLUSDT,1689055200000,2023,SHORT,0.0025484167291413055,-0.01682483221363342,1689058800000,0.0021244386140010004,0.01025696566051768,0.00793313165733408
SOLUSDT,1689062400000,2023,LONG,-0.002603804868614861,0.014670694698464768,1689066000000,-0.0022310766226803424,0.010766411788145724,-0.0002729257658861431
SOLUSDT,1689238800000,2023,SHORT,0.015706913598838888,-0.01896248772892364,1689242400000,-0.006783672902825936,-0.015802242161493802,-0.1517037468445869
SOLUSDT,1689249600000,2023,LONG,-0.01650057156161241,0.020325847541968003,1689253200000,0.00281797426655043,0.1252948779034785,0.2746410801636317
SOLUSDT,1689260400000,2023,SHORT,0.05787598981099308,-0.061826761294617366,1689264000000,-0.04903915782138024,-0.08433077235269265,-0.17042937053556134
SOLUSDT,1689278400000,2023,LONG,-0.016517878997028987,0.016742650253728567,1689282000000,0.002381278817363011,0.13830288003135124,0.13020373281141948
SOLUSDT,1689289200000,2023,SHORT,0.012556481345774397,-0.002099572595606713,1689292800000,-0.12155960074682706,-0.09360361120085503,-0.07616212966386193
SOLUSDT,1689300000000,2023,LONG,-0.11409807930226076,0.01352209430696482,1689303600000,-0.013661462146352006,-0.019066121894577497,-0.03163733155477006
SOLUSDT,1689321600000,2023,SHORT,0.03869562547934655,-0.011765001794689258,1689325200000,0.033210809952493585,0.056428028781582644,0.10897364754137738
SOLUSDT,1689325200000,2023,LONG,-0.011765001794689258,0.05523507220113624,1689328800000,-0.003197387973378611,-0.01016033410331447,-0.062004461734373226
SOLUSDT,1689379200000,2023,SHORT,0.03812005253828531,-0.0006541611697577375,1689382800000,0.007654533030036729,0.0012294787113225826,-0.0335111751742805
SOLUSDT,1689426000000,2023,LONG,-0.0034013094611934904,0.04264121660519312,1689429600000,-0.025091049389437448,-0.03278631307202521,-0.03948187318267896
SOLUSDT,1689444000000,2023,SHORT,0.03064260339792308,-0.015164118272271168,1689447600000,0.00014343086656834402,0.02002710569860667,0.004888227690578809
SOLUSDT,1689451200000,2023,LONG,-0.012526952906316533,0.012199960768969634,1689454800000,-0.004890871084389762,-0.0036205687631292193,0.006125041667384385
SOLUSDT,1689465600000,2023,SHORT,0.014581940761974235,-0.01281963777252655,1689469200000,0.006586752102276894,0.007134567246630911,-0.015047621847944915
SOLUSDT,1689472800000,2023,LONG,-0.009841380595943264,0.006329280976684228,1689476400000,-0.01920880175744458,0.007667861643884602,0.02902073237609454
SOLUSDT,1689487200000,2023,SHORT,0.0066482075929716,-0.009664535751095858,1689490800000,0.00201976552829278,-0.0012962698055936116,0.0026698431993499258
SOLUSDT,1689490800000,2023,LONG,-0.009664535751095858,0.001150969800194672,1689494400000,0.00514973138724395,0.013092243892829206,-0.012242011324625244
SOLUSDT,1689494400000,2023,SHORT,0.001150969800194672,-4.747664992769425e-05,1689498000000,-0.005623324691276004,-0.005266092522292803,0.01618574304872817
SOLUSDT,1689508800000,2023,LONG,-0.01127068934487075,0.0010538138791857526,1689512400000,0.009565027499853338,-0.0026115746888574825,-0.009729554197151961
SOLUSDT,1689516000000,2023,SHORT,0.004061709999455139,-0.023214023851521423,1689519600000,0.008963585904821533,0.023987443673201606,0.00548198511639642
SOLUSDT,1689530400000,2023,LONG,-0.014303604879005222,0.012164879945943776,1689534000000,-0.011628037995119099,-0.0035104898255705268,0.0015883333062694644
SOLUSDT,1689541200000,2023,SHORT,0.00912776248608659,-0.005189994862045069,1689544800000,-7.251105796806828e-05,-0.017930449291680115,0.01357932894053081
SOLUSDT,1689588000000,2023,LONG,-0.031569619302406204,0.002930279322854946,1689591600000,0.0009220839749683388,0.0048957453352032184,-0.017720663246857202
SOLUSDT,1689591600000,2023,SHORT,0.002930279322854946,-0.014498204967481935,1689595200000,0.0013280704353603927,0.004285668066174119,0.012427128304106297
SOLUSDT,1689613200000,2023,LONG,-0.018571579604242907,0.004982433453041332,1689616800000,0.005016957079096857,0.02820180467531296,0.01425709354866794
SOLUSDT,1689620400000,2023,SHORT,0.016491463408074607,-0.007897537816732572,1689624000000,-0.006855080542363671,-0.023491393320434536,0.017423923956642433
SOLUSDT,1689678000000,2023,LONG,-0.011194270977773634,0.005589389604849708,1689681600000,0.005739125393587721,0.01951339349331392,0.020766919198038223
SOLUSDT,1689685200000,2023,SHORT,0.009459912227772413,-0.010004724454953508,1689688800000,-0.0034184037531579305,-0.00019677679671513103,-0.032984060810838996
SOLUSDT,1690419600000,2023,LONG,-0.044673696776708474,0.009391784461560814,1690423200000,-0.009413916728611561,0.012731929764831182,0.01840883533633934
SOLUSDT,1690426800000,2023,SHORT,0.02436047306331179,-0.007795616398805132,1690430400000,-0.009627174041594938,-0.003486069284831913,-0.009149998909270329
SOLUSDT,1691596800000,2023,LONG,-0.006899008232694973,0.009437424938803184,1691600400000,0.0013084725452077773,-0.0025400480697499563,-0.008382003220651937
SOLUSDT,1691622000000,2023,SHORT,0.00871500287138788,-0.002185873035414003,1691625600000,-0.0005332130312344312,0.005760384591979698,-0.000902194032899436
SOLUSDT,1691719200000,2023,LONG,-0.005993300420301063,0.0011088295636295503,1691722800000,-0.002549421691222171,-0.0036845876284125594,0.0019380633514095823
SOLUSDT,1691798400000,2023,SHORT,0.004751178034217093,-0.002202326617439691,1691802000000,0.00754353254754648,0.011786358755672976,0.007747103177079168
SOLUSDT,1691802000000,2023,LONG,-0.002202326617439691,0.017190324891985374,1691805600000,-0.0030579193298240995,-0.002853766868057245,-0.0017520631964897313
SOLUSDT,1691820000000,2023,SHORT,0.0039042137833825113,-0.00045487890398125804,1691823600000,-0.001386793059878837,-0.0013460324672143753,-0.01156551392185594
SOLUSDT,1691852400000,2023,LONG,-0.0052642361681297795,0.005056669164656753,1691856000000,0.0032393938272516935,0.002915926252055272,0.009084181411549753
SOLUSDT,1691856000000,2023,SHORT,0.005056669164656753,-0.0007928066020280374,1691859600000,0.00303662399059758,-4.042609100455371e-05,-0.002704941191853226
SOLUSDT,1691859600000,2023,LONG,-0.0007928066020280374,0.010945198688426187,1691863200000,0.005015583058123332,0.005257635665404758,0.0014587303530808604
SOLUSDT,1691877600000,2023,SHORT,0.00872002994629935,-0.03635060932092813,1691881200000,0.003007279878238042,0.006829530000319559,0.007918525207462442
SOLUSDT,1691902800000,2023,LONG,-2.4193435009592133e-05,0.006725240648757297,1691906400000,0.001294812837694177,0.003718077351468387,-0.008457397731554376
SOLUSDT,1691917200000,2023,SHORT,0.00018095109783991686,-0.002144567123563966,1691920800000,0.00044380787882231,0.009320865017397997,0.013768671913339673
SOLUSDT,1691920800000,2023,LONG,-0.002144567123563966,0.002486124574233391,1691924400000,-0.003476577055444603,-0.00672148945085152,-0.0203015410792129
SOLUSDT,1691946000000,2023,SHORT,0.007332402520482015,-0.0034883762596062766,1691949600000,-0.0014689083757579396,0.0015528587975972234,0.00036756448107344136
SOLUSDT,1692064800000,2023,LONG,-0.02722708765341814,0.012005450908018942,1692068400000,0.002525000840546181,0.0016039138929038513,0.0014837095453685762
SOLUSDT,1692126000000,2023,SHORT,0.0166667517119115,-8.538456337139053e-05,1692129600000,-0.000873308021319764,0.006134604528264073,0.025194069635271
SOLUSDT,1692882000000,2023,LONG,-0.004136832819516798,0.010799451921906147,1692885600000,-0.01713753973226473,-0.028600883489574864,-0.03356793926475958
SOLUSDT,1692892800000,2023,SHORT,0.0016169937592225463,-0.022194155648311575,1692896400000,0.0030444319965914632,0.012329905307663688,0.02734883981479005
SOLUSDT,1693360800000,2023,LONG,-0.027189967841363308,0.05316732642671466,1693364400000,0.002314815848451318,-0.0010666173014835078,-0.031642547629846064
SOLUSDT,1693429200000,2023,SHORT,0.004201689246997542,-0.0012677686926156008,1693432800000,-0.0018256947513695684,0.007433184142754652,0.0042890598509536864
SOLUSDT,1693976400000,2023,LONG,-0.01920267794080572,0.00016809861753279176,1693980000000,-0.00020198959822250267,-0.002274738754158153,-0.008569814878073968
SOLUSDT,1693980000000,2023,SHORT,0.00016809861753279176,-0.008686835743268017,1693983600000,0.004200304750773953,0.004606087155530544,0.019325011850327183
SOLUSDT,1693983600000,2023,LONG,-0.008686835743268017,0.0012760999290365631,1693987200000,0.0029877221870383847,0.001165767130681162,-0.012862570148547633
SOLUSDT,1693987200000,2023,SHORT,0.0012760999290365631,-0.007348592028057367,1693990800000,0.0008599540201660872,-0.0012127951357694883,0.012158359109137123
SOLUSDT,1694340000000,2023,LONG,-0.01909210268948047,0.009890423632696961,1694343600000,0.0018578225112979249,-0.0093964479587184,0.0021853155549979917
SOLUSDT,1694397600000,2023,SHORT,0.031067626467470057,-0.030285319134759844,1694401200000,-0.0015287183584270845,0.0006558810904121076,0.03945240866270361
SOLUSDT,1694419200000,2023,LONG,-0.010409036567488853,0.0004801028360374786,1694422800000,-0.011396771400223098,-0.009824797126367838,-0.02195915602194527
SOLUSDT,1694480400000,2023,SHORT,0.024820796133874983,-0.011222583054131732,1694484000000,-0.006971829288096089,-0.022552484101928536,-0.036359518482730654
SOLUSDT,1694624400000,2023,LONG,-0.012733850808324362,0.02395339644777456,1694628000000,0.008882532170672199,0.02576241999795023,0.03957881982357478
SOLUSDT,1694649600000,2023,SHORT,0.06096094902758275,-0.03670827744689804,1694653200000,0.019191025217189638,0.028712626980873814,0.02131090517795245
SOLUSDT,1694660400000,2023,LONG,-0.0028682680946659944,0.0010338116457385093,1694664000000,-0.011214276063625543,-0.00774621869942548,0.002375486111911813
SOLUSDT,1694818800000,2023,SHORT,0.02029373869838204,-0.0004330710222539923,1694822400000,0.0007841292646736675,-0.0032866451058078134,-0.00015675209688027352
SOLUSDT,1694826000000,2023,LONG,-0.001535407371216263,0.02515757630737042,1694829600000,0.003391160156070221,0.0069265698903087855,-0.012304288158846393
SOLUSDT,1695031200000,2023,SHORT,0.02480083345069416,-0.002612489470727478,1695034800000,0.001786033694992637,-0.013420301182255784,-0.009589844404614946
SOLUSDT,1695034800000,2023,LONG,-0.002612489470727478,0.0359749751493329,1695038400000,0.014753493288589603,0.018270201258556253,0.0024995549525209503
SOLUSDT,1695114000000,2023,SHORT,0.02313596652842083,-0.011863120310392002,1695117600000,0.004598391251959628,0.021138431028025637,0.013009120903791539
SOLUSDT,1695117600000,2023,LONG,-0.011863120310392002,0.004327721987153107,1695121200000,0.0013370641058963676,-0.01291756322581601,-0.006762157827984691
SOLUSDT,1695135600000,2023,SHORT,0.012523214133308877,-0.0054287786643105835,1695139200000,0.0035347160492921006,0.010240105464726902,0.01109401213941226
SOLUSDT,1695139200000,2023,LONG,-0.0054287786643105835,0.010341096781793038,1695142800000,-0.00690624304402873,-0.006705389415434785,-0.009118299649614756
SOLUSDT,1695160800000,2023,SHORT,0.004835072596363204,-0.001291779779588512,1695164400000,0.001248034507899078,0.004299791635357498,-0.003535948304273294
SOLUSDT,1695164400000,2023,LONG,-0.001291779779588512,0.0010090843528071086,1695168000000,-0.0014997753148686013,-0.005912137066380443,0.0014476478255120418
SOLUSDT,1695171600000,2023,SHORT,0.004117015398936131,-0.0055313492091811555,1695175200000,0.008432131786739912,0.01270017070271314,-0.0030757043792261777
SOLUSDT,1695175200000,2023,LONG,-0.0055313492091811555,0.016011592822041645,1695178800000,-0.00291033373167407,-0.004872055645466173,0.014178989317319554
SOLUSDT,1695351600000,2023,SHORT,0.025339217514875934,-0.02367442396851901,1695355200000,-0.0007119971820897821,0.0013745706631664875,0.010381335403197946
SOLUSDT,1695470400000,2023,LONG,-0.0011514146355573389,0.006840472175453962,1695474000000,-0.003713067027032186,-0.001957956107775548,0.0030837255253536124
SOLUSDT,1695481200000,2023,SHORT,0.003539937506459759,-0.002136215729614982,1695484800000,-0.004134586488466395,-0.007686988092834132,-0.01291535614626954
SOLUSDT,1695884400000,2023,LONG,-0.0008280652494896119,0.012596299911036965,1695888000000,-0.0028660033687178824,-0.003074760741220818,0.024771295888866732
SOLUSDT,1695913200000,2023,SHORT,0.0059320919680633626,-0.0036632691690166885,1695916800000,0.004705891037412617,-0.005293171967614423,-0.030159101220340913
SOLUSDT,1695916800000,2023,LONG,-0.0036632691690166885,0.0016858955207359235,1695920400000,0.006948730187404141,0.009237351656784985,0.03555795867661382
SOLUSDT,1695920400000,2023,SHORT,0.0016858955207359235,-0.0073509903114740965,1695924000000,0.004797641009675925,-0.0033548549739630114,-0.02275342296147832
SOLUSDT,1695956400000,2023,LONG,-0.00484660474028761,0.004816474411137871,1695960000000,0.0007424824001534785,0.0034602110648956526,0.006268994048313491
SOLUSDT,1696154400000,2023,SHORT,0.04080025012978976,-0.07901324435826221,1696158000000,0.005257338693457763,-0.000693120804044065,-0.054764900489267965
SOLUSDT,1696176000000,2023,LONG,-0.035598058329265665,0.006069661068763018,1696179600000,-0.0060230474375652385,0.006645127539811175,0.06607445243568341
SOLUSDT,1696183200000,2023,SHORT,0.029874141949360798,-0.005974303178204996,1696186800000,-0.001365729225211873,-0.07194227163966825,-0.07005330918574176
SOLUSDT,1696222800000,2023,LONG,-0.025089319323416306,0.04317975071517816,1696226400000,0.00854476726893313,-0.001701139343501676,-0.002656705589170331
SOLUSDT,1696464000000,2023,SHORT,0.01697427746379238,-0.01052025851890441,1696467600000,0.00783116021226812,0.009284959587491098,0.016542726946644465
SOLUSDT,1696467600000,2023,LONG,-0.01052025851890441,0.0012093891353555017,1696471200000,-0.006515798086885613,-0.008754669253725386,-0.004453587354334723
SOLUSDT,1696471200000,2023,SHORT,0.0012093891353555017,-0.0016612389651335503,1696474800000,0.0014633099232600935,0.010288423437837303,0.0016786832737942137
SOLUSDT,1696474800000,2023,LONG,-0.0016612389651335503,0.0051598676210974324,1696478400000,0.006568379594334927,-0.009607967964544486,-0.018562925698838887
SOLUSDT,1696478400000,2023,SHORT,0.0051598676210974324,-0.009322051260835573,1696482000000,0.007258079061405147,0.01739549637967175,0.021671804331944607
SOLUSDT,1696485600000,2023,LONG,-0.003435675737462154,0.02546450901709438,1696489200000,-0.0008693762773175499,0.01011594308648335,-0.016472094521036026
SOLUSDT,1696550400000,2023,SHORT,0.010934397970843855,-0.0011542858436069678,1696554000000,-0.007953624300415496,-0.009121772917902456,0.005644911609183313
SOLUSDT,1696568400000,2023,LONG,-0.005123173960941149,0.0072026122943533435,1696572000000,0.006238647736262232,0.01222398220194271,0.027349640718516754
SOLUSDT,1696572000000,2023,SHORT,0.0072026122943533435,-0.003461155954774438,1696575600000,-0.0070154584142419875,-0.001553666533237265,-0.01504625766246033
SOLUSDT,1696582800000,2023,LONG,-0.003435454938086171,0.0033213663615906937,1696586400000,-0.004474857946918747,-0.01684131845340339,0.009868290348492344
SOLUSDT,1696586400000,2023,SHORT,0.0033213663615906937,-0.0026098718267348483,1696590000000,0.0008628500470620157,0.0060122588596409135,-0.013279838750912638
SOLUSDT,1696593600000,2023,LONG,-0.008065872575542483,0.015527434931714247,1696597200000,0.005121369885845266,0.026075628458788202,0.033445046913958845
SOLUSDT,1696597200000,2023,SHORT,0.015527434931714247,-0.0034275416435925496,1696600800000,-0.006354201646843558,-0.03196697696997743,-0.021723555131953325
SOLUSDT,1696608000000,2023,LONG,-0.022016667852137534,0.0016794830580361673,1696611600000,0.010969964169703578,0.001537936051595132,0.019601414991368544
SOLUSDT,1696611600000,2023,SHORT,0.0016794830580361673,-0.011415595860700517,1696615200000,0.006150211314359409,0.005299654148171294,-0.0040511512552042
SOLUSDT,1696615200000,2023,LONG,-0.011415595860700517,0.007293085205275846,1696618800000,-0.0037086812762441106,-0.00012765685853805133,-0.0009791192966287882
SOLUSDT,1696626000000,2023,SHORT,0.006338783410258371,-0.01700641062196374,1696629600000,0.001063309544498414,0.004986053669942282,0.001063309544498414
SOLUSDT,1696644000000,2023,LONG,-0.00849743689132388,0.015688634270595844,1696647600000,0.009468682084102283,0.001662439906308443,0.002386229187506964
SOLUSDT,1696651200000,2023,SHORT,0.014392791545589733,-0.015534333587100673,1696654800000,0.0045799361553919985,0.006434676812710415,0.021611926376047415
SOLUSDT,1696658400000,2023,LONG,-0.00219808451383692,0.005263716505785664,1696662000000,0.0010641695161980188,0.0011067127507666786,-0.01087665413632966
SOLUSDT,1696672800000,2023,SHORT,0.00536497595763205,-0.0007239816683093167,1696676400000,0.0016605287702045196,0.00042551381434351686,0.009360442759563808
SOLUSDT,1696676400000,2023,LONG,-0.0007239816683093167,0.003739522679258385,1696680000000,0.000894473491647062,-0.005683654538792679,-0.008043512326287774
SOLUSDT,1696680000000,2023,SHORT,0.003739522679258385,-0.00010692274421188728,1696683600000,0.0011502333685572766,0.006107084813456898,0.00567880094036366
SOLUSDT,1696683600000,2023,LONG,-0.00010692274421188728,0.0068859625168542545,1696687200000,0.0015333506709895503,-0.00886268725784543,-0.007101026544869257
SOLUSDT,1696687200000,2023,SHORT,0.0068859625168542545,-0.0012206460566662714,1696690800000,0.006918669494653686,0.011557853072752849,0.0025568922137766733
SOLUSDT,1696690800000,2023,LONG,-0.0012206460566662714,0.0077054274470797005,1696694400000,0.00042846737876468523,-0.009343246802225383,0.00759940471495098
SOLUSDT,1696730400000,2023,SHORT,0.005731828047055688,-0.009687476612468887,1696734000000,-0.0032802977419468123,0.008355699390958954,0.00299145522227992
SOLUSDT,1696780800000,2023,LONG,-0.0003019174062991967,0.0008073607357429696,1696784400000,-0.0018381965205927723,-0.0003844593054467649,-0.0049666140798956026
SOLUSDT,1696802400000,2023,SHORT,0.000968120357583158,-0.0011705746555634032,1696806000000,0.0006462314164107618,-0.0006027727729222358,0.04262890040797947
SOLUSDT,1696842000000,2023,LONG,-0.00363928833942262,0.015275488326356113,1696845600000,-0.005870376025743075,-0.0038499465585522,-0.009968650130924406
SOLUSDT,1696852800000,2023,SHORT,0.005680547638094745,-0.011885755966031674,1696856400000,-0.005893087074336791,0.006291179182860182,0.009975597369801229
SOLUSDT,1696867200000,2023,LONG,-0.0346628433099793,0.0006994555314774579,1696870800000,0.009040018171681676,0.002448869755853713,0.002177069074678732
SOLUSDT,1696874400000,2023,SHORT,0.0038428452705828076,-0.006073770987501717,1696878000000,0.0015763993806110945,0.006501738634229022,-0.0033696538679561816
SOLUSDT,1696878000000,2023,LONG,-0.006073770987501717,0.005947405524341916,1696881600000,-0.004879821720307935,-0.0049251167038961196,0.005304575261645342
SOLUSDT,1696903200000,2023,SHORT,0.008408091333123785,-0.025241799241245713,1696906800000,0.004328035248864675,-0.0029646953706674826,0.005955890005804761
SOLUSDT,1697018400000,2023,LONG,-0.010101066968450935,0.0034108127098495485,1697022000000,-0.0053629097190624414,-0.0017094021256489145,-0.01412235483847022
SOLUSDT,1697025600000,2023,SHORT,0.006997601659710047,-0.0003522974278687832,1697029200000,-0.004326279843782345,0.014557622204368133,0.013321103533387283
SOLUSDT,1697097600000,2023,LONG,-0.003528454019188358,0.0021014560880033024,1697101200000,-0.007311275948409267,-0.0012148398840129341,-0.009571696030255025
SOLUSDT,1697108400000,2023,SHORT,0.017480467707867806,-0.006907077514348422,1697112000000,0.004757471659747642,0.010336613630923105,0.010148573013595829
SOLUSDT,1697112000000,2023,LONG,-0.006907077514348422,0.007553067071541106,1697115600000,-0.002574726980030241,-0.01175709554977241,0.001588340051761094
SOLUSDT,1697155200000,2023,SHORT,0.015031419445901494,-0.00047669816950661063,1697158800000,0.005241494590837955,0.011029609853921745,-0.00660621151106382
SOLUSDT,1697158800000,2023,LONG,-0.00047669816950661063,0.002573308497802224,1697162400000,-0.0013617263156490995,-0.005410886704673169,0.010502582127128398
SOLUSDT,1697162400000,2023,SHORT,0.002573308497802224,-0.02798474006253615,1697166000000,0.007641186181479019,0.0007050694785496903,-0.005155375340047644
SOLUSDT,1697518800000,2023,LONG,-0.0003289413309797333,0.022886516555409457,1697522400000,-0.0007109847437788233,0.016872615007776627,0.004380208492560977
SOLUSDT,1697731200000,2023,SHORT,0.007304652873880564,-0.0141767502885125,1697734800000,0.0066319903844483585,-0.004915389439954366,-0.04285501986491588
SOLUSDT,1697752800000,2023,LONG,-0.005479969638804643,0.0007280384998645468,1697756400000,0.004627309332991725,0.023870905706502306,0.07783449165693927
SOLUSDT,1697756400000,2023,SHORT,0.0007280384998645468,-0.000763843960515004,1697760000000,0.0054344678159949904,-0.029080442177007598,-0.0760045111099003
SOLUSDT,1697767200000,2023,LONG,-0.00995788288630907,0.011260654566361912,1697770800000,0.009836080633755337,0.033954058206193134,0.06302859983213491
SOLUSDT,1697788800000,2023,SHORT,0.03287629173195219,-0.006649524148849534,1697792400000,0.001449841329081624,0.005699931609847701,0.005737293138685689
SOLUSDT,1697799600000,2023,LONG,-0.0018145293519135994,0.002007415472795586,1697803200000,-0.003989639699791381,0,0.005085102730550295
SOLUSDT,1697886000000,2023,SHORT,0.04619411779581586,-0.027521346329683134,1697889600000,0.014058306393680189,0.017017906599286075,0.0068338557501379195
SOLUSDT,1697893200000,2023,LONG,-0.012636714956135093,0.022466946962922674,1697896800000,0.0012778671721117784,0.026733725199761606,0.017029999199566517
SOLUSDT,1697896800000,2023,SHORT,0.022466946962922674,-0.0006487896983401853,1697900400000,-0.0014485758206630116,-0.018161485552274842,-0.02532125946765121
SOLUSDT,1697929200000,2023,LONG,-0.019772027805369574,0.008424176637523742,1697932800000,-0.0002047152758863564,0.013419381315330102,-0.0342168776995151
SOLUSDT,1697940000000,2023,SHORT,0.0061064484042214,-0.003993067425496276,1697943600000,6.731966746638347e-05,0.009740995646496236,0.04157960219991146
SOLUSDT,1697943600000,2023,LONG,-0.003993067425496276,0.02509160089537027,1697947200000,0.0011438184594419205,-0.031214608848414177,-0.044393622591166484
SOLUSDT,1698030000000,2023,SHORT,0.019925855842069587,-0.008914910963601653,1698033600000,-0.013128014671374928,0.01790935410721175,0.05644467901968319
SOLUSDT,1698040800000,2023,LONG,-0.01749587173015517,0.016938961648096613,1698044400000,-0.01431375647018385,-0.034547648684995595,-0.02819520292708174
SOLUSDT,1698048000000,2023,SHORT,0.03596576004452682,-0.004564958212563044,1698051600000,0.02373423349008067,0.022719897455045587,0.015077920490993069
SOLUSDT,1698051600000,2023,LONG,-0.004564958212563044,0.007150306995690681,1698055200000,-0.001997935003676621,-0.014790850019612346,0.014275160540472072
SOLUSDT,1698055200000,2023,SHORT,0.007150306995690681,-0.004139454220377267,1698058800000,-0.006386127699344155,0.00922858195316984,-0.09502971855159839
SOLUSDT,1698066000000,2023,LONG,-0.03145881670114092,0.006736954158049219,1698069600000,0.003530000067037092,0.006979398135526339,0.08051004737066739
SOLUSDT,1698069600000,2023,SHORT,0.006736954158049219,-0.004323684054496105,1698073200000,0.009072850744489984,-0.015581027711083535,-0.09144616327996999
SOLUSDT,1698116400000,2023,LONG,-0.0764547353830307,0.04063018192269406,1698120000000,0.0015921035045896826,-0.004567457674480665,-0.015608757012827266
SOLUSDT,1698199200000,2023,SHORT,0.008366475975814467,-0.045177366689404724,1698202800000,0.007734685607185097,-0.010558215428882106,-0.05631439623072556
SOLUSDT,1698228000000,2023,LONG,-0.00567172183851099,0.0030361430682562043,1698231600000,0.005824019451981234,0.03305679911657828,0.0044878063291921
SOLUSDT,1698231600000,2023,SHORT,0.0030361430682562043,-0.0007931626487096735,1698235200000,-0.03296011487426962,-0.035930547770848455,-0.007610716437844376
SOLUSDT,1698368400000,2023,LONG,-0.022816161255473436,0.009698097034335898,1698372000000,0.015383723475816832,0.018186269157635215,0.020674252871576267
SOLUSDT,1698372000000,2023,SHORT,0.009698097034335898,-0.02517667411339356,1698375600000,0.0010799970192695478,-0.013813178083746118,0.010229475438766051
SOLUSDT,1698390000000,2023,LONG,-0.003921652522568404,0.01963230546810979,1698393600000,0.0064687263515540334,0.006959870420118581,-0.013471464521937844
SOLUSDT,1698415200000,2023,SHORT,0.017334129553926037,-0.006874181301462827,1698418800000,-0.003266197786621324,0.013835731852650024,-0.008006497586724505
SOLUSDT,1698426000000,2023,LONG,-0.004686432519606124,0.008294820438023423,1698429600000,-0.006110062786924626,0.004792566613439248,0.013628140380414258
SOLUSDT,1698433200000,2023,SHORT,0.014243833507612096,-0.004622390372377872,1698436800000,-0.005840025342616149,0.0059058381690750535,-0.01130553798530717
SOLUSDT,1698440400000,2023,LONG,-0.017889433903576814,0.00298437716689898,1698444000000,-0.013116489060384302,-0.0008128048465489621,0.005298273318027627
SOLUSDT,1698447600000,2023,SHORT,0.009044965582548728,-0.0053533465923271345,1698451200000,-0.0024230992895878756,-0.019253266539904584,-0.014233891168236024
SOLUSDT,1698609600000,2023,LONG,-0.010948368381091169,0.0075757628438717275,1698613200000,-0.007036465536032244,-0.007619958834736976,0.03059242219516283
SOLUSDT,1698656400000,2023,SHORT,0.009178725638537201,-0.006116581150668037,1698660000000,0.0010643960557865904,0.0019282523638268607,-0.003444320282244434
SOLUSDT,1698660000000,2023,LONG,-0.006116581150668037,0.016261627311910776,1698663600000,0.005997750894054016,0.0019840991081831873,0.006169405068532749
SOLUSDT,1698710400000,2023,SHORT,0.06295707138812902,-0.01807954790149756,1698714000000,-0.008637143189258187,-0.0015886069588618836,-0.006339341699307652
SOLUSDT,1698717600000,2023,LONG,-0.018912872665262558,0.0423783585707512,1698721200000,-0.0015073696467378282,-0.00016737335455275357,0.010239991795879068
SOLUSDT,1698858000000,2023,SHORT,0.0007944354668937476,-0.03323249230503329,1698861600000,0.012219558274698623,0.019944781252752668,0.060543094844315484
SOLUSDT,1698865200000,2023,LONG,-0.06079878105750788,0.02719405427639456,1698868800000,0.0026123937245312273,-0.020371608692137517,0.024430417318361694
SOLUSDT,1698868800000,2023,SHORT,0.02719405427639456,-0.031182082535993947,1698872400000,-0.03314705133025867,0.003444961295352795,-0.039528080906622076
SOLUSDT,1698937200000,2023,LONG,-0.004758893412696324,0.0026109342438888866,1698940800000,-0.009938094693793684,0.033011323267904125,-0.028752534779183554
SOLUSDT,1698951600000,2023,SHORT,0.04199842060195968,-0.02450378631210473,1698955200000,0.014038989230491248,0.027880296767105607,0.05801863139294565
SOLUSDT,1698958800000,2023,LONG,-0.012693874063627698,0.00012743787029789603,1698962400000,-0.011941700270319008,-0.04675743393531743,-0.04642130382394451
SOLUSDT,1698987600000,2023,SHORT,0.024569604968252407,-0.0016085709943431381,1698991200000,-0.0002050966525158973,0.008238551309510948,-2.5639382092298278e-05
SOLUSDT,1698991200000,2023,LONG,-0.0016085709943431381,0.008419044535039609,1698994800000,0.00120412491331162,-0.008262914304910338,-0.005372142108064887
SOLUSDT,1698994800000,2023,SHORT,0.008419044535039609,-0.0013372319948774009,1698998400000,-0.0032209440152362154,-0.0031443753139316208,-0.003425098560935859
SOLUSDT,1699149600000,2023,LONG,-0.03312446515672732,0.01514874438475084,1699153200000,-0.003521130398578825,-0.025969936515784494,-0.03928539011298059
SOLUSDT,1699178400000,2023,SHORT,0.0054534890398009956,-0.00711492298075056,1699182000000,-0.0015848624967545067,0.014036676822996693,0.016037165414035708
SOLUSDT,1699196400000,2023,LONG,-0.0005848875720699098,0.008423201897263808,1699200000000,0.008092459051950825,0.0013001829446997275,0.009309211446974355
SOLUSDT,1699200000000,2023,SHORT,0.008423201897263808,-0.0011537673181898982,1699203600000,-0.00046261916311838533,0.0031221822079391124,0.01984938808843299
SOLUSDT,1699218000000,2023,LONG,-0.013970069655110995,0.00434625707045765,1699221600000,0.012409088747332092,0.019053793191952977,-0.002351689967761954
SOLUSDT,1699221600000,2023,SHORT,0.00434625707045765,-0.002856062122517827,1699225200000,-0.005309574556647545,-0.019396013129341156,0.014364317129505873
SOLUSDT,1699351200000,2023,LONG,-0.0034279988812248737,0.0019960238752067777,1699354800000,0.004313240028011664,0.02477123390608018,0.05131283117042906
SOLUSDT,1699426800000,2023,SHORT,0.00815442797828429,-0.004711236254871057,1699430400000,-0.0007585945676017468,0.0037323792291907194,0.008753852484106475
SOLUSDT,1699430400000,2023,LONG,-0.004711236254871057,0.006763736246515124,1699434000000,-0.005229884399142676,-0.0006436189997832981,-0.009535645947442101
SOLUSDT,1699437600000,2023,SHORT,0.0028664054402662256,-0.012322082807528568,1699441200000,0.0002538744719776307,0.012469539611369517,0.001431771715389584
SOLUSDT,1699524000000,2023,LONG,-0.020468022171302076,0.019768091113081712,1699527600000,0.008798241729776307,0.03964445330406358,-0.02893719169410723
SOLUSDT,1699538400000,2023,SHORT,0.03505116809990759,-0.0035883125317243206,1699542000000,0.04571828055509901,0.1040931100725827,0.04095053748591838
SOLUSDT,1699542000000,2023,LONG,-0.0035883125317243206,0.013227563854790458,1699545600000,-0.024252460607074526,-0.04477571451329247,0.020646087083851287
SOLUSDT,1699567200000,2023,SHORT,0.03271774910343638,-0.0028981844035375413,1699570800000,0.0021387552664156075,-0.02763110751225236,-0.08332081681769134
SOLUSDT,1699570800000,2023,LONG,-0.0028981844035375413,0.005123678186705576,1699574400000,-0.0007949301542549497,0.045626678963235565,0.1131986060570222
SOLUSDT,1699574400000,2023,SHORT,0.005123678186705576,-0.01569404924454596,1699578000000,-0.020008320673036855,-0.04799575968109391,-0.12797206978702416
SOLUSDT,1699588800000,2023,LONG,-0.012505505477599974,0.001208676430864864,1699592400000,-0.0024238859362880243,-0.004472958761567388,0.0847246500683329
SOLUSDT,1699761600000,2023,SHORT,0.0028371217349553667,-0.008620457643513543,1699765200000,-0.017965533010104263,-0.04112309757262061,-0.008825389958902684
SOLUSDT,1699794000000,2023,LONG,-0.021952886517024085,0.0009058679156390799,1699797600000,-0.0021682428794754776,-0.03079175261123275,-0.004443170434791723
SOLUSDT,1699797600000,2023,SHORT,0.0009058679156390799,-0.013067655388912228,1699801200000,0.004623263890844488,0.027054690576028044,0.011564174581881642
SOLUSDT,1699808400000,2023,LONG,-0.002923823143036471,0.01341798027023434,1699812000000,0.001534411209320445,-0.005090850108570276,0.01998839988745634
SOLUSDT,1699812000000,2023,SHORT,0.01341798027023434,-0.0007384629508680079,1699815600000,0.02289308624826689,0.0046454039983860095,-0.01821481088666489
SOLUSDT,1699815600000,2023,LONG,-0.0007384629508680079,0.006684554909466367,1699819200000,0.012947514801373386,0.003932074562426077,0.03833307236038442
SOLUSDT,1699819200000,2023,SHORT,0.006684554909466367,-0.015672190734263517,1699822800000,-0.003355560460962573,-0.013546197963238572,-0.04291957308975048
SOLUSDT,1699894800000,2023,LONG,-0.02696525589756487,0.041517056343767254,1699898400000,0.0077736219512629535,-0.02789473154005674,0.021429720521135544
SOLUSDT,1699927200000,2023,SHORT,0.041156206673551514,-0.04909840988931774,1699930800000,0.005330788168685615,-0.0029941517055413454,-0.053720531332529006
SOLUSDT,1700013600000,2023,LONG,-0.006711751960153188,0.0385523702913516,1700017200000,-0.01297080823388437,0.01755376239640617,0.08612847282092521
SOLUSDT,1700031600000,2023,SHORT,0.012057882943351184,-0.00610388147593811,1700035200000,-0.0032217011782773603,-0.06308028661066084,-0.09963202561185162
SOLUSDT,1700035200000,2023,LONG,-0.00610388147593811,0.019679824621420483,1700038800000,-0.0032385414399753454,0.06311978761671923,0.11217266486094989
SOLUSDT,1700046000000,2023,SHORT,0.016998940349405967,-0.03113005427498423,1700049600000,-0.0033097668246351818,0.008778624561332882,-0.038340570564644544
SOLUSDT,1700053200000,2023,LONG,-0.0011919846179206852,0.04700776659807844,1700056800000,0.002738447884746849,-0.004996816645190763,0.052842244159744756
SOLUSDT,1700078400000,2023,SHORT,0.0013577540785704952,-0.022817434193489874,1700082000000,0.02000674819064893,0.01716995385711725,0.024007245894256353
SOLUSDT,1700082000000,2023,LONG,-0.022817434193489874,0.0255100800563167,1700085600000,0.0011203623164775004,0.0036327724866287137,0.004718507414024815
SOLUSDT,1700179200000,2023,SHORT,0.03464800952615663,-0.004097697320610966,1700182800000,-0.009812642143292331,0.011176680855058529,0.015139429478526195
SOLUSDT,1700949600000,2023,LONG,-0.0041289838373196035,0.012401167226586724,1700953200000,0.0026211442508481597,-0.0035853959291043467,-0.013192509253980567
SOLUSDT,1701014400000,2023,SHORT,0.005472132314302222,-0.0029650791131565057,1701018000000,-0.001778028617597736,-0.020509246649444396,-0.007303146816791465
SOLUSDT,1701223200000,2023,LONG,-0.04193898295004701,0.01581237545864095,1701226800000,0.0041775875299548335,0.020177657677194878,0.030914624055076858
SOLUSDT,1701244800000,2023,SHORT,0.01066528775875401,-0.036230516949254304,1701248400000,0.0009802801118295311,0.009945268567044634,0.0321422759960616
SOLUSDT,1701252000000,2023,LONG,-0.008137156892154777,0.03750606215473874,1701255600000,0.005737971410444944,-0.003089292916685525,-0.018612973529376266
SOLUSDT,1701378000000,2023,SHORT,0.009481534395663498,-0.017907859616190354,1701381600000,0.006439648654550609,-0.00975666309134962,-0.03340757770097057
SOLUSDT,1701396000000,2023,LONG,-0.005955676636559523,0.020461222386412625,1701399600000,0.0002796995715796144,0.000444192194456593,-0.013918801035074325
SOLUSDT,1701475200000,2023,SHORT,0.023871526895975735,-0.0014309813635003596,1701478800000,-0.00639477345672287,-0.018850932341836144,-0.034450963895978695
SOLUSDT,1701482400000,2023,LONG,-0.00700647588011721,0.028199451556844016,1701486000000,0.001097991768851257,0.017956429457159997,0.012530410072643503
SOLUSDT,1701543600000,2023,SHORT,0.01050080941924802,-0.028301267231877942,1701547200000,-0.002994986828036025,-0.010624039308982442,-0.015354995105625036
SOLUSDT,1701568800000,2023,LONG,-0.05682769835225001,0.06317680872740275,1701572400000,-0.010095848167863597,-0.01486114712595769,-0.030598566161395876
SOLUSDT,1701655200000,2023,SHORT,0.019399160790442096,-0.00446340908452154,1701658800000,-0.004380263116038414,-0.005903397959235923,0.04773855439536761
SOLUSDT,1701666000000,2023,LONG,-0.0025720089151286445,0.009206306660048512,1701669600000,-0.007627306398916702,-0.0256328229560346,-0.0641738285154727
SOLUSDT,1701687600000,2023,SHORT,0.01290997200706483,-0.005991073782403296,1701691200000,0.004970638340849111,0.025120518933316124,0.007221997800385507
SOLUSDT,1701954000000,2023,LONG,-0.02057537215454813,0.0034030779183042317,1701957600000,0.003288887004153653,0.036484733334406674,0.06988136554806669
SOLUSDT,1701957600000,2023,SHORT,0.0034030779183042317,-0.003983543203329374,1701961200000,-0.025427898092960425,-0.021171084574395618,-0.07998285474413656
SOLUSDT,1701961200000,2023,LONG,-0.003983543203329374,0.02190571599570224,1701964800000,0.002121598662086636,-0.01653511727400471,0.08185916659206512
SOLUSDT,1701993600000,2023,SHORT,0.03372912421001806,-0.5517939228600431,1701997200000,0.0002038053374937467,-0.04371736221367676,-0.06393790412205463
SOLUSDT,1702080000000,2023,LONG,-0.5506353807689168,0.04801136708931747,1702083600000,-0.005028371362912029,0.003603218451640058,0.0393548596154216
SOLUSDT,1702177200000,2023,SHORT,0.014156864214920146,-0.012299591021958172,1702180800000,-0.003973976401545108,0.007650873486996908,-0.009343062080949786
SOLUSDT,1702202400000,2023,LONG,-0.019054904524817475,0.020570141453063694,1702206000000,-0.005231341315870911,0.02166398138841635,0.032645737103858374
SOLUSDT,1702209600000,2023,SHORT,0.013682365126625233,-0.012254257888736214,1702213200000,-0.0005088393758925224,-0.006663126696110303,-0.012847674191269696
SOLUSDT,1702260000000,2023,LONG,-0.043271316506124584,0.08961315593481534,1702263600000,0.00818713053393127,-0.01996762455134114,-0.04275875243632385
SOLUSDT,1702306800000,2023,SHORT,0.003877760134734382,-0.0366518001173831,1702310400000,-0.01571114100627655,-0.0014280461998019,-0.027843629786282766
SOLUSDT,1702317600000,2023,LONG,-0.019437652447166144,0.03931838645471785,1702321200000,-0.006723293868655125,-0.0009740865128676852,0.014018655419163193
SOLUSDT,1702339200000,2023,SHORT,0.02941262307756467,-0.39898320055286357,1702342800000,-0.0024413184013651864,0.015330580739861224,0.005818597837584134
SOLUSDT,1702566000000,2023,LONG,-0.0027698612350221252,0.008931593779870533,1702569600000,0.025407114629880198,0.022655181773170198,0.038262204165360685
SOLUSDT,1702692000000,2023,SHORT,0.10170097577067541,-0.012206461762272061,1702695600000,-0.0022659536812780737,0.0007159211711893429,-0.01806504193245271
SOLUSDT,1702749600000,2023,LONG,-0.01452086418148163,0.04071965617917149,1702753200000,-0.011628661128930847,-0.014584108924933958,-0.030125040469759206
SOLUSDT,1702774800000,2023,SHORT,0.002170940993225153,-0.029593447509415706,1702778400000,0.002008293421231999,0.005309553225683655,0.019542800265283156
SOLUSDT,1702954800000,2023,LONG,-0.009545007368136401,0.034758333307521365,1702958400000,0.0061309672503918975,0.005840496024805431,-0.02093839496575411
SOLUSDT,1703498400000,2023,SHORT,0.013527425928058563,-0.0021092509010648304,1703502000000,-0.004129294707123036,-0.06911912274327431,-0.07257257774567971
SOLUSDT,1703509200000,2023,LONG,-0.015441487161411128,0.00015783620730364846,1703512800000,0.039005632083304966,0.07520663319738696,0.04065440947437192
SOLUSDT,1703512800000,2023,SHORT,0.00015783620730364846,-0.014903902456092681,1703516400000,-0.03126066200169527,-0.02946486984718128,0.017124472817864285
SOLUSDT,1703520000000,2023,LONG,-0.032826349698899096,0.009783188007646073,1703523600000,0.011178292956413139,-0.021393971974587957,-0.015419433287848429
SOLUSDT,1703527200000,2023,SHORT,0.008167649460728532,-0.00711220565250828,1703530800000,0.012472744927965632,0.025979125030629185,0.09281471940008452
SOLUSDT,1703530800000,2023,LONG,-0.00711220565250828,0.0035840566776904736,1703534400000,-0.013339334356592718,-0.004002167334662974,-0.06826841870522778
SOLUSDT,1703541600000,2023,SHORT,0.014004918356026939,-0.02042574680659006,1703545200000,-0.009512448202605155,0.020569551523514227,0.0403796772714342
SOLUSDT,1703559600000,2023,LONG,-0.017498945957817074,0.019043782124230427,1703563200000,0.00891665143903486,-0.05198697159633972,-0.07613570756718274
SOLUSDT,1703577600000,2023,SHORT,0.02109249725262447,-0.009211520037416076,1703581200000,0.004844031948199701,-0.025006074854320947,0.0595132572181253
SOLUSDT,1703610000000,2023,LONG,-0.056235859203751404,0.05155584194449279,1703613600000,0.009147572024491384,0.028107579669821515,0.044851635480981866
SOLUSDT,1703624400000,2023,SHORT,0.008294618504864426,-0.01799349841731646,1703628000000,-0.01814157877929487,-0.014311239098900875,-0.014958133578832173
SOLUSDT,1704204000000,2024,LONG,-0.0070040012409637725,0.0527119086680212,1704207600000,-0.0044014876038410014,-0.02086866421054156,-0.02247285585205863
SOLUSDT,1704225600000,2024,SHORT,0.0076563750671392004,-0.010000551719785618,1704229200000,-0.008799495547763964,-0.0026470576278116074,-0.011654040505171914
SOLUSDT,1704805200000,2024,LONG,-0.01743478194725786,0.015192575790695016,1704808800000,-0.014779849437334115,-0.00903784183220462,-0.01635159066545633
SOLUSDT,1704812400000,2024,SHORT,0.007491815837356363,-0.0010367428111690963,1704816000000,-0.01086219810026019,0.00483109709406121,0.0013335006362566648
SOLUSDT,1704816000000,2024,LONG,-0.0010367428111690963,0.024704681102346984,1704819600000,-0.009870745541165262,-0.040669618475704356,-0.020638903692109516
SOLUSDT,1704834000000,2024,SHORT,0.01266706183934966,-0.06962584281152048,1704837600000,-0.03305545834749218,-0.029552651516824967,-0.008438955919961424
SOLUSDT,1705464000000,2024,LONG,-0.004340564598723199,0.015256887826770982,1705467600000,-0.013808134373899156,-0.014726642373362592,-0.006540919059584161
SOLUSDT,1705482000000,2024,SHORT,0.003793061214916213,-0.011878119728155516,1705485600000,-0.02756168077575995,-0.019632752974094152,-0.027443945992844568
SOLUSDT,1705485600000,2024,LONG,-0.011878119728155516,0.001232829083913948,1705489200000,0.0011961958480961577,-0.005341477914021349,-0.0069010940513724185
SOLUSDT,1705503600000,2024,SHORT,0.02253310913592116,-0.0186252400373829,1705507200000,0.006701883235342484,-0.013766726242887344,-0.005487436336395204
SOLUSDT,1705532400000,2024,LONG,-0.00569063310825265,0.001326858411946846,1705536000000,-0.011380651889629953,-0.021761178532087914,-0.03175532962583214
SOLUSDT,1705543200000,2024,SHORT,0.011619634344860809,-0.004448600311005487,1705546800000,0.01047953262250002,-0.0031728956780387994,0.018122011987452086
SOLUSDT,1705546800000,2024,LONG,-0.004448600311005487,0.0045007080241277345,1705550400000,0.0007900276920588173,0.008239519367992896,-0.01702130113724498
SOLUSDT,1705550400000,2024,SHORT,0.0045007080241277345,-0.000940376684227498,1705554000000,-0.006844121815952631,-0.007002962280894997,0.04409286171220666
SOLUSDT,1705554000000,2024,LONG,-0.000940376684227498,0.010119204500654434,1705557600000,0.0060281992587275825,-0.007164132413404591,-0.05299773075295329
SOLUSDT,1705575600000,2024,SHORT,0.02069775983944721,-0.03195439465735842,1705579200000,0.003908153362452267,0.007007040751807782,0.047301292188031675
SOLUSDT,1706148000000,2024,LONG,-0.010806379291965516,0.028093193620945135,1706151600000,0.004425488919396637,0.0058850045967362465,0.0016022457590439455
SOLUSDT,1706752800000,2024,SHORT,0.011402298445494627,-0.021033674748745915,1706756400000,0.0073133279965098795,-0.004127994684535832,-0.02524037769405187
SOLUSDT,1706875200000,2024,LONG,-0.018574517025566686,0.0023358139020931454,1706878800000,-0.025362067774088438,-0.013485001675776105,-0.01343501642141585
SOLUSDT,1706882400000,2024,SHORT,0.026942427476395015,-0.011327662767565083,1706886000000,-0.020226080946183778,0.0007458249269820545,-0.0024854233232207462
SOLUSDT,1706889600000,2024,LONG,-0.012570687991422516,0.006097454214485594,1706893200000,-0.007848609080110057,-0.009421713360470972,-0.00455914897498949
SOLUSDT,1706900400000,2024,SHORT,0.002354394854113283,-0.021582345044818152,1706904000000,0.0035058416170855697,-0.011220342119427634,0.0038389310243893775
SOLUSDT,1706925600000,2024,LONG,-0.026736704859601584,0.0139878698630874,1706929200000,-0.0032111158276440393,0.0006229090051012351,-0.018890498940287884
SOLUSDT,1706936400000,2024,SHORT,0.0018912109369881819,-0.004538657129109991,1706940000000,0.004569512520609169,0.007939855712887552,0.01640050267437456
SOLUSDT,1706940000000,2024,LONG,-0.004538657129109991,0.001487201608502969,1706943600000,-0.0051253504337621285,-0.005781760299439521,-0.021040373855278797
SOLUSDT,1706961600000,2024,SHORT,0.004374752555171444,-0.005175595847714014,1706965200000,0.007129919289375682,0.009306465572521077,0.00786512334160739
SOLUSDT,1706965200000,2024,LONG,-0.005175595847714014,0.00996098402786834,1706968800000,-0.0033434417440773327,0.004338976047546483,0.004643829313869776
SOLUSDT,1707008400000,2024,SHORT,0.0034212351725203074,-0.03134557418065821,1707012000000,0.0027268489251750946,0.00878707094415038,0.007107379448522462
SOLUSDT,1707357600000,2024,LONG,-0.03311216838339025,0.0012493069441298589,1707361200000,-0.002728005931021698,-0.012920586097261065,0.02207796296842673
SOLUSDT,1708048800000,2024,SHORT,0.032458284351238896,-0.009423441231508674,1708052400000,0.0016486459409339276,0.01335470143346685,0.03819606457498921
SOLUSDT,1708311600000,2024,LONG,-0.0414444221493634,0.0003528381462801071,1708315200000,0.002600293662944952,0.01353479624695711,0.017868306648700764
SOLUSDT,1708315200000,2024,SHORT,0.0003528381462801071,-0.020632345848138122,1708318800000,0.0015718780029866605,0.0027255643372440515,-0.006404804131878782
SOLUSDT,1708974000000,2024,LONG,-0.0060740130848395135,0.0062423418933592765,1708977600000,-0.004884181796602422,0.0020833435634967376,0.006119392268795747
SOLUSDT,1708992000000,2024,SHORT,0.008244011449830864,-0.0022122362337027054,1708995600000,-8.118237625267474e-05,0.012745849097896899,0.006743052852211521
SOLUSDT,1708995600000,2024,LONG,-0.0022122362337027054,0.05294366335013134,1708999200000,0.004814169226926651,-0.004185070940734622,-0.004474968029299317
SOLUSDT,1708999200000,2024,SHORT,0.05294366335013134,-0.011079207752136664,1709002800000,0.009008298179699567,0.000260361724706263,0.019031277257243788
SOLUSDT,1709002800000,2024,LONG,-0.011079207752136664,0.0619305367876061,1709006400000,-0.008605842461572375,0.000724381817095352,-0.03234758569971266
SOLUSDT,1709060400000,2024,SHORT,0.02753540824670444,-0.009452277284500918,1709064000000,-0.003891610359657068,0.000313459395746091,-0.015694200050184754
SOLUSDT,1709064000000,2024,LONG,-0.009452277284500918,0.0013747189523518597,1709067600000,0.0013488653684660687,-0.001976112665636894,0.014883139376830327
SOLUSDT,1709067600000,2024,SHORT,0.0013747189523518597,-0.0025364593587133572,1709071200000,0.004567833721608929,0.008000521414546156,-0.02778031779335532
SOLUSDT,1709071200000,2024,LONG,-0.0025364593587133572,0.008380168515436857,1709074800000,-0.000986143384049975,-0.00392267761603273,0.05381459346702438
SOLUSDT,1709096400000,2024,SHORT,4.3961703375276564e-06,-0.007406145989594852,1709100000000,-0.0005329706808510563,-0.030148942895474852,-0.05408318549879391
SOLUSDT,1709139600000,2024,LONG,-0.020303207180578698,0.04897807720513433,1709143200000,-0.013447613979485091,0.012340707352802856,0.07707165495100367
SOLUSDT,1709168400000,2024,SHORT,0.009960387939827568,-0.0006634679108463424,1709172000000,0.01744457553939591,-0.001444101822130677,-0.0705713273752414
SOLUSDT,1709172000000,2024,LONG,-0.0006634679108463424,0.026613995349744256,1709175600000,0.01607910216240227,0.015318879558500906,0.07911329903293532
SOLUSDT,1709193600000,2024,SHORT,0.017135582855331476,-0.00811199548025503,1709197200000,0.018638027359258034,0.01835208895771475,0.008869846008475823
SOLUSDT,1709197200000,2024,LONG,-0.00811199548025503,0.06474062394454914,1709200800000,-0.00329030432132217,0.026993632870553997,-0.011403465288490604
SOLUSDT,1709535600000,2024,SHORT,0.009275217312503152,-0.0012575832125201667,1709539200000,-0.018533968225813335,-0.02311616308631401,0.00022355067948432196
SOLUSDT,1709539200000,2024,LONG,-0.0012575832125201667,0.03131339662166069,1709542800000,0.017520360561934394,0.00556083056997658,-0.01858021599051307
SOLUSDT,1709553600000,2024,SHORT,0.022717191454937016,-0.0033912635985385536,1709557200000,0.015751462256648523,0.02385606773675245,0.006378366953370834
SOLUSDT,1709636400000,2024,LONG,-0.007931815761025212,0.011075023572810275,1709640000000,0.011340496081011649,0.06265229482907746,-0.043313503553727456
SOLUSDT,1709679600000,2024,SHORT,0.09230805701130286,-0.0038176584710045134,1709683200000,0.013015193939819075,0.023315518956588076,-0.05173393150410051
SOLUSDT,1709683200000,2024,LONG,-0.0038176584710045134,0.009644818782102776,1709686800000,-0.012090118769338987,0.018520159912272724,0.03623602101470791
SOLUSDT,1709690400000,2024,SHORT,0.023696293542713066,-0.046658357009220185,1709694000000,-0.018584295704653093,-0.09476176932993423,-0.05721756536676843
SOLUSDT,1709776800000,2024,LONG,-0.0648964216859444,0.021631209769916754,1709780400000,-0.020229733002833622,-0.01453006956756398,0.04892740098559832
SOLUSDT,1710900000000,2024,SHORT,0.06030325665580287,-0.01729344276702201,1710903600000,0.0248276273284898,0.036919572895086274,-0.004174869264037698
SOLUSDT,1710903600000,2024,LONG,-0.01729344276702201,0.001215066214938624,1710907200000,-0.014535820068670368,0.019994667324139796,0.004045106335086304
SOLUSDT,1710907200000,2024,SHORT,0.001215066214938624,-0.0040505747214538,1710910800000,0.008006946934517782,-0.02151890576574104,-0.0030337641020229777
SOLUSDT,1710910800000,2024,LONG,-0.0040505747214538,0.006749369489471223,1710914400000,0.010487346209131021,0.03131854786532261,0.035688734021276404
SOLUSDT,1710918000000,2024,SHORT,0.00849110148776568,-6.679654286045478e-05,1710921600000,0.01305933483848188,0.007106346889227025,-0.05235951238315305
SOLUSDT,1710921600000,2024,LONG,-6.679654286045478e-05,0.048260184245353194,1710925200000,0.0016985216442423764,0.022715845371994652,0.08673385279577253
SOLUSDT,1710939600000,2024,SHORT,0.0012784042432964493,-0.008730683731685066,1710943200000,-0.016479678747047154,-0.0005866244000685914,-0.10783825643783936
SOLUSDT,1710946800000,2024,LONG,-0.0034813504834654684,0.003314708123339651,1710950400000,-0.015583197198005418,0.06832079168734756,0.10972486476962877
SOLUSDT,1710950400000,2024,SHORT,0.003314708123339651,-0.011882984302469377,1710954000000,-0.02461205121544296,-0.1052771962110192,-0.1159967601142485
SOLUSDT,1710990000000,2024,LONG,-0.019737628886484428,0.12203013061340562,1710993600000,-0.009299399500290349,-0.009039764524411097,-0.026785605457380603
SOLUSDT,1711076400000,2024,SHORT,0.011306093002888925,-0.0004347932462394056,1711080000000,-0.000691690261915309,-0,0.04253608132793323
SOLUSDT,1711080000000,2024,LONG,-0.0004347932462394056,0.01649363391540389,1711083600000,0.0023561073319534787,-0.010849286001853588,-0.050330480573626574
SOLUSDT,1711083600000,2024,SHORT,0.01649363391540389,-0.0022628739824791864,1711087200000,-0.0041084235938678325,0.018762044649539792,0.04266121108302927
SOLUSDT,1711324800000,2024,LONG,-0.003962410329955074,0.03214692069255749,1711328400000,0.008524648981365568,0.0206211985092321,0.031223133139118345
SOLUSDT,1711656000000,2024,SHORT,0.04345450786237303,-0.003922536074772786,1711659600000,0.0018819094401005003,-0.005974066499849318,0.011495795635107336
SOLUSDT,1711659600000,2024,LONG,-0.003922536074772786,0.0050304437324736676,1711663200000,0.014820343505445708,0.00837469756745164,-0.018673909525249045
SOLUSDT,1711663200000,2024,SHORT,0.0050304437324736676,-0.0028837120833515007,1711666800000,0.0018102981410021586,0.0038085852357996005,0.023395057336774272
SOLUSDT,1711666800000,2024,LONG,-0.0028837120833515007,0.04270870481970284,1711670400000,-0.005169880525494182,-0.007098920048937751,-0.020685896920130436
SOLUSDT,1711706400000,2024,SHORT,0.015695335775120146,-0.002048640468666006,1711710000000,-0.0009306955334021595,-0.015583343838623897,-0.03492204309020148
SOLUSDT,1711720800000,2024,LONG,-0.01828980881772296,0.04587239722050128,1711724400000,-0.019455179515944856,-0.012541555777096784,0.017991537035202447
SOLUSDT,1712073600000,2024,SHORT,0.04564551924012432,-0.02305865459505491,1712077200000,-0.01129146813048164,-0.022446033999235313,-0.03995127040168659
SOLUSDT,1712077200000,2024,LONG,-0.02305865459505491,0.005437944137058761,1712080800000,0.013652627330776532,0.00732524090743293,0.032345060352904416
SOLUSDT,1712080800000,2024,SHORT,0.005437944137058761,-0.02102098598369784,1712084400000,-0.0032025734202565013,0.005376808264491216,-0.029336636164383693
SOLUSDT,1712084400000,2024,LONG,-0.02102098598369784,0.01721682029896833,1712088000000,-0.005630563435654381,-0.022219507626382723,0.02071936690954957
SOLUSDT,1712109600000,2024,SHORT,0.01899915459000219,-0.026907826736118037,1712113200000,-0.014594510022942419,-0.025821902484975054,-0.02503498417369901
SOLUSDT,1712120400000,2024,LONG,-0.003495857312398368,2.7025579952643285e-05,1712124000000,0.010644203142255833,0.008812349913053538,-0.003589352620424512
SOLUSDT,1712124000000,2024,SHORT,2.7025579952643285e-05,-0.018030068180368886,1712127600000,0.005484536928323399,0.01091449107980765,0.022083443200092145
SOLUSDT,1712127600000,2024,LONG,-0.018030068180368886,0.0033875678896254082,1712131200000,0.00569948912106289,-0.009382079833290447,-0.020649276948551787
SOLUSDT,1712131200000,2024,SHORT,0.0033875678896254082,-0.004153630181283266,1712134800000,0.002057322323850438,0.013512649192551985,0.03812010531849681
SOLUSDT,1712138400000,2024,LONG,-0.0007145330613207712,0.004644797769344328,1712142000000,-0.003946852824629445,0.010122328723799767,-0.013030995163301834
SOLUSDT,1712142000000,2024,SHORT,0.004644797769344328,-0.0043291202080379485,1712145600000,-0.0015689197618014579,-0.0067368899202440505,0.01451293791180098
SOLUSDT,1712145600000,2024,LONG,-0.0043291202080379485,0.014581338216592408,1712149200000,-0.005435259352206774,0.006018816317548664,-0.007146544623890686
SOLUSDT,1712167200000,2024,SHORT,0.006510946467285499,-0.02261868086302922,1712170800000,0.004050458930642966,0.00186740415405403,0.013482501295189011
SOLUSDT,1712174400000,2024,LONG,-0.01928275861379538,0.01837860128977911,1712178000000,0.008589934761740805,0.01740113283466218,0.01120537272046445
SOLUSDT,1712181600000,2024,SHORT,0.006641131153237717,-0.0012677728941659723,1712185200000,0.005434166676057546,0.014842502762006961,0.0026191470749675574
SOLUSDT,1712185200000,2024,LONG,-0.0012677728941659723,0.0057348975591057045,1712188800000,0.008897597226263296,-0.019400826606049856,0.0028256984629051393
SOLUSDT,1712188800000,2024,SHORT,0.0057348975591057045,-0.006710193871356024,1712192400000,0.005162285011030159,0.025445037878792643,-0.0007062638402928832
SOLUSDT,1712192400000,2024,LONG,-0.006710193871356024,0.0005684091821950862,1712196000000,-0.013165317459217596,-0.01623370890778643,0.013026105073071878
SOLUSDT,1712196000000,2024,SHORT,0.0005684091821950862,-0.01667800313938828,1712199600000,0.00996008891297799,-0.003222034517942882,-0.026239215683540002
SOLUSDT,1712224800000,2024,LONG,-0.00935193389590828,0.002016899324262398,1712228400000,4.308046893760732e-05,0.01401585999650053,-0.01767322855644973
SOLUSDT,1712232000000,2024,SHORT,0.014738079862749503,-0.0017160152575377973,1712235600000,-0.007152176131847423,-0.0023559528060740085,0.010484530688973351
SOLUSDT,1712944800000,2024,LONG,-0.07852617358146469,0.06378297192007494,1712948400000,-0.012115144070208384,0.003245221768164,0.014928984804729383
SOLUSDT,1712952000000,2024,SHORT,0.034339929806512355,-0.05753382471101484,1712955600000,0.0030589896373831235,0.0059493268033332216,0.01744820349581632
SOLUSDT,1712970000000,2024,LONG,-0.10254201415471598,0.0012612100961485713,1712973600000,0.020064848752673867,0.04181390636950166,0.03195830187220482
SOLUSDT,1712973600000,2024,SHORT,0.0012612100961485713,-0.011433624091081462,1712977200000,-0.01624464582031424,-0.026253742080137088,-0.003622417477628769
SOLUSDT,1713038400000,2024,LONG,-0.05684460195783435,0.05264117531907533,1713042000000,0.0697393795334504,0.10335939932378638,0.13920762493642516
SOLUSDT,1713045600000,2024,SHORT,0.05527578863059599,-0.06929724724374915,1713049200000,0.01733321840353195,0.047248992496125644,-0.011783685950609286
SOLUSDT,1713092400000,2024,LONG,-0.008828427050885925,0.000690802503892705,1713096000000,0.018757910543625727,-0.006077903808549145,0.08554827674121765
SOLUSDT,1713114000000,2024,SHORT,0.03285133471996326,-0.009376769868321038,1713117600000,-0.03271369815416962,-0.02712557578242618,-0.09659320594264076
SOLUSDT,1713117600000,2024,LONG,-0.009376769868321038,0.0073799569482751615,1713121200000,-0.004246320783839608,0.0560826950964026,0.08740422965239508
SOLUSDT,1713132000000,2024,SHORT,0.008105988155190438,-0.042144376503981104,1713135600000,-0.004454734216547728,0.024228978929702553,-0.018079603384172832
SOLUSDT,1713142800000,2024,LONG,-0.03255057808728938,0.007832422301316552,1713146400000,-0.00900555970513304,0.023012821529476358,0.00785487709104888
SOLUSDT,1713146400000,2024,SHORT,0.007832422301316552,-0.03515161518441559,1713150000000,-0.007533490338538232,-0.05550270443506391,0.015142660552132673
SOLUSDT,1713153600000,2024,LONG,-0.03131998768524164,0.07840887665027237,1713157200000,0.02315449277820809,0.03361432471503868,-0.05788414879751731
SOLUSDT,1713218400000,2024,SHORT,0.06226796862009831,-0.005037326213445175,1713222000000,0.010304850492428153,0.015577244982643375,0.0489270805167964
SOLUSDT,1713240000000,2024,LONG,-0.06995105327273757,0.01256457702604217,1713243600000,0.009733662229254264,0.03142032314429938,-0.0022911942754321023
SOLUSDT,1713243600000,2024,SHORT,0.01256457702604217,-0.003242267770688896,1713247200000,-0.014657335892317614,-0.016557259141396975,0.011154643096157456
SOLUSDT,1713290400000,2024,LONG,-0.009597182981131559,0.013492094606906363,1713294000000,-0.013697505522764353,0.026241185019898524,0.046686642398624564
SOLUSDT,1713301200000,2024,SHORT,0.02547756586526284,-0.05796243405767623,1713304800000,-0.0032637152241143867,0.0005547242943606705,-0.01422235247190083
SOLUSDT,1713348000000,2024,LONG,-0.007011026787801566,0.04453330185356221,1713351600000,-0.017375175439206074,-0.037965598998910284,-0.01541062598386229
SOLUSDT,1713358800000,2024,SHORT,0.060909721593350646,-0.02930805476269316,1713362400000,0.016193433895575475,0.009109078054143075,0.0018871462522016154
SOLUSDT,1713366000000,2024,LONG,-0.004342351807840551,0.0011902929205977568,1713369600000,-0.0034176356625013446,0.044639956589623775,0.05178667934854119
SOLUSDT,1713369600000,2024,SHORT,0.0011902929205977568,-0.01690741106453908,1713373200000,-0.03236434074299243,-0.0387764041042829,-0.04613108211794346
SOLUSDT,1713441600000,2024,LONG,-0.0614262097821443,0.01303370031149673,1713445200000,0.009039626461041226,0.04446709800990807,0.03630090430475591
SOLUSDT,1713445200000,2024,SHORT,0.01303370031149673,-0.023542079684181524,1713448800000,-0.03170198328196495,-0.017640339930591397,0.016625368401997704
SOLUSDT,1713452400000,2024,LONG,-0.034498356774746025,0.022503899141007963,1713456000000,0.002731456557363154,0.00921388161010459,-0.018151216846669625
SOLUSDT,1713981600000,2024,SHORT,0.009371670828990238,-0.0021897068469183224,1713985200000,-0.007808743199510516,0.011723114548738282,0.008894835329068693
SOLUSDT,1713985200000,2024,LONG,-0.0021897068469183224,0.04994185743648428,1713988800000,-0.0052284112905023545,-0.013890793094807117,-0.023906867031543638
SOLUSDT,1714010400000,2024,SHORT,0.015653281574803696,-0.009872712902887352,1714014000000,0.0032489213099734502,-0.005814801189373938,0.01026142813265393
SOLUSDT,1714053600000,2024,LONG,-0.0016778791606074357,0.007858357693931105,1714057200000,0.01890420632081339,0.02128451580281865,-0.005479389945926783
SOLUSDT,1714060800000,2024,SHORT,0.0038623153439217286,-0.013435787740633896,1714064400000,0.0007749509304820032,0.007688418410428422,0.03695510423661816
SOLUSDT,1714611600000,2024,LONG,-0.034313960306880345,0.011285598379372371,1714615200000,-0.0006482432065004996,-0.0006019261818978758,0.04646460866896079
SOLUSDT,1714615200000,2024,SHORT,0.011285598379372371,-0.014254588390255021,1714618800000,-0.003483223188099289,-0.0009567828138633687,-0.06805732307900439
SOLUSDT,1714618800000,2024,LONG,-0.014254588390255021,0.037059673230143655,1714622400000,-0.003413748455645594,0.010072875621480347,0.06714539714706706
SOLUSDT,1715486400000,2024,SHORT,0.014656781306251681,-0.011032387889301224,1715490000000,-0.0027778644620696617,0.014689320643915194,0.014944724684138768
SOLUSDT,1715493600000,2024,LONG,-0.0035671334902612783,0.016557420678992105,1715497200000,-0.01501799572244034,-0.006307482226877197,-0.00861414537182898
SOLUSDT,1715500800000,2024,SHORT,0.0023013257481564907,-0.017334313041949247,1715504400000,0.0002415950809186915,-0.0022543726779097476,0.002017383337473981
SOLUSDT,1715594400000,2024,LONG,-0.00048149513041360366,0.009002197498793744,1715598000000,0.0025795282419417594,0.0031770290581026165,0.011606897152856609
SOLUSDT,1715738400000,2024,SHORT,0.010917862425973144,-0.0358225183370444,1715742000000,-0.007071652316723519,-0.005979998491996576,-0.06459407203959866
SOLUSDT,1715774400000,2024,LONG,-0.035387719439157216,0.013959816123254268,1715778000000,0.013312843632788554,0.027555829757135542,0.08124497353147069
SOLUSDT,1716433200000,2024,SHORT,0.013770945272782633,-0.003945723597431831,1716436800000,0.006613383763567516,0.0077170620520539196,0.03507534619967628
SOLUSDT,1716469200000,2024,LONG,-0.0008687001991641,0.04291530143119869,1716472800000,-0.005083740382102871,0.004570218912237082,0.00970926516136879
SOLUSDT,1716552000000,2024,SHORT,0.01265405551446864,-0.004357876336239908,1716555600000,0.00656572726333677,0.006131094249739732,0.003563373769117279
SOLUSDT,1716555600000,2024,LONG,-0.004357876336239908,0.015494320779442025,1716559200000,0.011203959889971178,0.017596077833628924,0.013368998653654854
SOLUSDT,1716559200000,2024,SHORT,0.015494320779442025,-0.004488771384221829,1716562800000,0.001218776475538336,-0.007133432001192251,-0.010040006393586109
SOLUSDT,1716573600000,2024,LONG,-0.02087613100725727,0.010685788549865842,1716577200000,-0.0019760799947823827,-0.008435904492849122,-0.0017147523299801644
SOLUSDT,1716577200000,2024,SHORT,0.010685788549865842,-0.0012676750066378372,1716580800000,0.001456370092131834,0.004118979889478774,-0.003616876356274291
SOLUSDT,1716850800000,2024,LONG,-0.00594569719219797,0.0005049807798958379,1716854400000,-0.0017578054891107008,-0.016338520063517013,-0.0017872265127880356
SOLUSDT,1716886800000,2024,SHORT,0.025507562670635843,-0.039895118551214144,1716890400000,-0.010192076850058874,-0.011729627852373116,-0.006926521978300643
SOLUSDT,1716897600000,2024,LONG,-0.009588135530714104,0.005931965124314004,1716901200000,-0.008580875918151678,-0.026014650999392284,-0.01635170335799371
SOLUSDT,1716908400000,2024,SHORT,0.03611560265532702,-0.0016045489489391405,1716912000000,0.008582668563199718,-0.012576183975624622,-0.023906643147073525
SOLUSDT,1716926400000,2024,LONG,-0.007221680311449968,0.018554535190557702,1716930000000,-0.004750126209421643,-0.007717847775191026,-0.0044248642967934975
SOLUSDT,1716969600000,2024,SHORT,0.06129736945434372,-0.01142244321015601,1716973200000,0.0013843780497534977,0.0014909480930152194,0.0004198438360889626
SOLUSDT,1716991200000,2024,LONG,-0.003588958080285934,0.0030409904256500954,1716994800000,-0.0039586904602244705,0.0016875848534926123,0.0044841142718705955
SOLUSDT,1717023600000,2024,SHORT,0.0028719114070619826,-0.0007995343052751929,1717027200000,0.0016520089328793518,-0.009978607406918801,0.012553303581677798
SOLUSDT,1717088400000,2024,LONG,-0.0455009836008234,0.05064761987344713,1717092000000,-0.003236173161370149,-0.026882163454287074,-0.032180173179678466
SOLUSDT,1717113600000,2024,SHORT,0.012381664670582394,-0.0006813435641369042,1717117200000,0.0019459348727028421,-0.0029178033540290297,-0.018146750100550377
SOLUSDT,1717156800000,2024,LONG,-0.041192084918415806,0.004877586589388345,1717160400000,-0.013310436617789443,-0.022590842043525506,-0.017163314287061998
SOLUSDT,1717160400000,2024,SHORT,0.004877586589388345,-0.005552363297881619,1717164000000,0.00438651000926226,0.007871106228377375,0.0028583236686910173
SOLUSDT,1717516800000,2024,LONG,-0.020691336898428468,0.007987420612676415,1717520400000,-0.0013933334800295943,0.00037751876244698594,0.02198134360799377
SOLUSDT,1717790400000,2024,SHORT,0.008727174608561625,-0.0021223016833938645,1717794000000,0.001088095908964594,0.003440458592339311,0.0007621576805974835
SOLUSDT,1718586000000,2024,LONG,-0.06955884826523354,0.0010314100498430272,1718589600000,-0.0021512613338576484,-0.006589387881297873,-0.04475125613586898
SOLUSDT,1718589600000,2024,SHORT,0.0010314100498430272,-0.013815716002170282,1718593200000,0.00866561235084087,0.01497873453581559,0.03531055753796069
SOLUSDT,1718614800000,2024,LONG,-0.022444064185883548,0.016265833881447776,1718618400000,-0.007921122689569663,-0.013740120472296806,-0.008549706510963808
SOLUSDT,1718622000000,2024,SHORT,0.0010767346356860947,-0.009006487060856445,1718625600000,0.004319059308978234,0.018819098884736204,0.004619299852783884
SOLUSDT,1718625600000,2024,LONG,-0.009006487060856445,0.004907113719727423,1718629200000,-0.005930704663987291,7.679124304349886e-05,-0.012391453739984657
SOLUSDT,1718629200000,2024,SHORT,0.004907113719727423,-0.01022405720491408,1718632800000,-0.007242326658435091,-0.016078703997348055,0.07159318682816734
SOLUSDT,1718650800000,2024,LONG,-0.051742590969410855,0.004260086114253806,1718654400000,-0.011054986923872656,-0.0092796317360981,-0.05631954597752835
SOLUSDT,1718658000000,2024,SHORT,0.0017495398181014228,-0.013066269242854573,1718661600000,-0.004190042766858317,0.0767905872253351,0.04204973639431795
SOLUSDT,1718672400000,2024,LONG,-0.014534449718687543,0.030485997760553517,1718676000000,0.015673621609662746,0.028711173426400893,0.01262404507095097
SOLUSDT,1718676000000,2024,SHORT,0.030485997760553517,-0.04744032598497932,1718679600000,-0.006506964807335493,-0.010189504910489052,-0.003225462424364532
SOLUSDT,1718712000000,2024,LONG,-0.03787089415836147,0.011304068293742907,1718715600000,-0.013187394640538997,-0.009929893191674002,0.013755656283000354
SOLUSDT,1718740800000,2024,SHORT,0.02310882264534957,-0.027901506396622904,1718744400000,-0.007249233059137109,-0.008352040977623862,-0.014078654941340234
SOLUSDT,1718784000000,2024,LONG,-0.004421743508685181,0.012583458411138757,1718787600000,-0.0014213720434677792,-0.00215810545875862,-0.024590236380782907
SOLUSDT,1718787600000,2024,SHORT,0.012583458411138757,-0.005226721037237859,1718791200000,-0.006111076144742942,0.00781361566014617,0.020629515599834655
SOLUSDT,1718805600000,2024,LONG,-0.000399842934431412,0.00877539689025039,1718809200000,0.004385891657659087,0.009479782364820668,-0.014025620458248497
SOLUSDT,1718812800000,2024,SHORT,0.001600972355815402,-0.006416804608494632,1718816400000,-0.007195218713965951,0.010964732042773765,0.01905184941385777
SOLUSDT,1719010800000,2024,LONG,-0.02869400250274829,0.0052299223203340125,1719014400000,-0.007580654988419753,0.0034430083134203227,-0.0005650725822498088
SOLUSDT,1719014400000,2024,SHORT,0.0052299223203340125,-0.06262667276189468,1719018000000,-0.0008759091860434534,-0.01208246756690869,-0.00510241398046153
SOLUSDT,1719036000000,2024,LONG,-0.03890074059427686,0.049446983873863204,1719039600000,-0.003243846577097952,-0.008017622233918652,-0.008904989979285889
SOLUSDT,1719039600000,2024,SHORT,0.049446983873863204,-0.012438058012683934,1719043200000,0.006818140564117416,0.0025848252552016955,0.0027038286023112115
SOLUSDT,1719054000000,2024,LONG,-0.007612595044818554,0.07559072013771695,1719057600000,-0.0019206580806225386,-0.0019579165988555455,-0.006199546125882165
SOLUSDT,1719079200000,2024,SHORT,0.06666943516876435,-0.014971404207361651,1719082800000,-0.00294985464642134,-0.0013419218331493772,-0.002257867163871009
SOLUSDT,1719090000000,2024,LONG,-0.016307544812714982,0.020565123966137914,1719093600000,-0.0016971866512461994,0.003185602890009903,0.0015309500080661921
SOLUSDT,1719093600000,2024,SHORT,0.020565123966137914,-0.01801041735548321,1719097200000,0.00447260996550072,-0.0038517354382624556,0.00315637749038935
SOLUSDT,1719097200000,2024,LONG,-0.01801041735548321,0.0643071214399733,1719100800000,0.006846328023753838,0.008086769542243426,0.002563538636855643
SOLUSDT,1719100800000,2024,SHORT,0.0643071214399733,-0.025658948602302365,1719104400000,-0.00259821389149767,0.00014123926326297772,0.004985162915308371
SOLUSDT,1719129600000,2024,LONG,-0.007245930942855812,0.035254494485456485,1719133200000,0.0013896477213368775,-0.004539076203525375,-0.029790994760975832
SOLUSDT,1719133200000,2024,SHORT,0.035254494485456485,-0.05036622214398341,1719136800000,0.006377088011924535,0.008576765681054647,0.031180877682741515
SOLUSDT,1719144000000,2024,LONG,-0.05739558471038057,0.008630830780640081,1719147600000,-0.002655467893969547,-0.024363601400463116,-0.037368607570915355
SOLUSDT,1719151200000,2024,SHORT,0.058315130679049906,-0.06012247586079692,1719154800000,0.004974870532015781,0.0038731095026845923,0.04270993523231126
SOLUSDT,1719162000000,2024,LONG,-0.0186740608191261,0.0369207045341539,1719165600000,0.004421973953262009,-0.004387983678881568,-0.056397267347096165
SOLUSDT,1719165600000,2024,SHORT,0.0369207045341539,-0.10021465344256708,1719169200000,0.0019916842391586053,0.019175991552594727,0.05285413778370081
SOLUSDT,1719205200000,2024,LONG,-0.09459636998620449,0.006961293304386084,1719208800000,0.007990267748404915,0.017242841139012484,0.03346779203844813
SOLUSDT,1719208800000,2024,SHORT,0.006961293304386084,-0.10616503655183675,1719212400000,-0.0018158479677625775,-0.014908687947878065,-0.041812720351918034
SOLUSDT,1719237600000,2024,LONG,-0.04234335335231507,0.005337200360688672,1719241200000,-0.01741235978918617,0.013427689836309311,0.03382787439045877
SOLUSDT,1719270000000,2024,SHORT,0.042537956586607,-0.014043704195962734,1719273600000,0.00036305053608367177,-0.025887644915786153,-0.04086645915023737
SOLUSDT,1719273600000,2024,LONG,-0.014043704195962734,0.00775917539551946,1719277200000,-0.0004994097988116725,0.03041283341320771,0.033636491977061936
SOLUSDT,1719640800000,2024,SHORT,0.016019946178337102,-0.0008889420398060825,1719644400000,-0.0060138761457651626,-0.010176213060452457,-0.006408353468434918
SOLUSDT,1719644400000,2024,LONG,-0.0008889420398060825,0.0024612755322894328,1719648000000,0.0018442527207015772,0.004520107377186402,-0.0016994394530947922
SOLUSDT,1719648000000,2024,SHORT,0.0024612755322894328,-0.005966682270315966,1719651600000,-0.004147505340087506,9.142471357008634e-05,0.008524273613416225
SOLUSDT,1719720000000,2024,LONG,-0.01430670073413036,0.0004027768829518983,1719723600000,0.000595847974669667,0.026269542064637198,0.03970200254857564
SOLUSDT,1719723600000,2024,SHORT,0.0004027768829518983,-0.004478839685947183,1719727200000,-0.010140264178943412,-0.023206929106284635,-0.04493645995785758
SOLUSDT,1719777600000,2024,LONG,-0.008512422666407086,0.0070656160655032905,1719781200000,0.000574897763689384,0.02334453930888679,0.021115186151295585
SOLUSDT,1719784800000,2024,SHORT,0.023595165428204383,-0.0033515586277177963,1719788400000,0.002595855585659993,-0.0024737516437746063,0.001082490650931935
SOLUSDT,1719788400000,2024,LONG,-0.0033515586277177963,0.007112222087224862,1719792000000,0.007875741894437282,0.00643298944194641,-0.0031225790386391066
SOLUSDT,1719792000000,2024,SHORT,0.007112222087224862,-0.003290110952009169,1719795600000,-0.0028455290015372654,0.0026093129949801256,0.002175084964166095
SOLUSDT,1719799200000,2024,LONG,-0.0017256386555587885,0.07893546188340876,1719802800000,0.0013294446779345758,0.00386810989181302,0.0030902708246906573
SOLUSDT,1720062000000,2024,SHORT,0.01764382125205507,-0.0006403844909092206,1720065600000,0.002689745511234397,0.01942839076206468,0.012515955020407202
SOLUSDT,1720065600000,2024,LONG,-0.0006403844909092206,0.009419670943379676,1720069200000,-0.004592144220064919,-0.009323665509805677,-0.010965022141328329
SOLUSDT,1720119600000,2024,SHORT,0.041815083147899,-0.006925823763930757,1720123200000,-0.008113106829591989,0.04715630487737561,0.055850849732144235
SOLUSDT,1720134000000,2024,LONG,-0.0030838613624445234,0.05072814390760735,1720137600000,0.005939228347328029,-0.03286262333748013,0.01752062198664735
SOLUSDT,1720144800000,2024,SHORT,0.031618771022169735,-0.033878058999951007,1720148400000,-0.005963337172038664,-0.017048640937992902,-0.07592159783671276
SOLUSDT,1720220400000,2024,LONG,-0.0070800656039889664,0.002502031541946336,1720224000000,0.005698444451595487,0.001280705456471785,0.0325386295031718
SOLUSDT,1720224000000,2024,SHORT,0.002502031541946336,-0.04307926182020261,1720227600000,0.011132255107018743,0.010368267353582596,-0.027386757648140754
SOLUSDT,1720227600000,2024,LONG,-0.04307926182020261,0.03960672421883813,1720231200000,0.0009511435033867483,0.006862358405285594,0.0426988474448449
SOLUSDT,1720411200000,2024,SHORT,0.016649401579527278,-0.01574207294428027,1720414800000,0.0023632310481542184,-0.05426423497048604,-0.025772690752724925
SOLUSDT,1720429200000,2024,LONG,-0.03667053098227872,0.04210081299412224,1720432800000,-0.00907828468589867,0.007661506138636662,0.0025460774859246784
SOLUSDT,1720749600000,2024,SHORT,0.060241687428506975,-0.020669546990664856,1720753200000,0.01067291116285223,0.012411461562062139,0.0006528457049758344
SOLUSDT,1720753200000,2024,LONG,-0.020669546990664856,0.00695959246553274,1720756800000,-0.0029652921326565403,-0.008064975243478342,0.016759356783962502
SOLUSDT,1722474000000,2024,SHORT,0.024139160536561947,-0.025578782174291985,1722477600000,0.006940605031723112,0.013059322142692007,0.008677416741693084
SOLUSDT,1722484800000,2024,LONG,-0.006679059065642433,0.011808030216104007,1722488400000,0.014144136426711902,0.0161839338637943,-0.02687836706144219
SOLUSDT,1722488400000,2024,SHORT,0.011808030216104007,-0.016996947036977624,1722492000000,0.003533865904440713,0.004490630331119632,0.04103731553623322
SOLUSDT,1722524400000,2024,LONG,-0.005849717861967891,0.0005447506431515759,1722528000000,-0.002438890405743343,-0.0016437499660943505,0.010488151751440468
SOLUSDT,1722538800000,2024,SHORT,0.011287711489598305,-0.005627633285179414,1722542400000,-0.015043395047334302,-0.030306269111242113,0.006037908110062791
SOLUSDT,1722560400000,2024,LONG,-0.04516298869194909,0.013747533730382289,1722564000000,-0.007654780388479864,-0.01270448948849868,0.009272944488156042
SOLUSDT,1722610800000,2024,SHORT,0.016866049939481056,-0.008487727951375972,1722614400000,0.01501911213774338,0.0352940357263608,0.020458234494863434
SOLUSDT,1722614400000,2024,LONG,-0.008487727951375972,0.014215284881891567,1722618000000,0.0005960479606333441,-0.007173897858374809,-0.017738577867327465
SOLUSDT,1722650400000,2024,SHORT,0.05371165253133875,-0.01771561796145278,1722654000000,-0.01938295086302103,-0.013363580569162875,-0.004758757654902444
SOLUSDT,1722690000000,2024,LONG,-0.003861741385821851,0.009038822549789308,1722693600000,-0.004598012553680946,-0.06483342561172416,-0.05339611121594023
SOLUSDT,1722693600000,2024,SHORT,0.009038822549789308,-0.002825199654673452,1722697200000,0.03449476017438469,0.06592580969658778,0.039579150555233734
SOLUSDT,1722697200000,2024,LONG,-0.002825199654673452,0.017245646481198314,1722700800000,-0.002350322281077567,-0.03995002378990162,-0.01280501311385207
SOLUSDT,1722700800000,2024,SHORT,0.017245646481198314,-0.013101703333931089,1722704400000,0.023369781951666977,0.03480445101405006,0.019507812596193958
SOLUSDT,1722704400000,2024,LONG,-0.013101703333931089,0.025895567177097106,1722708000000,-0.00569039663854453,0.0027000412642821095,0.008134078048337297
SOLUSDT,1722729600000,2024,SHORT,0.0026125071809929394,-0.010093576514582765,1722733200000,-0.000145807513511386,0.007429537526799713,-0.005663893721019473
SOLUSDT,1722769200000,2024,LONG,-0.009775921552403255,0.007688419191489654,1722772800000,0.009685440128707288,-0.05941445689429385,-0.03653575377873489
SOLUSDT,1722772800000,2024,SHORT,0.007688419191489654,-0.010457174357276952,1722776400000,0.008765659455370143,0.08409062745263401,0.09743489453793869
SOLUSDT,1722776400000,2024,LONG,-0.010457174357276952,0.01005258827445129,1722780000000,-0.04152806489649211,-0.06214160407129298,-0.09180232526141865
SOLUSDT,1722794400000,2024,SHORT,0.01054671564498701,-0.04586522255518453,1722798000000,-0.02067418975878637,-0.01201232822860013,0.16772263227171233
SOLUSDT,1722805200000,2024,LONG,-0.004796945450308274,0.02334514190227103,1722808800000,0.0024051986632196527,-0.06920408542073105,-0.15730231147138474
SOLUSDT,1722826800000,2024,SHORT,0.0035570991643271437,-0.00080956338144935,1722830400000,0.017772695097428716,0.025947923111049157,-0.033896526165264694
SOLUSDT,1722834000000,2024,LONG,-0.01083877534606853,0.042516924342843196,1722837600000,-0.008369667481770485,0.011657782883937583,0.12477352369642658
SOLUSDT,1722841200000,2024,SHORT,0.04421366253496607,-0.018606301117145934,1722844800000,0.01635598439834366,0.05772242870138113,-0.04726528879126515
SOLUSDT,1722844800000,2024,LONG,-0.018606301117145934,0.0190171863579641,1722848400000,-0.007327379071761824,-0.0776671805372447,0.08744446312122996
SOLUSDT,1722855600000,2024,SHORT,0.04482138472747725,-0.002149824320691493,1722859200000,0.0361851966156533,-0.11761525677513253,-0.1129946063540134
SOLUSDT,1722862800000,2024,LONG,-0.004443883134519231,0.018085758721138594,1722866400000,0.05311461097745179,0.09197825832632359,0.12320720217768538
SOLUSDT,1722866400000,2024,SHORT,0.018085758721138594,-0.027018033599193192,1722870000000,-0.009185334243470004,0.005192397718724243,-0.07546785988108765
SOLUSDT,1722880800000,2024,LONG,-0.00744570206770951,0.05540546056736456,1722884400000,0.0017649098607404122,0.030290250369567995,0.09589364443374843
SOLUSDT,1722902400000,2024,SHORT,0.03903370883439694,-0.0249309446169367,1722906000000,0.0021556937747203055,-0.015755446325949503,0.0077504075171510225
SOLUSDT,1722906000000,2024,LONG,-0.0249309446169367,0.0019222044518846793,1722909600000,0.005412927912639055,0.031655091216883494,0.002306955770783961
SOLUSDT,1722909600000,2024,SHORT,0.0019222044518846793,-0.003925074265511824,1722913200000,0.00553563394162888,-0.01521004171131521,-0.0382323395825559
SOLUSDT,1722913200000,2024,LONG,-0.003925074265511824,0.0006244930801947638,1722916800000,0.018055499613851687,0.023957640451617943,0.051127255180259075
SOLUSDT,1722920400000,2024,SHORT,0.013657928415188912,-0.004796359788257128,1722924000000,0.01099016472458395,0.029752735773305283,-0.014268251515989507
SOLUSDT,1722924000000,2024,LONG,-0.004796359788257128,0.0044256046662345585,1722927600000,0.0032118165887669156,-0.016230037973408433,0.03153303134596877
SOLUSDT,1722927600000,2024,SHORT,0.0044256046662345585,-0.008687874251394284,1722931200000,0.0318585161296639,0.018042468858479505,-0.03018436970617017
SOLUSDT,1722931200000,2024,LONG,-0.008687874251394284,0.03963841644540848,1722934800000,0.009860499214671081,0.002419821910576773,0.06911072815446519
SOLUSDT,1723428000000,2024,SHORT,0.07866705094144684,-0.0456095800362633,1723431600000,0.0025208784335390183,0.00543160211078902,-0.03334028612858265
SOLUSDT,1723532400000,2024,LONG,-0.0029435693311366754,0.004137413006732059,1723536000000,-0.0035623744255043333,-0.0007813999794407007,0.0034336559043404544
SOLUSDT,1723615200000,2024,SHORT,0.0030555722736439043,-0.017580360549381398,1723618800000,-0.0032940348666901462,-0.0109131975091862,0.004944180990813546
SOLUSDT,1723633200000,2024,LONG,-0.004509532645884985,0.013360479124547481,1723636800000,0.012720886693436014,-0.009126034330024319,-0.029495807416156275
SOLUSDT,1723665600000,2024,SHORT,0.0008669777785971683,-0.005650811371266785,1723669200000,0.0024587272851739174,-0.004498931307343662,0.007646010579158068
SOLUSDT,1723744800000,2024,LONG,-0.0025491580406902786,0.0029342907166118575,1723748400000,0.009417665640380324,0.03564666472159493,0.040101138888893294
SOLUSDT,1723748400000,2024,SHORT,0.0029342907166118575,-0.01696134853266462,1723752000000,-0.003946101304041059,-0.018952408638359602,-0.0323810414931609
SOLUSDT,1723762800000,2024,LONG,-0.009418765510497123,0.004670483740720365,1723766400000,-0.004528330852200192,-0.004225333643798175,-0.004478999468621028
SOLUSDT,1723770000000,2024,SHORT,0.002275695656186537,-0.0015410566919670011,1723773600000,-0.008593739860931577,-0.007391556215413781,0.011650452090421731
SOLUSDT,1723791600000,2024,LONG,-0.004705496061441111,0.005877481843722567,1723795200000,-0.005546102627295506,-0.01790763232342227,-0.025384368774950233
SOLUSDT,1723813200000,2024,SHORT,0.014384309364376614,-0.011278566559151708,1723816800000,0.014481924844264376,0.005231498045211708,0.0070891081442814585
SOLUSDT,1723942800000,2024,LONG,-0.024447391665861372,0.01624982534082888,1723946400000,0.011215149778091923,-0.000538216956911655,0.024719377695065603
SOLUSDT,1724032800000,2024,SHORT,0.014304094036620156,-0.017065448632482265,1724036400000,-0.003836438222454446,-0.0017450237973949294,-0.011590249551607314
SOLUSDT,1724072400000,2024,LONG,-0.018510130964627232,0.009180253151456114,1724076000000,0.011001226401394934,0.006358944184084277,0.020771066145937548
SOLUSDT,1724076000000,2024,SHORT,0.009180253151456114,-0.00965775197254323,1724079600000,0.0029649813929648284,0.004753772348286483,-0.00764604174642513
SOLUSDT,1724079600000,2024,LONG,-0.00965775197254323,0.024917727027498948,1724083200000,0.0024379159915779375,-0.0066423174082099815,0.011738895525660275
SOLUSDT,1724097600000,2024,SHORT,0.00013543643084609858,-0.0036697699574755036,1724101200000,-0.001520117439360965,-0.022030332568741103,-0.019679336071683536
SOLUSDT,1724108400000,2024,LONG,-0.0026986928392857194,0.002743105457180629,1724112000000,0.015776420894731948,0.008961115961758115,0.007819555476065007
SOLUSDT,1724169600000,2024,SHORT,0.013513019531029576,-0.0007480627953303073,1724173200000,-0.005178929181660298,-0.0067692092805006964,-0.0008626827160354924
SOLUSDT,1724288400000,2024,LONG,-0.019197829539062836,0.003172173400370335,1724292000000,-0.0106100858582321,-0.006011922660575101,-0.00020284756075429798
SOLUSDT,1724292000000,2024,SHORT,0.003172173400370335,-0.00035037559444127094,1724295600000,-0.001426856214390715,-0.008159230332167795,-0.008797050271294677
SOLUSDT,1724313600000,2024,LONG,-0.015470171940313521,0.00544039285401222,1724317200000,-0.00151078561595649,0.0007266020496853584,0.0017038872294546465
SOLUSDT,1724806800000,2024,SHORT,0.05599538760343706,-0.02467395818326284,1724810400000,0.001151418449749453,-0.003073034522025657,0.011539840765350837
SOLUSDT,1725087600000,2024,LONG,-0.0035452969189018677,0.006288593568209236,1725091200000,-0.012274580438322087,-0.004408230478830306,-0.019231926611156122
SOLUSDT,1725130800000,2024,SHORT,0.007934018935045948,-0.001372492166667751,1725134400000,-0.0024427990325029273,-0.0025167301730722046,0.016334152284383452
SOLUSDT,1725328800000,2024,LONG,-0.004091300459294324,0.03601339105428444,1725332400000,-0.0019178714561434297,-0.015379606059406952,-0.04095342340421384
SOLUSDT,1725379200000,2024,SHORT,0.010655587090390215,-0.005604141546702869,1725382800000,-0.0018004021143809364,-0.005468103633170277,0.016233757250105306
SOLUSDT,1725465600000,2024,LONG,-0.0009934064254299361,0.012239767024139632,1725469200000,-0.009460595395778955,5.2309658242977916e-05,-0.003480998405833255
SOLUSDT,1725566400000,2024,SHORT,0.025069077200274025,-9.46152562650601e-05,1725570000000,-0.008645900125966482,-0.008259441626799025,-0.0014176444554587892
SOLUSDT,1725627600000,2024,LONG,-0.04813014306421408,0.004645703844976018,1725631200000,-0.012908172254416527,-0.03138414142844642,-0.048938158417429586
SOLUSDT,1725631200000,2024,SHORT,0.004645703844976018,-0.04539614047812468,1725634800000,0.008300352206597571,0.03391944996982746,0.03162200616521352
SOLUSDT,1725793200000,2024,LONG,-0.015295642120583413,0.017463399681156584,1725796800000,-0.010079468204688176,-0.025817836842526594,0.00036909165426040523
SOLUSDT,1725814800000,2024,SHORT,0.010150878864549956,-0.004507827346673628,1725818400000,0.003327015853471186,0.0002013225348659928,0.011078569487613824
SOLUSDT,1725818400000,2024,LONG,-0.004507827346673628,0.011034452751844857,1725822000000,-0.000769347374956735,0.004541833683498434,-0.0011970184790738294
SOLUSDT,1725840000000,2024,SHORT,0.005181706164317716,-0.01030450745436333,1725843600000,0.0022018131503894825,0.013946817050080704,0.006233049061643212
SOLUSDT,1725847200000,2024,LONG,-0.011231225285681459,0.02451420723296986,1725850800000,-0.005873356036396442,-0.00535212763709757,-0.016992536938790465
SOLUSDT,1725890400000,2024,SHORT,0.020009671892086977,-0.02191321109932157,1725894000000,-0.009811177849073567,-0.04679252121811583,-0.047768211596406034
SOLUSDT,1725897600000,2024,LONG,-0.02682113466209137,0.02427766213298056,1725901200000,0.0017027821238556045,0.015058248713982689,0.002372551830903267
SOLUSDT,1726423200000,2024,SHORT,0.01234395477256662,-0.005322189046548728,1726426800000,0.0018574419085349415,0.01386389095710583,0.023331868377405113
SOLUSDT,1726434000000,2024,LONG,-0.0003411309921035377,0.01499820191869873,1726437600000,-0.0020540191325294664,-0.014882441636298798,-0.009364382861937488
SOLUSDT,1726452000000,2024,SHORT,0.009511706638310849,-0.040132337027253634,1726455600000,-0.006972151281774472,-0.007094708749890586,-0.005431242147319057
SOLUSDT,1726711200000,2024,LONG,-0.015753238611749452,0.03534272071989094,1726714800000,0.006355183322546645,0.00952491864786792,0.026710093780818116
SOLUSDT,1727834400000,2024,SHORT,0.04068794628710871,-0.026807921401148332,1727838000000,0.0007269738167983183,-0.007247560898822409,0.013979450318968197
SOLUSDT,1727845200000,2024,LONG,-0.008342342405251628,0.004793178973440299,1727848800000,0.011399090674928836,-0.004312664094570039,-0.006808962093570634
SOLUSDT,1727856000000,2024,SHORT,0.007342551035119733,-0.005868013416764805,1727859600000,0.01320034408978,0.02752178091920427,0.04967301804582835
SOLUSDT,1727859600000,2024,LONG,-0.005868013416764805,0.014280273469219687,1727863200000,-0.0018854670401154175,-0.000746905345630805,-0.0366025939990038
SOLUSDT,1727920800000,2024,SHORT,0.004347770306673444,-0.037302448973663645,1727924400000,-0.005920439237533263,0.0026378912178890513,0.052210532878028876
SOLUSDT,1727942400000,2024,LONG,-0.005640844992463394,0.008001816368387201,1727946000000,0.008891354253571866,-8.086005701364921e-05,-0.00010291393463769892
SOLUSDT,1727946000000,2024,SHORT,0.008001816368387201,-0.0025507983802459345,1727949600000,-0.006796177910066521,0.002925802760594307,0.0016114158787999926
SOLUSDT,1727953200000,2024,LONG,-0.006360998745713647,0.007528032231226254,1727956800000,-0.005505576284189717,-0.009431468241847494,-0.00036560932857270667
SOLUSDT,1727956800000,2024,SHORT,0.007528032231226254,-0.009192952972396121,1727960400000,-0.006046477212111013,0.00775618162261933,0.0008457530831739637
SOLUSDT,1727964000000,2024,LONG,-0.0003887382026474664,0.002233217327607353,1727967600000,0.00554305042961542,0.00917485068736207,0.02031179227662972
SOLUSDT,1728014400000,2024,SHORT,0.010057941598141574,-0.0062829907139462,1728018000000,-0.011010239965847494,-0.016484523137107847,-0.04342220260883441
SOLUSDT,1728090000000,2024,LONG,-0.0028743363412503595,0.006649387124740335,1728093600000,-0.008320348062518365,-0.00018817363603496252,-0.005338339629136523
SOLUSDT,1728396000000,2024,SHORT,0.0039838626845102,-0.004392322048679377,1728399600000,0.009240566343322865,0.008498170612318692,0.0015144781419708442
SOLUSDT,1728399600000,2024,LONG,-0.004392322048679377,0.021522316292729233,1728403200000,0.00689145069854416,0.006494753717634063,0.00787207817001465
SOLUSDT,1728435600000,2024,SHORT,0.007232184542947365,-0.0009964819196854862,1728439200000,0.006451836476634718,0.004576445220577486,0.0258482474057177
SOLUSDT,1728442800000,2024,LONG,-0.0027206429380745426,0.0001942348339581699,1728446400000,-0.0041587342727940025,-0.0052413067100684375,-0.00784427220007131
SOLUSDT,1728450000000,2024,SHORT,0.005659872809606693,-0.005153188075018396,1728453600000,0.004471977658165142,0.006355769240026799,0.021066106787460813
SOLUSDT,1728478800000,2024,LONG,-0.012409545294379317,0.005576392366561281,1728482400000,0.001317597912450511,0.00020554620432063097,-0.013078423955190942
SOLUSDT,1728493200000,2024,SHORT,0.0022754791814611794,-0.0033728816929903564,1728496800000,0.0041045655166253685,0.009427180592541837,0.004389242765718967
SOLUSDT,1728496800000,2024,LONG,-0.0033728816929903564,0.006645497040382779,1728500400000,0.003806876854238552,-0.009796638828912446,-0.0009183750391852303
SOLUSDT,1728525600000,2024,SHORT,0.005304735994298514,-0.03473393749510606,1728529200000,-0.0011020309970211802,-0.005255916064865597,0.015921007185196217
SOLUSDT,1728648000000,2024,LONG,-0.000207740120415668,0.009738252835261415,1728651600000,0.0043573357956746975,0.012269153815758922,0.022475499592416192
SOLUSDT,1730772000000,2024,SHORT,0.019789698885654107,-0.0046369688310784335,1730775600000,-0.008307681993360898,-0.0164847507450312,-0.052865716082573906
SOLUSDT,1730800800000,2024,LONG,-0.0027323073700547783,0.010459826731710269,1730804400000,0.003642766353403993,0.03135816619995086,0.0343509259604827
SOLUSDT,1730815200000,2024,SHORT,0.0046874798726046826,-0.005504789454626534,1730818800000,0.005892272939956655,0.00041972718349664496,-0.0735982805061279
SOLUSDT,1730818800000,2024,LONG,-0.005504789454626534,0.020127184870310247,1730822400000,0.015496765082770413,-0.011339983865747142,0.1088457520913706
SOLUSDT,1730829600000,2024,SHORT,0.010992563232946638,-0.0011458186125601537,1730833200000,0.01669225331059043,-0.0035324090016300848,-0.105438482989554
SOLUSDT,1730833200000,2024,LONG,-0.0011458186125601537,0.012927245391483478,1730836800000,0.016692253310590512,0.015612080377911739,0.1156869614653335
SOLUSDT,1730847600000,2024,SHORT,0.005427489733368076,-0.0015555461520206022,1730851200000,-0.034695792372351465,-0.10457365557920593,-0.11458234868582695
SOLUSDT,1730862000000,2024,LONG,-0.035743564451870706,0.020909303964539497,1730865600000,0.0009189438199041532,-0.004498774491784295,0.003562949137352658
DOGEUSDT,1675177200000,2023,LONG,-0.00026188494272394555,0.008084220446657644,1675180800000,0.02447026393368385,0.0402513223344757,-0.0012876919903584212
DOGEUSDT,1675180800000,2023,SHORT,0.008084220446657644,-0.019712488870151177,1675184400000,0.0008375209869795232,-0.004489696917836731,0.03135719527543123
DOGEUSDT,1675216800000,2023,LONG,-0.005935262803104244,0.05668504013389755,1675220400000,-0.013862452741411306,-0.026178943785911946,-0.03053672386008165
DOGEUSDT,1675267200000,2023,SHORT,0.018542348040042178,-0.010661712808400878,1675270800000,0.011497587170514148,-0.03028050117362473,-0.04545497486329374
DOGEUSDT,1675270800000,2023,LONG,-0.010661712808400878,0.00986124180360128,1675274400000,0.003922232853670427,0.059712725471534,0.05323952411286769
DOGEUSDT,1675274400000,2023,SHORT,0.00986124180360128,-0.0035835400373097283,1675278000000,-0.028664734047043092,-0.05250606947143813,-0.042051525776698254
DOGEUSDT,1675317600000,2023,LONG,-0.013529727025208695,0.02776934119651087,1675321200000,-0.0008581849915240774,0.007052064699611701,0.011407981281586954
DOGEUSDT,1675328400000,2023,SHORT,0.008350654855630692,-0.0024046092055314654,1675332000000,0.0011705242091992493,0.013167240496830745,0.03793259280163658
DOGEUSDT,1675342800000,2023,LONG,-0.0024283160487911133,0.01309219279280363,1675346400000,-0.010509875167989007,0.008158052974142486,-0.015423353415897553
DOGEUSDT,1675346400000,2023,SHORT,0.01309219279280363,-0.00976081871606462,1675350000000,-0.014704557306724928,-0.02707804850615308,0.010401363824351438
DOGEUSDT,1675350000000,2023,LONG,-0.00976081871606462,0.0031245807830968665,1675353600000,0.0010727312764385072,-0.0027944988091124557,-0.017868253830845837
DOGEUSDT,1675353600000,2023,SHORT,0.0031245807830968665,-0.013717747685508966,1675357200000,-0.0027834296955579667,0.0016093560686157922,0.012513647649697935
DOGEUSDT,1675544400000,2023,LONG,-0.006977827869502059,0.008417217973044238,1675548000000,0.005145632430071724,-0.018326210513568152,-0.013085657696174252
DOGEUSDT,1675548000000,2023,SHORT,0.008417217973044238,-0.004491266761187784,1675551600000,0.01729269081850122,0.03595329238789067,0.01572717361727445
DOGEUSDT,1675551600000,2023,LONG,-0.004491266761187784,0.0023005277622039338,1675555200000,-0.010077767424920748,-0.008180433662950366,-0.006181590222204514
DOGEUSDT,1675555200000,2023,SHORT,0.0023005277622039338,-0.003559938773547079,1675558800000,-0.003895766969806723,-0.004631099741004344,0.026944856874485768
DOGEUSDT,1675562400000,2023,LONG,-0.0012293632074458557,0.0013139195263242606,1675566000000,0.010586590510700471,0.0145802899859674,-0.0141481459660269
DOGEUSDT,1675566000000,2023,SHORT,0.0013139195263242606,-0.00457157146866617,1675569600000,-0.002839267904541895,-0.007239945584849218,0.03199331338680644
DOGEUSDT,1676584800000,2023,LONG,-0.02622354007881964,0.009481767644275217,1676588400000,-0.002117897014734806,0.011220314067492842,0.015279938038756281
DOGEUSDT,1676588400000,2023,SHORT,0.009481767644275217,-0.012323342714684113,1676592000000,-0.011242652673121438,-0.016469448938607134,-0.01959246344843788
DOGEUSDT,1678896000000,2023,LONG,-0.00013139193996867168,0.014907408115137364,1678899600000,0.011453869712259574,0.020754910459619396,0.02781800288573867
DOGEUSDT,1678899600000,2023,SHORT,0.014907408115137364,-0.024775127252729123,1678903200000,-0.010744985039828748,-0.012476587204106751,-0.024372105474150484
DOGEUSDT,1679158800000,2023,LONG,-0.01718135785685157,0.018445082451999918,1679162400000,0.007886159964532517,-0.003225809248882677,0.000938904233684175
DOGEUSDT,1679162400000,2023,SHORT,0.018445082451999918,-0.009273550212800399,1679166000000,0.007349535320584634,0.020036977747045243,0.012728784440320561
DOGEUSDT,1679176800000,2023,LONG,-0.016819526840652986,0.011166659675361842,1679180400000,-0.009415366000091305,0.009596613488480647,0.0016284438393037537
DOGEUSDT,1679180400000,2023,SHORT,0.011166659675361842,-0.006615435525810893,1679184000000,-0.016587735877065444,-0.02571531602535479,-0.020893447588277388
DOGEUSDT,1679511600000,2023,LONG,-0.0750989421373252,0.014627454995736821,1679515200000,0.018434969727480256,0.024685839381123367,0.045200066851775245
DOGEUSDT,1679515200000,2023,SHORT,0.014627454995736821,-0.015037014599952029,1679518800000,-0.009900399576138223,-0.00570808834437222,-0.021039211650316334
DOGEUSDT,1679648400000,2023,LONG,-0.05883860960085147,0.0025277735452596296,1679652000000,-0.0004008819456373024,-0.0038819404883016152,0.004532132524298202
DOGEUSDT,1679684400000,2023,SHORT,0.0063086478497207865,-0.08810110929396667,1679688000000,0.009868062475095689,0.011745997299295874,0.008261206210769695
DOGEUSDT,1680422400000,2023,LONG,-0.01983579216561631,0.007816757000790278,1680426000000,0.0007263922837557365,-0.013902662950297233,-0.03537683263316797
DOGEUSDT,1680541200000,2023,SHORT,0.037380078032114385,-0.02162765269716178,1680544800000,-0.06418542672778421,0.005128764314226657,-0.03466860261564052
DOGEUSDT,1680552000000,2023,LONG,-0.05744511015669969,0.18643382315860305,1680555600000,0.015110918937401536,0.012536638850108356,0.07508628627055683
DOGEUSDT,1680562800000,2023,SHORT,0.06771112607989238,-0.061331748112743285,1680566400000,0.03025405272909796,-0.008094689280354865,-0.04253356427226245
DOGEUSDT,1680566400000,2023,LONG,-0.061331748112743285,0.03836597385501207,1680570000000,0.046690882786098786,0.019992158837954403,0.060435054345644966
DOGEUSDT,1680570000000,2023,SHORT,0.03836597385501207,-0.08838742856230751,1680573600000,-0.0046024116014518,0.0042118301515213985,-0.011010407896781994
DOGEUSDT,1680577200000,2023,LONG,-0.019773730818705114,0.01892549180683763,1680580800000,-0.018567342620850753,0.016400531606165433,-0.003831223945949658
DOGEUSDT,1680588000000,2023,SHORT,0.009801409190845716,-0.022047908119307662,1680591600000,0.009511353703135094,-0.02721932222248381,0.03306847862947971
DOGEUSDT,1680613200000,2023,LONG,-0.01337351483570793,0.05421797192936349,1680616800000,-0.025362004179004652,-0.027860964246643277,-0.026714832316020634
DOGEUSDT,1680663600000,2023,SHORT,0.10502133586883922,-0.006577433698691911,1680667200000,0.007361996441069082,0.013848505670675922,0.027681998932026695
DOGEUSDT,1680706800000,2023,LONG,-0.011082032709032756,0.0015452908914053059,1680710400000,-0.02663994100286271,-0.023632742946704352,-0.03333109482538037
DOGEUSDT,1681142400000,2023,SHORT,0.001996075856555493,-0.025101460664347524,1681146000000,-0.0016682558683179343,0.0015515906914187218,-0.00784038228717316
DOGEUSDT,1681153200000,2023,LONG,-0.006746112628479423,0.0035675559364791018,1681156800000,-0.002862597374633314,0.008893163491027199,0.015482197801525915
DOGEUSDT,1681160400000,2023,SHORT,0.006931102308141558,-0.0006214631692770086,1681164000000,-0.008189470730199596,-0.011140195798257169,-0.01172929743532371
DOGEUSDT,1681178400000,2023,LONG,-0.020535516151225144,0.0010563443741546893,1681182000000,-0.001654064649328581,0.007761092578755558,-0.0011811955070499015
DOGEUSDT,1681196400000,2023,SHORT,0.006416095968988938,-0.03363596642663028,1681200000000,0.003406758067292688,-0.0004689881666452564,0.012865329411533516
DOGEUSDT,1681264800000,2023,LONG,-0.03048296953349431,0.011313831435214658,1681268400000,-0.0015959735755192096,0.004162082149787761,0.009887172395865347
DOGEUSDT,1681300800000,2023,SHORT,0.021750564701786903,-0.06299761047348446,1681304400000,0.0055852500705247474,0.007657284451926497,-0.006637326001865875
DOGEUSDT,1681484400000,2023,LONG,-0.11335217366592319,0.027507372244978776,1681488000000,0.013555209580681779,0.03281616173327653,0.029537284919249857
DOGEUSDT,1681491600000,2023,SHORT,0.046035767768414226,-0.132770026859731,1681495200000,0.0022629563854891254,-0.0016938629762819465,-0.008552831790307015
DOGEUSDT,1681743600000,2023,LONG,-0.08985499240859729,0.0034758187895489764,1681747200000,0.007420156975575514,0.022206035020662866,0.01379941310095204
DOGEUSDT,1681758000000,2023,SHORT,0.010701165925698366,-0.12350696372386467,1681761600000,0.0013054832141304825,0.006216280446050363,-0.010167745790430689
DOGEUSDT,1681779600000,2023,LONG,-0.10768879514838213,0.01410407507657892,1681783200000,0.0073833604462636,0.025337164062859695,0.03424806096670321
DOGEUSDT,1681783200000,2023,SHORT,0.01410407507657892,-0.015757961344560402,1681786800000,-0.0014262989965283137,-0.022258125338027658,-0.03038564307491727
DOGEUSDT,1681891200000,2023,LONG,-0.12296915791528223,0.07716865277236437,1681894800000,0.009514601495796056,0.01542975922748823,0.02524869709584189
DOGEUSDT,1681912800000,2023,SHORT,0.007439544050113126,-0.14557208221935694,1681916400000,0.005597951065519849,0.026171376175560247,0.031014546086208475
DOGEUSDT,1681923600000,2023,LONG,-0.13629222263304958,0.028773736668468868,1681927200000,0.00982337262057066,0.00011346230227177175,0.03829071000807162
DOGEUSDT,1681934400000,2023,SHORT,0.0017125885876377279,-0.01233118916526123,1681938000000,0.010046932171738946,-0.02834870382931648,-0.025615416171273126
DOGEUSDT,1681938000000,2023,LONG,-0.01233118916526123,0.0616505934627723,1681941600000,-0.001135073901664068,0.030500046128961983,0.04155230066891431
DOGEUSDT,1681948800000,2023,SHORT,0.087254860881336,-0.10737739980502412,1681952400000,0.007782140442054963,0.001529720578021438,-0.008047020369640273
DOGEUSDT,1682013600000,2023,LONG,-0.06427168994247108,0.0248985375614631,1682017200000,0.0007183908354936538,-0.0015582862008521707,0.002034101808143367
DOGEUSDT,1682028000000,2023,SHORT,0.0006335009339650272,-0.014600381667634263,1682031600000,-0.006100132545813748,-0.005742329452963176,-0.00454872701953757
DOGEUSDT,1682096400000,2023,LONG,-0.02589283551604774,0.014653785987200825,1682100000000,0.0036683826904588598,-0.05333926818089678,-0.028832617368036235
DOGEUSDT,1682125200000,2023,SHORT,0.04691994221873345,-0.0033967402119632678,1682128800000,0.0026668375701362607,-0.005816910686180866,-0.0030391311222782652
DOGEUSDT,1682161200000,2023,LONG,-0.00383182816118043,0.0031711039013692472,1682164800000,0.0025294056738529563,0.016078728500635717,0.016078728500635717
DOGEUSDT,1682172000000,2023,SHORT,0.014548737473227836,-0.015717153195891016,1682175600000,-0.0004985666312921207,0.0012475051518077765,0.005876853425624167
DOGEUSDT,1682272800000,2023,LONG,-0.01994446121236063,0.012319191947982568,1682276400000,0.007870500598108173,0.017972242404430436,0.019624820165645238
DOGEUSDT,1682287200000,2023,SHORT,0.001410722940915507,-0.013109532736374462,1682290800000,-0.0016525777612147491,-0.008866429205641325,-0.005076153031860568
DOGEUSDT,1682442000000,2023,LONG,-0.0011012487112119415,0.006312089479316102,1682445600000,-0.0026777191645283127,0.01416131896927429,0.02166604462334207
DOGEUSDT,1682449200000,2023,SHORT,0.009100859181618123,-0.00263296489347606,1682452800000,-0.01038509840115401,-0.015035977251578892,-0.018041238717042076
DOGEUSDT,1682964000000,2023,LONG,-0.0022162650330151503,0.0017066867607038853,1682967600000,-0.005256759332582795,0.0044657171503645395,0.00306435377687992
DOGEUSDT,1682992800000,2023,SHORT,0.030492174194512205,-0.0020998525098456476,1682996400000,-0.0006368210111410783,0.0006372268105768608,0.0021682299164673792
DOGEUSDT,1683003600000,2023,LONG,-0.004314242288563595,0.0022864612567693866,1683007200000,0,-0.003703944460659863,0.0029278870130056123
DOGEUSDT,1683010800000,2023,SHORT,0.0007804923135402797,-0.0004868153411108307,1683014400000,0.0006372268105768608,0.0024236251419650413,-0.0024177653821360165
DOGEUSDT,1683129600000,2023,LONG,-0.00659008594313476,0.0011202749049763385,1683133200000,-0.0005135447538720598,0.0033316278894723462,0.01755770294154084
DOGEUSDT,1683133200000,2023,SHORT,0.0011202749049763385,-0.003758836681979734,1683136800000,-0.004485174431210461,-0.01580053259129862,-0.01958602607078032
DOGEUSDT,1683374400000,2023,LONG,-0.00626167175394337,0.004619683055441214,1683378000000,-0.008526081877911526,-0.012425735851425456,-0.0109940963799877
DOGEUSDT,1683424800000,2023,SHORT,0.028421996960457954,-0.019582214788389746,1683428400000,-0.0035254982001113747,-0.005608832286965645,-0.010409983402783532
DOGEUSDT,1683507600000,2023,LONG,-0.014120428294701969,0.009920922043573628,1683511200000,0.008015004167928845,0.005217054171270927,-0.0021482285382896063
DOGEUSDT,1683540000000,2023,SHORT,0.0011861023708310055,-0.0022357886008342875,1683543600000,-0.0017362274812277327,0.0022750093452251763,0.03620428066443361
DOGEUSDT,1683547200000,2023,LONG,-0.001994187833225693,0.017346198393938944,1683550800000,-0.0032206147000422834,-0.01280945176018037,-0.031161103461595497
DOGEUSDT,1683561600000,2023,SHORT,0.036054315842360324,-0.002067625796506947,1683565200000,0.03409813395301797,0.026264830505070835,0.014215657654013558
DOGEUSDT,1683565200000,2023,LONG,-0.002067625796506947,0.006589370871834856,1683568800000,0.0071403873554951695,0.010065791684600334,0.021545068558043765
DOGEUSDT,1683597600000,2023,SHORT,0.045361273674542124,-0.0005135036272731845,1683601200000,0.00027616680650523575,0.0033190460561648757,-0.006330877186886853
DOGEUSDT,1683608400000,2023,LONG,-0.004555375569553875,0.004761304850998888,1683612000000,-0.00745242201537972,-0.002891568279799014,0
DOGEUSDT,1683637200000,2023,SHORT,0.0007600067417365048,-0.00012523091875110774,1683640800000,0.00041149441634076274,0.0026089956440128767,-0.003969073848089018
DOGEUSDT,1683640800000,2023,LONG,-0.00012523091875110774,0.0027585407315497503,1683644400000,-0.005365631638916547,-0.0032985186586650477,0.0024667684154335216
DOGEUSDT,1683720000000,2023,SHORT,0.044615249508756276,-0.025046605591703807,1683723600000,0.0005398839380696021,0.0043272548929921975,0.021688090076617074
DOGEUSDT,1683817200000,2023,LONG,-0.02748051615540314,0.03281886985286992,1683820800000,0,-0.006661494409176473,-0.0012721748835709203
DOGEUSDT,1683838800000,2023,SHORT,0.020518798438703027,-0.023293191964554653,1683842400000,-0.011966192596475389,0.0028034781467827703,0.0064597893498932815
DOGEUSDT,1683871200000,2023,LONG,-0.13376161703459583,0.07645816647449083,1683874800000,-0.0002849002868272726,0.026147117907192246,0.011893103513952287
DOGEUSDT,1683885600000,2023,SHORT,0.018817105555365164,-0.13879246288284175,1683889200000,0.005426855314119348,0.015241852783055503,-0
DOGEUSDT,1684717200000,2023,LONG,-0.022108012517391695,0.0421068019562861,1684720800000,0.008411657616641203,0.0064552567690419095,0.02804181518698998
DOGEUSDT,1684746000000,2023,SHORT,0.011015660592512924,-0.036210635232833514,1684749600000,-0.008888947417245994,-0.003428182994068191,-0.0035650661644961446
DOGEUSDT,1684936800000,2023,LONG,-0.018945536088707016,0.021433628627590243,1684940400000,0.0004259246177827206,0.0004259246177827206,-0.0061249390254581836
DOGEUSDT,1684990800000,2023,SHORT,0.0012289339586817945,-0.007171586495436968,1684994400000,-0.0015586258911614993,0.0029823213185995734,0.00426318678938322
DOGEUSDT,1684998000000,2023,LONG,-0.00810105007023644,0.0015642394738701116,1685001600000,0.0012808654707835707,0.003979539077936675,0.006387983962476605
DOGEUSDT,1685001600000,2023,SHORT,0.0015642394738701116,-0.0007977400481639133,1685005200000,-0,-0.004399354289170355,-0.006097147566264524
DOGEUSDT,1685005200000,2023,LONG,-0.0007977400481639133,0.0061776066947826416,1685008800000,0.0012792269529269434,0.0017052725462491955,0.006521145876623527
DOGEUSDT,1685041200000,2023,SHORT,0.015831071615650477,-0.008346506075920499,1685044800000,-0.0008485363258388641,-0.0024023186851937343,-0.0021199923140354754
DOGEUSDT,1685980800000,2023,LONG,-0.19810535696966486,0.022105878543944805,1685984400000,0.008315113295998988,0.0028803173100419403,0.012521850268976516
DOGEUSDT,1686056400000,2023,SHORT,0.02332608197741949,-0.012656570661821326,1686060000000,-0.008396602325775495,-0.031166058198586668,-0.027430958323985982
DOGEUSDT,1686142800000,2023,LONG,-0.0037211870485701617,0.029145906398413763,1686146400000,-0.011261046545518962,-0.002360231218112889,-0.002655652195150757
DOGEUSDT,1686229200000,2023,SHORT,0.010900497536843476,-0.0017931676634007647,1686232800000,-0.002496513522209768,0.004420873689993178,0.0023553669066692746
DOGEUSDT,1686384000000,2023,LONG,-0.006281032883142461,0.0009256290587452688,1686387600000,-0.009671577806649869,-0.022657678168559223,0.016458567702474097
DOGEUSDT,1686405600000,2023,SHORT,0.009012522699420832,-0.01599891798412816,1686409200000,-0.0004988775359142117,-0.013054799963619473,-0.024968445567141263
DOGEUSDT,1686808800000,2023,LONG,-0.08137382766971711,0.0012659346767897608,1686812400000,0.005164526264638519,0.017714228620302325,0.028486325602213383
DOGEUSDT,1686938400000,2023,SHORT,0.0540287411035723,-0.014196897967647802,1686942000000,-0,0.0022515287736054406,-0.0033678165101154916
DOGEUSDT,1686963600000,2023,LONG,-0.0014439315467294825,0.006700368896967754,1686967200000,0.003229976968332644,0.015887359762319146,0.008376337635220669
DOGEUSDT,1686978000000,2023,SHORT,0.023295472001152475,-0.0019283034715681852,1686981600000,0.005587944611356921,0.003189286709070394,0.012173784815673256
DOGEUSDT,1689357600000,2023,LONG,-0.09696457060885472,0.03215387844662945,1689361200000,0.0075371671377444,0.0115045516672141,0.03641532565854625
DOGEUSDT,1689393600000,2023,SHORT,0.005920784957779789,-0.020132324546865164,1689397200000,-0.011059484086478312,-0.0764568982090652,-0.06774343259571414
DOGEUSDT,1690020000000,2023,LONG,-0.004464425116338318,0.026138432693616542,1690023600000,0.0011185683492910977,0.0039095274593133125,-0.008711590853901299
DOGEUSDT,1690077600000,2023,SHORT,0.015933784794596884,-0.013274296797437453,1690081200000,0.00028224668547524893,-0.010247861144435327,-0.018869803027147126
DOGEUSDT,1690336800000,2023,LONG,-0.07749681696170047,0.01789173856740404,1690340400000,0.006252364997312955,0.007996044602139683,-0.007681206311288925
DOGEUSDT,1690340400000,2023,SHORT,0.01789173856740404,-0.011745653662480164,1690344000000,0.0012471939755852582,-0.000996636434806383,0.01887323256918877
DOGEUSDT,1690365600000,2023,LONG,-0.012329433665894144,0.0076447424976341044,1690369200000,0.004197144476190192,0.008250348251898488,-0.005111179028937551
DOGEUSDT,1690369200000,2023,SHORT,0.0076447424976341044,-0.00851128417742701,1690372800000,-0.00354745082523908,0.0007618080612209541,0.011360132380894132
DOGEUSDT,1690390800000,2023,LONG,-0.03620480735417494,0.002842401641701687,1690394400000,0.009224921280501222,0.010117266294778118,0.010754168424454027
DOGEUSDT,1690394400000,2023,SHORT,0.002842401641701687,-0.0437741668799367,1690398000000,-0.002292994635252912,0.004473708490361534,0.0019148534605641135
DOGEUSDT,1690398000000,2023,LONG,-0.0437741668799367,0.010892228613709054,1690401600000,0.00038160656826382103,-0.00894574655845839,0.0012714559881966659
DOGEUSDT,1690419600000,2023,SHORT,0.004774172018507339,-0.021751664282639277,1690423200000,-0.006149923290984053,-0.009210759757944493,-0.01302367744297809
DOGEUSDT,1692306000000,2023,LONG,-0.04065177542551746,0.00931373987830664,1692309600000,0.037404475754669236,0.02208474980467441,0.044816691450245916
DOGEUSDT,1692309600000,2023,SHORT,0.00931373987830664,-0.013399380651982382,1692313200000,0.013680995143861525,0.030049055038968524,-0.013815480783849914
DOGEUSDT,1693900800000,2023,LONG,-0.02262414772707342,0.03645441280678439,1693904400000,0.0021909241940803615,0.005000791793679448,0.00015665387358728796
DOGEUSDT,1693962000000,2023,SHORT,0.010871074412478214,-0.00047221170386819186,1693965600000,-0.004505561882782494,0.0065614983106237045,0.005778106182819523
DOGEUSDT,1694232000000,2023,LONG,-0.010424767955246172,5.048892678850417e-05,1694235600000,-0.003627478151666199,-0.0017332392269400418,0
DOGEUSDT,1694235600000,2023,SHORT,5.048892678850417e-05,-0.0035878815218626466,1694239200000,-0.002524855373182702,-0.0028400145311648023,-0.002524855373182702
DOGEUSDT,1694242800000,2023,LONG,-4.908316787968745e-06,0.00658367720741463,1694246400000,-0.0001576913982611567,0.0033057881344996315,0.0003153082163911214
DOGEUSDT,1694264400000,2023,SHORT,0.004915861171006046,-0.005454306082593862,1694268000000,-0.0007887057747759067,-0.0012616308249711861,0.00236985654795388
DOGEUSDT,1694271600000,2023,LONG,-0.007756289824251252,0.004137620287323064,1694275200000,-0.00015741833956175544,-0.0014176579518494288,-0.00806009894931331
DOGEUSDT,1694275200000,2023,SHORT,0.004137620287323064,-0.001062876100467288,1694278800000,0.0011026227784834413,0.0017332392269400418,0.02971939448087587
DOGEUSDT,1694296800000,2023,LONG,-0.004303248212894487,0.0001900209691819542,1694300400000,-0.001419670559444332,-0.004423387939151217,-0.027162558252579225
DOGEUSDT,1694300400000,2023,SHORT,0.0001900209691819542,-0.012589606161204019,1694304000000,0.0018957351648990896,0.005380611177041798,0.026710904284623114
DOGEUSDT,1694782800000,2023,LONG,-0.0037945959427054554,0.0013686128746124827,1694786400000,-0.004058776576042035,0.0016189092090101254,0.01255852924739576
DOGEUSDT,1694800800000,2023,SHORT,0.004147211582679076,-0.00016838453928763592,1694804400000,-0.0014547808271704742,-0.012698073053248816,-0.0056456315772759275
DOGEUSDT,1694804400000,2023,LONG,-0.00016838453928763592,0.004155767091044487,1694808000000,0.0012911557636198078,0.008683122573460857,0.005315306063345219
DOGEUSDT,1694811600000,2023,SHORT,0.0006176741327128732,-0.005376112305640365,1694815200000,-0.005766474412402121,-0.004008021397538868,0.0009643202290190923
DOGEUSDT,1696222800000,2023,LONG,-0.026764872354700268,0.010081573874079581,1696226400000,0.0034821181116541453,0.008211004603756344,-0.0068411689930122374
DOGEUSDT,1696233600000,2023,SHORT,0.008350526050099942,-0.0532690464366032,1696237200000,0.0042369620073196765,0.0029796932577019586,0.029397524924849337
DOGEUSDT,1698159600000,2023,LONG,-0.11213509680275979,0.0025179348562745507,1698163200000,0.004254032547225477,0.01406025128091519,0.004254032547225477
DOGEUSDT,1698163200000,2023,SHORT,0.0025179348562745507,-0.010162776437525329,1698166800000,0.0013653950387966876,-0.0016662883503961682,-0.004386967174933421
DOGEUSDT,1698426000000,2023,LONG,-0.004428702243710329,0.00679769925843278,1698429600000,-0.0008771930387037858,-0.007922576650850659,0.0036467110648684986
DOGEUSDT,1698444000000,2023,SHORT,0.00023851190621850243,-0.0035322323553003358,1698447600000,-0.0035466270366664187,-0.013527628726763677,-0.025288199847971867
DOGEUSDT,1699322400000,2023,LONG,-0.07461476470409764,0.010673370663421142,1699326000000,0.010231645532281891,0.020094447059754328,-0.0016251357856264265
DOGEUSDT,1699387200000,2023,SHORT,0.0022684380711024744,-0.011066178874068728,1699390800000,0.004853069649073477,0.014084739881738972,0.0014803851704342195
DOGEUSDT,1699394400000,2023,LONG,-0.006328457840627817,0.009611942414417199,1699398000000,0.0008176615336993317,0.00787619498001789,0.018371447398719095
DOGEUSDT,1699408800000,2023,SHORT,0.002923489885637827,-0.044207275803678475,1699412400000,0.003251154313194978,0.0005411255543299015,-0.0028361150754550486
DOGEUSDT,1699495200000,2023,LONG,-0.04688612089797016,0.00600523026786737,1699498800000,-0.0005242464078127509,0.00600916243262057,0.013922546142336614
DOGEUSDT,1699502400000,2023,SHORT,0.012481933991815557,-0.0008150620518277341,1699506000000,0.0073126468462864904,0.007050557996666799,0.07382778162232875
DOGEUSDT,1699506000000,2023,LONG,-0.0008150620518277341,0.0058643081475579185,1699509600000,0.006402321470513737,0.00026212319940396313,-0.05815356545125322
DOGEUSDT,1699520400000,2023,SHORT,0.003151392006074428,-9.65642182458509e-05,1699524000000,0.0056508462347283645,0.004070651015210852,0.06050177521483151
DOGEUSDT,1699524000000,2023,LONG,-9.65642182458509e-05,0.005613190703808835,1699527600000,-0.0007910349786247603,0.019704428215554258,-0.04391277908062377
DOGEUSDT,1699527600000,2023,SHORT,0.005613190703808835,-0.0059674626259648145,1699531200000,-0.0011863179404880439,0.0009236656987103183,0.02998886041156033
DOGEUSDT,1699538400000,2023,LONG,-0.00831260197013802,0.010142296335788153,1699542000000,-0.021289904882888414,-0.08999993094297892,-0.03954126077544292
DOGEUSDT,1699542000000,2023,SHORT,0.010142296335788153,-0.006139417596720317,1699545600000,0.059280640875109446,0.060542116969228246,0.026893051583480095
DOGEUSDT,1699545600000,2023,LONG,-0.006139417596720317,0.04968119835502616,1699549200000,0.00809043330534591,-0.0005603810737847625,0.03711766295650237
DOGEUSDT,1699556400000,2023,SHORT,0.012700496566529008,-0.004321919286666535,1699560000000,-0.000981423142216899,-0.031617184547091205,-0.04310302124228207
DOGEUSDT,1699560000000,2023,LONG,-0.004321919286666535,0.002114464846502487,1699563600000,0.006704872163864915,0.029551998617934516,0.03727823156262127
DOGEUSDT,1699563600000,2023,SHORT,0.002114464846502487,-0.003151303952810574,1699567200000,-0.010938149899479553,-0.03003311087129966,-0.033808735637003165
DOGEUSDT,1699682400000,2023,LONG,-0.00843759610314515,0.011792635787341323,1699686000000,-0.010633011572791833,0.023272782055375432,0.008026127861322136
DOGEUSDT,1699693200000,2023,SHORT,0.0026792767226566532,-0.03007233961563274,1699696800000,-0.014996872751515752,0.0013745706631665985,0.015732499935148265
DOGEUSDT,1699696800000,2023,LONG,-0.03007233961563274,0.01991232190204051,1699700400000,-0.017370163781535913,-0.003449978779220473,-0.03683242347742486
DOGEUSDT,1699772400000,2023,SHORT,0.020061534159239267,-0.02418749954143865,1699776000000,0.0002516989693629474,0.003403293131707807,0.017005485943434987
DOGEUSDT,1699790400000,2023,LONG,-0.018862999956206425,0.0002953685365446261,1699794000000,-0.001018978562248226,-0.008823022519320455,-0.003826535281367534
DOGEUSDT,1699797600000,2023,SHORT,0.007012369493270244,-0.0006832853152959438,1699801200000,0.003432715849336291,0.01354480201546846,0.00012692771483682224
DOGEUSDT,1699808400000,2023,LONG,-0.0036184502583665418,0.011385839007735439,1699812000000,0.0029633468828269937,0.012948068850862873,-0.0066023930693431074
DOGEUSDT,1699822800000,2023,SHORT,0.007493532107002795,-0.0003599134311703575,1699826400000,0.0001273804218014313,-0.008245115524200815,0.002040036408134212
DOGEUSDT,1699826400000,2023,LONG,-0.0003599134311703575,0.007035056374680102,1699830000000,-0.006388981609942455,0.003433152332595711,0.00178162429412263
DOGEUSDT,1699830000000,2023,SHORT,0.007035056374680102,-0.001554020703149741,1699833600000,-0.0029436253417521496,0.019282383256680836,0.010436221757786092
DOGEUSDT,1699884000000,2023,LONG,-0.029932441686732012,0.011955207935141283,1699887600000,0.003246966941249471,-0.011645535601560966,-0.026629572495403226
DOGEUSDT,1699887600000,2023,SHORT,0.011955207935141283,-0.00010385930214067692,1699891200000,0.006505357316139774,0.006505357316139774,0.028812096268981437
DOGEUSDT,1700139600000,2023,LONG,-0.006589178287973584,0.029004542820851707,1700143200000,-0.00025255714239564144,-0.007986351632650044,0.019629310633824584
DOGEUSDT,1700157600000,2023,SHORT,0.03105526047328644,-0.012515475338785864,1700161200000,-0.0033934551511286583,0.009741363641377301,-0.03403583281022301
DOGEUSDT,1700161200000,2023,LONG,-0.012515475338785864,0.0082284462652515,1700164800000,-0.0011300145593193978,-0.002512879824635446,0.03719640629415845
DOGEUSDT,1700186400000,2023,SHORT,0.005202557828964491,-0.029862534254911446,1700190000000,0.006275785072069453,-0.008063574540794496,0.00036807558234081613
DOGEUSDT,1700193600000,2023,LONG,-0.018217713466662698,0.01057737061715864,1700197200000,0.008066531151148576,0.04158253478581249,-0.003318791073976809
DOGEUSDT,1700258400000,2023,SHORT,0.03145096421853526,-0.03253057367904126,1700262000000,-0.013626251711765056,0.002818226383841778,0.01227009259181436
DOGEUSDT,1700265600000,2023,LONG,-0.038579276721444095,0.01692198690645822,1700269200000,0.0051643307266548725,-0.01374429218974,-0.018288123994148527
DOGEUSDT,1700348400000,2023,SHORT,0.008511895337473175,-0.01559845401319537,1700352000000,0.021646956508258184,0.020121403199421177,0.026749008392153644
DOGEUSDT,1700352000000,2023,LONG,-0.01559845401319537,0.03236225532599197,1700355600000,-0.004591259181094277,0.003429663571397628,0.0006360109608275903
DOGEUSDT,1700359200000,2023,SHORT,0.026056012336029676,-0.003024946607998256,1700362800000,-0.0043284599725124245,-0.006105335677995755,0.004731769171263758
DOGEUSDT,1700460000000,2023,LONG,-0.012918377525689148,0.0030596285432388805,1700463600000,-0.0014792902105892813,-0.0009859502893843897,-0.015267472130788533
DOGEUSDT,1700481600000,2023,SHORT,0.01032396367581626,-0.027737930465399917,1700485200000,0.010667429362747803,0.016796662385515797,0.03413557680253793
DOGEUSDT,1700773200000,2023,LONG,-0.06823919019253066,0.020491368400735014,1700776800000,0.0007872982954888545,0.007063469524724733,0.023353422503993145
DOGEUSDT,1700852400000,2023,SHORT,0.0005146503552376669,-0.0032221730100801616,1700856000000,-0.005026755445233447,-0.009900434452159556,-0.018943354127531734
DOGEUSDT,1700859600000,2023,LONG,-0.007168410891258582,0.0061104807523412324,1700863200000,0.009866182921053759,0.01634774593117969,0.009738672560664179
DOGEUSDT,1701014400000,2023,SHORT,0.0016217857912434646,-0.025212980707808006,1701018000000,-0.0018305444442175414,-0.013389865308846024,-0.03333427480754601
DOGEUSDT,1701018000000,2023,LONG,-0.025212980707808006,0.0003215888456852873,1701021600000,0.0005224660515922399,0.010656371147482718,0.05156109233886372
DOGEUSDT,1701021600000,2023,SHORT,0.0003215888456852873,-0.00013843137246541694,1701025200000,-0.005729182337614547,-0.017731649454637132,-0.0483050261754787
DOGEUSDT,1701028800000,2023,LONG,-0.004582165568154546,0.01232828720253279,1701032400000,-0.0009044512535933243,0.028393275354865855,0.03627077779796039
DOGEUSDT,1701093600000,2023,SHORT,0.011948092574382528,-0.00317849516025899,1701097200000,0.006327091931598842,-0.004366819166340611,-0.005007393142507637
DOGEUSDT,1701194400000,2023,LONG,-0.004360022295783382,0.0023591002007411787,1701198000000,0.001495327381433722,0,0.010914160180678553
DOGEUSDT,1701666000000,2023,SHORT,0.039438941469399025,-0.0007345281793361557,1701669600000,0.004562407068357954,0.01206314192688056,0.015327256480117665
DOGEUSDT,1701669600000,2023,LONG,-0.0007345281793361557,0.03191882792005156,1701673200000,0.010650200511698711,0.0005575068438987584,-0.010201310371768354
DOGEUSDT,1701730800000,2023,SHORT,0.008096379771319473,-0.020609899981644274,1701734400000,0.005341485420333957,0.019098374362029047,0.03619853957928236
DOGEUSDT,1701741600000,2023,LONG,-0.005868440833469354,0.04310641010152585,1701745200000,0.0003325020812013956,-0.008572276261758329,-0.009467130907602143
DOGEUSDT,1701802800000,2023,SHORT,0.013113044879170062,-0.017420167609945813,1701806400000,0.01797442701613472,0.005072398067932343,-0.07949930653686563
DOGEUSDT,1701806400000,2023,LONG,-0.017420167609945813,0.0021001363947230835,1701810000000,0.002358491659292883,0.028254352904805623,0.09348389149524725
DOGEUSDT,1701810000000,2023,SHORT,0.0021001363947230835,-0.001829812810048351,1701813600000,-0.0033139161227500958,-0.027459746253819164,-0.09024524721935835
DOGEUSDT,1701813600000,2023,LONG,-0.001829812810048351,0.0008464286548741033,1701817200000,0.007336946092476505,0.009242111783044231,0.09200599798379569
DOGEUSDT,1701820800000,2023,SHORT,0.0054923749672932485,-0.006374592523669751,1701824400000,-0.001459549883792138,-0.016144405291210657,-0.07475609652688851
DOGEUSDT,1701828000000,2023,LONG,-0.002803965543637431,0.04004059884589789,1701831600000,0.0050633019565466345,0.09698160176630435,0.07161211171531094
DOGEUSDT,1701842400000,2023,SHORT,0.014410265088968286,-0.01695818067587662,1701846000000,0.014305289377615472,0.014207942091094213,0.054632533513674336
DOGEUSDT,1701846000000,2023,LONG,-0.01695818067587662,3.864072177745617e-05,1701849600000,-0.004097166984070324,-0.025337777829823785,-0.03406269904529942
DOGEUSDT,1701853200000,2023,SHORT,0.011353091684576738,-0.017009727373558034,1701856800000,-0.005074666887187476,-0.01022055911051826,0.05097923292674573
DOGEUSDT,1701856800000,2023,LONG,-0.017009727373558034,0.0060670844790875365,1701860400000,-0.02553246292729444,-0.011354859666022761,-0.06494091212425054
DOGEUSDT,1701864000000,2023,SHORT,0.02808671969038335,-0.013943630642166001,1701867600000,0.0003872966740897802,0.0227148986948232,0.0713119739610687
DOGEUSDT,1701867600000,2023,LONG,-0.013943630642166001,0.014575790028942007,1701871200000,-0.016403414078404142,-0.04142340846656421,-0.06222987041429495
DOGEUSDT,1701914400000,2023,SHORT,0.02889862993323,-0.006999644923708621,1701918000000,-0.0005144826990060585,0.0032989720641140347,0.021324987639677582
DOGEUSDT,1701939600000,2023,LONG,-0.030440883883260175,0.005436492569371034,1701943200000,-0.011630496929380167,-0.008869237740779773,-0.0010517459951417717
DOGEUSDT,1701946800000,2023,SHORT,0.01624404100197782,-0.0011063364174160365,1701950400000,-0.009367010550329812,-0.01843949574211149,-0.014486921426288027
DOGEUSDT,1702098000000,2023,LONG,-0.003473941721035682,0.017389742890554682,1702101600000,0.002428010710604732,-0.004776070290390223,-0.04007677764386661
DOGEUSDT,1702112400000,2023,SHORT,0.004033426911631606,-0.00040072661718913195,1702116000000,-0.0009765625776101702,0.00883224583547473,0.01704726704412598
DOGEUSDT,1702116000000,2023,LONG,-0.00040072661718913195,0.010831846359569616,1702119600000,-0.004598159057899044,-0.0179244507396669,-0.02620669136749044
DOGEUSDT,1702126800000,2023,SHORT,0.005612117983080291,-0.0038116959235623676,1702130400000,0.008115642326581948,0.026468461518001626,0.013796060211764832
DOGEUSDT,1702130400000,2023,LONG,-0.0038116959235623676,0.019557753311665385,1702134000000,0.006142282041406701,-0.004581681321568983,-0.010991317687269754
DOGEUSDT,1702166400000,2023,SHORT,0.021479507515279175,-0.0064077411928690434,1702170000000,0.00239568890783093,-0.0039801047566267265,0.003295553988800485
DOGEUSDT,1702170000000,2023,LONG,-0.0064077411928690434,0.0021874518813026008,1702173600000,-0.00531089980208679,0.006077834681272898,0.003192978166728669
DOGEUSDT,1702173600000,2023,SHORT,0.0021874518813026008,-0.04157140574696447,1702177200000,-0.007606121537481652,-0.015649459672899588,-0.008303784395300771
DOGEUSDT,1702227600000,2023,LONG,-0.011063048245426341,0.00948169151840701,1702231200000,0.013342096419810143,0.013145729212502512,-0.01564255298807375
DOGEUSDT,1702231200000,2023,SHORT,0.00948169151840701,-0.02438406265662145,1702234800000,-0.002745099763039127,-0.005873157054597664,0.04006143559548105
DOGEUSDT,1702260000000,2023,LONG,-0.048656171637491016,0.05916838671567389,1702263600000,0.034454904083050186,0.0030703125132580385,-0.02901466986561602
DOGEUSDT,1702332000000,2023,SHORT,0.0029290898272333363,-0.02743813285002947,1702335600000,0.006142785678881062,-0.02027661441632998,-0.016337152551865085
DOGEUSDT,1702465200000,2023,LONG,-0.007041088888625995,0.0012653750236211007,1702468800000,0.0072389706208700385,0.008852481431849428,0.0450550524039027
DOGEUSDT,1702486800000,2023,SHORT,0.006218725464114319,-0.006555446711853442,1702490400000,-0.0008595681199710813,-0.03537668943171939,-0.038484534054815014
DOGEUSDT,1702519200000,2023,LONG,-0.02704759891216944,0.028582252730149707,1702522800000,-0.003962879312819627,0.004258198260564505,-0.0023967082800744953
DOGEUSDT,1702692000000,2023,SHORT,0.017098149909354887,-0.016953132341139557,1702695600000,-0.005116736459217705,-0.004372174386848036,-0.008513406745420043
DOGEUSDT,1703206800000,2023,LONG,-0.04780322509925713,0.0015264588151481912,1703210400000,-0.014631304267860298,-0.013457156724097937,-0.015058609049492922
DOGEUSDT,1703210400000,2023,SHORT,0.0015264588151481912,-0.022281861449417392,1703214000000,-0.0014939710387303002,0.00890325001540859,-0.0004270766667518434
DOGEUSDT,1703217600000,2023,LONG,-0.0040294012803356715,0.010325237782478642,1703221200000,-0.003726778524114078,-0.01047018111823577,-0.0024474606524026426
DOGEUSDT,1703224800000,2023,SHORT,0.001547634584490313,-0.003177976902202453,1703228400000,0.001401693043126034,-0.003978713781349295,-0.019208786109051464
DOGEUSDT,1703228400000,2023,LONG,-0.003177976902202453,0.003410351639377388,1703232000000,0.004628890336262972,0.007738645670621448,0.00966398587389473
DOGEUSDT,1703232000000,2023,SHORT,0.003410351639377388,-0.011073477413279284,1703235600000,0.00032225146634746364,0.005060576075753296,-0.01121387305158276
DOGEUSDT,1703372400000,2023,LONG,-0.004074520042073935,0.0032284840923728912,1703376000000,0.0023496753307471626,0.009153869134428576,0.00989527678370567
DOGEUSDT,1703386800000,2023,SHORT,0.0033485564560958563,-0.0035477618968145614,1703390400000,0.0004238635222937937,0.009794606142360978,0.006057082436541055
DOGEUSDT,1703559600000,2023,LONG,-0.03005586119676354,0.028117218862945038,1703563200000,-0.002339928742606724,-0.01466129317179809,-0.02713636953201165
DOGEUSDT,1703566800000,2023,SHORT,0.030312082630132447,-0.00583683645262512,1703570400000,0.0045553224108832325,0.0029260383921782336,0.027982294257935275
DOGEUSDT,1703732400000,2023,LONG,-0.007369771750305561,0.00012892990319218785,1703736000000,-0.006664223109128182,-0.013800643660924723,-0.03672304420468812
DOGEUSDT,1703739600000,2023,SHORT,0.007566411425833265,-0.009546519140371886,1703743200000,0.005015751404356958,0.004587898151493647,0.022717238973418215
DOGEUSDT,1704168000000,2024,LONG,-0.005203455807456954,0.0008327398511385036,1704171600000,-0.002901200122297651,0.012157556164569885,-0.012850454897275786
DOGEUSDT,1704193200000,2024,SHORT,0.01966376438941139,-0.0037167574695683545,1704196800000,0.007441393195159778,0.01613899096866974,0.020845397072947167
DOGEUSDT,1704204000000,2024,LONG,-0.011237836000213748,0.007536780554391835,1704207600000,-0.0018545797057302833,-0.0008723149609954246,-0.0009814078537015575
DOGEUSDT,1704207600000,2024,SHORT,0.007536780554391835,-0.015094189656129691,1704211200000,-0.004684359565320409,0.0017486343253510592,0.0012018575606762996
DOGEUSDT,1704952800000,2024,LONG,-0.0044651195232610005,0.0016783517441614413,1704956400000,0.009590099872032803,0.02286358226023244,0.02286358226023244
DOGEUSDT,1704970800000,2024,SHORT,0.011626393633788862,-0.007687386340015235,1704974400000,-0.0013950246391647347,0.011936946889184516,0.016302477980178698
DOGEUSDT,1704974400000,2024,LONG,-0.007687386340015235,0.007064180463703385,1704978000000,-0.0018604656529197896,-0.024103218473347527,-0.019591218417845786
DOGEUSDT,1704981600000,2024,SHORT,0.012608034036172767,-0.02635806397183744,1704985200000,0.025800385191294063,0.025800385191294063,0.03562004410207321
DOGEUSDT,1704985200000,2024,LONG,-0.02635806397183744,0.0008264318010355365,1704988800000,-0.010888970177814254,0.0036425632191232214,-0.016138952406876243
DOGEUSDT,1704988800000,2024,SHORT,0.0008264318010355365,-0.021186464933735473,1704992400000,-0.009121664857730662,-0.004630462414225864,0.003337707234950925
DOGEUSDT,1704999600000,2024,LONG,-0.02163906223724106,0.0013483545725941058,1705003200000,-0.009783775809273622,-0.00800852236949526,-0.013581549184723969
DOGEUSDT,1705003200000,2024,SHORT,0.0013483545725941058,-0.020028101311347263,1705006800000,0.0021347256683562693,-0,0.005107202739581326
DOGEUSDT,1705028400000,2024,LONG,-0.020004608850203366,0.006997165928497528,1705032000000,0.0019122749941111747,0.006082671267837537,-0.010462484950945712
DOGEUSDT,1705032000000,2024,SHORT,0.006997165928497528,-0.036681035624327826,1705035600000,-0.01175296961937545,-0.0028619146650500343,0.03166395418402359
DOGEUSDT,1705042800000,2024,LONG,-0.01730262270902873,0.0028861655984816293,1705046400000,-0.0014278917228550904,0.006990963954605297,-0.029932237001242756
DOGEUSDT,1705046400000,2024,SHORT,0.0028861655984816293,-0.007796618526650163,1705050000000,0.00023818030361489603,-0.007355591356130259,0.02776950139963703
DOGEUSDT,1705068000000,2024,LONG,-0.020220081098726587,0.009897792267882875,1705071600000,-0.027895479065368458,-0.043244787605220915,-0.06058053626105982
DOGEUSDT,1705075200000,2024,SHORT,0.0002117567995483694,-0.008201556003167394,1705078800000,-0.0035681366678592488,-0.006756367449436675,0.006926434617868949
DOGEUSDT,1705536000000,2024,LONG,-0.01059500944538793,0.001426305894363988,1705539600000,-0.002108266422370217,-0.004718747114217393,-0.011838882122315476
DOGEUSDT,1705539600000,2024,SHORT,0.001426305894363988,-0.00016407234593262648,1705543200000,0.0019880722253863025,-0.000868540286623713,0.008601935481009378
DOGEUSDT,1705543200000,2024,LONG,-0.00016407234593262648,0.005737270481240537,1705546800000,-0.001867414174795362,0.003476536901090355,-0.0027400689705597706
DOGEUSDT,1705554000000,2024,SHORT,0.009451583290515632,-0.006192169839342208,1705557600000,-0.0006199243890804724,0.002359223792479262,0.027281847915524047
DOGEUSDT,1705561200000,2024,LONG,-0.0033198505515818115,0.004582681647805844,1705564800000,-0.0028534229397109614,-0.006587557226416205,-0.03993454567090245
DOGEUSDT,1705568400000,2024,SHORT,0.00016483347400039433,-0.0018098364047680448,1705572000000,0.005110000525496444,0.007111251975153738,0.030161917943010264
DOGEUSDT,1705798800000,2024,LONG,-0.002220684638042828,0.023489634374312698,1705802400000,0.001445970998839489,-0.04263704976032449,-0.020125475487972604
DOGEUSDT,1705975200000,2024,SHORT,0.023486414284715616,-0.018771075950871782,1705978800000,0.0067746764005183905,0.010613452707683919,0.0577362731761771
DOGEUSDT,1705978800000,2024,LONG,-0.018771075950871782,0.005858421091796618,1705982400000,0.001111866196452527,-0.013940977587185354,-0.04254886583357835
DOGEUSDT,1705982400000,2024,SHORT,0.005858421091796618,-0.0036744437013444425,1705986000000,-0.0019738471742863097,0.03301624180198512,0.045086239387392875
DOGEUSDT,1707530400000,2024,LONG,-0.018407056145225673,0.007451763289632513,1707534000000,0.000366546524966726,-0.004163611207161867,-0.009947886764745863
DOGEUSDT,1707562800000,2024,SHORT,0.0008569025246285558,-0.005260042371914205,1707566400000,-0.0003712182187033586,-0.003705995594317656,-0.007521150058836619
DOGEUSDT,1707584400000,2024,LONG,-0.007854011920437411,0.0005428640772914409,1707588000000,0.001853110666813592,0.009353914355533769,0.014242106906927914
DOGEUSDT,1707591600000,2024,SHORT,0.0022031617304474906,-0.0018260819534225885,1707595200000,-0.00221811551202158,-0.004308494385723961,-0.02172141532722102
DOGEUSDT,1707595200000,2024,LONG,-0.0018260819534225885,0.0015154918931995697,1707598800000,0.004912204400402031,0.002827465157404215,0.01720918774852071
DOGEUSDT,1707598800000,2024,SHORT,0.0015154918931995697,-0.0009971303987404959,1707602400000,0.001961987140714141,0.0035589409841860985,-0.013989644857321916
DOGEUSDT,1707602400000,2024,LONG,-0.0009971303987404959,0.0038562172562965342,1707606000000,-0.0008594757727187045,-0.0011051760196548867,0.012076999486658925
DOGEUSDT,1707634800000,2024,SHORT,0.027265158115019957,-0.005841464345880052,1707638400000,0.0022964897987896448,0.003386144244035735,0.010558991239473738
DOGEUSDT,1707638400000,2024,LONG,-0.005841464345880052,0.028189299176129,1707642000000,0.0016926615092032696,-0.004730435165901872,-0.019797787036838762
DOGEUSDT,1707649200000,2024,SHORT,0.030013036707556444,-0.014484031304882631,1707652800000,0.003640780720655676,0.009004684840530235,0.016119533303274595
DOGEUSDT,1707786000000,2024,LONG,-0.030916428885904568,0.014565200692937603,1707789600000,-0.004962789342129125,-0.006419984499799647,-0.017417162778471145
DOGEUSDT,1707832800000,2024,SHORT,0.010484012137331,-0.008901838140150704,1707836400000,-0.0029669943881949854,-0.0038307121295943743,-0.0021025299935146452
DOGEUSDT,1707836400000,2024,LONG,-0.008901838140150704,0.010946468788174384,1707840000000,-0.006440448321009781,-0.0017298904598139527,0.0019733602851750684
DOGEUSDT,1707843600000,2024,SHORT,0.013643287762504465,-0.0028387659276507865,1707847200000,-0.0014811160446438088,-0.0035756156706913903,-0.007506341773333538
DOGEUSDT,1707865200000,2024,LONG,-0.004771676649618105,0.00017719499088982485,1707868800000,-0.004448295979487477,0.0006162568753606374,0.023395730191685907
DOGEUSDT,1707868800000,2024,SHORT,0.00017719499088982485,-0.004962314184673134,1707872400000,0.0007433102423507917,-0.004201686853699977,-0.024707714794538316
DOGEUSDT,1707872400000,2024,LONG,-0.004962314184673134,0.0012579368831141698,1707876000000,0.0029695641718164986,0.010722972036585947,0.03243000272915387
DOGEUSDT,1707876000000,2024,SHORT,0.0012579368831141698,-0.01177618282144145,1707879600000,-0.0028379314500033104,-0.010325844666275315,-0.027302122372985467
DOGEUSDT,1707901200000,2024,LONG,-0.0275884917332941,0.005840235950485998,1707904800000,-0.00012030075202478833,0.002762930462060134,0.04193288933755247
DOGEUSDT,1707930000000,2024,SHORT,0.022318879215204507,-0.008735027353633164,1707933600000,-0.004333320594693416,-0.017337103045279047,-0.007367161894858581
DOGEUSDT,1707937200000,2024,LONG,-0.010473750851282949,0.002057469257484763,1707940800000,-0.0029027596579614626,-0.007798444922798237,-0.007097592189987138
DOGEUSDT,1707940800000,2024,SHORT,0.002057469257484763,-0.004795617024245569,1707944400000,-0.007991240627041494,-0.008683122573460857,0.0078212037050142
DOGEUSDT,1707948000000,2024,LONG,-0.007810670593067409,0.02813819248072768,1707951600000,-0.006057800445014221,0.008557933576405996,-0.0029078240902005548
DOGEUSDT,1707958800000,2024,SHORT,0.005186547453588879,-0.006094085562690829,1707962400000,-0.0004607233437865064,0.011238025936175873,0.005313631538973086
DOGEUSDT,1707962400000,2024,LONG,-0.006094085562690829,0.037028158618415394,1707966000000,0.004595068395422595,-0.013446360006086455,-0.0012673542798937118
DOGEUSDT,1708030800000,2024,SHORT,0.014381519115323633,-0.008679839818615689,1708034400000,-0.0022409633722200546,-0.014884540840802082,-0.008816844278376978
DOGEUSDT,1708045200000,2024,LONG,-0.00416428763393361,0.002748515921053754,1708048800000,0.005453398674928839,0.007995870863876922,0.012487154972564135
DOGEUSDT,1708221600000,2024,SHORT,0.009590163939994064,-0.003508864290468415,1708225200000,-0.00443725618618201,-0.0050353781012560835,-0.007662872745569097
DOGEUSDT,1708315200000,2024,LONG,-0.035453585502325115,0.00777508520091464,1708318800000,0.0037192046590671514,0.0016288543450099155,0.015482689404040278
DOGEUSDT,1708441200000,2024,SHORT,0.028991832921934562,-0.012859228162741331,1708444800000,0.007238239848870662,-0.008593848876260812,-0.012104266710051857
DOGEUSDT,1708722000000,2024,LONG,-0.0013137349478209981,0.002520874274706995,1708725600000,-0.00601736226613929,-0.01111911148206198,0.003053796124690598
DOGEUSDT,1708725600000,2024,SHORT,0.002520874274706995,-0.009163833740340464,1708729200000,-0.0007097232377399097,-0.003189795368100081,-0.006722119775645471
DOGEUSDT,1708729200000,2024,LONG,-0.009163833740340464,0.009630345540294188,1708732800000,0.0058948531936622,0.00847762053688721,0.009883596163924833
DOGEUSDT,1708740000000,2024,SHORT,0.011395794871739508,-0.025862473792579714,1708743600000,-0.005879603015106406,-0.0009430626656738439,-0.01067521428782243
DOGEUSDT,1708747200000,2024,LONG,-0.007408693304752052,0.0015409687857936892,1708750800000,-0.0035260967422882823,-0.0038793912169045805,0.009691242876247225
DOGEUSDT,1708938000000,2024,SHORT,0.03302454299448553,-0.016200598432505806,1708941600000,-0.004256835090684461,-0.006260725665180084,-0.05093773882824907
DOGEUSDT,1708959600000,2024,LONG,-0.013070845164557523,0.011051634097944553,1708963200000,0.007356355013584967,0.025401445464889483,0.03067376683714721
DOGEUSDT,1709136000000,2024,SHORT,0.0963734364901799,-0.028592906497018917,1709139600000,0.08043566807379894,0.03617433937537872,-0.07709822903387657
DOGEUSDT,1709139600000,2024,LONG,-0.028592906497018917,0.08767510163465489,1709143200000,-0.0034725430124660597,0.03865215443427912,0.1557913692847181
DOGEUSDT,1709427600000,2024,SHORT,0.02202012356709345,-0.004067340694509478,1709431200000,0.005433630298661925,-0.0003564427056094565,-0.0018521162154430185
DOGEUSDT,1709431200000,2024,LONG,-0.004067340694509478,0.11508483268182058,1709434800000,0.008423807665460728,-0.008712299050720134,-0.01131910718876103
DOGEUSDT,1709618400000,2024,SHORT,0.1066536629891408,-0.004961659052963359,1709622000000,0.035419967660328205,0.003687039908590781,0.15822709786767877
DOGEUSDT,1709632800000,2024,LONG,-0.026613760910644938,0.019997036142785533,1709636400000,-0.01604414977045774,0.021176756108912387,-0.18185450307971912
DOGEUSDT,1709636400000,2024,SHORT,0.019997036142785533,-0.032542663707401165,1709640000000,-0.026582533688809994,0.04580263569628297,0.16875678553738058
DOGEUSDT,1709654400000,2024,LONG,-0.05924524566179949,0.13111141959042302,1709658000000,-0.008924323581112168,-0.1985651509742512,-0.031713842086834025
DOGEUSDT,1709658000000,2024,SHORT,0.13111141959042302,-0.00970922596747854,1709661600000,0.04566664042669951,0.0898677182956233,-0.011562214799001
DOGEUSDT,1709661600000,2024,LONG,-0.00970922596747854,0.1132090848341926,1709665200000,-0.1314416600462875,-0.02744123604257086,0.050916044156805416
DOGEUSDT,1709697600000,2024,SHORT,0.03674687734603357,-0.019196040764349043,1709701200000,-0.034351733304722964,-0.056145797380034404,0.0006818534279361919
DOGEUSDT,1709726400000,2024,LONG,-0.07944775756313216,0.048667269311737524,1709730000000,0.008713849933593223,-0.006058376591775157,-0.019731135244709482
DOGEUSDT,1709758800000,2024,SHORT,0.025968180831260387,-0.07172756505928958,1709762400000,0.013447712962115577,-0.017054919085831795,0.03311751811971458
DOGEUSDT,1709820000000,2024,LONG,-0.08580181878570482,0.0835408243106124,1709823600000,0.023948663824035984,0.019217241566541175,0.0753457982476777
DOGEUSDT,1710270000000,2024,SHORT,0.06598182289037359,-0.017508970123356733,1710273600000,0.013691440680014549,-0.003572070238638636,-0.028283525770915818
DOGEUSDT,1710284400000,2024,LONG,-0.05514983115068612,0.001142216297798561,1710288000000,-0.003870319517595191,0.02349318126992253,0.013224113841705014
DOGEUSDT,1710288000000,2024,SHORT,0.001142216297798561,-0.018527849937077855,1710291600000,-0.018209193637074444,-0.03199850303942549,-0.011920788794386798
DOGEUSDT,1710295200000,2024,LONG,-0.0010086500545610079,0.05540473635388722,1710298800000,-0.004286382837153093,0.0006355993626857463,-0.039556010096548924
DOGEUSDT,1710327600000,2024,SHORT,0.020352124727022844,-0.0030425488106210147,1710331200000,0.005291950963455622,0.021517679141697957,0.008303201135416188
DOGEUSDT,1710331200000,2024,LONG,-0.0030425488106210147,0.11342838190239064,1710334800000,-0.015866274543890533,-0.0030703850290193196,-0.016105895943227762
DOGEUSDT,1710352800000,2024,SHORT,0.11499024032399506,-0.016923131750852933,1710356400000,-0.001005708961628599,0.0023110436643653393,-0.1082742895763216
DOGEUSDT,1710385200000,2024,LONG,-0.05790752115438142,0.180465302243674,1710388800000,0.031880416744073506,0.07372431748771517,-0.0016181233304103741
DOGEUSDT,1710500400000,2024,SHORT,0.040488040269816186,-0.01400164688938868,1710504000000,-0.0057100453058961925,-0.010525761225030631,-0.0187451536314229
DOGEUSDT,1710504000000,2024,LONG,-0.01400164688938868,0.04390831239199504,1710507600000,0.021853775785236153,0.0015460254772315545,0.013340498463798763
DOGEUSDT,1710554400000,2024,SHORT,0.06761514157867426,-0.040754962145182774,1710558000000,-0.00018465515701988932,0.005246116028114366,0.059474929011493476
DOGEUSDT,1710997200000,2024,LONG,-0.007682944639993903,0.060385919864339055,1711000800000,0.01174026020910342,0.013387435676240535,0.014900444549550626
DOGEUSDT,1711018800000,2024,SHORT,0.005950963428509807,-0.007368894774667784,1711022400000,-0.008669435619940739,-0.035700723751234544,-0.02533594766145338
DOGEUSDT,1711022400000,2024,LONG,-0.007368894774667784,0.013385986489514827,1711026000000,-0.003537739538796593,0.02250337442806421,0.013575603899186698
DOGEUSDT,1711040400000,2024,SHORT,0.02885105516995748,-0.00849467458300199,1711044000000,0.017172641464306613,-0.005245225768153187,-0.03265833902817907
DOGEUSDT,1711044000000,2024,LONG,-0.00849467458300199,0.029130719718917442,1711047600000,0.01216406370781571,0.03392607265282115,0.08949941814854687
DOGEUSDT,1711062000000,2024,SHORT,0.031041662085963317,-0.012336940996013278,1711065600000,0.0031563039504781706,-0.01474698754204905,-0.0032745863798122137
DOGEUSDT,1711065600000,2024,LONG,-0.012336940996013278,0.07277204691418893,1711069200000,-0.01901841873907295,0.008480071375225884,-0.0032310205814464203
DOGEUSDT,1711119600000,2024,SHORT,0.06773956108300258,-0.0726191631666911,1711123200000,0.0010015023370896325,-0.015494946484036012,-0.0576328499000572
DOGEUSDT,1711123200000,2024,LONG,-0.0726191631666911,0.008206927676172144,1711126800000,0.013072949044966512,0.010432334888456766,0.07102584911930443
DOGEUSDT,1711126800000,2024,SHORT,0.008206927676172144,-0.06191796046577754,1711130400000,0.00032969569386389664,0.0029050594839795463,-0.06130694048571259
DOGEUSDT,1711155600000,2024,LONG,-0.002911576353154976,0.010890724017948362,1711159200000,-0.01366311156796301,-0.005256822767683359,0.01827511668363351
DOGEUSDT,1711854000000,2024,SHORT,0.04087146094026544,-0.018464917295045298,1711857600000,-0.011234965914047322,-0.025779792432424904,-0.052370513780134055
DOGEUSDT,1711872000000,2024,LONG,-0.005175863467811593,0.0066374420625324075,1711875600000,-0.002367436786379451,-0.002367436786379451,0.06749897878225607
DOGEUSDT,1711900800000,2024,SHORT,0.011947409648110942,-0.010343973880002525,1711904400000,-0.006723267526770506,-0.04478807900675291,-0.016515381580371576
DOGEUSDT,1711904400000,2024,LONG,-0.010343973880002525,0.013745887648130204,1711908000000,0.023205691500666693,0.025218224769251184,-0.05485113774128287
DOGEUSDT,1711990800000,2024,SHORT,0.07701572302546086,-0.0009087054616535456,1711994400000,-0.0010817190552273575,-0.00495645720857243,0.07151909380792336
DOGEUSDT,1711994400000,2024,LONG,-0.0009087054616535456,0.03282171299093505,1711998000000,0.014102266061470478,0.006368200222123112,-0.06817182745181775
DOGEUSDT,1712109600000,2024,SHORT,0.05289794377937519,-0.01063229363114785,1712113200000,-0.00295802512188451,-0.0017220970782647518,0.008546598244676016
DOGEUSDT,1712124000000,2024,LONG,-0.0013322175211380987,0.0034324931936578146,1712127600000,-0.007393649267573238,-0.010214372591580489,-0.050337225398561634
DOGEUSDT,1712127600000,2024,SHORT,0.0034324931936578146,-0.019438406177524733,1712131200000,-0.012328886413459425,0.0063581987424922905,0.04935641329895109
DOGEUSDT,1712473200000,2024,LONG,-0.0726499262761987,0.0021438471503196057,1712476800000,-0.0005121376737976531,0.015646750505880807,0.008818713963482381
DOGEUSDT,1712476800000,2024,SHORT,0.0021438471503196057,-0.0050675602199722666,1712480400000,0.005445125694911861,-0.008823661665112812,-0.017972763824225132
DOGEUSDT,1712480400000,2024,LONG,-0.0050675602199722666,0.001860983832408445,1712484000000,0.014116437360999438,0.02598076938624409,0.016703235993496202
DOGEUSDT,1712491200000,2024,SHORT,0.003320260461332882,-0.015457956606811913,1712494800000,-0.011711982026219573,-0.027002266717604702,-0.0033458411016212
DOGEUSDT,1712534400000,2024,LONG,-0.019122526100135394,0.029138855236336754,1712538000000,0.002274853747496244,0.0047964144158497484,0.034422697297077476
DOGEUSDT,1712538000000,2024,SHORT,0.029138855236336754,-0.018770866847581048,1712541600000,0.0044031753707325,-0.0151358575409681,-0.02749451006941684
DOGEUSDT,1712541600000,2024,LONG,-0.018770866847581048,0.041153959380974686,1712545200000,0.00783089358054784,0.023905520853554386,0.030814693085073275
DOGEUSDT,1712548800000,2024,SHORT,0.0103981309649241,-0.002863658656052539,1712552400000,-0.01246293565807624,-0.04505377330480617,-0.0217708551212286
DOGEUSDT,1712631600000,2024,LONG,-0.025456413168475057,0.0034350286220182595,1712635200000,0.00025072082367765756,-0.010080730528356785,-0.047078991147687904
DOGEUSDT,1712635200000,2024,SHORT,0.0034350286220182595,-0.01444711430869338,1712638800000,-0.0035036824470076017,0.014800118615626738,0.05822077450504041
DOGEUSDT,1712646000000,2024,LONG,-0.013277568753433621,0.07059283622831536,1712649600000,-0.004518806399705504,-0.0018253731870987858,-0.041899068784104064
DOGEUSDT,1712764800000,2024,SHORT,0.017702393253952477,-0.00984661923066351,1712768400000,0.01199024543536693,-0.005260773931727593,0.001471894695376093
DOGEUSDT,1712775600000,2024,LONG,-0.017088245682696502,0.00198080407144975,1712779200000,-0.017850920270329185,-0.009360753473878788,-0.0037735893836393797
DOGEUSDT,1712782800000,2024,SHORT,0.01855974904520397,-7.543424590719442e-05,1712786400000,0.0016494642982037434,0.012311403962713338,0.006413168931620496
DOGEUSDT,1712786400000,2024,LONG,-7.543424590719442e-05,0.0185252595207772,1712790000000,-5.002376129712802e-05,-0.008893413722767243,-0.013395305541667742
DOGEUSDT,1712872800000,2024,SHORT,0.017491917424720175,-0.020514386756868456,1712876400000,0.005861199298691885,-0.005011260231499415,-0.025308836805483383
DOGEUSDT,1712898000000,2024,LONG,-0.011708170340592837,0.0013903522028009957,1712901600000,0.0072300360134811125,0.0001007759750929766,-0.06991112039690937
DOGEUSDT,1712952000000,2024,SHORT,0.16966303641237873,-0.031864486899793175,1712955600000,-0.01321934303034603,0.010118130165584554,0.01633260757314304
DOGEUSDT,1712970000000,2024,LONG,-0.05743195164885559,0.08999819127611218,1712973600000,0.0224393254718544,0.03755030762774197,0.03574667077515411
DOGEUSDT,1712973600000,2024,SHORT,0.08999819127611218,-0.020234943555607156,1712977200000,-0.021197255083811307,-0.019983136471395824,-0.005943116730815743
DOGEUSDT,1713038400000,2024,LONG,-0.08518300169565737,0.03164879774560709,1713042000000,0.04365701986256206,0.08475214781019362,0.13534964106174271
DOGEUSDT,1713049200000,2024,SHORT,0.020196284354632252,-0.15269096963991693,1713052800000,0.020193343977803486,0.023006285354418076,0.002230972053948146
DOGEUSDT,1714838400000,2024,LONG,-0.039910712320785545,0.020329947503413017,1714842000000,-0.018069975358697143,-0.005120781156277108,-0.021207921952643854
DOGEUSDT,1714856400000,2024,SHORT,0.0012330058643944773,-0.0018838339013363633,1714860000000,0.01009605983163341,0.027152695704461716,0.004225445919024593
DOGEUSDT,1714860000000,2024,LONG,-0.0018838339013363633,0.009553449012664719,1714863600000,0.0025649862353389332,-0.01438510609972949,0.00499876072131888
DOGEUSDT,1714892400000,2024,SHORT,0.009964758139965493,-0.00406897056096478,1714896000000,0.00371955050370496,0.0050868596042320385,-0.0033358073927747377
DOGEUSDT,1714910400000,2024,LONG,-0.006471259578331358,0.028152863554928055,1714914000000,0.007434513985785614,0.012896973254269329,0.0174674215783657
DOGEUSDT,1714971600000,2024,SHORT,0.0031893212028033108,-0.016517585267856252,1714975200000,-0.006073451999391096,-0.0313774984211012,0.04608936565438369
DOGEUSDT,1715122800000,2024,LONG,-0.08786589098112733,0.023498744723241156,1715126400000,0.004457610255308415,0.009357957787432626,-0.020751266750265226
DOGEUSDT,1715130000000,2024,SHORT,0.02860886632803281,-0.019091539632963027,1715133600000,-0.0001324678767338616,0.007980357575340477,0.0075798235245919205
DOGEUSDT,1715151600000,2024,LONG,-0.0069385762519828045,0.01696680889760883,1715155200000,0.004456756651002934,-0.005905328547661076,-0.0076769289019966
DOGEUSDT,1715176800000,2024,SHORT,0.020938167963572146,-0.009435904141596233,1715180400000,0.008716112840364788,0.007908358353795785,0.019276730890987737
DOGEUSDT,1715191200000,2024,LONG,-0.008774935198810393,0.003464595715046986,1715194800000,-0.013480305740335251,-0.04141933343529544,-0.008242732974086925
DOGEUSDT,1715194800000,2024,SHORT,0.003464595715046986,-0.01627839245558805,1715198400000,0.015880442347454126,0.024230640472656204,0.004237584087104199
DOGEUSDT,1715198400000,2024,LONG,-0.01627839245558805,0.01037560887736573,1715202000000,-0.009259003109280612,0.005666129034285103,0.011848316604393734
DOGEUSDT,1715212800000,2024,SHORT,0.018889441768282462,-0.008966035112798311,1715216400000,-0.011644764778642605,-0.01307387115001306,-0.015179778657005793
DOGEUSDT,1715238000000,2024,LONG,-0.015524458057775564,0.009917752458802371,1715241600000,0.0002054583440435859,-0.0010279253946059396,0.02689533016490703
DOGEUSDT,1715270400000,2024,SHORT,0.01739536822381719,-0.008739515282259887,1715274000000,-0.00594395535906489,-0.018059636210023426,-0.024955300717470135
DOGEUSDT,1715853600000,2024,LONG,-0.005076024414830251,0.00950552983168955,1715857200000,0.0024524052304132652,-0.03184041580808907,-0.0325077053030217
DOGEUSDT,1715904000000,2024,SHORT,0.004898060235784078,-0.00020504076439633803,1715907600000,0.0025914496711341916,0.0073265280436934435,-0.01691107911219537
DOGEUSDT,1716224400000,2024,LONG,-0.00951620964911342,0.006129009480012165,1716228000000,6.528480498495103e-05,0.04300020416344583,0.06312160736286695
DOGEUSDT,1716231600000,2024,SHORT,0.00445081150506564,-0.0692393296695009,1716235200000,-0.0031677674741165006,-0.05030289357522109,-0.04047927446206521
DOGEUSDT,1716256800000,2024,LONG,-0.016473530314667913,0.09425266211597208,1716260400000,0.003923737484548095,0.0023928593802356097,0.042454667986174435
DOGEUSDT,1716292800000,2024,SHORT,0.07754037393504629,-0.010163940853827026,1716296400000,0.007851048266841288,0.011353678818043406,-0.003931814577838425
DOGEUSDT,1716303600000,2024,LONG,-0.03015390639272224,0.02238283699317315,1716307200000,0.010942794636521026,-0.011915343439529106,0.027106431109059963
DOGEUSDT,1716307200000,2024,SHORT,0.02238283699317315,-0.04044153152327697,1716310800000,-0.006343581373384343,0.008781156153066077,0.0032764453103688532
DOGEUSDT,1716318000000,2024,LONG,-0.021189738204841213,0.0011560839284743725,1716321600000,0.014017509443856482,0.03585684399674721,0.022977072424430135
DOGEUSDT,1716325200000,2024,SHORT,0.008267854439769823,-0.0006961794522651879,1716328800000,-0.02648097373394418,-0.034610862056830415,-0.008526531782330534
DOGEUSDT,1716328800000,2024,LONG,-0.0006961794522651879,0.0005974241322470765,1716332400000,0.0004697316744229478,0.0069645908180572475,-0.010805809138825468
DOGEUSDT,1716339600000,2024,SHORT,0.007220295298984778,-0.005961040073725859,1716343200000,0.0012240260322279278,0.020598656748179303,0.04357572917260947
DOGEUSDT,1716346800000,2024,LONG,-0.04222581276253455,0.0018926215750019032,1716350400000,-0.019499554262035416,-0.016044702124158962,-0.00633990970060771
DOGEUSDT,1716465600000,2024,SHORT,0.052467031078105686,-0.03146554278036993,1716469200000,0.03310228922017842,0.02751901195788926,0.031091227707798853
DOGEUSDT,1716469200000,2024,LONG,-0.03146554278036993,0.01340355568763897,1716472800000,-0.006564022558389882,0.0007546220959284385,0.0012573873151665044
DOGEUSDT,1716476400000,2024,SHORT,0.0005186303483461057,-0.009072204735654718,1716480000000,-0.001941201022867115,0.010902896722941997,-0.0008771380801704967
DOGEUSDT,1716494400000,2024,LONG,-0.014502967237388293,0.007974193691968449,1716498000000,0.027302885676794748,0.011111225425070849,0.007526203188597155
DOGEUSDT,1716498000000,2024,SHORT,0.007974193691968449,-0.034397721906573184,1716501600000,0.013809624785078297,0.016883558387141378,0.021480688558917785
DOGEUSDT,1716681600000,2024,LONG,-0.012611320515171207,0.0006770257697655994,1716685200000,0.003951885191989208,0.0036038169671036425,-0.012893573685909132
DOGEUSDT,1716775200000,2024,SHORT,0.022689024311360315,-0.07881005170479975,1716778800000,0.0063461866583354905,0.015214220523357549,-0.027431233189185143
DOGEUSDT,1716818400000,2024,LONG,-0.07985847839133867,0.04144781664908724,1716822000000,0.002088167812142298,-0.013621560474195861,-0.03431810653276632
DOGEUSDT,1716836400000,2024,SHORT,0.018611847395367045,-0.09032451734304381,1716840000000,-0.011778839335046372,-0.012370065555413756,0.019456807139555284
DOGEUSDT,1716930000000,2024,LONG,-0.1160291877722004,0.004357210532528978,1716933600000,-0.006915864832226086,0.0026932415956435027,-0.014001435733144321
DOGEUSDT,1716937200000,2024,SHORT,0.005516844960542755,-0.017778453406097426,1716940800000,-0.00910440101489513,-0.029305907923555134,0.0033976491852981414
DOGEUSDT,1716955200000,2024,LONG,-0.01297134266701539,0.004429335984286705,1716958800000,-0.004781450035136171,-0.025527717686135494,-0.026494777296104687
DOGEUSDT,1716958800000,2024,SHORT,0.004429335984286705,-0.015367419861497294,1716962400000,0.0017766201522532172,0.026804183029352398,0.018331607533997433
DOGEUSDT,1717639200000,2024,LONG,-0.008713327850045716,0.007665504169585037,1717642800000,-0.004967963850128435,-0.010022526790526199,0.0018337413451415638
DOGEUSDT,1717646400000,2024,SHORT,0.0024336146154079964,-0.013445476104451461,1717650000000,0.0044348702191811026,0.0045583422529223115,0.003941134481199424
DOGEUSDT,1718982000000,2024,LONG,-0.04145196584727396,0.02149225538924318,1718985600000,0.0047143060569985705,0.01109997218047885,0.011824872538427388
DOGEUSDT,1718985600000,2024,SHORT,0.02149225538924318,-0.04164306893727481,1718989200000,0.005774016773654004,-0.008960705769590226,-0.008960705769590226
DOGEUSDT,1720904400000,2024,LONG,-0.0027390458713315905,0.0006629591856079268,1720908000000,0.009717902893699787,0.019078621191337714,0.0201328249259724
DOGEUSDT,1720908000000,2024,SHORT,0.0006629591856079268,-0.004376258296812047,1720911600000,0.004000183119736767,0.0035549273129237224,-0.0013298463771102016
DOGEUSDT,1720911600000,2024,LONG,-0.004376258296812047,0.003817793811396882,1720915200000,0.009309815878421808,0.0025799578386878942,0.004532736730143026
DOGEUSDT,1720915200000,2024,SHORT,0.003817793811396882,-0.0070260620534029145,1720918800000,-0.0039631915893091965,-0.0014990523507316593,0.014309447379558854
DOGEUSDT,1720922400000,2024,LONG,-0.02685758301586655,0.031394530423254796,1720926000000,0.0019565996992633706,0.008156796709665466,-0.003388624608714075
DOGEUSDT,1720944000000,2024,SHORT,0.02597388433971029,-0.011233628840996181,1720947600000,-0.0014058520899065297,0.01792099061359608,0.009186532232095255
DOGEUSDT,1720958400000,2024,LONG,-0.019990701540937933,0.01895132389044703,1720962000000,0.0009842080157421464,0.008823193462973552,0.03966475907285951
DOGEUSDT,1720990800000,2024,SHORT,0.01573486303025097,-0.030897658333834604,1720994400000,-0.00043552110788148106,-0.017702634048840576,-0.025461550919898848
DOGEUSDT,1721041200000,2024,LONG,-0.0033024221330236105,0.014688314036240303,1721044800000,0.0022182416740287336,0.012814704153018653,0.06401523768221176
DOGEUSDT,1721044800000,2024,SHORT,0.014688314036240303,-0.00036425877640809456,1721048400000,-0.002043249476394999,-0.024164509818448945,-0.06259782891716412
DOGEUSDT,1721048400000,2024,LONG,-0.00036425877640809456,0.005458773421392461,1721052000000,0.013011335975945369,0.01803520989342791,0.06844278683376871
DOGEUSDT,1721052000000,2024,SHORT,0.005458773421392461,-0.04869255148954364,1721055600000,0.004543167834565931,-0.016236150342248016,-0.05733560884351306
DOGEUSDT,1721106000000,2024,LONG,-0.037714890663841594,0.03199829837842296,1721109600000,-0.012723340118043524,-0.009342033032681805,0.027513601011798384
DOGEUSDT,1721142000000,2024,SHORT,0.03528480749632239,-0.05573870058499091,1721145600000,-0.005003783126058001,-0.000398041640410306,0.00103565036143832
DOGEUSDT,1721232000000,2024,LONG,-0.002811048696549757,0.01938231471131205,1721235600000,8.225375287387944e-05,0.011612822686616571,0.00811047742457859
DOGEUSDT,1721246400000,2024,SHORT,0.008351719971678495,-0.0027673462034040032,1721250000000,0.006771390343942137,-0.003409094210773096,0.013588945190537601
DOGEUSDT,1721250000000,2024,LONG,-0.0027673462034040032,0.006511326732910294,1721253600000,-0.0031973792355404645,0.009125786464492936,-0.005993203768648603
DOGEUSDT,1721264400000,2024,SHORT,0.017603022467465694,-0.005235924675330427,1721268000000,0.0013797023655185909,0.008388696014199929,0.012486390651382533
DOGEUSDT,1721278800000,2024,LONG,-0.01034711531262088,0.002993892379151404,1721282400000,0.005952641216318786,-0.006811400508778857,-0.03039091411491439
DOGEUSDT,1721282400000,2024,SHORT,0.002993892379151404,-0.0019602019281174956,1721286000000,0.012433698014042864,0.011528683348626929,0.03752148292115025
DOGEUSDT,1721286000000,2024,LONG,-0.0019602019281174956,0.003640327827089429,1721289600000,-0.0013178488028691314,0.002958825204564516,-0.02923207975482288
DOGEUSDT,1721300400000,2024,SHORT,0.000931287111484736,-0.0013686674520405567,1721304000000,0.0009031570054368006,0.032784351630188745,0.019641786723306184
DOGEUSDT,1721322000000,2024,LONG,-0.014740599802213327,0.013079501314322521,1721325600000,-0.0010966300816409734,0.003030560447250289,0.011567605935113252
DOGEUSDT,1721332800000,2024,SHORT,0.01103867019300079,-0.0009559014531287974,1721336400000,-0.002019352810733842,0.0002527060620784946,-0.0011784513148320084
DOGEUSDT,1721437200000,2024,LONG,-0.028710510984596774,0.02722854637947769,1721440800000,0.002487663281858269,0.01696913850766518,0.025072719299129
DOGEUSDT,1721455200000,2024,SHORT,0.023619966022494113,-0.030503779692452545,1721458800000,0.006181311493280333,0.012796029682212856,-0.05049734587929023
DOGEUSDT,1721473200000,2024,LONG,-0.025161239214510224,0.03801602185669251,1721476800000,0.0036467457569804057,0.06800225576745872,0.06376385852397241
DOGEUSDT,1721494800000,2024,SHORT,0.012593199007192694,-0.02069324389939335,1721498400000,0.0009636411553308076,0.005944878918810221,0.028787076685717217
DOGEUSDT,1721523600000,2024,LONG,-0.008490767877328685,0.020068049149534292,1721527200000,-0.006467160455680233,-0.017161638355241367,-0.016094646408879223
DOGEUSDT,1721588400000,2024,SHORT,0.0693650144193391,-0.01685667749831199,1721592000000,-0.05080411330798274,-0.046109269003775086,-0.0223716369944012
DOGEUSDT,1721613600000,2024,LONG,-0.03548709974715588,0.0002289678802455922,1721617200000,0.0038953269978063013,-0.020214293057790343,-0.031062202573640937
DOGEUSDT,1721620800000,2024,SHORT,0.004562547039741831,-0.005865230712217104,1721624400000,0.013993231828966597,0.031911088144302144,0.018316316593378953
DOGEUSDT,1721624400000,2024,LONG,-0.005865230712217104,0.010696690534032483,1721628000000,-0.007071246724414301,-0.012735338550169412,0.0171090571976191
DOGEUSDT,1721811600000,2024,SHORT,0.014093715569209514,-0.020928761727875937,1721815200000,0.0006737788014585047,0.004500457641056114,0.03340618796023108
DOGEUSDT,1721822400000,2024,LONG,-0.005213097836799207,0.012195017222681057,1721826000000,0.0055786047426831,-0.003862909556431314,-0.038295831040037996
DOGEUSDT,1721826000000,2024,SHORT,0.012195017222681057,-0.0007824148510604477,1721829600000,-0.0054728929198408285,0.007924868827536992,0.06723849919062544
DOGEUSDT,1721854800000,2024,LONG,-0.014606649082488333,0.001005394493952325,1721858400000,-0.007456345225340805,-0.03833276887145045,-0.032800140397948194
DOGEUSDT,1721865600000,2024,SHORT,0.01033964211151202,-0.010541863330255374,1721869200000,0.0232855118977112,0.025942411331112677,0.031520662587995144
DOGEUSDT,1721869200000,2024,LONG,-0.010541863330255374,0.025738906936500692,1721872800000,-0.010508543878208756,-0.008073675375533673,-0.0048363789257424294
DOGEUSDT,1721883600000,2024,SHORT,0.010857908421074244,-0.009313730430761983,1721887200000,-0.006061359326410446,-0.01368671232413245,-0.010563336541864192
DOGEUSDT,1721908800000,2024,LONG,-0.03438680491571364,0.002462116839811182,1721912400000,0.0033183632894448747,0.009360190988955517,0.02908250022557626
DOGEUSDT,1721919600000,2024,SHORT,0.003477161803476075,-0.003526118478568085,1721923200000,-0.0036207144193496827,0.016334522706002434,-0.03617474654565265
DOGEUSDT,1721930400000,2024,LONG,-0.007058793137282443,0.007491200668114015,1721934000000,0.0013117981712240739,0.02239081130182184,0.06009845464243658
DOGEUSDT,1721937600000,2024,SHORT,0.010536323959863796,-0.01889309856237546,1721941200000,-0.011664988874074862,-0.027219623568108548,-0.04779551897911807
DOGEUSDT,1722092400000,2024,LONG,-0.046120680307932184,0.002114932570761113,1722096000000,-0.011364608295418332,0.011751363936930373,-0.03788044748499438
DOGEUSDT,1722106800000,2024,SHORT,0.018111352674784816,-0.03432626476499381,1722110400000,0.019065152218646488,0.03499422491667945,0.04232641998948861
DOGEUSDT,1722124800000,2024,LONG,-0.01084441156710957,0.007435052531610444,1722128400000,-0.00505051578606848,-0.017090485261000342,0.0009155413777536561
DOGEUSDT,1722132000000,2024,SHORT,0.011345774873727742,-0.011726603584255993,1722135600000,0.006081385895303718,0.001536098612339895,0.005849770376028512
DOGEUSDT,1722135600000,2024,LONG,-0.011726603584255993,0.023154505069973356,1722139200000,-0.005574927330916871,0.007231913347241892,-0.0008497161686956375
DOGEUSDT,1722168000000,2024,SHORT,0.0011137581987477616,-0.0008793724588774095,1722171600000,0.002213825859318641,0.012970748637926641,0.0033608342052970867
DOGEUSDT,1722200400000,2024,LONG,-0.03455511262926219,0.0025020929693035966,1722204000000,-0.00023229703151426832,0.01147004607654707,0.043778289309204986
DOGEUSDT,1722204000000,2024,SHORT,0.0025020929693035966,-0.005953606261790587,1722207600000,-0.0064070619423393016,-0.038660595871533136,-0.03784070986428868
DOGEUSDT,1723183200000,2024,LONG,-0.005236842676839671,0.018393144607454302,1723186800000,0.0010493680905709164,-0.003825193532913142,-0.014904838644292439
DOGEUSDT,1723190400000,2024,SHORT,0.007537071850293626,-0.0013299378200965152,1723194000000,0.007325343131066805,0.01364720326635317,0.015570835676401076
DOGEUSDT,1723197600000,2024,LONG,-0.0011000507986266303,0.015195398271873094,1723201200000,0.00019158923327115658,-0.011659973102982637,-0.005572115483478868
DOGEUSDT,1723233600000,2024,SHORT,0.0037699813940990077,-0.004362899984997711,1723237200000,-0.0022118583812031803,0.0028924046389326927,-0.003747662100239749
DOGEUSDT,1723309200000,2024,LONG,-0.0017676675939158715,0.00394431280023935,1723312800000,-0.003319898709670283,-0.0028449521322312507,0.030036769785618204
DOGEUSDT,1723323600000,2024,SHORT,0.004140444915544312,-0.0013662150062634137,1723327200000,0.0006650515660068264,-0.02225966526414333,-0.029939554965691395
DOGEUSDT,1723327200000,2024,LONG,-0.0013662150062634137,0.0006086478595103801,1723330800000,-0.0010459754673981271,0.036303151364346156,0.03446845678493394
DOGEUSDT,1723330800000,2024,SHORT,0.0006086478595103801,-0.007643929218824847,1723334400000,-0.00975063341296469,-0.04410427317817394,-0.02182999747868167
DOGEUSDT,1723345200000,2024,LONG,-0.015876392374651126,0.009707741931478407,1723348800000,-0.012917590641590862,-0.001184024911766667,-0.04925449915448973
DOGEUSDT,1723359600000,2024,SHORT,0.010650176869750923,-0.010025555919806434,1723363200000,0.004200919420053632,0.021090250787725653,0.06397365746423968
DOGEUSDT,1723366800000,2024,LONG,-0.0022842773305237134,0.0016239404605239843,1723370400000,0.003771680107080881,-0.01860518783103447,-0.06462454634300945
DOGEUSDT,1723384800000,2024,SHORT,0.019175978964281856,-0.018651150235271443,1723388400000,0.0018151426048889463,0.0014327334224084937,0.025520959774866042
DOGEUSDT,1723413600000,2024,LONG,-0.009518752987538084,0.0053176722979673356,1723417200000,-0.007531499281377173,0.008258821891301723,0.03501982570354552
DOGEUSDT,1723420800000,2024,SHORT,0.00467913889019894,-0.019500170953840965,1723424400000,-0.0052332876781554915,-0.005824013303288533,-0.043965252453236896
DOGEUSDT,1723543200000,2024,LONG,-0.0023991876806629384,0.002979203680080549,1723546800000,0.003363285734149405,0.015378305833680824,0.02396691037119991
DOGEUSDT,1723546800000,2024,SHORT,0.002979203680080549,-0.0031826379064794114,1723550400000,-0.003829954892298801,-0.008216345066315819,-0.01956935253131257
DOGEUSDT,1723561200000,2024,LONG,-0.004465457743689596,7.315219770750666e-05,1723564800000,0.02062317076574945,0.0037038838108120263,0.0059763968615296915
DOGEUSDT,1723564800000,2024,SHORT,7.315219770750666e-05,-0.015785517660544843,1723568400000,0.0028935475455507463,0.019196976086164046,0.014552197841350601
DOGEUSDT,1723593600000,2024,LONG,-0.017852634201993883,0.00986430351366341,1723597200000,-0.01095487393400897,-0.006880004519210629,-0.007542224873575303
DOGEUSDT,1723597200000,2024,SHORT,0.00986430351366341,-0.0034534216750428588,1723600800000,-0.0038857083435825373,-0.003223362669559724,0.02529102538956622
DOGEUSDT,1724274000000,2024,LONG,-0.0009385004416877387,0.018043486081458487,1724277600000,-0.003851759189235742,-0.006773946308954805,-0.007246067558459036
DOGEUSDT,1724637600000,2024,SHORT,0.012185355473112369,-0.027255333953898068,1724641200000,-0.0014650675635836659,0.005052603647693563,0.01635215890162681
DOGEUSDT,1725159600000,2024,LONG,-0.010998511158060663,0.00018339737530445079,1725163200000,-0.0027974840903657776,-0.005703152183516332,-0.01771561177706409
DOGEUSDT,1725163200000,2024,SHORT,0.00018339737530445079,-0.009524164975775589,1725166800000,0.01299177344743465,0.004814452629466355,0.02318034859337107
DOGEUSDT,1725552000000,2024,LONG,-0.0013771322611129556,0.005552143240514703,1725555600000,0.00782802757080266,-0.0006125574464128071,0.004582259430691368
DOGEUSDT,1725627600000,2024,SHORT,0.004640936813532465,-0.0005240930345946919,1725631200000,0.011175656640962803,0.03891042370105234,0.037167883508437055
DOGEUSDT,1725811200000,2024,LONG,-0.0005246399495836051,0.009587251867514341,1725814800000,0.00937391665741976,0.007905179507113247,0.020943173845243173
DOGEUSDT,1725814800000,2024,SHORT,0.009587251867514341,-0.0013738803187313788,1725818400000,0.00020970955303871056,-0.00020966558416249612,-0.007624455965114669
DOGEUSDT,1725818400000,2024,LONG,-0.0013738803187313788,0.002085756708860444,1725822000000,-0.0009443366737138245,0.0027230850509265343,0.01674419027457616
DOGEUSDT,1725829200000,2024,SHORT,0.01791619202610282,-0.006392262622870217,1725832800000,-0.0021988386431139473,-0.017868748856947357,-0.02556148898348731
DOGEUSDT,1725847200000,2024,LONG,-0.028807878876176418,0.0043610887174888955,1725850800000,-0.002988306618658678,-0.0023693031943748635,0.0008227913659696432
DOGEUSDT,1725850800000,2024,SHORT,0.0043610887174888955,-0.00461660817295914,1725854400000,0.004136510551780279,-0.002061856400558777,-0.01992403071990538
DOGEUSDT,1725854400000,2024,LONG,-0.00461660817295914,0.009017653104211954,1725858000000,-0.004153261083851605,0.011128399234325017,0.0718554853164369
DOGEUSDT,1725868800000,2024,SHORT,0.01593983710049529,-0.004095856445462256,1725872400000,-0.0028650382843583982,-0.005008443034531448,-0.06448088037400722
DOGEUSDT,1725876000000,2024,LONG,-0.00179473007561189,0.006352929501946836,1725879600000,-0.006721002896655175,-0.012870453453034355,0.04737310652697079
DOGEUSDT,1726452000000,2024,SHORT,0.029674427403281665,-0.014594566761118736,1726455600000,-0.011003828503293843,-0.012678458259770872,0.003995211067288443
DOGEUSDT,1726750800000,2024,LONG,-0.003228473510487847,0.0023413287016121396,1726754400000,0,0.015147501588471534,-0.004685192870234707
DOGEUSDT,1726761600000,2024,SHORT,0.008288486054981005,-0.016180050554919608,1726765200000,0.0029084788528459062,0.007239935719054237,0.0005622715919852466
DOGEUSDT,1726779600000,2024,LONG,-0.009295725240509069,0.010946855876496025,1726783200000,0.001808921329173805,-0.005733960664319027,0.017100893850168147
DOGEUSDT,1727640000000,2024,SHORT,0.008497103196174211,-0.003636275155872551,1727643600000,-0.00047188361080100665,0.02436620268348917,0.040782662379991806
DOGEUSDT,1727643600000,2024,LONG,-0.003636275155872551,0.0027346532721487468,1727647200000,-0.010830573476222028,-0.0387176159505809,-0.056446383738154415
DOGEUSDT,1727798400000,2024,SHORT,0.01822053354271393,-0.005790712161450447,1727802000000,0.012721410498641122,0.02523090895268971,0.013371032348780077
DOGEUSDT,1727802000000,2024,LONG,-0.005790712161450447,0.025101218755639112,1727805600000,0.0002783060456758776,-0.0022292411238186154,-0.0009282466089329363
DOGEUSDT,1727827200000,2024,SHORT,0.010064341711480794,-0.004424617551543033,1727830800000,-0.0061253091746301565,-0.0027888834660847422,0.026411646534848267
DOGEUSDT,1728482400000,2024,LONG,-0.0027036439031167064,0.0035452420063297324,1728486000000,0.015861772846340178,-0.0012872381328747158,-0.008952941798889292
DOGEUSDT,1728486000000,2024,SHORT,0.0035452420063297324,-0.002684273127095926,1728489600000,0.008720985505444652,0.013293467180334648,0.02481698718419444
DOGEUSDT,1728489600000,2024,LONG,-0.002684273127095926,0.009205860329461876,1728493200000,0.0028247319342748533,-0.031516187059546674,-0.014614902351081179
DOGEUSDT,1728493200000,2024,SHORT,0.009205860329461876,-0.010602470272866848,1728496800000,0.0110710678344802,0.019664329307467178,0.014758047769287616
DOGEUSDT,1728496800000,2024,LONG,-0.010602470272866848,0.0005657347916398224,1728500400000,0.003765099263929663,-0.011288054722033583,-0.006461163330427099
DOGEUSDT,1728504000000,2024,SHORT,0.0025458183926483587,-0.010942603316023694,1728507600000,-0.01458242329426993,-0.014953549667058258,-0.00047069899668770126
DOGEUSDT,1728511200000,2024,LONG,-0.006130589607280073,0.009180864671302332,1728514800000,0.0039008129708539073,0.003715404608405569,-0.006816404374801816
DOGEUSDT,1728518400000,2024,SHORT,0.0065642640939493815,-0.003871530304376262,1728522000000,0.002228827074232876,-0.0018535686493228347,0.016838564362829708
DOGEUSDT,1728622800000,2024,LONG,-0.035590461507320176,0.0030680239560221746,1728626400000,0.0009291090513212319,0.00777781698709579,0.031835838968364664
DOGEUSDT,1728626400000,2024,SHORT,0.0030680239560221746,-0.008156020737633938,1728630000000,-9.286344437188386e-05,-0.009151901178342525,-0.027750303974957882
DOGEUSDT,1728651600000,2024,LONG,-0.0019070443609360984,0.0057184067239587685,1728655200000,0.0028517566817531244,0.022859699489160484,0.022409391020254958
DOGEUSDT,1728655200000,2024,SHORT,0.0057184067239587685,-0.004235302267595755,1728658800000,-0.009325355565744169,-0.01675965997828684,-0.009416351516487153
DOGEUSDT,1728658800000,2024,LONG,-0.004235302267595755,0.022003551315529137,1728662400000,0.0008186656208359037,0.010320569607341653,-0.002004008686715143
DOGEUSDT,1728892800000,2024,SHORT,0.013868481351878317,-0.003967033988532202,1728896400000,-0.005324826213063882,-0.006651614254323381,-0.02928749442388227
DOGEUSDT,1728903600000,2024,LONG,-0.002337473979092755,0.0111261056749143,1728907200000,0.0017694422027964866,0.023454299951651495,0.03232411052476895
DOGEUSDT,1728914400000,2024,SHORT,0.0222807510827333,-0.0010274029517164554,1728918000000,-0.006508462251079947,-0.0006092519445167427,-0.028410270214773683
DOGEUSDT,1728918000000,2024,LONG,-0.0010274029517164554,0.00016121237522404743,1728921600000,-0.007728080835920091,-0.000432582089195843,0.005950601837388299
DOGEUSDT,1728928800000,2024,SHORT,0.007801771040194477,-0.007596129158016571,1728932400000,-0.005466628217367022,-0.022625594170049165,-0.010817465183719049
DOGEUSDT,1728932400000,2024,LONG,-0.007596129158016571,0.000966654908676574,1728936000000,0.0013836045098998724,0.00930239266231341,0.002506375280350773
DOGEUSDT,1729857600000,2024,SHORT,0.01430380915448229,-0.011109116929148524,1729861200000,-0.0004331504543611036,0.016453487076656993,0.04346104310286428
DOGEUSDT,1729875600000,2024,LONG,-0.012104616332899807,0.002429522945442169,1729879200000,0.0005959031833694142,0.015819371881882947,-0.002237804902239696
DOGEUSDT,1729904400000,2024,SHORT,0.03978827026070672,-0.026634694272069222,1729908000000,-0.006563336902483123,-0.013457331984886004,-0.010540678830990923
DOGEUSDT,1729994400000,2024,LONG,-0.02745367936824847,0.01124775512922001,1729998000000,-0.00043437342317671215,0.00028947749514635014,0.01029712068624348
DOGEUSDT,1730142000000,2024,SHORT,0.060635680721408645,-0.005892699242772297,1730145600000,0.008688813185703812,-0.01901483359791842,-0.03937614048160427
DOGEUSDT,1730145600000,2024,LONG,-0.005892699242772297,0.019475754276504612,1730149200000,0.008574002846567933,0.06121290750194302,0.044638937767363614
DOGEUSDT,1730469600000,2024,SHORT,0.01311201498394479,-0.004284131818273167,1730473200000,0.04504105064061734,0.04065700153208289,0.02879166586868134
DOGEUSDT,1730473200000,2024,LONG,-0.004284131818273167,0.04428108812646378,1730476800000,0.013032953471744928,0.006319432887302677,0.012537198364609266
DOGEUSDT,1730592000000,2024,SHORT,0.006714413703746798,-0.011357793666724366,1730595600000,0.011438189819218477,0.03570190982133094,0.05740137679303165
DOGEUSDT,1730599200000,2024,LONG,-0.011280520378525196,0.03857790369254735,1730602800000,0.0031351124635050067,0.013405204388652394,-0.02633245184910363
DOGEUSDT,1730602800000,2024,SHORT,0.03857790369254735,-0.0007556191200983677,1730606400000,-0.01132349946392528,-0.01092834666637053,0.02953416216152269
DOGEUSDT,1730606400000,2024,LONG,-0.0007556191200983677,0.001154253348873189,1730610000000,-0.009925968207949897,0.00013168290774891932,-0.03969228017393166
DOGEUSDT,1730610000000,2024,SHORT,0.001154253348873189,-0.00612800616921066,1730613600000,-0.00880596282025771,0.0008649080742758861,0.026005238021007116
DOGEUSDT,1730617200000,2024,LONG,-0.0013962935301622167,0.0013495721833058894,1730620800000,0.0005268357053037332,-0.022448902752226944,-0.020026616545632307
DOGEUSDT,1730624400000,2024,SHORT,0.0007400758459417365,-0.010646633570417837,1730628000000,-0.0021940768749992446,0.026711422178772405,-0.009341218674637327
DOGEUSDT,1730638800000,2024,LONG,-0.012584586829932418,0.022909272590671777,1730642400000,-0.0032869987822664003,0.001639456614224726,0.03783401132057417
DOGEUSDT,1730667600000,2024,SHORT,0.050343584432382536,-0.00537282092299424,1730671200000,0.002310613340280021,-0.0017130060849810573,-0.000988630826939435
DOGEUSDT,1730671200000,2024,LONG,-0.00537282092299424,0.010725369936455452,1730674800000,0,0.013785173003273978,0.030657482492793334
DOGEUSDT,1730689200000,2024,SHORT,0.024115830400373822,-0.01987968260217715,1730692800000,-0.0009888915332685456,0.005555937302663241,-0.041979559228563494
DOGEUSDT,1730700000000,2024,LONG,-0.003148334651659175,0.003624774985664007,1730703600000,-0.010031101072772507,0.024069409385937483,0.02809973822697104
DOGEUSDT,1730707200000,2024,SHORT,0.00015732474005184237,-0.0005043601000426952,1730710800000,-0.008600780772599122,-0.043937402374439674,-0.04094424618342875
DOGEUSDT,1730710800000,2024,LONG,-0.0005043601000426952,0.022038851946682283,1730714400000,0.027358020610769196,0.027998840882618524,0.0014483215171603012
DOGEUSDT,1730714400000,2024,SHORT,0.022038851946682283,-0.006052443381256101,1730718000000,-0.006262801656338354,0.003918173108502543,-0.010839177786718187
DOGEUSDT,1730952000000,2024,LONG,-0.02145679271313017,0.01168131447049118,1730955600000,-0.0009287447135777172,-0.0029439889041954037,-0.00041266894220206955
DOGEUSDT,1731002400000,2024,SHORT,0.029679069237865653,-0.003471136589863177,1731006000000,0.004531185343973627,0.01631526543576396,-0.03070782800170222
DOGEUSDT,1731006000000,2024,LONG,-0.003471136589863177,0.006105125540558166,1731009600000,-0.0060560758607270775,-0.002273197920398683,0.030943660249592296
DOGEUSDT,1731009600000,2024,SHORT,0.006105125540558166,-0.010015316542610026,1731013200000,-0.002488982358316365,-0.011049265654726668,-0.02213013579386894
DOGEUSDT,1731020400000,2024,LONG,-0.024523388969779517,0.0035962467848065774,1731024000000,0.007266387714398261,0.007882372539583522,0.0170260523155507
DOGEUSDT,1731024000000,2024,SHORT,0.0035962467848065774,-0.029859129866672593,1731027600000,0.007007809376650513,-0.0014879809821036925,-0.0210855011090688
DOGEUSDT,1731038400000,2024,LONG,-0.00570618805837711,0.008272567675032705,1731042000000,0.02291143861025573,0.009644162005512892,-0.011240708230250383
DOGEUSDT,1731049200000,2024,SHORT,0.0010235194777263902,-0.004451952534888754,1731052800000,0.014819566543643433,0.016140772081633198,0.013449390490048745
DOGEUSDT,1731088800000,2024,LONG,-0.009382409315786058,0.0033294618739273963,1731092400000,0.0035052996342785476,0.03931857487474697,0.04293274242298921
DOGEUSDT,1731103200000,2024,SHORT,0.0074813106038188895,-0.0014557977617063855,1731106800000,0.01161373222823533,0.024967859626322392,-0.02187360375727161
DOGEUSDT,1731128400000,2024,LONG,-0.004828930483384077,0.0053113166770160265,1731132000000,0.013448055430691311,0.042184836552661094,0.02237841957615981
DOGEUSDT,1731258000000,2024,SHORT,0.010817000645652676,-0.02508430862730738,1731261600000,-0.022010893156528315,0.004350076903257606,-0.02165098672831373
DOGEUSDT,1731265200000,2024,LONG,-0.028785904332781855,0.006988746479319229,1731268800000,-0.047243373451133455,0.024106326980557122,0.037366229262844206
DOGEUSDT,1731276000000,2024,SHORT,0.011291502588615408,-0.015932413828293537,1731279600000,-0.0011519909114727856,-0.05905968622557658,-0.03851113548850866
DOGEUSDT,1731290400000,2024,LONG,-0.012741028809605648,0.043128834830408615,1731294000000,-0.0043897778624212794,-0.05385031196297871,-0.010821988351738102
DOGEUSDT,1731366000000,2024,SHORT,0.014554793505292724,-0.0005401415224792844,1731369600000,-0.03576046419850064,-0.03359171257634107,-0.11894131805643
DOGEUSDT,1731380400000,2024,LONG,-0.005676549097850671,0.12189695235808007,1731384000000,0.07474773102962833,0.12435125374683509,0.02258156086401633
DOGEUSDT,1731502800000,2024,SHORT,0.017854291196337496,-0.005435785727987376,1731506400000,-0.06631590790387988,-0.022022712571244028,0.010355702677769295
DOGEUSDT,1731524400000,2024,LONG,-0.018922194014639265,0.0031460710489775094,1731528000000,0.009713215005502035,0.03787335169885831,0.03513798981664564
DOGEUSDT,1731528000000,2024,SHORT,0.0031460710489775094,-0.010157507982487922,1731531600000,0.01501053971211676,-0.007523948956063563,-0.03243554996432022
DOGEUSDT,1731531600000,2024,LONG,-0.010157507982487922,0.00413203156248434,1731535200000,0.02151010212773834,0.027662710857418733,0.048542188935778
DOGEUSDT,1731538800000,2024,SHORT,0.0013046502553518138,-0.011468710234529675,1731542400000,0.020610411551908934,0.03180124647599288,0.007344651574160106
DOGEUSDT,1731549600000,2024,LONG,-0.02613411076200228,0.018098039610856684,1731553200000,-0.006703820485908295,-0.010695841755445716,-0.0015173143879787779
DOGEUSDT,1731585600000,2024,SHORT,0.01178067159438047,-0.01269259387054876,1731589200000,-0.030959437931241587,-0.0158245503469715,0.06807349627089043
DOGEUSDT,1731589200000,2024,LONG,-0.01269259387054876,0.024224021389965756,1731592800000,-0.044177573037000865,-0.02637279701107387,-0.0901009200741836
DOGEUSDT,1731592800000,2024,SHORT,0.024224021389965756,-0.010074538408436437,1731596400000,0.011362140998617458,-0.009451551475981694,0.03934116202622625
DOGEUSDT,1731600000000,2024,LONG,-0.015032528824832938,0.002078188013535374,1731603600000,-0.011212909114298498,-0.0379884418857111,-0.109957290423725
DOGEUSDT,1731603600000,2024,SHORT,0.002078188013535374,-0.0010940940874998972,1731607200000,0.008251186104760543,0.02133802705723752,0.07874564693412452
DOGEUSDT,1731610800000,2024,LONG,-0.009212679461022562,0.007068877076075242,1731614400000,-0.025384025798074628,-0.08550725416836505,-0.07598324195646185
DOGEUSDT,1731614400000,2024,SHORT,0.007068877076075242,-0.016286453797693702,1731618000000,-0.005412908338207815,0.045858635452559804,0.04035465626271007
DOGEUSDT,1731625200000,2024,LONG,-0.018394784146914603,0.03574954251256194,1731628800000,0.014238623950645003,0.022739406096059726,0.028947351215508038
DOGEUSDT,1731632400000,2024,SHORT,0.005374303470384573,-0.0009143406782673558,1731636000000,-0.006633657113088423,0.015068090214067688,0.00040427453486319533
DOGEUSDT,1731844800000,2024,LONG,-0.007866184244022386,0.02042473620131168,1731848400000,-0.016484565681679237,-0.0031229234195409732,-0.017642930861676225
DOGEUSDT,1731848400000,2024,SHORT,0.02042473620131168,-0.001056584354081239,1731852000000,0.004309398934305891,-0.013089980702860816,-0.018516518872720978
DOGEUSDT,1731855600000,2024,LONG,-0.0032649647395786,0.0015022634122442522,1731859200000,0.011131434424108317,-0.011340185142222424,0.02394103558545881
DOGEUSDT,1731877200000,2024,SHORT,0.015014015039655097,-0.0030801417325091634,1731880800000,-0.014226181347308428,-0.03752283725266209,-0.04254322621502451
DOGEUSDT,1731884400000,2024,LONG,-0.0025136756573409455,0.058128603473256976,1731888000000,-0.01370372528971386,0.013625883313771835,-0.011636156426800423
DOGEUSDT,1731913200000,2024,SHORT,0.0168746505323426,-0.006179859788387857,1731916800000,-0.00047932256662926257,0.03336531333795204,0.021320932545373993
DOGEUSDT,1731916800000,2024,LONG,-0.006179859788387857,0.0007453592302621133,1731920400000,-0.01127111858405924,-0.030709265437147734,-0.009227008135884828
DOGEUSDT,1731920400000,2024,SHORT,0.0007453592302621133,-0.017967362966898708,1731924000000,-0.0026082645636877214,0.03242551199902001,-0.005584656748516483
DOGEUSDT,1731942000000,2024,LONG,-0.03681259696597675,0.023887932053996377,1731945600000,-0.016883327407266106,-0.028380971956098983,-0.0025157245972473583
DOGEUSDT,1731956400000,2024,SHORT,0.0018975860553958432,-0.0002651791447899461,1731960000000,-0.01259986927229311,-0.010609604770877997,-0.05566985909670117
DOGEUSDT,1731960000000,2024,LONG,-0.0002651791447899461,0.013624206998420053,1731963600000,0.003486753881174407,-0.001721031968082214,0.032799356583118784
DOGEUSDT,1731974400000,2024,SHORT,0.015991553704617623,-0.02463372585188887,1731978000000,0.003558914514008257,-0.04071433451046178,-0.053908560367955584
DOGEUSDT,1731981600000,2024,LONG,-0.023024964075225342,0.008655540543902612,1731985200000,0.009055861594743682,0.04163611119785865,0.03937506193037367
DOGEUSDT,1732060800000,2024,SHORT,0.07757846327473943,-0.0034401798205464847,1732064400000,0.0016332459850502711,0.0013997617506609102,0.004647487951269458
DOGEUSDT,1732071600000,2024,LONG,-0.012943578966502934,0.01736847631756693,1732075200000,0.005071070718683405,0.016753235681437738,0.024237210792186745
DOGEUSDT,1732082400000,2024,SHORT,0.042176165102405905,-0.0011871012577392192,1732086000000,-0.007256291005898906,-0.008460570185459492,0.03570023995637122
DOGEUSDT,1732086000000,2024,LONG,-0.0011871012577392192,0.004886100611320425,1732089600000,0.0067966636170456235,-0.0013340860924728089,-0.04673735517994582
DOGEUSDT,1732093200000,2024,SHORT,0.006612581789376658,-0.018298019008553885,1732096800000,-0.0018710997526005806,0.00015394483673762384,0.03623272435769561
DOGEUSDT,1732161600000,2024,LONG,-0.04177609126541846,0.030029698187069603,1732165200000,-0.007861900096978177,-0.004273566120287033,-0.008721891028865742
DOGEUSDT,1732165200000,2024,SHORT,0.030029698187069603,-0.017404150177359582,1732168800000,-0.0005468678929535243,0.006454754356431839,-0.011164328313945196
DOGEUSDT,1732194000000,2024,LONG,-0.021499885555977736,0.012708968541719413,1732197600000,-0.001341554856659971,0.000876198386125637,-0.012400283413863653
DOGEUSDT,1732197600000,2024,SHORT,0.012708968541719413,-0.01096798950673204,1732201200000,0.01760599686476904,0.0040873401274543275,-0.02523712833891371
DOGEUSDT,1732240800000,2024,LONG,-0.06954953637998487,0.10199409839379957,1732244400000,-0.007834257910908112,-0.009586394568705851,-0.005831950787661771
DOGEUSDT,1732557600000,2024,SHORT,0.009794904414102341,-0.00022630784511342295,1732561200000,-0.0026531462766972887,0.022878661416937906,-0.003890525171460821
DOGEUSDT,1732561200000,2024,LONG,-0.00022630784511342295,0.005144041473346623,1732564800000,0.0019296428727645161,-0.027591593034537853,-0.013989380938222785
DOGEUSDT,1732564800000,2024,SHORT,0.005144041473346623,-0.01761176258375687,1732568400000,0.01856062861565916,0.012035156208149884,0.03870475552152654
DOGEUSDT,1732572000000,2024,LONG,-0.02982907376963396,0.00818784805870228,1732575600000,-0.0020343817412111593,0.03403957012888307,-0.041310080623673175
DOGEUSDT,1732593600000,2024,SHORT,0.06448680981997969,-0.011804298213509113,1732597200000,-0.005117239990478493,0.04080349581362256,0.04208894216899403
DOGEUSDT,1732618800000,2024,LONG,-0.0032725387742521066,0.05389006803623071,1732622400000,-0.01436530096813977,0.005788995958348721,0.026474981312171957
DOGEUSDT,1732708800000,2024,SHORT,0.008236406428160618,-0.02470292611018291,1732712400000,-0.015277174642089308,-0.02361746465397698,-0.04524661765182976
DOGEUSDT,1732712400000,2024,LONG,-0.02470292611018291,0.0045895920523259795,1732716000000,0.006136377176111583,0.014624756691465731,0.038355849703623456
DOGEUSDT,1732723200000,2024,SHORT,0.028551816656931392,-0.0003109351715473219,1732726800000,-0.006309483878903994,-0.00956087354658991,-0.026367991862971178
DOGEUSDT,1732726800000,2024,LONG,-0.0003109351715473219,0.001108597069617306,1732730400000,-0.0023894279233124685,-0.001119333491658527,0.012304350520367942
DOGEUSDT,1732730400000,2024,SHORT,0.001108597069617306,-0.004124553451280875,1732734000000,-0.005863953591826787,-0.0036317544457580065,-0.011619827241494926
DOGEUSDT,1732734000000,2024,LONG,-0.004124553451280875,0.0072325857697524785,1732737600000,-0.00017344119767460721,-0.005789339464982038,-0.0011155043855756277
DOGEUSDT,1732737600000,2024,SHORT,0.0072325857697524785,-0.0052632922829099855,1732741200000,0.004420280856904066,-0.012043738953029218,-0.004647491802309619
DOGEUSDT,1732752000000,2024,LONG,-0.009071458642017109,0.0027512550193212527,1732755600000,0.008386406693883361,0.004713821665792467,-0.018781286971167002
DOGEUSDT,1732809600000,2024,SHORT,0.0007275744648445712,-0.001849063354274504,1732813200000,-0.0015909696904861663,-0.0034313140768938493,-0.025329181033575
DOGEUSDT,1732813200000,2024,LONG,-0.001849063354274504,0.0011760593609173998,1732816800000,0.009318046599097877,0.010217619362727515,0.02090041995330874
DOGEUSDT,1733821200000,2024,SHORT,0.011866924843745665,-0.0073458284973816936,1733824800000,-0.0035967765032041605,0.026070954090884703,0.045602233543701715
DOGEUSDT,1733824800000,2024,LONG,-0.0073458284973816936,0.010913796894541658,1733828400000,-0.006693546878937462,-0.027396278759426736,-0.04835844911406177
DOGEUSDT,1733828400000,2024,SHORT,0.010913796894541658,-0.00028958058277892495,1733832000000,0.037268921765641144,0.09376551037483571,0.03924806529055949
DOGEUSDT,1733832000000,2024,LONG,-0.00028958058277892495,0.012559217248352007,1733835600000,0.014270316535133548,-0.01878109600504115,-0.01633033568800868
DOGEUSDT,1733835600000,2024,SHORT,0.012559217248352007,-0.003350653114559469,1733839200000,-0.0022714518346620906,0.08693641166105913,0.06051998426442083
DOGEUSDT,1733842800000,2024,LONG,-0.00018916774527460287,0.03437206170292141,1733846400000,0.037715492604153536,0.03165314081613578,0.0456650077188069
DOGEUSDT,1733860800000,2024,SHORT,0.009536487672518358,-0.013608633079348878,1733864400000,-0.006750044805490584,0.004319327964834432,-0.016563367633634633
DOGEUSDT,1733878800000,2024,LONG,-0.017652397586979746,0.03427371233706442,1733882400000,0.028758441624004424,0.038334034320113286,0.07530190710670863
DOGEUSDT,1733918400000,2024,SHORT,0.0009653036691396324,-0.01924070652894696,1733922000000,-0.007736552213966363,-0.020580294145267356,-0.01595110743592552
DOGEUSDT,1733979600000,2024,LONG,-0.01401659311213069,0.05104691725763339,1733983200000,-0.0023441621986464993,-0.009168651018594601,-0.007674818820984792
DOGEUSDT,1734102000000,2024,SHORT,0.02112577416374035,-0.010324337964621764,1734105600000,-0.007446750806455283,-0.002504930564151289,-0.017721359652883305
DOGEUSDT,1734134400000,2024,LONG,-0.010507673836522596,0.0042086024268075785,1734138000000,0.0074071696519947845,0.005285967817976306,-0.015977783513796823
DOGEUSDT,1734177600000,2024,SHORT,0.05346276122602756,-0.00011666453883666271,1734181200000,0.014540870724029964,0.012392913615418812,0.013731686438739815
DOGEUSDT,1734181200000,2024,LONG,-0.00011666453883666271,0.018238992935932917,1734184800000,0.00904071935490616,-0.009480671365361255,0.010293412809295823
DOGEUSDT,1734184800000,2024,SHORT,0.018238992935932917,-0.005662004160131458,1734188400000,0.004623356142428049,0.02538851774965921,0.0009781668930571004
DOGEUSDT,1734188400000,2024,LONG,-0.005662004160131458,0.006456858816176343,1734192000000,-0.0022692899299690443,-0.012213814918380632,-0.0009323070232957204
DOGEUSDT,1734192000000,2024,SHORT,0.006456858816176343,-0.01210558752357483,1734195600000,0.011603385191839564,0.01955173738025963,-0.007995416339106545
DOGEUSDT,1734199200000,2024,LONG,-0.006490129493622193,0.006052921661216208,1734202800000,0.008526161261137774,0.012190753732210733,0.020110134249015997
DOGEUSDT,1734220800000,2024,SHORT,0.0035214855901875225,-0.007223957077057492,1734224400000,-0.009484228524005585,-0.00930894588029469,-0.015326066587654567
DOGEUSDT,1734267600000,2024,LONG,-0.0065923395577893885,0.00797086141728815,1734271200000,0.006522759699767339,0.002485152500472731,0.023509086717519584
DOGEUSDT,1734354000000,2024,SHORT,0.0067402828188550664,-0.009427200381291963,1734357600000,-0.00390472967815626,-0.032017637108177135,-0.009945832437734885
DOGEUSDT,1734364800000,2024,LONG,-0.002819346406314429,0.02952026919649022,1734368400000,0.00100277606143003,-0.01516357321079206,-0.02139396768579491
DOGEUSDT,1734397200000,2024,SHORT,0.05812139105091002,-0.0018818548509644726,1734400800000,-0.0006495615687955615,-0.00027486600455423467,-0.02329334298318818
DOGEUSDT,1734400800000,2024,LONG,-0.0018818548509644726,0.005183101048772337,1734404400000,0.006968842758083351,-0.002325437067183763,0.014923430156545372
DOGEUSDT,1734404400000,2024,SHORT,0.005183101048772337,-0.0033235363353878358,1734408000000,0.007893565556790341,0.013785743522342395,0.011625427175622044
DOGEUSDT,1734429600000,2024,LONG,-0.015922518249701242,0.010045971048032856,1734433200000,-0.0029894649878008865,0.0025869410931003618,-0.026446913452812904
DOGEUSDT,1734447600000,2024,SHORT,0.03941307479143406,-0.026343919765427413,1734451200000,-0.0066275924423040535,-0.0019302847522214435,0.022534449273900577
DOGEUSDT,1734552000000,2024,LONG,-0.06075132469150131,0.050201871663923744,1734555600000,0.0052241205870351,0.007660107950806709,-0.0012266177557592073
DOGEUSDT,1734577200000,2024,SHORT,0.07329683021957148,-0.016362302918382973,1734580800000,0.011055027879936705,0.0027523205660757314,0.0339650543605867
DOGEUSDT,1734627600000,2024,LONG,-0.018274955492477832,0.0611875945646101,1734631200000,-0.01617202093304036,-0.018180620924164632,-0.028125925243517307
DOGEUSDT,1734660000000,2024,SHORT,0.03474512751970533,-0.01520014351257864,1734663600000,0.016524206059263916,0.04014574185108044,0.0981638777671948
DOGEUSDT,1734678000000,2024,LONG,-0.0142698134925884,0.033290582557879825,1734681600000,-0.055128875391862536,-0.17389648338120048,0.001072792202089833
DOGEUSDT,1735264800000,2024,SHORT,0.01922382808738265,-0.019642132731520507,1735268400000,-0.00486649921136678,-0.011539199206497382,-0.0053106193848945025
DOGEUSDT,1735286400000,2024,LONG,-0.03421352522341013,0.0282729273362285,1735290000000,0.020691151189489145,0.014237806267594763,-0.0028275081185892897
DOGEUSDT,1735304400000,2024,SHORT,0.019866155294587646,-0.004973092513523107,1735308000000,0.006354647457055874,0.008227634147681776,0.01294146903794248
DOGEUSDT,1735376400000,2024,LONG,-0.002506386758933653,0.01218745959144539,1735380000000,-0.0012633043400750122,0.002364402671458434,0.02009160055516984
DOGEUSDT,1735380000000,2024,SHORT,0.01218745959144539,-0.0018203222289149162,1735383600000,-0.0032181759908997127,-0.0056721649524665955,-0.027152964161965235
DOGEUSDT,1735383600000,2024,LONG,-0.0018203222289149162,0.003661421323949667,1735387200000,-0.002933802321985072,0.0035531835197376185,0.021286351047741923
DOGEUSDT,1735524000000,2024,SHORT,0.014967337185700315,-0.009299813339899472,1735527600000,0.004780138759162837,-0.0009346086228147959,0.033757543542196976
DOGEUSDT,1735527600000,2024,LONG,-0.009299813339899472,0.005850313053938854,1735531200000,-0.007892005935236895,0.0029708410561072565,-0.027142369329915723
DOGEUSDT,1735531200000,2024,SHORT,0.005850313053938854,-0.014168535267262822,1735534800000,-0.0020812974622337463,-0.01348278662910186,0.025869989560799514
DOGEUSDT,1735538400000,2024,LONG,-0.018640680622749636,0.023660663681257486,1735542000000,-0.002775224344695001,-0.004775662607523749,-0.007219119747055592
DOGEUSDT,1735563600000,2024,SHORT,0.0317344897879603,-0.01469800901931851,1735567200000,0.007963308305570533,-0.015298000511645399,0.0004798541335537108
DOGEUSDT,1735570800000,2024,LONG,-0.010134699550919713,0.011409796395937592,1735574400000,-0.0066190125903803805,0.028833054966638273,0.002057481597673309
DOGEUSDT,1735574400000,2024,SHORT,0.011409796395937592,-0.002593709588719011,1735578000000,-0.028141180184340378,-0.03838803834942549,-0.004041323940061428
DOGEUSDT,1735578000000,2024,LONG,-0.002593709588719011,0.036322059992322735,1735581600000,0.004211723600740129,-0.02120018284197268,-0.02197260732761147
DOGEUSDT,1735603200000,2024,SHORT,0.0005196822681946566,-0.015328959803130938,1735606800000,-0.0009283714152176197,0.007393630183862313,-0.02289197464848459
DOGEUSDT,1735632000000,2024,LONG,-0.025056738511114052,0.024478556041581164,1735635600000,0.004410845210504451,0.008677116817216566,-0.00015789058215484096
LTCUSDT,1672538400000,2023,LONG,-0.011023711290545886,0.0003157430065521634,1672542000000,-0.0010077018055643912,-0.0023048123138689836,0.004593749106143348
LTCUSDT,1672560000000,2023,SHORT,0.019018620467878302,-0.004830400569116323,1672563600000,-0.008123753078833576,-0.0007152564499198457,-0.017307851543339338
LTCUSDT,1672567200000,2023,LONG,-0.012572329163623658,0.0008114444208267088,1672570800000,-0.0018504026345914069,-0.007135751700031559,0.00680274732275262
LTCUSDT,1672592400000,2023,SHORT,0.002953741732541172,-0.022394081582285483,1672596000000,-0.0016922864002021046,-0.0035223706725056947,0.003818147889565379
LTCUSDT,1672624800000,2023,LONG,-0.00885923165342896,0.006856509758247412,1672628400000,0.0056593246689013565,0,0.07052404824001404
LTCUSDT,1672642800000,2023,SHORT,0.013713777487906703,-0.13609367334110561,1672646400000,-0.007725131651802189,-0.006264598961714998,-0.0018701581726431188
LTCUSDT,1673575200000,2023,LONG,-0.023238880904545633,0.005639874192424154,1673578800000,0.003403559414961959,-0.003297223900996437,-0.0118260602485168
LTCUSDT,1673589600000,2023,SHORT,0.0002874548207331355,-0.0031658760765770687,1673593200000,0.0033077407595207293,-0.004001888580053814,0.009479867178376055
LTCUSDT,1674226800000,2023,LONG,-0.007029668214686433,0.000595940454804544,1674230400000,0.017654050595725074,0.03157912743907776,0.06052747987116038
LTCUSDT,1674230400000,2023,SHORT,0.000595940454804544,-0.022773607300851314,1674234000000,-0.010490614394717844,-0.028222381544176982,-0.040984224957358546
LTCUSDT,1674241200000,2023,LONG,-0.0019681652360539993,0.0007973198522938003,1674244800000,0.014183025516653461,0.03127363977164808,0.030054600445198327
LTCUSDT,1674244800000,2023,SHORT,0.0007973198522938003,-0.02522878027792517,1674248400000,-0.000563221642599069,-0.008303458839241547,-0.01420843950926143
LTCUSDT,1674266400000,2023,LONG,-0.01023070454333255,0.08497389888656545,1674270000000,-0.0013314103819653663,0.005418269461711474,-0.0156445251333813
LTCUSDT,1674356400000,2023,SHORT,0.017385483898913624,-0.003923710849325406,1674360000000,-0.006985156837983742,-0.0034986774585988364,-0.003611334474433524
LTCUSDT,1674478800000,2023,LONG,-0.01721187181949496,0.0019975883080536054,1674482400000,-0.009969067940422367,-0.010971462633700387,-0.003090851340233391
LTCUSDT,1674482400000,2023,SHORT,0.0019975883080536054,-0.007925693223974045,1674486000000,-0.00676765216865375,-0.0016684281719110518,-0.005218465181824546
LTCUSDT,1674486000000,2023,LONG,-0.007925693223974045,0.0014224417521127035,1674489600000,-0.008103502189296601,-0.011117401886575923,0.0036417851870154607
LTCUSDT,1674489600000,2023,SHORT,0.0014224417521127035,-0.010535066031052979,1674493200000,-0.00022289089582967384,-0.00555742232824231,-0.010422535860695562
LTCUSDT,1674698400000,2023,LONG,-0.05559325945387596,0.0017197474778059298,1674702000000,0.004486827493592818,0.0072809058690405095,-0.00507186209796034
LTCUSDT,1674702000000,2023,SHORT,0.0017197474778059298,-0.010813214759846148,1674705600000,0.0006717420763118674,0.004262007348760979,0.017271976471865666
LTCUSDT,1674954000000,2023,LONG,-0.039041075766841855,0.013707085191799197,1674957600000,-0.008075978656849338,-0.004082279181582191,-0.008075978656849338
LTCUSDT,1675058400000,2023,SHORT,0.013005954750385362,-0.00680875160399486,1675062000000,0.01216366998755285,0.0323728926492508,0.029770136597989962
LTCUSDT,1675062000000,2023,LONG,-0.00680875160399486,0.012351084287964128,1675065600000,-0.012528942602818685,-0.017389875749724743,-0.04327702934911646
LTCUSDT,1675072800000,2023,SHORT,0.021737957223242614,-0.004751058220319676,1675076400000,-0.0029279422316216873,-0.008327523385087444,0.01741841705058537
LTCUSDT,1675159200000,2023,LONG,-0.007088009817845357,0.005745853986592254,1675162800000,0.00619858776408925,0.013417302762908,0.004385737360914596
LTCUSDT,1675162800000,2023,SHORT,0.005745853986592254,-0.007910115017970475,1675166400000,0.004912440464143156,-0.011755496772075278,-0.00255346452179605
LTCUSDT,1675216800000,2023,LONG,-0.04305597140870913,0.015578836855205822,1675220400000,-0.001651187165658015,-0.005894841000917331,-0.013390971886034773
LTCUSDT,1675422000000,2023,SHORT,0.012898441218420213,-0.001836781639504755,1675425600000,0.00171795302724437,-0.0017150067255251188,-0.009046196979772951
LTCUSDT,1675429200000,2023,LONG,-0.005751199143101671,0.0032169866409021432,1675432800000,0.006893083552883036,0.01764425468122597,0.015242812662630277
LTCUSDT,1675432800000,2023,SHORT,0.0032169866409021432,-0.003760043119287951,1675436400000,-0.0023210061380709384,-0.00865109509737753,-0.00453606946824214
LTCUSDT,1675443600000,2023,LONG,-0.01033509926738015,0.11428891249879328,1675447200000,-0.002301036481247075,-0.005611799475293878,-0.012367559981955286
LTCUSDT,1675447200000,2023,SHORT,0.11428891249879328,-0.0022501523976516213,1675450800000,0.004919441676655552,0.00010015524070661667,0.009762066152443582
LTCUSDT,1675450800000,2023,LONG,-0.0022501523976516213,0.005879061562979505,1675454400000,0.0037172896575314125,0.005921036918233203,-0.0015109547069986863
LTCUSDT,1675468800000,2023,SHORT,0.006379526296521245,-0.0076950803008826564,1675472400000,0.006191970247921107,0.01464272476564418,0.012120146363234052
LTCUSDT,1675472400000,2023,LONG,-0.0076950803008826564,0.005832951045976504,1675476000000,-0.004014860356351562,-0.009966358227924455,-0.0018046926895300267
LTCUSDT,1675508400000,2023,SHORT,0.0007719850777557289,-0.004845281706388658,1675512000000,-0.0010082678813440886,-0.006535642388085359,0.006274054177218217
LTCUSDT,1675515600000,2023,LONG,-0.004180896694906006,0.020105958124833668,1675519200000,0.002005013203020383,0.0011032547129773004,-0.012318411017683785
LTCUSDT,1675558800000,2023,SHORT,0.007652622789770553,-0.0037718425624844896,1675562400000,0.0018303848917493714,-0.0006093845404909747,0.01195783066548021
LTCUSDT,1675803600000,2023,LONG,-0.005079166298816711,0.0029587091838716916,1675807200000,0.0046754623842923905,0.008538574513637444,0.009329166510543389
LTCUSDT,1675807200000,2023,SHORT,0.0029587091838716916,-0.007537878075923265,1675810800000,-0.001289235067252324,-0.002774751557318951,-0.002774751557318951
LTCUSDT,1675814400000,2023,LONG,-0.005041883445464744,0.0016615836663001816,1675818000000,0.003466207976486329,0.0028728535286980847,0.0013879252748480759
LTCUSDT,1675908000000,2023,SHORT,0.03688513292933185,-0.002519932546164625,1675911600000,0.015930822072194324,0.005866930523293257,0.004113539325792142
LTCUSDT,1675969200000,2023,LONG,-0.08252395916347942,0.012153974873298319,1675972800000,0.002722868316272454,0.0034839447324605177,0.013863538405957219
LTCUSDT,1675972800000,2023,SHORT,0.012153974873298319,-0.012809366157784883,1675976400000,0.005015274358886348,0.0013059094248993712,-0.008015640837411101
LTCUSDT,1676426400000,2023,LONG,-0.017383362391222495,0.028657366106445398,1676430000000,0.004513258776247602,0.014101659490425494,0.02359899525253875
LTCUSDT,1676455200000,2023,SHORT,0.00043495002969502137,-0.003428094936743653,1676458800000,-0.007935322724056726,-0.007011060784062255,-0.05671571081457605
LTCUSDT,1676469600000,2023,LONG,-0.0034663313530371555,0.008258979772626825,1676473200000,0.00020546537980645007,0.004817310602369365,0.04706160605637825
LTCUSDT,1676484000000,2023,SHORT,0.011824681827473552,-0.04509201702786437,1676487600000,-0.015321693874495486,-0.044887339428144504,-0.03920104959673322
LTCUSDT,1676509200000,2023,LONG,-0.022032906229870437,0.005911202817266571,1676512800000,-0.0008817910726660864,-0.0002938439709668448,-0.01033626370368407
LTCUSDT,1676599200000,2023,SHORT,0.052161802472034696,-0.031009186064042998,1676602800000,0.0023005761584643045,0.004205052251562642,0.01287096702405608
LTCUSDT,1678438800000,2023,LONG,-0.015072830557046567,0.017329099828587376,1678442400000,-0.01331920871552768,0.027364367920915917,0.015528262326555194
LTCUSDT,1678449600000,2023,SHORT,0.041666270608138725,-0.009788751687624359,1678453200000,-0.0252326254807245,-0.0074959689088860805,-0.017450485038669764
LTCUSDT,1678698000000,2023,LONG,-0.020282778511341488,0.03619810007967245,1678701600000,0.009288814133670185,0.01705150030886635,0.08273615337706017
LTCUSDT,1678712400000,2023,SHORT,0.029980967707574982,-0.01026982434248921,1678716000000,-0.03969947744661068,-0.06556191603213916,-0.063596071929335
LTCUSDT,1678759200000,2023,LONG,-0.017448773301441203,0.004144959901611731,1678762800000,0.008400296462971513,-0.0014897581898671915,0.07708968154501454
LTCUSDT,1678770000000,2023,SHORT,0.006841637960348627,-0.009682215626546583,1678773600000,0.002109836339579596,0.007966186016133118,-0.07013281163963589
LTCUSDT,1678780800000,2023,LONG,-0.011347275457597656,0.011320663065353868,1678784400000,0.001125351791161255,0.07551892603171964,0.04405459712988712
LTCUSDT,1678791600000,2023,SHORT,0.0009809685066295235,-0.017123923298985818,1678795200000,-0.06481698217803018,-0.08252470024645059,-0.03860639670385455
LTCUSDT,1678827600000,2023,LONG,-0.010236548766513377,0.0009440782748033472,1678831200000,0.008998800901605021,0.021108648522219248,-0.005559598559942059
LTCUSDT,1678831200000,2023,SHORT,0.0009440782748033472,-0.021273867141734463,1678834800000,-0.002981694617672895,-0.01092907053219023,0.020514777613885826
LTCUSDT,1678892400000,2023,LONG,-0.048709280316224804,0.006723407577341714,1678896000000,-0.03491756501542917,-0.024497369167614212,-0.005649732542119021
LTCUSDT,1678917600000,2023,SHORT,0.00015369904369539033,-0.0037274473549589325,1678921200000,-0.00907244405725981,-0.02735970551362357,-0.04872097546980596
LTCUSDT,1679176800000,2023,LONG,-0.015162523055790172,0.004658268916171309,1679180400000,-0.004087526729858628,0.0016782550091060903,-0.007466315994711324
LTCUSDT,1679184000000,2023,SHORT,0.0008463317523317478,-0.01981670869305445,1679187600000,0.0011900513126483828,0.0069220947118859046,0.004649230523913034
LTCUSDT,1679518800000,2023,LONG,-0.05832117499566022,0.011235445230840307,1679522400000,0.00965741405391616,0.0038508712037242133,0.05504516232117417
LTCUSDT,1679940000000,2023,SHORT,0.018696168557314794,-0.004911386482496222,1679943600000,0.00428314451008986,0.004170194829052485,0.01701492954065102
LTCUSDT,1679965200000,2023,LONG,-0.017525041790406468,0.018866675517198315,1679968800000,-0.010304648087002845,-0.0104197427524922,-0.018161418716283916
LTCUSDT,1679968800000,2023,SHORT,0.018866675517198315,-0.009323472604109427,1679972400000,0.004267841993342233,-0.006081836406771223,0.0009212345193207641
LTCUSDT,1679976000000,2023,LONG,-0.0019421559564651236,0.017058006851998528,1679979600000,0.003921121388886527,0.004381420591490036,-0.000693561465785896
LTCUSDT,1679983200000,2023,SHORT,0.003447140095203241,-0.0198555295660449,1679986800000,0.007118284936243011,0.0157973881928671,-0.01148849580570066
LTCUSDT,1679994000000,2023,LONG,-0.00857074839593836,0.0005598219311272357,1679997600000,-0.004291105453778537,-0.0023172296314742536,0.023107868734335922
LTCUSDT,1680001200000,2023,SHORT,0.008078872283127998,-0.006771982751710426,1680004800000,0.014045821520294394,0.0018308736090472306,-0.018014422461792752
LTCUSDT,1680195600000,2023,LONG,-0.02184585225343208,0.007739591081802496,1680199200000,0.008910271424880914,0.02055605853624212,0.0256017607811966
LTCUSDT,1680199200000,2023,SHORT,0.007739591081802496,-0.004876693946091979,1680202800000,-0.003632240088737102,-0.006347788261219903,-0.012767813691114066
LTCUSDT,1680346800000,2023,LONG,-0.00323305955462141,0.010685369461953375,1680350400000,0.0010718114638066545,-0.0037604127041320472,-0.00796731174069759
LTCUSDT,1680397200000,2023,SHORT,0.008035032901690692,-0.005931147623209507,1680400800000,0.005932814985752354,0.0021533169388411053,-0.009632954720383995
LTCUSDT,1680400800000,2023,LONG,-0.005931147623209507,0.0009388989872587913,1680404400000,0.0010813149842524767,0.013112827613411262,0.011402877426537995
LTCUSDT,1680408000000,2023,SHORT,0.005727425484246643,-0.0008091231792340037,1680411600000,-0.0032386943995301736,-0.00872051604880232,-0.0014047222581102965
LTCUSDT,1680411600000,2023,LONG,-0.0008091231792340037,0.00010844639427682088,1680415200000,0.00933332956649994,0.010187209434796765,-0.0036713139174176625
LTCUSDT,1680415200000,2023,SHORT,0.00010844639427682088,-0.004340856613822237,1680418800000,-0.00543161248045153,0.0012823254588971399,0.01951860099727917
LTCUSDT,1680418800000,2023,LONG,-0.004340856613822237,0.00911879943620163,1680422400000,-0.009176334130291796,-0.00650010280542129,-0.03567946026098138
LTCUSDT,1680426000000,2023,SHORT,0.005265662323070459,-0.0031840530582603905,1680429600000,0.0023496753307470346,-0.0014923784882627934,0.022984556467442706
LTCUSDT,1680440400000,2023,LONG,-0.004401481245786981,0.015827474107650914,1680444000000,-0.004162892279598434,-0.01545758557664281,-0.03137766884096467
LTCUSDT,1680447600000,2023,SHORT,0.015497585046727025,-0.005615232994285188,1680451200000,-0.0016210086220983248,0.01756632371789917,0.0172361635872381
LTCUSDT,1681200000000,2023,LONG,-0.0006468717488544851,0.023469212756067892,1681203600000,-0.0017809443709948087,-0.007353746764611104,-0.009147847821016035
LTCUSDT,1681207200000,2023,SHORT,0.014930873564553812,-0.005430886664995781,1681210800000,0.004608303086194219,0.008078520565201436,0.017710772862924145
LTCUSDT,1681246800000,2023,LONG,-0.020596822020536296,0.004469713047220157,1681250400000,0.00031913196377440474,-0.010911533164443455,-0.024229904463184147
LTCUSDT,1681257600000,2023,SHORT,0.0026131196556665524,-0.006771595906483379,1681261200000,0.009527449898504988,0.02339098830446216,0.01741043440546805
LTCUSDT,1681261200000,2023,LONG,-0.006771595906483379,0.013146160196059886,1681264800000,-0.01528236538340062,-0.016812587564168174,-0.013318371298740677
LTCUSDT,1681279200000,2023,SHORT,0.01065871365635796,-0.00354960689207639,1681282800000,-0.0032651313292013048,0.0019642084010446,0.0022919518900764587
LTCUSDT,1681686000000,2023,LONG,-0.008266904211543495,0.0021374103982880915,1681689600000,-0.02201664369868911,-0.012868379043299835,-0.01722877737318453
LTCUSDT,1681693200000,2023,SHORT,0.02654736855389092,-0.015661879018234556,1681696800000,-0.0006052047794167521,-0.0010084712431940072,0.0008075098854057027
LTCUSDT,1681743600000,2023,LONG,-0.0059791227695159006,0.0030498371290389454,1681747200000,-0.004544314813477739,-0.0035326809386332743,0.02635002066137937
LTCUSDT,1681747200000,2023,SHORT,0.0030498371290389454,-0.0032059701018634043,1681750800000,0.004158010148663677,0.004259641329197294,-0.031087488973449998
LTCUSDT,1681801200000,2023,LONG,-0.005031095555477728,0.006053391469807328,1681804800000,0.005095552426600095,0.01298149116668348,-0.01036892714674413
LTCUSDT,1681851600000,2023,SHORT,0.005606455299867105,-0.003877096270569511,1681855200000,0.0007883327172164291,0.002070700340546134,0.06427588160881256
LTCUSDT,1681866000000,2023,LONG,-0.013217252796214203,0.030006125956190153,1681869600000,-0.0016797593001585149,0.0017754985922856115,-0.06106281633860899
LTCUSDT,1681912800000,2023,SHORT,0.013822146111334132,-0.010368260191295796,1681916400000,0.00940462365726738,0.021689134281584074,0.060815268932488495
LTCUSDT,1681945200000,2023,LONG,-0.020969967280944725,0.045347696119182344,1681948800000,0.00342258131507853,0.0012158056208899498,-0.005545095721078192
LTCUSDT,1681952400000,2023,SHORT,0.03270447861587211,-0.04311478112174004,1681956000000,0.019590023856682567,0.003953442443346064,-0.0025176522520859008
LTCUSDT,1682409600000,2023,LONG,-0.013253751948375749,0.005111899383153333,1682413200000,0.006863599377839113,0.00798429881150932,0.029152042124082494
LTCUSDT,1682445600000,2023,SHORT,0.025271265250875207,-0.06746390258307529,1682449200000,0.0027693177488044983,-0.005735731586211619,-0.0013265533672056709
LTCUSDT,1683572400000,2023,LONG,-0.0045755333866281086,0.003206569488506112,1683576000000,0.00013014902081241638,0.010873893552012476,0.02366669946160751
LTCUSDT,1683576000000,2023,SHORT,0.003206569488506112,-0.011674094356794744,1683579600000,-0.005581168358591695,-0.008553706896315173,-0.02226747516666702
LTCUSDT,1688130000000,2023,LONG,-0.062299633124388756,0.01471955315280775,1688133600000,0.014220231259098206,0.1283976604576364,0.1143135774431988
LTCUSDT,1688133600000,2023,SHORT,0.01471955315280775,-0.06211029230208423,1688137200000,-0.01063565190973945,-0.08102442623862034,-0.10233507785894115
LTCUSDT,1688176800000,2023,LONG,-0.01968471232656066,0.0009397962152783316,1688180400000,0.003180842797921687,0.022697718124864517,-0.010834342165710118
LTCUSDT,1688180400000,2023,SHORT,0.0009397962152783316,-0.02034021817917002,1688184000000,0.007595329307568125,0.0004671805737856531,0.016957542473200953
LTCUSDT,1688184000000,2023,LONG,-0.02034021817917002,0.08304620504688112,1688187600000,0.005818880801501552,0.04058100162837901,-0.013837771748049982
LTCUSDT,1688238000000,2023,SHORT,0.0072678042385902406,-0.001214727316963686,1688241600000,-0.005313105477769469,-0.01856704767648324,-0.05460781052571479
LTCUSDT,1688241600000,2023,LONG,-0.001214727316963686,0.005246858647420002,1688245200000,-0.004076801095622935,0.009979371087478027,0.041877355682194535
LTCUSDT,1688248800000,2023,SHORT,0.0011908068954462247,-0.00497818297761154,1688252400000,-0.013821855133996589,-0.019780349627313967,-0.040177969721983085
LTCUSDT,1688284800000,2023,LONG,-0.012756574464435812,0.014177213004518723,1688288400000,0.006331424913199623,0.014681641782049691,0.017003693374663703
LTCUSDT,1688288400000,2023,SHORT,0.014177213004518723,-0.015378695336962206,1688292000000,0.008783503746807114,-0.003060583899569943,-0.012364640996820246
LTCUSDT,1688292000000,2023,LONG,-0.015378695336962206,0.0007651573570342402,1688295600000,0.01076592476504081,0.008964609318054135,0.02612474083103037
LTCUSDT,1688295600000,2023,SHORT,0.0007651573570342402,-0.006199795781925055,1688299200000,-0.006278610633724943,-0.0069936625054506105,-0.022156888078142378
LTCUSDT,1688302800000,2023,LONG,-0.015829851564015108,0.0016358241970991306,1688306400000,-0.0028805492957812984,-0.005407854549290889,0.021167634883568102
LTCUSDT,1688396400000,2023,SHORT,0.01968586579055412,-0.009274813653438373,1688400000000,0.028358864560068826,0.017048747268422457,0.005957035441248987
LTCUSDT,1688400000000,2023,LONG,-0.009274813653438373,0.03814317991937103,1688403600000,0.012424841048507381,0.0025348556031881157,0.01770287543192892
LTCUSDT,1688425200000,2023,SHORT,0.004654984423907602,-0.0017606627152895284,1688428800000,0.00889227556421699,-0.01369757649395532,0.0010255933023344413
LTCUSDT,1692306000000,2023,LONG,-0.0935094051511712,0.0305929867997044,1692309600000,0.039949141158348765,0.03627097609202057,0.03427297342934764
LTCUSDT,1692313200000,2023,SHORT,0.005593462326129065,-0.012355519963855324,1692316800000,-0.01579424076862997,0.004958175636192939,-0.008158284301149807
LTCUSDT,1692673200000,2023,LONG,-0.007712002899390156,0.01073560375990813,1692676800000,-0.005728083192831335,-0.001504212076646296,-0.010729230238602387
LTCUSDT,1692702000000,2023,SHORT,0.0001324480387670095,-0.0006880210201970157,1692705600000,0.0012099215027131982,0.005152307200242001,0.02061613827581111
LTCUSDT,1692738000000,2023,LONG,-0.012266864720485186,0.001474897844377267,1692741600000,0.016010387508556,0.027005465367583678,0.025618395714663532
LTCUSDT,1692745200000,2023,SHORT,0.00045646114739992,-0.01813927793714998,1692748800000,0.0010808308008100507,0.0021628310609420397,0.0046403795565021135
LTCUSDT,1693058400000,2023,LONG,-0.004066546867426002,0.002748675098489651,1693062000000,-0.0010730437145186887,-0.005068745972426102,-0.006455601884673142
LTCUSDT,1693062000000,2023,SHORT,0.002748675098489651,-0.0020290959268465083,1693065600000,0.002611168060688697,0.002611168060688697,0.003534387083025547
LTCUSDT,1693065600000,2023,LONG,-0.0020290959268465083,0.0035397373580444104,1693069200000,0.00046129008275496076,0,0.0009223674750779126
LTCUSDT,1693072800000,2023,SHORT,0.0009946717264513116,-0.002354613445700926,1693076400000,-0.001231148201059285,-0.0015386985648552947,-0.001231148201059285
LTCUSDT,1693256400000,2023,LONG,-0.007384576796948166,0.004806968201011757,1693260000000,0.0022920019201757608,0.0016813148782959964,-0.0069076949782477725
LTCUSDT,1693303200000,2023,SHORT,0.0029323088502324983,-0.005852185960153897,1693306800000,0.0007716645185756088,-0.07186850251241364,-0.06365105556507664
LTCUSDT,1693360800000,2023,LONG,-0.03233469445355012,0.01807062132813892,1693364400000,0.001474491567645421,-0.0022158218682815822,-0.013518738156068941
LTCUSDT,1693447200000,2023,SHORT,0.019736092067777072,-0.006951466939021842,1693450800000,0.002528446353358526,-0.005333345975362823,-0.0008908686558016329
LTCUSDT,1693497600000,2023,LONG,-0.003469991851220075,0.023245370905264323,1693501200000,0.0009313878351043958,-0.008891720699994641,-0.00810857397659437
LTCUSDT,1693504800000,2023,SHORT,0.004402994010249328,-6.793012890997978e-06,1693508400000,0.002799379744135206,0.005138197369080019,0.015494480106911917
LTCUSDT,1693508400000,2023,LONG,-6.793012890997978e-06,0.001854506002218487,1693512000000,-0.0059365898458180735,-0.00562325755436212,-0.008603885692499993
LTCUSDT,1693512000000,2023,SHORT,0.001854506002218487,-0.0052349581359592496,1693515600000,0.003138734529099456,-0.004065681910006193,0.0042396232146344635
LTCUSDT,1693738800000,2023,LONG,-0.00520513850722453,0.0007583103102780322,1693742400000,-0.001406799763081461,-0.004069500059757415,-0.002189211194905246
LTCUSDT,1693742400000,2023,SHORT,0.0007583103102780322,-0.005708533070121077,1693746000000,-0.0006254886834108699,0.0031333254524327525,-0.0039029009030754876
LTCUSDT,1694656800000,2023,LONG,-0.00031835173982456275,0.0014315276447132185,1694660400000,0.000640717625635127,-0.0035313038301537348,0.010995250601215978
LTCUSDT,1694667600000,2023,SHORT,0.012449171082492404,-0.00536204567090652,1694671200000,-0.003382462756195793,-0.005470649202890649,-0.015529008130754179
LTCUSDT,1694728800000,2023,LONG,-0.001443173578323627,0.002670785018203289,1694732400000,-0.004132894135816184,0.0012682309879951483,0.00695545010858459
LTCUSDT,1694736000000,2023,SHORT,0.0017827330114664117,-0.009242405263197419,1694739600000,-0.0025498021782714864,-0.008737842550887522,-0.006679414146134099
LTCUSDT,1694786400000,2023,LONG,-0.0023604812480196706,0.004781307408011514,1694790000000,0.013010607543182113,0.018911245781606783,0.04654870221961346
LTCUSDT,1694815200000,2023,SHORT,0.0019446834854867077,-0.014308374032888241,1694818800000,0.0013660167563940122,-0.007103483357179973,0.011134104192601111
LTCUSDT,1694822400000,2023,LONG,-0.013907005674061917,0.0015737678855914494,1694826000000,0.0018264845260345028,0.007588441331756564,-0.013033995760024132
LTCUSDT,1694905200000,2023,SHORT,0.0027805283753698155,-0.0014560706623074318,1694908800000,0.01216428888027269,0.020252682642213374,0.019316060656788668
LTCUSDT,1694908800000,2023,LONG,-0.0014560706623074318,0.0008439140870153507,1694912400000,-0.009651382514015993,-0.008869582771279522,-0.006839759293485559
LTCUSDT,1694912400000,2023,SHORT,0.0008439140870153507,-0.024314111160293195,1694916000000,0.0007822890174434185,0.004388721777748642,0.0001564088530599358
LTCUSDT,1695034800000,2023,LONG,-0.014021012934558744,0.008589314359993518,1695038400000,0.022564134205460457,0.016297327661901,0.0016721140933296068
LTCUSDT,1695038400000,2023,SHORT,0.008589314359993518,-0.018343558862101268,1695042000000,0.008064559836730519,0.0008928572021722188,0.01937433883736042
LTCUSDT,1695045600000,2023,LONG,-0.004386719604337427,0.0003178256795414665,1695049200000,-0.004480294232761901,-0.01834637924441939,-0.006278047525933048
LTCUSDT,1695081600000,2023,SHORT,0.022516251127554995,-0.004730908801819134,1695085200000,-0.0013641532998384372,-0.01520312265797207,-0.02012079891230591
LTCUSDT,1695103200000,2023,LONG,-0.0018445760964294982,0.010946512810563143,1695106800000,-0.001045478401552834,0.012608636963471587,0.005953284437949502
LTCUSDT,1695114000000,2023,SHORT,0.015325909580249413,-0.005622745268499884,1695117600000,0.0010313076420522763,0.012446449014054237,0.009320283461007297
LTCUSDT,1695117600000,2023,LONG,-0.005622745268499884,0.014784237626100873,1695121200000,-0.0028050509276086096,-0.007250161225059639,-0.007398672400798686
LTCUSDT,1695204000000,2023,SHORT,0.0019119454434713577,-0.008875167759780603,1695207600000,0.002288854283751825,0.017683246969494498,0.017993565048012528
LTCUSDT,1695920400000,2023,LONG,-0.0019869528893487723,0.013641928155859705,1695924000000,-0.004942095000995736,0.0033835775129330246,0.004611136359733713
LTCUSDT,1696071600000,2023,SHORT,0.007885988892089935,-0.007985920692702155,1696075200000,0.0012198842622870212,-0.00925300496393248,-0.004713045592252832
LTCUSDT,1696089600000,2023,LONG,-0.008928827813607635,0.0024384599274002907,1696093200000,0.0019582743322150314,0.0006029544952043459,-0.005897937701831053
LTCUSDT,1696255200000,2023,SHORT,0.004338484244538081,-0.010879296331238764,1696258800000,0.011043240119819499,0.02753502776869795,0.01646004542004457
LTCUSDT,1696262400000,2023,LONG,-0.03355709292541132,0.00942618782766995,1696266000000,0.0046313670592882435,-0.012658396871923465,-0.007817237643758574
LTCUSDT,1696384800000,2023,SHORT,0.005319839171067087,-0.006317605054515648,1696388400000,-0,-0.004662013105811371,0.0032763895445466376
LTCUSDT,1696460400000,2023,LONG,-0.02886719403768705,0.03285088020142418,1696464000000,0.005268879382672479,0.0037220886643735515,0.005114307931711527
LTCUSDT,1696842000000,2023,SHORT,0.02078132623152954,-0.010245423662195852,1696845600000,0.0036240487155085824,0.0047296320232581325,0.008688151957637816
LTCUSDT,1696986000000,2023,LONG,-0.00014102513506671394,0.003522697827501664,1696989600000,-0.007281969806919453,-0.01110241380430516,-0.01878736997368925
LTCUSDT,1696989600000,2023,SHORT,0.003522697827501664,-0.007063906828465765,1696993200000,0.0046174749663106425,0.003819835935426737,0.01456142218201818
LTCUSDT,1697454000000,2023,LONG,-0.005364134866107232,0.0026300357124592385,1697457600000,0.01579811687659131,0.010927339708205683,0.005874431436456166
LTCUSDT,1697457600000,2023,SHORT,0.0026300357124592385,-0.03302785430418119,1697461200000,-0.00031338138771043234,0.0034536926009390923,0.015636423769755003
LTCUSDT,1697799600000,2023,LONG,-0.004125821148183874,0.008975258624401463,1697803200000,0.0006309148474264734,0.001261431892274831,-0.00047344749562666004
LTCUSDT,1697983200000,2023,SHORT,0.008646662411858633,-0.010988942579575799,1697986800000,-0.013846973482270378,-0.012455400006838152,-0.03327991612736431
LTCUSDT,1698379200000,2023,LONG,-0.003127547349533382,0.00415974738788028,1698382800000,-0.00249724698269208,-0.004116442155034702,-0.0167176021511939
LTCUSDT,1698382800000,2023,SHORT,0.00415974738788028,-0.0003363634690302947,1698386400000,-0.003230071814392917,0.0005884083723755559,0.02426255801827306
LTCUSDT,1698386400000,2023,LONG,-0.0003363634690302947,0.006437735477705833,1698390000000,-0.012981447970959403,-0.004259388094894545,-0.030052841890577737
LTCUSDT,1698390000000,2023,SHORT,0.006437735477705833,-0.016557803454663216,1698393600000,-0.007987026633097022,-0.0069552629628222345,0.012251759408201605
LTCUSDT,1698408000000,2023,LONG,-0.030732940967707026,0.02121639813726733,1698411600000,0.0020458870207894966,-0.019647577877523786,-0.01073618666054158
LTCUSDT,1698415200000,2023,SHORT,0.011953996249636056,-0.029793684657439985,1698418800000,-0.0030962059382762183,0.022550048328179893,-0.0019178290159434978
LTCUSDT,1698922800000,2023,LONG,-0.003955465956660744,0.001080845585578742,1698926400000,0.001991465807528563,-0.023191532740625468,-0.010736628798024849
LTCUSDT,1698926400000,2023,SHORT,0.001080845585578742,-0.04696802190928976,1698930000000,0.004272902100016649,0.028690787943654757,0.024749464689650558
LTCUSDT,1699149600000,2023,LONG,-0.024000094102018844,0.00018810034514162838,1699153200000,0.01381471082219183,0.006790236869306238,0.0026933179510152476
LTCUSDT,1699153200000,2023,SHORT,0.00018810034514162838,-0.024136567724229847,1699156800000,0.001821366528031258,0.00013998740136238403,0.013670849229312509
LTCUSDT,1699358400000,2023,LONG,-0.01267549929954648,0.017597780793623015,1699362000000,-0.0021956918386281054,-0.016725802864658298,0.005740857757108305
LTCUSDT,1699365600000,2023,SHORT,0.011178828656380587,-0.003309473259598645,1699369200000,0.01215484577707494,-0.006840907783772669,-0.004793544753728556
LTCUSDT,1699376400000,2023,LONG,-0.04192895787778543,0.034255797646477945,1699380000000,0.00876477810370628,0.016371443414682368,0.00027506532974961516
LTCUSDT,1699394400000,2023,SHORT,0.03942964240947313,-0.0021698247938653184,1699398000000,-0.001634877748341258,0.002047363030044263,-0.005710416605158513
LTCUSDT,1699398000000,2023,LONG,-0.0021698247938653184,0.005030581058072165,1699401600000,-0.0012259076656182448,-0.0073780905810588385,0.0002722199554037976
LTCUSDT,1699408800000,2023,SHORT,0.008703113551851839,-0.011531613641586084,1699412400000,0.0036958498026733702,0.006442349743912313,-0.0019110024925723384
LTCUSDT,1699437600000,2023,LONG,-0.03133887357580192,0.0048341762958234655,1699441200000,-0.0038033189014135297,-0.005846777142630363,-0.0040755388568172865
LTCUSDT,1699444800000,2023,SHORT,0.003507520895154665,-0.003649164145913937,1699448400000,-0.0024463181539423977,-0.0032604294607793995,-0.0004081355066517511
LTCUSDT,1699714800000,2023,LONG,-0.001836636731127367,0.025234344803157168,1699718400000,0.004014457418661868,0.007746799794589759,0.0014738396183005232
LTCUSDT,1699732800000,2023,SHORT,0.027830807983886697,-0.003351061089309608,1699736400000,0.011001502703115527,0.03487477891008444,0.0005274261725642281
LTCUSDT,1699736400000,2023,LONG,-0.003351061089309608,0.009128131281007108,1699740000000,0.0015980826413461656,-0.014363627038713423,0.007303664363705444
LTCUSDT,1699740000000,2023,SHORT,0.009128131281007108,-0.007475931222352717,1699743600000,-0.00239234563861968,0.021112866522355306,-0.02054596177222133
LTCUSDT,1705046400000,2024,LONG,-0.01827608397109673,0.009594709943218373,1705050000000,0.023178506995920188,0.015690839976645492,0.004760294606300341
LTCUSDT,1705078800000,2024,SHORT,0.02760886298498779,-0.003204186314282775,1705082400000,0.00843083590441023,0.017208837680639383,0.022318993128077107
LTCUSDT,1705082400000,2024,LONG,-0.003204186314282775,0.0025781217679885266,1705086000000,-0.0009564802259567119,-0.01569199439200771,-0.01596950237214296
LTCUSDT,1705089600000,2024,SHORT,0.002426692456290093,-0.022626404705858597,1705093200000,0.015311303904448067,0.014622740908159544,0.02402806611886506
LTCUSDT,1705093200000,2024,LONG,-0.022626404705858597,0.02199428078398868,1705096800000,-0.007188308530667824,-0.017227433558996395,-0.015267472130788308
LTCUSDT,1705114800000,2024,SHORT,0.019203443857074558,-0.0010115673548375262,1705118400000,0.0015200721506346924,-0.00013807386973971642,0.005677506076719698
LTCUSDT,1705118400000,2024,LONG,-0.0010115673548375262,0.017240834333100162,1705122000000,-0.0011071133154073093,-0.0047137200823867435,-0.012526259819180144
LTCUSDT,1705129200000,2024,SHORT,0.011513726525473373,-0.010309881613930696,1705132800000,0.006648223932880301,0.014600829500843427,0.006648223932880301
LTCUSDT,1705917600000,2024,LONG,-0.008184398361297349,0.0027413903458490445,1705921200000,0.0031718596373416182,-0.005792919892784111,-0.026633122320957256
LTCUSDT,1705921200000,2024,SHORT,0.0027413903458490445,-0.016870270708360748,1705924800000,-0.0018695626355844195,0.010418268158108805,0.03084363477071822
LTCUSDT,1705928400000,2024,LONG,-0.017868438055067756,0.0018485973334315924,1705932000000,-0.004492435640425954,-0.010465211791096963,-0.020450610471290653
LTCUSDT,1705932000000,2024,SHORT,0.0018485973334315924,-0.06255601455375495,1705935600000,0.0013082347966580624,0.008168073417098881,0.011248383883478777
LTCUSDT,1707271200000,2024,LONG,-0.002638985456886955,0.001059411165903915,1707274800000,-0.00426001378728904,-0.0036713456319527825,-0.0047017424258491095
LTCUSDT,1707274800000,2024,SHORT,0.001059411165903915,-0.012409960370735568,1707278400000,0.0005891016370664254,-0.000441598594060845,-0.0016182423538775427
LTCUSDT,1707764400000,2024,LONG,-0.02523544280583116,0.0010617753028750864,1707768000000,0.009495701984073495,0.007439075496496823,0.0023479052288654283
LTCUSDT,1707768000000,2024,SHORT,0.0010617753028750864,-0.011763255054490438,1707771600000,-0,-0.000547720128713987,0.004667773439449846
LTCUSDT,1707782400000,2024,LONG,-0.003661825352384572,0.003225626870803854,1707786000000,-0.0019180715566741392,-0.013226977076233189,-0.017953803616595706
LTCUSDT,1707811200000,2024,SHORT,0.0062880919646603525,-0.0032854192818312393,1707814800000,-0.004530796519846589,0.01260142687800382,0.054724899689246605
LTCUSDT,1709244000000,2024,LONG,-0.016175225887768808,0.007468796248310752,1709247600000,0.01270697100222708,0.0670833936472941,0.06483127392575858
LTCUSDT,1709251200000,2024,SHORT,0.006949957417147563,-0.06569248355712272,1709254800000,-0.015902033683858067,-0.016977109938632117,-0.022335222418251525
LTCUSDT,1709287200000,2024,LONG,-0.01405264950176482,0.007547206592868403,1709290800000,0.005561815414151247,-0.004996441515044131,0.008154627709366792
LTCUSDT,1709298000000,2024,SHORT,0.011743077858244398,-0.005103521114557021,1709301600000,0.0034525898931570447,0.0033333364197582274,-0.03331109135707459
LTCUSDT,1709301600000,2024,LONG,-0.005103521114557021,0.009388768855694096,1709305200000,-0.009585503540009045,0.004877188041645314,0.05317561424662892
LTCUSDT,1709305200000,2024,SHORT,0.009388768855694096,-0.007068217218598971,1709308800000,-0.0001203876483726435,-0.012324415642199238,-0.09414933729664902
LTCUSDT,1709344800000,2024,LONG,-0.051899530780607425,0.006577263303501603,1709348400000,0.03138821951001096,0.017596419279748445,0.03772357658201089
LTCUSDT,1709348400000,2024,SHORT,0.006577263303501603,-0.016086957066120924,1709352000000,0.00913650474686766,0.011461443519006652,0.002633312910760657
LTCUSDT,1709355600000,2024,LONG,-0.006969495086151708,0.021318079616402447,1709359200000,-0.0037702417692434907,-0.0114655900662804,0.00947352315382959
LTCUSDT,1709359200000,2024,SHORT,0.021318079616402447,-0.004088840122519748,1709362800000,-0.002219264115463274,0.012182324453237825,-0.019907173760644194
LTCUSDT,1709380800000,2024,LONG,-0.014156071312414621,0.0004794368798111124,1709384400000,0.0033844674481245535,0.005235614053945164,0.021208325748241733
LTCUSDT,1709420400000,2024,SHORT,0.0369189546361658,-0.0007887442052432151,1709424000000,0.01266041699028217,0.01695226907182325,0.034087489321480875
LTCUSDT,1709431200000,2024,LONG,-0.0015178050555392632,0.045071434710254904,1709434800000,0.01200728364046235,-0.0037069383922739177,-0.014469177125936528
LTCUSDT,1709586000000,2024,SHORT,0.03739413148359299,-0.014084572727745178,1709589600000,-0.005179025311729622,-0.027719256771597766,-0.016568161371710348
LTCUSDT,1709593200000,2024,LONG,-0.017342326563896327,0.0031284127216675045,1709596800000,0.0020197493401120942,0.002692093605690776,0.007831769724386482
LTCUSDT,1709596800000,2024,SHORT,0.0031284127216675045,-0.007949069736777004,1709600400000,-0.020745100269846883,-0.00044827973405646757,-0.003915650804862028
LTCUSDT,1709625600000,2024,LONG,-0.009289634483905188,0.0012248429093482513,1709629200000,-0.002439566523736494,-0.008117920588833722,-0.14618968871916607
LTCUSDT,1709629200000,2024,SHORT,0.0012248429093482513,-1.134811692629914e-05,1709632800000,0.0007774754653863351,-0.00476270491022913,0.10712613349610661
LTCUSDT,1709636400000,2024,LONG,-0.0027903421702459162,0.0035859456720329346,1709640000000,-0.0018963695794122508,-0.014367740704172098,-0.09057383793926749
LTCUSDT,1709640000000,2024,SHORT,0.0035859456720329346,-0.0035853444350715203,1709643600000,-0.010329408218776592,0.031183432615656502,0.09380411342008102
LTCUSDT,1709643600000,2024,LONG,-0.0035853444350715203,0.011416185528732251,1709647200000,-0.0034312945282637046,-0.041628028302163764,-0.11796260978990276
LTCUSDT,1709650800000,2024,SHORT,0.007527007695911102,-0.02834630276773537,1709654400000,0.018487346117798138,0.13075692880007247,0.08159864388287942
LTCUSDT,1709665200000,2024,LONG,-0.04525232755051963,0.04574268463659281,1709668800000,0.0056562690974417676,0.0550505688679187,0.10328281406060807
LTCUSDT,1709690400000,2024,SHORT,0.0367093690148026,-0.11781455228536598,1709694000000,-0.018824085245635617,-0.06110250853697065,-0.038143075000671954
LTCUSDT,1709874000000,2024,LONG,-0.014804555012704316,0.0020273444405747056,1709877600000,0.0019247104724659733,-0.003178209258686612,-0.008650179136679823
LTCUSDT,1709877600000,2024,SHORT,0.0020273444405747056,-0.002989472387022278,1709881200000,0.010117746744042031,0.007607189679645175,0.013895439977989409
LTCUSDT,1709884800000,2024,LONG,-0.00039410859491669967,0.008558735984594687,1709888400000,0.003987019008287877,0.00022825838948687974,0.005350345736152012
LTCUSDT,1709888400000,2024,SHORT,0.008558735984594687,-0.0006229713835739962,1709892000000,0.0023905754454993646,-0.001363481633800815,0.009367214940371762
LTCUSDT,1709892000000,2024,LONG,-0.0006229713835739962,0.004229544258091535,1709895600000,0.003072548647652555,0.007946460251177567,-0.0009122007474047713
LTCUSDT,1709895600000,2024,SHORT,0.004229544258091535,-2.3034543684962394e-05,1709899200000,0.004440656315186087,0.016726246284773833,-0.004534127015151787
LTCUSDT,1709899200000,2024,LONG,-2.3034543684962394e-05,0.004279229003821969,1709902800000,0.005008547749608907,-0.0009133463358984634,0.019661650325541333
LTCUSDT,1709902800000,2024,SHORT,0.004279229003821969,-0.008745012133196341,1709906400000,-0.00419240317187745,0.006721757008800944,-0.009830032265182219
LTCUSDT,1709917200000,2024,LONG,-0.023425773651292014,2.1399080795345782e-05,1709920800000,-0.0032062319920398877,-0.0038946211885681112,0.010462963641093172
LTCUSDT,1709928000000,2024,SHORT,0.009135848795438712,-0.00612194625140592,1709931600000,0.01095776287850898,-0.01442603627159631,-0.0032866805808894864
LTCUSDT,1710154800000,2024,LONG,-0.008893086245273601,0.03676037071592378,1710158400000,0.011952333523841173,0.06601406946599826,0.09309276693228968
LTCUSDT,1710169200000,2024,SHORT,0.0481161523073748,-0.01815188468849572,1710172800000,-0.027463017225056976,-0.037498943752842795,0.02206228741092725
LTCUSDT,1710172800000,2024,LONG,-0.01815188468849572,0.026618085767255297,1710176400000,0.00908358303915402,0.012883701615662126,-0.045994153494679293
LTCUSDT,1710349200000,2024,SHORT,0.016403539549689296,-0.0030523253585123394,1710352800000,-0.00529129210878017,-0.0089064383277266,0.0005202643059966236
LTCUSDT,1710424800000,2024,LONG,-0.002782149287730956,0.042230815412575444,1710428400000,-0.009844995623703293,-0.023232076406162726,-0.04359982292086598
LTCUSDT,1710464400000,2024,SHORT,0.08186758551104358,-0.049585094547180235,1710468000000,0.03630476493043536,0.0727213148355173,0.058895165302616195
LTCUSDT,1711476000000,2024,LONG,-0.1132023595239285,0.021827310924508906,1711479600000,0.014382650635839185,0.01752763697899314,0.024100087741567622
LTCUSDT,1711641600000,2024,SHORT,0.07080716602454885,-0.019985078792475415,1711645200000,0.00031421838436066244,0.01572674769210717,0.01211625210599545
LTCUSDT,1711648800000,2024,LONG,-0.012986070152076578,0.0750266237504357,1711652400000,-0.011364362123484132,-0.0020085634957116077,0.0012664909344589992
LTCUSDT,1711652400000,2024,SHORT,0.0750266237504357,-0.012452249408636,1711656000000,-0.003943937319206121,-0.00606933663151966,0.004388554006202813
LTCUSDT,1711681200000,2024,LONG,-0.05025639928213131,0.0059591599753486615,1711684800000,-0.002963592346886445,-0.014906579258407235,0.09816921601226504
LTCUSDT,1711688400000,2024,SHORT,0.0017392763421126551,-0.0009813093880113874,1711692000000,-0.006773229407895896,-0.04424397611914809,-0.11852609603768813
LTCUSDT,1711695600000,2024,LONG,-0.0015572129386000285,0.03802730574605871,1711699200000,0.028549200521253877,0.09420770302272216,0.1248728635264685
LTCUSDT,1711915200000,2024,SHORT,0.06372408019291771,-0.06172497515410577,1711918800000,0.004162336914687411,-0.01023723427475383,0.0009444655027717261
LTCUSDT,1711940400000,2024,LONG,-0.012640717774491604,0.022400919456937746,1711944000000,0.006066386479458106,-0.01537506264140915,-0.11152484594388883
LTCUSDT,1712037600000,2024,SHORT,0.024075640821354508,-0.024078511177203752,1712041200000,0.0017148337283429537,-0.008730174358024746,-0.07305636403289589
LTCUSDT,1712044800000,2024,LONG,-0.007236044382519922,0.01632273094563091,1712048400000,0.023471236114084894,0.0467933263793278,0.08898001519245909
LTCUSDT,1712055600000,2024,SHORT,0.043101332068541554,-0.003950744152436607,1712059200000,-0.0020446918179579648,-0.03165731987069164,-0.040681633792956105
LTCUSDT,1712059200000,2024,LONG,-0.003950744152436607,0.01697323739129905,1712062800000,-0.009087862419089713,0.030087543095315996,0.0288596798950057
LTCUSDT,1712192400000,2024,SHORT,0.0123313170659267,-0.02434202288049631,1712196000000,-0.008859746371138521,-0.007173488966165162,-0.006080864074747711
LTCUSDT,1712484000000,2024,LONG,-0.009041855449129294,0.001496907072809605,1712487600000,0.0006788537330966109,0.004549202057428887,-0.022565462531712207
LTCUSDT,1712563200000,2024,SHORT,0.008348570504973259,-0.031738473166935545,1712566800000,-0.012265425931369848,0.009805885148956887,0.002586332204655846
LTCUSDT,1712570400000,2024,LONG,-0.0020455339134969404,0.02331883447217139,1712574000000,-0.01039837654613523,-0.019743788750082193,-0.010782032794846705
LTCUSDT,1712703600000,2024,SHORT,0.00811322951978765,-0.013305889758948143,1712707200000,-0.0029669058542922725,0.0027702269806444716,0.009470937583764421
LTCUSDT,1712707200000,2024,LONG,-0.013305889758948143,0.017010982544131723,1712710800000,-0.0012267431511855862,-0.003787301727443203,-0.027552234808098132
LTCUSDT,1712714400000,2024,SHORT,0.0406468986336707,-0.02421760402161933,1712718000000,-0.010742795186209497,-0.01637776732227825,0.003328828622656371
LTCUSDT,1712865600000,2024,LONG,-0.10289836483022712,0.027297545554058854,1712869200000,-0.0065580621460729375,-0.0022148403295527874,-0.017243555360446992
LTCUSDT,1712926800000,2024,SHORT,0.015600780402089296,-0.11095405753306925,1712930400000,-0.006682004398496409,0.061902150267784097,0.13589868318363504
LTCUSDT,1713405600000,2024,LONG,-0.059108388220724735,0.004147429625976152,1713409200000,-0.0028598092229373626,-0.014885508450890204,0.014911854354054491
LTCUSDT,1713409200000,2024,SHORT,0.004147429625976152,-0.01667386846561074,1713412800000,0.002368635402753299,0.014170404522386233,-0.01568998768904159
LTCUSDT,1713430800000,2024,LONG,-0.0739629782296668,0.04405179341444377,1713434400000,-0.0026848929968095363,-0.01115275975779867,-0.011769168579633936
LTCUSDT,1713448800000,2024,SHORT,0.00986867880774086,-0.012714844690750404,1713452400000,0.0022039925659819585,0.01739603427187289,0.04746398913388585
LTCUSDT,1713974400000,2024,LONG,-0.0015958354317747116,0.0006156476959534378,1713978000000,0.01754740896374023,-0.0007130972491388453,-0.005838562906871943
LTCUSDT,1713985200000,2024,SHORT,0.0020717396002816607,-0.015576140228583215,1713988800000,0.004981034966490411,0.015979352645040013,0.0158591531136734
LTCUSDT,1714035600000,2024,LONG,-0.04817871671983253,0.017321159454297796,1714039200000,-0.005049301422700031,-0.001560156332064549,0.010734835910496817
LTCUSDT,1714100400000,2024,SHORT,0.04804274059863133,-0.017102948582317767,1714104000000,-0.0032917970002146117,-0.0028222031902234252,-0.02373860597789864
LTCUSDT,1714107600000,2024,LONG,-0.006009570426014937,0.003345921713370839,1714111200000,0.00408616527918167,-0.006572793615891522,0.020036572787947224
LTCUSDT,1714114800000,2024,SHORT,0.005297702470022314,-0.005016008312780991,1714118400000,-0.004218426691511145,-0.0005869578145857328,-0.03291860436044171
LTCUSDT,1714118400000,2024,LONG,-0.005016008312780991,0.0018807271584156324,1714122000000,-0.007040629881734325,0.022088206476009894,0.03244273945159079
LTCUSDT,1714122000000,2024,SHORT,0.0018807271584156324,-0.0016458870929702456,1714125600000,-0.0023521121040476394,-0.032550507946149776,-0.0376661901081714
LTCUSDT,1714129200000,2024,LONG,-0.010856639011881655,0.0007007667509056007,1714132800000,0.02560232512103382,0.020212094741188066,0.032555108586494956
LTCUSDT,1714154400000,2024,SHORT,0.0011718336274907028,-0.0034345965858969332,1714158000000,-0.0002272727282511016,0.006384698464669656,0.014884634776920274
LTCUSDT,1714158000000,2024,LONG,-0.0034345965858969332,0.008823251685561731,1714161600000,0.0036289447854350905,0.00022719527531572334,-0.018923668090751057
LTCUSDT,1714222800000,2024,SHORT,0.03357695424179656,-7.089572346794133e-05,1714226400000,-0,0.003072199036970252,0.005323251465514077
LTCUSDT,1714737600000,2024,LONG,-0.0051929576013730215,0.001206973364019479,1714741200000,0.005770073095626208,0.006504287519211058,0.012237059211580656
LTCUSDT,1714741200000,2024,SHORT,0.001206973364019479,-0.0038403268917079642,1714744800000,0.000734753890513295,-0.00146789017182891,-0.0018345262895931543
LTCUSDT,1714744800000,2024,LONG,-0.0038403268917079642,0.0039391296112421025,1714748400000,0.0031804308154291,-0.0008580009106368183,0.004400985098531954
LTCUSDT,1714748400000,2024,SHORT,0.0039391296112421025,-0.011610758819978336,1714752000000,0.0015889510157259166,0.003057919329824211,-0.0007325113256361956
LTCUSDT,1714759200000,2024,LONG,-0.00266924561360051,0.021511961464878573,1714762800000,0.0009805123962416211,0.003060914541678398,0.0018376727989344863
LTCUSDT,1714766400000,2024,SHORT,0.0010339001235801593,-0.019728846103359406,1714770000000,0.004020228354283596,0.00036480817574890875,0.004020228354283596
LTCUSDT,1714773600000,2024,LONG,-0.002409649752950347,0.015157799718332454,1714777200000,0.000366680930589066,0.002198071467490213,0.012995871252249906
LTCUSDT,1714780800000,2024,SHORT,0.016267008078317675,-0.011687040440364893,1714784400000,0.004754077339433058,0.0023132657786242797,-0.004005102750448441
LTCUSDT,1714784400000,2024,LONG,-0.011687040440364893,0.010479047806988263,1714788000000,0.0017091934328204586,0.001587205021568125,0.004510827520670888
LTCUSDT,1714993200000,2024,SHORT,0.015292844567573016,-0.014319771230016086,1714996800000,0.016784467536833138,0.007438605118595427,0.019506230939199152
LTCUSDT,1715011200000,2024,LONG,-0.014591639244667652,0.0015113145375109656,1715014800000,0.0031933213085417783,-0.0013540963477292579,-0.007284432482577849
LTCUSDT,1715014800000,2024,SHORT,0.0015113145375109656,-0.0039963734068883,1715018400000,0.0031933213085418703,0.004177936772703417,0.013829088151045135
LTCUSDT,1715108400000,2024,LONG,-0.0037648234738240473,0.05247334930161927,1715112000000,-0.004387040913766182,-0.01778860621523757,-0.028740800320483564
LTCUSDT,1715140800000,2024,SHORT,0.003409367519840253,-0.019468566027484133,1715144400000,-0.0007492507843018824,-0.0001249141217039995,-0.020035297927460585
LTCUSDT,1715173200000,2024,LONG,-0.05087199606633758,0.012032219010597428,1715176800000,-0.0025692801801065327,-0.003672424252263694,0.0017091934328204586
LTCUSDT,1715256000000,2024,SHORT,0.01910733512684868,-0.0025805495850561894,1715259600000,0.007972078769937484,0.002813629600992406,-0.01707786918347094
LTCUSDT,1715284800000,2024,LONG,-0.011065677796717415,0.0001599531876015005,1715288400000,0.0012140343848771656,0.011474248721933731,0.010633256301368878
LTCUSDT,1715292000000,2024,SHORT,0.008108435947709134,-0.001965998886212781,1715295600000,-0.0012052550573138233,-0.0019277114403327027,-0.0036114159872162725
LTCUSDT,1715832000000,2024,LONG,-0.0432889934110689,0.010189536271767479,1715835600000,-0.001456841340583618,-0.002915808164727662,0.0071320942997564335
LTCUSDT,1716458400000,2024,SHORT,0.06525224872750458,-0.01896658875787241,1716462000000,-0.019175821491658845,0.004676183409977008,0.006083313098065037
LTCUSDT,1716465600000,2024,LONG,-0.008156665074611791,0.03352273673438036,1716469200000,-0.003939293704988377,-0.02056147203780183,-0.002315351809997203
LTCUSDT,1716494400000,2024,SHORT,0.05906050134819576,-0.004859419586647156,1716498000000,-0.019316829821925285,-0.03191321750761099,-0.023065662703445015
LTCUSDT,1717552800000,2024,LONG,-0.013631971579674707,0.0012679887670173887,1717556400000,0.003458766642106122,0.005480771493970006,0.004886488478916184
LTCUSDT,1717761600000,2024,SHORT,0.0009905173631885,-0.11226977977089894,1717765200000,-0.0019040824507960406,0.005374751666740094,0.044576303326957195
LTCUSDT,1718528400000,2024,LONG,-0.008609479573824947,0.0009875512815343743,1718532000000,0.0016316288527220856,-0.005163414280106636,-0.01225923726157566
LTCUSDT,1718532000000,2024,SHORT,0.0009875512815343743,-7.013162279535263e-05,1718535600000,0.005532517569725667,0.00957547948862625,0.0108422645579557
LTCUSDT,1718622000000,2024,LONG,-0.007775201583711354,0.0013319553970289671,1718625600000,0.0014244094347508683,-0.01028989867214161,-0.007936033324812812
LTCUSDT,1718625600000,2024,SHORT,0.0013319553970289671,-0.006356930092352488,1718629200000,0.005578995982081849,0.006750642278972657,0.013809495118597198
LTCUSDT,1718629200000,2024,LONG,-0.006356930092352488,0.0052823891612026,1718632800000,0.003635895448129256,0.0060956028181103385,-0.055911859864496635
LTCUSDT,1718636400000,2024,SHORT,0.0018873826891540116,-0.00729564518135472,1718640000000,-0.005223989939514278,-0.014171725186313133,0.04362479259506827
LTCUSDT,1718640000000,2024,LONG,-0.00729564518135472,0.044839640949882645,1718643600000,0.007397347339343893,0.001041531144797623,-0.045026252282835674
LTCUSDT,1718650800000,2024,SHORT,0.03106070849379729,-0.0022507665480058668,1718654400000,0.007906204102001243,0.011686926941907224,0.054928251115101856
LTCUSDT,1718668800000,2024,LONG,-0.011282438854939075,0.01860320204906902,1718672400000,-0.047551262503638426,-0.03796739944321103,-0.05861791300440234
LTCUSDT,1718744400000,2024,SHORT,0.010722294386285308,-0.009188110385671609,1718748000000,-0.0016535762345754436,-0.015463872981375732,-0.018446926040915818
LTCUSDT,1718755200000,2024,LONG,-0.002385268130995504,0.0015381568674888483,1718758800000,0.007907334997740698,0.02059135338353827,0.009264371438861847
LTCUSDT,1718758800000,2024,SHORT,0.0015381568674888483,-0.028454034221261467,1718762400000,-0.011743402824748287,-0.006631054813946781,-0.0035239938881560903
LTCUSDT,1718928000000,2024,LONG,-0.0048657844997084514,0.003927702638677895,1718931600000,0.0009410500123123681,-0.0001345080370578268,-0.01654499362330422
LTCUSDT,1718931600000,2024,SHORT,0.003927702638677895,-0.011623388221952854,1718935200000,0.0016137711947629672,0.004039321501317319,0.026552039797286427
LTCUSDT,1718960400000,2024,LONG,-0.0026752587660770046,0.03686870590908783,1718964000000,-0.004248618739274856,-0.008929244024704552,0.009798663048702222
LTCUSDT,1718964000000,2024,SHORT,0.03686870590908783,-0.018026463884504712,1718967600000,-0.004385370876240093,-0.0061614489440486265,-0.016887232307187982
LTCUSDT,1718971200000,2024,LONG,-0.019206460938148984,0.0029581413268820154,1718974800000,-0.008929244024704552,0.0012300965126565558,0.010610900808261471
LTCUSDT,1718974800000,2024,SHORT,0.0029581413268820154,-0.02320466366322679,1718978400000,-0.01084207422947833,-0.0031687014182836884,-0.018186048485236816
LTCUSDT,1718985600000,2024,LONG,-0.008623979201304807,0.037477683572680255,1718989200000,-0.006854036427792145,0.011139905990743977,0.01046418463251043
LTCUSDT,1718989200000,2024,SHORT,0.037477683572680255,-0.015466167674023305,1718992800000,-0.013932748262148796,-0.015559205655123065,-0.017588564397985857
LTCUSDT,1718992800000,2024,LONG,-0.015466167674023305,0.03993929059602984,1718996400000,0.004467012504099449,0.0046020655126103585,0.005546926215961843
LTCUSDT,1719014400000,2024,SHORT,0.027304573097676952,-0.008265851249109108,1719018000000,0.001354096347729369,-0.0009467776456201735,-0.0017575885008508751
LTCUSDT,1719028800000,2024,LONG,-0.0015031392670419104,0.036242064027255355,1719032400000,0.0002703433376833142,0.0008108108552307881,0.0033740500326753125
LTCUSDT,1719032400000,2024,SHORT,0.036242064027255355,-0.0004514527376232044,1719036000000,-0.0017554524796995373,-0.003103706694992063,-0.004719215931646596
LTCUSDT,1719036000000,2024,LONG,-0.0004514527376232044,0.005898148342525832,1719039600000,-0.0009448607033513838,0.004173684954660289,0.0025601307522189155
LTCUSDT,1719050400000,2024,SHORT,0.022802647306851078,-0.008090283863213078,1719054000000,0.001882733208104461,0.0012099215027133094,-0.0020132883788553315
LTCUSDT,1719057600000,2024,LONG,-0.0021002986000950878,0.003113556053596137,1719061200000,0.0033708654584181635,0.0024281679271546926,0.007132793850406428
LTCUSDT,1719064800000,2024,SHORT,0.001335736449439714,-0.01369750493940117,1719068400000,0.002693604322222845,0.0005381407367860613,-0.004964121014423243
LTCUSDT,1719072000000,2024,LONG,-0.003953965576769202,0.010559238354682405,1719075600000,0.0014807837396505373,0.00483806883761627,0.00591002391815469
LTCUSDT,1719075600000,2024,SHORT,0.010559238354682405,-0.0009644175083861886,1719079200000,0.0002691065678242033,-0.004429834749235621,-0.004429834749235621
LTCUSDT,1719079200000,2024,LONG,-0.0009644175083861886,0.0010734331742980325,1719082800000,0.005770666218485327,0.003761423026961239,0.004163594759709456
LTCUSDT,1719172800000,2024,SHORT,0.02301539185354049,-0.020243517824853213,1719176400000,-0.005269214380189597,0.007478449429979978,0.03263179322597594
LTCUSDT,1719183600000,2024,LONG,-0.005289953275563667,0.022904847866700325,1719187200000,-0.0010912564171181678,-0.011931842854266727,-0.048033804065096865
LTCUSDT,1719187200000,2024,SHORT,0.022904847866700325,-0.01883311216062346,1719190800000,0.005474965770250695,0.019294975665295727,0.061648897231193066
LTCUSDT,1719216000000,2024,LONG,-0.05075677402866191,0.004701440850481342,1719219600000,-0.015230868397418855,-0.03663204425640113,-0.04274827127383722
LTCUSDT,1719219600000,2024,SHORT,0.004701440850481342,-0.0023646275394451207,1719223200000,0.003844241937913266,0.009710200528030196,0.014745095721580236
LTCUSDT,1719223200000,2024,LONG,-0.0023646275394451207,0.006755054961579316,1719226800000,-0.0027140935166505916,-0.014512791539840808,-0.014078669544744127
LTCUSDT,1719226800000,2024,SHORT,0.006755054961579316,-0.0029996463958733345,1719230400000,0.014842840404418469,0.01600495558459575,0.0038695856239054057
LTCUSDT,1719511200000,2024,LONG,-0.003203502430998123,0.0033783700555049586,1719514800000,0.0023356471427172037,0.006854036427792213,0.007263788533504807
LTCUSDT,1719522000000,2024,SHORT,0.0017477293853316494,-0.002973750356650961,1719525600000,-0.003421145998471171,-0.00941408139608248,-0.01293855298536142
LTCUSDT,1719540000000,2024,LONG,-0.02037209997928092,0.0028294176689481415,1719543600000,0.004890649606756241,-0.002727398390540812,-0.005051550096382774
LTCUSDT,1720065600000,2024,SHORT,0.003135536668073144,-0.0029959637835944865,1720069200000,0.002266932112776117,0.013822806480571723,0.02856721929841409
LTCUSDT,1720072800000,2024,LONG,-0.00549660525770836,0.0014449783480358653,1720076400000,-0.006461362130719157,-0.0010023627960326533,-0.034064428977608786
LTCUSDT,1720076400000,2024,SHORT,0.0014449783480358653,-0.010132376911299184,1720080000000,-0.0038818250167871396,-0.0031641044663481615,0.022286262120084502
LTCUSDT,1720087200000,2024,LONG,-0.055853681446490604,0.004953630915172994,1720090800000,-0.002294894868338402,-0.025244340695567045,-0.04213613364970355
LTCUSDT,1720094400000,2024,SHORT,0.0060581838928632364,-0.058525230808589124,1720098000000,-0.003363805731252749,-0.005988479154023921,0.07860317393139352
LTCUSDT,1720137600000,2024,LONG,-0.054757225426233604,0.018397244294981834,1720141200000,-0.006199844992238017,-0.0631237801475694,-0.05857640389040678
LTCUSDT,1720144800000,2024,SHORT,0.002714257311245061,-0.004213171029826422,1720148400000,-0.001707359130822735,0.0010258164688236775,-0.029133996218840708
LTCUSDT,1720148400000,2024,LONG,-0.004213171029826422,0.00035007556234122137,1720152000000,0.0105210541168518,0.0008525876550222038,0.04159958362407772
LTCUSDT,1720155600000,2024,SHORT,0.000490288412701048,-0.007907924784618334,1720159200000,0.018473536118209188,0.008431753157937765,-0.027657637715957296
LTCUSDT,1720533600000,2024,LONG,-0.011814055188536883,3.146257283895773e-05,1720537200000,0.005632102565654523,0.003656868314088893,-0.008893036223389538
LTCUSDT,1720540800000,2024,SHORT,0.00016079116464143907,-0.0016425895755249433,1720544400000,0.0007608613316917737,0.0027418143604443497,-0.003492524998706208
LTCUSDT,1720544400000,2024,LONG,-0.0016425895755249433,0.001242080009884771,1720548000000,0.001065205913700955,-0.004272206681019759,0.0007609771313120822
LTCUSDT,1720990800000,2024,SHORT,0.007294664176916825,-0.008437829134400379,1720994400000,0.002427358941543561,0.0005706134248978464,-0.0014251106872522877
LTCUSDT,1721001600000,2024,LONG,-0.001228051560370005,0.004542020890152468,1721005200000,-0.002849816690760456,0.0031254464993266187,-0.004992521603120871
LTCUSDT,1721008800000,2024,SHORT,0.004278283723145358,-0.03529685638808184,1721012400000,0.00014119308177368265,0.005521356137525908,0.0032524952663349482
LTCUSDT,1721113200000,2024,LONG,-0.0030233997442667246,0.028938197151842794,1721116800000,-0.00224940345092372,0.005461815972566648,0.027835349698056802
LTCUSDT,1721138400000,2024,SHORT,0.023247799292452596,-0.013622272722238584,1721142000000,-0.007348971561377963,0.003146592650249635,-0.007348971561377963
LTCUSDT,1721145600000,2024,LONG,-0.008281995315636939,0.0014343353100589983,1721149200000,-0.004773278752657548,-0.004089985251525055,0.0035311730295473644
LTCUSDT,1721160000000,2024,SHORT,0.003126912833412788,-0.0006102179619693053,1721163600000,0.0036953439711241453,-0.00653597097978567,0.007266776338721406
LTCUSDT,1721170800000,2024,LONG,-0.004740328092625366,0.005717160601861808,1721174400000,0.006945891051112926,0.003819401723947653,-0.010717332590888516
LTCUSDT,1721174400000,2024,SHORT,0.005717160601861808,-0.0032063775724800116,1721178000000,0.001358142270423215,-0.0010851873012869833,0.012977437780602138
LTCUSDT,1721232000000,2024,LONG,-0.03549092648841862,0.015138171064508208,1721235600000,0.005975144574912183,0.004588758660351894,0.001531927045642151
LTCUSDT,1721264400000,2024,SHORT,0.006908422187699399,-0.014527658308092443,1721268000000,-0.0011078799083597633,0.004026385168823683,-0.004562114776447161
LTCUSDT,1721314800000,2024,LONG,-0.0010907385489831287,0.0002660839121091294,1721318400000,-0.0011234378375801655,-0.003937566611868412,0.005179545421526689
LTCUSDT,1721404800000,2024,SHORT,0.07315370338053002,-0.05792467557124007,1721408400000,-0.00027412280873409886,-0.0006851661795965106,-0.0017804565410111802
LTCUSDT,1721584800000,2024,LONG,-0.06347957447585026,0.08413595282681759,1721588400000,0.011136431860045754,0.01984871130734023,0.008946450147112218
LTCUSDT,1721649600000,2024,SHORT,0.004514992769501337,-0.003892071344735674,1721653200000,0.010705564775986703,0.024880343521300263,0.021666479230501533
LTCUSDT,1721656800000,2024,LONG,-0.008689003332604636,0.01099438077811418,1721660400000,0.0022256233974867617,-0.0004178564027649323,0.006108584870315345
LTCUSDT,1721696400000,2024,SHORT,0.014631231569746436,-0.009378883573398956,1721700000000,-0.00013841788381153,0.021265490779341974,0.0061094330545514285
LTCUSDT,1721732400000,2024,LONG,-0.004173376141516187,0.008389496399674469,1721736000000,0.00041594454672475907,0.0029079851552527643,0.010347060651749536
LTCUSDT,1721754000000,2024,SHORT,0.012833690654856074,-0.0014372836297158844,1721757600000,-0.00488520756604912,-0.00738833778416793,-0.007666076988841705
LTCUSDT,1721757600000,2024,LONG,-0.0014372836297158844,0.00741600276610827,1721761200000,0.0056932737270854045,0.005831729940529409,0.004862133632141978
LTCUSDT,1721908800000,2024,SHORT,0.02221724826762285,-0.005096616138126742,1721912400000,0.0002945074384413241,-0.01838126150593091,-0.022276527197260833
LTCUSDT,1722225600000,2024,LONG,-0.013897149197046575,0.0042264212165938056,1722229200000,0.0023152887428164017,0.01676621210749467,0.010444313320087434
LTCUSDT,1722236400000,2024,SHORT,0.01603937261294367,-0.0019383364989556087,1722240000000,0.004281515772499101,-0.01154854542010814,0.01127831503770719
LTCUSDT,1722240000000,2024,LONG,-0.0019383364989556087,0.061942810735461935,1722243600000,0.01265586731723898,0.021748636033110526,-0.003760917797693991
LTCUSDT,1722499200000,2024,SHORT,0.024816183932478177,-0.024831633138798995,1722502800000,0.0008521517345663515,-0.002976825502531197,0.03510653044045796
LTCUSDT,1722520800000,2024,LONG,-0.0034030136208364602,0.0014306906967870461,1722524400000,-0.0058360247345419225,-0.03072619854209412,-0.004958446793182903
LTCUSDT,1722546000000,2024,SHORT,0.003487104243014996,-0.004162577116754666,1722549600000,-0.015734716543376007,-0.001889672776863865,-0.0045002616416587125
LTCUSDT,1722553200000,2024,LONG,-0.0069674925666789855,0.0044163803191710396,1722556800000,-0.0023034850381118744,-0.009681457023108466,-0.00910082121059886
LTCUSDT,1722610800000,2024,SHORT,0.008562731124669648,-0.0066120154017538365,1722614400000,0.0025987937885472655,0.006432860290369254,0.0038240964384033942
LTCUSDT,1722625200000,2024,LONG,-0.0030344982154968847,0.002736666749263911,1722628800000,0.0061265316456661605,-0.0010760127085367788,0.00871898448915064
LTCUSDT,1722650400000,2024,SHORT,0.007947395907634268,-0.028568747249467688,1722654000000,-0.006457587015898627,-0.01606644612253528,-0.018643571781429974
LTCUSDT,1722697200000,2024,LONG,-0.008956951324086993,0.0005175858393326166,1722700800000,-0.00370885914252291,-0.03324753463197485,0.0026188107087327566
LTCUSDT,1722700800000,2024,SHORT,0.0005175858393326166,-0.011791467521261161,1722704400000,0.02049027658498296,0.02587770840812065,0.0006194827517299141
LTCUSDT,1722708000000,2024,LONG,-0.0030269091921559525,0.006804925521737592,1722711600000,-0.00825794751559227,0.016625226083073662,0.026376870575868638
LTCUSDT,1722711600000,2024,SHORT,0.006804925521737592,-0.0037965689502012898,1722715200000,-0.003820443997385728,-0.0301625127574773,-0.02752828174632129
LTCUSDT,1722733200000,2024,LONG,-0.008414484358937302,0.004899392200480861,1722736800000,0.0026236607379828596,0.002161161693278122,0.0015441633704500334
LTCUSDT,1722906000000,2024,SHORT,0.0005338986993297168,-0.002582031366336415,1722909600000,0.0003450655658806951,-0.005333345975362603,0.017927553501750054
LTCUSDT,1723006800000,2024,LONG,-0.006068454130369783,0.0010824650104023581,1723010400000,-0.0061381266887854296,-0.005796129421430075,-0.03564391169372971
LTCUSDT,1723010400000,2024,SHORT,0.0010824650104023581,-0.006074901693010052,1723014000000,-0.0015380674654770434,0.001540436761610387,0.04997095338176032
LTCUSDT,1723039200000,2024,LONG,-0.0034789647452781545,0.00015074614066098953,1723042800000,0.0070385650427339415,-0.017996031319894933,0.02974908431386164
LTCUSDT,1723068000000,2024,SHORT,0.011008549046689829,-0.00104882893234419,1723071600000,0.007299952296203155,-0.03435086234609174,-0.02729828301504909
LTCUSDT,1723071600000,2024,LONG,-0.00104882893234419,0.006144228415072755,1723075200000,-0.0003573981453338504,0.03441955220526466,0.03493728454921335
LTCUSDT,1723078800000,2024,SHORT,0.0010763074792774683,-0.0026548307408028795,1723082400000,-0.015372960144810668,-0.01159483440731743,-0.010045113907752113
LTCUSDT,1723086000000,2024,LONG,-0.005144575688820877,0.0007949876781155745,1723089600000,-0.0031120357066298705,0.002930278749332774,0.025563764270036454
LTCUSDT,1724742000000,2024,SHORT,0.012427028761431279,-0.009973680447070744,1724745600000,0.0003163055537996449,0.005708864220320204,-0.003945400841087229
LTCUSDT,1724767200000,2024,LONG,-0.0044549317693413325,0.009856798122635728,1724770800000,0.0028648754275450894,0.014557219091414695,-0.03718262570173037
LTCUSDT,1724774400000,2024,SHORT,0.00973032362671448,-0.005766296873659146,1724778000000,-0.006646645770301633,-0.005541934855460293,0.036873517607425854
LTCUSDT,1724792400000,2024,LONG,-0.018319396768490637,0.0035016403260393677,1724796000000,-0.013650405197456658,-0.016137350025628206,0.006999296093086866
LTCUSDT,1724796000000,2024,SHORT,0.0035016403260393677,-0.004580419044390221,1724799600000,0.0008282945888947203,-0.0009930487409918532,-0.018538796877578773
LTCUSDT,1724799600000,2024,LONG,-0.004580419044390221,0.00998883273483768,1724803200000,-0.0028213444986546813,0.0067718484897427295,0.01936709146647353
LTCUSDT,1724806800000,2024,SHORT,0.009908314191647298,-0.020217023280462234,1724810400000,-0.0034799935691636496,-0.010075235941897923,-0.012045356428086474
LTCUSDT,1724911200000,2024,LONG,-0.004686171942681302,0.004521314298386533,1724914800000,0.005297387779330013,0.006577387954092637,-0.005649276585166906
LTCUSDT,1724914800000,2024,SHORT,0.004521314298386533,-0.005822578828632652,1724918400000,0.004332136739134682,0.0051364478900312,-0.009718868820627419
LTCUSDT,1724958000000,2024,LONG,-0.03662154511825086,0.001811692982088015,1724961600000,-0.017110835630468318,-0.010199291601907077,0.013543514103075704
LTCUSDT,1724968800000,2024,SHORT,0.011825295527331268,-0.038056629947530764,1724972400000,-0.008202699792180976,-0.007561776841223358,-0.02346289101460328
LTCUSDT,1725004800000,2024,LONG,-0.008901162491276227,0.004380446947659924,1725008400000,0.001581528085459335,0.001739543413274782,0.02052237764834679
LTCUSDT,1725008400000,2024,SHORT,0.004380446947659924,-0.004530845758129916,1725012000000,-0.0017367968366764767,0.0022148403295528985,-0.028201604124897483
LTCUSDT,1725026400000,2024,LONG,-0.011218346597127138,0.0009785719419385201,1725030000000,-0.004524163476939568,0.027351045053509413,0.05763298192475027
LTCUSDT,1725044400000,2024,SHORT,0.036120051239487416,-0.0027618307843173063,1725048000000,0.0007750136015298816,-0.005562437086228542,-0.01674772186181548
LTCUSDT,1725048000000,2024,LONG,-0.0027618307843173063,0.01655226850016349,1725051600000,0.00926075456200998,0.01340027752946142,0.010949295910321483
LTCUSDT,1725811200000,2024,SHORT,0.008964814552359488,-0.026717733212954644,1725814800000,-0.009371215313251583,-0.0016504377405436258,0.004801731222808183
LTCUSDT,1726084800000,2024,LONG,-0.0030466238981612485,0.0030063280403722394,1726088400000,0.0012919898438025052,0.003709980866346225,0.0016147266547368014
LTCUSDT,1726088400000,2024,SHORT,0.0030063280403722394,-0.004843675948092285,1726092000000,-0.004669519796149186,-0.0024179910225436514,0.0029093280582322524
LTCUSDT,1726092000000,2024,LONG,-0.004843675948092285,0.00016568187384532847,1726095600000,-0.0016077173880968524,-0.004024150299725491,-0.010334340318337708
LTCUSDT,1726113600000,2024,SHORT,0.0014877164653769087,-0.0062490805353496055,1726117200000,-0.0032175059932279455,0.0012899066606320202,-0.010419265534695243
LTCUSDT,1726192800000,2024,LONG,-0.012295235894837924,0.002764722106752727,1726196400000,-0.003676180916233316,0.0041394741484406675,0.019902726143875202
LTCUSDT,1726218000000,2024,SHORT,0.01247524336889027,-0.00158020303678493,1726221600000,0.0011026227784836635,-0.002515724597247149,-0.019178883640766857
LTCUSDT,1726228800000,2024,LONG,-0.002815029676368713,0.014407722324773373,1726232400000,-0.0007848677900751044,0.01464200613229884,0.01865435719419281
LTCUSDT,1726232400000,2024,SHORT,0.014407722324773373,-0.0014993800467976816,1726236000000,-0.00391757924842099,-0.009532066860299185,-0.025117599531291352
LTCUSDT,1726236000000,2024,LONG,-0.0014993800467976816,0.003126963125386483,1726239600000,0.014748385001381639,0.011970605437479315,0.02242419794148933
LTCUSDT,1726239600000,2024,SHORT,0.003126963125386483,-0.021909410010001688,1726243200000,0.003396113174575622,0.0063384304347041745,-0.00599218202277455
LTCUSDT,1726272000000,2024,LONG,-0.025488689049921034,0.0036219778227680483,1726275600000,0.0056813972398660284,0.004455719133304776,0.011178433528181398
LTCUSDT,1726704000000,2024,SHORT,0.03117464541382494,-0.01196199525506395,1726707600000,0.0046097192876091535,0.0044557191333048285,-0.003672536644995388
LTCUSDT,1726707600000,2024,LONG,-0.01196199525506395,0.015319925708636682,1726711200000,0.003996316416052345,0.0016926987191598483,0.00491627968240736
LTCUSDT,1726754400000,2024,SHORT,0.0019201635821847634,-0.0010740785864882302,1726758000000,-0.0032216028477052103,-0.010850568747069684,-0.005210739759400884
LTCUSDT,1726758000000,2024,LONG,-0.0010740785864882302,0.004769791921405803,1726761600000,0.007324922114717321,0.004584360107102016,0.009754687926666178
LTCUSDT,1727672400000,2024,SHORT,0.008391119184070997,-0.0019511153429422527,1727676000000,0.0017644468627071967,0.018833506917260007,0.01182221542234553
LTCUSDT,1727683200000,2024,LONG,-3.585745059136644e-05,0.0011720062195301922,1727686800000,-0.017216216261131175,-0.011246049274627329,-0.008719481831162638
LTCUSDT,1727766000000,2024,SHORT,0.003350224312449638,-0.010948732490309832,1727769600000,0.0008804109152695907,0.0013209072148817746,0.0695377963636807
LTCUSDT,1727769600000,2024,LONG,-0.010948732490309832,0.001672959620073681,1727773200000,0.004248779375277793,-0.0013222656741776753,-0.0795778815468322
LTCUSDT,1727776800000,2024,SHORT,0.0031807155371354474,-0.0011052717067765985,1727780400000,0.004688653278031219,0.037987735824688375,0.07763368362277609
LTCUSDT,1727780400000,2024,LONG,-0.0011052717067765985,0.0018673217335833546,1727784000000,-0.0008817046860693468,-0.04245743806231582,-0.07185073675894824
LTCUSDT,1727812800000,2024,SHORT,0.035599179503318465,-0.008168767693488226,1727816400000,-0.011696039763191236,-0.011853161297020656,-0.025274086837755526
LTCUSDT,1728014400000,2024,LONG,-0.005935929976368526,0.0013218928859850896,1728018000000,0.0046649128290326535,0.0007789982476979337,0.012237779558349492
LTCUSDT,1728018000000,2024,SHORT,0.0013218928859850896,-0.0009983844250285915,1728021600000,0.006224732206279525,0.002640778233696287,-0.004025396362944458
LTCUSDT,1728021600000,2024,LONG,-0.0009983844250285915,0.002844129180196692,1728025200000,0.004049849771978893,0.00031210986520547473,0.01533368539427545
LTCUSDT,1728028800000,2024,SHORT,0.000596211954452648,-0.005812566079838605,1728032400000,-0.001089409492227491,-0.0029542118974313827,-0.01207258123426924
LTCUSDT,1728032400000,2024,LONG,-0.005812566079838605,0.0042337264487666195,1728036000000,-0.00296019535317631,-0.00155690518760094,0.008211371570312776
LTCUSDT,1728043200000,2024,SHORT,0.0031320968734874243,-0.008450049759846173,1728046800000,0.003577264877088362,-0.008348842557809287,-0.014182448293859581
LTCUSDT,1728050400000,2024,LONG,-0.0020576188839019657,0.002368900102188223,1728054000000,0.004817039848234908,0.01330671034928992,0.011306555824479847
LTCUSDT,1728057600000,2024,SHORT,0.0035734661220929538,-0.0022140994939592916,1728061200000,0.0035474703663723193,-0.0007695267790285181,-0.004608303086194181
LTCUSDT,1728061200000,2024,LONG,-0.0022140994939592916,0.0007142895749151214,1728064800000,0.005239648294969185,0.0013896396893884554,0.010299068822948365
LTCUSDT,1728064800000,2024,SHORT,0.0007142895749151214,-0.0031077430192804362,1728068400000,-0.00046093570763085516,0.0024619184615154487,-0.0065865291343135835
LTCUSDT,1728068400000,2024,LONG,-0.0031077430192804362,0.0007656316499427642,1728072000000,-0.001690877353133528,-0.0033846186156935958,0.0004606525993167127
LTCUSDT,1728075600000,2024,SHORT,0.003343923170729907,-0.00012820702245380867,1728079200000,-0.001696091687148216,-0.009063738214955704,-0.011965168058273214
LTCUSDT,1728079200000,2024,LONG,-0.00012820702245380867,0.0031610704039793805,1728082800000,-0.0003081664123001023,0.00030807147501838485,0.009048447595829052
LTCUSDT,1728082800000,2024,SHORT,0.0031610704039793805,-0.002583720839291657,1728086400000,-0.006603725142614512,0.0007707129475915513,-0.009049835519917636
LTCUSDT,1728090000000,2024,LONG,-0.0009792954298814512,0.007300844417776364,1728093600000,-0.007059575052789117,0,0.0036635669124468377
LTCUSDT,1729742400000,2024,SHORT,0.019280198904421456,-0.005995985707969209,1729746000000,0.0001425008908718144,0.011464728613465619,-0.011193882381822375
LTCUSDT,1729764000000,2024,LONG,-0.007320544244407842,9.406355004967486e-05,1729767600000,0.004734925267759401,0.019229992185898954,0.018947785326399454
LTCUSDT,1729771200000,2024,SHORT,0.002487994406371843,-0.00024834995792860897,1729774800000,-0.010550425779804177,-0.017053134585746362,-0.016771285654906504
LTCUSDT,1729778400000,2024,LONG,-0.0006257778446174575,0.020682338390338038,1729782000000,0,0.0035203866533830225,0.0032392113387230614
LTCUSDT,1729803600000,2024,SHORT,0.000749229297422685,-0.003394186541455387,1729807200000,-0.00014113330063666134,-0.005208711712942393,-0.012762251613851291
LTCUSDT,1729810800000,2024,LONG,-0.0011267641736625875,0.009556891508640761,1729814400000,-0.00267436291425744,0.002667229769637576,0.00825930361803405
LTCUSDT,1729915200000,2024,SHORT,0.026118934475807407,-0.006393552919397832,1729918800000,-0.0031714023986283693,0.002602285695798143,0.012494714345771145
LTCUSDT,1730034000000,2024,LONG,-0.008095591761943886,0.019446904024127968,1730037600000,0.0038251799846987194,0.004531943743004108,0.008762068494114506
LTCUSDT,1730815200000,2024,SHORT,0.030846390715988846,-0.017959347663876454,1730818800000,0.007389010471158946,0.003612285685913772,-0.02565954646004487
LTCUSDT,1730818800000,2024,LONG,-0.017959347663876454,0.024349421741287645,1730822400000,0.009785550422718404,-0.016012541899126254,0.041632558511475945
LTCUSDT,1730858400000,2024,SHORT,0.00645257984900538,-0.005459209648870203,1730862000000,-0.00903796239611849,-0.024731899076361055,-0.014104196001277889
LTCUSDT,1730880000000,2024,LONG,-0.0011280685150771843,0.04756406877747689,1730883600000,0.0056022555486697516,0.0035947986083872457,0.011315740595517161
LTCUSDT,1730941200000,2024,SHORT,0.07665160366961975,-0.011522186612456579,1730944800000,-0.005325871033237524,0.003942556500808929,0.012301321609820254
LTCUSDT,1730948400000,2024,LONG,-0.003703552031646224,0.06644550372753738,1730952000000,-0.006617412391592094,-0.009730035164951252,0.0023827889891911017
LTCUSDT,1732068000000,2024,SHORT,0.009034537201525559,-0.005452562391086942,1732071600000,0.006560473389445598,0.004447052384417776,-0.013799720351071769
LTCUSDT,1732071600000,2024,LONG,-0.005452562391086942,0.02115661943457939,1732075200000,-0.0016470591958748667,0.00562655335040965,0.016785567204490138
LTCUSDT,1732165200000,2024,SHORT,0.021117731538062724,-0.0026932040505893897,1732168800000,-0.040267824375842746,-0.03247702258807458,-0.029791856508388774
LTCUSDT,1732183200000,2024,LONG,-0.0241204369740347,0.01711996947590778,1732186800000,0.004688555139416561,0.0020120731134200135,-0.0021282561939699636
LTCUSDT,1732204800000,2024,SHORT,0.006651499223474709,-0.0020858398780678874,1732208400000,-0.011153160168982533,-0.00271524094864429,-0.024839048330900292
LTCUSDT,1732208400000,2024,LONG,-0.0020858398780678874,0.02946706328983617,1732212000000,0.0038014357048574803,-0.008324007568312855,0.019743320982346324
AVAXUSDT,1672894800000,2023,LONG,-0.002151234234547044,0.005460879286659912,1672898400000,-0.004812488544654764,-0.014843501351683984,-0.029995947688780708
AVAXUSDT,1672941600000,2023,SHORT,0.002822072512434534,-0.005285845921704527,1672945200000,-0.003895668883431199,0.0016985142087686442,0.02352443645516951
AVAXUSDT,1672981200000,2023,LONG,-0.002425070943337527,0.003924831596765393,1672984800000,-0.008132939793475437,-0.007438193782031058,-0.0025020503972175696
AVAXUSDT,1672988400000,2023,SHORT,0.0052852649203516035,-0.001392004487665041,1672992000000,-0.0019057524825424866,0.007135428812599231,-0.018300265856526162
AVAXUSDT,1673251200000,2023,LONG,-0.013875531105624247,0.017230479611656656,1673254800000,0.0120283993112958,0.010502600982759637,-0.01159954191831461
AVAXUSDT,1673258400000,2023,SHORT,0.01730303153817342,-0.004875219863684988,1673262000000,0.007951529787620176,0.0006402048874232718,0.022982076391924205
AVAXUSDT,1673265600000,2023,LONG,-0.0006529285805399114,0.0014218843100595976,1673269200000,-0.007258681761683271,0.0068073782280248865,-0.005398667477505322
AVAXUSDT,1673280000000,2023,SHORT,0.0015996595671174969,-0.010261009042789539,1673283600000,-0.0014356359141471005,0.028989884370995807,0.011721393030454148
AVAXUSDT,1673463600000,2023,LONG,-0.07405878763356415,0.04563568960212034,1673467200000,-0.010913217856390408,0.0843401382056969,0.05369475013700223
AVAXUSDT,1673474400000,2023,SHORT,0.08133768059175212,-0.02572240759329992,1673478000000,-0.019767269921511437,-0.020650829461479392,0.01878691455898542
AVAXUSDT,1673485200000,2023,LONG,-0.02156471951097698,0.0036678773746564226,1673488800000,-0.010292547244676096,-0.022095463627817887,-0.028242236726957623
AVAXUSDT,1673640000000,2023,SHORT,0.006511388445043048,-0.01823713624403934,1673643600000,0.0025184172474606082,-0.018503471564559507,-0.1312808585500856
AVAXUSDT,1673748000000,2023,LONG,-0.017617211392612457,0.013818262678908235,1673751600000,0.01175158894880456,0.0031187917039690325,0.02390503858383868
AVAXUSDT,1673791200000,2023,SHORT,0.01357823870314572,-0.023451198622895273,1673794800000,-0.018780729140116793,-0.005724865060080981,-0.01760619294683371
AVAXUSDT,1673967600000,2023,LONG,-0.044052818402984674,0.037453030354198634,1673971200000,-0.01052700875400325,-0.0074026275376892535,-0.029481111306179725
AVAXUSDT,1673971200000,2023,SHORT,0.037453030354198634,-0.04897974137595286,1673974800000,0.007825257694985852,0.0009107468753385908,0.010639006716117446
AVAXUSDT,1674061200000,2023,LONG,-0.021853174349311475,0.0192803205402861,1674064800000,0.0023207534539721017,-0.016335699986055375,-0.021632487568520996
AVAXUSDT,1674093600000,2023,SHORT,0.02555514816182431,-0.0470319388974083,1674097200000,-0.0006937655981332553,-0.009856626241270908,-0.009544214104642504
AVAXUSDT,1674180000000,2023,LONG,-0.03171970008827726,0.005656798642636519,1674183600000,0.0007434483955587678,-0.01215915214185627,0.0027232795192744024
AVAXUSDT,1674183600000,2023,SHORT,0.005656798642636519,-0.006420663819649677,1674187200000,0.007709563179898894,0.01177473654453353,-0.002288967561924644
AVAXUSDT,1674190800000,2023,LONG,-0.003901550936739828,0.006005328589678363,1674194400000,0,0.003381978547629219,0.03477110240688181
AVAXUSDT,1674194400000,2023,SHORT,0.006005328589678363,-0.009123138910099861,1674198000000,-0.0010659310662212787,-0.0031943906152361624,-0.03725226801150663
AVAXUSDT,1674226800000,2023,LONG,-0.021067648315916895,0.004800867980924649,1674230400000,0.015758013308637173,0.03360486345573598,0.06923592539874132
AVAXUSDT,1674230400000,2023,SHORT,0.004800867980924649,-0.021650904524658968,1674234000000,-0.004007048042642478,-0.04844827292807891,-0.050937348335478055
AVAXUSDT,1674234000000,2023,LONG,-0.021650904524658968,0.004835741509640042,1674237600000,0.0024811656046248225,0.05378654816329563,0.04339744398464079
AVAXUSDT,1674244800000,2023,SHORT,0.007726605918042005,-0.0655675388762471,1674248400000,-0.009287367382279676,-0.004683307684091099,-0.003297946114104331
AVAXUSDT,1674266400000,2023,LONG,-0.047478367984971674,0.06679657806588743,1674270000000,-0.00034594096285965527,0.0029931525253073295,-0.008161420580115604
AVAXUSDT,1674352800000,2023,SHORT,0.02566554210004231,-0.023142361252201017,1674356400000,-0.003011427979212977,-0.013451405499946199,-0.05566574375517194
AVAXUSDT,1674550800000,2023,LONG,-0.012082369767788703,0.004892139907056227,1674554400000,-0.0027337359835319297,-0.013965478789251334,-0.03664472727634255
AVAXUSDT,1674568800000,2023,SHORT,0.004942488324324785,-0.00958785742803056,1674572400000,-0.008141754733919851,0.003098033015587882,0.0710703388307524
AVAXUSDT,1674745200000,2023,LONG,-0.003977210479065154,0.01481092828611372,1674748800000,0.003923849296553266,-0.0019399723402629301,-0.012649579386638478
AVAXUSDT,1674748800000,2023,SHORT,0.01481092828611372,-0.008024931794157204,1674752400000,0.0035366968783442556,-0.0023141781224293306,0.016631359233017246
AVAXUSDT,1674781200000,2023,LONG,-0.014799000651274595,0.007873696227733883,1674784800000,0.011791059288455518,0.02460817540224584,0.015932778982976025
AVAXUSDT,1674795600000,2023,SHORT,0.006307505812349749,-0.004465698556998659,1674799200000,5.5387853457967326e-05,-0.0009964571240806072,-0.034084309829003644
AVAXUSDT,1674842400000,2023,LONG,-0.0022612316191198724,0.018945177559740057,1674846000000,0.025846944843819865,0.07986219781474653,0.09694745183606898
AVAXUSDT,1674986400000,2023,SHORT,0.003819211299164962,-0.016785174342855726,1674990000000,-0.001936952811290138,0.00330145466642745,-0.010798928643099925
AVAXUSDT,1675047600000,2023,LONG,-0.025775672428029577,0.01589158131557675,1675051200000,0.0016444985568269345,0.0032380474369169254,-0.011391973645259084
AVAXUSDT,1675054800000,2023,SHORT,0.006882774411206816,-0.006997777869008608,1675058400000,0.0018837400213754046,0.03901806033064713,-0.0023617314267219756
AVAXUSDT,1675069200000,2023,LONG,-0.02502901401541706,0.012486274849527447,1675072800000,0.012067564415383947,-0.0009034331070210616,0.004105342703908404
AVAXUSDT,1675087200000,2023,SHORT,0.03443696752368952,-0.007681460854756113,1675090800000,0.004640606232427771,-0.012976505141743448,0.04684264906924627
AVAXUSDT,1675090800000,2023,LONG,-0.007681460854756113,0.00691882401469124,1675094400000,0.018002766820757698,-0.008062577474206179,-0.03695720425822705
AVAXUSDT,1675130400000,2023,SHORT,0.03385128767608814,-0.029795756918086294,1675134000000,-0.0051958753744295125,0.0011242272122808802,-0.011324804272379273
AVAXUSDT,1675306800000,2023,LONG,-0.01828101785888214,0.04553889005394457,1675310400000,0.0057655220293265095,-0.0181425342692973,0.001399390816337884
AVAXUSDT,1675393200000,2023,SHORT,0.0059615847190889965,-0.012950141473273906,1675396800000,-0.0028325956056076953,0.004928919931284333,-0.02299381611121295
AVAXUSDT,1675443600000,2023,LONG,-0.07756388200489404,0.06333763448563519,1675447200000,-0.013907524330659782,-0.021005253251177775,-0.025733618011302452
AVAXUSDT,1675447200000,2023,SHORT,0.06333763448563519,-0.06011807440570548,1675450800000,0.005777512019595142,-0.0008426966790828057,0.009505953934630768
AVAXUSDT,1676466000000,2023,LONG,-3.6344062997535637e-06,0.01762108724417451,1676469600000,-0.0008682911491419093,0.0068654484870934035,0.08397812206647053
AVAXUSDT,1676473200000,2023,SHORT,0.0024377250735538414,-0.0011108131006179846,1676476800000,0.0017285155278655762,-0.03484377409547832,-0.0788422048967653
AVAXUSDT,1676476800000,2023,LONG,-0.0011108131006179846,0.0032730982030671867,1676480400000,0.003561987683234342,0.053526417622894853,0.08022568268132445
AVAXUSDT,1676484000000,2023,SHORT,0.0016752876764672643,-0.037627554416970146,1676487600000,-0.02368066777938056,-0.04823851856104461,-0.06598181382816157
AVAXUSDT,1676520000000,2023,LONG,-0.012404399499291905,0.008426018412228604,1676523600000,-0.0024481039430582926,-0.009576648186223467,-0.0032487845643255765
AVAXUSDT,1676559600000,2023,SHORT,0.02124009995168064,-0.014142098433862448,1676563200000,0.0033984739591115098,0.0069592490546810165,0.05380947538135086
AVAXUSDT,1676563200000,2023,LONG,-0.014142098433862448,0.0060132814376008545,1676566800000,0.001050867061954259,-0.015591808659355638,-0.05141715346769929
AVAXUSDT,1676570400000,2023,SHORT,0.012456611066526036,-0.010723891207938522,1676574000000,0.012978119663615567,0.07655247553285834,0.0601443017591066
AVAXUSDT,1676584800000,2023,LONG,-0.00498849371995406,0.01939733701982048,1676588400000,-0.004453633310492804,0.013876927366072125,0.01951074508432805
AVAXUSDT,1676588400000,2023,SHORT,0.01939733701982048,-0.011007592053538661,1676592000000,-0.0183315375276421,-0.021231542196432925,-0.026849387018918112
AVAXUSDT,1677045600000,2023,LONG,-0.007952994415010763,0.0040816308068657384,1677049200000,0.014417781468307998,-0.00914225391124368,-0.03517430736318502
AVAXUSDT,1677049200000,2023,SHORT,0.0040816308068657384,-0.016231716951868196,1677052800000,0.027230662283228072,0.033427809796922545,0.04678816149875888
AVAXUSDT,1678276800000,2023,LONG,-0.015646017030524,0.007619676348311163,1678280400000,-0.013110165924207865,-0.0030247675717985016,-0.047746224270960175
AVAXUSDT,1678287600000,2023,SHORT,0.001463146866795238,-0.029940211177012108,1678291200000,0.0028989180876151702,0.02710884504365563,0.034181515086943524
AVAXUSDT,1678316400000,2023,LONG,-0.0017126326787503718,0.004064388944602251,1678320000000,0.003371569650070259,0.016810429349903625,0.023559757326805326
AVAXUSDT,1678320000000,2023,SHORT,0.004064388944602251,-0.014864299457010314,1678323600000,-0.0006596741449068157,-0.012981235196217179,-0.017725046282269855
AVAXUSDT,1678694400000,2023,LONG,-0.0032109647330014583,0.025082069253741183,1678698000000,-0.012338337761436015,-0.003054408992532741,0.03845309393293212
AVAXUSDT,1678698000000,2023,SHORT,0.025082069253741183,-0.005988513524089645,1678701600000,-0.01227479930476363,-0.0190506223348563,-0.05804070958054303
AVAXUSDT,1679673600000,2023,LONG,-0.009087390537926223,0.0063614502979653,1679677200000,-0.013031228950101047,-0.01066001437056502,-0.000292954447678823
AVAXUSDT,1679677200000,2023,SHORT,0.0063614502979653,-0.01549421553022547,1679680800000,-0.007390579653221945,-0.007154925121673283,-0.007626178664796086
AVAXUSDT,1680022800000,2023,LONG,-0.05794940882579897,0.06253309903140591,1680026400000,0.019133006488608047,0.01057443612715361,0.028504923948954968
AVAXUSDT,1680044400000,2023,SHORT,0.001621668899103789,-0.005364575328160005,1680048000000,0.0013176021550459663,-0.004121254153334567,-0.03510783045237885
AVAXUSDT,1680055200000,2023,LONG,-0.010444061519643435,0.023646520720150728,1680058800000,-0.0010723222759926952,0.021325030537032705,0.02149987099556
AVAXUSDT,1680066000000,2023,SHORT,0.0011122580858284811,-0.0032314855442515293,1680069600000,-0.012846635101881632,-0.021898045897531696,-0.017150468661555385
AVAXUSDT,1680339600000,2023,LONG,-0.012542254986418635,0.0001295351712192685,1680343200000,0.0002827814401108506,-0.0019817122811926838,0.003500850554625571
AVAXUSDT,1680364800000,2023,SHORT,0.010343297382230091,-0.002429368357701018,1680368400000,-0.00011350093650444235,-0.007238213008629695,-0.0014178366191998637
AVAXUSDT,1680368400000,2023,LONG,-0.002429368357701018,0.001236579148763024,1680372000000,0.001077616869730634,0.006730223633973638,0.005263616872897299
AVAXUSDT,1680462000000,2023,SHORT,0.0027895538155034458,-0.003785813837367362,1680465600000,-0.005059768275263601,-0.005117777962897833,0.0014587043459435062
AVAXUSDT,1680483600000,2023,LONG,-0.008119782033906035,0.005829109007799563,1680487200000,-0.0017154184798694174,0.0008270810420082177,0.021805441165707817
AVAXUSDT,1680508800000,2023,SHORT,0.024351906888188914,-0.02012870086529299,1680512400000,0.0011540016282691088,0.006421589276574022,0.0285449573225293
AVAXUSDT,1680523200000,2023,LONG,-0.003389917631482645,4.512918229215171e-05,1680526800000,0.003649744803946766,-0.006696778557689676,-0.013438706483622213
AVAXUSDT,1680526800000,2023,SHORT,4.512918229215171e-05,-0.007109663574723821,1680530400000,0.010229079078820681,0.004288121538653829,0.016911010041694752
AVAXUSDT,1680548400000,2023,LONG,-0.008838386362917257,0.003480490157323405,1680552000000,-0.024905333442809367,-0.010647992845427848,-0.008544328188370863
AVAXUSDT,1680552000000,2023,SHORT,0.003480490157323405,-0.009990053545289434,1680555600000,-0.00786125749577712,-0.008743999939445872,-0.020149299767459498
AVAXUSDT,1680681600000,2023,LONG,-0.031171903879274855,0.015735262864283128,1680685200000,-0.0009348621759257866,-0.00479352966141784,-0.014784731779496768
AVAXUSDT,1680703200000,2023,SHORT,0.0072002495288454,-0.005013537139161503,1680706800000,0.003025212391237395,0.008087659922609335,0.0013434091021266561
AVAXUSDT,1681178400000,2023,LONG,-0.04068682878939689,0.0025729226367372775,1681182000000,0.003555756843796156,0.016887818572022234,0.02082031585681042
AVAXUSDT,1681185600000,2023,SHORT,0.0015928080352802148,-0.03120804936051476,1681189200000,0.0048929424976775215,-0.0021913014137177234,-0.003449128819717771
AVAXUSDT,1681214400000,2023,LONG,-0.014764202529068265,0.013493622097959186,1681218000000,-0.00016323421425363694,-0.004526004945111989,-0.016733348882712554
AVAXUSDT,1681221600000,2023,SHORT,0.019627828669146596,-0.015084410504837059,1681225200000,-0.005815707888328767,0.002510644261695161,0.03128282772148669
AVAXUSDT,1681236000000,2023,LONG,-0.003096220266774071,0.0005835623796831997,1681239600000,-0.00465588439992332,-0.007074531137470148,-0.023779045649025905
AVAXUSDT,1681279200000,2023,SHORT,0.003810388037753301,-0.0027980752595869922,1681282800000,-0.013342426083840071,-0.011020315237779667,-0.0061930066542856144
AVAXUSDT,1681538400000,2023,LONG,-0.020899445898831224,0.018840487385644863,1681542000000,0.005812904221203369,0.013977488435027163,0.006334933884342635
AVAXUSDT,1681549200000,2023,SHORT,0.013981112888461074,-0.0018554621760931468,1681552800000,-0.000984532556143143,0.00843403583370631,0.011156408071582509
AVAXUSDT,1681552800000,2023,LONG,-0.0018554621760931468,0.011220867761269517,1681556400000,0.0077901701777723,-0.006390794099330861,-0.008634644024531743
AVAXUSDT,1681556400000,2023,SHORT,0.011220867761269517,-0.04786186998825189,1681560000000,0.0018001805041478545,0.013242486089165126,0.018568035145313244
AVAXUSDT,1681722000000,2023,LONG,-0.0054248788985259,0.011784959569159032,1681725600000,-0.0010695708151731897,0.02599542091837933,-0.0009722898189392223
AVAXUSDT,1681783200000,2023,SHORT,0.028869045728676854,-0.020302701101448054,1681786800000,-0.002685981757765474,-0.029249600550737106,-0.023824209571039718
AVAXUSDT,1681822800000,2023,LONG,-0.007864787901014688,0.005843915729653306,1681826400000,-0.0033242065398421685,-0.021735877451246954,-0.012369352299148893
AVAXUSDT,1681848000000,2023,SHORT,0.002881066744012845,-0.012352395742125955,1681851600000,-0.0014188424627688439,0.0004260455933222815,0.09230462009595126
AVAXUSDT,1681866000000,2023,LONG,-0.02320849733884496,0.007155788791202347,1681869600000,-0.004600762259585204,-0.0019420700985919577,-0.07576924734562013
AVAXUSDT,1681912800000,2023,SHORT,0.018432393646289437,-0.006814715173248521,1681916400000,0.005121065824801069,0.015339834493521045,0.045896463897815085
AVAXUSDT,1681923600000,2023,LONG,-0.006029865371203183,0.006339685223806435,1681927200000,-0.005020245162813398,-0.015655897072553132,-0.026143588098457744
AVAXUSDT,1681952400000,2023,SHORT,0.016327762771831778,-0.05751612486973452,1681956000000,0.012261698159389359,0.002828411690739626,-0.011544589996326064
AVAXUSDT,1682971200000,2023,LONG,-0.010388197829365167,0.00023511492019604835,1682974800000,0.0059161053930361605,0.00404846620811785,0.009221098937107333
AVAXUSDT,1682974800000,2023,SHORT,0.00023511492019604835,-0.0004964934317460652,1682978400000,0.0010238805965690923,0.005916819773270242,0.0018075560744799728
AVAXUSDT,1684065600000,2023,LONG,-0.0057206966609382355,0.018020759630832245,1684069200000,0.0011308832071691493,-0.00046602976776340506,-0.01097588317629401
AVAXUSDT,1684090800000,2023,SHORT,0.008908657662950724,-5.6329041969675276e-05,1684094400000,-0.002077679109386655,-0.0073529743052589535,-0.02406240775294865
AVAXUSDT,1685980800000,2023,LONG,-0.02447589960924066,0.014271614416843941,1685984400000,-0.005090164053439908,-0.006456726642490492,0.011093841555247003
AVAXUSDT,1686016800000,2023,SHORT,0.0009799959988727445,-0.04783933213924726,1686020400000,-0.004010604817237346,-0.011416463632164257,-0.01707618867990433
AVAXUSDT,1686369600000,2023,LONG,-0.011927665371282916,0.012370157492668891,1686373200000,-0.015069275717494762,0.037576803052439565,0.021833955619929245
AVAXUSDT,1686376800000,2023,SHORT,0.004932495404823712,-0.012999502991904312,1686380400000,-0.03552707114728615,-0.05867441925193687,-0.05884840794311091
AVAXUSDT,1687701600000,2023,LONG,-0.010151139893552576,0.003691975145636122,1687705200000,0.0017980226600067064,0.010739960035668045,-0.005866001629293191
AVAXUSDT,1687741200000,2023,SHORT,0.006448739520875228,-0.01618911653984344,1687744800000,-0.0029459552219371484,-0.0056576170221274815,-0.03120482550119848
AVAXUSDT,1687748400000,2023,LONG,-0.0026452416642352597,0.00262186613913119,1687752000000,-0.0007491759415432688,0.0035136282550388047,0.014128729971407216
AVAXUSDT,1687806000000,2023,SHORT,0.00033016824584071214,-0.004435828779338838,1687809600000,0.012824093493316244,0.008632493407434038,-0.00623851096919907
AVAXUSDT,1687809600000,2023,LONG,-0.004435828779338838,0.03962014696103478,1687813200000,-0.00628258272427738,0.005635963128590429,0.013503467209495945
AVAXUSDT,1687849200000,2023,SHORT,0.004084284981849311,-0.004791229526537224,1687852800000,0.005710437036902175,-0.0014973424973216023,0.003151736062361938
AVAXUSDT,1687852800000,2023,LONG,-0.004791229526537224,0.006245785092835883,1687856400000,0.0005273268418553638,0.009524238630963574,-0.0006784005084363912
AVAXUSDT,1687939200000,2023,SHORT,0.006442251382127844,-0.0019627679524246034,1687942800000,-0.001173571311785485,0.005573669098073734,0.0414778381593214
AVAXUSDT,1687946400000,2023,LONG,-0.006694235809713542,0.004379138248645196,1687950000000,-0.0028918696147278503,-0.005242783635336728,-0.03615665388865131
AVAXUSDT,1687960800000,2023,SHORT,0.0060168153566259545,-0.012670305695472462,1687964400000,-0.004540125215514295,0.016214220050189687,0.03586216670179214
AVAXUSDT,1687996800000,2023,LONG,-0.012232880647719118,0.004224914415900268,1688000400000,0.000487804887721773,0.003976793781393835,0.0379782378703294
AVAXUSDT,1688000400000,2023,SHORT,0.004224914415900268,-0.0381154341763766,1688004000000,0.0004878048877217187,0.0011385817755718184,-0.0399925845734566
AVAXUSDT,1688299200000,2023,LONG,-0.06453087880314116,0.043269840245424414,1688302800000,-0.0010005773395870077,0.004375366795869131,0.008807930415545702
AVAXUSDT,1688353200000,2023,SHORT,0.08338735402481184,-0.042160486516199434,1688356800000,0.0062921555908891326,0.008774946619116911,0.008398369698831717
AVAXUSDT,1688720400000,2023,LONG,-0.002064945167735803,0.007102501484481106,1688724000000,0.0013477625221646776,0.009317818520680246,0.005537988837363681
AVAXUSDT,1688731200000,2023,SHORT,0.008054613027836737,-0.0018225969851984082,1688734800000,-0.006544990441852079,-0.0026073573812157207,-0.01958542823238465
AVAXUSDT,1688738400000,2023,LONG,-0.0016984908404872154,0.004290372806797474,1688742000000,-0.0004726270273090184,-0.008859415643516347,0.02419692487116389
AVAXUSDT,1688774400000,2023,SHORT,0.006008828564480528,-0.04072589303330605,1688778000000,-0.004412625700675924,-0.0422330552981856,-0.05465098410769361
AVAXUSDT,1688788800000,2023,LONG,-0.037910961542303605,0.04796683957431613,1688792400000,0.01710956191419559,0.017986626727033005,0.025048134612900813
AVAXUSDT,1689015600000,2023,SHORT,0.014353676886610904,-0.01870981197100847,1689019200000,0.01563506727818901,0.025971653083663417,0.01845030102374721
AVAXUSDT,1689019200000,2023,LONG,-0.01870981197100847,0.012182253329860813,1689022800000,-0.009516092924650315,0.003840193774760482,-0.005267269865551678
AVAXUSDT,1689033600000,2023,SHORT,0.0009521625678720079,-0.019200935331528807,1689037200000,-0.0069046844021784974,-0.005512895729356003,0.01231104246508027
AVAXUSDT,1689357600000,2023,LONG,-0.04372970454601367,0.018899789005932685,1689361200000,0.004483055981240086,0.015465303011557654,0.041192608227096625
AVAXUSDT,1689364800000,2023,SHORT,0.013114515547114056,-0.006458867918424055,1689368400000,-0.008639511871387711,-0.014677266062307487,-0.030893654262443268
AVAXUSDT,1690358400000,2023,LONG,-0.001494715029297637,0.006391768985182644,1690362000000,-0.002582606828555265,0.0007583226267697109,0.016924695988895996
AVAXUSDT,1690372800000,2023,SHORT,0.004674050437459949,-0.0006054340177006108,1690376400000,-0.0008334912397662661,0.002504650089294241,-0.0019689517909632867
AVAXUSDT,1690574400000,2023,LONG,-0.00012295371104201222,0.00262953017454251,1690578000000,0.0013611617346598358,0.003927200878527122,-0.0032591835421345965
AVAXUSDT,1690660800000,2023,SHORT,0.002772032698667809,-0.0044256668901702205,1690664400000,0.0007557436877235102,-0.0006041839923992589,-0.0005286809533661568
AVAXUSDT,1691413200000,2023,LONG,-0.014575295166010194,0.003012235669732695,1691416800000,-0.004221600120546506,-0.01529804372794265,-0.014733231512984004
AVAXUSDT,1691431200000,2023,SHORT,0.0009398267108924962,-0.011554291415830044,1691434800000,-0.002653054577032403,-0,-0.006179546970973504
AVAXUSDT,1691470800000,2023,LONG,-0.001578543564103455,0.002595713670383906,1691474400000,0.00040011203670666233,0.0005601120370479765,0.012882881953919898
AVAXUSDT,1691492400000,2023,SHORT,0.00927111138654638,-0.0017621620929402096,1691496000000,-0.0032535837930540686,-0.0011915638697843668,-0.00815361730710699
AVAXUSDT,1691499600000,2023,LONG,-0.011366359026827573,0.004188561749924971,1691503200000,0.0019170866163785113,0.011842923458528705,0.013500840389820173
AVAXUSDT,1691510400000,2023,SHORT,0.003946144568120758,-0.010065879789434969,1691514000000,-0.0003951475927655305,-0.0034719517241093125,-0.00023710729215998297
AVAXUSDT,1691514000000,2023,LONG,-0.010065879789434969,0.00264759974698662,1691517600000,0.0006318616433272526,0.0047292592282985,0.0006318616433272526
AVAXUSDT,1691521200000,2023,SHORT,0.00036071245445183864,-0.004015551883363082,1691524800000,-0.0032348444319491377,-0.002367985951408265,-0.0034711300235656475
AVAXUSDT,1691532000000,2023,LONG,-0.006066876192910971,0.0019954132901090177,1691535600000,0.0007098071988540085,-0.0056966686218921985,0.0007886435739983844
AVAXUSDT,1691647200000,2023,SHORT,0.0038549642941434832,-0.00350635800054727,1691650800000,-0.0008805283738819163,-0.0027989941901106143,-0.00399616900087994
AVAXUSDT,1692205200000,2023,LONG,-0.024797557718724647,0.03893398271261518,1692208800000,0.001300333935554018,-0.023255841631661514,-0.004956747398090392
AVAXUSDT,1692234000000,2023,SHORT,0.004737917867126081,-0.0005713428301472192,1692237600000,-0.002636900534684655,-0.009547657164195573,-0.0005279366598644274
AVAXUSDT,1693288800000,2023,LONG,-0.005271451101584841,0.0006670642176249176,1693292400000,0,-0.0074127896598782245,0.03820202982400504
AVAXUSDT,1693299600000,2023,SHORT,0.0027124490366304465,-0.0027002681797250244,1693303200000,0.0070290598009868895,0.0003838771640232152,-0.040246123499445584
AVAXUSDT,1693303200000,2023,LONG,-0.0027002681797250244,0.021478834244910195,1693306800000,-0.0005799342903694351,0.062368083568270526,0.04810433254872743
AVAXUSDT,1693317600000,2023,SHORT,0.014296910288840307,-0.06420370055473339,1693321200000,0.017214965925545254,0.016753264084387286,0.03200937393453869
AVAXUSDT,1693360800000,2023,LONG,-0.0445074901977329,0.02442631092188614,1693364400000,-0.002440399183751281,-0.008473031297429974,-0.023044023820801812
AVAXUSDT,1693396800000,2023,SHORT,0.003788922426227292,-0.0031874497700969083,1693400400000,-0.0009512938312530945,0.012257167723486256,0.013799931504557874
AVAXUSDT,1694361600000,2023,LONG,-0.05542710384336621,0.0023341636873607475,1694365200000,-0.003803491114593189,0.003578951188615873,-0.0034859803959390984
AVAXUSDT,1694397600000,2023,SHORT,0.0045102546384644575,-0.029467085732311774,1694401200000,-0.003605518221914022,-0.007198083370738947,0.019957743968664354
AVAXUSDT,1695808800000,2023,LONG,-0.03234506677506909,0.02799070264785046,1695812400000,0.0031820951852207843,-0.019084125177328805,-0.0187481224861461
AVAXUSDT,1695812400000,2023,SHORT,0.02799070264785046,-0.018490898214038105,1695816000000,0.0028527559395215307,0.021820658646332657,0.022268687327662132
AVAXUSDT,1695967200000,2023,LONG,-0.0034879817625886114,0.000991197214061049,1695970800000,0.00547417242074093,-0.005396084753272164,-0.014964495256533154
AVAXUSDT,1695970800000,2023,SHORT,0.000991197214061049,-0.009342540019842053,1695974400000,0.008059793240688777,0.013252362242316034,0.027892632473606932
AVAXUSDT,1696176000000,2023,LONG,-0.013626626932745812,0.005620241954045003,1696179600000,-0.005897858065154689,0.001049538299532113,0.020989964292601068
AVAXUSDT,1696179600000,2023,SHORT,0.005620241954045003,-0.00494907139055805,1696183200000,-0.0011612563986423436,-0.009880256956554782,-0.021836525601026686
AVAXUSDT,1696413600000,2023,LONG,-0.025768250425152264,0.0077701505285070705,1696417200000,-0.0020574022276348774,-0.008669679651435383,0.0438305154531721
AVAXUSDT,1696456800000,2023,SHORT,0.04875391208781664,-0.004035121327888455,1696460400000,0.00730578824589944,0.004337546232824539,-0.009691231446186182
AVAXUSDT,1696460400000,2023,LONG,-0.004035121327888455,0.0174335303852013,1696464000000,0.012993587672143043,-0.005165403359423123,0.008975746998382819
AVAXUSDT,1696654800000,2023,SHORT,0.03265817688812773,-0.043455788345290236,1696658400000,0.06507746881184447,0.07908722443037729,0.10538948395203031
AVAXUSDT,1696658400000,2023,LONG,-0.043455788345290236,0.011637281592423466,1696662000000,-0.0005566379214142,-0.006886951371370874,-0.0439881342070189
AVAXUSDT,1696726800000,2023,SHORT,0.004526851753920076,-0.014593951248430706,1696730400000,0.0007694527647114168,0.003756686978399499,0.032043378410451955
AVAXUSDT,1696748400000,2023,LONG,-0.014917753593570716,0.012319430327999852,1696752000000,-0.007169897630828251,-0.018071888660304763,-0.013101699502431103
AVAXUSDT,1696766400000,2023,SHORT,0.014136766239283718,-0.00396313487880001,1696770000000,-0.0038792508984828774,-9.965618624024489e-05,0.010821748896812176
AVAXUSDT,1696845600000,2023,LONG,-0.0034748161180444847,0.0010081899217034963,1696849200000,-0.01227009259181436,-0.016324362919854802,-0.03016976974190791
AVAXUSDT,1696903200000,2023,SHORT,0.008160703552044896,-0.01352622112597972,1696906800000,0.0008355964555546719,-0.008628360614954833,-0.016053371523939135
AVAXUSDT,1696932000000,2023,LONG,-0.020642783638117303,0.02419132833182958,1696935600000,-0.005777977279888682,0.0013365549720087291,-0.017749181504282365
AVAXUSDT,1697014800000,2023,SHORT,0.01648817311640183,-0.0019021394083404213,1697018400000,0.0020192365647218615,-0.0026506933825864356,0.017132874374770093
AVAXUSDT,1697018400000,2023,LONG,-0.0019021394083404213,0.020418818156720506,1697022000000,-0.0027697897754438406,0.0013820232891250273,-0.015653798791150506
AVAXUSDT,1697083200000,2023,SHORT,0.007778546874888895,-0.0008157068852221077,1697086800000,-0.001525387090281984,0.007222618397235803,0.018821754240587744
AVAXUSDT,1697108400000,2023,LONG,-0.0016872489663084457,0.0018395968074953822,1697112000000,-0.005212099406713768,-0.009222799970121022,0.0073833604462638204
AVAXUSDT,1697122800000,2023,SHORT,0.0019808061784936126,-0.00022641276953283044,1697126400000,-0.00456596372077802,-0.010437580877862123,-0.017043351898548446
AVAXUSDT,1699747200000,2023,LONG,-0.04697116837781605,0.005880590903936806,1699750800000,0.010993460044953305,0.005116970229264715,0.11447967423808803
AVAXUSDT,1699750800000,2023,SHORT,0.005880590903936806,-0.0035405981191680034,1699754400000,0.013133282950523175,-0.018611590153240293,-0.08190422699687769
AVAXUSDT,1699754400000,2023,LONG,-0.0035405981191680034,0.03248741708057817,1699758000000,0.013074466398870345,0.10749449223570742,0.1084285838995489
AVAXUSDT,1699768800000,2023,SHORT,0.0069753930803585305,-0.08464850549139426,1699772400000,-0.011695400550905522,-0.007721200366798576,0.0017606607024191823
AVAXUSDT,1699779600000,2023,LONG,-0.025998753564103135,0.03414047461310669,1699783200000,-0.004951717368494103,-0.025007486019284382,0.02009739861908652
AVAXUSDT,1699826400000,2023,SHORT,0.029203141794861897,-0.011222486171352823,1699830000000,0.016512027362993127,0.03915852603221404,0.06354399097106277
AVAXUSDT,1699833600000,2023,LONG,-0.016337526471372522,0.020832415732061658,1699837200000,0.0274018731463738,-0.03143388314480833,-0.058357939224314266
AVAXUSDT,1699927200000,2023,SHORT,0.024657003929951835,-0.06042854975761394,1699930800000,-0.00161565424248339,-0.025016828450871834,-0.07563820741605595
AVAXUSDT,1700038800000,2023,LONG,-0.06212321373117183,0.008059879388967888,1700042400000,0.0006331785775069123,0.025328364246528522,0.06666072665431988
AVAXUSDT,1700060400000,2023,SHORT,0.03659511969413601,-0.021093587685502086,1700064000000,0.004806051132099394,-0.015245233847583032,-0.09339587760593568
AVAXUSDT,1700082000000,2023,LONG,-0.005617391632873396,0.031505075227676115,1700085600000,0.0167947737803813,0.004778216524389471,0.13964171084343602
AVAXUSDT,1700186400000,2023,SHORT,0.04462061223594967,-0.008422475380286744,1700190000000,0.022343544266173805,0.029975053666735172,0.13573508990518524
AVAXUSDT,1700190000000,2023,LONG,-0.008422475380286744,0.005786362219048667,1700193600000,0.007447248061381765,-0.035667889842567406,-0.15422146877005508
AVAXUSDT,1700193600000,2023,SHORT,0.005786362219048667,-0.0019248526652993663,1700197200000,0.008296695068834466,0.051333231464472426,0.14295817548655726
AVAXUSDT,1700197200000,2023,LONG,-0.0019248526652993663,0.01796103328769764,1700200800000,-0.006951728603682548,-0.08415246293367173,-0.09680732614928562
AVAXUSDT,1700215200000,2023,SHORT,0.047722292927717,-0.023342766730115504,1700218800000,0.01403531811638348,0.050010420574661305,-9.049773761822869e-05
AVAXUSDT,1700218800000,2023,LONG,-0.023342766730115504,0.003096807696287107,1700222400000,0.014532292282916992,-0.07685091504163907,0.006221429033382689
AVAXUSDT,1700222400000,2023,SHORT,0.003096807696287107,-0.008736956825762128,1700226000000,0.019227409402981677,0.07244958833244501,0.02956377805344416
AVAXUSDT,1700229600000,2023,LONG,-0.00467490719787519,0.026159620944403484,1700233200000,-0.04092506155752584,0.02596450935444019,0.013512442200793956
AVAXUSDT,1700240400000,2023,SHORT,0.03665232736949739,-0.04119031184324534,1700244000000,-0.010248855199488906,-0.000982847059203732,0.029027476853108615
AVAXUSDT,1700247600000,2023,LONG,-0.023568627856224194,0.0031218784020353185,1700251200000,0.010326790983434132,0.034046236247840436,-0.006342616046814822
AVAXUSDT,1700251200000,2023,SHORT,0.0031218784020353185,-0.009345464224557311,1700254800000,0.0016826365269361307,-0.002332308175447927,0.011932867329927937
AVAXUSDT,1700272800000,2023,LONG,-0.031207092274643085,0.0048272675109586795,1700276400000,-0.023407596913633293,-0.044526424379540214,0.011988481776097886
AVAXUSDT,1700316000000,2023,SHORT,0.044851840940097774,-0.010208288833767759,1700319600000,-0.02946966119649118,-0.03337898788549913,0.02469261259037152
AVAXUSDT,1700352000000,2023,LONG,-0.012495126059982037,0.016495876867379546,1700355600000,-0.01059544557150027,-0.015063202903237167,-0.008860758434990791
AVAXUSDT,1700366400000,2023,SHORT,0.009091904138040325,-0.02346994791382711,1700370000000,-0.002542015208693811,-0.03218753960392304,-0.013297321130165064
AVAXUSDT,1700445600000,2023,LONG,-0.03243624638885287,0.006466168047834535,1700449200000,-0.007367734561792435,-0.019664614842314597,-0.028716080508195716
AVAXUSDT,1700474400000,2023,SHORT,0.009190811795028805,-0.009641944296411582,1700478000000,0.013974224009779735,0.007256696933556618,0.059536158854169186
AVAXUSDT,1700478000000,2023,LONG,-0.009641944296411582,0.008877572716404353,1700481600000,-0.006121815454735763,-0.002736478949264766,-0.05163854196225919
AVAXUSDT,1700481600000,2023,SHORT,0.008877572716404353,-0.016865168270248324,1700485200000,0.0026615287370617318,0.02196159429002949,0.05559341981687142
AVAXUSDT,1700737200000,2023,LONG,-0.002479416673341292,0.0018303090713027552,1700740800000,-0.002741242969844228,-0.010088175335512563,-0.008585399766080531
AVAXUSDT,1700744400000,2023,SHORT,0.0021748260404285628,-0.07240486419131469,1700748000000,-0.0031928816249674314,-0.0037240388358424623,0.0044190918096448095
AVAXUSDT,1700960400000,2023,LONG,-0.0658671716081265,0.009597888349459382,1700964000000,0.005363215589436627,0.01773547737178754,0.0044634452069469135
AVAXUSDT,1701000000000,2023,SHORT,0.004012969966197881,-0.030995006511487642,1701003600000,0.004443611358346298,0.03929807098707407,0.0036385155321403038
AVAXUSDT,1701046800000,2023,LONG,-0.0008143694994577895,0.0013712204657227772,1701050400000,-0.005601450911708013,-0.009160515845952009,-0.01850298523042727
AVAXUSDT,1701050400000,2023,SHORT,0.0013712204657227772,-0.02146293086326659,1701054000000,0.00940604576106183,0.01484876499922875,0.032596201291671685
AVAXUSDT,1701277200000,2023,LONG,-0.0031023625523944097,0.010393801704234836,1701280800000,0.000995473050375321,-0.00042693485148385886,0.007135967522901865
AVAXUSDT,1701280800000,2023,SHORT,0.010393801704234836,-0.015530594687567505,1701284400000,0.000995520241501705,0.0017546776133190798,-0.005009935802617161
AVAXUSDT,1701338400000,2023,LONG,-0.010292490138085366,0.0011821165793627073,1701342000000,0.006276469655960432,0.0010011681129932417,0.018946492900969676
AVAXUSDT,1701342000000,2023,SHORT,0.0011821165793627073,-0.003447373751269768,1701345600000,-0.0010422095784438116,0.00028442759139366236,-0.014633145104968298
AVAXUSDT,1701396000000,2023,LONG,-0.022396176271167762,0.02162296783088136,1701399600000,0.015491618467656404,0.01213448364794777,0.009890116066105773
AVAXUSDT,1701518400000,2023,SHORT,0.0032886297295694187,-0.012611163725101512,1701522000000,-0.0037227082535123027,-0.0003638017320707368,-0.03261961205469453
AVAXUSDT,1701525600000,2023,LONG,-0.00997721921236137,0.006597488826809589,1701529200000,0.0038322963093864377,0.014791558247669366,0.023625102225224525
AVAXUSDT,1701529200000,2023,SHORT,0.006597488826809589,-0.006997613256086627,1701532800000,-0.0015015359435867363,-0.01585649738003198,-0.01652855547114418
AVAXUSDT,1701759600000,2023,LONG,-0.012340426370822152,0.002520125419781209,1701763200000,0.00027029462278274483,-0.008097576535065543,0.060065250948252095
AVAXUSDT,1701788400000,2023,SHORT,0.006862915340583557,-0.01668319986779063,1701792000000,-0.0016082919835511975,-0.05239034062825417,-0.17790782451184556
AVAXUSDT,1701806400000,2023,LONG,-0.004174512392827898,0.010857379609603033,1701810000000,0.009586093088405738,0.12036060655369664,0.10907436260503371
AVAXUSDT,1701813600000,2023,SHORT,0.007548757487270686,-0.01551224301812439,1701817200000,0.002034009325453857,-0.06805774100877193,-0.047963499443297496
AVAXUSDT,1701835200000,2023,LONG,-0.026104098642945415,0.004087520385665817,1701838800000,-0.03463133603073962,-0.011512941346392065,0.0021887627138744916
AVAXUSDT,1701874800000,2023,SHORT,0.01188001966801152,-0.007952230165322283,1701878400000,-0.027012664617437173,-0.059281903693750616,-0.022024369185728095
AVAXUSDT,1701878400000,2023,LONG,-0.007952230165322283,0.044996194605914135,1701882000000,0.02740304942514051,0.010387658326616664,-0.0015467323653293882
AVAXUSDT,1701932400000,2023,SHORT,0.029312509161508158,-0.006312898083160717,1701936000000,0.0119006296925568,0.0035364972900682173,0.0065561651566474945
AVAXUSDT,1701936000000,2023,LONG,-0.006312898083160717,0.010618965989018809,1701939600000,0.05371510859058128,0.018675241548253455,0.013889112160667093
AVAXUSDT,1701990000000,2023,SHORT,0.009799092743129881,-0.0053144601951323955,1701993600000,-0.00205268631774204,-0.01675384444682107,-0.04730322897606983
AVAXUSDT,1702000800000,2023,LONG,-0.020679884001283753,0.012851979988211235,1702004400000,0.018391409791724222,0.03479556312879242,0.06820741235335523
AVAXUSDT,1702004400000,2023,SHORT,0.012851979988211235,-0.0029949826311512565,1702008000000,-0.018574319383474296,-0.006899022348229194,-0.03666563089195873
AVAXUSDT,1702011600000,2023,LONG,-0.007475703716023333,0.0007643912972519459,1702015200000,0.004981835865827757,0.01315711739895727,0.044215291109987225
AVAXUSDT,1702015200000,2023,SHORT,0.0007643912972519459,-0.0010065814766045064,1702018800000,0.009542551236939643,-0.004077664853257536,-0.04684958458010177
AVAXUSDT,1702018800000,2023,LONG,-0.0010065814766045064,0.019200347210931484,1702022400000,0.0074052471105070464,0.02368778242912026,0.09013443727985751
AVAXUSDT,1702054800000,2023,SHORT,0.0031821928625582175,-0.005931692616196897,1702058400000,-0.007616129335942407,-0.04846481920397256,-0.12391106076134963
AVAXUSDT,1702058400000,2023,LONG,-0.005931692616196897,0.009548885006628052,1702062000000,0.03377742800619217,0.053349630273731304,0.1248614171212992
AVAXUSDT,1702062000000,2023,SHORT,0.009548885006628052,-0.007912792115937156,1702065600000,-0.0023066495980408877,-0.03405323027129259,-0.11015441305471171
AVAXUSDT,1702065600000,2023,LONG,-0.007912792115937156,0.002147705813286753,1702069200000,0.0046303420286950255,0.06945122820713609,0.09952353322057815
AVAXUSDT,1702173600000,2023,SHORT,0.01812112222132044,-0.02164190514144159,1702177200000,-0.013010995346528515,-0.02216334050756795,-0.015375062641409143
AVAXUSDT,1702191600000,2023,LONG,-0.006560835362371634,0.006663761623269782,1702195200000,-0.006945752922271963,-0.010963063640343385,0.08540216890897659
AVAXUSDT,1702422000000,2023,SHORT,0.024200174930112273,-0.00039287934404777617,1702425600000,0.033168379460383736,0.06912995794302425,0.04441784003536344
AVAXUSDT,1702425600000,2023,LONG,-0.00039287934404777617,0.0064141703390366515,1702429200000,-0.0453726738995393,-0.02217546366627243,0.029696552775545542
AVAXUSDT,1702490400000,2023,SHORT,0.004943175339936734,-0.00451887156248761,1702494000000,-0.04836271771703138,-0.013863719916620847,0.006618463439191411
AVAXUSDT,1702501200000,2023,LONG,-0.013393592763570945,0.01039165447096326,1702504800000,-0.022514882017555613,-0.04214807060929372,-0.054178174170883435
AVAXUSDT,1702544400000,2023,SHORT,0.01710799396665778,-0.0032720824306393193,1702548000000,-0.014058895470190977,0.0030758026542812367,-0.01375089515975597
AVAXUSDT,1702558800000,2023,LONG,-0.026660572858979933,0.01707840669027669,1702562400000,0.003466027315079553,0.021308449854816162,0.01605586593991396
AVAXUSDT,1702562400000,2023,SHORT,0.01707840669027669,-0.010303995682313391,1702566000000,0.0051902102611092816,-0.007902926332877288,-0.015539004522940707
AVAXUSDT,1702605600000,2023,LONG,-0.032236912210457644,0.014395262619638537,1702609200000,0.012472480773035298,0.0012031077464578314,0.05307184604091123
AVAXUSDT,1702843200000,2023,SHORT,0.011607399514208621,-0.0002679448552347569,1702846800000,0.0003349442588374945,0.025437418055600423,0.06917229195930853
AVAXUSDT,1702846800000,2023,LONG,-0.0002679448552347569,0.005207519789039855,1702850400000,-0.02439115770942412,-0.059372146220205355,-0.09878585956200694
AVAXUSDT,1702857600000,2023,SHORT,0.010345270955736266,-0.008040147073050945,1702861200000,0.0342205974860031,0.023612294324860065,0.07725946860230849
AVAXUSDT,1702861200000,2023,LONG,-0.008040147073050945,0.0030436401186777155,1702864800000,-0.0039186797900524,0.006505610915626694,-0.0009146806877869332
AVAXUSDT,1702872000000,2023,SHORT,0.005548449843828038,-0.009436120329760125,1702875600000,0.004255057719794551,0.020073504641408706,0.007920334001198754
AVAXUSDT,1702882800000,2023,LONG,-0.0018997259866969586,0.022706971993633505,1702886400000,0.003801016467333938,-0.017678440802911116,0.02432665746067156
AVAXUSDT,1702904400000,2023,SHORT,0.037249778179445275,-0.03174208273171205,1702908000000,-0.006763886000839584,-0.0008892615904176236,-0.06452104557753865
AVAXUSDT,1703023200000,2023,LONG,-0.02909464470228615,0.0031989843411479152,1703026800000,0.00012582573152813473,0.0072218774726361444,0.07365127150226747
AVAXUSDT,1703030400000,2023,SHORT,0.004614634556389153,-0.02678751523219959,1703034000000,0.012048793118557666,-0.01676086146457689,-0.06300590585235206
AVAXUSDT,1703124000000,2023,LONG,-0.01101370367582066,0.07687710246331701,1703127600000,-0.0033866193300111217,0.01882235145377217,0.0025437000895853165
AVAXUSDT,1703242800000,2023,SHORT,0.015666331739878032,-0.01578089617858935,1703246400000,0.00798771220807492,-0.011320455155868249,-0.016492194570713582
AVAXUSDT,1703383200000,2023,LONG,-0.02573331414835469,0.008962068295549675,1703386800000,0.027858698567435232,8.464175382759773e-05,0.0055079117434588916
AVAXUSDT,1703494800000,2023,SHORT,0.0024567688759714055,-0.0067430799553891,1703498400000,-0.005394803874131664,-0.02419852161268261,-0.031584374834988764
AVAXUSDT,1705006800000,2024,LONG,-0.005276052688391634,0.015232709999215568,1705010400000,0.0013699327323868043,-0.011926336854923614,-0.016354996443984297
AVAXUSDT,1705039200000,2024,SHORT,0.006936955965981203,-0.007569607954744984,1705042800000,0.0046638149958136196,0.005180490715799369,0.06466877812107218
AVAXUSDT,1706418000000,2024,LONG,-0.010913168183656303,0.006229433446652291,1706421600000,-0.002373606621174145,0.009023953726589434,-0.01704682629930841
AVAXUSDT,1706493600000,2024,SHORT,0.015425947029301498,-0.007965614795783149,1706497200000,-0.0038799805114572293,0.0013629783181656429,0.017778627761795528
AVAXUSDT,1706504400000,2024,LONG,-0.002158121044075255,0.0016152358437928995,1706508000000,0.006871507542558197,0.006246187756392578,0.025228395655700928
AVAXUSDT,1706508000000,2024,SHORT,0.0016152358437928995,-0.0047255010862873445,1706511600000,0.00904802736210395,0.0019624858756600427,-0.027658505635491323
AVAXUSDT,1706554800000,2024,LONG,-0.0032455930942485367,0.005903457467541944,1706558400000,0.0014182230099209054,0.002973174175673416,-0.005861027104474806
AVAXUSDT,1706562000000,2024,SHORT,0.003145941487054669,-0.0015796657305814801,1706565600000,-0.0017496845311908186,0.001279483930670595,-0.016978055755779313
AVAXUSDT,1706572800000,2024,LONG,-0.007633587641738095,0.0020454778663667583,1706576400000,0.003596875436106384,-0.00025142825347917904,0.011249337434129427
AVAXUSDT,1706576400000,2024,SHORT,0.0020454778663667583,-0.006418791114183394,1706580000000,-0.0016685673661831486,0.004742783134269749,0.002898795128525361
AVAXUSDT,1706580000000,2024,LONG,-0.006418791114183394,0.0280306994010189,1706583600000,-0.007082735537001949,-0.007530576113244387,8.335532992690527e-05
AVAXUSDT,1706673600000,2024,SHORT,0.005675306840280986,-0.0013006049915464466,1706677200000,0.005895669748847368,0.009980008271052221,-0.004668914704672926
AVAXUSDT,1706731200000,2024,LONG,-0.0019038944931166223,0.06024431822340167,1706734800000,-0.01991472557570468,-0.0412927852334365,-0.029648828363700922
AVAXUSDT,1706734800000,2024,SHORT,0.06024431822340167,-0.05411441559552568,1706738400000,0.005763019841768688,0.03871373268486045,0.011140019294559943
AVAXUSDT,1706868000000,2024,LONG,-0.0360785839050998,0.010594576077982261,1706871600000,0.006226584022458825,-0.001416765290109087,0.019654018381494276
AVAXUSDT,1707098400000,2024,SHORT,0.010641402432485408,-0.028512663760966395,1707102000000,-0.0018342318566863286,-0.010557952261271411,-0.015541257211211778
AVAXUSDT,1707544800000,2024,LONG,-0.005825427058239155,0.02495527757673665,1707548400000,-0.0014067757745706234,-0.017793604918011196,0.007790858461289321
AVAXUSDT,1707782400000,2024,SHORT,0.00941715137320774,-0.011320428412525852,1707786000000,0.003178810623797427,0.011340539610756614,0.019201716297050433
AVAXUSDT,1707786000000,2024,LONG,-0.011320428412525852,0.04882889171331385,1707789600000,-0.005029753796629481,-0.00782152595642588,-0.03203351989446392
AVAXUSDT,1707876000000,2024,SHORT,0.009775521975756452,-0.026134768094723874,1707879600000,-0.0025328652633347186,-0.007352881408709727,-0.06001727106316167
AVAXUSDT,1707904800000,2024,LONG,-0.01124607568783903,0.023894459575561713,1707908400000,0.0012775857780375382,0.009888713453732293,0.019254793284695326
AVAXUSDT,1708048800000,2024,SHORT,0.0010028055973168902,-0.01791756486346073,1708052400000,0.0015323471848665373,0.013173136584970036,0.040026818149499405
AVAXUSDT,1709017200000,2024,LONG,-0.02202981750906236,0.003387699520087141,1709020800000,0.004309856846565494,0.011915034577871244,-0.00015335463288837517
AVAXUSDT,1709020800000,2024,SHORT,0.003387699520087141,-0.00434239627260813,1709024400000,-0.005152491823454672,-0.002846036530868896,0.0011712584727490058
AVAXUSDT,1709028000000,2024,LONG,-0.004208115242452276,0.0031285526691503707,1709031600000,-0.0009592084741918767,-0.009761122060701677,-0.009735644678246625
AVAXUSDT,1709035200000,2024,SHORT,0.0020052956385036578,-0.00666009742111014,1709038800000,0.0011425235777513016,0.013720019510888474,-0.0001776086271715699
AVAXUSDT,1709046000000,2024,LONG,-0.01724850266192658,0.01879996411180077,1709049600000,0.005132514974524316,0.011543286475090236,0.01333096220719614
AVAXUSDT,1709049600000,2024,SHORT,0.01879996411180077,-0.01851765763687526,1709053200000,-0.00010289653762220832,-0.009702724507270676,-0.016431456078625582
AVAXUSDT,1709082000000,2024,LONG,-0.010242558376144698,0.0036137592632402944,1709085600000,0.004880538411650465,0.001680373132624688,0.025957191752224273
AVAXUSDT,1709103600000,2024,SHORT,0.015865581490479178,-0.007109812386024256,1709107200000,-0.00223362831442572,0.004658960540758608,0.03232511837293295
AVAXUSDT,1709434800000,2024,LONG,-0.02739674461992188,0.012558165018480793,1709438400000,0.0012516927932290063,-0.04759305801886524,-0.03035615053133058
AVAXUSDT,1709449200000,2024,SHORT,0.004794345922071951,-0.0021723283341808404,1709452800000,-0.012883810307924138,-0.018807107054678026,-0.017869240631888415
AVAXUSDT,1709665200000,2024,LONG,-0.15009142127138964,0.018167056620146824,1709668800000,-0.003458462038815651,0.04626527163011052,0.09084821998279859
AVAXUSDT,1709672400000,2024,SHORT,0.01842516169601027,-0.00864975376151851,1709676000000,-0.002554016222244044,0.0019650943621660586,-0.046754816395787
AVAXUSDT,1709863200000,2024,LONG,-0.03596500844306042,0.011338816561662808,1709866800000,-0.002926287563592344,0.006610600996601912,0.014824293757949261
AVAXUSDT,1709870400000,2024,SHORT,0.010516837896790731,-0.0038308603167859718,1709874000000,0.0007221478387327959,-0.012542396103727715,0.009663945672458513
AVAXUSDT,1709881200000,2024,LONG,-0.004943438439011478,0.014360127566523865,1709884800000,0.007872693006802616,0.010536727836858278,-0.012783005881788614
AVAXUSDT,1709895600000,2024,SHORT,0.0054569440545132455,-0.002700310131600655,1709899200000,0.0029401652052084464,0.027697190626638068,0.02163186418270721
AVAXUSDT,1709902800000,2024,LONG,-0.0018486354033467598,0.001178501127341457,1709906400000,0.005062490052502607,-0.018355943217718215,-0.02163601738294765
AVAXUSDT,1709910000000,2024,SHORT,0.0080845907740086,-0.0029527426330086108,1709913600000,-0.0029670118546909485,-0.004517654742285819,-0.005456269416039114
AVAXUSDT,1709985600000,2024,LONG,-0.0025243284985689706,0.0005370121989329499,1709989200000,-0.0037726723063567736,-0.009050465564408458,-0.0074898032474277855
AVAXUSDT,1709989200000,2024,SHORT,0.0005370121989329499,-0.0018996075414471694,1709992800000,0.0014851947406545679,-0.002269938203963682,0.0023448302616865726
AVAXUSDT,1710158400000,2024,LONG,-0.00023112493371808904,0.02264385763952548,1710162000000,-0.002411455577014228,0.006537582095813598,0.034826551858066844
AVAXUSDT,1710187200000,2024,SHORT,0.08503727466318843,-0.038464784717858226,1710190800000,0.00856562614173851,0.017703585117623568,0.0386063209355117
AVAXUSDT,1710208800000,2024,LONG,-0.062329721892411226,0.0008438423356630153,1710212400000,-0.05195578816515139,-0.050375680555423595,-0.0246175507136707
AVAXUSDT,1710320400000,2024,SHORT,0.09583925778540572,-0.024721605197825503,1710324000000,-0.0009826370688611086,-0.004405048859962471,-0.025872745797514442
AVAXUSDT,1710356400000,2024,LONG,-0.06611181854570171,0.0400887059510211,1710360000000,-0.011846103844744566,0.01241864608620076,0.03225558848510405
AVAXUSDT,1710381600000,2024,SHORT,0.03551389972900754,-0.0743370811848719,1710385200000,0.016435620748275453,0.05513145003217757,0.07770330642882005
AVAXUSDT,1710385200000,2024,LONG,-0.0743370811848719,0.051603730264126055,1710388800000,-0.026974355635136962,-0.031645928213440075,-0.0820431951017289
AVAXUSDT,1710406800000,2024,SHORT,0.019910115501319735,-0.043250626207658134,1710410400000,-0.0045034113463988425,0.04908498903291457,0.0646026694952494
AVAXUSDT,1710428400000,2024,LONG,-0.04855664707511991,0.004430553574294577,1710432000000,0.015701954305205268,-0.029101422455958224,0.01910067936191944
AVAXUSDT,1710432000000,2024,SHORT,0.004430553574294577,-0.005827741862847152,1710435600000,0.007896513631195475,0.01726707264908047,0.04289923284225513
AVAXUSDT,1710439200000,2024,LONG,-0.004260231130059828,0.00012627865143423141,1710442800000,-0.014446787549349882,0.029616204918561703,0.03659104636931878
AVAXUSDT,1710453600000,2024,SHORT,0.013173114255821246,-0.03831775957200544,1710457200000,-0.00025921605803460424,-0.0005553807277544554,0.06000331011144943
AVAXUSDT,1710468000000,2024,LONG,-0.03557001153822631,0.04611882234632581,1710471600000,0.0036022760978403315,0.006438008198631228,0.012085461691706236
AVAXUSDT,1710507600000,2024,SHORT,0.09522796267633339,-0.012608486970238968,1710511200000,-0.007524766175175679,-0.03765571822483508,-0.06933178461055395
AVAXUSDT,1710511200000,2024,LONG,-0.012608486970238968,0.04170662654773402,1710514800000,0.014413028591594336,0.04761146580192733,0.03903223082927067
AVAXUSDT,1710630000000,2024,SHORT,0.031198705312022106,-0.0467585771397835,1710633600000,0.01782847444953672,-0.0020174478663789147,-0.03991880249464591
AVAXUSDT,1710727200000,2024,LONG,-0.11116195426113118,0.010395967739128804,1710730800000,-0.0015174009179043438,0.0020580034758599136,0.00697999992630341
AVAXUSDT,1710831600000,2024,SHORT,0.10417701522309043,-0.019394365079619474,1710835200000,0.0620534545704464,0.0366923674209607,0.02721313602402952
AVAXUSDT,1710835200000,2024,LONG,-0.019394365079619474,0.11699340007991917,1710838800000,0.01795003058269531,0.05629120947845318,0.004073540879589361
AVAXUSDT,1710849600000,2024,SHORT,0.0587609843247666,-0.023271163777570967,1710853200000,0.03780393146718309,5.0111498093688746e-05,0.09590666955511926
AVAXUSDT,1710853200000,2024,LONG,-0.023271163777570967,0.06478093604791865,1710856800000,0.0010229647795871107,0.05191933437570681,-0.10683419038906593
AVAXUSDT,1710860400000,2024,SHORT,0.04801007685185779,-0.011807228420113218,1710864000000,0.00023383217637268445,0.021335222821388014,0.15020051010059007
AVAXUSDT,1710878400000,2024,LONG,-0.020767029258272035,0.024523732686649934,1710882000000,-0.015969394888778847,-0.04345929476756264,-0.07650347187679854
AVAXUSDT,1710885600000,2024,SHORT,0.00954993730046406,-0.02805666901364229,1710889200000,0.008664649041413338,0.031356060243484106,0.020756694806442048
AVAXUSDT,1711105200000,2024,LONG,-0.011078839187923227,0.013736627056204972,1711108800000,0.029003696168457143,-0.021260331145321786,-0.025032018123020104
AVAXUSDT,1711108800000,2024,SHORT,0.013736627056204972,-0.04948701016942277,1711112400000,0.02830962709161688,0.06403533368254385,0.06533989131062694
AVAXUSDT,1711112400000,2024,LONG,-0.04948701016942277,0.027945331771974998,1711116000000,-0.032744853520609025,-0.02460237218165787,-0.0113677174347849
AVAXUSDT,1711116000000,2024,SHORT,0.027945331771974998,-0.018373521508776112,1711119600000,-0.01075500801709627,-0.01071773422243326,-0.02036244137572187
AVAXUSDT,1711346400000,2024,LONG,-0.012204596229755272,0.00951402056899451,1711350000000,0.0011581808947539434,0.033209566900268495,0.03324405857915443
AVAXUSDT,1711371600000,2024,SHORT,0.03248051016596778,-0.034979536770514186,1711375200000,0.004454350349380309,0.003506785090302465,-0.003460329614230009
AVAXUSDT,1711375200000,2024,LONG,-0.034979536770514186,0.03167649529081807,1711378800000,0.0066140647748522035,-0.0005344689488712179,0.014357711581692151
AVAXUSDT,1711389600000,2024,SHORT,0.0025839651728812555,-0.032081226562442576,1711393200000,-0.003357643508109683,-0.004302636405079088,-0.014486058595317989
AVAXUSDT,1711404000000,2024,LONG,-0.0036776822883522733,0.013843486811214481,1711407600000,-0.007256212949577684,0.010693096780934773,0.0031720203200831863
AVAXUSDT,1711411200000,2024,SHORT,0.0104072032036092,-0.07966791053708827,1711414800000,-0.0018314553203512606,-0.0022417888931042097,0.006531477327350359
AVAXUSDT,1711458000000,2024,LONG,-0.06639758345592583,0.018407503492021266,1711461600000,-0.004818865719660006,-0.024454889816672827,-0.01959398552028884
AVAXUSDT,1711483200000,2024,SHORT,0.009126618840581038,-0.004470138830479216,1711486800000,-0.0036326260140796024,-0.012470988799432061,0.023838295921146134
AVAXUSDT,1711486800000,2024,LONG,-0.004470138830479216,0.007096473541701025,1711490400000,0.002925126046747393,0.0056108373732236694,-0.01377694854055731
AVAXUSDT,1711490400000,2024,SHORT,0.007096473541701025,-0.004144696755569601,1711494000000,0.0056979193373570824,-0.004602447950481805,0.01650377314120505
AVAXUSDT,1712649600000,2024,LONG,-0.05182296867858416,0.04669696053213094,1712653200000,-0.0026946930884240612,0.0035747901979015623,-0.01914374032774053
AVAXUSDT,1712674800000,2024,SHORT,0.006514007951874052,-0.0009262704603790653,1712678400000,0.009205174257555621,0.005944117666078086,0.01971688606316813
AVAXUSDT,1712678400000,2024,LONG,-0.0009262704603790653,0.00410847520359646,1712682000000,0.0025630991504119105,0.005161847721065183,-0.000678944267785071
AVAXUSDT,1712707200000,2024,SHORT,0.010760373640752415,-0.0076044691275913645,1712710800000,-0.001518083657841463,-0.008140694930671622,0.013051810269820129
AVAXUSDT,1712944800000,2024,LONG,-0.07212548414304977,0.03727400572722795,1712948400000,0.01447309315907683,0.029354281775410607,0.02012150822838102
AVAXUSDT,1712952000000,2024,SHORT,0.005797945241347176,-0.08212179334819238,1712955600000,-0.004600882282075888,0.002282725384331823,0.034508649435738545
AVAXUSDT,1712970000000,2024,LONG,-0.082330876575756,0.0007185798854120537,1712973600000,0.010856607987860154,0.022453969263660375,0.02403684341834722
AVAXUSDT,1712973600000,2024,SHORT,0.0007185798854120537,-0.09313022820013761,1712977200000,-0.0033833879236403893,-0.016700272194837516,-0.006833650115792953
AVAXUSDT,1713603600000,2024,LONG,-0.032068481758017825,0.018337313165310926,1713607200000,-0.0023751637021381883,-0.004841116398009307,0.07448311964554111
AVAXUSDT,1713610800000,2024,SHORT,0.010405597006047509,-0.04426295933364091,1713614400000,-0.0029654997495379056,-0.04385810278999289,-0.08930043366453828
AVAXUSDT,1713632400000,2024,LONG,-0.00023372904584507208,0.01277523723982725,1713636000000,-0.004729278182556279,0.016680049956542882,0.01387109621618802
AVAXUSDT,1713650400000,2024,SHORT,0.010835252752560432,-0.0022913537794301154,1713654000000,-0.006787326728495155,-0.010775289944771092,0.014221073054860459
AVAXUSDT,1713654000000,2024,LONG,-0.0022913537794301154,0.010568035941767018,1713657600000,-0.01576784138961941,-0.0030341892441804307,-0.022316165159165124
AVAXUSDT,1713704400000,2024,SHORT,0.07000032992942914,-0.002586749309308119,1713708000000,-8.130632161121586e-05,-0.00040646551699757323,-0.0023281636981458266
AVAXUSDT,1713708000000,2024,LONG,-0.002586749309308119,0.0010174586469389778,1713711600000,0.007855245477638136,0.0019222704948575304,0.006940627670295275
AVAXUSDT,1713715200000,2024,SHORT,0.007086102556888626,-0.007053849099540105,1713718800000,-0.003664151099719177,-0.010602717524126448,-0.040055984437621844
AVAXUSDT,1713841200000,2024,LONG,-0.017360755777054555,0.0007079885959450976,1713844800000,-0.0050851285995464415,-0.015542808255537704,0.0029052224416613957
AVAXUSDT,1713844800000,2024,SHORT,0.0007079885959450976,-0.015579094938701635,1713848400000,-0.0072701343702586746,0.008157796403844276,-0.010680700162595428
AVAXUSDT,1713873600000,2024,LONG,-0.052576832956503936,0.03629198832396873,1713877200000,0.009583119916854378,0.019177678619133814,0.00935047460942424
AVAXUSDT,1713895200000,2024,SHORT,0.007559936329481629,-0.0026026895021143727,1713898800000,0.004743988683625708,0.016912625577515033,-0.010006865594418211
AVAXUSDT,1713906000000,2024,LONG,-0.0018291937916006923,0.0072325864024621956,1713909600000,-0.0051142998438447685,0.015597878466556156,0.01641750865433977
AVAXUSDT,1713934800000,2024,SHORT,0.01324202969498316,-0.0008514593320323833,1713938400000,0.004953460397097702,0.010341143070846524,0.059483409776173536
AVAXUSDT,1713938400000,2024,LONG,-0.0008514593320323833,0.012316952950714676,1713942000000,-0.00436408874641161,-0.006745560494062839,-0.06599790293481524
AVAXUSDT,1713956400000,2024,SHORT,0.0012747261062852294,-0.0028895817747168298,1713960000000,0.008003326117950224,0.060560750580823955,0.07389573886924415
AVAXUSDT,1714788000000,2024,LONG,-0.03863240230998487,0.0026452643584747373,1714791600000,0.0036107232458318537,0.002821990810576372,0.02083496091577177
AVAXUSDT,1714816800000,2024,SHORT,0.016864159760023575,-0.004046194406428414,1714820400000,0.013100018039816202,0.0037570142813817334,-0.022304338300556736
AVAXUSDT,1714870800000,2024,LONG,-0.017570773499117457,0.015572738082402227,1714874400000,-0.0006685296608176726,-0.01131808573513248,-0.0028108329196994777
AVAXUSDT,1714924800000,2024,SHORT,0.03634262773860238,-0.004128961528431896,1714928400000,0.004173695760935983,0.0077458475483873105,-0.0011473858209126687
AVAXUSDT,1714928400000,2024,LONG,-0.004128961528431896,0.0031731264751869398,1714932000000,-0.003329934867092523,0.0015537520873415717,0.010242274536651486
AVAXUSDT,1715130000000,2024,SHORT,0.018942681785538668,-0.008254123671355293,1715133600000,-0.007341823071126944,0.011532040867306281,0.01331806427230247
AVAXUSDT,1715871600000,2024,LONG,-0.007327150738144807,0.003283223959529766,1715875200000,-0.0027223645752476604,0.0040842579676036005,0.01649671389396404
AVAXUSDT,1715886000000,2024,SHORT,0.006310747580857828,-0.003780917167024958,1715889600000,0.0020400438398577906,-0.002936176651923497,-0.0818058951131708
AVAXUSDT,1715889600000,2024,LONG,-0.003780917167024958,0.001961809637482015,1715893200000,0.002040043839857921,0.008164259361658682,0.06832750051810242
AVAXUSDT,1715893200000,2024,SHORT,0.001961809637482015,-0.0018374900262502771,1715896800000,-0.0012219605256221673,-0.003951425909581462,-0.06155919652462161
AVAXUSDT,1715907600000,2024,LONG,-0.0014981131454798022,0.003686969204022373,1715911200000,0.0013618256360372581,0.01264836719044884,0.057192240478429746
AVAXUSDT,1715911200000,2024,SHORT,0.003686969204022373,-0.0040543565658749565,1715914800000,-0.006982946195662585,-0.03842967523691633,-0.06243699494655012
AVAXUSDT,1715929200000,2024,LONG,-0.053692863191414815,0.031102319121365157,1715932800000,-0.01551843843492642,-0.019914770079278863,-0.019367589413934204
AVAXUSDT,1715940000000,2024,SHORT,0.020558549015696745,-0.013741937085685812,1715943600000,0.009180249438842658,0.003204869795486715,0.010741358965060881
AVAXUSDT,1715943600000,2024,LONG,-0.013741937085685812,0.005671877958070751,1715947200000,0.008936171712435229,0.015505449605312303,-0.0035914556567882604
AVAXUSDT,1715947200000,2024,SHORT,0.005671877958070751,-0.00436524846694797,1715950800000,0.009538416460996605,0.0007325908265401435,0.004975878664406541
AVAXUSDT,1715950800000,2024,LONG,-0.00436524846694797,0.011345958126750728,1715954400000,0.006605007772945107,0.003444414438420912,0.010541753507474445
AVAXUSDT,1715968800000,2024,SHORT,0.03544869743004795,-0.007048238045968177,1715972400000,-0.002300173527084214,-0.0001918833355213415,-0.025870743334748474
AVAXUSDT,1715976000000,2024,LONG,-0.0047928409471091555,0.003821497956144565,1715979600000,0.0007966705090123268,0.008183642897305764,0.022688416326918634
AVAXUSDT,1715979600000,2024,SHORT,0.003821497956144565,-0.001372767923194524,1715983200000,-0.0018381097341357584,-0.013311344638239287,-0.025966333127074234
AVAXUSDT,1715983200000,2024,LONG,-0.001372767923194524,0.0017696690644408508,1715986800000,-0.0020303461305700926,0.02177093211357201,0.025865843291479305
AVAXUSDT,1715986800000,2024,SHORT,0.0017696690644408508,-0.00013939078723539922,1715990400000,-0.007551748704817046,-0.03149547345169634,-0.02840353933079473
AVAXUSDT,1715990400000,2024,LONG,-0.00013939078723539922,0.015584937376921036,1715994000000,0.0059790910560580095,0.019543365016186056,0.010844623022563732
AVAXUSDT,1715994000000,2024,SHORT,0.015584937376921036,-0.0003317288580811782,1715997600000,-0.010324794175964512,-0.009707766886465833,-0.003300422311465302
AVAXUSDT,1715997600000,2024,LONG,-0.0003317288580811782,0.03284991567601487,1716001200000,0.007801476956349424,0.0040152096344505065,-0.003385279965912048
AVAXUSDT,1716001200000,2024,SHORT,0.03284991567601487,-0.012966284638758983,1716004800000,0.004427618456894432,0.010514162431012787,0.006889948743100958
AVAXUSDT,1716004800000,2024,LONG,-0.012966284638758983,0.009044329479427836,1716008400000,-0.0038836040401585654,-0.005011332860371891,-0.009912907404165169
AVAXUSDT,1716231600000,2024,SHORT,0.05616386316911184,-0.009032922354234542,1716235200000,0.005056736869286703,-0.03706948931354994,-0.05176653986466968
AVAXUSDT,1716235200000,2024,LONG,-0.009032922354234542,0.04597549541221983,1716238800000,0.012581381969501707,0.0517507485591406,0.050342628166884916
AVAXUSDT,1716246000000,2024,SHORT,0.07273823491368711,-0.018552105856679664,1716249600000,-0.009649447911269498,0.008888057208870467,-0.007326222032535246
AVAXUSDT,1716249600000,2024,LONG,-0.018552105856679664,0.012206728499252218,1716253200000,-0.013820751932621288,-0.007010792591591685,0.005269001479637627
AVAXUSDT,1716498000000,2024,SHORT,0.06530767599419243,-0.017309503814779425,1716501600000,0.011284020069010872,0.0015747018420153138,0.031442539868538746
AVAXUSDT,1717646400000,2024,LONG,-0.0011976891967840464,0.0018583621310224497,1717650000000,-0.004382284970950247,0.010042360462806923,0.007861869533729042
AVAXUSDT,1717657200000,2024,SHORT,0.0035858411796569245,-0.007528882427639534,1717660800000,-0.010097364450609828,-0.012626223325737021,0.0075088692031832745
AVAXUSDT,1717664400000,2024,LONG,-0.003116762643805531,0.007594710761461849,1717668000000,0.00043522020108688233,-0.0014702681803419788,-0.018203036693796804
AVAXUSDT,1717700400000,2024,SHORT,0.01980173148892997,-0.07860959527453823,1717704000000,-0.0038993951426879725,0.004777388749156845,0.0021636624252238564
AVAXUSDT,1719486000000,2024,LONG,-0.006763425879000324,0.016817391851244833,1719489600000,0.00615155728315779,0.04563543457688262,0.04868624181725306
AVAXUSDT,1719759600000,2024,SHORT,0.00222609487534322,-0.005066681927554423,1719763200000,0.0034283299059906084,-0.015915455305899582,-0.06554069259275294
AVAXUSDT,1719788400000,2024,LONG,-0.016066175393152506,0.00459908344128501,1719792000000,0.009964832998727071,0.019998305872370958,0.010976091764877186
AVAXUSDT,1719792000000,2024,SHORT,0.00459908344128501,-0.0045878539159156335,1719795600000,-0.00420684821208049,-0.0032996662935015635,-0.0009438733213805856
AVAXUSDT,1719795600000,2024,LONG,-0.0045878539159156335,0.0084168545929663,1719799200000,-0.0036675063399430937,0.00016791201449911514,-0.008601115509092011
AVAXUSDT,1719954000000,2024,SHORT,0.007420395427878152,-0.027865336026658232,1719957600000,-0.00986642948839884,-0.0013352075068681628,0.028459234701077273
AVAXUSDT,1719975600000,2024,LONG,-0.041051279786477525,0.01297819824064484,1719979200000,-0.006095297703576722,-0.010574548379822898,-0.04480557588226725
AVAXUSDT,1720058400000,2024,SHORT,0.027790233666047045,-0.024492716798185522,1720062000000,-0.0016425069106444784,0.013625552396965545,0.03232353503854395
AVAXUSDT,1720101600000,2024,LONG,-0.00702458771608068,0.002251800403473806,1720105200000,0.010800301350769866,0.004569995740728725,-0.12873119882823156
AVAXUSDT,1720105200000,2024,SHORT,0.002251800403473806,-0.010271365927389987,1720108800000,0.0021116028649317844,0.006151695437844091,0.1394865896631965
AVAXUSDT,1720314000000,2024,LONG,-0.030351814034676437,0.03420490882149265,1720317600000,0.003429512046965073,-0.0030292287417312273,-0.039181878955882196
AVAXUSDT,1720414800000,2024,SHORT,0.02785992261689125,-0.0085497618687417,1720418400000,-0.0036218518805575216,-0.039211709592372926,-0.01017010551357095
AVAXUSDT,1720587600000,2024,LONG,-0.006284302805946467,0.0017128025769588655,1720591200000,0.005676806752009435,-0.009732617687000747,-0.03272821270412543
AVAXUSDT,1720591200000,2024,SHORT,0.0017128025769588655,-0.00045959355667720764,1720594800000,0.013208960897796043,0.012613213030453518,0.03997082901516234
AVAXUSDT,1720594800000,2024,LONG,-0.00045959355667720764,0.0560424677907765,1720598400000,-0.003208359401998572,0.0010423647731079575,-0.027796351503099146
AVAXUSDT,1720674000000,2024,SHORT,0.0370886495318631,-0.01644194197024239,1720677600000,0.0041701640806431385,0.0017516888809260278,0.006359632054640273
AVAXUSDT,1720929600000,2024,LONG,-0.021271806519990014,0.0005472673836580562,1720933200000,0.00854558667526552,0.0046842089873306006,-0.0044356233409704
AVAXUSDT,1720933200000,2024,SHORT,0.0005472673836580562,-0.010005542835753072,1720936800000,0.007122919098034285,-0.0011441212490955978,0.016273032163220937
AVAXUSDT,1721008800000,2024,LONG,-0.013911576551114094,0.023071466936524454,1721012400000,-0.00037061745291171205,0.00011115845649404265,0.006500484570955782
AVAXUSDT,1721080800000,2024,SHORT,0.014643932003775825,-0.01077113064461872,1721084400000,-0.003456846912185547,-0.007546392000489432,0.021548550490179907
AVAXUSDT,1721088000000,2024,LONG,-0.0022053598900449232,0.005349637286746462,1721091600000,0,-0.0021592839569775165,-0.0269257545185041
AVAXUSDT,1721188800000,2024,SHORT,0.03876721992461663,-0.010755428351251328,1721192400000,0.008343521372687757,0.0076804492305761665,0.03911408909920911
AVAXUSDT,1721217600000,2024,LONG,-0.000446482696331465,0.004031657475503359,1721221200000,0.010660554912690098,-0.014333191497065235,-0.021958402358837885
AVAXUSDT,1721221200000,2024,SHORT,0.004031657475503359,-0.02872132544041924,1721224800000,0.006623707407638171,0.02488840378276384,0.029724212556957987
AVAXUSDT,1721232000000,2024,LONG,-0.0387995134869823,0.021080703146454383,1721235600000,3.600165608006702e-05,-0.0007923645291209148,-0.006356565754835278
AVAXUSDT,1721264400000,2024,SHORT,0.00559881287970443,-0.017506660940965417,1721268000000,0.002317917810098399,0.00021707670128663572,0.002644306324120331
AVAXUSDT,1721268000000,2024,LONG,-0.017506660940965417,0.003958157837903287,1721271600000,0.0057487006844160055,0.007261723776470549,-0.010974097045043997
AVAXUSDT,1721271600000,2024,SHORT,0.003958157837903287,-0.00609188575929085,1721275200000,0.004987541511039051,0.006220184961896279,0.03183010852555911
AVAXUSDT,1721278800000,2024,LONG,-0.0044059577244420535,0.0007906439217101869,1721282400000,0.005160882667658691,-0.000579101684720654,-0.02461572586934881
AVAXUSDT,1721282400000,2024,SHORT,0.0007906439217101869,-0.013949167049239788,1721286000000,0.007841193583994613,0.008276607233834422,0.03140624070777499
AVAXUSDT,1721304000000,2024,LONG,-0.0028192284887478365,0.0017617586357554207,1721307600000,-0.0016670898653120395,-0.017681471817184314,-0.02148495122747511
AVAXUSDT,1721307600000,2024,SHORT,0.0017617586357554207,-0.00221801952409957,1721311200000,0.010647708531021979,0.02218849624651501,0.02100247631578421
AVAXUSDT,1721311200000,2024,LONG,-0.00221801952409957,0.004956124902878654,1721314800000,-0.015070650544972381,-0.013025774105089937,-0.011022137206068617
AVAXUSDT,1721314800000,2024,SHORT,0.004956124902878654,-0.003104910481225365,1721318400000,-0.009740637375248828,0.0003722453884555812,-0.01499732601055022
AVAXUSDT,1721322000000,2024,LONG,-0.002549013659597721,0.003688975550254715,1721325600000,-0.001595814110905209,0.005620692976649295,0.003553585083239446
AVAXUSDT,1721332800000,2024,SHORT,0.014479708014519276,-0.004430601875692769,1721336400000,0.00022122262460258865,0.0035454481870813444,0.009408173699455716
AVAXUSDT,1721343600000,2024,LONG,-0.004295744931725226,0.006015549486310284,1721347200000,-0.003324225562478833,0.005735942483113451,-0.010266764260406994
AVAXUSDT,1721347200000,2024,SHORT,0.006015549486310284,-0.007566366838583778,1721350800000,0.001221611568435125,-0.0012940199605849193,0.004003564066454923
AVAXUSDT,1721437200000,2024,LONG,-0.038025851350859785,0.011237896451213045,1721440800000,0.002631393311265684,0.007767511433033288,-0.0030668307326767886
AVAXUSDT,1721494800000,2024,SHORT,0.01520462604188211,-0.03326659211550925,1721498400000,-0.006476773874744425,-0.0017705571463906091,-0.00744295752478551
AVAXUSDT,1721534400000,2024,LONG,-0.007635941612889594,0.0037649427592994023,1721538000000,-0.0010686155552493814,-0.002000276567067156,0.07903245792867304
AVAXUSDT,1721811600000,2024,SHORT,0.01458822747162841,-0.01981290179047565,1721815200000,-0.008747860550358312,0.006343504177805326,0.04468173179833367
AVAXUSDT,1721822400000,2024,LONG,-0.005713941932150982,0.031491971195741535,1721826000000,-0.0011046580867907362,-0.025789734784332514,-0.05078278042974998
AVAXUSDT,1721865600000,2024,SHORT,0.03421441987526909,-0.029449262794556504,1721869200000,0.0229657788956283,0.030558280750558355,0.04994363284769364
AVAXUSDT,1721872800000,2024,LONG,-0.0211838758984078,0.0025429052526625097,1721876400000,-0.004562801075582081,0.0017465982171029754,-0.002005068023782354
AVAXUSDT,1721876400000,2024,SHORT,0.0025429052526625097,-0.016271413430990832,1721880000000,-0.00801636707979847,0.0015743710345741389,0.011924180738084395
AVAXUSDT,1721901600000,2024,LONG,-0.03211764210978227,0.0022428504433577366,1721905200000,0.002713208381458929,0.006076153393900963,-0.0026469630542433685
AVAXUSDT,1721908800000,2024,SHORT,0.0193987779692934,-0.0016121715738847792,1721912400000,0.002074228464255705,-0.0012572571267476633,-0.01140514919709624
AVAXUSDT,1723165200000,2024,LONG,-0.08353979987189251,0.005806543663318324,1723168800000,-0.00433878971079915,-0.02870533927399679,-0.034001595926106416
AVAXUSDT,1723251600000,2024,SHORT,0.012814196604650774,-0.012966961426519224,1723255200000,-0.002451038293223221,0.005106315059684494,0.0022250043945013505
AVAXUSDT,1723269600000,2024,LONG,-0.004451677562422235,0.0021905672076351426,1723273200000,0.0033293288868293507,0.0045749750537542105,0.0026366321910022555
AVAXUSDT,1723273200000,2024,SHORT,0.0021905672076351426,-0.008129727538695846,1723276800000,0.0036072739481453203,-0.0048814280673998445,0.0020332724195342563
AVAXUSDT,1723388400000,2024,LONG,-0.010862725429132043,0.013303749596999802,1723392000000,-0.005465009361522967,-0.021705394877243548,-0.029465778941959644
AVAXUSDT,1723420800000,2024,SHORT,8.552771104424625e-05,-0.016478217635881018,1723424400000,-0.005251908589903693,-0.005494385737620661,-0.046954299228900674
AVAXUSDT,1723640400000,2024,LONG,-0.027278899389464224,0.015421641514111658,1723644000000,0.004022817133863104,0.0028413145979701913,-0.012214475060100179
AVAXUSDT,1723647600000,2024,SHORT,0.0017523251144752506,-0.0009180325080839446,1723651200000,0.0014575548575688445,0.009915563556786827,0.01686764145933463
AVAXUSDT,1723651200000,2024,LONG,-0.0009180325080839446,0.015726577866421346,1723654800000,-0.0050000104167057515,-0.009075072917207879,-0.017945791139634803
AVAXUSDT,1723694400000,2024,SHORT,0.0030626625329387013,-0.012707646467293944,1723698000000,0.00851642263373154,-0.007018242743415497,0.004513813186087486
AVAXUSDT,1724112000000,2024,LONG,-0.08504365685928932,0.018386522978528375,1724115600000,0.012385064494970675,0.017993501022707605,0.031290600404920155
AVAXUSDT,1724806800000,2024,SHORT,0.03614905314263234,-0.0007190674400513437,1724810400000,0.003395446660984973,-0.007670539526811497,-0.0048842694523687545
AVAXUSDT,1725501600000,2024,LONG,-0.030087886110399722,0.005020373560513415,1725505200000,-0.009680084763244159,-0.008205973569459481,-0.018756742428868302
AVAXUSDT,1725519600000,2024,SHORT,0.0011014451182842174,-0.000701578701721059,1725523200000,0.0029899513983283363,0.003681211593139326,0.02144829446142781
AVAXUSDT,1725534000000,2024,LONG,-0.0011734024286854884,0.008230260250862015,1725537600000,0.0010135914251789885,-0.013831735949022017,-0.01570299398008588
AVAXUSDT,1725544800000,2024,SHORT,0.0037039336732781424,-0.01419005860533838,1725548400000,0.004616361279241255,-0.0049192599665302365,-0.008523700098134097
AVAXUSDT,1725764400000,2024,LONG,-0.004776419623553165,0.0035960014734225916,1725768000000,0.0037037905746786248,0.030988395051138932,0.004015532098947065
AVAXUSDT,1725768000000,2024,SHORT,0.0035960014734225916,-0.02281456919968389,1725771600000,-0.005020559251651391,-0.024072099000394684,-0.005640824213276806
AVAXUSDT,1725775200000,2024,LONG,-0.013036933973306832,0.003848179831367119,1725778800000,0.022618655157602724,0.017055358472274167,0.017708910550958062
AVAXUSDT,1725778800000,2024,SHORT,0.003848179831367119,-0.008410663422544382,1725782400000,0.0032125054760654484,0.001214329232401831,0.005519713255741729
AVAXUSDT,1725782400000,2024,LONG,-0.008410663422544382,0.008305833186977746,1725786000000,-0.004532388130188608,-0.012557867013016928,-0.0018714779252877415
AVAXUSDT,1725832800000,2024,SHORT,0.0014888453632808198,-0.02167736637018885,1725836400000,-0.007301352289903184,-0.019622363770825286,-0.03615236275154014
AVAXUSDT,1725850800000,2024,LONG,-0.0120714457588276,0.006810815294665591,1725854400000,-0.006107606488796535,0.008395571701638155,0.003824909040562856
AVAXUSDT,1725868800000,2024,SHORT,0.020232525692769836,-0.009084448149787596,1725872400000,0.01599767495352416,0.019489401435047408,0.005886027356242982
AVAXUSDT,1725872400000,2024,LONG,-0.009084448149787596,0.01904303568582553,1725876000000,0.004148948809320901,-0.003365306894746907,0.008988542718511119
AVAXUSDT,1725886800000,2024,SHORT,0.0021164769194427385,-0.0037611942423835558,1725890400000,0.012892460168860921,-0.013851042656500374,0.0015602929768451044
AVAXUSDT,1725901200000,2024,LONG,-0.013333499631028131,0.007339858928328964,1725904800000,-0.0028297979765827294,-0.0015387497577743668,-0.01208233933597534
AVAXUSDT,1725912000000,2024,SHORT,0.0007452413356100543,-0.0012808977083651205,1725915600000,0.0010815308874529746,0.012929861912137953,0.01592457069010037
AVAXUSDT,1725926400000,2024,LONG,-0.008706495817651276,0.0017423103767649159,1725930000000,-0.002107926581533604,-0.0033748186428739775,0.00537613122332915
AVAXUSDT,1725951600000,2024,SHORT,0.013895842677809113,-0.003773663530146328,1725955200000,0.004635881532552689,-0.01153810718344989,-0.024874115403394396
AVAXUSDT,1726023600000,2024,LONG,-0.0028058157161310556,0.00018127475166511978,1726027200000,-0.010670929405003369,-0.00910323211551612,-0.021971448373632695
AVAXUSDT,1726030800000,2024,SHORT,0.0001901050873694139,-0.011684936752531166,1726034400000,-0.004438761022441507,-0.0052050119645348225,-0.005758050499890621
AVAXUSDT,1726048800000,2024,LONG,-0.019323760458542352,0.006382459022294487,1726052400000,0.00854833282956221,-0.01471500607188419,-0.002052247502966353
AVAXUSDT,1726052400000,2024,SHORT,0.006382459022294487,-0.0024239519458667696,1726056000000,0.005222165687807284,0.012656508836980628,0.014975001996971582
AVAXUSDT,1726063200000,2024,LONG,-0.002268085932001682,0.05307902435147727,1726066800000,0.010605833408561147,0.015525524193731486,0.027572329480218916
AVAXUSDT,1726106400000,2024,SHORT,0.01990418270616424,-0.020954173381739348,1726110000000,0.0016034435267985397,0.008425648422853628,0.007703089683521726
AVAXUSDT,1726192800000,2024,LONG,-0.018456899513410084,0.0003529064498651379,1726196400000,-0.004551400667418309,-0.004804864676886128,0.01890935142612085
AVAXUSDT,1726200000000,2024,SHORT,0.003958537217528444,-0.000874297264746371,1726203600000,-0.005312433440017071,-0.0009296037177511571,-0.039293877639272425
AVAXUSDT,1726218000000,2024,LONG,-0.008889302613028867,0.004889227101886816,1726221600000,0.014475423237852123,0.014558490065162386,0.051735674399188684
AVAXUSDT,1726221600000,2024,SHORT,0.004889227101886816,-0.0035316363822287407,1726225200000,0.009641344326509076,-0.006706433481491846,-0.039340523852520154
AVAXUSDT,1726225200000,2024,LONG,-0.0035316363822287407,0.005256102167658953,1726228800000,-0.0005873222470295261,0.034825186951548126,0.043254865601914085
AVAXUSDT,1726452000000,2024,SHORT,0.023767200266653056,-0.02799327350107026,1726455600000,-0.011999122776663526,-0.0160091743713546,-0.001368867048671411
AVAXUSDT,1726711200000,2024,LONG,-0.02701204603162772,0.007710544285778895,1726714800000,-0.006456905236833329,-0.0021735763874925693,0.014893196330987736
AVAXUSDT,1727204400000,2024,SHORT,0.01720341088310943,-0.0011624839037157073,1727208000000,0.004125657270552585,-0.02753464185134938,0.0031832184593154123
AVAXUSDT,1727208000000,2024,LONG,-0.0011624839037157073,0.0016555192436497816,1727211600000,0.0012322860462648801,0.00690293494413328,0.004089689202112086
AVAXUSDT,1727629200000,2024,SHORT,0.009972254609711984,-1.4692159948347472e-05,1727632800000,0.0015178697546480654,-0.007212808189240784,0.010255789427810632
AVAXUSDT,1727632800000,2024,LONG,-1.4692159948347472e-05,5.4542958223651346e-05,1727636400000,0.00958621988248212,0.002964701564778188,-0.01632447800128161
AVAXUSDT,1727636400000,2024,SHORT,5.4542958223651346e-05,-0.00940447762138583,1727640000000,0.004180522142356741,0.007689176975027755,0.010173307427188206
AVAXUSDT,1727640000000,2024,LONG,-0.00940447762138583,0.0008216627823716898,1727643600000,0.0033595040338406904,-0.006614783300669046,-0.009314587647286536
AVAXUSDT,1727643600000,2024,SHORT,0.0008216627823716898,-0.016217571392686776,1727647200000,0.005766276488723852,0.028253996592999243,0.03482367266637783
AVAXUSDT,1727668800000,2024,LONG,-0.0009496305219007635,0.01714582653258629,1727672400000,0.008393418513948052,0.013187924449872046,-0.009633951883304502
AVAXUSDT,1727697600000,2024,SHORT,0.004162537279637219,-0.0002636729837049585,1727701200000,0.006022947605136395,0.009739305608534065,0.01825029835115081
AVAXUSDT,1727704800000,2024,LONG,-0.0018856510888525765,0.006807027597851598,1727708400000,-0.007668065463028849,-0.000213196888132934,7.105552992656883e-05
AVAXUSDT,1727712000000,2024,SHORT,0.004695351740118098,-0.0048064110029219335,1727715600000,-0.0007797824093424668,-0.0016297612110468213,-0.010791852224585823
AVAXUSDT,1727960400000,2024,LONG,-0.021415516062158056,0.0031933714404541397,1727964000000,-0.017307687455187147,0.0006140871787353596,0.020590035547821274
AVAXUSDT,1727964000000,2024,SHORT,0.0031933714404541397,-0.00040428344845634657,1727967600000,-0.014723786401838267,-0.018493819142379728,-0.040300213484742664
AVAXUSDT,1727967600000,2024,LONG,-0.00040428344845634657,0.0017954883468109027,1727971200000,-0.00787324498201107,0.015360784437816348,0.02176912509175178
AVAXUSDT,1727971200000,2024,SHORT,0.0017954883468109027,-0.007345714424219753,1727974800000,-0.011028918376751786,-0.015276249763874575,-0.030964748799068693
AVAXUSDT,1728687600000,2024,LONG,-0.0029299020977584544,0.005701565331867907,1728691200000,0.014573985466416682,0.030635870324139797,0.03904415923311545
AVAXUSDT,1728691200000,2024,SHORT,0.005701565331867907,-0.017969353224489216,1728694800000,-0.03631122595803513,-0.02169867977214511,-0.026919525913242152
AVAXUSDT,1728698400000,2024,LONG,-0.027869227282138715,0.0698503553433515,1728702000000,-0.0022937813321367824,-0.004309590194674718,0.030513136238493305
AVAXUSDT,1729094400000,2024,SHORT,0.017321484217008385,-0.010991821438429406,1729098000000,-0.002203718310238891,-0.008463181873173395,-0.004834587473429103
AVAXUSDT,1729108800000,2024,LONG,-0.0012296455647150097,0.0026384184538081144,1729112400000,-0.0008253046021671588,0.00458059776004146,-0.006404973139416124
AVAXUSDT,1729216800000,2024,SHORT,0.009971418389215857,-0.0027678562126148393,1729220400000,0.00994816322545964,0.0014461318499996267,0.0031842551149290736
AVAXUSDT,1729324800000,2024,LONG,-0.006252086892277708,0.0017481664611472285,1729328400000,-0.005346081590176932,-0.008961945191481064,-0.00552477746813847
AVAXUSDT,1729328400000,2024,SHORT,0.0017481664611472285,-0.008203413407096249,1729332000000,0.003400694154535236,0.004405214580540776,0.0008937988832637612
AVAXUSDT,1729335600000,2024,LONG,-0.004242380696905793,0.000352886480430834,1729339200000,0.005935375974178656,0.014043866400296747,0.013332097268143932
AVAXUSDT,1729339200000,2024,SHORT,0.000352886480430834,-0.0012713334928311458,1729342800000,0.0008969414898574433,-0.0017198757329852851,-0.0023998435501837567
AVAXUSDT,1729342800000,2024,LONG,-0.0012713334928311458,0.0028617991692831955,1729346400000,0.012589100126641955,0.001685343294480683,0.00028706760639228356
AVAXUSDT,1729346400000,2024,SHORT,0.0028617991692831955,-0.007956615568149134,1729350000000,0.0038702624339514427,0.01018708720717709,0.012516879117472499
AVAXUSDT,1729350000000,2024,LONG,-0.007956615568149134,0.004772664212510257,1729353600000,-0.006281024182512138,-0.007678197820511951,-0.010945881213619493
AVAXUSDT,1729360800000,2024,SHORT,0.008909030428691832,-0.0029347873435073258,1729364400000,0.0013255711748445655,-0.007063889522838002,-0.0025744641816137295
AVAXUSDT,1729382400000,2024,LONG,-0.003869629146983798,0.004990301394272662,1729386000000,-0.002901927697016917,-0.0032607750830760847,-0.003476145341276009
AVAXUSDT,1729396800000,2024,SHORT,0.0008085690731395637,-0.029398179701842775,1729400400000,0.0017964291828581115,-0.0029033839417908734,-0.012414543004208809
AVAXUSDT,1729436400000,2024,LONG,-0.003728203040673833,0.008181360776402875,1729440000000,-0.005938511619745231,-0.002858808659936286,0.010831379881625027
AVAXUSDT,1729440000000,2024,SHORT,0.008181360776402875,-0.0028218405409896155,1729443600000,-0.001169238533830883,-0.009245601889190337,-0.02233182496330276
AVAXUSDT,1729443600000,2024,LONG,-0.0028218405409896155,0.003441210808942055,1729447200000,0.002864166311531859,0.008287096708204537,0.022790715307355696
AVAXUSDT,1729454400000,2024,SHORT,0.017963714419370825,-0.002183060463938878,1729458000000,-0.00021073335284507884,-0.02631137794857065,-0.0015443476446959585
AVAXUSDT,1729458000000,2024,LONG,-0.002183060463938878,0.017433539999997482,1729461600000,0.012355315624610936,0.02147108607927169,0.0006670294617938682
AVAXUSDT,1729461600000,2024,SHORT,0.017433539999997482,-0.004351073520923942,1729465200000,-0.004878986823401999,0.0032659329981521035,0.018025442985551483
AVAXUSDT,1729472400000,2024,LONG,-0.0013483957515548217,0.006298322581731604,1729476000000,-0.012381703452812849,-0.006967467480120685,-0.047946674408364254
AVAXUSDT,1729562400000,2024,SHORT,0.05582368030272682,-0.0049773718979468804,1729566000000,-0.005369620920357608,-0.007224379620144503,7.179008581995543e-05
AVAXUSDT,1729569600000,2024,LONG,-0.002799107647039014,0.00185776713312538,1729573200000,0.005142868478178939,-0.01442610130755571,-0.020109176712483617
AVAXUSDT,1729573200000,2024,SHORT,0.00185776713312538,-0.0065603107265485615,1729576800000,0.00035629030910971015,0.022115073805500828,0.01565336765436551
AVAXUSDT,1729587600000,2024,LONG,-0.008321846245603306,0.019904348538744586,1729591200000,0.008558218757108948,0.008016438453823665,0.008088692789115321
AVAXUSDT,1729594800000,2024,SHORT,0.0026189415880733687,-0.01695095688008205,1729598400000,0.004658645864356476,-0.001548071520441765,0.00455005840610113
AVAXUSDT,1729602000000,2024,LONG,-0.00021275771979505415,0.001517894012509031,1729605600000,0.006482304462101145,-0.0015186031771901275,-0.007943890732986522
AVAXUSDT,1729605600000,2024,SHORT,0.001517894012509031,-0.0031922248681019454,1729609200000,0.0021919982904104567,0.01071806150002357,0.02030600246958898
AVAXUSDT,1729623600000,2024,LONG,-0.001214114042922447,0.0039550522444415405,1729627200000,0.0013371643271000541,-0.0008321123469951563,-0.021752306231337802
AVAXUSDT,1729670400000,2024,SHORT,0.002670653211117977,-0.01269803417448971,1729674000000,0.005931857196610474,0.009230087389420006,0.007429704321811281
AVAXUSDT,1730253600000,2024,LONG,-0.004167186417491337,0.024471594204802192,1730257200000,-0.0005640052037987162,-0.004143444228359355,-0.008190424921549299
AVAXUSDT,1730368800000,2024,SHORT,0.009692895591229565,-0.00268907062040926,1730372400000,0.0040720616272599324,0.025240405607998364,0.032930452469887406
AVAXUSDT,1730379600000,2024,LONG,-0.0053913100331618715,0.004271643857088022,1730383200000,-0.010699089406456738,-0.016271464914567785,-0.025977553225696812
AVAXUSDT,1730383200000,2024,SHORT,0.004271643857088022,-0.010798827702656779,1730386800000,-0.0022995807453417764,0.014271964649560752,0.011096146418839109
AVAXUSDT,1730401200000,2024,LONG,-0.006721923439902027,0.0015848091012734883,1730404800000,0.008229171086166423,0.012518528447374493,-0.0014998280036444807
AVAXUSDT,1730408400000,2024,SHORT,0.0017489714238423193,-0.011268506617157248,1730412000000,0.0016385911785338529,0.009227008135884828,0.00408147499486554
AVAXUSDT,1730894400000,2024,LONG,-0.005291277665710819,0.007420597344385269,1730898000000,0.00586778386674633,-0.0008736444822860526,0.03700882581058461
AVAXUSDT,1732114800000,2024,SHORT,0.018002735561788656,-0.009445589074980122,1732118400000,0.023032200143043944,0.0493150782375644,0.05193947454935616
AVAXUSDT,1732154400000,2024,LONG,-0.02466524918280008,0.007537826517952046,1732158000000,0.009407692594304726,0.027576133565685407,0.0773912047573552
AVAXUSDT,1732161600000,2024,SHORT,0.012926716590549094,-0.005371475471598511,1732165200000,0.0009106532362653996,-0.003956107080580369,-0.04003124240097689
AVAXUSDT,1732165200000,2024,LONG,-0.005371475471598511,0.009918921447214827,1732168800000,-0.009211756901829921,-0.0068712578109778235,0.048473829395024044
AVAXUSDT,1732190400000,2024,SHORT,0.0021128321318498343,-3.2022600768871946e-05,1732194000000,-0.01670510634466354,-0.013719272741358157,-0.011799127575809105
AVAXUSDT,1732194000000,2024,LONG,-3.2022600768871946e-05,0.024253926862756132,1732197600000,-0.0033525407856953853,0.0045179743194888235,0.0023036306400309394
UNIUSDT,1672549200000,2023,LONG,-0.006424548192688141,0.037306593108711504,1672552800000,0.00507021366977784,0.010888694010494656,0.01571169940476311
UNIUSDT,1672596000000,2023,SHORT,0.010383143110437457,-0.0003239308148920787,1672599600000,-0.001531687069508504,-0.006112721994446083,-0.005160068783405841
UNIUSDT,1672603200000,2023,LONG,-0.002238374801175756,0.0036937733079859996,1672606800000,0.00267073794766251,-0.0028694424279529316,0.015166167471411189
UNIUSDT,1672606800000,2023,SHORT,0.0036937733079859996,-0.0009904866649257087,1672610400000,-0.0001904580521899651,0.009954140384233817,-0.010044621551460624
UNIUSDT,1672610400000,2023,LONG,-0.0009904866649257087,0.002292248958868233,1672614000000,-0.0009524717359750029,-0.010912331889358893,0.007209289429658385
UNIUSDT,1672642800000,2023,SHORT,0.059573900706924324,-0.04751212110708272,1672646400000,-0.006417538069115286,-0.0034026497858291277,-0.02782366022104807
UNIUSDT,1672700400000,2023,LONG,-0.012895815951275535,0.03365819105220095,1672704000000,0.007237667300230602,0.0039037134804733704,0.0005586072205586731
UNIUSDT,1672714800000,2023,SHORT,0.04646972079350975,-0.01664377097129626,1672718400000,0.0063279570919796664,0.0007423905314985886,0.012132673325416909
UNIUSDT,1673010000000,2023,LONG,-0.08599450138882232,0.008911292876256999,1673013600000,0.003377113903817102,0.019172295023862248,0.03744097993281347
UNIUSDT,1673053200000,2023,SHORT,0.03651825875822352,-0.014398700402926519,1673056800000,0.001992934802211575,0.0058086930433331645,0.014952867951753622
UNIUSDT,1673060400000,2023,LONG,-0.003814584489782116,0.014626613830466224,1673064000000,-0.006179590730170664,-0.002176674177019836,-0.013866305005301366
UNIUSDT,1673096400000,2023,SHORT,0.005742465647404829,-0.007127270534594026,1673100000000,-0.0005510147995048465,0.005896460791464794,0.0031281652153228477
UNIUSDT,1673100000000,2023,LONG,-0.007127270534594026,0.019541953825447957,1673103600000,-0.0007346189494745162,-0.0062615305866964895,-0.003494256428914702
UNIUSDT,1673143200000,2023,SHORT,0.0010758634342114715,-0.018284700039996948,1673146800000,-0.0016563912869648851,-0.004960965617847011,-0.012811302602363597
UNIUSDT,1673521200000,2023,LONG,-0.02046042478217117,0.00038815113396907503,1673524800000,-0.006005022215314452,-0.005336013995011644,0.026908924656330366
UNIUSDT,1673528400000,2023,SHORT,0.001484442536379216,-0.012889133333728537,1673532000000,0.024480216847290674,0.0019627091678488173,0.00836824967051658
UNIUSDT,1675317600000,2023,LONG,-0.05296553557991268,0.002118462080039604,1675321200000,-0.010051779062158242,0.0019982878473707145,0.06177538442856983
UNIUSDT,1675321200000,2023,SHORT,0.002118462080039604,-0.03353065333361809,1675324800000,-0.007476670343020137,-0.018021082659533002,-0.04528596622133921
UNIUSDT,1675443600000,2023,LONG,-0.09625302672605343,0.02480517076420443,1675447200000,-0.011839402866335839,-0.028083845109025538,-0.021130010233162338
UNIUSDT,1675447200000,2023,SHORT,0.02480517076420443,-0.08027661700746841,1675450800000,0.008866429205641355,0.009714965531480328,0.004916085468034056
UNIUSDT,1676516400000,2023,LONG,-0.0036969715085232845,0.002394504432772407,1676520000000,-0.002460381876512212,-0.010608251774564858,0.0010113415584251766
UNIUSDT,1676527200000,2023,SHORT,0.007693674510670361,-0.003311992606094803,1676530800000,0.009451179039166384,0.014724371278748961,0.001303309141113768
UNIUSDT,1676530800000,2023,LONG,-0.003311992606094803,0.016323481678441804,1676534400000,-0.0017543864148935845,-0.007624670369601486,0.0026258220776675858
UNIUSDT,1676538000000,2023,SHORT,0.00011465672614430898,-0.006375831021219746,1676541600000,0.004250024716279965,0.015474481653965765,0.008813218032250044
UNIUSDT,1678064400000,2023,LONG,-0.007097598624004341,0.006676572189380266,1678068000000,-0.00015896987554353688,0.001588310372025804,0.014048056768805923
UNIUSDT,1678078800000,2023,SHORT,0.007347393521096545,-0.007442816298574182,1678082400000,-0.0038016836536654114,-0.007588969228394477,-0.01605827957674652
UNIUSDT,1678280400000,2023,LONG,-0.016272042184663035,0.004440009188517004,1678284000000,-0.006051937566825739,-0.0020662806366221744,-0.02981447163224448
UNIUSDT,1678287600000,2023,SHORT,0.0003447937246430818,-0.008808224568502021,1678291200000,0.0055174728132100824,0.016484760680440743,0.036175519533792416
UNIUSDT,1678291200000,2023,LONG,-0.008808224568502021,0.002606072851853957,1678294800000,-0.006502282841246245,-0.0022155413398838963,-0.03131025610290609
UNIUSDT,1678294800000,2023,SHORT,0.002606072851853957,-0.0002997374085982392,1678298400000,0.0028680707996722454,0.009271166151895773,0.02595036424677347
UNIUSDT,1678312800000,2023,LONG,-0.005075476397048188,0.00515236104731225,1678316400000,-0.0027830090811623125,0.004404215584943293,-0.0009813543476493594
UNIUSDT,1678316400000,2023,SHORT,0.00515236104731225,-0.006483966200656984,1678320000000,0.003613076684664124,-0.005721306983609124,-0.004089985251525066
UNIUSDT,1679338800000,2023,LONG,-0.02558691052893274,0.00024241568300016248,1679342400000,0.007688649120786139,-0.007100239607711428,-0.018828668559394444
UNIUSDT,1679342400000,2023,SHORT,0.00024241568300016248,-0.002100359210225897,1679346000000,0.0027163074942283057,0.006563699223122038,0.0235722893736056
UNIUSDT,1679353200000,2023,LONG,-0.004177222723426036,0.00087751670898666,1679356800000,0.00822518950537565,0.004362938164216318,0.00790390436204962
UNIUSDT,1679356800000,2023,SHORT,0.00087751670898666,-0.0046159916228513806,1679360400000,0.0017680628249685964,0.00692936460519412,-0.016247569902853375
UNIUSDT,1679554800000,2023,LONG,-0.0340945658331122,0.004497222959836102,1679558400000,-0.0003248862926562253,0.002271253409856695,0.015951357313936907
UNIUSDT,1679562000000,2023,SHORT,0.00016934711228003426,-0.001428083030607084,1679565600000,-0,0.007480926090330806,-0.0014571361762218732
UNIUSDT,1679572800000,2023,LONG,-2.0544334076473088e-05,0.008250523931184302,1679576400000,-0.00260841360804709,0.03880106746587199,0.012780243514252162
UNIUSDT,1679580000000,2023,SHORT,0.003796996176161221,-0.02432606130103124,1679583600000,-0.01860958924917143,0.008312068317092924,0.005907257538913781
UNIUSDT,1679605200000,2023,LONG,-0.022289432536269634,0.001156362346304644,1679608800000,0.00628983607395178,0.011581277908024679,-0.03876134610123042
UNIUSDT,1679608800000,2023,SHORT,0.001156362346304644,-0.004862830228517779,1679612400000,-0.0027289526527287905,-0.003850478044658244,0.04369946272561927
UNIUSDT,1679644800000,2023,LONG,-0.008697066434870282,0.020287257791093576,1679648400000,0.0001681944331606933,0.004363887422110275,-0.016108868898980087
UNIUSDT,1679652000000,2023,SHORT,0.00438561245841765,-0.0020491727175702525,1679655600000,0.010975205143768135,-0.0015101940952286935,0.013354944495632466
UNIUSDT,1679659200000,2023,LONG,-0.003914009010069957,0.0026460522102571354,1679662800000,-0.001508422308975749,-0.005373648531132182,-0.015187602087036468
UNIUSDT,1679662800000,2023,SHORT,0.0026460522102571354,-0.02917405705250702,1679666400000,-0.0006709158252336917,0.011305275221482091,0.013343665599439426
UNIUSDT,1680850800000,2023,LONG,-0.0038153729691754335,0.023286349358582474,1680854400000,0.0013413818242013111,0.001173807462686398,0.004018759594917655
UNIUSDT,1681016400000,2023,SHORT,0.00927729266528582,-0.003266652209199827,1681020000000,0.005789221004484824,0.007156275216017959,0.009039031441841346
UNIUSDT,1681020000000,2023,LONG,-0.003266652209199827,0.004415140820813876,1681023600000,-0.00222241308671041,0.002217484917186968,0.0035796509715029677
UNIUSDT,1681027200000,2023,SHORT,0.003133603020674396,-0.0017307253909407206,1681030800000,0.0006837607104005313,-0.0035820933825044345,-0.0057931666534030675
UNIUSDT,1681038000000,2023,LONG,-0.004203197295032447,0.010432228732004669,1681041600000,-0.0008509914563432044,-0.006314552938553265,0.005260044366811927
UNIUSDT,1681074000000,2023,SHORT,0.0048070046760936925,-0.008986011332533315,1681077600000,-0.0023592865679033146,0.013418460358223677,0.0071114420934610826
UNIUSDT,1681081200000,2023,LONG,-0.0014526555952197593,0.0050426028192328476,1681084800000,-0.0013550137574596468,-0.005260937038620042,-0.006623103092936031
UNIUSDT,1681135200000,2023,SHORT,0.0052030193064026954,-0.002680265195162953,1681138800000,-0.003918567072277197,-0.0271128841600921,-0.03505600055461908
UNIUSDT,1681149600000,2023,LONG,-0.003972094587292867,0.015644617147515968,1681153200000,-0.004161470841252047,0.0004982147408542834,0.007612149945659822
UNIUSDT,1681178400000,2023,SHORT,0.021621164193276286,-0.04060200541713781,1681182000000,0.0006596306307779166,-0,0.011940440371917863
UNIUSDT,1681243200000,2023,LONG,-0.02593089639646902,0.006483266118065226,1681246800000,0.0008422471650929833,-0.005237825610077855,-0.019226453579031726
UNIUSDT,1681250400000,2023,SHORT,0.0031144456112677608,-0.0026539546841430114,1681254000000,0.0028631598506752144,0.029353643335162532,0.021762164502896093
UNIUSDT,1681261200000,2023,LONG,-0.00893291198858035,0.01229581333975171,1681264800000,-0.014955156253548783,-0.012706214902590454,0.0022155952821361186
UNIUSDT,1681304400000,2023,SHORT,0.0041676913731250025,-0.0012400307100564562,1681308000000,-0.012517078175546011,-0.010834709003500455,-0.007630388865691733
UNIUSDT,1681891200000,2023,LONG,-0.10411038447930616,0.03622859165272789,1681894800000,0,0.0005072280098604675,-0.004406786792568646
UNIUSDT,1681952400000,2023,SHORT,0.01747933122183871,-0.02339830634854039,1681956000000,0.004760294606300119,-0.007098221454532465,-0.0022024574765021213
UNIUSDT,1682078400000,2023,LONG,-0.007713168652779272,0.0005089938881438435,1682082000000,-0.004374077483942562,-0.008767371607565012,-0.04700230802984263
UNIUSDT,1682082000000,2023,SHORT,0.0005089938881438435,-0.009724207339840777,1682085600000,-0.005247519475445171,0.013062851238337609,0.03916459406856892
UNIUSDT,1682103600000,2023,LONG,-0.0034735587775248924,0.001149894802300425,1682107200000,-0.007168489478612516,0.000915331871688206,0.01092907053219023
UNIUSDT,1682107200000,2023,SHORT,0.001149894802300425,-0.0014426232708144365,1682110800000,0.0018467225931646629,-0.008268306176947095,-0.01246807497202931
UNIUSDT,1682110800000,2023,LONG,-0.0014426232708144365,0.0033607056658462075,1682114400000,0.00332226219197786,0.013588163532621562,0.013770528810778036
UNIUSDT,1682125200000,2023,SHORT,0.0008200914739771606,-0.022481506358305967,1682128800000,-0.0021865897924879456,-0.011065872557073626,0.0056709197984503605
UNIUSDT,1682157600000,2023,LONG,-0.0034840108927747565,0.010395310926877946,1682161200000,0.002004921841745321,0.005277057100843819,0.0018228222327561871
UNIUSDT,1682179200000,2023,SHORT,0.0006787792179512012,-0.002088372628291359,1682182800000,-0.004005102750448441,-0,-0
UNIUSDT,1682211600000,2023,LONG,-0.010347955473656065,0.00414124909849846,1682215200000,0.0001835030741914294,0.008588449319086946,0.006220290820950171
UNIUSDT,1682215200000,2023,SHORT,0.00414124909849846,-0.0019370526796116997,1682218800000,-0.004209761868278323,-0.007492040526197193,0.0012847574493623155
UNIUSDT,1682323200000,2023,LONG,-0.005868641341151012,0.0021916991418896212,1682326800000,0.000372093027548991,0.008707790084901697,-0.0016761341106375982
UNIUSDT,1682352000000,2023,SHORT,0.004902532653816191,-0.004573825538994482,1682355600000,-0.007494882376621922,-0.00898714156046027,-0.004316418449901904
UNIUSDT,1682539200000,2023,LONG,-0.08950834771148665,0.005944914858650693,1682542800000,0.009982190431143786,0.04279619441942614,0.01875172139664139
UNIUSDT,1682550000000,2023,SHORT,0.0037591798905797814,-0.006194728926027077,1682553600000,-0.029819989775677704,-0.013916172255340404,-0.010039125028328402
UNIUSDT,1682949600000,2023,LONG,-0.014710795273736883,0.03111154006891369,1682953200000,-0.003929278139889661,-0.006557400546159052,-0.010512580389087024
UNIUSDT,1683151200000,2023,SHORT,0.0003538620723908757,-0.014544601605747625,1683154800000,-0.00037133309004482484,0.002044800415052455,0.005586606708639712
UNIUSDT,1683219600000,2023,LONG,-0.01240536980411458,0.009850100722663605,1683223200000,-0.005142378725665422,-0.0043788742029869385,0.00341361985192438
UNIUSDT,1683291600000,2023,SHORT,0.0049549104961410535,-0.1446875929734422,1683295200000,-0.004188297117697634,-0.007272759329079657,-0.006729133330369553
UNIUSDT,1683392400000,2023,LONG,-0.013265546901712192,0.017437656419129477,1683396000000,0.004341677419437081,0.00697523800852305,-0.0013251303406181982
UNIUSDT,1683748800000,2023,SHORT,0.01443870221357082,-0.005841028673765962,1683752400000,0.0061041835694932624,-0.009961992728747515,-0.0043095071593308755
UNIUSDT,1683810000000,2023,LONG,-0.03652464390954965,0.009397257579909437,1683813600000,-0.005138351226427756,-0.014494446150452605,-0.011299555253933394
UNIUSDT,1683892800000,2023,SHORT,0.004427671896825724,-0.008248066808065219,1683896400000,-0.00019602077883030874,0.009256589974786913,-0.012274874043606552
UNIUSDT,1683896400000,2023,LONG,-0.008248066808065219,0.020512724192535806,1683900000000,-0.006686357260727123,-0.008859197621773632,0.010722395349202251
UNIUSDT,1683925200000,2023,SHORT,0.03147387747727833,-0.009855545838977728,1683928800000,-0.0017369491967083371,0.003870722850942372,-0
UNIUSDT,1684198800000,2023,LONG,-0.011139667621109224,0.024821611794672176,1684202400000,0.004333274458337516,0.009039165495750208,0.0053154963229842065
UNIUSDT,1684281600000,2023,SHORT,0.008608112184611282,-0.006183242681158337,1684285200000,-0.0030804799099871855,-0.001156292285316322,0.010077604667523898
UNIUSDT,1684324800000,2023,LONG,-0.015816256656810402,0.001065780999680033,1684328400000,0.001946283214613045,0.005246295915305349,0.050523467657983795
UNIUSDT,1684342800000,2023,SHORT,0.015890163897022493,-0.005226881577534496,1684346400000,-0.0036429912785010087,-0.009558474609935808,-0.02896558394033944
UNIUSDT,1684717200000,2023,LONG,-0.001208287164892373,0.011914563559245254,1684720800000,0.005893926688777798,0.007264192147382646,0.007459791170011255
UNIUSDT,1684738800000,2023,SHORT,0.0006572709032187195,-0.008462060931317796,1684742400000,0.0009785694097267528,-0.0011730206623633479,0.0068701811099764745
UNIUSDT,1684764000000,2023,LONG,-6.204027270006401e-05,0.0024078153467360576,1684767600000,-0.0045173404914438465,-0.0027472544751386955,0.003716385695499203
UNIUSDT,1684800000000,2023,SHORT,0.005813905947014505,-0.00048637465287890906,1684803600000,-0.00864955264801412,-0.015865576158905728,-0.01216655510091678
UNIUSDT,1684803600000,2023,LONG,-0.00048637465287890906,0.010745527148301093,1684807200000,0.002541297428672548,0.00410196883401733,-0.0013710706290412582
UNIUSDT,1684810800000,2023,SHORT,0.015000132990806703,-0.09296413152164548,1684814400000,0.009284399381004326,0.014935783417601926,0.014154380760143304
UNIUSDT,1684864800000,2023,LONG,-0.10228578524241505,0.03812845016601492,1684868400000,0.0045639527579147115,0.011076062599206637,-0.013011894122697086
UNIUSDT,1685322000000,2023,SHORT,0.002283633195483469,-0.0003977555434451805,1685325600000,0.004075697053814357,0.003492436611499272,0.008168073417098768
UNIUSDT,1685509200000,2023,LONG,-0.04931976078537939,0.005672196147786266,1685512800000,0.004778030192937932,0.013478895841520257,0.004380731816635338
UNIUSDT,1685707200000,2023,SHORT,0.002281144128210604,-0.0030793736908799815,1685710800000,0.004753425468427464,0.0015819659221694064,0.0011862397595061973
UNIUSDT,1685718000000,2023,LONG,-0.0017134988686059983,0.0017889046687891805,1685721600000,-0.00039572616266316495,0.006113814527493226,-0.00039572616266316495
UNIUSDT,1685721600000,2023,SHORT,0.0017889046687891805,-0.001499952441523369,1685725200000,-0.0015816531569297812,-0.0029635505242096545,-0.00019784350643211134
UNIUSDT,1685757600000,2023,LONG,-0.002470148034080794,0.00019554424518426823,1685761200000,0.0009900010708594664,0.0027695368840204198,0.008089222367783576
UNIUSDT,1685793600000,2023,SHORT,0.002662584652020535,-0.002143558312289908,1685797200000,0.0015729456644590803,-0,0.003937012959339532
UNIUSDT,1685804400000,2023,LONG,-0.002231678858077909,0.000791993322329166,1685808000000,-0.0007855459948339697,-0.005906691715390244,0.002744561613027539
UNIUSDT,1685808000000,2023,SHORT,0.000791993322329166,-0.003459576193779069,1685811600000,0.0037390577852742034,0.004330715429986674,-0.003920804865943563
UNIUSDT,1685840400000,2023,LONG,-0.002033177909188558,0.0008414554041727098,1685844000000,0.0015732549951008852,0.00118017322903304,0.001769737950836516
UNIUSDT,1685847600000,2023,SHORT,0.0017867481741820472,-0.0010591187028295708,1685851200000,-0.0007829321206355332,-0.0013697292034879148,0.019176232568733558
UNIUSDT,1685912400000,2023,LONG,-0.005576156954443063,0.000491348057916969,1685916000000,0.0013879252748480759,-0.007568249627850023,-0.01197619104671565
UNIUSDT,1685916000000,2023,SHORT,0.000491348057916969,-0.0004942449667332181,1685919600000,0.006561311937499764,0.019814517973294466,0.016786964949256866
UNIUSDT,1685919600000,2023,LONG,-0.0004942449667332181,0.004416870162312472,1685923200000,-0.0035978451762403124,-0.00922034994784686,-0.007409666423265729
UNIUSDT,1685934000000,2023,SHORT,0.0010004767863998616,-0.000319143198501064,1685937600000,0.0008058018163656979,-0.0034174322132926047,0.04425956488119058
UNIUSDT,1685937600000,2023,LONG,-0.000319143198501064,0.002942064547350827,1685941200000,0.0004029008918320985,0.0018117770431610827,-0.04407632703831899
UNIUSDT,1685941200000,2023,SHORT,0.002942064547350827,-0.004202721544551387,1685944800000,-0.000604047134041788,-0.0030165935394257273,0.04785404657302505
UNIUSDT,1685977200000,2023,LONG,-0.006117219736834117,0.020406754213184754,1685980800000,-0.0023135986763438404,-0.011621895205985637,-0.010135221894043018
UNIUSDT,1686409200000,2023,SHORT,0.0078248383693311,-0.006003986881809116,1686412800000,0.002489421250771412,-0.005455009807764552,-0.013336824010018027
UNIUSDT,1686474000000,2023,LONG,-0.0004995927836793798,4.1557991607681695e-06,1686477600000,0.00395550577536765,-0.0012393111017362593,0.007403785054283867
UNIUSDT,1686477600000,2023,SHORT,4.1557991607681695e-06,-0.0054482670235516395,1686481200000,-0.004185651808332255,0.0064356657768543145,0.0012344156610071015
UNIUSDT,1686758400000,2023,LONG,-0.007332073988237253,0.04153593320996849,1686762000000,0.007364122515135259,-0.05519104092488882,-0.008953002263744807
UNIUSDT,1686780000000,2023,SHORT,0.002010464653600801,-0.017685059457555868,1686783600000,0.004305955661637811,-0.009677131893207827,0.021255513975411
UNIUSDT,1687269600000,2023,LONG,-0.013103506590943004,0.007223682542559996,1687273200000,0.007319337342269702,0.050363109833891244,0.057540954680847876
UNIUSDT,1687276800000,2023,SHORT,0.003803805762631704,-0.0020329267064929358,1687280400000,-0.021659884396777362,-0.033954221469942904,-0.04394127799208927
UNIUSDT,1687752000000,2023,LONG,-0.013850073863065603,0.009653172540666421,1687755600000,0.01665613503749246,0.028464390323661007,-0.0096710718688371
UNIUSDT,1687755600000,2023,SHORT,0.009653172540666421,-0.006531180722015824,1687759200000,-0.004997696658614157,-0.012356081589801282,0.03301252344004966
UNIUSDT,1687759200000,2023,LONG,-0.006531180722015824,0.025973760284648335,1687762800000,0.000184621065787765,0.0069917488134229044,-0.026947738409767746
UNIUSDT,1687809600000,2023,SHORT,0.006066047522083536,-0.0015380277136706848,1687813200000,0.006481151165648258,0.001711515108293856,-0.006816917138983183
UNIUSDT,1687935600000,2023,LONG,-0.04141399819436094,0.00911471981593537,1687939200000,0.008063766774753865,0.0017756737426779343,-0.052083495930051356
UNIUSDT,1687971600000,2023,SHORT,0.007557406801055486,-0.008115002332746493,1687975200000,0.0012197602650755937,0.021563624320780263,0.010005188107494923
UNIUSDT,1688688000000,2023,LONG,-0.021133328136337035,0.006307111315902526,1688691600000,0.011274076573218161,0.02850151013221463,0.03654984331504295
UNIUSDT,1688691600000,2023,SHORT,0.006307111315902526,-0.019427692847019958,1688695200000,-0.005775516752892872,-0.014284632097386686,-0.03524593906167467
UNIUSDT,1688778000000,2023,LONG,-0.023540441641962066,0.0019142734491675733,1688781600000,-0.0003677822770400286,-0.01034938086200352,-0.024003385186976325
UNIUSDT,1688803200000,2023,SHORT,0.002226534213550902,-0.013909563752494232,1688806800000,0.004637797015255675,0.01811609914638068,0.03925773031073785
UNIUSDT,1689102000000,2023,LONG,-0.02085080928361438,0.00460797091553393,1689105600000,0.0023085812484698034,0.012821915205418402,0.026794952216676212
UNIUSDT,1689120000000,2023,SHORT,0.006156489622653003,-0.0181667907021162,1689123600000,-0.006225847862122666,-0.011103906315555337,-0.010916728027690222
UNIUSDT,1689177600000,2023,LONG,-0.014692554754050848,0.00718724216676875,1689181200000,0.00019002375354091136,-0.0032359407698403634,-0.007056384767226231
UNIUSDT,1689181200000,2023,SHORT,0.00718724216676875,-0.016686569539165585,1689184800000,-0.0013294086090479074,0.008013780723553656,0.0026641309763129656
UNIUSDT,1689328800000,2023,LONG,-0.0061545438586108735,0.010654774184612952,1689332400000,0.0032282756777032256,0.013690740334919542,-0.014225966197143782
UNIUSDT,1689339600000,2023,SHORT,0.016103561779288653,-0.0033346940047469303,1689343200000,-0.006568444668532467,-0.011925899304307406,0.017213889049393433
UNIUSDT,1689472800000,2023,LONG,-0.030619440811323298,0.021999662370900046,1689476400000,0.00017426156705230007,0.0045209605781026665,0.016077794680845983
UNIUSDT,1689476400000,2023,SHORT,0.021999662370900046,-0.007649615548807289,1689480000000,-0.002262247549681313,-0.0033046381930602114,-0.011604876058437904
UNIUSDT,1689616800000,2023,LONG,-0.03488847864008523,0.0022322101386885234,1689620400000,0.0031408157035564175,0.031988970041214766,0.055243886663157195
UNIUSDT,1689620400000,2023,SHORT,0.0022322101386885234,-0.01175446772157938,1689624000000,-0.009020009117427216,-0.02902238554290802,-0.07484202671822573
UNIUSDT,1689678000000,2023,LONG,-0.006320769170745501,0.019637224217219904,1689681600000,-0.012671937854488571,-0.028698992098719813,-0.034775985817404834
UNIUSDT,1689728400000,2023,SHORT,0.011496422135862421,-0.004442506334239863,1689732000000,-0.001840234730950718,-0.0028425736053812015,0.01518503954514084
UNIUSDT,1689753600000,2023,LONG,-0.03022037527006636,0.030161508514975417,1689757200000,0.008899596647573015,0.007023583476917159,0.017720688621014644
UNIUSDT,1689840000000,2023,SHORT,0.008846612263112775,-0.03175431496219753,1689843600000,-0.008422145398878705,-0.004467617259716052,0.024850170607290833
UNIUSDT,1689861600000,2023,LONG,-0.05487884364449487,0.005154434031520439,1689865200000,-0.0003390980025710597,-0.0011873464205542736,0.04734416082351293
UNIUSDT,1689865200000,2023,SHORT,0.005154434031520439,-0.006485172692659006,1689868800000,-0.004905702133006378,-0.0064232810432641434,-0.0452550908989294
UNIUSDT,1689872400000,2023,LONG,-0.018150512371231005,0.02271584156645562,1689876000000,-0.007776877741184131,0.004033618914311652,0.031006380089222647
UNIUSDT,1689890400000,2023,SHORT,0.04973767961073065,-0.002072355446110734,1689894000000,-0.0053360139950116335,-0.033539227782031236,-0.026074084382939438
UNIUSDT,1690066800000,2023,LONG,-0.04471599046226267,0.03762662356809738,1690070400000,0.0020020026706729687,0.00914311082203951,0.01162224604766363
UNIUSDT,1690088400000,2023,SHORT,0.028575251773297443,-0.014969091534288648,1690092000000,-0.0027889444703684714,0.002961502658069274,-0.016618173245437132
UNIUSDT,1690167600000,2023,LONG,-0.040948531487683786,0.012973140074223802,1690171200000,0.006507072263513551,0.006008028753198055,-0.034571344065088785
UNIUSDT,1690556400000,2023,SHORT,0.00763596269634767,-0.009998403756425685,1690560000000,0.0005033134910378856,-0.0035161191520149465,-0.01415628603519624
UNIUSDT,1690686000000,2023,LONG,-0.006082585839894184,0.007212218792482127,1690689600000,-0.0007858546573390916,-0.007411529629476434,0.0015698590351200523
UNIUSDT,1690765200000,2023,SHORT,0.013783545283308078,-0.023111023613552637,1690768800000,0.0027581997259419214,0.015575918259350664,0.003679292821460255
UNIUSDT,1690772400000,2023,LONG,-0.015455545786410653,0.0031921755875511395,1690776000000,-0.008828369893141085,-0.0003084515755487205,0.004001236486317724
UNIUSDT,1690783200000,2023,SHORT,0.017496460841464383,-0.0022520966185118887,1690786800000,0.0021571657055352977,-0.0016916574583973995,-0.00399386091556499
UNIUSDT,1690786800000,2023,LONG,-0.0022520966185118887,0.006922686284698722,1690790400000,0.006151026621100238,-0.00015426147350286945,0.002311071054050105
UNIUSDT,1690794000000,2023,SHORT,0.0021902737664053653,-0.0018026545051071415,1690797600000,0.0018421865817700976,0.001381321683836503,-0.00046001687539741254
UNIUSDT,1690797600000,2023,LONG,-0.0018026545051071415,0.0017207909214714808,1690801200000,-0.004003084637435706,0.0004608648979337058,0.001995549054273796
UNIUSDT,1690808400000,2023,SHORT,0.002244024572597886,-0.0029346360572662816,1690812000000,-0,-0.009933603499153624,0.0033846186156935958
UNIUSDT,1690815600000,2023,LONG,-0.01359132642139008,0.01090206089654716,1690819200000,0.0062772922960432674,-0.0019986170078164943,-0.01735132609740183
UNIUSDT,1690819200000,2023,SHORT,0.01090206089654716,-0.009575486375293547,1690822800000,-0.0035036976965189476,0.012901422995511372,0.03288647533946518
UNIUSDT,1690826400000,2023,LONG,-0.0015879729777968008,0.002173422223953253,1690830000000,-0.003839955567050327,-0.00030665440289368105,-0.009550288237930428
UNIUSDT,1690970400000,2023,SHORT,0.06364889802650503,-0.026308057592476543,1690974000000,-0.0044282849527074375,0.002380386746457345,0.024549969412039675
UNIUSDT,1690995600000,2023,LONG,-0.008018912919106886,0.02067446792456049,1690999200000,-0.0058479698824232115,0.001618385205153263,0.0019417481829101624
UNIUSDT,1691024400000,2023,SHORT,0.007648059871706753,-0.0388952361565606,1691028000000,0.004226961260324846,-0.0035627568050086585,-0.003724399090982494
UNIUSDT,1691215200000,2023,LONG,-0.0060176356228942175,0.0016042288944874332,1691218800000,0.0020006675562971904,-0.003008526421000224,0.012603815271367391
UNIUSDT,1691280000000,2023,SHORT,0.0019874991937877755,-0.007401220002761425,1691283600000,0.002451983247286645,0.002124704566571273,0.014637215525188305
UNIUSDT,1691287200000,2023,LONG,-0.008523804763935864,0.0023427465380253046,1691290800000,-0.0011448198159333073,-0.0034383988030325975,-0.01216920131821873
UNIUSDT,1691582400000,2023,SHORT,0.015255207349783327,-0.016077387134364275,1691586000000,0.007637966765641994,0.008127482970244545,-0.013187711228802506
UNIUSDT,1691586000000,2023,LONG,-0.016077387134364275,0.0007468827744563263,1691589600000,-0.0035953625917340905,-0.006054178681762738,0.024971092094090704
UNIUSDT,1691589600000,2023,SHORT,0.0007468827744563263,-0.00974391386073524,1691593200000,-0.0024531862822230804,-0.002943102189793047,-0.028889284134378062
UNIUSDT,1692126000000,2023,LONG,-0.061695845510882794,0.044353785505489136,1692129600000,0.005182658093815805,-0.0026854665350183296,-0.02031901940350257
UNIUSDT,1692255600000,2023,SHORT,0.0012976188395083352,-0.0013317053839496894,1692259200000,0.005315748930101567,0.016218564129175776,0.030440360718341858
UNIUSDT,1692259200000,2023,LONG,-0.0013317053839496894,0.0027827427773765186,1692262800000,0.0038521555477250575,-0.008490268793690373,-0.03478286317487377
UNIUSDT,1692403200000,2023,SHORT,0.0033325856873075562,-0.0004698949070124625,1692406800000,0.00974824941366059,0.00770951272381236,0.01097348950976163
UNIUSDT,1692406800000,2023,LONG,-0.0004698949070124625,0.00404009766406981,1692410400000,0.0010198879007453808,-0.008402549692815087,-0.0006124323964006115
UNIUSDT,1692417600000,2023,SHORT,0.00034706424410499334,-0.0011821810814269323,1692421200000,0.010441286382663268,-0.0034563417553968205,-0.016963250051152096
UNIUSDT,1692421200000,2023,LONG,-0.0011821810814269323,0.006266376434174452,1692424800000,0.003493273869829758,0.014509297143259983,0.01613102869674522
UNIUSDT,1692450000000,2023,SHORT,0.0009816735407254483,-0.004105866486481611,1692453600000,-0.003871629899826262,-0.007930900746749937,0.0034768416249654774
UNIUSDT,1692482400000,2023,LONG,-0.031908239050603665,0.005165165669410357,1692486000000,0.004494389587839267,0,0.004494389587839267
UNIUSDT,1692525600000,2023,SHORT,0.007734175058495223,-0.008123940690943176,1692529200000,-0.00040758101236762663,0.002244669853823862,-0.0002038112714688749
UNIUSDT,1692561600000,2023,LONG,-0.0053385074538397186,0.0046120081841637675,1692565200000,-0.00509633148701434,-0.002239186686234558,-0.016607249953154716
UNIUSDT,1692565200000,2023,SHORT,0.0046120081841637675,-0.0011098628322810773,1692568800000,-0.002652792087286373,0.0014313467324622348,0.013163497355998572
UNIUSDT,1692583200000,2023,LONG,-0.0007653878356913846,0.002561027308883671,1692586800000,-0.0032894766503987574,-0.007416597655049595,-0.00803713754464883
UNIUSDT,1692860400000,2023,SHORT,0.004977706265162732,-0.0006859712018930344,1692864000000,0.003565066164496257,0.0062998948386438335,0.029529495574484893
UNIUSDT,1692864000000,2023,LONG,-0.0006859712018930344,0.008928742083780769,1692867600000,-0.0029455102297566917,-0.007380107297622646,-0.03136926366764505
UNIUSDT,1692925200000,2023,SHORT,0.004357611593812073,-0.01171474984723263,1692928800000,0.00021530843015670997,0.009735068770752467,0.015184673538317062
UNIUSDT,1692946800000,2023,LONG,-0.005707059782343436,0.0025906801205119877,1692950400000,0.0032633554469397403,0.0017417814113944343,-0.012057583327359353
UNIUSDT,1692950400000,2023,SHORT,0.0025906801205119877,-0.0027516421293938345,1692954000000,0.0004345936617727494,0.002828240762650622,0.014442264153277555
UNIUSDT,1692954000000,2023,LONG,-0.0027516421293938345,0.0026336060640570653,1692957600000,-0.003919865646344478,-0.0056669724458468925,-0.011805996330458075
UNIUSDT,1692968400000,2023,SHORT,0.00011613964388590401,-0.0041061520488737124,1692972000000,0.008120312369834648,0.008120312369834648,0.006578971098042511
UNIUSDT,1693191600000,2023,LONG,-0.001238749774648575,0.011443326997743931,1693195200000,0,-0.0017353583530684764,0.015910892523149554
UNIUSDT,1693569600000,2023,SHORT,0.010428362212092096,-0.004673058121470533,1693573200000,0.002507695375468167,0.020007566327535548,0.02793671234790014
UNIUSDT,1693580400000,2023,LONG,-0.0015957203832606746,0.00720615151069222,1693584000000,-0.006252191259050051,-0.01629079546231885,-0.004163781171779501
UNIUSDT,1693584000000,2023,SHORT,0.00720615151069222,-0.00018567827166297054,1693587600000,0.013564286548559923,0.006291527219480275,-0.0030151942129213747
UNIUSDT,1693587600000,2023,LONG,-0.00018567827166297054,0.019435804145278332,1693591200000,0.003994835532409384,0.003760286451939227,0.016811042647429896
UNIUSDT,1693620000000,2023,SHORT,0.00039611137559455377,-0.0025369680179546925,1693623600000,-0.006744995917221492,-0.00535320724439897,-0.018497637241822407
UNIUSDT,1693627200000,2023,LONG,-0.00488844930211074,0.002164474020629132,1693630800000,0.00023156188594856045,-0.0030151942129215087,0.011741817876683195
UNIUSDT,1693630800000,2023,SHORT,0.002164474020629132,-0.005621270312435356,1693634400000,0.0025501346844220125,-0.008989342543864104,-0.002543648035834377
UNIUSDT,1693652400000,2023,LONG,-0.006466215341465227,0.009483781017093124,1693656000000,0.0016045848714965943,0.0020625651863485457,0.008679816942417507
UNIUSDT,1694397600000,2023,SHORT,0.021725847338166543,-0.007476370199152005,1694401200000,-0.0007111532834976652,-0.0028415837259288656,0.026918231860031103
UNIUSDT,1694426400000,2023,LONG,-0.005905274477346834,0.0065286974844163655,1694430000000,0.0019347043519678192,-0.0063137655102358395,-0.010708303832487298
UNIUSDT,1694491200000,2023,SHORT,0.0006718496889267558,-0.003928794577013787,1694494800000,-0.0009587728442990084,0.002160605809905928,-0.013813032197280991
UNIUSDT,1694552400000,2023,LONG,-0.00340598431073606,0.003176583618095989,1694556000000,-0.003088989031010028,0.0033159670365328713,0.01366656520806912
UNIUSDT,1694559600000,2023,SHORT,0.003483118959464987,-0.0032004788816786013,1694563200000,-0.008076053396027317,-0.00404617950566459,-0.020770158974183436
UNIUSDT,1694570400000,2023,LONG,-0.00364609003233105,0.0034687408141002006,1694574000000,-0.0004749465774389184,0.0002373887251505854,0.015080398891069841
UNIUSDT,1695002400000,2023,SHORT,0.02792306124326679,-0.001170303970882019,1695006000000,-0.0016171887549014778,0.0027784227181366712,-0.026242236060290892
UNIUSDT,1695009600000,2023,LONG,-0.0012046214392808544,0.0017576220632163837,1695013200000,0.0004620004702180313,0.003920217173174874,0.024196569649939357
UNIUSDT,1695013200000,2023,SHORT,0.0017576220632163837,-0.007226304911073218,1695016800000,0.003933824348692507,-0.012165879422273637,-0.008508732489025473
UNIUSDT,1695016800000,2023,LONG,-0.007226304911073218,0.00108404770886846,1695020400000,0.0041647445667837655,0.02541054655432772,0.010150029469599196
UNIUSDT,1695027600000,2023,SHORT,0.001471868595919325,-0.0041072205631304546,1695031200000,-0.009082714574319226,-0.009082714574319226,0.0018264845260342985
UNIUSDT,1695034800000,2023,LONG,-0.011587410229159162,0.00789247326937094,1695038400000,0.007671517767981447,0.0029401807904670947,-0.01322408692061822
UNIUSDT,1695038400000,2023,SHORT,0.00789247326937094,-0.007056522817912954,1695042000000,0.005410292728247543,0.0031524457541615655,0.024349820630824796
UNIUSDT,1695301200000,2023,LONG,-0.004428020536916638,0.003432919578963031,1695304800000,0.004249298178657749,0.002362950059769341,0.008011352933122183
UNIUSDT,1695308400000,2023,SHORT,0.0018313129952248495,-0.005905283357819369,1695312000000,0.0009454030484349761,-0.002595259212950039,-0.002359604681401423
UNIUSDT,1695398400000,2023,LONG,-0.002488031329502109,0.03553250814969292,1695402000000,0.0035549273129239227,0.0030816665374081144,0.00992212250631627
UNIUSDT,1695628800000,2023,SHORT,0.002111752232995269,-0.005604266507932629,1695632400000,0.004486959942599582,0.0021228926477188806,-0.003058466094278642
UNIUSDT,1695639600000,2023,LONG,-0.0001671893248249535,0.0010518367010664991,1695643200000,0.0026007817000574403,0.008486613877318505,0.010597061371864738
UNIUSDT,1695715200000,2023,SHORT,0.0034692716973312556,-0.007795003072214473,1695718800000,0.0009332711829986569,0.0030363213797773227,0.013145729212502616
UNIUSDT,1695787200000,2023,LONG,-0.011467447360622867,0.00013474459784747436,1695790800000,-0.00046674446588294014,0.00186480240520401,-0.004911716107742833
UNIUSDT,1695805200000,2023,SHORT,0.014323967008916371,-0.030139330929325463,1695808800000,-0.0022999090174755316,-0.006883918878098769,0.029678542313623584
UNIUSDT,1695823200000,2023,LONG,-0.021086232272117842,0.0012583003719180185,1695826800000,0.005355700308937378,-0.013871152229273594,-0.0028057067739046307
UNIUSDT,1695826800000,2023,SHORT,0.0012583003719180185,-0.0095365084020986,1695830400000,0.009567217998528967,0.020174270894250914,0.008161407082841897
UNIUSDT,1695837600000,2023,LONG,-0.003605833374309675,0.053230578613374546,1695841200000,-0.000710647903886058,0.004960444799930209,0.013874414215684585
UNIUSDT,1696053600000,2023,SHORT,0.0014061877584295823,-0.005366503892403762,1696057200000,0.0027100287588652412,-0.0006763612026527606,-0.004051322219178724
UNIUSDT,1696057200000,2023,LONG,-0.005366503892403762,0.0029126104300825693,1696060800000,0.001581742505806638,0.002935533326288192,0.009229103211878427
UNIUSDT,1696064400000,2023,SHORT,0.0017847230308234356,-0.0014657248367922235,1696068000000,-0,0.000450856635229727,-0.0013513515569987342
UNIUSDT,1696078800000,2023,LONG,-0.005179849294842475,0.002847543090123888,1696082400000,0.0018026142781158762,0.007862558757194814,0.008309986057723751
UNIUSDT,1696082400000,2023,SHORT,0.002847543090123888,-0.002263188187723979,1696086000000,-0.003819800173103884,-0.0022487079410627403,-0.0020240645614814316
UNIUSDT,1696093200000,2023,LONG,-0.002834568309320144,0.002081386453804541,1696096800000,-0.0035874477936558807,-0.0056110572531829555,0.007580861277586202
UNIUSDT,1696114800000,2023,SHORT,0.002374631853613532,-0.006653562874278493,1696118400000,-0.004927221614503024,-0.001346197196796827,-0.025053965367686122
UNIUSDT,1696122000000,2023,LONG,-0.00425086962990249,0.0028476656549867013,1696125600000,-0.0044833072181263995,0.006909645232696817,0.024523486779460233
UNIUSDT,1696140000000,2023,SHORT,0.00128340400251919,-0.009905129804505065,1696143600000,0.00354688910970802,-0.009908701570686478,0.00022131238333119406
UNIUSDT,1696359600000,2023,LONG,-0.00429257563477042,0.024944413556254444,1696363200000,0.005500816071034801,0.001836969517712596,-0.0032228388853138977
UNIUSDT,1697767200000,2023,SHORT,0.013422855836717698,-0.0022417384948274755,1697770800000,-0.005008775810929481,-0.004009025665174074,-0.008500051177638036
UNIUSDT,1697778000000,2023,LONG,-0.0011018162175591242,0.0096681873125419,1697781600000,-0.00025003125520928253,0.02078253918252841,0.0007497188905459742
UNIUSDT,1697788800000,2023,SHORT,0.009565632302482455,-0.008377721834122982,1697792400000,-0.004417185096264157,0.009638033336837685,0.022634967099859644
UNIUSDT,1697814000000,2023,LONG,-0.0010992592149074581,0.006943734398658942,1697817600000,0.0015048911794203067,0.002757239495886113,-0.003772165921423524
UNIUSDT,1697896800000,2023,SHORT,0.008977361739553229,-0.0038995126486913575,1697900400000,-0.006799443388923675,-0.009216655104924048,-0.004133744488212005
UNIUSDT,1697943600000,2023,LONG,-0.02125393786271575,0.0008929342288008127,1697947200000,0.0055308545464657945,-0.0038656728496167386,-0.011154334854322105
UNIUSDT,1697950800000,2023,SHORT,0.00035818884248319855,-0.010810803173038326,1697954400000,0.003088255216081531,0.02279095888238084,0.015537542168159576
UNIUSDT,1697958000000,2023,LONG,-0.008990814427389622,0.004232347539293778,1697961600000,-0.007286891607203106,-0.005095243341650736,0
UNIUSDT,1698004800000,2023,SHORT,0.0034012112461467596,-0.001814735264765731,1698008400000,0.007255170881172022,-0.03177881834289538,-0.03271208952589381
UNIUSDT,1698008400000,2023,LONG,-0.001814735264765731,0.005873678936900522,1698012000000,0.013500687218902524,0.050868446871070186,0.028002308282987207
UNIUSDT,1698015600000,2023,SHORT,0.0016002981260294753,-0.008551051006827907,1698019200000,-0.016712169588622885,-0.019974815223439146,-0.011094177284399598
UNIUSDT,1698062400000,2023,LONG,-0.0053928077331016015,0.012913424909752096,1698066000000,-0.008743999939445921,0.009134622598417772,0.03740911845493063
UNIUSDT,1698073200000,2023,SHORT,0.0006008824084650384,-0.002970329505598269,1698076800000,-0.014324537526752239,-0.014091355760509704,-0.03303394109950773
UNIUSDT,1698076800000,2023,LONG,-0.002970329505598269,0.002866985865841782,1698080400000,0.0006992192337086666,-0.00842898926324679,0.021451635638531356
UNIUSDT,1698080400000,2023,SHORT,0.002866985865841782,-0.006093102642790504,1698084000000,0.0027998151747464935,0.0074836644871729965,-0.012272933948903345
UNIUSDT,1698084000000,2023,LONG,-0.006093102642790504,0.002104428667086015,1698087600000,0.0016337966056918433,0.028780621217342296,0.003730477630049081
UNIUSDT,1698087600000,2023,SHORT,0.002104428667086015,-0.0006576728296966747,1698091200000,0.00842898926324679,-0.020995118853611314,-0.004420153759398726
UNIUSDT,1698091200000,2023,LONG,-0.0006576728296966747,0.0012292498917469623,1698094800000,0.001644544009782421,0.03670348511975942,0.023240646298663924
UNIUSDT,1698098400000,2023,SHORT,0.006850084759520948,-0.007515439182604362,1698102000000,0.0061454614714952435,-0.013522856510131668,0.00637379804058879
UNIUSDT,1698224400000,2023,LONG,-0.0048886489757768775,0.014435750237772826,1698228000000,0.00429492428288065,0.009519348419686996,-0.006958636357825591
UNIUSDT,1698231600000,2023,SHORT,0.013044282213582652,-0.006281724294379861,1698235200000,-0.0014354069450231157,-0.022020541725494974,0.0023969330747218116
UNIUSDT,1698400800000,2023,LONG,-0.003801498170951316,0.006286056398693741,1698404400000,-0.0009811136425952685,-0.001717581087199716,-0.019557499215530672
UNIUSDT,1698408000000,2023,SHORT,0.010928080471654705,-0.0019223459259662364,1698411600000,0.0026682853914940354,0.024026652220669926,0.02154833620620295
UNIUSDT,1698411600000,2023,LONG,-0.0019223459259662364,0.011502482458618698,1698415200000,-0.0112333293573762,-0.02184940239638761,-0.013692145447404823
UNIUSDT,1698415200000,2023,SHORT,0.011502482458618698,-0.007387646479292747,1698418800000,-0.010264019727445365,0.02110044773023865,-0.005145178568538215
UNIUSDT,1698541200000,2023,LONG,-0.041129622185168295,0.026459193080357078,1698544800000,0.00514643949275794,0.005635198055762172,0.017294305108926565
UNIUSDT,1698566400000,2023,SHORT,0.013520280434170551,-0.014320659503271863,1698570000000,0.0035984205795334813,0.0009583134418117019,0.00023949227751882097
UNIUSDT,1698897600000,2023,LONG,-0.0032465012678436103,0.01563910260623608,1698901200000,-0.02806747284199609,0.0004257130758205796,-0.00833783558270868
UNIUSDT,1698912000000,2023,SHORT,0.005138508749635856,-0.036945577664819006,1698915600000,0.0019175461292719287,0.016525754348591683,0.008121438099166588
UNIUSDT,1699477200000,2023,LONG,-0.010530148337208388,0.0023799523058089674,1699480800000,-0.0007717538488393096,0.006919112746924862,0.00134913772029832
UNIUSDT,1699480800000,2023,SHORT,0.0023799523058089674,-0.002192478747825388,1699484400000,-0.000385951374918318,-0.0050057863481106826,0.0001930315612595802
UNIUSDT,1699495200000,2023,LONG,-0.030163567696062748,0.016913258862402896,1699498800000,-0.005005786348110754,0.015814371689445977,0.01600338974123265
UNIUSDT,1699509600000,2023,SHORT,0.009715539139831076,-0.006782852479162047,1699513200000,0.021403454164078607,0.02082413581245123,0.08830133356797609
UNIUSDT,1699549200000,2023,LONG,-0.06373527702631024,0.026477251008109493,1699552800000,-0.020239881347746316,-0.01037543637683238,0.05818107543373779
UNIUSDT,1699552800000,2023,SHORT,0.026477251008109493,-0.10455755223561591,1699556400000,-0.011294914204313763,-0.03350907483194088,-0.06979112088592214
UNIUSDT,1699578000000,2023,LONG,-0.13374208570028662,0.0013053120104698321,1699581600000,0.0020910567452032745,-0.00343118903156379,-0.016500758115012226
UNIUSDT,1699588800000,2023,SHORT,0.0016088581168022212,-0.011990285016734343,1699592400000,-0.0011463509088766545,0.013084658490961881,0.0022966517271976977
UNIUSDT,1699592400000,2023,LONG,-0.011990285016734343,0.00361477102514035,1699596000000,-0.008629835895561792,0.002860141143198987,0.0017170661473313062
UNIUSDT,1699603200000,2023,SHORT,0.01038970853310344,-0.0980061250627021,1699606800000,-0.016897483456153623,-0.018799709633704826,-0.012890991404077954
UNIUSDT,1699632000000,2023,LONG,-0.0769931164383301,0.008905951272649046,1699635600000,0.005160068783405841,0.0022966517271976804,0.0028699914466779604
UNIUSDT,1699653600000,2023,SHORT,0.010397548629236543,-0.0178991596478213,1699657200000,-0.0022722978911829043,-0.004728141195945896,-0.02490065937853279
UNIUSDT,1699671600000,2023,LONG,-0.022567755158046595,0.0224538322256262,1699675200000,-0.004955222641664319,0.01059011410138045,0.042797228771820864
UNIUSDT,1699675200000,2023,SHORT,0.0224538322256262,-0.051516058496916636,1699678800000,-0.015545336743044718,-0.019113080645762635,-0.049572288130471105
UNIUSDT,1699678800000,2023,LONG,-0.051516058496916636,0.13078694448271014,1699682400000,0.015122102785507007,0.01660331024017284,0.02819177801070425
UNIUSDT,1699750800000,2023,SHORT,0.0540782890019693,-0.013018038043338842,1699754400000,0.0041431321036071445,-0.005061403625464429,-0.007862264386555932
UNIUSDT,1699869600000,2023,LONG,-0.0030475412544884984,0.003676807017517244,1699873200000,-0.012929622309855799,-0.0011017261488984061,-0.04044737821089058
UNIUSDT,1699873200000,2023,SHORT,0.003676807017517244,-0.07919119687162099,1699876800000,-0.005560718684697179,-0.02966707226709362,0.02904220707527225
UNIUSDT,1700103600000,2023,LONG,-0.006231200709702053,0.007615347136511659,1700107200000,0.004927466854607002,0.011459879849919613,-0.03594762695754359
UNIUSDT,1700139600000,2023,SHORT,0.009073196573936845,-0.04156600642479809,1700143200000,0.004804148190373259,0.017666661248769977,0.014295240186826473
UNIUSDT,1700150400000,2023,LONG,-0.005245369282258945,0.07311868218579459,1700154000000,-0.0009376465759635034,-0.031996635448669195,-0.0011252814390714887
UNIUSDT,1700161200000,2023,SHORT,0.06223955618752057,-0.04691737438939609,1700164800000,0.010779700149114094,0.004413323866779937,-0.0019127779359090877
UNIUSDT,1700164800000,2023,LONG,-0.04691737438939609,0.033178653369136134,1700168400000,0.0009672116045635181,0.025603232700621505,0.02068643005708281
UNIUSDT,1700168400000,2023,SHORT,0.033178653369136134,-0.05613527381446086,1700172000000,-0.009622861014330778,-0.03365656582561235,-0.01172752074081314
UNIUSDT,1700362800000,2023,LONG,-0.014883793274046046,0.019211010114505545,1700366400000,-0.0007916089865191238,0.007881814202253375,0.00748919543003285
UNIUSDT,1700377200000,2023,SHORT,0.006450381237304328,-0.003947377941154064,1700380800000,0.004524449539763263,0.00393314174683698,-0.017317292375285533
UNIUSDT,1700409600000,2023,LONG,-0.0035350851843601074,0.06491690237287362,1700413200000,0.004911118799347495,0.021623517103115754,0.025278421623781504
UNIUSDT,1700434800000,2023,SHORT,0.01804622114473268,-0.0020794388872193838,1700438400000,-0.0009542896038638491,0.00940054884315323,0.0005730111893965543
UNIUSDT,1700438400000,2023,LONG,-0.0020794388872193838,0.006936124601965217,1700442000000,-0.004588918186677909,-0.006507199994946452,-0.0032483070503399945
UNIUSDT,1700492400000,2023,SHORT,0.0279084252898585,-0.013727850049668668,1700496000000,0.018670765262496253,0.014065998875748015,0.020210411448089043
UNIUSDT,1700514000000,2023,LONG,-0.03573366056208381,0.06889683312785967,1700517600000,0.0011565151636012793,0.010933263219724005,-0.01515769401598371
UNIUSDT,1700535600000,2023,SHORT,0.02397498365783638,-0.0023938644038275715,1700539200000,0.0019278972618705758,0.016898527785159885,0.028721325596216648
UNIUSDT,1700550000000,2023,LONG,-0.004036806886322903,0.005860098156604947,1700553600000,0.01091203345098272,-0.0027467154800574103,-0.02761124854535291
UNIUSDT,1700578800000,2023,SHORT,0.040123891742165275,-0.03630819404321234,1700582400000,-0.0061258960465688786,0.015984356308436365,-0.04760961011642244
UNIUSDT,1700694000000,2023,LONG,-0.002531245263752701,0.017172875035329743,1700697600000,0.006523180339123476,0.009120584396809076,0.012842572672875776
UNIUSDT,1701097200000,2023,SHORT,0.057128384942674575,-0.006281210146941974,1701100800000,0.0077859274099623356,0.02089871978807656,-0.05240755460990302
UNIUSDT,1701147600000,2023,LONG,-0.014031643706375795,0.024954236146138162,1701151200000,0.003201027061078784,-0.011122867958110027,0.004318970162419914
UNIUSDT,1701151200000,2023,SHORT,0.024954236146138162,-0.01070062965067872,1701154800000,0.006250521191476475,0.01773096097123186,0.007537522656123926
UNIUSDT,1701183600000,2023,LONG,-0.007232726745832951,0.029856877005571766,1701187200000,0.006737272837317658,-0.00597305835908169,0.01723355240860483
UNIUSDT,1701187200000,2023,SHORT,0.029856877005571766,-0.0016505584880149322,1701190800000,-0.001757329312382027,0.010770942486797674,-0.01963330955221646
UNIUSDT,1701223200000,2023,LONG,-0.007799115938369586,0.002736853862082666,1701226800000,0.010176586473935342,0.007166206318856422,-0.022792548949410612
UNIUSDT,1701244800000,2023,SHORT,0.01668093714826751,-0.0025244690660214887,1701248400000,0.007455026993109097,0.014484932921367238,0.04790559975969786
UNIUSDT,1701252000000,2023,LONG,-0.004334875665126844,0.004453652817779957,1701255600000,-0.003182688873728677,-0.028688510575399274,-0.04434344015990434
UNIUSDT,1701280800000,2023,SHORT,0.008142125008096473,-0.018194202237815395,1701284400000,-0.0013131978249603929,0.011066262077073974,0.029166303720691865
UNIUSDT,1701828000000,2023,LONG,-0.0023285884482388323,0.029488609028236582,1701831600000,-0.006781876469941414,-0.0208137594960764,-0.03504534174280076
UNIUSDT,1701900000000,2023,SHORT,0.0008559988409110183,-0.009005262687368855,1701903600000,0.002163602408466819,-0.008278192969371474,-0.007948377662951485
UNIUSDT,1701939600000,2023,LONG,-0.005558437153494561,0.006747043561979566,1701943200000,-0.004607544764754046,-0.004607544764754046,0.02992056301643856
UNIUSDT,1702080000000,2023,SHORT,0.054042994104602525,-0.0313150132226781,1702083600000,-0.001497678878119259,-0.02091288673508551,-0.006126279900168967
UNIUSDT,1702227600000,2023,LONG,-0.01582621325181718,0.0013372507227542355,1702231200000,0.009223739490583981,0.018514797111751177,-0.028192940089290876
UNIUSDT,1702346400000,2023,SHORT,0.012786497274899292,-0.018010335263834883,1702350000000,0.005145533141019294,0.00433979625108216,-0.007987262910210834
UNIUSDT,1702519200000,2023,LONG,-0.0016555533762393712,0.03258485927485182,1702522800000,-0.0009534404027530313,0.007279665001053424,0.0011111994158708482
UNIUSDT,1702548000000,2023,SHORT,0.009737438329930799,-0.0013532673860327093,1702551600000,-0.009321179807571101,0.016365432125911423,0.013355528863458522
UNIUSDT,1702558800000,2023,LONG,-0.011998893933269335,0.06867386236756326,1702562400000,-0.003958519934379751,0.002998029858980352,-0.00841074544750512
UNIUSDT,1702731600000,2023,SHORT,0.04780710336794898,-0.006905906347552364,1702735200000,0.002906509393136383,-0.004022855212057833,-0.0006447453479313111
UNIUSDT,1702753200000,2023,LONG,-0.005487290631626802,0.00044813253801973685,1702756800000,-0.00016216654539703864,0.0004863419079406964,-0.012564414287550077
UNIUSDT,1702756800000,2023,SHORT,0.00044813253801973685,-0.0037802409885574965,1702760400000,0.002435263806012859,-0.0017820984870342456,0.00048657855148645605
UNIUSDT,1702778400000,2023,LONG,-0.010892051517758565,0.016776706914208378,1702782000000,0.0029022916212420747,-0.009735595312077124,-0.008920665758379376
UNIUSDT,1702933200000,2023,SHORT,0.020945525418991487,-0.011465516924366393,1702936800000,-0.0010114633364005697,-0.01655971603901834,-0.009734887217984217
UNIUSDT,1703005200000,2023,LONG,-0.04580572404847878,0.005410709021348738,1703008800000,0.009986308886012969,0.019364841264743048,0.02781511970477503
UNIUSDT,1703077200000,2023,SHORT,0.008727607417711692,-0.05170382955173918,1703080800000,0.004613618333512833,0.0034582167029568295,0.029359907013470108
UNIUSDT,1703124000000,2023,LONG,-0.04967152531641752,0.01422998698596466,1703127600000,0.0015224565234551995,0.004728939736533075,0.004897417539981115
UNIUSDT,1703152800000,2023,SHORT,0.004966577889736791,-0.03250232455669837,1703156400000,-0.002313285896095982,0.018195978201676687,-0.021115442013211604
UNIUSDT,1703214000000,2023,LONG,-0.005670008480369037,0.005173751834871877,1703217600000,0.003208215777095156,-0.006285781031639298,0.019096697456456407
UNIUSDT,1703217600000,2023,SHORT,0.005173751834871877,-0.005297767742811061,1703221200000,0.0022446698538237503,-0.0006404098841992446,-0.025145627883479505
UNIUSDT,1703221200000,2023,LONG,-0.005297767742811061,0.0019935924238997445,1703224800000,-0.008867450285320985,0.008152870672881818,0.03128711507590426
UNIUSDT,1703232000000,2023,SHORT,0.0010536197082999786,-0.0010591634350459152,1703235600000,-0.005107752525299086,-0.006857534249086813,-0.023876539418681574
UNIUSDT,1703239200000,2023,LONG,-0.0028513832067583243,0.029828005010495505,1703242800000,0.010504632645085431,0.022309286919834505,0.026213406815903378
UNIUSDT,1703361600000,2023,SHORT,0.008919699042413727,-0.0006060326334060411,1703365200000,-0.002870357575893514,-0.017727593090930773,-0.039454083949827815
UNIUSDT,1703365200000,2023,LONG,-0.0006060326334060411,0.03106424223016552,1703368800000,0.0031791474876749163,0.055432146264778576,0.0530192360305987
UNIUSDT,1703394000000,2023,SHORT,0.014407912740366562,-0.0064539552130797465,1703397600000,-0.006579474427440619,-0.01659473264880057,-0.07409700670038237
UNIUSDT,1703599200000,2023,LONG,-0.025096475572122974,0.021630673825535678,1703602800000,-0.04892715985428212,-0.050572573635632334,-0.07179242538707765
UNIUSDT,1703606400000,2023,SHORT,0.042093370382386815,-0.007943634937365345,1703610000000,0.02222618589520839,0.00040713850056870566,0.03296622915507867
UNIUSDT,1703610000000,2023,LONG,-0.007943634937365345,0.004854126431410712,1703613600000,0.01090041838210836,0.03235114582993556,-0.0033351893061383505
UNIUSDT,1703617200000,2023,SHORT,0.023998606966512032,-0.00727447917974038,1703620800000,0.001763070911704615,0.0032573318703065105,0.023859626286479623
UNIUSDT,1704283200000,2024,LONG,-0.06870947988835727,0.020585416207998107,1704286800000,-0.01499953125480495,-0.03345502342535047,-0.034533190645695974
UNIUSDT,1704333600000,2024,SHORT,0.019464805235687856,-0.00967331890261367,1704337200000,-0.00046100653909064395,-0.0058237712492862186,-0.02534470587030981
UNIUSDT,1704420000000,2024,LONG,-0.018404893050967895,0.03581835030516578,1704423600000,0.019732411474083965,0.018204760703420277,-0.02012963077934494
UNIUSDT,1704715200000,2024,SHORT,0.014839731093897452,-0.06779326019458677,1704718800000,0.0019730358258583337,0.013560650998246108,-0.014351192163090288
UNIUSDT,1704805200000,2024,LONG,-0.03126104135910122,0.019703622383787665,1704808800000,-0.014787385965565359,-0.0249415047053621,0.026144191591345237
UNIUSDT,1704837600000,2024,SHORT,0.021700922777929472,-0.0298434320048833,1704841200000,-0.008523491060700373,-0.004020105916665631,-0.04704628928645049
UNIUSDT,1704870000000,2024,LONG,-0.0038467461094978746,0.0050505251118729555,1704873600000,-0.005316510279788749,0.02874605902767123,0.0493029138996396
UNIUSDT,1704877200000,2024,SHORT,0.0008064342778592451,-0.017211571778356083,1704880800000,-0.0027258896057892187,0.024215045205166433,-0.05604275568680405
UNIUSDT,1704895200000,2024,LONG,-0.005712282487721827,0.010450819259932215,1704898800000,0.03275241837132257,0.03643271694888426,0.09686001948799508
UNIUSDT,1704898800000,2024,SHORT,0.010450819259932215,-0.01896446823986349,1704902400000,0.017135886484802555,-0.016058855320485215,-0.07367282608664516
UNIUSDT,1704938400000,2024,LONG,-0.016511876031811264,0.042280313058364764,1704942000000,0.009725519913010345,-0.012253386805764889,0.041381152551075565
UNIUSDT,1704970800000,2024,SHORT,0.035601685252095026,-0.015063992250949709,1704974400000,-0.007708568460043585,0.024834979272427882,0.004243184360397378
UNIUSDT,1704981600000,2024,LONG,-0.015214642334768607,0.01831149861263935,1704985200000,-0.03673642599250732,-0.014679429353148999,-0.02660975717457828
UNIUSDT,1704985200000,2024,SHORT,0.01831149861263935,-0.01003210160389933,1704988800000,0.0010481396482516724,-0.014854699768882026,-0.0014954391900127418
UNIUSDT,1704988800000,2024,LONG,-0.01003210160389933,0.0072238978705746705,1704992400000,0.013982081124594864,0.005824824175612243,0.0023937773249888003
UNIUSDT,1704992400000,2024,SHORT,0.0072238978705746705,-0.002628328288330808,1704996000000,-0.008971308056228191,0.009649002346688723,-0.0044221770178519484
UNIUSDT,1704999600000,2024,LONG,-0.002361858276680565,0.012156786457113537,1705003200000,-0.0100756519887417,0.005439989891428204,-0.008884998477042886
UNIUSDT,1705064400000,2024,SHORT,0.006367772989866629,-0.006400811838615072,1705068000000,-0.007976258660659315,0.027605266091888857,0.05476312115351559
UNIUSDT,1705068000000,2024,LONG,-0.006400811838615072,0.009472507715740201,1705071600000,-0.023977756921054253,-0.03678508015670693,-0.0524953730630254
UNIUSDT,1705075200000,2024,SHORT,0.027097815620186174,-0.0037637004362127287,1705078800000,-0.0061557134549977905,-0.011678527701758576,-0
UNIUSDT,1705078800000,2024,LONG,-0.0037637004362127287,0.025661130136041897,1705082400000,-0.0013480118868946383,-0.017210569734504647,-0.003748973424432832
UNIUSDT,1705114800000,2024,SHORT,0.022722569623736723,-0.004035291469375116,1705118400000,-0.0009040229634817607,0.001357568652574812,0.008629226205646713
UNIUSDT,1705143600000,2024,LONG,-0.0011388132699915116,0.016170111257623535,1705147200000,0.004725258392015484,0.004877314957350676,0.013807972966334816
UNIUSDT,1705190400000,2024,SHORT,0.003327612358656906,-0.0014560953520413448,1705194000000,-0.011650029637416338,0.0050347196137119155,0.00457596893665499
UNIUSDT,1705194000000,2024,LONG,-0.0014560953520413448,0.008981914525740374,1705197600000,-0.0010535029945703848,-0.0007523888700429229,-0.01241123847374613
UNIUSDT,1705226400000,2024,SHORT,0.002896575933893834,-0.0023284482223868527,1705230000000,0.005164829952978911,0.005926618669639336,0.03202244056840618
UNIUSDT,1705262400000,2024,LONG,-0.0028321150217893187,0.0076655093783145585,1705266000000,0.006665141313845161,-0.00796319298970975,0.017421237638073708
UNIUSDT,1705266000000,2024,SHORT,0.0076655093783145585,-0.007590112654364971,1705269600000,0.012592471099399498,0.007443048782089667,-0.026977175104389815
UNIUSDT,1705269600000,2024,LONG,-0.007590112654364971,0.0024148451310098784,1705273200000,-0.011328000305207472,0.009497930489729037,0.04317217186520878
UNIUSDT,1705273200000,2024,SHORT,0.0024148451310098784,-0.010556175151726641,1705276800000,-0.00960864287992469,-0.030551004474148328,-0.050010420574661416
UNIUSDT,1705406400000,2024,LONG,-0.013153491161624634,0.0020268788449364396,1705410000000,-0.009254564766205862,0.0037945171039754522,0.00014620951849995788
UNIUSDT,1705413600000,2024,SHORT,0.0019215227156262088,-0.05750110463775295,1705417200000,-0.006008664667023387,-0.0038145586160285507,-0.009800414871334163
UNIUSDT,1705442400000,2024,LONG,-0.0011116840202219955,0.003568889586665865,1705446000000,-0.007154881950090264,-0.00043658590521023334,-0.014213734789714922
UNIUSDT,1705446000000,2024,SHORT,0.003568889586665865,-0.006024786056223259,1705449600000,-0.0023419214450811246,0.0005863383340071579,0.004553139980213053
UNIUSDT,1705536000000,2024,LONG,-0.020124534700367097,0.0006843187033344971,1705539600000,-0.009859545693258023,-0.023558390051419867,-0.040797589097368935
UNIUSDT,1705539600000,2024,SHORT,0.0006843187033344971,-0.0016251016228144915,1705543200000,0.006975909550697636,0.012502023232809125,0.02759209378932695
UNIUSDT,1705550400000,2024,LONG,-0.0008275950523128538,0.004798377686628395,1705554000000,0.0010489249481994594,0.0074682946075257444,-0.039292679760806457
UNIUSDT,1705564800000,2024,SHORT,0.002585711747955825,-0.00039729564833045376,1705568400000,0.0005954153197636757,0.024707493653474834,0.05962995297306854
UNIUSDT,1705568400000,2024,LONG,-0.00039729564833045376,0.0015468719577432359,1705572000000,-0.020454916810745266,-0.02106291196551342,-0.05697452511837647
UNIUSDT,1705572000000,2024,SHORT,0.0015468719577432359,-0.03251752978011815,1705575600000,-0.0034877584828582275,-0.0042443598657013705,0.03509131981127017
UNIUSDT,1705618800000,2024,LONG,-0.002376618112601643,0.0033069189230178174,1705622400000,-0.0014248399465884526,-0.010336420247151597,0.006779686985378769
UNIUSDT,1705622400000,2024,SHORT,0.0033069189230178174,-0.019223045700560645,1705626000000,0.00333254295568049,0.00683573125174163,-0.0026896622495950102
UNIUSDT,1705626000000,2024,LONG,-0.019223045700560645,0.027075320522481374,1705629600000,-0.008297478592890619,0.0023807645559954177,0.012004566844432074
UNIUSDT,1705683600000,2024,SHORT,0.0017366519422741971,-0.0034084304897392627,1705687200000,-0.015627809683320767,-0.016102380601030888,-0.03629876178751714
UNIUSDT,1705687200000,2024,LONG,-0.0034084304897392627,0.00024609147526737774,1705690800000,-0.000949818022966149,0.004578112029546715,0.033147047699847304
UNIUSDT,1705694400000,2024,SHORT,0.007455043084120399,-0.01306965591182169,1705698000000,-0.0009493671599127711,0.0025360609566448876,-0.03101627882323543
UNIUSDT,1705698000000,2024,LONG,-0.01306965591182169,0.0005403204762809937,1705701600000,0.0041035411118367044,0.016158481617190603,0.021899827204282143
UNIUSDT,1705852800000,2024,SHORT,0.00105110746420319,-0.010926721064311097,1705856400000,-0.004497177463923866,0.0029574307492349103,0.03607986279064615
UNIUSDT,1705881600000,2024,LONG,-0.01907203647715576,0.01519775426952429,1705885200000,-0.011845672747013675,-0.0259259053630402,-0.03206783512820034
UNIUSDT,1706090400000,2024,SHORT,0.009334697689717595,-0.03719127039946882,1706094000000,0.005286055449646753,0.01801850550267825,0.006825965070399871
UNIUSDT,1706115600000,2024,LONG,-0.0304494074036047,0.0072656978243192255,1706119200000,-0.006185586732710857,-0.006013247223451858,-0.010676870841397903
UNIUSDT,1706212800000,2024,SHORT,0.005069649822352665,-0.0013739739121454216,1706216400000,-0.0008702463346190698,0.003139172441856213,-0.0024347838115128953
UNIUSDT,1706216400000,2024,LONG,-0.0013739739121454216,0.014061120309246094,1706220000000,0.0020858689989309625,0.0019122126643795756,0.003820775749147959
UNIUSDT,1706234400000,2024,SHORT,0.012778981195432968,-0.00786289673548596,1706238000000,-0,0.006933638455713702,-0.02017852322823067
UNIUSDT,1706270400000,2024,LONG,-0.021294588320464443,0.07578620498862985,1706274000000,-0.002576214391773252,0.018692133012152546,0.021885681402440706
UNIUSDT,1706277600000,2024,SHORT,0.0027669388308998208,-0.024898966708775193,1706281200000,-0.001184132761216772,-0.006074942746324657,-0.006243165473611775
UNIUSDT,1706292000000,2024,LONG,-0.001392510142916726,0.004333243069388233,1706295600000,0.0010087425199697539,-0.0018520082741150807,-0.007937219749660784
UNIUSDT,1706295600000,2024,SHORT,0.004333243069388233,-0.004175658664302028,1706299200000,0.005898727814161489,0.00016805310517656322,0.009963774062331059
UNIUSDT,1706299200000,2024,LONG,-0.004175658664302028,0.004202783357212901,1706302800000,-0.0011837322765501808,0.007073118070284784,-0.010533566644876301
UNIUSDT,1706454000000,2024,SHORT,0.0013107571889036892,-0.010290858048163324,1706457600000,-0.0068533490138263245,0.006562917961051577,-0.011175164251388932
UNIUSDT,1706486400000,2024,LONG,-0.008773804158224178,0.0031500051196596077,1706490000000,0.004849102386920855,0.010670324646537308,-0.006895999071361943
UNIUSDT,1706493600000,2024,SHORT,0.0026229197568063264,-0.008502486275406203,1706497200000,-0.0004977187991590438,0.005157652228631825,0.021470130315025066
UNIUSDT,1706500800000,2024,LONG,-0.0003872675443101334,0.004500348027289922,1706504400000,-0.0056544304987428,-0.011844328974252317,0.00545771635049954
UNIUSDT,1706518800000,2024,SHORT,0.011779092598105867,-0.007134117156172868,1706522400000,-0.0013384643122511131,0.013993316086673618,-0.01956295810417867
UNIUSDT,1706623200000,2024,LONG,-0.013539998483619734,0.013250822821469112,1706626800000,0.009167736103662337,0.012524248485313975,0.009967928192450909
UNIUSDT,1706641200000,2024,SHORT,0.013506524062119577,-0.009983316338614361,1706644800000,-0.0007923302846966548,0.008277665857781962,0.015013858129936157
UNIUSDT,1706644800000,2024,LONG,-0.009983316338614361,0.08529748506550507,1706648400000,-0.0012682309879951648,-0.0038095284166677302,-0.023077947282544725
UNIUSDT,1706695200000,2024,SHORT,0.01632516895280957,-0.04073572063254687,1706698800000,-0.0034915656055033184,-0.0026613455495140817,0.0013333335308641052
UNIUSDT,1706781600000,2024,LONG,-0.0062616399705345644,0.013707967118909942,1706785200000,-0.007036383529449334,0.002334501643857354,0.007484442422136813
UNIUSDT,1706893200000,2024,SHORT,0.06765020238301336,-0.01662117050348992,1706896800000,0.007687941685154199,0.005391729424803982,-0.010697022584020584
UNIUSDT,1707040800000,2024,LONG,-0.022230819642204375,0.02239092737614017,1707044400000,0.0034811473198793222,0.00033206043805043443,-0.004994183844623757
UNIUSDT,1707091200000,2024,SHORT,0.002593970592355472,-0.0006271544233527421,1707094800000,0.0016758844210643436,-0.0028425736053812015,-0.013637330922582916
UNIUSDT,1707094800000,2024,LONG,-0.0006271544233527421,0.012981098124080489,1707098400000,-0.00369686188132598,0.006186793415076348,0.019105157897338458
UNIUSDT,1707098400000,2024,SHORT,0.012981098124080489,-0.0019032068988466295,1707102000000,-0.00587496444302075,-0.012879662863661238,-0.017191444004867783
UNIUSDT,1707105600000,2024,LONG,-0.001751993465835385,0.02160243202640017,1707109200000,0.00183532211357389,0.009804814733693702,0.0041663255000496035
UNIUSDT,1707141600000,2024,SHORT,0.0021028211180230084,-0.01925095785106503,1707145200000,0.006807830361246138,0.005143105488693547,-0.0209603219595083
UNIUSDT,1707184800000,2024,LONG,-0.00999883879238333,0.11931530859495595,1707188400000,-0.003409370945963811,-0.007646665421478943,0.0014576081615460923
UNIUSDT,1708084800000,2024,SHORT,0.016986097057463054,-0.008099362818919915,1708088400000,0.014270855299891319,0.03429975253707483,0.010153710231856242
UNIUSDT,1708135200000,2024,LONG,-0.0044879810003788335,0.005733583064892488,1708138800000,-0.005991629668266747,-0.009737954627888264,0.021017455633239864
UNIUSDT,1708963200000,2024,SHORT,0.02748801430863947,-0.026923601389165133,1708966800000,0.007850507608677199,0.02211958977662947,0.0073814864472252165
UNIUSDT,1709038800000,2024,LONG,-0.00767926376993603,0.03404234308601506,1709042400000,-0.010481012329841758,0.009093059209166183,0.027932489693909712
UNIUSDT,1709046000000,2024,SHORT,0.0034006687756150612,-0.028510400138406444,1709049600000,-0.04001457832127642,-0.01608714079636677,-0.02670050238537025
UNIUSDT,1709053200000,2024,LONG,-0.015728325544006116,0.005423328657836474,1709056800000,-0.008724055514942207,-0.01427345932361168,0.011273871567028469
UNIUSDT,1709078400000,2024,SHORT,0.0031725648946299193,-0.019211699253320905,1709082000000,-0.00865104070679424,-0.0028920038231504616,0.03349903735992694
UNIUSDT,1709089200000,2024,LONG,-0.006646751883213302,0.003437047443145089,1709092800000,0.01711154885387982,0.014129035006682457,-0.012006054818147321
UNIUSDT,1709107200000,2024,SHORT,0.0034878569392690615,-0.003113234409130604,1709110800000,0.0003674444281650019,0.018820376578053997,0.004602788205242588
UNIUSDT,1709233200000,2024,LONG,-0.002416883591674692,0.0012874640006085149,1709236800000,-0.0019907393946278166,-0.03744106118426441,-0.06335749235314722
UNIUSDT,1709280000000,2024,SHORT,0.011408750999756452,-0.0010578643755094275,1709283600000,-0.005349788340761505,-0.03343776562732783,-0.057587653662824353
UNIUSDT,1709294400000,2024,LONG,-0.005043952959931526,0.021690028405964415,1709298000000,0.013707814939141659,0.022943563122825014,0.0326905623137029
UNIUSDT,1709337600000,2024,SHORT,0.030384444334466718,-0.010729491513612745,1709341200000,0.024635182094549683,-0.065691816527592,-0.030418366014273713
UNIUSDT,1709366400000,2024,LONG,-0.009253372192771555,0.006161841882898381,1709370000000,-0.025949887713912174,-0.017994923655982854,0.01576355626897157
UNIUSDT,1709395200000,2024,SHORT,0.0018796786494179377,-0.004281789950252668,1709398800000,-0.010718561738707194,-0.015277293191070108,-0.03244475725711007
UNIUSDT,1709402400000,2024,LONG,-0.011421965512362596,0.014409839936212063,1709406000000,-0.0030315140887043476,-0.0019135709873630883,-0.003351156092384699
UNIUSDT,1709427600000,2024,SHORT,0.021433960821914566,-0.0016026653537826354,1709431200000,0.0027392862762206966,-0.004655651369633553,-0.019125612856541727
UNIUSDT,1709431200000,2024,LONG,-0.0016026653537826354,0.0073268723587338845,1709434800000,0.003382462756195793,0.009314343877453378,0.014177817685542254
UNIUSDT,1709571600000,2024,SHORT,0.013684429513651775,-0.020040402045558736,1709575200000,-0.020499717418046036,-0.024533607518982314,-0.08566960751071374
UNIUSDT,1709596800000,2024,LONG,-0.01406925689813826,0.019882946200764747,1709600400000,0.008309411824927474,0.04002578546048296,0.05486921024581418
UNIUSDT,1709827200000,2024,SHORT,0.006989228674494927,-0.004696347028907414,1709830800000,0.0045442473280985825,0.007361339539248,-0.0062479432228663805
UNIUSDT,1709866800000,2024,LONG,-0.012599258992858263,0.00509910198822304,1709870400000,-0.021176259236049617,-0.03216940768701108,-0.05926323947917609
UNIUSDT,1709870400000,2024,SHORT,0.00509910198822304,-0.00237764673649224,1709874000000,0.011595491776579911,-0.006208738570841622,0.017511475417465738
UNIUSDT,1709874000000,2024,LONG,-0.00237764673649224,0.0023305806953655074,1709877600000,0.013713435516194052,0.021747193989058836,-0.009699005108549331
UNIUSDT,1709877600000,2024,SHORT,0.0023305806953655074,-0.013185361378937435,1709881200000,0.01317735026580259,-0.008033758472864777,0.03225002363720843
UNIUSDT,1709888400000,2024,LONG,-0.006128621034500923,0.004706862574780821,1709892000000,-6.558452207623554e-05,-0.022147977790243252,-0.04534646776552889
UNIUSDT,1709892000000,2024,SHORT,0.004706862574780821,-0.00240088079244759,1709895600000,0.011876624162579098,0.02820461003691501,0.0442550090040407
UNIUSDT,1709895600000,2024,LONG,-0.00240088079244759,0.0022167226264905486,1709899200000,-0.0004647611543340322,-0.03629635072332703,-0.03148963955282395
UNIUSDT,1709899200000,2024,SHORT,0.0022167226264905486,-0.006511596650688929,1709902800000,0.00967544998307927,0.015256234344856918,0.0133027798150693
UNIUSDT,1709910000000,2024,LONG,-0.025832869984051043,0.002705842717941778,1709913600000,0.020779437575848988,0.006655484445765539,0.03330933449371581
UNIUSDT,1709913600000,2024,SHORT,0.002705842717941778,-0.004276483555297428,1709917200000,0.0035807219963239247,0.015290298230151376,-0.005179441841548861
UNIUSDT,1709917200000,2024,LONG,-0.004276483555297428,0.013196673737727595,1709920800000,-0.008837583012465107,-0.013834684145844602,6.767960477697653e-05
UNIUSDT,1709935200000,2024,SHORT,0.0008428410751358531,-0.003999583264612487,1709938800000,-0.0008223684673992896,-0.017803011481803528,0.03509376834612803
UNIUSDT,1709938800000,2024,LONG,-0.003999583264612487,0.051084286455209967,1709942400000,0.017857011141171997,0.028433453529251317,-0.021465995265419813
UNIUSDT,1709971200000,2024,SHORT,0.014971518431966632,-0.021681483495043542,1709974800000,0.007022451942718944,0.0040962323391754065,0.013743283737480029
UNIUSDT,1710313200000,2024,LONG,-0.050342779748468486,0.0018302171523757454,1710316800000,0.0018593125901834146,-0.014860352622868674,-0.022938224665234958
UNIUSDT,1710316800000,2024,SHORT,0.0018302171523757454,-0.025404104307092442,1710320400000,0.011903254730033567,0.019450460365416533,0.032725616482134054
UNIUSDT,1710399600000,2024,LONG,-0.01319221399699948,0.002563933467948447,1710403200000,0.006120099296756445,0.0018329226139686256,-0.04754200187324281
UNIUSDT,1710403200000,2024,SHORT,0.002563933467948447,-0.0016348939179777443,1710406800000,-0.0057338804742332545,-7.012376847999767e-05,0.029173182352802383
UNIUSDT,1710439200000,2024,LONG,-0.006072517680150781,0.006608879629042296,1710442800000,-0.007886534335221778,0.02494147993193538,-0.030865727403537307
UNIUSDT,1710464400000,2024,SHORT,0.01639474162512751,-0.02605367123327385,1710468000000,0.039529674626511135,0.07242712700868757,0.067009995668268
UNIUSDT,1710493200000,2024,LONG,-0.005895574641519808,0.02630802242495301,1710496800000,-0.004298392769525763,0.01039574916969496,-0.0026550070257958798
UNIUSDT,1710554400000,2024,SHORT,0.01770279314349126,-0.059486381772399156,1710558000000,0.00015255530159264335,0.010504217726401161,0.05157031993790305
UNIUSDT,1710770400000,2024,LONG,-0.0034716504730524017,0.004386201615054738,1710774000000,0.009000355158853425,-0.01198535321246848,-0.03867671243705728
UNIUSDT,1710781200000,2024,SHORT,0.012159703837072296,-0.006575929443468236,1710784800000,0.008091003556511525,-0.0065102745264611055,0.06283781643266068
UNIUSDT,1710802800000,2024,LONG,-0.0031769156360333907,9.468554368173508e-05,1710806400000,-0.02332417616728809,-0.046323709003304916,-0.08431489720069874
UNIUSDT,1710817200000,2024,SHORT,0.0045206145684550635,-0.03888145515130408,1710820800000,0.020837797605342875,0.03014944107426375,0.018680493397889117
UNIUSDT,1711123200000,2024,LONG,-0.014291635804492811,0.01596518360721076,1711126800000,0.00926647557331783,-0.0003448573187036589,0.013782694744494423
UNIUSDT,1711130400000,2024,SHORT,0.008526846473139825,-0.03705146976696173,1711134000000,-0.0018772938357446826,0.011511165677992414,-0.0060459161470079285
UNIUSDT,1711245600000,2024,LONG,-0.007322140204396648,0.01133256709672424,1711249200000,-0.011965954741612161,-0.007504725654067693,0.008965635629327987
UNIUSDT,1711296000000,2024,SHORT,0.002058298897862629,-0.0052252369565582,1711299600000,0.0020363149748139947,-0.01672659295190751,-0.03334197829338115
UNIUSDT,1711310400000,2024,LONG,-0.0028970260273671333,0.014845937793725856,1711314000000,0.0018324176375047725,-0.0028385392243301813,0.008880831908471876
UNIUSDT,1711314000000,2024,SHORT,0.014845937793725856,-0.014745946258072613,1711317600000,-0.0013305615268628056,-0.0026593550119766753,-0.010595248524973119
UNIUSDT,1711332000000,2024,LONG,-0.016940472972165114,0.033440046514704815,1711335600000,0.0037179371121122354,0.007422102354993011,0.029202727690400786
UNIUSDT,1711389600000,2024,SHORT,0.031931761386769786,-0.002704355294344392,1711393200000,-0.0007113781274586797,0.011531401388218667,-0.017401285613688484
UNIUSDT,1711396800000,2024,LONG,-0.0020216868842161824,0.01072606258753933,1711400400000,-0.010557564271096552,-0.0051848718235250404,0.020630652970180675
UNIUSDT,1711400400000,2024,SHORT,0.01072606258753933,-0.013254609328028815,1711404000000,-0.005212730838016821,-0.014131407569855535,-0.03406770870517602
UNIUSDT,1711418400000,2024,LONG,-0.029130175981295938,0.015370957962959095,1711422000000,0.0007890169258946459,0.01566325389161155,-0.003320686163372964
UNIUSDT,1711458000000,2024,SHORT,0.0744810595512609,-0.040824374390044264,1711461600000,0.0017407822088613674,0.0033259454162724196,-0.00928555617280915
UNIUSDT,1711476000000,2024,LONG,-0.006772286535786503,0.005935947204184247,1711479600000,-0.0040522879336848784,0.009313405914559996,0.004983201927587769
UNIUSDT,1711483200000,2024,SHORT,0.0026644204203339463,-0.001251532990567983,1711486800000,-0.00378609065609065,-0.012877062357342475,0.0170562834136592
UNIUSDT,1711486800000,2024,LONG,-0.001251532990567983,0.001021740010674441,1711490400000,0.002202124366114922,0.005182986316031176,-0.007983916564750141
UNIUSDT,1711501200000,2024,SHORT,0.016252019492939005,-0.0072145731363057256,1711504800000,-7.83300043482656e-05,0.0074694690170944485,0.025787916901511526
UNIUSDT,1711587600000,2024,LONG,-0.0657305204887493,0.05638391521611276,1711591200000,0.0002455092282882343,0.01212136053234482,0.015753472358558705
UNIUSDT,1711648800000,2024,SHORT,0.01150552975763355,-0.0038983705956372157,1711652400000,-0.0204785313435407,-0.01682165117418216,-0.014324186362437933
UNIUSDT,1711652400000,2024,LONG,-0.0038983705956372157,0.03478587589054667,1711656000000,-0.009597826398566964,-0.008579057453433049,-0.02755645942959204
UNIUSDT,1711713600000,2024,SHORT,0.02963385189912278,-0.009612159498427083,1711717200000,-0.0017885614628347023,0.02092093605656799,0.010169844359189915
UNIUSDT,1711724400000,2024,LONG,-0.024293258225195197,0.027909256314020154,1711728000000,-0.0062591813902782,-0.0015809030246955618,-0.00023697618500253043
UNIUSDT,1711756800000,2024,SHORT,0.04067706666971153,-0.002410289495835201,1711760400000,-0.002591387056188868,-0.0007074081646941523,-0.0025129587592191208
UNIUSDT,1711872000000,2024,LONG,-0.01734772525058559,0.008253246505284133,1711875600000,-0.0059158306773385875,-0.016853260449540265,-0.013935119843958349
UNIUSDT,1711882800000,2024,SHORT,0.00371043065750485,-0.005305080473183165,1711886400000,0.0008456010036094687,0.004389518426118441,0.004235173619514919
UNIUSDT,1711922400000,2024,LONG,-0.009578699816712517,0.0026212570770815036,1711926000000,0.003091431475113125,-0.005666617142563478,-0.02738607337600814
UNIUSDT,1711926000000,2024,SHORT,0.0026212570770815036,-0.0128690217692117,1711929600000,0.007046372412600868,0.015238982508131717,0.03958497702017303
UNIUSDT,1711936800000,2024,LONG,-0.0009263648287686901,0.0028460668464295176,1711940400000,-0.006481612633475594,-0.03227362282164503,-0.034607721832956746
UNIUSDT,1712023200000,2024,SHORT,0.06778587029288649,-0.006399034950779558,1712026800000,0.006809696045808881,0.006980534006419201,0.02917967493377302
UNIUSDT,1712026800000,2024,LONG,-0.006399034950779558,0.05708422133801838,1712030400000,-0.0036797782312331675,-0.012203657814133032,-0.04133107883810318
UNIUSDT,1712102400000,2024,SHORT,0.0552786038006594,-0.043387680540438386,1712106000000,-0.01287950054867293,0.02635874277842047,0.01918309093452153
UNIUSDT,1712113200000,2024,LONG,-0.025068989570374196,0.036181137003476936,1712116800000,-0.005817140563100161,0.005423006782803666,-0.006546668226314445
UNIUSDT,1712116800000,2024,SHORT,0.036181137003476936,-0.03183554210576579,1712120400000,-0.001184348519069945,-0.02351353769376003,-0.004729001173904633
UNIUSDT,1712545200000,2024,LONG,-0.03265501683841454,0.0008955985508020298,1712548800000,-0.008441836978211001,0.00732859675082674,0.01761968943370673
UNIUSDT,1712548800000,2024,SHORT,0.0008955985508020298,-0.010286174255935308,1712552400000,-0.0041418873929326,-0.033518810359972964,-0.03078236261169269
UNIUSDT,1712556000000,2024,LONG,-0.006956578780523197,0.0038929497871219507,1712559600000,0.00680334067641994,0.029237561877054993,0.021815269559075087
UNIUSDT,1712559600000,2024,SHORT,0.0038929497871219507,-0.011156629124096549,1712563200000,-0.017574539168524257,-0.018513466299941498,-0.014838091420244231
UNIUSDT,1712631600000,2024,LONG,-0.02472663941613744,0.016292436918860852,1712635200000,0.004235646216694591,-0.015891367336634665,-0.029359584387501175
UNIUSDT,1712872800000,2024,SHORT,0.016119864288423172,-0.005536282682737165,1712876400000,0.0005464182421076863,0.019861626086721602,0.006576807658866596
UNIUSDT,1712959200000,2024,LONG,-0.0007238493043825884,0.005478707499848204,1712962800000,-0.003653087138693659,-0.03819018686535111,-0.0025179416551323404
UNIUSDT,1712977200000,2024,SHORT,0.03542934712419169,-0.08870892086213378,1712980800000,-0.016716346561895346,-0.016333717898340688,-0.01249935737229359
UNIUSDT,1713038400000,2024,LONG,-0.025049981497967486,0.022866739179084796,1713042000000,0.04852789336561122,0.08593099659067938,0.16079246430948801
UNIUSDT,1713045600000,2024,SHORT,0.02482900930047186,-0.017845951138315174,1713049200000,-0.02492066812831307,-0.013417082953671512,-0.06424160902137578
UNIUSDT,1713549600000,2024,LONG,-0.002346432289279728,0.008204720503598573,1713553200000,0.00317502581843824,-0.005181014578468947,0.004626883791411788
UNIUSDT,1713567600000,2024,SHORT,0.006967093893685915,-0.0009510341435132519,1713571200000,0.007775880445623211,-0.011155494171785452,-0.0006675122068828015
UNIUSDT,1713571200000,2024,LONG,-0.0009510341435132519,0.006400940200417857,1713574800000,0.01946468598914376,0.023417781135723344,0.013107048680786156
UNIUSDT,1713625200000,2024,SHORT,0.007874704000684381,-0.0068567266947142025,1713628800000,0.001039906502136566,-0.015214321321259673,-0.017897857530114032
UNIUSDT,1713650400000,2024,LONG,-0.001634244459518826,0.0046002774469758555,1713654000000,0.009063698992440602,0.014134060976874521,0.001537673291188873
UNIUSDT,1713654000000,2024,SHORT,0.0046002774469758555,-0.0011509233064160235,1713657600000,0.016660644248491372,0.004075400444518368,0.007398936675218104
UNIUSDT,1713664800000,2024,LONG,-0.0008551414985306264,0.021690960483816947,1713668400000,-0.009272851454985851,-0.011061075203957773,-0.029772505691518725
UNIUSDT,1713783600000,2024,SHORT,0.03590871672219798,-0.009135044429956432,1713787200000,0.007335148198925772,0.00397170684686648,-0.015243073258015095
UNIUSDT,1713790800000,2024,LONG,-0.009288164137680802,0.0014050244013217204,1713794400000,-0.0020045108190200303,0.009962722503674068,0.025577473892710152
UNIUSDT,1713794400000,2024,SHORT,0.0014050244013217204,-0.0033529807792145195,1713798000000,-0.008492620045653597,-0.012712035588361724,-0.0214661757058626
UNIUSDT,1713798000000,2024,LONG,-0.0033529807792145195,0.002174056997815898,1713801600000,-0.005862193276880263,0.0034761053003575814,0.009037511218243649
UNIUSDT,1713801600000,2024,SHORT,0.002174056997815898,-0.013611617421780867,1713805200000,-0.009337135995939917,-0.013047715392475455,-0.012553766259192148
UNIUSDT,1713805200000,2024,LONG,-0.013611617421780867,0.010408362750361512,1713808800000,0.0006193868268627174,0.009250759772150997,0.015736739800288467
UNIUSDT,1713808800000,2024,SHORT,0.010408362750361512,-0.004105961251297121,1713812400000,0.000619463564379444,-0.02277556510213771,-0.007526718240252064
UNIUSDT,1713812400000,2024,LONG,-0.004105961251297121,0.0012227363667124825,1713816000000,0.004330350101220896,0.016234522093721407,0.0004958472891975498
UNIUSDT,1713837600000,2024,SHORT,0.010732385029243263,-0.004427618491063061,1713841200000,0.004058796544249148,0.0014740206575036118,0.0050452331223879154
UNIUSDT,1713841200000,2024,LONG,-0.004427618491063061,0.021375287333524916,1713844800000,-0.002344088421444843,-0.005684642100184902,-0.009409503620730796
UNIUSDT,1714543200000,2024,SHORT,0.004126670973090756,-0.0032270359505125598,1714546800000,0.025354915801055793,0.02565182791725122,-0.026420672832427387
UNIUSDT,1714546800000,2024,LONG,-0.0032270359505125598,0.020332733938460624,1714550400000,-0.004165432979063144,0.007395389422012742,0.022895041725657605
UNIUSDT,1714564800000,2024,SHORT,0.004564455556790168,-0.0013110835591573324,1714568400000,0.0034980359237000162,0.014066165985492231,-0.012435093723244854
UNIUSDT,1714568400000,2024,LONG,-0.0013110835591573324,0.010750779477536523,1714572000000,0.00014601737632729517,0.004662013105811371,0.0082891480218145
UNIUSDT,1714586400000,2024,SHORT,0.012035752240647528,-0.0054143421799112326,1714590000000,0.029310840877162726,0.01347633701037198,0.021362247832102055
UNIUSDT,1714618800000,2024,LONG,-0.010777482633406691,0.005729964813270768,1714622400000,0.0005742176442589765,-0.00345224738722951,0.029012152964792353
UNIUSDT,1714636800000,2024,SHORT,0.007441216645194693,-0.012721630210209995,1714640400000,-0.0035650661644961446,-0.016154524470950102,-0.010515941727975455
UNIUSDT,1714640400000,2024,LONG,-0.012721630210209995,0.00859889980673558,1714644000000,0.002984864699236497,0.006243811969007463,0.014555474948698594
UNIUSDT,1717210800000,2024,SHORT,0.008361356206949225,-0.039231686018199104,1717214400000,-0.0011980832104038254,0.0003996802611159263,0.005911544694104036
UNIUSDT,1717351200000,2024,LONG,-0.01742819897923177,0.00908718927224494,1717354800000,-0.0011628522902414381,-0.002750742318478766,0.028742997127532435
UNIUSDT,1717369200000,2024,SHORT,0.004085303608284366,-0.0030676982190500687,1717372800000,0.0032941956361105,-0.016518866860086013,-0.02182667970649003
UNIUSDT,1717372800000,2024,LONG,-0.0030676982190500687,0.0016205307279786782,1717376400000,0.024599159013367816,0.02698468106981163,0.03841808573404712
UNIUSDT,1717376400000,2024,SHORT,0.0016205307279786782,-0.0581099345947276,1717380000000,-0.00020766275643093938,-0.002281921952750942,-0.013101750315778683
UNIUSDT,1717524000000,2024,LONG,-0.06996420710148196,0.02498366529582698,1717527600000,-0.008298085475421229,-0.045434348180827706,-0.026340263445837227
UNIUSDT,1717588800000,2024,SHORT,0.006332596115537664,-0.01685194361437904,1717592400000,0.0033952856062557167,0.006263442094277101,0.003574304582745291
UNIUSDT,1717639200000,2024,LONG,-0.0033899616605990923,0.0052361977840256965,1717642800000,-0.03623881075725539,-0.041896665668365626,-0.0444112187977437
UNIUSDT,1717686000000,2024,SHORT,0.02838158652546384,-0.004852155734632464,1717689600000,0.003730651594154851,0.02278603431978999,0.00625673236857932
UNIUSDT,1717700400000,2024,LONG,-0.00010799369746656543,0.005263989735370055,1717704000000,0.013337945450321317,0.012021537173710793,0.018866704321007944
UNIUSDT,1717704000000,2024,SHORT,0.005263989735370055,-0.004267926584397425,1717707600000,0.0027285146532040625,-0.004219217735382655,-0.0013145541799117289
UNIUSDT,1717776000000,2024,LONG,-0.0011979769474194575,0.004796958640143362,1717779600000,-0.019609427913816858,-0.05388475420775761,-0.04222783846950876
UNIUSDT,1717779600000,2024,SHORT,0.004796958640143362,-0.0021149719894370303,1717783200000,0.038058712411989645,0.03285222829104392,0.018296224801922976
UNIUSDT,1717783200000,2024,LONG,-0.0021149719894370303,0.13366478150701308,1717786800000,0.002249259715278879,0.0037799503554919274,0.01704932712543764
UNIUSDT,1717812000000,2024,SHORT,0.13041977881492461,-0.04432485725050148,1717815600000,0.0014120022517441044,-0.0016112793012717122,-0.0033204236373023262
UNIUSDT,1717851600000,2024,LONG,-0.005131739897016637,0.0032119943640793137,1717855200000,0.004631502439397191,0.01333286253575128,0.007840812184235331
UNIUSDT,1717858800000,2024,SHORT,0.006224210374019074,-0.006825466388694795,1717862400000,-0.01095083118675148,0.004916973430453973,0.0024052928012494525
UNIUSDT,1717999200000,2024,LONG,-0.04859388304492985,0.0013436947507792798,1718002800000,-0.004042503561642879,0.026842454574612897,0.07048825296722258
UNIUSDT,1718002800000,2024,SHORT,0.0013436947507792798,-0.022896561173700054,1718006400000,-0.015459444235628282,-0.026545242994170316,-0.06746837531476456
UNIUSDT,1718017200000,2024,LONG,-0.0043842824512143235,0.030141211059040898,1718020800000,-0.002836019322091651,0.0752776558227025,0.04586237048661724
UNIUSDT,1718078400000,2024,SHORT,0.0020456723145884665,-0.04361906839300667,1718082000000,0.011158293270508643,0.03619642008950178,0.08487473369117557
UNIUSDT,1718118000000,2024,LONG,-0.05801234626278635,0.008968975443485315,1718121600000,0.003809955303448729,0.013825618818929233,0.03247468935049181
UNIUSDT,1718121600000,2024,SHORT,0.008968975443485315,-0.006004539411981643,1718125200000,-0.004241551174317711,-0.00924128382694083,-0.031598379410996004
UNIUSDT,1718215200000,2024,LONG,-0.016003716375734448,0.00939409639183752,1718218800000,-0.0222197851083972,0.003969440559840583,-0.02456087223798676
UNIUSDT,1718222400000,2024,SHORT,0.03577101415576652,-0.005309486149150942,1718226000000,-0.005317293692005055,-0.015372632534792706,0.010008676786221684
UNIUSDT,1718240400000,2024,LONG,-0.0024982164199752258,0.012662669876956,1718244000000,-0.023635527391576094,-0.005831506571939154,-0.008254526434841534
UNIUSDT,1718766000000,2024,SHORT,0.044314020050410595,-0.03695231588364029,1718769600000,0.022281266618787487,0.006535970979785645,0.042867900227175855
UNIUSDT,1718805600000,2024,LONG,-0.02209420034511246,0.032687864525804196,1718809200000,-0.0004998750416511535,0.007567496036107579,-0.00762519998423973
UNIUSDT,1718809200000,2024,SHORT,0.032687864525804196,-0.001583711639842344,1718812800000,-0.005982071677547469,-0.002696361547742533,0.006823225348125425
UNIUSDT,1719205200000,2024,LONG,-0.0317903530628142,0.0020160928706377556,1719208800000,0.00021722602453183663,-0.009495296443521234,-0.021964423515669716
UNIUSDT,1719255600000,2024,SHORT,0.0011649159915334104,-0.0015064704674739794,1719259200000,-0.00844266848551127,-0.0521972492513648,-0.06297586062039567
UNIUSDT,1719259200000,2024,LONG,-0.0015064704674739794,0.004584716587151423,1719262800000,0.012699290640494545,0.038811005226170946,0.04686647008469362
UNIUSDT,1719266400000,2024,SHORT,0.010074685505056781,-0.0018560436536893712,1719270000000,-0.02180247974597151,-0.014371504837653091,-0.03660652027950488
UNIUSDT,1719558000000,2024,LONG,-0.005654806576989588,0.0034219366696683143,1719561600000,-0.008765038426363654,-0.010888632343977305,-0.030748659246666424
UNIUSDT,1719561600000,2024,SHORT,0.0034219366696683143,-0.009294045681026408,1719565200000,-0.0004241781611851257,0.0065978743125348314,0.03838101488639283
UNIUSDT,1719579600000,2024,LONG,-0.010877875373814716,0.00402239038918878,1719583200000,-0.01152873571766397,-0.045267401649929914,-0.043935695760079795
UNIUSDT,1719583200000,2024,SHORT,0.00402239038918878,-0.011305891616175184,1719586800000,-0.005674229666808029,0.03318357293993892,0.03251786782271025
UNIUSDT,1719590400000,2024,LONG,-0.019461536218222195,0.0791854514183826,1719594000000,-0.01422373613488782,-0.006700744575315356,-0.013779637093504339
UNIUSDT,1719626400000,2024,SHORT,0.01237765504402273,-0.009375366070043753,1719630000000,-0.00232648418234376,0.004000894423366942,0.012163292287742685
UNIUSDT,1719763200000,2024,LONG,-0.00771258522437179,0.014622216579986535,1719766800000,0.00536311688819059,0.008414890373866876,0.03356128307973823
UNIUSDT,1719784800000,2024,SHORT,0.020070849004423706,-0.0043421035444392705,1719788400000,0.004724587334510566,-0.014041290153068197,0.004616962085523355
UNIUSDT,1719788400000,2024,LONG,-0.0043421035444392705,0.007414656214238194,1719792000000,0.007399100830325192,0.022456113105554128,-0.007888095360858988
UNIUSDT,1719795600000,2024,SHORT,0.005037182882262333,-0.040515277512811025,1719799200000,0.003058590160612789,0.009203979282738339,0.036133654886516424
UNIUSDT,1719828000000,2024,LONG,-0.002096433642251034,0.002427632707751179,1719831600000,-0.007888095360858988,-0.0115833500819649,-0.012345835822299379
UNIUSDT,1719936000000,2024,SHORT,0.020999712021957887,-0.0037071007914315484,1719939600000,-0.005721031925884937,-0.007397478253137368,0.007225954440177395
UNIUSDT,1720018800000,2024,LONG,-0.007560579960629766,0.016163903392288445,1720022400000,0.007500179392117876,-0.019531642473145622,-0.041019875266380235
UNIUSDT,1720058400000,2024,SHORT,0.006020166882981499,-0.030744686679563156,1720062000000,0.003252818963540162,0.01637094707760866,0.04250732054814865
UNIUSDT,1720141200000,2024,LONG,-0.008864137001801504,0.0013891732432822703,1720144800000,-0.08081851150058678,-0.055907964296766546,0.00039875058679484206
UNIUSDT,1720144800000,2024,SHORT,0.0013891732432822703,-0.022465848160054952,1720148400000,-0.0038846175027784447,-0.01289046780689646,-0.08785192507643885
UNIUSDT,1720306800000,2024,LONG,-0.002314173393167043,0.0029140903185987024,1720310400000,-0.010935785091570867,-0.011430100474844329,-0.027504211438803414
UNIUSDT,1720314000000,2024,SHORT,0.0032223702696519254,-0.0075015230925491614,1720317600000,-0.009226860071681636,0.01056107225532061,0.04022480131050887
UNIUSDT,1720317600000,2024,LONG,-0.0075015230925491614,0.03194261040855208,1720321200000,-0.009350461826983807,-0.01704376196329229,-0.0506103354738408
UNIUSDT,1720425600000,2024,SHORT,0.035357089106583674,-0.0019360125284039896,1720429200000,0.0064987047427716065,0.011555137789036668,0.02575037054804361
UNIUSDT,1720429200000,2024,LONG,-0.0019360125284039896,0.021316217235304143,1720432800000,-0.01587334915629012,-0.009767030724529422,-0.013875346493617068
UNIUSDT,1721142000000,2024,SHORT,0.004545707307186197,-0.08545288491178281,1721145600000,0.007950891180739746,0.014503517465894775,0.012314534468513228
UNIUSDT,1721214000000,2024,LONG,-0.012772821738361173,0.009411522196704655,1721217600000,0.0001234949059922284,-0.003959911126805117,-0.022481276514680584
UNIUSDT,1721217600000,2024,SHORT,0.009411522196704655,-0.00817546912535283,1721221200000,-0.008728311605058716,0.01894609830881054,0.010675374470919404
UNIUSDT,1721232000000,2024,LONG,-0.01361739701959971,0.07513689521194185,1721235600000,-0.0007553821333627334,0.008396565403526353,0.004269754069310304
UNIUSDT,1721404800000,2024,SHORT,0.027235280562767833,-0.02258590869698871,1721408400000,0.00325814824565311,0.0043884466391451655,-0.0016251019264997759
UNIUSDT,1721437200000,2024,LONG,-0.019883357158734502,0.013272989943446218,1721440800000,0.006183375117999766,0.01032624715356626,-0.0030425986960966747
UNIUSDT,1721444400000,2024,SHORT,0.013265018854837883,-0.0019429901111391284,1721448000000,-0.0063905987806317215,-0.00025138260564761027,-0.004765496854131796
UNIUSDT,1721451600000,2024,LONG,-0.0017815736591105561,0.01264812623676094,1721455200000,-0.0025084673883539353,-0.011971663363327441,0.0037509421322717766
UNIUSDT,1721462400000,2024,SHORT,0.009426702742261855,-0.00014365509439041838,1721466000000,0.0010136848308461204,-0.0003798670511017035,-0.01145891780407149
UNIUSDT,1721466000000,2024,LONG,-0.00014365509439041838,0.004583754864182785,1721469600000,0.0036697288889624017,-0.0015224565234551268,0.010592785050214023
UNIUSDT,1721480400000,2024,SHORT,0.011421842814863387,-0.003858385586254468,1721484000000,-0.005948255214630209,-0.016991158247219286,-0.014867352089439428
UNIUSDT,1721584800000,2024,LONG,-0.010027693535430406,0.004981795195376111,1721588400000,0.016638473632185114,0.038934969305914606,0.0070193638985876
UNIUSDT,1721588400000,2024,SHORT,0.004981795195376111,-0.006740678971701144,1721592000000,-0.015500310334100362,-0.0230381897079431,0.001765225524569081
UNIUSDT,1721595600000,2024,LONG,-0.01580135701983932,0.007508917767779052,1721599200000,0.0038259843030209947,-0.004958482949689213,-0.015326447911735153
UNIUSDT,1721599200000,2024,SHORT,0.007508917767779052,-0.02491010531928066,1721602800000,-0.0004925501885073949,0.00543412477158927,0.02368006959004752
UNIUSDT,1721718000000,2024,LONG,-0.044625285711825995,0.002261132462700311,1721721600000,0.02082872933185755,0.028813056647544497,0.006862200813075243
UNIUSDT,1721721600000,2024,SHORT,0.002261132462700311,-0.019812798806957927,1721725200000,0.0008909820483776735,-0.0030487828493585096,0.014739132572283258
UNIUSDT,1722110400000,2024,LONG,-0.011853491062131913,0.0480062280470213,1722114000000,0.010124697080809078,-0.004576667027411867,-0.01776947051197518
UNIUSDT,1722222000000,2024,SHORT,0.021200339261764442,-0.018164403027302767,1722225600000,-0.006075117243265221,-0.014927570973914969,-0.008263442760944222
UNIUSDT,1722268800000,2024,LONG,-0.001133161656711868,0.0016063955649940084,1722272400000,0.012567374058345607,0.007404073572282052,-0.003133980104943788
UNIUSDT,1722272400000,2024,SHORT,0.0016063955649940084,-0.003038233920268002,1722276000000,-0.0005149993676334774,0.006459970785526231,0.02213632055291426
UNIUSDT,1722290400000,2024,LONG,-0.000748722352564687,0.006066094307409805,1722294000000,-0.0005209690141272914,-0.005352842600358069,-0.012974430085413867
UNIUSDT,1722787200000,2024,SHORT,0.04362940649897191,-0.014511839901439996,1722790800000,0.009792799003393964,-0.018983839088774504,0.13026519483790144
UNIUSDT,1722790800000,2024,LONG,-0.014511839901439996,0.04496792365937862,1722794400000,0.012386077513904673,0.024620615182247185,-0.14327746190598414
UNIUSDT,1723028400000,2024,SHORT,0.0021379173381197215,-0.0029397638855562175,1723032000000,-0.002224314374176089,0.024799675532777538,0.031494556070904345
UNIUSDT,1723032000000,2024,LONG,-0.0029397638855562175,0.0013718907557748396,1723035600000,-0.008754669253725386,-0.02895737657124483,-0.02842971848143643
UNIUSDT,1723039200000,2024,SHORT,0.0031093494194248433,-0.01536929690093432,1723042800000,-0.005105195490820587,0.019425007110540585,-0.04570943144826464
UNIUSDT,1723053600000,2024,LONG,-0.021637465691902995,0.005636560267894575,1723057200000,0.009314056228415534,0.018542160756738618,0.07636768602903318
UNIUSDT,1723057200000,2024,SHORT,0.005636560267894575,-0.0003524299401172462,1723060800000,0.0008916630104816811,-0.00834299682641363,-0.050571108540426665
UNIUSDT,1723060800000,2024,LONG,-0.0003524299401172462,0.001572575701834606,1723064400000,0.0065795560556812195,0.014523811800539313,0.05619650820110738
UNIUSDT,1723064400000,2024,SHORT,0.001572575701834606,-0.01668149151509847,1723068000000,-0.003539200296683653,-0.038770609826511274,-0.048106160950748954
UNIUSDT,1723118400000,2024,LONG,-0.004206690519507355,0.0007488121756346077,1723122000000,-0.007942585058101395,0.020986779586556526,0.04573165274814802
UNIUSDT,1723122000000,2024,SHORT,0.0007488121756346077,-0.011697368274663488,1723125600000,-0.01615924742654904,-0.028109597113371767,-0.05320051910689813
UNIUSDT,1723154400000,2024,LONG,-0.02489367446154653,0.00283390185504788,1723158000000,-0.002386446125034821,-0.01957700520586668,-0.020711987086927335
UNIUSDT,1724943600000,2024,SHORT,0.0019946570418810797,-0.0010528118132534631,1724947200000,0.004366085861043747,0.029416386109744674,0.028726374007156108
UNIUSDT,1724997600000,2024,LONG,-0.007039087078008771,0.0019546136440351425,1725001200000,-0.005681344368349029,0.001715266286754946,0.008376833324663921
UNIUSDT,1725001200000,2024,SHORT,0.0019546136440351425,-0.008127815428546058,1725004800000,-0.0036185100221970013,-0.008251722943685242,-0.0044781335600457455
UNIUSDT,1725026400000,2024,LONG,-0.0012415728200996861,0.005644658159444254,1725030000000,-0.013961523945655462,0.03042059670071172,0.03144152583481888
UNIUSDT,1725091200000,2024,SHORT,0.016051335795043524,-0.0009102424869770762,1725094800000,-0.010315471533139097,-0.012164366924944435,-0.007113851138875921
UNIUSDT,1725094800000,2024,LONG,-0.0009102424869770762,0.04623716882300392,1725098400000,0.00016825103093460003,-0.005060739545830572,-0.001684069108017326
UNIUSDT,1725238800000,2024,SHORT,0.06459391550610093,-0.0020324846497059026,1725242400000,0.0008851908164086827,-0.0008844079465652395,-0.056086249194411006
UNIUSDT,1725249600000,2024,LONG,-0.0011214162010691946,0.010961377250499406,1725253200000,0.011737641427263764,0.0622438510387609,0.09107288532880964
UNIUSDT,1727391600000,2024,SHORT,0.01410056224205542,-0.010406642118844511,1727395200000,-0.0023096267314762706,-0.005561221521576946,-0.01310741014075324
UNIUSDT,1727402400000,2024,LONG,-0.022474806192652,0.018545203614875355,1727406000000,0.013755749758546432,0.009417936260152363,0.024920032776899755
UNIUSDT,1727748000000,2024,SHORT,0.04223944057334431,-0.005008339062073606,1727751600000,-0.019975530258752646,-0.039688268183005866,0.03342248327029247
UNIUSDT,1727751600000,2024,LONG,-0.005008339062073606,0.0028022176461373186,1727755200000,0.004573676708569006,0.015336926566226287,-0.06032996974928317
UNIUSDT,1728032400000,2024,SHORT,0.028014962357831255,-0.018441349045119907,1728036000000,0.00419225048783315,0.006746146565358105,-0.004472279368394498
UNIUSDT,1728054000000,2024,LONG,-0.00028789894222758824,0.01149337878325728,1728057600000,0.010215500784451858,0.005638833757040118,-0.005970166986503796
UNIUSDT,1728061200000,2024,SHORT,0.003263526598902551,-0.010359293134906742,1728064800000,-0.007113248724519639,0.00014873205946963784,-0.0077037418033839835
UNIUSDT,1728064800000,2024,LONG,-0.010359293134906742,0.0011518872991769537,1728068400000,-0.0020694759787907163,-0.008452634295688037,0.0032434054675033043
UNIUSDT,1728068400000,2024,SHORT,0.0011518872991769537,-0.001662505065607151,1728072000000,0.0028154423280182636,0.006383158316897358,0.0028154423280182636
UNIUSDT,1728075600000,2024,LONG,-0.002581900852012182,0.0023677710591631937,1728079200000,-0.0010418993277130704,-0.0004463953649010732,0.007558390929852507
UNIUSDT,1728133200000,2024,SHORT,0.007646712696547832,-0.018277700023327167,1728136800000,-0.002354673641302444,-0.014336114458996805,-0.008655522386372379
UNIUSDT,1728158400000,2024,LONG,-0.008269304311955479,0.010092985565177624,1728162000000,0.00458140164371339,0.00752604452527017,0.008995120740708493
UNIUSDT,1728162000000,2024,SHORT,0.010092985565177624,-0.0001747332233977218,1728165600000,-0.00866187607541408,-0.009392496404546627,-0.006027214129839673
UNIUSDT,1728176400000,2024,LONG,-0.006784982511738356,0.0002392247584060716,1728180000000,0.000292098731447367,-0.0058599640292795905,0.0008760403538798185
UNIUSDT,1728187200000,2024,SHORT,0.003577758214802702,-0.002852558315716051,1728190800000,-0.0013232377142127802,-0.002204424435940837,-0.017934431265077145
UNIUSDT,1728262800000,2024,LONG,-0.02280571483084727,0.01731294575647015,1728266400000,-0.006273032980387607,-0.014101130360799241,0.0012227431725189203
UNIUSDT,1728468000000,2024,SHORT,0.04765055273133894,-0.004972970025340576,1728471600000,0.00013805480797790144,0.011244652388852732,0.0012431799377196858
UNIUSDT,1728489600000,2024,LONG,-0.0016120916460876451,0.009468707372061512,1728493200000,0.010472742817725042,-0.012685748988515834,0.033508991834129656
UNIUSDT,1728496800000,2024,SHORT,0.005475732904995617,-0.0004727145665205512,1728500400000,-0.004538897827434613,0.0026226807772632963,-0.052760373201377574
UNIUSDT,1728504000000,2024,LONG,-0.0027420655459487863,0.01705513919797693,1728507600000,0.007268692891624541,0.016694878572170054,0.08508050170349366
UNIUSDT,1728658800000,2024,SHORT,0.020410461207743258,-0.017102714007688317,1728662400000,0.00833969958652984,0.005805165217446174,0.021623839245236084
UNIUSDT,1728676800000,2024,LONG,-0.010148166959886677,0.00652513427009998,1728680400000,0.002020202707275802,-0.010545806394633915,-0.005449604767564703
UNIUSDT,1728723600000,2024,SHORT,0.002705496355066917,-0.018019174979041666,1728727200000,-0.005792008133736409,-0.01167548257529651,-0.04518171565025092
UNIUSDT,1728784800000,2024,LONG,-0.021387220205348334,0.012663535601443288,1728788400000,0.00565079672795571,0.0032687984851550124,-0.015482542770696984
UNIUSDT,1728846000000,2024,SHORT,0.0024658250626181707,-0.0008988081392802961,1728849600000,0.002869816736114341,-0.00013025073284464068,-0.023176008347923115
UNIUSDT,1728853200000,2024,LONG,-0.002519112527815204,0.0025041413458132067,1728856800000,-0.007077355884686865,-0.0026154062247393433,0.03692253785769304
UNIUSDT,1728856800000,2024,SHORT,0.0025041413458132067,-0.00865161061316961,1728860400000,-0.009816190332306405,-0.0066854807572108614,-0.05002325239758256
UNIUSDT,1728961200000,2024,LONG,-0.0036722927422324927,0.0011609176851013162,1728964800000,0.0011098095966160613,-0.0073060816600430956,-0.03925526032621557
UNIUSDT,1729044000000,2024,SHORT,0.005335814436838513,-0.026639234672213522,1729047600000,-0.0031460417315739004,0.017290031531732836,0.025531128907033095
UNIUSDT,1729195200000,2024,LONG,-0.015332778077913068,0.038327820742337815,1729198800000,0.0020417893161545613,-0.00040885860876203157,0.019832015919311476
UNIUSDT,1729231200000,2024,SHORT,0.0034411971433875705,-0.009230426821287323,1729234800000,-0.002273792192115439,0.003756376834475657,0.002681685704710184
UNIUSDT,1729234800000,2024,LONG,-0.009230426821287323,0.0002974198584531832,1729238400000,0.00026720107039400004,-0.011692895806112541,-0.006299866690679948
UNIUSDT,1729242000000,2024,SHORT,0.006146000942505716,-0.006758788826576847,1729245600000,0.0002687810794301848,0.0030953527170419653,0.007553313494059264
UNIUSDT,1729252800000,2024,LONG,-0.01852101594324839,0.007401537925063876,1729256400000,0.007033709506712278,0.016157615547871727,0.017892452841588316
UNIUSDT,1729260000000,2024,SHORT,0.0030857410573301523,-0.006113292436458823,1729263600000,-0.010339132047717466,-0.005250062540246144,-0.017924503436973913
UNIUSDT,1729292400000,2024,LONG,-0.014961124779457805,0.0005093578118552867,1729296000000,0.004543640049872548,0.004943560071199584,-0.013077368707529867
UNIUSDT,1729296000000,2024,SHORT,0.0005093578118552867,-0.012916972491380489,1729299600000,0.003606495594111744,0.0032051309489483358,0.012882625831013718
UNIUSDT,1729299600000,2024,LONG,-0.012916972491380489,0.0045875202648817375,1729303200000,0.009323455923340713,0.008793022281411773,-0.007656696684598974
UNIUSDT,1729306800000,2024,SHORT,0.0062486863772745205,-0.05888014032624345,1729310400000,0.003738322110607104,0.0010666667678023466,0.008834216201045263
UNIUSDT,1729512000000,2024,LONG,-0.003411472117650058,0.004849997992902828,1729515600000,-0.015376761084819834,-0.00805657134654702,0.024686195773176992
UNIUSDT,1729548000000,2024,SHORT,0.0046838329909975945,-0.014485610708545338,1729551600000,0.00958045266089662,0.004331768781408481,-0.03141095376942106
UNIUSDT,1729555200000,2024,LONG,-0.0091878707185664,0.023492815111485054,1729558800000,0.010976498208480108,0.00868904010088137,0.033567820428921494
UNIUSDT,1729558800000,2024,SHORT,0.023492815111485054,-0.005862204357638186,1729562400000,0.005729215492977959,-0.007840202021789124,-0.015869350663721922
UNIUSDT,1729839600000,2024,LONG,-0.005577126150548499,0.015022149485192446,1729843200000,-0.0005081946494839106,0.021611596242016296,0.0013962050881436085
UNIUSDT,1729843200000,2024,SHORT,0.015022149485192446,-0.019653316904224827,1729846800000,-0.0019046415509585827,-0.017137516194674223,0.009064856199349864
UNIUSDT,1729854000000,2024,LONG,-0.0026821826099187895,0.002212812437522465,1729857600000,-0.005109363722859656,-0.0027383636728276588,-0.07992877175718724
UNIUSDT,1729857600000,2024,SHORT,0.002212812437522465,-0.015243878126597759,1729861200000,-0.010810916104215676,-0.014511882578786963,0.0718616215273477
UNIUSDT,1729875600000,2024,LONG,-0.015949611830959835,0.004856699051875294,1729879200000,-0.007975230574369947,-0.01665539740563659,-0.03816717677814456
UNIUSDT,1729886400000,2024,SHORT,0.021438954415118335,-0.0038453394084046193,1729890000000,-0.0002564431351403711,0.04578749536626633,0.03245218640291777
UNIUSDT,1729890000000,2024,LONG,-0.0038453394084046193,0.002803992456873051,1729893600000,-0.00811076219736792,-0.04296666135469687,-0.02374422285929692
UNIUSDT,1729904400000,2024,SHORT,0.010740841680820326,-0.020425697483323367,1729908000000,-0.026418125983495026,-0.021583095329373757,0.0032175922651556674
UNIUSDT,1729994400000,2024,LONG,-0.019902665157143812,0.005390797490566253,1729998000000,0.02339056094112256,0.012490196922155118,-0.013596494035046631
UNIUSDT,1729998000000,2024,SHORT,0.005390797490566253,-0.0005777358719982365,1730001600000,0.005894312697083276,0.007077355884686865,0.022318522955695454
UNIUSDT,1730001600000,2024,LONG,-0.0005777358719982365,0.04460934851430043,1730005200000,-0.00566573753567742,-0.010168460015405233,-0.00566573753567742
UNIUSDT,1730023200000,2024,SHORT,0.014622798530866071,-0.002503117487485302,1730026800000,-0.002017621237271404,0.0066194095126754435,-0.015895612854959447
UNIUSDT,1730026800000,2024,LONG,-0.002503117487485302,0.01006683972429863,1730030400000,-0.0009410500123124384,0.006162109250860277,0.012153738919126817
UNIUSDT,1730030400000,2024,SHORT,0.01006683972429863,-0.001053800885625227,1730034000000,0.004717943643868285,-0.017595761890379442,-0.015346934962090959
UNIUSDT,1730080800000,2024,LONG,-0.007329150820231482,0.008233880092223514,1730084400000,-0.00970750511164145,-0.012964394949429418,0.00987992015283824
UNIUSDT,1730084400000,2024,SHORT,0.008233880092223514,-0.003507546167236318,1730088000000,-0.002841487602948286,-0.01799430853939609,-0.014928661353364597
UNIUSDT,1730088000000,2024,LONG,-0.003507546167236318,0.006791737753138077,1730091600000,-0.0002702702719153939,0.011553057033218813,0.009815204847962842
UNIUSDT,1730098800000,2024,SHORT,0.011885079824386535,-0.00013191621520819885,1730102400000,0.0034666701384753387,-0.00039922816419524335,-0.01309109604687942
UNIUSDT,1730102400000,2024,LONG,-0.00013191621520819885,0.016469394205525498,1730106000000,0.006656041612784573,0.00890904104171695,0.021929544579235696
UNIUSDT,1730113200000,2024,SHORT,0.01016321238047708,-0.00496329769543306,1730116800000,-0.0050431427390462925,0.003331781585473016,-0.034907786426032344
UNIUSDT,1730214000000,2024,LONG,-0.0031880388420038905,0.0019740706557501704,1730217600000,0.014663390022873472,0.006473336052829025,0.013407739430974706
UNIUSDT,1730386800000,2024,SHORT,0.007402124220666048,-0.0031961570606593927,1730390400000,0.001038826219898721,0.026699817112383475,-0.0012970170430450251
UNIUSDT,1730408400000,2024,LONG,-0.02895247471417634,0.010647877364657355,1730412000000,0.002875818975461097,0.0014389432792217595,0.0222662920689376
UNIUSDT,1730419200000,2024,SHORT,0.0059584735028092705,-0.004593616816053728,1730422800000,0.0027413371387148278,-0.012179471623491095,-0.03345822568039035
UNIUSDT,1730422800000,2024,LONG,-0.004593616816053728,0.01664616161476864,1730426400000,0.011954404317011762,0.01492080876220587,0.04160600083246365
UNIUSDT,1730426400000,2024,SHORT,0.01664616161476864,-0.017282925350251957,1730430000000,0.0034935663403321683,-0,-0.03440517064047717
UNIUSDT,1730444400000,2024,LONG,-0.012260124233802102,0.004676794121669773,1730448000000,0.010541298278898405,0.006954310061912688,-0.018521463328281824
UNIUSDT,1730455200000,2024,SHORT,0.00010241195976491243,-0.003704215288000427,1730458800000,0.0003849361695058524,-0.02758272028619374,0.029421544182709425
UNIUSDT,1730476800000,2024,LONG,-0.008754905447021386,0.006107647262155839,1730480400000,-0.006336910956614513,-0.017163339015259196,-0.027180557351246602
UNIUSDT,1730480400000,2024,SHORT,0.006107647262155839,-0.02873469746013098,1730484000000,0.008598281216378113,0.013319601461960902,0.024556417428980428
UNIUSDT,1730509200000,2024,LONG,-0.024502635738340845,0.00803554745596684,1730512800000,-0.008489569698142806,-0.021958676001899123,-0.04781522015148362
UNIUSDT,1730541600000,2024,SHORT,0.010531146523151274,-0.007630650657668136,1730545200000,0.002022245380767698,0.009200443738635922,0.011786358755672976
UNIUSDT,1730566800000,2024,LONG,-0.01092426340475338,0.002160500280824451,1730570400000,0.002310254475931185,0.0043442913830614984,-0.02758795651882894
UNIUSDT,1730570400000,2024,SHORT,0.002160500280824451,-0.0009402073930751545,1730574000000,-0.003117167259433906,0.0039442417675861685,0.023207358043837494
UNIUSDT,1730577600000,2024,LONG,-0.0029393658878344806,0.0051019184699890785,1730581200000,-0.0009478031987037968,-0.002846108853504828,-0.03162210139246269
UNIUSDT,1730599200000,2024,SHORT,0.02152197126841466,-0.013926723150880496,1730602800000,-0.00013911108042183873,-0.001390240735526418,0.03612034896095921
UNIUSDT,1730602800000,2024,LONG,-0.013926723150880496,0.04124758998003637,1730606400000,0.0029164662016670662,-0.005718684948240566,-0.031219429276573497
UNIUSDT,1730721600000,2024,SHORT,0.0013457843449655945,-0.013712214411851272,1730725200000,0.008242400795487955,0.022132528349002898,0.015382686140939511
UNIUSDT,1730746800000,2024,LONG,-0.006090835198919567,0.0050148766043280205,1730750400000,-0.004543796751295143,-0.008665692768281046,0.014662380700302203
UNIUSDT,1730757600000,2024,SHORT,0.008772120295753114,-0.0007508576920095374,1730761200000,-0.004583433765106677,-0.012371291802546829,-0.02675793825212568
UNIUSDT,1730761200000,2024,LONG,-0.0007508576920095374,0.029506828935562533,1730764800000,0.008518189264805364,0.010709410651382293,0.028211846301155207
UNIUSDT,1730804400000,2024,SHORT,0.012468397773246338,-0.0066281227271822426,1730808000000,-0.012822515048199375,-0.01480243366981219,-0.030919382631759678
UNIUSDT,1730808000000,2024,LONG,-0.0066281227271822426,0.07256093835048052,1730811600000,-0.0045409472097608814,0.01865542566150152,0.07169816164598267
UNIUSDT,1730815200000,2024,SHORT,0.00590657589391627,-0.012850569488935787,1730818800000,0.011099516833188793,0.0008386916902016027,-0.09598316579225379
UNIUSDT,1730818800000,2024,LONG,-0.012850569488935787,0.014657308972410235,1730822400000,0.016392661296234512,-0.009937617273864375,0.15247430121950992
UNIUSDT,1730822400000,2024,SHORT,0.014657308972410235,-0.0006476167460031516,1730826000000,0.004316653642905098,0.005573373769206809,-0.16698995332215794
UNIUSDT,1730826000000,2024,LONG,-0.0006476167460031516,0.005345312237039401,1730829600000,-0.002095411816503219,-0.00826740503800395,0.22197066168269675
UNIUSDT,1730851200000,2024,SHORT,0.033813945830672654,-0.06985361370988556,1730854800000,-0.007222144187979207,-0.11408617377505749,-0.18269488368990505
UNIUSDT,1730862000000,2024,LONG,-0.02034417500991607,0.04585349522641357,1730865600000,0.031047269836262967,0.0720526690536033,0.11922394839382153
UNIUSDT,1731639600000,2024,SHORT,0.01980763501767745,-0.001562096501002443,1731643200000,0.033361321389388535,0.011327380411773268,0.022158485362459495
UNIUSDT,1731650400000,2024,LONG,-0.032337672391852035,0.016255228633769516,1731654000000,-0.007033158734046916,0.019361335388895166,0.010640349883450527
UNIUSDT,1731664800000,2024,SHORT,0.018792036073555774,-0.019368802579086093,1731668400000,-0.002168414293823735,0.02231663861111292,-0.02782912376948541
UNIUSDT,1731693600000,2024,LONG,-0.004492887593177012,0.007066121848053724,1731697200000,0.009565974744313166,0.0366717711766557,0.0634048333737244
UNIUSDT,1731700800000,2024,SHORT,0.0002930358985624534,-0.020456320759186936,1731704400000,-0.0003540867549536221,-0.00752679079699013,-0.03810315603474691
UNIUSDT,1731729600000,2024,LONG,-0.00030957671247348943,0.015970056215123773,1731733200000,0.011048577565819355,0.00787181065549025,0.03643718050670619
UNIUSDT,1731808800000,2024,SHORT,0.005874447260300708,-0.0005895352104343508,1731812400000,-0.00986906087425346,-0.03703919896750985,-0.015048086185983174
UNIUSDT,1731812400000,2024,LONG,-0.0005895352104343508,0.03760691799112323,1731816000000,0.01490307150162932,0.021554243344027224,0.0032685292553317298
UNIUSDT,1732118400000,2024,SHORT,0.07856996949485823,-0.0053167772695358936,1732122000000,0.013221072452366197,0.00022647491887094876,0.00022647491887094876
UNIUSDT,1732125600000,2024,LONG,-0.005775814477718717,0.007867838973882513,1732129200000,-0.0025339797019038783,0.014730497585820602,0.016089809077407514
ZECUSDT,1672678800000,2023,LONG,-0.027039429200080702,0.03632170927769146,1672682400000,-0.005352376738591954,0.017886860553455026,0.011876324051312776
ZECUSDT,1672981200000,2023,SHORT,0.03849198299906076,-0.005252551168923279,1672984800000,0.004816842879058576,0.004562745558418173,-0.03210428758901362
ZECUSDT,1673017200000,2023,LONG,-0.034186268232639615,0.024180131275784007,1673020800000,0,0.011406506392447871,0.002437836409687496
ZECUSDT,1673161200000,2023,SHORT,0.010127727539410913,-0.0038141573075002127,1673164800000,-0.0007202016875939115,0.00941013096607814,0.006263571429371124
ZECUSDT,1673168400000,2023,LONG,-0.0006555769518274119,0.006342457456999787,1673172000000,-0.00507186209796034,-0.00507186209796034,0.00720118330352635
ZECUSDT,1673175600000,2023,SHORT,0.011729986885295326,-0.005806158598494315,1673179200000,0.00048508368644622644,-0.009652584598008973,-0.03596053623400995
ZECUSDT,1674147600000,2023,LONG,-0.003343330507616095,0.0026249807107997453,1674151200000,0.00803586002610088,0.03109293932213595,0.029079741013283398
ZECUSDT,1674151200000,2023,SHORT,0.0026249807107997453,-0.028548172993136195,1674154800000,-0.024396963373222634,-0.020595952648226355,-0.020371913216349517
ZECUSDT,1674169200000,2023,LONG,-0.004026941561537646,0.001862967512825153,1674172800000,0.004044040559736945,0.01097066863336511,0.011415904615787151
ZECUSDT,1674172800000,2023,SHORT,0.001862967512825153,-0.01320233279748978,1674176400000,-0.008708327891784193,-0.003358337422598209,-0.018442918038027105
ZECUSDT,1674180000000,2023,LONG,-0.033772345693605745,0.021974968985033764,1674183600000,0.0028988759290377443,-0.003355332529430206,0.014851209452879044
ZECUSDT,1674205200000,2023,SHORT,0.014682097303094634,-0.0030892853251307567,1674208800000,-0.0044682826800504965,-0.01467018974779384,-0.0756581742301177
ZECUSDT,1674219600000,2023,LONG,-0.015849182782944043,0.01964755497388452,1674223200000,0.0030850619444410875,0.0516132608489688,0.08094208750151013
ZECUSDT,1674226800000,2023,SHORT,0.018686773740485527,-0.019481021077086914,1674230400000,-0.004518566052825399,-0.027859324353724867,-0.047793539254542175
ZECUSDT,1674230400000,2023,LONG,-0.019481021077086914,0.02046891530693558,1674234000000,0.023540478396415387,0.03686568076770318,0.03355098952064119
ZECUSDT,1674234000000,2023,SHORT,0.02046891530693558,-0.024362268351359347,1674237600000,0.0014682750409162376,-0.009595401114113855,-0.006684796148717315
ZECUSDT,1674237600000,2023,LONG,-0.024362268351359347,0.03398552616505296,1674241200000,0.0008392782699949171,0.005233969867418565,0.012308489593781115
ZECUSDT,1674244800000,2023,SHORT,0.033546298471083646,-0.017551778086911732,1674248400000,0.0037298012571738925,0.0031072008427487155,-0.0049515265185083425
ZECUSDT,1674266400000,2023,LONG,-0.03869587188186775,0.032885546432187676,1674270000000,-0.006353131318607825,-0.014818134895638956,-0.004299320779459272
ZECUSDT,1674349200000,2023,SHORT,0.014474174699855026,-0.0055015283916805486,1674352800000,0.006654214613455039,-0.0004144218874066633,-0.0024839590498968384
ZECUSDT,1676872800000,2023,LONG,-0.013867293545925342,0.005716093055188404,1676876400000,0.011654452900937227,0.005942965193549172,-0.011389872357344677
ZECUSDT,1676894400000,2023,SHORT,0.016397972890859033,-0.009490721557414435,1676898000000,0.0005995803117564442,-0.008158437451682106,-0.0029925209364539294
ZECUSDT,1678860000000,2023,LONG,-0.06506845054467378,0.0186446701288049,1678863600000,0.011999053153916996,-0.016318990277680426,-0.08768500449910409
ZECUSDT,1678867200000,2023,SHORT,0.006433330320349741,-0.012448955017209062,1678870800000,0.01917341671770155,0.029737874161104044,0.09976937475113125
ZECUSDT,1678892400000,2023,LONG,-0.02626026777039469,0.001910329196901515,1678896000000,-0.0360182991891561,-0.02205752616140389,-0.017246933601054327
ZECUSDT,1678899600000,2023,SHORT,0.010101143406129946,-0.03840775271587303,1678903200000,-0.007515441957146407,-0.007215906235272266,-0.010207233622857642
ZECUSDT,1679922000000,2023,LONG,-0.07556140382351711,0.012642488271816995,1679925600000,-0.03851356774115173,-0.0576313836259969,-0.028814170652438093
ZECUSDT,1679925600000,2023,SHORT,0.012642488271816995,-0.00939522698064085,1679929200000,0.004746623458914823,0.007268692891624585,-0.0030593821665505887
ZECUSDT,1679994000000,2023,LONG,-0.0036897275115931106,0.0069779104932851735,1679997600000,0.0008376379102079184,0.00027929060368689146,0.015796365592243098
ZECUSDT,1679997600000,2023,SHORT,0.0069779104932851735,-0.01454056090809931,1680001200000,-0.008891417287911173,-0.0016731738426535372,-0.01468373799241574
ZECUSDT,1680858000000,2023,LONG,-0.010367339848556893,0.008996133778709673,1680861600000,0.0024275129924783713,0.00860451665330498,0.009674894063500935
ZECUSDT,1680868800000,2023,SHORT,0.0005861294404513131,-0.011798355275045753,1680872400000,-0.008874604433474856,-0.00940993635204093,-0.012082305660244359
ZECUSDT,1680962400000,2023,LONG,-0.0042612438338361395,0.01275906292434594,1680966000000,-0.00026024723634190467,-0.002605525184288888,0.0033770651655924476
ZECUSDT,1681038000000,2023,SHORT,0.013176231939564138,-0.0023909528342910278,1681041600000,-0.007533481531051953,0.003395589001138272,-0.034596659879879525
ZECUSDT,1681041600000,2023,LONG,-0.0023909528342910278,0.019826629076005197,1681045200000,-0.005189425242225608,0.0046475683965468756,0.020492520390117386
ZECUSDT,1681077600000,2023,SHORT,0.00693673012830422,-0.002409234485034536,1681081200000,0.005275731367497597,0.01973748283832132,0.030528954471085622
ZECUSDT,1681081200000,2023,LONG,-0.002409234485034536,0.016720921637054985,1681084800000,-0.0065706579587102455,-0.011909427471683639,-0.0291357179507999
ZECUSDT,1681138800000,2023,SHORT,0.0038500350719212336,-0.00011321822825551814,1681142400000,-0.013152994262598765,-0.011871107149489746,-0.02436330274483073
ZECUSDT,1681178400000,2023,LONG,-0.028063170908955083,0.015076142746050956,1681182000000,-0.0012659832049114513,0.0050479662973046315,0.009318793037648066
ZECUSDT,1681214400000,2023,SHORT,0.021059555421764315,-0.0016691924499836017,1681218000000,-0.005580937874825202,-0.013894375350879631,-0
ZECUSDT,1681221600000,2023,LONG,-0.00016642432986921065,0.0016138022491324411,1681225200000,0.006993035490970604,0.0012523483164660952,-0.03831886430213666
ZECUSDT,1681272000000,2023,SHORT,0.014917179229217275,-0.013883435458774128,1681275600000,0.004668058269227232,-0.0025839807659250678,-0.014129971762986073
ZECUSDT,1681282800000,2023,LONG,-0.0016620952556176344,0.002314017800434718,1681286400000,-0.0002580312232094097,-0.001290822433008724,0.009756174945364656
ZECUSDT,1681286400000,2023,SHORT,0.002314017800434718,-0.049740098324361805,1681290000000,0.004915286057011051,-0.00617444719514992,-0.011801060504884308
ZECUSDT,1681344000000,2023,LONG,-0.0009135184716645297,0.011415067468783601,1681347600000,0.004030232155421456,0.009795381598738733,0.04225458725323611
ZECUSDT,1681372800000,2023,SHORT,0.015078085643430526,-0.0036319018803793028,1681376400000,0.00629237313331477,0.0028992530576630814,0.0009654840238282731
ZECUSDT,1681376400000,2023,LONG,-0.0036319018803793028,0.040294139419343816,1681380000000,-0.0019441075382022855,0.005326889109486393,0.0012131507007699974
ZECUSDT,1681506000000,2023,SHORT,0.01456193287081178,-0.00045983694378198603,1681509600000,-0.0011844132617587948,0.018902345304978623,-0.01622229062629935
ZECUSDT,1681509600000,2023,LONG,-0.00045983694378198603,0.0025606110568596532,1681513200000,-0.0026075634070808302,-0.020811658924686043,0.009425140459583113
ZECUSDT,1681545600000,2023,SHORT,0.011123303383736195,-0.00321230181695738,1681549200000,-0.010785567626010274,-0.004234304138788385,-0.007749246246232716
ZECUSDT,1681563600000,2023,LONG,-0.001850340663981265,0.03483587641270249,1681567200000,0.006631952303751207,0.009460808504228889,0.01134227660393451
ZECUSDT,1681570800000,2023,SHORT,0.015026542751531506,-0.00041997286990181997,1681574400000,0.001405810915687106,0.005870628578265071,0.009409620121399034
ZECUSDT,1681574400000,2023,LONG,-0.00041997286990181997,0.023004575517698946,1681578000000,-0.0039938970040047286,0.0023419214450811246,-0.0030527204639407995
ZECUSDT,1681905600000,2023,SHORT,0.015856979413556998,-0.019939561969066787,1681909200000,-0.0007648183929220497,0.009996238563376125,0.01749465766617401
ZECUSDT,1681945200000,2023,LONG,-0.022871688695471272,0.023647757765627393,1681948800000,0.010698079852064963,0.008879661374632334,0.003927220651609646
ZECUSDT,1681952400000,2023,SHORT,0.01816788408282012,-0.02868493599700578,1681956000000,0.011717358380588416,0.0101470884949894,-0.00155199203423147
ZECUSDT,1682244000000,2023,LONG,-0.008610538288962256,0.059640753832859474,1682247600000,0.0016064260482737947,-0.008881770134780422,-0.011046858937235967
ZECUSDT,1682269200000,2023,SHORT,0.0014878057875141971,-0.006494861004422579,1682272800000,0.019573333356724218,0.0002730375443584452,-0.008968669982760316
ZECUSDT,1682452800000,2023,LONG,-0.003693685826773255,0.009849975707917591,1682456400000,0.01670747567105846,0.008927423014103623,0.019109718918910733
ZECUSDT,1682456400000,2023,SHORT,0.009849975707917591,-0.029683986274995383,1682460000000,0.007241549682175483,0.009127580148289292,-0.0008013891172850249
ZECUSDT,1682474400000,2023,LONG,-0.009078005038683376,0.013533568307505218,1682478000000,-0.0056841403549895845,-0.006770506567210602,0.041760824936094086
ZECUSDT,1682488800000,2023,SHORT,0.005974755294296609,-0.0004517081211357108,1682492400000,0.005449604767564591,-0.030508119331982917,-0.03471643695777024
ZECUSDT,1682492400000,2023,LONG,-0.0004517081211357108,0.008175651335641208,1682496000000,0.024832585062680414,0.034120166750061326,-0.021827085624460986
ZECUSDT,1682496000000,2023,SHORT,0.008175651335641208,-0.019369570328522004,1682499600000,0.0018674141747954732,-0.023443718219789234,0.034158918811319085
ZECUSDT,1682611200000,2023,LONG,-0.030439165957476214,0.022252498167799513,1682614800000,-0.0007852375747021967,-0.002095338639853948,-0.004457854504432184
ZECUSDT,1682658000000,2023,SHORT,0.0028482917025093686,-0.0056231210950945885,1682661600000,-0.0002636783139865524,0.00264061415650967,0.00502314341060214
ZECUSDT,1685275200000,2023,LONG,-0.0022272517959264337,0.005740906013815011,1685278800000,0.00785977444013901,0.00785977444013901,0.03430612334095484
ZECUSDT,1685296800000,2023,SHORT,0.0050506304752020465,-0.01294723879841344,1685300400000,0.0002974862434552333,-0.020315728889888876,-0.011533471038634592
ZECUSDT,1687172400000,2023,LONG,-0.033494412119579375,0.02694046915986124,1687176000000,0.004189684285150162,0.0030487828493587312,0.0015255533088371917
ZECUSDT,1687222800000,2023,SHORT,0.0040229893546267275,-0.010743387889448518,1687226400000,-0.010202242279435527,-0.009826231746710533,0.007624893975696865
ZECUSDT,1687230000000,2023,LONG,-0.012907338522777994,0.019594425104831413,1687233600000,0.002253098962909259,-0.007168489478612628,-0.01553355726803283
ZECUSDT,1687280400000,2023,SHORT,0.011364053892014933,-0.010499978265359488,1687284000000,-0.013330991557745689,-0.005735056820330095,-0.042048236243499404
ZECUSDT,1687561200000,2023,LONG,-0.011391295686050979,0.013730446614596025,1687564800000,-0.006632944548859517,0.020321002338480713,0.01622123574877089
ZECUSDT,1687572000000,2023,SHORT,0.006585805004160881,-0.008793115857847872,1687575600000,-0.009248224847222816,-0.005490748180416591,-0.012651904103244616
ZECUSDT,1687590000000,2023,LONG,-0.006339536735201715,0.040581986213197724,1687593600000,-0.0006939625538736565,0.01309460474933884,-0.005216495918891212
ZECUSDT,1687604400000,2023,SHORT,0.027337273209446535,-0.013706765776881413,1687608000000,-0.006823636166253984,0.024256213475068913,-0.006483557944986157
ZECUSDT,1687622400000,2023,LONG,-0.0048524263720763645,0.004351344007327614,1687626000000,0.005598335125421055,0.014629310015959096,0.06091353776454098
ZECUSDT,1687629600000,2023,SHORT,0.002187565891761419,-0.006922129216327688,1687633200000,-0,-0.00660297794342412,-0.07972080198912126
ZECUSDT,1687687200000,2023,LONG,-0.016446233516172276,0.02416372683522652,1687690800000,-0.008257685238981577,-0.02127739844728485,-0.002964917342464225
ZECUSDT,1687705200000,2023,SHORT,0.019833346446508113,-0.011363660672100467,1687708800000,-0.005591200225992405,0.010276901321895153,0.012612181782688593
ZECUSDT,1687784400000,2023,LONG,-0.03027292748718497,0.023848822978960002,1687788000000,-0.013937507843781512,-0.045367277755084576,-0.03749838469317358
ZECUSDT,1687791600000,2023,SHORT,0.011461155566211901,-0.014901673267219107,1687795200000,0.0315951490223968,0.0411394044578511,0.032906194769019875
ZECUSDT,1688025600000,2023,LONG,-0.032673010844333134,0.009510496743793711,1688029200000,-0.0016570012076295693,-0.0003311806620764219,-0.028890151665988285
ZECUSDT,1688065200000,2023,SHORT,0.000943523965592994,-0.007643149183148305,1688068800000,0.0020429016298001822,-0.0064417920674823955,-0.10208986678970365
ZECUSDT,1688130000000,2023,LONG,-0.03765911644941092,0.009599285929005809,1688133600000,0.011503313541101465,0.0738175699446242,0.06769956105823915
ZECUSDT,1688133600000,2023,SHORT,0.009599285929005809,-0.018435584142767324,1688137200000,0.0003090712433813255,-0.03581566420477183,-0.04027796522817045
ZECUSDT,1688184000000,2023,LONG,-0.05429021157112179,0.02423121908235061,1688187600000,0.0008978004493525883,0.0074571561080819995,0.02015480197846034
ZECUSDT,1688198400000,2023,SHORT,0.024600321754678384,-0.000587390597018316,1688202000000,0.004170396273726586,0.0008921933677330413,-0.021468255756995177
ZECUSDT,1688202000000,2023,LONG,-0.000587390597018316,0.004219412912947158,1688205600000,-0.010505874807696438,0.011577982977740544,0.020101179321087303
ZECUSDT,1688220000000,2023,SHORT,0.0062255798107083106,-0.004559825175603626,1688223600000,0.004964238549231611,0.0026250561960592437,0.03437375451063956
ZECUSDT,1688223600000,2023,LONG,-0.004559825175603626,0.0018853004572931778,1688227200000,-0.0023446669592541345,0.003214966966148436,-0.041236795604685364
ZECUSDT,1688227200000,2023,SHORT,0.0018853004572931778,-0.006850872729867677,1688230800000,0.004705891037412505,-0.008473388900627531,0.026160826038671935
ZECUSDT,1688230800000,2023,LONG,-0.006850872729867677,0.0015059298823900022,1688234400000,0.009684595135994288,0.007638109989653475,-0.025083429143845697
ZECUSDT,1688234400000,2023,SHORT,0.0015059298823900022,-0.0005010685725564095,1688238000000,-0.0005837711782832731,0.00850320326508771,0.03415328232521706
ZECUSDT,1688238000000,2023,LONG,-0.0005010685725564095,0.0028010101943232355,1688241600000,0.002913754975224817,-0.007321748918801725,-0.017366146512391583
ZECUSDT,1688281200000,2023,SHORT,0.03307549034594651,-0.0007589029348187429,1688284800000,0.012853263185735684,0.0056589875517086986,0.03752331285375662
ZECUSDT,1688284800000,2023,LONG,-0.0007589029348187429,0.0037796302901346676,1688288400000,0.005101286381417502,0.001803426999150505,-0.025286952833791607
ZECUSDT,1688288400000,2023,SHORT,0.0037796302901346676,-0.011440534338389234,1688292000000,-0,0.013253206035794995,0.03161357491775861
ZECUSDT,1688295600000,2023,LONG,-0.001738004844481956,0.0017287071240575519,1688299200000,-0.0056894898197151714,-0.014436340941011724,-0.021428313490429663
ZECUSDT,1688324400000,2023,SHORT,0.019846324287247048,-0.022087388524283543,1688328000000,0.00030849915407422896,-0.011043057008153537,-0.0375346724551298
ZECUSDT,1688364000000,2023,LONG,-0.02266572769151702,0.010207914483095612,1688367600000,0.006258402188422245,0.0029850768434532774,-0.002094868340548393
ZECUSDT,1688371200000,2023,SHORT,0.010222361348402825,-0.03087064264044179,1688374800000,0.008274278885469766,0.012437234644780411,0.013033359848723084
ZECUSDT,1688551200000,2023,LONG,-0.040611188331622285,0.01305777250217005,1688554800000,-0.008198011603603412,-0.02977049685773123,-0.042625353290871956
ZECUSDT,1688576400000,2023,SHORT,0.012384915723366223,-0.006001827333568935,1688580000000,0.009737787015201527,0.0075306286227259,0.003130872939460369
ZECUSDT,1688641200000,2023,LONG,-0.014603369362848177,0.012047994343065367,1688644800000,-0.01297916860451379,-0.03276935429846373,-0.07059510178263477
ZECUSDT,1688644800000,2023,SHORT,0.012047994343065367,-0.0010527635128422632,1688648400000,0.014726883737403208,0.027113893002837584,0.05268576707026242
ZECUSDT,1688648400000,2023,LONG,-0.0010527635128422632,0.006862779417790886,1688652000000,-0.023312567815619984,-0.0047460933892555695,-0.02687301825109634
ZECUSDT,1688652000000,2023,SHORT,0.006862779417790886,-0.008906508039120103,1688655600000,-0.01824926585907324,-0.024574397636042133,-0.0025814793296836925
ZECUSDT,1689170400000,2023,LONG,-0.00036590082316979026,0.0008707968394365388,1689174000000,-0.010669521281263208,-0.010669521281263208,-0.00342935864211781
ZECUSDT,1689195600000,2023,SHORT,0.00690686170179011,-0.01242906025690497,1689199200000,-0.006243516639685241,-0.014850903228751211,-0.055823726277822824
ZECUSDT,1689235200000,2023,LONG,-0.024010632031291494,0.004078799860711864,1689238800000,0.01091822260387323,0,0.05343670422542753
ZECUSDT,1689238800000,2023,SHORT,0.004078799860711864,-0.014375667023500878,1689242400000,0.002965894413378288,0.002635915858990032,-0.04911916565290636
ZECUSDT,1689242400000,2023,LONG,-0.014375667023500878,0.04305733389158519,1689246000000,-0.0036357666888878577,-0.008282306744883314,0.06945465861129718
ZECUSDT,1689256800000,2023,SHORT,0.008549432456230587,-0.010748706957376297,1689260400000,-0.010585609928263988,-0.04264275030444883,-0.09540087315505277
ZECUSDT,1689300000000,2023,LONG,-0.023567793722574157,0.05905722016606804,1689303600000,-0.0015126307527922151,-0.010636781642401422,-0.022933278418148895
ZECUSDT,1689483600000,2023,SHORT,0.010393069283444153,-0.011778919109248505,1689487200000,0.002576490958304783,0.00032169857121575496,-0.0035318707447741533
ZECUSDT,1689649200000,2023,LONG,-0.007767452764102219,0.004983028898652579,1689652800000,-0.0003121585790916413,-0.019858808649603286,-0.026246565917470304
ZECUSDT,1689663600000,2023,SHORT,0.0019455480063029719,-0.021408101815741765,1689667200000,-0.00254372156237812,0.014430264829028783,0.017341475036487215
ZECUSDT,1689876000000,2023,LONG,-0.011641828652524736,0.001250015731276305,1689879600000,0.003901175298818268,0.010691823867137323,0.023500196216324726
ZECUSDT,1689883200000,2023,SHORT,5.57306422632583e-05,-0.005644150626821686,1689886800000,-0.011314166272102319,-0.011635554672747541,-0.01356171899218728
ZECUSDT,1690023600000,2023,LONG,-0.0036520101110640397,0.00020799978292857825,1690027200000,-0.0072888929895426535,0.00031570639567652926,-0.010155593471618742
ZECUSDT,1690034400000,2023,SHORT,0.014344981631101327,-0.0045720882069083405,1690038000000,-0.0037950709685515343,-0.0006335128498225626,0.00031690699045123035
ZECUSDT,1690192800000,2023,LONG,-0.015683519226511136,0.003324237479582712,1690196400000,-0.007471205777539467,-0.007145207404644255,-0.03055930257512797
ZECUSDT,1690250400000,2023,SHORT,0.026403968716025794,-0.00502817603151085,1690254000000,0.005342249767220521,0.005342249767220521,0.004338401598598242
ZECUSDT,1690437600000,2023,LONG,-0.0003227709675054918,0.0014005562180003383,1690441200000,0.00465117117573088,0.005313861723508567,-0.00903167203034782
ZECUSDT,1690441200000,2023,SHORT,0.0014005562180003383,-0.0047988572367329944,1690444800000,-0.007594555241206185,-0.0019867556203970187,0.01368284320607857
ZECUSDT,1690743600000,2023,LONG,-0.02633152703689083,0.002791774759031815,1690747200000,0.005759799084633379,0.015174798019235132,0.023174840686311527
ZECUSDT,1690747200000,2023,SHORT,0.002791774759031815,-0.0029906052742063247,1690750800000,-0.0010126583143861855,-0.017077260818193024,-0.02270548292564609
ZECUSDT,1690876800000,2023,LONG,-0.0025138472096183427,0.0017466190561457584,1690880400000,-0.002012073113420231,-0.005711421539431434,0.007343157161826579
ZECUSDT,1690894800000,2023,SHORT,0.001572498276266471,-0.013184694140062276,1690898400000,-0.001004184184802264,-0.003343366537974366,-0.021534706617534042
ZECUSDT,1690916400000,2023,LONG,-0.005940899304296472,0.00046594367960812967,1690920000000,-0.0036514563392651303,0.01120275307655345,-0.009990093075086299
ZECUSDT,1690927200000,2023,SHORT,0.005143303485743323,-0.001177928703679811,1690930800000,-0.011534153245286545,-0.0029786551892401134,0.005317393718694025
ZECUSDT,1690941600000,2023,LONG,-0.0013182379682307136,0.07132187462534859,1690945200000,-0.003973515161860495,-0.014312109833552765,-0.019353290061030263
ZECUSDT,1691006400000,2023,SHORT,0.012217766945546141,-0.000607379119898563,1691010000000,-0.0023588890466301857,0.0006749915882333652,0.00405680069561443
ZECUSDT,1691053200000,2023,LONG,-0.00014560652929359824,0.0014435061128328167,1691056800000,-0.002707277457270228,0.002699967890612144,0.005728743552772782
ZECUSDT,1691056800000,2023,SHORT,0.0014435061128328167,-0.0005634080734304418,1691060400000,-0.0006775068009831947,-0.01379796415142849,-0.007427448055158243
ZECUSDT,1691128800000,2023,LONG,-0.0020192997759776723,0.005364003038296507,1691132400000,0.0027072774572702092,-0.0054366426807426396,-0.009191554073270438
ZECUSDT,1691132400000,2023,SHORT,0.005364003038296507,-0.01308466180275232,1691136000000,0.0074627212015894884,0.00950771168931729,0.013610281546094838
ZECUSDT,1691136000000,2023,LONG,-0.01308466180275232,0.0008270538895554355,1691139600000,0.003737052081453593,0.0044150182091169145,-0.01267357261241846
ZECUSDT,1691146800000,2023,SHORT,0.002229075033905311,-0.0015306897695338759,1691150400000,-0.006800434232046998,-0.0074779410330302575,0.007534282215690708
ZECUSDT,1691150400000,2023,LONG,-0.0015306897695338759,0.000496617437308019,1691154000000,-0.0003388107774236918,0.0033818091073810784,-0.01708275227622991
ZECUSDT,1691190000000,2023,SHORT,0.002041857920894844,-0.0030411920383985346,1691193600000,0.0027529267214051432,0.0027529267214051432,0.00620477688688287
ZECUSDT,1691254800000,2023,LONG,-0.00012597428852917356,0.0059867559915322555,1691258400000,0.002759574017534402,0.006198366952339051,0.02389192142473022
ZECUSDT,1691269200000,2023,SHORT,0.009657395858490075,-0.0055605669291919,1691272800000,-0.0024001383028927317,-0.009226103373292632,-0.013976706131890474
ZECUSDT,1691298000000,2023,LONG,-0.005746633986915497,0.0004970477615826986,1691301600000,-0.0030410565757789344,-0.003379523324652484,-0.009832254153780636
ZECUSDT,1691301600000,2023,SHORT,0.0004970477615826986,-0.005225130743428529,1691305200000,0.0023716765309713277,0.0016934805063331428,0.008154989129306255
ZECUSDT,1691323200000,2023,LONG,-0.0016762593083068074,0.005938325017105322,1691326800000,-0.004425539137874507,-0.0027210901143607247,-0.0057911931568810126
ZECUSDT,1691463600000,2023,SHORT,0.005657913438484549,-0.00062297893305325,1691467200000,-0.01666988763138489,-0.0010286302981382426,-0.01430542106788458
ZECUSDT,1691478000000,2023,LONG,-0.005486004053425894,0.003977279745414041,1691481600000,0.0010275733050100595,0.012600200757467582,0.014628599018860385
ZECUSDT,1691481600000,2023,SHORT,0.003977279745414041,-0.0004960723926903598,1691485200000,-0.0044406563151859774,-0.01292535001246856,-0.018318015591989242
ZECUSDT,1691496000000,2023,LONG,-0.005691492750715759,0.0034349106574385452,1691499600000,-0.007124712072124943,0.0027008794271324624,-0.004065046248169445
ZECUSDT,1691503200000,2023,SHORT,0.0011476055141858062,-0.004151207927789501,1691506800000,-0.0037269228299015677,-0.007776877741184217,0.0010188487891028767
ZECUSDT,1691510400000,2023,LONG,-0.0008823239307750147,0.004033547347901598,1691514000000,0.003701838317898928,0.003029795281852627,-0.006087269388650197
ZECUSDT,1691524800000,2023,SHORT,0.0001782851844423687,-0.00637789308201445,1691528400000,-0.0010078952642242893,0.009795720957154475,0.005392665579520509
ZECUSDT,1691539200000,2023,LONG,-0.0004302836304078385,0.0009564050984163565,1691542800000,-0.0037408647603786862,0.0006786562866516908,0.0071030232682461735
ZECUSDT,1691546400000,2023,SHORT,0.020653918716355326,-0.0048138498059074495,1691550000000,-0.0013582345042219318,-0.0020366605818033334,-0.002714626709466604
ZECUSDT,1691766000000,2023,LONG,-0.005011728226262413,0.025045176942596486,1691769600000,0.0006763612026527606,-0.0003383522278937319,-0.0013540963477292579
ZECUSDT,1692057600000,2023,SHORT,0.03688129015896041,-0.009062510678600621,1692061200000,0.0033932845589801667,0.008504899028477298,0.007821838892629693
ZECUSDT,1692126000000,2023,LONG,-0.04647524861428593,0.002806504875928611,1692129600000,0.009396527396082611,0.020841573641955536,-0.0014534886279831975
ZECUSDT,1692129600000,2023,SHORT,0.002806504875928611,-0.0026492604653227314,1692133200000,-0.010025146619378865,-0.004308803793818492,0.01486342389410949
ZECUSDT,1692133200000,2023,LONG,-0.0026492604653227314,0.0017415221252510761,1692136800000,0.0003563156994762472,-0.004285720845499074,-0.025262981919965087
ZECUSDT,1692136800000,2023,SHORT,0.0017415221252510761,-0.008415370824850513,1692140400000,-0.001779676568672969,0.0007127584050858197,0.017973165338085784
ZECUSDT,1692201600000,2023,LONG,-0.010780186991327956,0.02307573818869047,1692205200000,0.005126338578991143,-0.02490372150958939,-0.014793169177830577
ZECUSDT,1692219600000,2023,SHORT,0.0035231974361563433,-0.005842225649791632,1692223200000,-0.006818208231776925,-0.017706245210825262,-0.023291811771306136
ZECUSDT,1692306000000,2023,LONG,-0.031365540570418585,0.02969647506627684,1692309600000,0.043711433090416425,0.0457460217882038,0.04248868991789737
ZECUSDT,1692316800000,2023,SHORT,0.0009632212584722638,-0.012756259823006027,1692320400000,0.0032467560988698697,0.013050756195490827,0.005688759754421751
ZECUSDT,1692493200000,2023,LONG,-0.005162768674928207,0.00568522020050019,1692496800000,0.0008087343748517811,0.00040444894383479587,0.007656696684599119
ZECUSDT,1692518400000,2023,SHORT,0.0019237586987884134,-0.0003150110216183843,1692522000000,-0.002799441940215827,-0.007182792254066297,-0.017467693040391
ZECUSDT,1692536400000,2023,LONG,-0.008715238151982965,0.0030663511012611116,1692540000000,-0.0032154368539744657,0.004404411524430392,0.006001218250949667
ZECUSDT,1692543600000,2023,SHORT,0.00029532472458898394,-0.003911384287826716,1692547200000,0.0028084271217263253,-0.005991629668266761,0.0032102756302483213
ZECUSDT,1692684000000,2023,LONG,-0.005724017659645064,0.0004654800364876034,1692687600000,0.009879550817827053,0.000793965901176524,-0.022084816483754592
ZECUSDT,1692687600000,2023,SHORT,0.0004654800364876034,-0.007618237079798582,1692691200000,0.004333274458337611,0.001573564447430552,0.03724154093190022
ZECUSDT,1692698400000,2023,LONG,-0.0016955736027528723,0.0001667113013383781,1692702000000,0.007905179507113247,-0.0015885626851378416,-0.015597196813668042
ZECUSDT,1692702000000,2023,SHORT,0.0001667113013383781,-0.010988557557224648,1692705600000,0.004737474316484252,0.013880849484689378,0.016680291424905253
ZECUSDT,1692777600000,2023,LONG,-0.031175111948346275,0.022182135307218225,1692781200000,-0.0032154368539744657,-0.010893793430553396,0.029262665268237814
ZECUSDT,1692788400000,2023,SHORT,0.01640658759808923,-0.02299789868363748,1692792000000,0.005663445558400081,-0.005631551488367437,-0.02666824708216149
ZECUSDT,1692846000000,2023,LONG,-0.011131435416682572,0.002857456437168956,1692849600000,0.001971998272657818,-0.0035594263405714136,-0.031685024730818405
ZECUSDT,1692853200000,2023,SHORT,0.00014428181104598814,-0.002343994833971439,1692856800000,-0.0011921320704529766,0.006382151698887191,0.026593025581671866
ZECUSDT,1693324800000,2023,LONG,-0.00047578202371674944,0.0210364578436484,1693328400000,0.007138861804207717,-0.007190191809443811,-0.016730428259209607
ZECUSDT,1693526400000,2023,SHORT,0.07378240633106027,-0.008670852435790358,1693530000000,0.009704888139673368,0.011738649263696164,0.004840671009312906
ZECUSDT,1693796400000,2023,LONG,-0.007906416993727065,0.015395376467993556,1693800000000,0.0012002401920961536,-0.020627627242851346,-0.020219047053306315
ZECUSDT,1693803600000,2023,SHORT,0.012988616132892207,-0.03723073651017238,1693807200000,-0.0004067520902123965,0.002443993069878102,0.002443993069878102
ZECUSDT,1693904400000,2023,LONG,-0.033454104296897345,0.04214820789315632,1693908000000,-0.00040494027684325845,-0.006498804351166128,-0.007722046093910166
ZECUSDT,1694070000000,2023,SHORT,0.003059770600495793,-0.0035644383075486017,1694073600000,0.008371585667087247,0.020453891327331778,0.008371585667087247
ZECUSDT,1694084400000,2023,LONG,-0.03872435922829025,0.038098485395805196,1694088000000,0.001619433552302976,0.011281344464039979,0.0259962649763967
ZECUSDT,1694314800000,2023,SHORT,0.0033028898332563097,-0.011265729831049237,1694318400000,0.014862695764201104,0.012033839563723453,0.018105503632273354
ZECUSDT,1694476800000,2023,LONG,-0.019628169100843924,0.0012689151885310421,1694480400000,-0.0068868005629510115,0.018796794171744242,0.006438654034198427
ZECUSDT,1694480400000,2023,SHORT,0.0012689151885310421,-0.0055267136028149585,1694484000000,-0.005677225305223757,-0.020129504150229828,-0.01773524921558161
ZECUSDT,1694484000000,2023,LONG,-0.0055267136028149585,0.003873369251439046,1694487600000,0.029103110407041697,0.007255170881171795,0.006049625225823438
ZECUSDT,1694523600000,2023,SHORT,0.05157768062171899,-0.007201815420926234,1694527200000,0.0068122884165843865,0.010437670030901272,0.007214460149332677
ZECUSDT,1694545200000,2023,LONG,-0.005018246015347865,0.0009420255360421255,1694548800000,-0.006003620193833131,-0.012043501651526773,-0.002797204621061254
ZECUSDT,1694721600000,2023,SHORT,0.1311876305829878,-0.00032448135719814487,1694725200000,-0.006324131749468081,-0.0003964321161928768,-0.02196166697426797
ZECUSDT,1694728800000,2023,LONG,-0.026031195071984658,0.0097240754060299,1694732400000,-0.0043366912042754795,0.0043179654920845285,0.0086173662911612
ZECUSDT,1694872800000,2023,SHORT,0.04444296070473766,-0.00848778088988142,1694876400000,-0.004249571780548738,-0.008097210232619303,0.015213868635827603
ZECUSDT,1694876400000,2023,LONG,-0.00848778088988142,0.006064788790314881,1694880000000,-0.001156738127823644,-0.001928640906405597,-0.008513983318244765
ZECUSDT,1694908800000,2023,SHORT,0.030167111936914893,-0.06682645652045327,1694912400000,-0.004316271170365051,-0.0163810215204099,-0.0175408901986715
ZECUSDT,1694912400000,2023,LONG,-0.06682645652045327,0.0026870233017563176,1694916000000,-0.003923112132471779,0.009353146906648088,0.00857705063175968
ZECUSDT,1694973600000,2023,SHORT,0.01987326120205646,-0.018216228525284293,1694977200000,-0.0011748581731242738,0.0058950848653985585,-0.0003917727768033152
ZECUSDT,1694991600000,2023,LONG,-0.02599783170016457,0.03970253254015621,1694995200000,-0.008288975818955057,0.010557282805876783,0.02407883322477747
ZECUSDT,1694995200000,2023,SHORT,0.03970253254015621,-0.030652910569850502,1694998800000,-0.0055336109582242434,-0.02311562276553012,-0.03543294554310949
ZECUSDT,1694998800000,2023,LONG,-0.030652910569850502,0.029756360567941842,1695002400000,0.009802078089738098,0.01524956237803217,0.02451961717431866
ZECUSDT,1695081600000,2023,SHORT,0.007731010240486337,-0.037347662282184314,1695085200000,-0.007874056430905866,-0.01529741538831779,-0.0176302313762705
ZECUSDT,1695085200000,2023,LONG,-0.037347662282184314,0.004513861076465333,1695088800000,0.0039154317836734,0.005477321987955714,0.00625735322875452
ZECUSDT,1695445200000,2023,SHORT,0.1015489799750531,-0.004807877548110631,1695448800000,-0.0014942102145018336,0.0007479431911879304,0.003745322730162053
ZECUSDT,1695466800000,2023,LONG,-0.0014109788377383384,0.0002452884837784421,1695470400000,-0.005261192143361572,-0.009036206063937333,-0.003379015792494543
ZECUSDT,1695477600000,2023,SHORT,0.00856582310369661,-0.010025446072493439,1695481200000,0.004904744788236573,-0.0022556400541186286,-0.004506203644710659
ZECUSDT,1695646800000,2023,LONG,-0.004622934422101504,0.011370511266137032,1695650400000,-0.0015220703090687295,0.0022787704505876447,-0.005719748672787065
ZECUSDT,1696384800000,2023,SHORT,0.011346900000189238,-0.0033064803692445656,1696388400000,-0.003386644817317289,-0.007136180518796619,-0.0063873972565554145
ZECUSDT,1696402800000,2023,LONG,-0.010812699736705952,0.0037675409634917775,1696406400000,0.006741598566919453,0.0033764804166060906,0.01158241978692932
ZECUSDT,1696651200000,2023,SHORT,0.003861536014936086,-0.007088435977113064,1696654800000,-0.005237572766248343,-0.010818982604443576,-0.011189971293543807
ZECUSDT,1696654800000,2023,LONG,-0.007088435977113064,0.0715043146939915,1696658400000,-0.004111386841664102,0.002979518032905389,0.002979518032905389
ZECUSDT,1696770000000,2023,SHORT,0.005101840621634539,-0.00294136688496656,1696773600000,0.0018935813270293382,0.009122070096577192,0.006072124918749371
ZECUSDT,1696773600000,2023,LONG,-0.00294136688496656,0.007923308753550585,1696777200000,-0.004561011327562562,-0.006085983029880302,-0.006849341845574783
ZECUSDT,1696791600000,2023,SHORT,0.004874797651266219,-0.006380139827039618,1696795200000,0.0022865863621334462,0.0034318432156946765,0.0003807348227982638
ZECUSDT,1696842000000,2023,LONG,-0.034545869992007296,0.006544594361595496,1696845600000,0.0054837583562562875,0.009382398771913518,0.0015698590351200523
ZECUSDT,1696849200000,2023,SHORT,0.004161787707123134,-0.0007718999220826087,1696852800000,-0.001955034835803295,0.0043145781777920115,-0.00039131285962046986
ZECUSDT,1696852800000,2023,LONG,-0.0007718999220826087,0.002185201329525686,1696856400000,0.003898640415657323,-0.015748356968139282,-0.002346500881123648
ZECUSDT,1696878000000,2023,SHORT,0.00892926488742313,-0.0016226264822035165,1696881600000,0.0007883327172164291,-0.007067167223092353,-0.012918558991556474
ZECUSDT,1697004000000,2023,LONG,-0.007512241733368513,0.0009825165403456674,1697007600000,0.008800056789992964,0.016733458177531926,0.0012045775397518126
ZECUSDT,1697007600000,2023,SHORT,0.0009825165403456674,-0.030810449630982818,1697011200000,-0.0007964954622596354,-0.003976148379639417,0.0031923410989732072
ZECUSDT,1697025600000,2023,LONG,-0.003401238477844134,0.005900959336028396,1697029200000,0,-0.016416785114932882,-0.013997429096125917
ZECUSDT,1697036400000,2023,SHORT,0.01717479643575996,-0.009883105216964672,1697040000000,0.0036268425812968704,-0.0064154189562000375,-0.00481541861486657
ZECUSDT,1697058000000,2023,LONG,-0.04589948839299236,0.030547345943792263,1697061600000,0.0027838554467075768,-0.012422519998557096,-0.01444068415479436
ZECUSDT,1697068800000,2023,SHORT,0.03751096164845369,-0.023121501895410828,1697072400000,0.0016116038943415328,-0.007619848378404864,-0.000402495477359719
ZECUSDT,1697086800000,2023,LONG,-0.023795880435030666,0.07379210854363301,1697090400000,0.0003965893369448977,-0.018415252185129138,-0.018415252185129138
ZECUSDT,1697101200000,2023,SHORT,0.030643853322170903,-0.004991111776368355,1697104800000,0.000403958801696061,-0.00040379568487274145,0.0060765834134309865
ZECUSDT,1697176800000,2023,LONG,-0.044266049934395486,0.09996485980088052,1697180400000,0.004423896215542791,-0.0012099215027131982,-0.0020173498873141994
ZECUSDT,1697374800000,2023,SHORT,0.056533149498395704,-0.018881181272220215,1697378400000,-0.0008028904485905621,-0.01197619104671562,-0.01435431345168334
ZECUSDT,1697385600000,2023,LONG,-0.020455978164773528,0.04488159110162189,1697389200000,0.0011911853701530102,0.0019845213895489603,0.0023809535057418754
ZECUSDT,1697468400000,2023,SHORT,0.068830394142042,-0.02765231355168293,1697472000000,-0.004735604745834029,-0.010232281325736503,0.0007914523563116271
ZECUSDT,1697479200000,2023,LONG,-0.0417820948462337,0.11054091821418315,1697482800000,-0.002346500881123648,0.0031201273362434566,-0.016145261120997945
ZECUSDT,1697511600000,2023,SHORT,0.08383872747636482,-0.018722230882055966,1697515200000,-0.004741217889821678,0.001982161203991211,0.019596707904973382
ZECUSDT,1697576400000,2023,LONG,-0.00725567140705179,0.019150991036522402,1697580000000,0,0.001219264528206216,0.006889591588294236
ZECUSDT,1697598000000,2023,SHORT,0.0061185032888813684,-0.0030281773829920994,1697601600000,-0.006035021334470078,0.00525997571229733,-0.0012099215027131511
ZECUSDT,1697601600000,2023,LONG,-0.0030281773829920994,0.08524219328166632,1697605200000,-0.001204094064804675,-0.007650530571124771,-0.004019298015391319
ZECUSDT,1697616000000,2023,SHORT,0.015422719848404449,-0.020183282466798833,1697619600000,-0.0004039588016960476,-0.00523877885627942,-0
ZECUSDT,1697619600000,2023,LONG,-0.020183282466798833,0.273763380649682,1697623200000,0.006037450417984245,0,-0.0012118765369264236
ZECUSDT,1697655600000,2023,SHORT,0.09589915161062969,-0.007547101317274348,1697659200000,-0.0004041220503574785,0.00040428543101690413,-0.004436385578296016
ZECUSDT,1697677200000,2023,LONG,-0.011657235662052415,0.1047719854709513,1697680800000,0.0012158056208899498,0.01289300696123329,0.00566115543473828
ZECUSDT,1698314400000,2023,SHORT,0.11990205727532766,-0.0067085472429953535,1698318000000,0.008169109539109666,0.025072946669793532,0.007812539736793625
ZECUSDT,1698325200000,2023,LONG,-0.01797523713054522,0.004701064013159654,1698328800000,-0.012615052858466409,-0.011527505171067383,-0.024289756784918678
ZECUSDT,1698332400000,2023,SHORT,0.009674560718293711,-0.0005575155385987214,1698336000000,0.005858676589318593,-0.01197619104671562,-0.005098335879529238
ZECUSDT,1698336000000,2023,LONG,-0.0005575155385987214,0.09965803797390446,1698339600000,0.013863775499784407,0.026822920142289645,0.011324321931196073
ZECUSDT,1698613200000,2023,SHORT,0.036052407370191164,-0.050547964618549796,1698616800000,-0.008857453834061023,-0.010267394145179628,-0.014485326584880465
ZECUSDT,1698656400000,2023,LONG,-0.018864164617518414,0.02517622369175731,1698660000000,0.001752234546802866,0,0.00035069262151440043
ZECUSDT,1698670800000,2023,SHORT,0.025497488484829495,-0.047609267806851006,1698674400000,0.004570231192684132,0.010578377910675714,-0.013240611553563295
ZECUSDT,1698699600000,2023,LONG,-0.058371081621536286,0.0971755060801776,1698703200000,-0.0056278727508195,0.013240611553563295,-0.006333589082155513
ZECUSDT,1698721200000,2023,SHORT,0.04084402580273107,-0.03731923034681258,1698724800000,0.003523611820483298,0.014883336390891181,0.018101647768736573
ZECUSDT,1698750000000,2023,LONG,-0.03558207434322889,0.12596675461146023,1698753600000,-0.004187026354216464,-0.02825046628585162,-0.01402547535450432
ZECUSDT,1698757200000,2023,SHORT,0.08759782808008615,-0.032496015322045255,1698760800000,0.0003539196639314688,0.0017708522424765363,0.0035448459665397667
ZECUSDT,1698760800000,2023,LONG,-0.032496015322045255,0.043609777028610665,1698764400000,-0.01175017969827815,-0.0031909263026082676,-0.007818092415752988
ZECUSDT,1698764400000,2023,SHORT,0.043609777028610665,-0.012071619799658172,1698768000000,-0.00926592516893574,-0.008556201931195963,0.0021505384632284734
ZECUSDT,1698771600000,2023,LONG,-0.0007404579258684937,0.006230911559597506,1698775200000,-0.0021284151348262875,-0.0031943239229025103,-0.025117933359525033
ZECUSDT,1698807600000,2023,SHORT,0.037625856258490326,-0.07473693554484195,1698811200000,0.0017956549985599628,0.0068407107443881,0.010097453264662219
ZECUSDT,1698840000000,2023,LONG,-0.12062613274493113,0.18934552328959947,1698843600000,-0.009004202739928406,-0.0032321809428062227,0.02862892112617769
ZECUSDT,1698843600000,2023,SHORT,0.18934552328959947,-0.06638813680826228,1698847200000,0.002535773863763741,-0.012940511275734732,-0.04803183108700484
ZECUSDT,1698847200000,2023,LONG,-0.06638813680826228,0.019342660024185377,1698850800000,0.0007251631934892525,0.031068379899334694,0.05538357573135349
ZECUSDT,1698850800000,2023,SHORT,0.019342660024185377,-0.0002010749522443335,1698854400000,-0.007220247973487097,-0.02962915293980395,-0.05360945060538088
ZECUSDT,1698854400000,2023,LONG,-0.0002010749522443335,0.016220349597654112,1698858000000,0.006808841929330599,0.03532688085056356,0.03358986460697256
ZECUSDT,1699005600000,2023,SHORT,0.10581974048145235,-0.01686579183381404,1699009200000,-0.0011129661694206506,-0.009237087662161329,-0.0242036017408864
ZECUSDT,1699012800000,2023,LONG,-0.01835905988085302,0.30388376545163276,1699016400000,0.0033179753941821937,0.0069917488134229044,0.021553345754760426
ZECUSDT,1699110000000,2023,SHORT,0.05318489873299127,-0.03382956916952095,1699113600000,-0.0007212405649830048,0.0014440435722335803,-0.030552998180018796
ZECUSDT,1699135200000,2023,LONG,-0.023937807730562997,0.2796846182340064,1699138800000,0,0.005303176650021834,0.010227562260699971
ZECUSDT,1699322400000,2023,SHORT,0.060329448543344585,-0.0015093938617243411,1699326000000,-0.018361617532120997,-0.031416196233378914,-0.0017143840989647372
ZECUSDT,1699326000000,2023,LONG,-0.0015093938617243411,0.02785926146773042,1699329600000,-0.0040513222191786895,0.013719472342774078,-0.0318356510558202
ZECUSDT,1699347600000,2023,SHORT,0.030638306643754692,-0.05197641829912741,1699351200000,0.007867322945620219,0.00409696715095091,-0.0067911975780017555
ZECUSDT,1699354800000,2023,LONG,-0.054216728927308264,0.0018954083421177414,1699358400000,0.0068166589790979405,-0.016899867638218206,0.00034193879628781137
ZECUSDT,1699369200000,2023,SHORT,0.13345378893761245,-0.07921527775404259,1699372800000,0.006280551000677782,-0.02133597796716926,-0.019973115746000115
ZECUSDT,1699380000000,2023,LONG,-0.03964008436314031,0.22182828704166177,1699383600000,-0.0006807352202972319,-0.007856573290368655,0.0158653116802184
ZECUSDT,1699394400000,2023,SHORT,0.22990252994347152,-0.09953616350050487,1699398000000,-0.002738789798235362,-0.01192721585264162,-0.03767684115951577
ZECUSDT,1699423200000,2023,LONG,-0.042377326308416896,0.19044319255312073,1699426800000,0.003678318810407512,0.014632785200534786,0.005678986366704731
ZECUSDT,1699513200000,2023,SHORT,0.10919573976853603,-0.0026941807593824714,1699516800000,-0.007589543112399395,0.0036502446371084376,0.057606656444142604
ZECUSDT,1699531200000,2023,LONG,-0.01780537215753656,0.2081853977828401,1699534800000,0.0023090889362592944,-0.06128534202547298,-0.0210253031255136
ZECUSDT,1699556400000,2023,SHORT,0.0015242849711045781,-0.012179839410909906,1699560000000,0.004571838453844809,-0.03516391245766697,-0.037194370008048844
ZECUSDT,1699560000000,2023,LONG,-0.012179839410909906,0.049186909515648844,1699563600000,0.0038698377230151075,0.044129876622974455,0.044467087889025925
ZECUSDT,1699596000000,2023,SHORT,0.026025018347875645,-0.004327723529579459,1699599600000,0.007409936228705116,-0.006355599249558785,-0.019276103656268015
ZECUSDT,1699603200000,2023,LONG,-0.02549974333114152,0.06526057725935229,1699606800000,0.00739250678428415,0.010401033205284353,0.025309376245538858
ZECUSDT,1699848000000,2023,SHORT,0.05116891138325201,-0.0328469074837798,1699851600000,-0.007154502062624238,-0.018111749943046103,-0.003258393238059075
ZECUSDT,1699858800000,2023,LONG,-0.011603893444534916,0.022599693477808575,1699862400000,0.01160554612030789,-0.010758049966550427,-0.0006487188031590464
ZECUSDT,1699873200000,2023,SHORT,0.11133021890820347,-0.039281548184132986,1699876800000,-0.009460191250950434,-0.010758049966550434,0.02960468988892557
ZECUSDT,1700010000000,2023,LONG,-0.022620720681656464,0.026147988660219768,1700013600000,0.0044030553776340485,0.01415594923013224,0.025801397756882425
ZECUSDT,1700013600000,2023,SHORT,0.026147988660219768,-0.02919473454283011,1700017200000,0.01052820049037261,-0.013089631430902927,-0.015088299651201826
ZECUSDT,1700028000000,2023,LONG,-0.010920378675225505,0.0013289334749419708,1700031600000,0.005320930412276758,0.004657360381292117,0.010943568013253165
ZECUSDT,1700146800000,2023,SHORT,0.07253529284186135,-0.04628089632600572,1700150400000,-0.007010544486217302,0.0063855031288251145,-0.011325903880136419
ZECUSDT,1700150400000,2023,LONG,-0.04628089632600572,0.0818482185016005,1700154000000,-0.008351476634848353,-0.015083242211328476,0.002989538848365986
ZECUSDT,1700157600000,2023,SHORT,0.07909259000950747,-0.0669690007504032,1700161200000,-0.0013495278701331761,-0.0013495278701331761,-0.013080850612623022
ZECUSDT,1700211600000,2023,LONG,-0.07080782853022259,0.05463182026943989,1700215200000,-0.018060691585495944,-0.027214849424654918,-0.04473806021686113
ZECUSDT,1700215200000,2023,SHORT,0.05463182026943989,-0.07495262135672884,1700218800000,0.006093451487878181,0.026330808239749023,0.009835588870638198
ZECUSDT,1700222400000,2023,LONG,-0.08552018596680135,0.021896900130893317,1700226000000,-0.005773492009516541,-0.03410008370714106,-0.020527576767787638
ZECUSDT,1700229600000,2023,SHORT,0.08319624186360841,-0.15122200477475423,1700233200000,0.017130291290181853,-0.006564197002486672,-0.0010393210705168148
ZECUSDT,1700258400000,2023,LONG,-0.1321627507595544,0.02110337030649632,1700262000000,0.001022320756955169,-0.015461568964734157,-0.022062252996086176
ZECUSDT,1700276400000,2023,SHORT,0.01307654162767339,-0.005520084491408574,1700280000000,-0.0007007708766106639,0.003863042556453989,-0.012885429892977696
ZECUSDT,1700316000000,2023,LONG,-0.1809987244509134,0.025666271395835553,1700319600000,0.017100399252289865,0.020899402267216212,0.010504298266875975
ZECUSDT,1700355600000,2023,SHORT,0.15326192120135265,-0.027373696168274148,1700359200000,-0.006289328907563918,-0.014268555977929158,-0.00035044682328165316
ZECUSDT,1700370000000,2023,LONG,-0.034018172739133115,0.09334072786671226,1700373600000,0.005513452974109133,0.0010360905779210543,-0.006586953959978399
ZECUSDT,1700391600000,2023,SHORT,0.18110723289995248,-0.09968873269450766,1700395200000,0.0020986366569212492,0.001048767794084488,-0.02211562146367342
ZECUSDT,1700413200000,2023,LONG,-0.02252376752951082,0.006736637441583548,1700416800000,0.007970931130380172,0.011072777491257962,0.008316056241657606
ZECUSDT,1700416800000,2023,SHORT,0.006736637441583548,-0.05090909633749434,1700420400000,-0.005507759190084247,0.0027652973031150625,-0.006537095359198503
ZECUSDT,1700424000000,2023,LONG,-0.01217589344783977,0.014161853916342223,1700427600000,0,0.005490748180416591,0.010270545604177953
ZECUSDT,1700510400000,2023,SHORT,0.12778909280113626,-0.07380613813885825,1700514000000,0.0034506590484948453,-0.006523628286014913,0.006566465619790211
ZECUSDT,1700514000000,2023,LONG,-0.07380613813885825,0.0930837532229274,1700517600000,0.0017262217302263295,0.009628685119215476,-0.006934840552459069
ZECUSDT,1700517600000,2023,SHORT,0.0930837532229274,-0.11964837581142716,1700521200000,0.0010350182052150316,0.008658062743114541,0.005185837032365414
ZECUSDT,1700557200000,2023,LONG,-0.19326508125545477,0.02548302951887824,1700560800000,0.0034722257107492787,-0.003135344843333619,-0.031086925749502524
ZECUSDT,1700560800000,2023,SHORT,0.02548302951887824,-0.12512514283376158,1700564400000,0.00521287018853321,0.0087032751283017,0.07258932851657586
ZECUSDT,1700661600000,2023,LONG,-0.02265524116229482,0.01081375771759423,1700665200000,0.0028328630843041072,0.00812294771884044,0.015133141165955828
ZECUSDT,1700755200000,2023,SHORT,0.0859767296565399,-0.06875735045699612,1700758800000,-0.004209055670341835,-0.009793712418858319,-0.01880278236122424
ZECUSDT,1700787600000,2023,LONG,-0.054032217050143314,0.11118224238553982,1700791200000,0.0024175456430001806,0.0048292608515728905,0.0048292608515728905
ZECUSDT,1700866800000,2023,SHORT,0.0580961896116304,-0.0606411821324732,1700870400000,-0.005717183892857888,-0.017717327895968422,-0.009065027662542184
ZECUSDT,1700874000000,2023,LONG,-0.053746571771138694,0.05438737304723263,1700877600000,-0.0023244240915553855,-0.0026569261727567147,-0.0016597514183642856
ZECUSDT,1700964000000,2023,SHORT,0.10565365282492872,-0.06266796960991962,1700967600000,0.0036734053663088134,-0.0026631174194836284,0.015790685906324015
ZECUSDT,1701028800000,2023,LONG,-0.16934108985030655,0.03352939946179932,1701032400000,-0.0020297706562869174,0.00033789491789637717,-0.017729751841333765
ZECUSDT,1701032400000,2023,SHORT,0.03352939946179932,-0.0893367245175175,1701036000000,-0.0070862452761777306,0.005432950545302597,0.016732505799236037
ZECUSDT,1701169200000,2023,LONG,-0.1428027633806016,0.01887118192210933,1701172800000,-0.0034891870709537745,0.005903819891652864,0.01142869582362263
ZECUSDT,1701172800000,2023,SHORT,0.01887118192210933,-0.045022306670117564,1701176400000,-0.00418556592917936,-0.028937603035576846,-0.018012263909324266
ZECUSDT,1701187200000,2023,LONG,-0.12710698238239335,0.06946787504958377,1701190800000,-0.005106394074574028,-0.008182793697946037,-0.015398080111121606
ZECUSDT,1701262800000,2023,SHORT,0.10411193138354152,-0.04133857593787428,1701266400000,0.004126553311016978,0.004126553311016978,0.002749142624921998
ZECUSDT,1701486000000,2023,LONG,-0.005925098352851886,0.007619763826580672,1701489600000,0.004990860467758221,0.014569794156695235,0.020796260282869444
ZECUSDT,1701489600000,2023,SHORT,0.007619763826580672,-0.0016864978941341323,1701493200000,0.0009961813873797564,-0.00892125526996611,-0.017111309240010433
ZECUSDT,1701493200000,2023,LONG,-0.0016864978941341323,0.04899720020776485,1701496800000,0.002653401225105073,0.014179957296843959,0.03235047669154607
ZECUSDT,1701612000000,2023,SHORT,0.028324689858644753,-0.010304327114662636,1701615600000,-0.0012919898438025052,0.0019411199883447457,-0.01793770068666725
ZECUSDT,1701615600000,2023,LONG,-0.010304327114662636,0.002599288133758921,1701619200000,0.00129032275967015,-0.00355699647465464,0.012828912316163992
ZECUSDT,1701622800000,2023,SHORT,0.011986783601229,-0.017593350388839416,1701626400000,-0.0009719748051784788,-0.005172982760960769,-0.020850795480190573
ZECUSDT,1701648000000,2023,LONG,-0.05873497315441854,0.03921868597045976,1701651600000,0.009600073729019137,0.020054786409915704,0.01150907844494329
ZECUSDT,1701687600000,2023,SHORT,0.031556269347768624,-0.047085461481305456,1701691200000,-0.00926080385088598,0.009347368622670335,-0.018751542599689152
ZECUSDT,1701738000000,2023,LONG,-0.05086459002467651,0.06226328119080499,1701741600000,-0.006349227678658892,-0.00666774973900428,-0.033792434975262166
ZECUSDT,1701741600000,2023,SHORT,0.06226328119080499,-0.026017091018803926,1701745200000,0.001912655986332913,0.00638979809877101,0.014758047769287503
ZECUSDT,1701756000000,2023,LONG,-0.028027792499106707,0.01774395336680281,1701759600000,-0.010309369658861213,-0.022363596086858315,0.007026538012038402
ZECUSDT,1701759600000,2023,SHORT,0.01774395336680281,-0.010736540918366346,1701763200000,0.0019455259054914423,0.0071521761318476176,-0.018932059116063743
ZECUSDT,1701774000000,2023,LONG,-0.0064308903302904025,0.007543360992192417,1701777600000,0.003908799765052639,0.01747051875723997,0.03621610340903415
ZECUSDT,1701799200000,2023,SHORT,0.029105855531954244,-0.030735896870303616,1701802800000,-0.0012722648026566937,0.003507097489160843,0.0060654615324879065
ZECUSDT,1701817200000,2023,LONG,-0.02892968918787828,0.008449825077257063,1701820800000,0.00377003274054161,-0.013308181202495016,-0.024212715169067135
ZECUSDT,1701838800000,2023,SHORT,0.05778115124883261,-0.03302351265812814,1701842400000,-0.0090061721643821,-0.011564536207709192,-0.01824926585907324
ZECUSDT,1701864000000,2023,LONG,-0.09557855598324458,9.349571072719209e-05,1701867600000,-0.0003209757690854117,0.009581676627584329,0.009899490073767888
ZECUSDT,1701867600000,2023,SHORT,9.349571072719209e-05,-0.0009324604206862165,1701871200000,-0.004164670443648261,-0.011808019756216249,-0.006718950248745009
ZECUSDT,1701878400000,2023,LONG,-0.006441709053085381,0.02284143422524541,1701882000000,0.0019053673595465362,-0.0015905840795765994,0.013261956291882447
ZECUSDT,1701892800000,2023,SHORT,0.00397327001228124,-0.004073446587256714,1701896400000,0.0031887782122409294,-0.0019083975257603906,-0.001590584079576683
ZECUSDT,1701896400000,2023,LONG,-0.004073446587256714,0.009608764860547386,1701900000000,-0.00512329010485218,0.0015956601438927357,0.005732499774619047
ZECUSDT,1701900000000,2023,SHORT,0.009608764860547386,-0.08570249344699536,1701903600000,-0.0028860048891348514,-0.003526209776558229,-0.013397329571821125
ZECUSDT,1701907200000,2023,LONG,-0.08041928392060065,0.015530902198744655,1701910800000,-0.003819228066995384,0.012626430372811755,0.01607093041222415
ZECUSDT,1701918000000,2023,SHORT,0.032440427864314295,-0.02598345611235686,1701921600000,-0.01676458684308458,-0.01739174271186902,-0.023641763057040494
ZECUSDT,1701921600000,2023,LONG,-0.02598345611235686,0.031247953000854634,1701925200000,0.008433596761614075,-0.013261956291882492,0.012468989479733749
ZECUSDT,1701939600000,2023,SHORT,0.043687125583585444,-0.031149231683500415,1701943200000,-0.0022204608647402825,-0.005068113477251817,-0.025706744723473767
ZECUSDT,1701943200000,2023,LONG,-0.031149231683500415,0.04299909588469258,1701946800000,0.005058499563033739,0.008835652306779308,0.01197241773946841
ZECUSDT,1702400400000,2023,SHORT,0.030437292456428466,-0.017795078325430102,1702404000000,-0.015727716068195306,-0.007894777847008283,0.006294537927294254
ZECUSDT,1702404000000,2023,LONG,-0.017795078325430102,0.033995836509516396,1702407600000,0.0006497726024584532,0.005186397363027712,-0.038428047220450595
ZECUSDT,1702616400000,2023,SHORT,0.014281657710405491,-0.0067892645964791965,1702620000000,0.000665557428894454,-0.0019940186068644495,0.0029985029962565574
ZECUSDT,1703336400000,2023,LONG,-0.0046183488552028005,0.0033096450740853884,1703340000000,0,-0.0009922276322569953,0.002970789443535719
ZECUSDT,1703340000000,2023,SHORT,0.0033096450740853884,-0.0007372577351323693,1703343600000,0.0003306331655182326,-0.0016515280384729392,0.0009922276322569953
ZECUSDT,1703343600000,2023,LONG,-0.0007372577351323693,0.002052486472292749,1703347200000,0.001652619777881429,0,0.0009918995688432274
ZECUSDT,1703347200000,2023,SHORT,0.002052486472292749,-0.016780148840562916,1703350800000,0.0019834717246546415,0.0013218772579158245,-0.0003301964698979455
ZECUSDT,1703376000000,2023,LONG,-0.010321524332857268,0.0017670609278355,1703379600000,0.0009892828506745345,-0.0006600660305658253,0.012784963523439804
ZECUSDT,1703386800000,2023,SHORT,0.01656162734251186,-0.001347863016225269,1703390400000,-0.0009909166789360824,0.006298711359772254,-0.016388436277233367
ZECUSDT,1703574000000,2023,LONG,-0.00706230179190885,0.04279459177229434,1703577600000,0.008666399932397923,0.017891851079103155,-0.03376816498747502
ZECUSDT,1703581200000,2023,SHORT,0.05281535215924435,-0.0019135728950840575,1703584800000,-0.011194743490343355,-0.02195093703790759,0.031033030872313017
ZECUSDT,1703584800000,2023,LONG,-0.0019135728950840575,0.010420753292056478,1703588400000,0.004125025681046576,0.0009534404027530154,-0.0362616614459598
ZECUSDT,1703588400000,2023,SHORT,0.010420753292056478,-0.0016327826266379823,1703592000000,0.0019011412570243075,0.01531130390444818,0.037083081820508665
ZECUSDT,1703592000000,2023,LONG,-0.0016327826266379823,0.024035476896917835,1703595600000,0.007897687551600497,-0.009560302261982226,-0.047411476556531745
ZECUSDT,1703602800000,2023,SHORT,0.042320358373346696,-0.01770873123935657,1703606400000,-0.003528471984796292,0.036986706549273204,0.05312151035534281
ZECUSDT,1703610000000,2023,LONG,-0.019919116338208517,0.020647029585166687,1703613600000,0.017556156518301818,0.0262199894520346,0.02022995490270392
ZECUSDT,1703613600000,2023,SHORT,0.020647029585166687,-0.013197707390979018,1703617200000,-0.003340016465071233,-0.014613345404643265,-0.009324076875123244
ZECUSDT,1703620800000,2023,LONG,-0.013135849658436838,0.0008501607176926764,1703624400000,0.0026578088735210396,0.00033261267560938835,0.016496579973491306
ZECUSDT,1703638800000,2023,SHORT,0.06636664801398569,-0.01203183654574082,1703642400000,0.018145659168054093,0.0023337233462202116,-0.05032712683225705
ZECUSDT,1703664000000,2023,LONG,-0.0015497213776532988,0.014611117675971673,1703667600000,0.009117614448653723,0.02487610102513152,0.048525319219022534
ZECUSDT,1703836800000,2023,SHORT,0.034277675477435245,-0.003974735814349488,1703840400000,0.01707726081819302,0.038583466039156473,0.05283218668901119
ZECUSDT,1704283200000,2024,LONG,-0.09602739263272285,0.00956598405028946,1704286800000,-0.011150229087978664,0.01021459340971842,0.024742693972628124
ZECUSDT,1704290400000,2024,SHORT,0.005149967244320576,-0.008268514930092235,1704294000000,-0.019729369906307827,-0.013196067778088684,-0.03627868807065169
ZECUSDT,1704333600000,2024,LONG,-0.04892673639250589,0.0059021026697269,1704337200000,0.003596407472770443,0.01470322533976058,-0.0008009611962046845
ZECUSDT,1704340800000,2024,SHORT,0.002932182405121162,-0.024497273909415307,1704344400000,-0.00317712737467198,0.017252183161582627,0.01927770542590319
ZECUSDT,1704366000000,2024,LONG,-0.009113295821421681,0.007590880058301012,1704369600000,0.023859626286479606,0.03356844041344054,0.005811556414776647
ZECUSDT,1704369600000,2024,SHORT,0.007590880058301012,-0.025089074602279684,1704373200000,-0.004461577062201514,-0.002436054797881121,0.015154908109882846
ZECUSDT,1704373200000,2024,LONG,-0.025089074602279684,0.007207035828631581,1704376800000,0.010066523500708309,0.004038777703190752,-0.05918393610426911
ZECUSDT,1704376800000,2024,SHORT,0.007207035828631581,-0.01262383807109086,1704380400000,0.005219847226403825,0.00844565647528642,0.06323113958286987
ZECUSDT,1704427200000,2024,LONG,-0.027712671461423612,0.030354194376619705,1704430800000,0.0025391465186762377,-0.004246290881451208,-0.024448998198970538
ZECUSDT,1704452400000,2024,SHORT,0.0026215099720976187,-0.0027264918750260613,1704456000000,-0.006433648612377163,-0.0030075210639553224,-0.013250888478716378
ZECUSDT,1704474000000,2024,LONG,-0.031345910240658775,0.006731038293807345,1704477600000,0.00563870502908658,0.02533955633413473,-0.017552008295178237
ZECUSDT,1704477600000,2024,SHORT,0.006731038293807345,-0.00718733372851811,1704481200000,-0.00603450107085253,-0.01374001864894051,0.03878846763109857
ZECUSDT,1704506400000,2024,LONG,-0.01615599146823793,0.0008576922630517497,1704510000000,-0.004319661144516284,-0.04181027006001504,-0.012142386825725313
ZECUSDT,1704510000000,2024,SHORT,0.0008576922630517497,-0.02474521118446801,1704513600000,0.009136456854806855,0.020565152678429562,0.0026019095338101327
ZECUSDT,1704740400000,2024,LONG,-0.01569829264760647,0.0042984578646,1704744000000,-0.008872343981994933,-0.011220314067493001,-0.037418525888356494
ZECUSDT,1704744000000,2024,SHORT,0.0042984578646,-0.05178785196889285,1704747600000,0.007532992307545148,0.020375023729169328,0.04313078656112426
ZECUSDT,1705024800000,2024,LONG,-0.04617155226325595,0.030429467103824343,1705028400000,0.0057400731610599805,0.011447385840350967,0.030771658666753687
ZECUSDT,1705039200000,2024,SHORT,0.005433185541963565,-0.010625774428799702,1705042800000,0.013098836489591186,0.0032586586880799634,0.016400531606165284
ZECUSDT,1705046400000,2024,LONG,-0.0037062130503498158,0.0067235065620632455,1705050000000,0.005350908013261914,0.026472733042544345,0.001649484910075718
ZECUSDT,1705050000000,2024,SHORT,0.0067235065620632455,-0.0043962415016350976,1705053600000,-0.0061387546983250624,-0.041019019444545335,0.020320002490957494
ZECUSDT,1705053600000,2024,LONG,-0.0043962415016350976,0.00018275735149905455,1705057200000,0.020594307498743795,0.022989518224698562,-0.04335818767708921
ZECUSDT,1705064400000,2024,SHORT,0.0072454066777653545,-0.020721042814105216,1705068000000,0.011890746521521674,0.05299521049126092,0.08722631519572313
ZECUSDT,1705096800000,2024,LONG,-0.00023296892916995065,0.022250936259248042,1705100400000,0.012706651269114883,0.0004261666376027306,-0.002988262629241779
ZECUSDT,1705111200000,2024,SHORT,0.042402223280532496,-0.008001808665559603,1705114800000,-0.00042598509696355105,-0.008907800152872736,-0.002553192876339176
ZECUSDT,1705114800000,2024,LONG,-0.008001808665559603,0.01998424423401045,1705118400000,-0.0021317424401914955,0.006368096238920692,0.0025521068722347954
ZECUSDT,1705222800000,2024,SHORT,0.005854517073513356,-0.02765880238548582,1705226400000,0.015886621745407427,0.02818272748426771,0.028609439673375335
ZECUSDT,1705233600000,2024,LONG,-0.023856248219493628,0.0025086592556416987,1705237200000,0.009860744422466285,0.016239673133237997,-0.006050148100683406
ZECUSDT,1705237200000,2024,SHORT,0.0025086592556416987,-0.02078020337746956,1705240800000,-0.011874609420712683,-0.007226386388609599,0.005132603226520314
ZECUSDT,1705251600000,2024,LONG,-0.019936448280293204,0.001424578707785401,1705255200000,-0.005521356137525796,-0.007653098577717272,-0.01235898961512985
ZECUSDT,1705255200000,2024,SHORT,0.001424578707785401,-0.005650245493723877,1705258800000,0.016756568223033348,0.009848077879221722,0.010278463080614312
ZECUSDT,1705258800000,2024,LONG,-0.005650245493723877,0.019693338431920903,1705262400000,0.009061550677574732,-0.014407583863272408,0.003461708346580798
ZECUSDT,1705280400000,2024,SHORT,0.0012160766910432955,-0.022639378807699596,1705284000000,-0.0042808284551536,-0.00042890843462583926,-0.00042890843462583926
ZECUSDT,1705287600000,2024,LONG,-0.00659187610939528,0.0006079121407579123,1705291200000,0.0012861738107443066,-0.006887672515422719,-0.012084739215071886
ZECUSDT,1705294800000,2024,SHORT,0.004407922928164106,-0.0032438861889360383,1705298400000,0.0038668146999738394,-0.005559133409996646,-0.0341445181546486
ZECUSDT,1705341600000,2024,LONG,-0.06411054645133013,0.018319252392516167,1705345200000,-0.01122906371641319,-0.023432034417430365,-0.03364488914272424
ZECUSDT,1705345200000,2024,SHORT,0.018319252392516167,-0.0018214324416797841,1705348800000,0.007138388489792732,0.011361367738648527,0.02199750289354264
ZECUSDT,1705651200000,2024,LONG,-0.011435860303538275,0.000916497833456454,1705654800000,0.015024586650097902,0.009306515209140505,0.023758266618852445
ZECUSDT,1705654800000,2024,SHORT,0.000916497833456454,-0.04276284356254349,1705658400000,-0.0026292740826208876,-0.006124253612220202,-0.018692133012152546
ZECUSDT,1705694400000,2024,LONG,-0.030588990829112095,0.028051048736195662,1705698000000,0.009519760340595738,0.016386740114772525,0.01809614224042175
ZECUSDT,1706299200000,2024,SHORT,0.044112071122531155,-0.0022285961878430786,1706302800000,-0.002217787557954759,-0.011040076804158727,0.009368794827048523
ZECUSDT,1706313600000,2024,LONG,-0.016912644885450023,0.030919350718645468,1706317200000,0.0004390779433878538,-0.004401415556210511,-0.008822289246203922
ZECUSDT,1706655600000,2024,SHORT,0.024636590532542205,-0.0069489226585411484,1706659200000,0.004436564508687657,-0.005298025637555194,0.018316348557690945
ZECUSDT,1707019200000,2024,LONG,-0.012210068417867963,0.002476163873756561,1707022800000,-0.002738477293303799,-0.011921278275638837,-0.007319337342269808
ZECUSDT,1707030000000,2024,SHORT,0.005949540103813826,-0.0020414954114872977,1707033600000,0.001843318494289224,-0.005051675496117908,0.00785767851597779
ZECUSDT,1707037200000,2024,LONG,-0.019944977445680044,0.003713122668904101,1707040800000,0.0018399269220072951,0.0036764747293086273,-0.0036900410874537957
ZECUSDT,1707040800000,2024,SHORT,0.003713122668904101,-0.0015483639466918103,1707044400000,-0.0032117485741103885,-0.00229515822579572,0.016682499959936245
ZECUSDT,1707044400000,2024,LONG,-0.0015483639466918103,0.017330794847860733,1707048000000,-0.0018340216053239877,-0.0018340216053239877,-0.01989424853404669
ZECUSDT,1707073200000,2024,SHORT,0.003667078417242536,-0.015013740549332166,1707076800000,-0.005089069507471449,0.007448824012990625,-0.0023164244779981585
ZECUSDT,1707076800000,2024,LONG,-0.015013740549332166,0.034234710495513354,1707080400000,-0.0018467225931646629,-0.013466653477131213,-0.006014360021688668
ZECUSDT,1707084000000,2024,SHORT,0.00632842582365394,-0.008376441714832454,1707087600000,-0,-0.003731347612858184,-0.009765248490988815
ZECUSDT,1707098400000,2024,LONG,-0.011521686021958792,0.007873506961518558,1707102000000,0.00464469018932463,0.0041811907604011106,-0.0013976242666379726
ZECUSDT,1707102000000,2024,SHORT,0.007873506961518558,-0.03315329743235034,1707105600000,-0.0018518523810737264,-0.0013892106888061422,0.01588076345625055
ZECUSDT,1707220800000,2024,LONG,-0.00790404761823389,0.006728057722887949,1707224400000,-0.0024218951048630435,0.00048367594655140267,-0.06909654677603927
ZECUSDT,1707228000000,2024,SHORT,0.009124566957843585,-0.017549666813375484,1707231600000,-0.0052948378815983336,0.0033840979842405684,0.059659836406335875
ZECUSDT,1707256800000,2024,LONG,-0.00024009872332824537,0.004948262247325502,1707260400000,-0.020088236666108466,-0.004600059223308454,0.01718950312761745
ZECUSDT,1707264000000,2024,SHORT,0.006346117245448517,-0.006061825298248058,1707267600000,-0.011340327717382297,-0.011340327717382297,-0.03414344396568021
ZECUSDT,1707346800000,2024,LONG,-0.05007095667217403,0.0046554429706857576,1707350400000,-0.003851713957854737,-0.009172161816729078,-0.01159993674067718
ZECUSDT,1707354000000,2024,SHORT,0.009169530508121516,-0.042887419877611827,1707357600000,-0.00048344211722337494,0.003875973844692849,-0.0033791970364789154
ZECUSDT,1707670800000,2024,LONG,-0.0021346522331069095,0.00671413963449525,1707674400000,-0.00337268447863923,-0.018937201019750844,-0.027799888277596232
ZECUSDT,1707706800000,2024,SHORT,0.017308601553189168,-0.013932844851121399,1707710400000,0.0014833130037350886,-0.0059113472630571645,-0.016172859245601186
ZECUSDT,1708207200000,2024,LONG,-0.004523170682633378,0.007746925161759994,1708210800000,0.009704888139673228,0.03748445224674893,0.0425596144187959
ZECUSDT,1708210800000,2024,SHORT,0.007746925161759994,-0.00789977945849846,1708214400000,0.0028208763416413406,-0.04831098451581438,-0.03557687456710743
ZECUSDT,1708232400000,2024,LONG,-0.0026539656026605867,0.009856324606355585,1708236000000,-0.021877671650861324,-0.02420867503733679,-0.008004616782613912
ZECUSDT,1708261200000,2024,SHORT,0.0084578297033652,-0.017207489946388415,1708264800000,-0.014002120913709575,0.004200884543367135,0.0022892035941343403
ZECUSDT,1708272000000,2024,LONG,-0.0015826833179868043,0.00017628058076681576,1708275600000,-0.005724114083888741,-0.02037356650666468,-0.011096344963010941
ZECUSDT,1708311600000,2024,SHORT,0.004930103342312836,-0.002064271756220506,1708315200000,0.009954140384233928,0.025464338865935302,0.014581992839694932
ZECUSDT,1708315200000,2024,LONG,-0.002064271756220506,0.03601547350711846,1708318800000,0.0026897230433002876,-0.02375038636715727,-0.00927722154365369
ZECUSDT,1708466400000,2024,SHORT,0.032863824005073795,-0.011415152099023483,1708470000000,0.0008054772888168686,0.007272759329079809,0.028585041395892588
ZECUSDT,1708477200000,2024,LONG,-0.020116508396835674,4.005120947982767e-05,1708480800000,-0.0008107013009888345,0.00040510431990113053,-0.014694141939220749
ZECUSDT,1708480800000,2024,SHORT,4.005120947982767e-05,-0.03229362246638056,1708484400000,-0.007275699031376154,0.009374431806140367,0.030480119018465666
ZECUSDT,1708495200000,2024,LONG,-0.03396035313408334,0.000720666430270133,1708498800000,-0.0069887232037550455,-0.011122668735483288,-0.026147993142232845
ZECUSDT,1708502400000,2024,SHORT,0.019169310833343584,-0.009170040932894266,1708506000000,0.029914985192334927,0.005747142255567959,0.018591735670280878
ZECUSDT,1708826400000,2024,LONG,-0.03852917105472561,0.006144129885798872,1708830000000,0.002524798455733325,-0.003255564459766185,0.0032450001433271367
ZECUSDT,1708833600000,2024,SHORT,0.005986822099301195,-0.00015492112734684818,1708837200000,0.0036153329328239827,0.010520684740718699,0.006880345809744233
ZECUSDT,1708873200000,2024,LONG,-0.00848840225471795,0.007479788227076584,1708876800000,-0.002177859300012816,0.01010109598650392,0.01974575013660981
ZECUSDT,1708884000000,2024,SHORT,0.005824076007601949,-0.0043818595772558925,1708887600000,-0.003235667032951434,-0.005386976575463717,-0.04092281766933563
ZECUSDT,1708891200000,2024,LONG,-0.001337135054519729,0.011820481112013696,1708894800000,0.005379249119736151,0.010373908093826616,0.0266114692255101
ZECUSDT,1708974000000,2024,SHORT,0.021101923280050523,-0.002209107281678556,1708977600000,0.008525806528802042,0.004964549203733546,-0.03646870531295178
ZECUSDT,1708995600000,2024,LONG,-0.030607452777409578,0.005910855193234541,1708999200000,0.010765861926559369,0.0073056508616636566,0.04205029013557361
ZECUSDT,1708999200000,2024,SHORT,0.005910855193234541,-0.01964325158106596,1709002800000,0.004499055867204894,-0.009280011605638882,-0.014738912913310392
ZECUSDT,1709028000000,2024,LONG,-0.002958117626507204,0.015325874987268083,1709031600000,-0.0010154003241696812,-0.005767615649174981,-0.024312103125892402
ZECUSDT,1709035200000,2024,SHORT,0.018522869161753084,-0.010720935038905314,1709038800000,-0.0030176049721555398,0.03763701152444331,0.02895790826781921
ZECUSDT,1709042400000,2024,LONG,-0.0025452494966690968,0.020286142028441423,1709046000000,-0.028657234643712007,-0.01267357261241846,-0.011295687447810898
ZECUSDT,1709049600000,2024,SHORT,0.024379141080815864,-0.0016077498716359274,1709053200000,-0.004522533365017531,0.002443708669400766,-0.0062565376143051375
ZECUSDT,1709211600000,2024,LONG,-0.003955197243367294,0.0025202636091075045,1709215200000,-0.007442524205134826,-0.033587804309457,-0.026987120278105025
ZECUSDT,1709218800000,2024,SHORT,0.004833733224657192,-0.00463223509446119,1709222400000,0.009135573602376998,0.04231069611396212,0.030434901633768153
ZECUSDT,1709226000000,2024,LONG,-0.0017725903295206357,0.020932859004027197,1709229600000,0.00034861426185388186,-0.019363393229654108,0.006949298293205944
ZECUSDT,1709240400000,2024,SHORT,0.03524819752158744,-0.00770941652565335,1709244000000,0.023014320324611173,-0.0263126915228599,-0.04381785792906053
ZECUSDT,1709244000000,2024,LONG,-0.00770941652565335,0.010328984402388454,1709247600000,0.01623705165166142,0.042726327816119236,0.061715332704423344
ZECUSDT,1709251200000,2024,SHORT,0.008104652466961314,-0.019686697846507308,1709254800000,-0.007995870863876922,-0.013865040137171752,-0.02516072758498274
ZECUSDT,1709258400000,2024,LONG,-0.007818931769484484,0.051782819068270786,1709262000000,0.0038267571486268913,0.010057306899262892,0.013845842513836902
ZECUSDT,1709341200000,2024,SHORT,0.04785213825616768,-0.007281748907853897,1709344800000,-0.0072872134336845005,-0.024627742816420002,-0.04199152312094776
ZECUSDT,1709344800000,2024,LONG,-0.007281748907853897,0.04433314497568756,1709348400000,0.023484445233069327,0.02412898279969442,0.027987508487223936
ZECUSDT,1709982000000,2024,SHORT,0.010514042862383286,-0.009335872267820742,1709985600000,0.0017011628712722208,0.00939241286396654,0.02961262805273345
ZECUSDT,1709985600000,2024,LONG,-0.009335872267820742,0.009545957189364476,1709989200000,0.0008511846165779574,-0.016023232656214116,-0.013718420342345038
ZECUSDT,1709996400000,2024,SHORT,0.01672207694341519,-0.009931399082462723,1710000000000,0.008901709893523822,0.030476890794317143,0.012368919376777155
ZECUSDT,1710000000000,2024,LONG,-0.009931399082462723,0.006098400130714592,1710003600000,-0.010143544442740477,-0.014229948261131272,-0.007815932102952153
ZECUSDT,1710180000000,2024,SHORT,0.006983618934636163,-0.03707098044535976,1710183600000,0.0017467253349417598,-0.01987106419738346,0.013175421158564517
ZECUSDT,1710183600000,2024,LONG,-0.03707098044535976,0.023536756513685482,1710187200000,0.0049397165677134225,0.017040123501800897,-0.01941237429661749
ZECUSDT,1710190800000,2024,SHORT,0.03722699406554171,-0.04728584891159378,1710194400000,0.002847382333804377,0.009714362107981354,0.051936992530327936
ZECUSDT,1710208800000,2024,LONG,-0.038738800450105304,0.023055584733670906,1710212400000,-0.02104127202348789,-0.03276130069694973,-0.0663275325200782
ZECUSDT,1710565200000,2024,SHORT,0.06439015500431047,-0.002525689559331303,1710568800000,-0.004074602095567743,0.003460755381078004,0.08484378729831676
ZECUSDT,1710568800000,2024,LONG,-0.002525689559331303,0.00738826365116432,1710572400000,0.004369545029672505,-0.016398979925300563,-0.11069218894344515
ZECUSDT,1710590400000,2024,SHORT,0.0017216526375486158,-0.018155548174069287,1710594000000,0.01955323273300109,0.016212100323165935,0.06683850572301277
ZECUSDT,1710594000000,2024,LONG,-0.018155548174069287,0.011164428749013725,1710597600000,0.0036734053663088884,-0.021644402617981014,-0.024726069155389118
ZECUSDT,1710597600000,2024,SHORT,0.011164428749013725,-0.02063357726629898,1710601200000,-0.0069779316199063,0.046758218632612814,0.019189277587626168
ZECUSDT,1710612000000,2024,LONG,-0.015328570390487094,0.023631893057092554,1710615600000,0.011468414141318928,0.014917882894576484,-0.017275240119554697
ZECUSDT,1710615600000,2024,SHORT,0.023631893057092554,-0.0009559635817192501,1710619200000,-0.008258821891301723,-0.005857036554194029,0.0255481961894329
ZECUSDT,1710619200000,2024,LONG,-0.0009559635817192501,0.0044420257828861175,1710622800000,-0.00549829563859785,-0.02357945582003468,-0.0044650597967193515
ZECUSDT,1710622800000,2024,SHORT,0.0044420257828861175,-0.008030961848115237,1710626400000,-0.0006889425005535614,-0.004812659684415678,-0.0013774106860950765
ZECUSDT,1710633600000,2024,LONG,-0.011271561325180191,0.019104746903488082,1710637200000,0.023244758630640624,0.025642430613337652,0.012903404835908001
ZECUSDT,1710637200000,2024,SHORT,0.019104746903488082,-0.027642109930842606,1710640800000,-0.008533931293661385,0.008953227851375463,-0.004446732143391568
ZECUSDT,1710658800000,2024,LONG,-0.01860701049967684,0.01221461259086386,1710662400000,0.030051178171899118,0.03451623796861842,0.05453386990166383
ZECUSDT,1710810000000,2024,SHORT,0.013599242430595643,-0.0007426717710651685,1710813600000,-0,0.008044479313833012,0.022767720866726814
ZECUSDT,1710813600000,2024,LONG,-0.0007426717710651685,0.0064283376926732045,1710817200000,0,-0.020420667213761453,-0.02314918186696552
ZECUSDT,1710892800000,2024,SHORT,0.028972207309485166,-0.0029140646915511684,1710896400000,0.02523793258986265,0.030041784902507977,-0.03820174222566249
ZECUSDT,1710896400000,2024,LONG,-0.0029140646915511684,0.006244908042415173,1710900000000,0.02054596177222133,-0.007211569715560475,0.05362590108532393
ZECUSDT,1710900000000,2024,SHORT,0.006244908042415173,-0.017683829973054826,1710903600000,0.021344683859412385,0.007458327016853659,-0.041369361308758255
ZECUSDT,1710950400000,2024,LONG,-0.0041054635727846515,0.014988067388591542,1710954000000,0.020917286687363007,0.08540876117817527,0.10601364590368449
ZECUSDT,1710957600000,2024,SHORT,0.03219350054206721,-0.0410761748904179,1710961200000,-0.013340742295248233,-0.029329713221836466,-0.046107457355185094
ZECUSDT,1710972000000,2024,LONG,-0.0010654486984589032,0.00542408911168242,1710975600000,0,0.031924987429184225,0.017130291290181954
ZECUSDT,1711026000000,2024,SHORT,0.02464549680856961,-0.0021592009392603683,1711029600000,-0.003102915780404521,-0.009964006160349962,0.004845976946139644
ZECUSDT,1711029600000,2024,LONG,-0.0021592009392603683,0.0024542612018522572,1711033200000,0.003435248998320617,-0.008640109045699777,-0.006213344117511323
ZECUSDT,1711036800000,2024,SHORT,0.0012016395801699436,-0.008293406760057107,1711040400000,0.019299735658726818,0.007067167223092443,0.01998373021343779
ZECUSDT,1711069200000,2024,LONG,-0.007138632294391384,0.008224215648185802,1711072800000,0.0017328023743147778,0.015146589053483815,-0.02849797074144988
ZECUSDT,1711090800000,2024,SHORT,0.03560679052256894,-0.06888515932500454,1711094400000,0.00578134580873405,0.03555163016547845,0.022981632255808793
ZECUSDT,1711159200000,2024,LONG,-0.015648767164475184,0.00454773416601469,1711162800000,-0.007649550514095203,-0.002080444578406745,0.018531758891059808
ZECUSDT,1711177200000,2024,SHORT,0.010821657257747287,-0.004729987506781621,1711180800000,0.0062500203451712946,-0.0003460806402424368,-0.005522968819776455
ZECUSDT,1711180800000,2024,LONG,-0.004729987506781621,0.028035060434793653,1711184400000,0.0017406444777841182,0.011432655270963203,0.016243661114054734
ZECUSDT,1711188000000,2024,SHORT,0.00478701599251507,-0.004031170127213101,1711191600000,-0.0024250834680757307,-0.01991824091559291,-0.010008711678174438
ZECUSDT,1711198800000,2024,LONG,-0.008404568393617376,0.014219334554631115,1711202400000,0.015073940784644638,0.006194101015242238,0.008592594541294489
ZECUSDT,1711202400000,2024,SHORT,0.014219334554631115,-0.028860852576780702,1711206000000,0.002042206291798177,0.008536845425446239,0.013694154432590977
ZECUSDT,1711332000000,2024,LONG,-0.01003641931519444,0.032608690521624024,1711335600000,0.0016658341350163117,-0.0006671114323458264,0.009953632278228212
ZECUSDT,1711918800000,2024,SHORT,0.03130898641193153,-0.0060085257542545996,1711922400000,-0.00494968837626015,0.000330851946773191,0.032955235113501215
ZECUSDT,1711940400000,2024,LONG,-0.01870143072311295,0.009797783637732427,1711944000000,-0.003960401216097017,-0.02400115209954301,-0.07026414787823722
ZECUSDT,1722304800000,2024,SHORT,0.12165840506788343,-0.002609506993295081,1722308400000,0.0018137852614596645,0.03129089643738929,0.028179506248438173
ZECUSDT,1722319200000,2024,LONG,-0.006933982591271322,0.009754575843001715,1722322800000,-0.008135213827764155,0.006832324714641292,-0.01033681874283061
ZECUSDT,1722322800000,2024,SHORT,0.009754575843001715,-0.02275957018114344,1722326400000,-0.0037629395295422892,-0.008446788841968747,0.002516515955300799
ZECUSDT,1722326400000,2024,LONG,-0.02275957018114344,0.002353178894354378,1722330000000,-0.004392853000735216,0.010898441983317507,0.0015642111745602344
ZECUSDT,1722330000000,2024,SHORT,0.002353178894354378,-0.0040797920615219235,1722333600000,-0.01559607407535421,-0.01745136217710012,0.005990873979726668
ZECUSDT,1722333600000,2024,LONG,-0.0040797920615219235,0.00793140900452237,1722337200000,-0.006211200092640524,-0.0034113849178940784,-0.008706522660042038
ZECUSDT,1722340800000,2024,SHORT,0.014679789241573328,-0.006348517433390878,1722344400000,-0.0024744831679689903,0.015605809847472488,0.010272463872109883
ZECUSDT,1722344400000,2024,LONG,-0.006348517433390878,0.01626618145128351,1722348000000,-0.00557622262743618,-0.02565847895093067,-0.015566939508907805
ZECUSDT,1722452400000,2024,SHORT,0.0421727542630234,-0.016372079258433737,1722456000000,-0.022145795904743325,-0.06831019022990456,-0.04013077679756121
ZECUSDT,1722466800000,2024,LONG,-0.024989295029511988,0.03924732527480378,1722470400000,-0.008398369698831494,-0.015956984672758207,-0.033716177683121594
ZECUSDT,1722488400000,2024,SHORT,0.003667918419875553,-0.00834031884815126,1722492000000,0.00030632562653372055,0.0009192585295723275,0.030159288776214932
ZECUSDT,1722520800000,2024,LONG,-0.024195183368107217,0.010768462611637896,1722524400000,-0.0015770386488791702,-0.025212760450184103,-0.041833641686224485
ZECUSDT,1722524400000,2024,SHORT,0.010768462611637896,-0.001392091928698651,1722528000000,0.013666190763814541,0.010152371464017962,0.06791120561621039
ZECUSDT,1722531600000,2024,LONG,-0.021778271736178783,0.020191307118718752,1722535200000,-0.02363572180130504,-0.0009474183560399392,-0.057827086549584406
ZECUSDT,1722564000000,2024,SHORT,0.03115665219823495,-0.034148324014499416,1722567600000,0.027654602578864967,0.011900966908441963,-0.08289512848399856
ZECUSDT,1722567600000,2024,LONG,-0.034148324014499416,0.0559262941383333,1722571200000,0.02272065662150901,0.03323669175069378,0.1039062651013829
ZECUSDT,1722664800000,2024,SHORT,0.023593208246083533,-0.024422117125347687,1722668400000,-0.0003004356339255779,0.009661910911736859,0.027724548014854973
ZECUSDT,1722672000000,2024,LONG,-0.018816066053928385,0.0374998431066076,1722675600000,0.005105882845033758,-0.011812949726710353,-0.040872181466640956
ZECUSDT,1722726000000,2024,SHORT,0.002211673236788581,-0.014716634173898454,1722729600000,0.009808653232485554,0.001890955495700158,0.0009450307838308314
ZECUSDT,1722790800000,2024,LONG,-0.12091378404867278,0.0016929629865465939,1722794400000,-0.006553103398390855,0.01940552485774829,-0.1339980499665112
ZECUSDT,1722801600000,2024,SHORT,0.011650295309815453,-0.0018391361354431694,1722805200000,0.020292389394616448,0.06015392281974703,0.09889475113617763
ZECUSDT,1722805200000,2024,LONG,-0.0018391361354431694,0.013101983900411488,1722808800000,-0.00032035880459784915,-0.0971376012448609,-0.0845102850940125
ZECUSDT,1722927600000,2024,SHORT,0.027462343687564207,-0.005964887960272617,1722931200000,0.017233067123775443,-0.04391269078110087,-0.07640253791021712
ZECUSDT,1722942000000,2024,LONG,-0.01872800057796155,0.05635135813842964,1722945600000,0.01558307888739287,0.04112963950037716,0.019362610945616
ZECUSDT,1723608000000,2024,SHORT,0.027506594474635524,-0.04318381703354457,1723611600000,0.004269189722007639,0.004044040559736967,0.04400343259246583
ZECUSDT,1723636800000,2024,LONG,-0.008572804243516063,0.004507051761511474,1723640400000,-0.011900735483718453,-0.010024562325490614,-0.024895602340086278
ZECUSDT,1723651200000,2024,SHORT,0.008273148184244133,-0.0036584174640357527,1723654800000,-0.0023402772207070854,0.005167970158442561,-0.00023427433631793344
ZECUSDT,1723726800000,2024,LONG,-0.039903695628497736,0.0038848524207307986,1723730400000,-0.013641470365776938,-0.012437376300972339,-0.004287762643485977
ZECUSDT,1723730400000,2024,SHORT,0.0038848524207307986,-0.0021077949373682005,1723734000000,-0.006006024060211949,0.005315306063345306,-0.010546598237121247
ZECUSDT,1723737600000,2024,LONG,-0.00021356709653220967,0.0038658772054644274,1723741200000,-0.006238024067016542,-0.00913028927916328,0.009284675673492395
ZECUSDT,1723744800000,2024,SHORT,0.0007180732416194621,-0.039103713941638966,1723748400000,-0.0014520815717014811,-0.03029450513539009,-0.02935421357574831
ZECUSDT,1723885200000,2024,LONG,-0.017913320900275687,0.09321893361189407,1723888800000,-0.004607241506053379,0.0004595588316175123,-0.000919751731887982
ZECUSDT,1724054400000,2024,SHORT,0.021793354293085824,-0.054259521332574126,1724058000000,0.001188636773728941,0.007631804273395333,0.005479465764625708
ZECUSDT,1724065200000,2024,LONG,-0.037416782079339676,0.035109048669359044,1724068800000,-0.0004786979507400053,-0.0023957845671185793,0.003105963552962813
ZECUSDT,1724374800000,2024,SHORT,0.042422827458488514,-0.008354669271975578,1724378400000,0.005846545277501776,0.010499424983153536,0.025087395389042692
ZECUSDT,1724464800000,2024,LONG,-0.028970567334924254,0.05633818647331023,1724468400000,0.0007240256138659976,0.004095897787382206,0.04968649959676796
ZECUSDT,1724637600000,2024,SHORT,0.012132028511295478,-0.04137744939980245,1724641200000,-0.0020065218670895224,0.002010556093211921,-0.017422043446664415
ZECUSDT,1724691600000,2024,LONG,-0.025633804114176394,0.04781245184094261,1724695200000,-0.01609321106295976,-0.03678453100183478,-0.03542786277041544
ZECUSDT,1724702400000,2024,SHORT,0.0029327786476717353,-0.004018704176131169,1724706000000,0.010533520757130784,0.011076703823174857,0.025579625967168753
ZECUSDT,1724706000000,2024,LONG,-0.004018704176131169,0.011761678714256481,1724709600000,0.00541419839087232,-0.0008146639961763357,-0.016144830086422434
ZECUSDT,1724720400000,2024,SHORT,0.04272463666022373,-0.03527534530216105,1724724000000,-0.00027170221604472255,-0.0021715535135079325,0.014231219927949252
ZECUSDT,1724792400000,2024,LONG,-0.025728423972533245,0.06175962739211526,1724796000000,-0.001394505873733017,-0.01177473654453353,-0.04009065666182151
ZECUSDT,1724864400000,2024,SHORT,0.005044988901738858,-0.005181359693371759,1724868000000,-0.021845528925979858,-0.03288876904579947,-0.037035694419955044
ZECUSDT,1724868000000,2024,LONG,-0.005181359693371759,0.024266183436618544,1724871600000,-0.005113562052554196,0.00628086407541458,0.01636697746420541
ZECUSDT,1724907600000,2024,SHORT,0.013360126093801463,-0.006136950957746144,1724911200000,-0.0023640672948806916,-0.011472401162236781,-0.010594566431395894
ZECUSDT,1724929200000,2024,LONG,-0.007299324771873943,0.010919644303219081,1724932800000,0.010244491761304823,0.006159280360534867,-0.0232153283193695
ZECUSDT,1724936400000,2024,SHORT,0.010220621740427193,-0.010145683299859959,1724940000000,-0.004070956480021977,0.004672905699392482,0.03528905830795701
ZECUSDT,1724954400000,2024,LONG,-0.0036886373989274425,0.005468114580403423,1724958000000,-0.003625381614316857,0.003011143497687422,0.0024096397201533296
ZECUSDT,1724958000000,2024,SHORT,0.005468114580403423,-3.0321816603142884e-05,1724961600000,-0.006335818449085924,-0.005132086735877856,0.0015144634122871933
ZECUSDT,1724961600000,2024,LONG,-3.0321816603142884e-05,0.0036439721753191933,1724965200000,-0.00180614136998,-0.0012037317132079358,-0.006941328609881144
ZECUSDT,1724965200000,2024,SHORT,0.0036439721753191933,-0.019496487587954883,1724968800000,-0.0015044383761264116,0.0024118190768506343,0.004526942995777069
ZECUSDT,1724968800000,2024,LONG,-0.019496487587954883,0.0005304451524407283,1724972400000,-0.001504438376126315,-0.0027096208058204514,-0.001504438376126315
ZECUSDT,1724972400000,2024,SHORT,0.0005304451524407283,-0.010175497531518902,1724976000000,-0,0.0033177530056379533,0.0036199134551343527
ZECUSDT,1724976000000,2024,LONG,-0.010175497531518902,0.006594438905374981,1724979600000,-0.0027128878733442634,0.004205473305397156,-0.0024110921867319226
ZECUSDT,1724994000000,2024,SHORT,0.01714433476988129,-0.00021242726229618296,1724997600000,-0.0006018658020988124,0.004828011792270617,0.01914661133567846
ZECUSDT,1725001200000,2024,LONG,-0.0035069559203934784,0.007983322394106745,1725004800000,0.0006058770255018299,0.002723560467040742,0.012048338516174355
ZECUSDT,1725019200000,2024,SHORT,0.0061159043360208415,-0.013363700011443106,1725022800000,-0.006316760363215961,0.018885727318806944,0.008484899389294842
ZECUSDT,1725030000000,2024,LONG,-0.03480612681314469,0.008288884579452404,1725033600000,0.014870162479451407,0.04157077778249615,0.025270990408963502
ZECUSDT,1725037200000,2024,SHORT,0.004211548796454686,-0.026826404699097854,1725040800000,-0.021251558737463327,-0.017338837417623935,-0.0082506197596517
ZECUSDT,1725066000000,2024,LONG,-0.005834595451896096,0.008452672995916776,1725069600000,-0.0027359798188746377,-0.002431612140372221,-0.005479465764625596
ZECUSDT,1725076800000,2024,SHORT,0.027182449623267234,-0.0030894546661425657,1725080400000,0.004857325882859989,0.010044217755862882,0.016488923198504955
ZECUSDT,1725080400000,2024,LONG,-0.0030894546661425657,0.008712661496494944,1725084000000,0.0012161752791205764,-0.0033521286912593243,-0.023081498597567147
ZECUSDT,1725087600000,2024,SHORT,0.016212389463486198,-0.0054524960088070795,1725091200000,0.00030585716708856096,-0.007919627138063224,0.010761056956298146
ZECUSDT,1725091200000,2024,LONG,-0.0054524960088070795,0.008521395440263884,1725094800000,0.0024449889930664398,0.0042748156701428045,-0.005830920310793099
ZECUSDT,1725127200000,2024,SHORT,0.0060044158725867875,-0.008563135304350948,1725130800000,0.0006180469912432997,-0.008612787784287073,0.004334372110806495
ZECUSDT,1725130800000,2024,LONG,-0.008563135304350948,0.03189379435328205,1725134400000,0.004318328734099449,-0.0055796796959746075,0.0006180469912432654
ZECUSDT,1725156000000,2024,SHORT,0.03593981398194853,-0.011148058403645526,1725159600000,-0.0056267732075149105,-0.010291686036547506,0.018668474452484554
ZECUSDT,1725159600000,2024,LONG,-0.011148058403645526,0.006203024545764204,1725163200000,0.00806956582514396,0.008687612816387361,-0.011912366571509604
ZECUSDT,1725231600000,2024,SHORT,0.01760424850960098,-0.006157635553671421,1725235200000,0.003752349618550464,0.006490202115889215,0.01440354119152447
ZECUSDT,1725501600000,2024,LONG,-0.013384199033036727,0.0003879802268461883,1725505200000,-0.015079106827120192,-0.0010209291341071224,-0.010256500167188997
ZECUSDT,1725544800000,2024,SHORT,0.024219033231279892,-0.001983780910719899,1725548400000,0.0058610752165462595,0.0030986425206362476,-0.004801106616044421
ZECUSDT,1725552000000,2024,LONG,-0.00011245707902994738,0.005562408711346027,1725555600000,0.007957142831957361,0.001388407026226209,-0.021415598153550337
ZECUSDT,1725555600000,2024,SHORT,0.005562408711346027,-0.0033030104456023912,1725559200000,0.0006894174695677704,0.003797691427787037,0.0415114119898229
ZECUSDT,1725562800000,2024,LONG,-0.007257906362863887,1.0519739614717509e-05,1725566400000,0.002430978797464694,0.003471020492878741,-0.040083393917520915
ZECUSDT,1725584400000,2024,SHORT,0.01764629181156911,-0.0013561378795017226,1725588000000,-0.0034270081518113543,0.045294735505124355,0.07889906619481603
ZECUSDT,1725591600000,2024,LONG,-0.006985776302066643,0.004662593411289426,1725595200000,-0.004249298178657768,-0.023959665713866787,-0.05557994711693078
ZECUSDT,1725595200000,2024,SHORT,0.004662593411289426,-0.003318238759790233,1725598800000,0.011428695823622744,0.025900728432157124,0.039107083245767504
ZECUSDT,1725598800000,2024,LONG,-0.003318238759790233,0.029791168171381412,1725602400000,-0.005041422272926152,-0.013743435126393826,-0.029526475177862613
ZECUSDT,1725624000000,2024,SHORT,0.08226036960403095,-0.007847583394992454,1725627600000,0.018767800172984725,0.012841856905437658,0.0150599724174591
ZECUSDT,1725627600000,2024,LONG,-0.007847583394992454,0.02360609831502531,1725631200000,-0.001486989121578367,0.004077855511829168,0.0018556323751115346
ZECUSDT,1725638400000,2024,SHORT,0.006557353386881577,-0.01323249243741985,1725642000000,0.0014787433378535585,0.028477008574008544,-0.007727729349051466
ZECUSDT,1725645600000,2024,LONG,-0.01906392789546995,0.0032302240609347484,1725649200000,0.0037467260016087306,0.005241494590838192,0.031772159000337294
ZECUSDT,1725678000000,2024,SHORT,0.009567215967156983,-0.004209515142850125,1725681600000,-0.0073583849311871785,-0.010652075008513602,-0.04017185708194708
ZECUSDT,1725714000000,2024,LONG,-0.010129476811429327,0.036880899306636426,1725717600000,-0.008755090068511176,-0.03296417553897608,-0.03657428776307583
ZECUSDT,1725829200000,2024,SHORT,0.01243147053809999,-0.005065600754341077,1725832800000,-0.0014545457109943617,-0.010857869972049086,-0.0294033372950434
ZECUSDT,1725832800000,2024,LONG,-0.005065600754341077,0.0026448493278045967,1725836400000,0.005797117684325915,0.0036271349160032097,0.031123957419737044
ZECUSDT,1725836400000,2024,SHORT,0.0026448493278045967,-0.003589862655966962,1725840000000,-0.007196864456527004,0.0087051692273309,-0.018959609241797334
ZECUSDT,1725847200000,2024,LONG,-0.009390187437115331,0.007758948195446747,1725850800000,-0.006173980025606449,0.007215038514150693,0.025381165861279108
ZECUSDT,1725854400000,2024,SHORT,0.002820394626807227,-0.015089457628074553,1725858000000,-0.005087220273655187,-0.033318503776356916,-0.04870342261583646
ZECUSDT,1725894000000,2024,LONG,-0.013577263606252924,0.003421907990431301,1725897600000,0.014680445404215764,0.02434902901028655,0.02159610228888151
ZECUSDT,1725926400000,2024,SHORT,0.020960459208331565,-0.0036445984593779274,1725930000000,-0,0.002055499182095999,-0.05557910060793699
ZECUSDT,1725930000000,2024,LONG,-0.0036445984593779274,0.039487673432212704,1725933600000,-0.0017126224429232406,0.006821308850738173,0.03662428474715845
ZECUSDT,1726394400000,2024,SHORT,0.014502528675182414,-0.005495469268484954,1726398000000,0.0029320757282294383,0.01145113118174805,0.04559099289992104
ZECUSDT,1726412400000,2024,LONG,-0.0016702112122126806,0.004814967955596638,1726416000000,-0.013866184531726894,-0.019533810971509333,-0.0449287764729085
ZECUSDT,1727769600000,2024,SHORT,0.05405896073027978,-0.05509989874260342,1727773200000,0.0010561521840748295,-0.00035180299395374837,0.05943778240592819
ZECUSDT,1727802000000,2024,LONG,-0.030641496441019128,0.01121466687795246,1727805600000,-0.0063373930650173676,-0.004842624475787903,0.009983443984183205
ZECUSDT,1727812800000,2024,SHORT,0.016220094736433564,-0.002709295182999866,1727816400000,-0.00037348273076547305,-0.0011200299845499052,-0.020703142407715418
ZECUSDT,1727816400000,2024,LONG,-0.002709295182999866,0.0018606520658980814,1727820000000,-0.013150668573031805,0.00484082122000971,-0.0003733432934908641
ZECUSDT,1727823600000,2024,SHORT,0.012397275872266971,-0.0003255498218138977,1727827200000,-0.006739074549845519,-0.02522388922394855,0.00037572797736783935
ZECUSDT,1727827200000,2024,LONG,-0.0003255498218138977,0.002131990604542121,1727830800000,0.004094552528659259,0.013338471190388512,-0.007487867258270039
ZECUSDT,1727830800000,2024,SHORT,0.002131990604542121,-0.00019834813805752526,1727834400000,-0.00850754160341736,-0.009611903946470563,-0.005187117966114907
ZECUSDT,1727895600000,2024,LONG,-0.005687519720877145,0.006083675193393831,1727899200000,0.00653722766456301,-0.0015444018513742473,-0.015552413007484884
ZECUSDT,1727899200000,2024,SHORT,0.006083675193393831,-0.009684143923960874,1727902800000,0.009237940984936362,0.0023014969882792745,0.04426021003696598
ZECUSDT,1727946000000,2024,LONG,-0.008403276789079464,0.007395959901279419,1727949600000,0.005927699633275206,-0.0007930214531378739,0.015729777723013313
ZECUSDT,1727949600000,2024,SHORT,0.007395959901279419,-0.003088603512461674,1727953200000,0.00989911073074075,0.015485717439380667,-0.01136153259680762
ZECUSDT,1727953200000,2024,LONG,-0.003088603512461674,0.0011563648739895303,1727956800000,0.0051597653668444465,0.0027816429618767705,0.01892054865593306
ZECUSDT,1727956800000,2024,SHORT,0.0011563648739895303,-0.005783135119333743,1727960400000,0.0019813757225166373,0.005557775322347179,-0.002767347091238775
ZECUSDT,1727960400000,2024,LONG,-0.005783135119333743,0.004250179608467104,1727964000000,-0.009161585689912453,0.0027717301451002704,0.02544666566116439
ZECUSDT,1728068400000,2024,SHORT,0.13496784124735112,-0.0067134088135260275,1728072000000,-0.004472612748512143,-0.00037348273076547305,-0.006701439822745103
ZECUSDT,1728072000000,2024,LONG,-0.0067134088135260275,0.0008297942828723141,1728075600000,-0.005967940129945651,0.002599815763332886,0.0066716333454364535
ZECUSDT,1728129600000,2024,SHORT,0.0071405341134608636,-0.0009462614227174391,1728133200000,0.010846093309390212,-0.001078167220345445,0.0032414939241709557
ZECUSDT,1728262800000,2024,LONG,-0.015691098469077062,0.0010852723408773407,1728266400000,-0.0034305350967891368,0.026361783400215662,-0.0013708021337786036
ZECUSDT,1728266400000,2024,SHORT,0.0010852723408773407,-0.0014456334317515748,1728270000000,-0.02209095781419186,-0.0354467489957475,-0.005483221414531401
ZECUSDT,1728295200000,2024,LONG,-0.0056064071804732465,0.007108942562946836,1728298800000,0.007166043291667525,0.0020526863177422615,-0.007217766340671977
ZECUSDT,1728298800000,2024,SHORT,0.007108942562946836,-0.02343311609625523,1728302400000,0.007166043291667667,0.008536845425446239,0.015419185048388006
ZECUSDT,1728561600000,2024,LONG,-0.017168010763354783,0.028853826399421956,1728565200000,-0.00971824946892134,0.004823936030853004,0.11095412653906708
ZECUSDT,1728572400000,2024,SHORT,0.011277474106147151,-0.028633661573932295,1728576000000,0.0006414368404661348,-0.022508479171086823,-0.1203802086897002
ZECUSDT,1728612000000,2024,LONG,-0.021630937300054554,0.057984510302064175,1728615600000,0.0037021258288131103,0.01781469423120969,0.025631596122820437
ZECUSDT,1729090800000,2024,SHORT,0.01057226062426694,-0.000582357251958305,1729094400000,-0.0024086723809115074,-0.0127797266463988,0.0005360493293732507
ZECUSDT,1729094400000,2024,LONG,-0.000582357251958305,0.01773409991595817,1729098000000,-0.0010695188185267251,-0.005090432961318121,-0.057189853954393216
ZECUSDT,1729112400000,2024,SHORT,0.006144160176956705,-0.0023243198288354972,1729116000000,-0.0024380345274302557,-0.006218757367336457,0.041816974476610376
ZECUSDT,1729116000000,2024,LONG,-0.0023243198288354972,0.022316321844214938,1729119600000,-0.0005412720023895862,-0.0005412720023895862,-0.042841980649671166
ZECUSDT,1729148400000,2024,SHORT,0.005149068049534463,-0.006224116465544608,1729152000000,-0.007621772958525185,0.002553555083127162,-0.024077310917594942
ZECUSDT,1729152000000,2024,LONG,-0.006224116465544608,0.006980399017181626,1729155600000,-0.005358918479807102,-0.013023966654125968,0.01202307227313725
ZECUSDT,1729166400000,2024,SHORT,0.013850186392598702,-0.017087599150894823,1729170000000,-0.013586396365239894,-0.034452364137968636,-0.018913760710189517
ZECUSDT,1729173600000,2024,LONG,-0.01467207939807301,0.01115705054098476,1729177200000,-0.0025129149060603225,0.0005575690136085463,0.00833106734698888
ZECUSDT,1729184400000,2024,SHORT,0.01120021984598355,-0.006431845425988996,1729188000000,0.00694350796895345,-0.0005534034452246657,0.011972856373955437
ZECUSDT,1729191600000,2024,LONG,-0.0005221259358985188,0.008263410549240582,1729195200000,-0.0047137200823867435,-0.0008302200559890197,-0.0008302200559890197
ZECUSDT,1729198800000,2024,SHORT,0.011027906561444317,-0.007787452925354674,1729202400000,0.003046671793017691,0.0016606701851403336,0.003046671793017691
ZECUSDT,1729202400000,2024,LONG,-0.007787452925354674,0.00010152060499394766,1729206000000,0.001939864817826676,0.0030466717930177083,0.0024934214331245284
ZECUSDT,1729216800000,2024,SHORT,0.0008986298469936554,-0.031038671621140518,1729220400000,0.00916800420711327,0.009447138891409945,0.009726351513634282
ZECUSDT,1729346400000,2024,LONG,-0.0017205000021937073,0.0062228594542208275,1729350000000,0.004705891037412714,0.011586336510379948,0.018419764768605754
ZECUSDT,1729350000000,2024,SHORT,0.0062228594542208275,-0.003505357522559193,1729353600000,0.0008286148796163138,-0.003857816854010811,-0.0041328065436303015
ZECUSDT,1729353600000,2024,LONG,-0.003505357522559193,0.005091725934585363,1729357200000,0.0057859370670439265,0.021323935372889544,-0.0011058889708773039
ZECUSDT,1729357200000,2024,SHORT,0.005091725934585363,-0.011166024657773731,1729360800000,-0.0019217576264485947,-0.01554223514941489,0.0068937264599860625
ZECUSDT,1729368000000,2024,LONG,-0.01205175363106735,0.005819355637751115,1729371600000,-0.0005409791854952886,-0.0005409791854952886,-0.026580548298194857
ZECUSDT,1729371600000,2024,SHORT,0.005819355637751115,-0.007791349277572021,1729375200000,0.001624695727001922,-0.0002705261750571748,0.017467693040390832
ZECUSDT,1729386000000,2024,LONG,-0.0018504015670861454,0.004800831584974317,1729389600000,-0.006787049264740472,-0.02243596160940099,-0.010334603810763827
ZECUSDT,1729393200000,2024,SHORT,0.011984445598838017,-0.0018005600468580022,1729396800000,0.006067310394123953,0.007174423709531212,-0.006030720032217866
ZECUSDT,1729400400000,2024,LONG,-0.008511553287750197,0.00047096465941907066,1729404000000,0.0016588336676429955,0.004968268569010062,0.012647955243238205
ZECUSDT,1729407600000,2024,SHORT,0.005447488484823169,-0.00596913484791973,1729411200000,0.002496187678051411,-0.006350980894275301,-0.014847674467094316
ZECUSDT,1729418400000,2024,LONG,-0.005937833838805808,0.0009979772800972847,1729422000000,0.00330852245556072,0.01398624197473987,0.022122983367801746
ZECUSDT,1729422000000,2024,SHORT,0.0009979772800972847,-0.004057306909628686,1729425600000,0.01079595260766517,-0.007406425298023024,-0.016384855901558824
ZECUSDT,1729461600000,2024,LONG,-0.0035920685713321846,0.012493257057127125,1729465200000,-0.0024347367634130796,-0.023787861233982126,0.03321681761404218
ZECUSDT,1729468800000,2024,SHORT,0.009487807449968317,-0.012208213873335544,1729472400000,-0.0008195602152491295,-0.011142933613108932,-0.030150332239150243
ZECUSDT,1729476000000,2024,LONG,-0.005375075495142142,0.0035948864416747045,1729479600000,-0.0005534034452247242,0.06867931380360255,0.04357339267252631
ZECUSDT,1729479600000,2024,SHORT,0.0035948864416747045,-0.025597603737118665,1729483200000,-0.02379436748467556,-0.0687160548761873,-0.03615015185639362
ZECUSDT,1729486800000,2024,LONG,-0.008420993066824195,0.0036996676772805344,1729490400000,0.049772051021269983,0.03990952623039236,0.009186770906191865
ZECUSDT,1729490400000,2024,SHORT,0.0036996676772805344,-0.01570523977934533,1729494000000,0.0007748934909245766,0.012209529514554023,0.038962548701092205
ZECUSDT,1729666800000,2024,LONG,-0.006041664636211567,0.00028121800590055415,1729670400000,-0.007896855988595401,-0.016656036078477123,-0.008689982269431455
ZECUSDT,1729670400000,2024,SHORT,0.00028121800590055415,-0.008731930855717692,1729674000000,-0.0023762387418831653,-0.0005285412385198995,0.004503915415931624
ZECUSDT,1729674000000,2024,LONG,-0.008731930855717692,0.00485073467690471,1729677600000,-0.0021124908833055236,-0.0007916612103658542,-0.009275275188181147
ZECUSDT,1729677600000,2024,SHORT,0.00485073467690471,-0.03418049560393103,1729681200000,0.008494874551141885,0.003177127374672013,0.000793336019395874
ZECUSDT,1729900800000,2024,LONG,-0.014836316199816452,0.003017751768264749,1729904400000,-0.012198654179349483,-0.004695492676194361,-0.011919753047992143
ZECUSDT,1729904400000,2024,SHORT,0.003017751768264749,-0.04954028889402073,1729908000000,-0.005005572186766952,-0.004728141195945896,-0.00027874564640430107
ZECUSDT,1729926000000,2024,LONG,-0.05325185791858868,0.00864173356646481,1729929600000,-0.00471895393395348,-0.001108340373918774,-0.03436958009068355
ZECUSDT,1729933200000,2024,SHORT,0.006248252456139951,-0.003413943251466529,1729936800000,-0.000555401291700105,0.0033389012655145986,0.028456632076513288
ZECUSDT,1729947600000,2024,LONG,-0.0025380831972132054,0.005308726014492445,1729951200000,-0.026555232725450555,-0.019992218727215023,-0.03373813963185
ZECUSDT,1729951200000,2024,SHORT,0.005308726014492445,-0.006027992077850159,1729954800000,-0.0017162475608562162,-0.0005724098610787883,0.014417781468308176
ZECUSDT,1729980000000,2024,LONG,-0.005068060658146067,0.002570741488102996,1729983600000,-0.007207757887492625,-0.010976424472915256,-0.036271890831404016
ZECUSDT,1730012400000,2024,SHORT,0.01741458571197802,-0.07797296297428967,1730016000000,-0.0035853041094722144,0.005101286381417595,-0.06517435606632917
ZECUSDT,1730062800000,2024,LONG,-0.005725254982491887,0.0006987154880491993,1730066400000,0.020619287202735825,0.04397491357987067,0.04292504471703405
ZECUSDT,1730066400000,2024,SHORT,0.0006987154880491993,-0.02090995321119723,1730070000000,-0.029371075404398907,-0.027805313080336645,-0.031454952167886206
ZECUSDT,1730070000000,2024,LONG,-0.02090995321119723,0.07756468864091248,1730073600000,0.009085072222471057,-0.017094433359300068,-0.009168368086879443
ZECUSDT,1730073600000,2024,SHORT,0.07756468864091248,-0.0004977376771976623,1730077200000,0.015100521249734952,0.034436311046713824,0.01641302964133026
ZECUSDT,1730080800000,2024,LONG,-0.024434533625329425,0.014380552651916968,1730084400000,-0.01526747213078842,-0.03211954942211266,-0.012089503354442047
ZECUSDT,1730178000000,2024,SHORT,0.05788197587291228,-0.056554792180948874,1730181600000,0.0061440022310005876,-0.00345607149801862,-0.02472508908551109
ZECUSDT,1730206800000,2024,LONG,-0.008810300256109632,0.0002038532191954895,1730210400000,0.01610424414339025,0.007824766058229942,0.039281137939546976
ZECUSDT,1730210400000,2024,SHORT,0.0002038532191954895,-0.013591601287957394,1730214000000,0.0077599975539975,0.008539319583309347,-0.013055349898150733
ZECUSDT,1730214000000,2024,LONG,-0.013591601287957394,0.00897863959605634,1730217600000,0.010328002984298203,-0.011222876505410971,0.022582432568845928
ZECUSDT,1730444400000,2024,SHORT,0.03141109882385794,-0.0045972479791564465,1730448000000,-0.004912673635788405,-0.01789635616274381,-0.03336333116561014
ZECUSDT,1730451600000,2024,LONG,-0.0004107376874516206,0.0006975027597691226,1730455200000,0.0013522652500135325,0.024593594519492615,0.023801096789466677
ZECUSDT,1730462400000,2024,SHORT,0.007757438730175899,-0.019523147911487574,1730466000000,-0.0021147245523058067,0.0037115631154949784,-0.004751856882313295
ZECUSDT,1730476800000,2024,LONG,-0.00029166885518472374,0.010961387814052662,1730480400000,0.004506303185662704,0.0074113626696422335,0.007675040983628624
ZECUSDT,1730505600000,2024,SHORT,0.01018197714620631,-0.015465885640474767,1730509200000,-0,0.0007906180409195926,0.026426200793186642
ZECUSDT,1730512800000,2024,LONG,-0.018274622375322916,0.03216131588556812,1730516400000,-0.005741143117943918,-0.015207424693294728,-0.046061649516227876
ZECUSDT,1730534400000,2024,SHORT,0.023373337711807378,-0.027009277942325403,1730538000000,-0.006646309192583463,0.013967457799280143,0.016133719139236412
ZECUSDT,1730538000000,2024,LONG,-0.027009277942325403,0.0312887098715039,1730541600000,-0.005048502817856228,-0.024414358171287155,-0.02116055920512519
ZECUSDT,1730574000000,2024,SHORT,0.009428787091257933,-0.023240337567110563,1730577600000,-0.01337173696588924,-0.012558177598982203,-0.014184634991956602
ZECUSDT,1730588400000,2024,LONG,-0.016061498155886533,0.0004565531206735054,1730592000000,-0.0065306354553299655,-0.01502965851296055,-0.010634047039922498
ZECUSDT,1730602800000,2024,SHORT,0.011835463801943112,-0.008377574724667079,1730606400000,-0.011225306098483361,-0.016384855901558824,0.008294213985282394
ZECUSDT,1730606400000,2024,LONG,-0.008377574724667079,0.006497905248044864,1730610000000,-0.0021798373754208364,0.004616437254927561,-0.021458870183560064
ZECUSDT,1730624400000,2024,SHORT,0.014904734173020913,-0.030422512076683925,1730628000000,-0.014475194708864679,0.00275482267884462,-0.03646589047443673
ZECUSDT,1730628000000,2024,LONG,-0.030422512076683925,0.10235419104713543,1730631600000,-0.011176346402453746,-0.025533302005164762,0.018531482376734985
ZECUSDT,1730912400000,2024,SHORT,0.051872346752393904,-0.020186808792507876,1730916000000,-0.0029268313576440975,-0.028177661940693082,-0.09010055918779598
ZECUSDT,1730948400000,2024,LONG,-0.046464319450150116,0.012447233088666352,1730952000000,0.012849091266506856,-0.0046932704317496675,-0.013016341760755406
ZECUSDT,1730952000000,2024,SHORT,0.012447233088666352,-0.006704204394100367,1730955600000,0.01396454035037256,0.007068728351007395,0.022032714999882692
ZECUSDT,1730955600000,2024,LONG,-0.006704204394100367,0.011501321709259032,1730959200000,-0.0015640713723649722,0.00889092320397951,-0.011225982284101873
ZECUSDT,1731362400000,2024,SHORT,0.037585291017303034,-0.00031126353657845055,1731366000000,-0.020940840953215252,0.03342036826567217,0.0643884498534298
ZECUSDT,1731366000000,2024,LONG,-0.00031126353657845055,0.028196652584203463,1731369600000,-0.019370526618818773,-0.06443562308739835,-0.11039583486293925
ZECUSDT,1734966000000,2024,SHORT,0.01993965152102807,-0.002145907748690547,1734969600000,-0.035588599240510235,-0.0647796024407876,-0.09802066249799915
ZECUSDT,1734969600000,2024,LONG,-0.002145907748690547,0.00823361853416433,1734973200000,0.011266818040994853,0.03280026565111769,0.09857157921932137
ZECUSDT,1734973200000,2024,SHORT,0.00823361853416433,-0.0052585420065857265,1734976800000,0.017931180698012014,-0.03492568285397368,-0.07597028710319308
ZECUSDT,1734976800000,2024,LONG,-0.0052585420065857265,0.016131745423080993,1734980400000,0.036175519533792305,0.10731459541982385,0.10040940380106768
ZECUSDT,1734980400000,2024,SHORT,0.016131745423080993,-0.01453756040726652,1734984000000,-0.003923727862236952,-0.034163613051954936,-0.06822725898580215
ZECUSDT,1734984000000,2024,LONG,-0.01453756040726652,0.005493297677213715,1734987600000,0.013228735440940366,0.030092541492945112,0.10955037858166565
ZECUSDT,1734991200000,2024,SHORT,0.007858132665873964,-0.09141312938001328,1734994800000,0.03728992824547289,0.05445773186783815,-0.0032159068791748186
ZECUSDT,1735005600000,2024,LONG,-0.09482565370748072,0.01680256695000775,1735009200000,0.016714335289423204,0.047707159499486805,0.07748206980735424
ZECUSDT,1735009200000,2024,SHORT,0.01680256695000775,-0.002195854364705394,1735012800000,-0.036291595651883155,-0.034823813207244717,-0.05258523513798357
ZECUSDT,1735012800000,2024,LONG,-0.002195854364705394,0.007599699298850595,1735016400000,-0.011801287574435815,0.043475751317070196,0.01253295332273948
ZECUSDT,1735027200000,2024,SHORT,0.0034280058462472715,-0.006754203268004139,1735030800000,0.025163030674334615,0.02042334496120217,0.05053252072532791
ZECUSDT,1735030800000,2024,LONG,-0.006754203268004139,0.011279932545265025,1735034400000,-0.013769331248870458,0.014433976923134657,-0.016253441534831013
ZECUSDT,1735038000000,2024,SHORT,0.021358952397075956,-0.01311012230104883,1735041600000,-0.0027261656886865544,0.004319661144516396,0.004897028366097912
ZECUSDT,1735041600000,2024,LONG,-0.01311012230104883,0.010758763806481391,1735045200000,0.009694971859597437,-0.010803129913025698,0.0027183649331215315
ZECUSDT,1735063200000,2024,SHORT,0.011939445996974399,-0.004662411816192723,1735066800000,0.030088229590008658,0.023708622625969743,-0.016656554171066162
ZECUSDT,1735066800000,2024,LONG,-0.004662411816192723,0.038481984775437086,1735070400000,-0.015095179281746134,0.007390802427595399,0.0783069363594834
