symbol,signal_hour,year,side,score_prev,score_now,entry_time,r1,r4,r12
SOLUSDT,1672754400000,2023,LONG,-0.001646335288860583,0.01776367231780341,1672758000000,0.05318783756191099,0.05816800504130092,0.11533935574289648
SOLUSDT,1673226000000,2023,SHORT,0.09145158760619806,-0.0012771866575767513,1673229600000,-0.03339898870183716,-0.04013344079233382,-0.05762911283663642
SOLUSDT,1673244000000,2023,LONG,-0.021522277356488307,0.02518749763973981,1673247600000,0.021829392300549488,0.024456230305741594,0.030841753873122792
SOLUSDT,1673398800000,2023,SHORT,0.010182913690705305,-0.007693167842361248,1673402400000,0.005984682160164094,0.007611716311333481,0.015281815526013627
SOLUSDT,1673406000000,2023,LONG,-0.0004431386818627264,0.02899809996755141,1673409600000,-0.007085335469473866,0.005545358302114776,-0.03768986425724357
SOLUSDT,1673416800000,2023,SHORT,0.010028427459787704,-0.011462331675272205,1673420400000,0.0014901281783782675,0.006973007957465087,0.028060979260079836
SOLUSDT,1673442000000,2023,LONG,-0.008527076146764581,0.004735506703637726,1673445600000,-0.013214931828961893,-0.019244842972619677,0.04564749537380828
SOLUSDT,1673445600000,2023,SHORT,0.004735506703637726,-0.03762360232931925,1673449200000,0.014428591696790543,-0.0022357797808665223,-0.04733650943523834
SOLUSDT,1681228800000,2023,LONG,-0.051211060387311186,0.011536285653794505,1681232400000,-0.0033557078469724157,-0.0026233753352970534,-0.023378139518144065
SOLUSDT,1681473600000,2023,SHORT,0.0170540780065791,-0.0011745648969999404,1681477200000,-0.0061731098035155895,0.026083770048622862,0.004327597184268652
SOLUSDT,1681700400000,2023,LONG,-0.02051838681817897,0.004327709541207911,1681704000000,-0.008787334431986817,-0.026954963832046083,-0.05118735225630333
SOLUSDT,1681711200000,2023,SHORT,0.005345698342338942,-0.010768909575535663,1681714800000,0.004167086097440753,-0.00035637213547093914,0.01741814570068907
SOLUSDT,1682722800000,2023,LONG,-0.006262025073802622,0.01344173127013163,1682726400000,-0.002446195670810662,-0.0016301320584649608,-0.002145463170101449
SOLUSDT,1682737200000,2023,SHORT,0.014631771191213718,-0.003008418635816638,1682740800000,-0.0019301299178730775,0.0015467907182987934,-0.0022300378055563072
SOLUSDT,1682740800000,2023,LONG,-0.003008418635816638,0.001493147647456163,1682744400000,-0.005025891719361518,-0.005499713097569872,-0.001629572812260698
SOLUSDT,1682748000000,2023,SHORT,0.0007944965983606,-0.0033882952131293136,1682751600000,-0.00400698526178644,-0.005081399272355404,-0.006583642188514787
SOLUSDT,1682766000000,2023,LONG,-0.00010461821738286383,0.004547858730260492,1682769600000,0.011956246446677138,0.0027883251662597828,-0.004477555162251271
SOLUSDT,1682780400000,2023,SHORT,0.021743974299910474,-0.00571402498138955,1682784000000,0.001886631208774933,0.00248767016560559,0.008820486160458125
SOLUSDT,1682841600000,2023,LONG,-0.06729439088187988,0.017202067589925436,1682845200000,-0.0032692949191457476,-0.007958335438705397,-0.024284701223324556
SOLUSDT,1682881200000,2023,SHORT,0.024897417327787535,-0.0837633886424121,1682884800000,0.006407225694373239,0.01934616565972149,0.037818339583377554
SOLUSDT,1685232000000,2023,LONG,-0.0010748820818245637,0.060098801067759444,1685235600000,-0.00126207482409285,-0.006668151548177839,-0.0033528542792278988
SOLUSDT,1685376000000,2023,SHORT,0.09615424825853647,-0.006573556234846271,1685379600000,-0.010130509717700823,-0.011638842323333265,-0.022711117895528786
SOLUSDT,1685379600000,2023,LONG,-0.006573556234846271,0.010047075667179406,1685383200000,-0.0010231176746899266,0.0010707160218909103,0.0076160352608525255
SOLUSDT,1685538000000,2023,SHORT,0.005511899702235885,-0.007677522953510083,1685541600000,0.0022343121787729114,-0.0025681419323791465,-0.007154973719497133
SOLUSDT,1685577600000,2023,LONG,-0.03862055100634543,0.008389352546100784,1685581200000,-0.0011554572562786545,-0.005935881145443646,0.0018747752156250594
SOLUSDT,1685584800000,2023,SHORT,0.005945429112667939,-0.004306405772582916,1685588400000,-0.010055217938933098,-0.005453054069525318,-0.010973114570929591
SOLUSDT,1685588400000,2023,LONG,-0.004306405772582916,0.013811763756720127,1685592000000,-0.0015476884497761826,-0.003922238280108281,-0.0002900091856567139
SOLUSDT,1685595600000,2023,SHORT,0.0011968138083938398,-0.00804204337061982,1685599200000,0.0012131507007699163,-0.003485673552454634,-0.003098975945161147
SOLUSDT,1685624400000,2023,LONG,-0.007265586930579888,0.005141957023486064,1685628000000,0.000917896631996452,-0.00029003722347661155,-0.004796404631442107
SOLUSDT,1685628000000,2023,SHORT,0.005141957023486064,-0.009777834648955508,1685631600000,0.0010629560840429058,-0.0032302417018569484,-0.001833357969981421
SOLUSDT,1685642400000,2023,LONG,-0.004804822194144373,0.010496384417256241,1685646000000,-0.005018346760255952,-0.010402396823982819,0.011152442981043006
SOLUSDT,1685656800000,2023,SHORT,0.0016639811929743363,-0.0028656537906588562,1685660400000,0.0036543515221215904,-0.008957379473171724,-0.029944508637839935
SOLUSDT,1685678400000,2023,LONG,-0.06475926019839089,0.020466200224965928,1685682000000,0.006097289408553381,0.011968796404020564,0.007805474877293207
SOLUSDT,1685977200000,2023,SHORT,0.06760590644702064,-0.01971577592981896,1685980800000,-0.00410390446359956,-0.0038541479748765354,-0.0020040086867150406
SOLUSDT,1688043600000,2023,LONG,-0.0011755607166253252,0.006278128870633078,1688047200000,-0.011670613011972622,0.003236708200353146,0.052299499402848844
SOLUSDT,1688047200000,2023,SHORT,0.006278128870633078,-0.07171302016527922,1688050800000,-0.01638117735456758,-0.02061811276668535,-0.06089201190462528
SOLUSDT,1688104800000,2023,LONG,-0.008025010144737926,0.004094123095661309,1688108400000,0.012429175328977674,0.0031218067228645143,0.0350132425928613
SOLUSDT,1688108400000,2023,SHORT,0.004094123095661309,-0.010331640757478716,1688112000000,-0.008588749647341435,-0.004462632917473437,-0.016371299313721985
SOLUSDT,1688112000000,2023,LONG,-0.010331640757478716,0.028506341383755764,1688115600000,-0.012055697142171872,0.01763381903625786,0.009195829495428937
SOLUSDT,1688119200000,2023,SHORT,0.020074247061630923,-0.005825295648643588,1688122800000,-0.013663018757183537,0.02304825622013793,-0.02776925824377532
SOLUSDT,1688122800000,2023,LONG,-0.005825295648643588,0.012160368305567961,1688126400000,0.02175993576612595,-0.03204798302635843,-0.000371126372788108
SOLUSDT,1688130000000,2023,SHORT,0.04448351762796769,-0.2579159985768275,1688133600000,-0.007285202484431199,-0.07828138174614413,-0.02812779301761489
SOLUSDT,1688634000000,2023,LONG,-0.036349345219670086,0.010929213707986565,1688637600000,0.013026757431789701,-0.02847005423145589,0.020674228400406506
SOLUSDT,1688644800000,2023,SHORT,0.08228722867957002,-0.010504445549518739,1688648400000,0.009089114859567857,0.002035313377516553,-0.025791695580162224
SOLUSDT,1688666400000,2023,LONG,-0.05027329458700192,0.06560955510404953,1688670000000,0.006292198766052024,-0.0228573025246762,-0.042672747255722523
SOLUSDT,1688713200000,2023,SHORT,0.054604480133096586,-0.0619369692250958,1688716800000,0.00216327666130216,-0.0360276428259726,-0.0971046734350266
SOLUSDT,1688724000000,2023,LONG,-0.0978043560067106,0.03199277699621598,1688727600000,0.002882705773606229,0.053210225498872055,0.06745534712911579
SOLUSDT,1688983200000,2023,SHORT,0.013398941503609789,-0.0030292109204217003,1688986800000,-0.0013001085254908996,-0.01937360780701197,-0.023853162627666617
SOLUSDT,1688997600000,2023,LONG,-0.023098709840884746,0.025689124467360405,1689001200000,-0.0010402384029429353,0.008798607588863708,0.018773520164316524
SOLUSDT,1689004800000,2023,SHORT,2.068919917792328e-05,-0.0056663879443879,1689008400000,0.00223421289429562,-0.013769905396393571,-0.03549730216316241
SOLUSDT,1689008400000,2023,LONG,-0.0056663879443879,0.0034330276405825726,1689012000000,0.015865104472050313,0.017970910252675297,0.04235335197290273
SOLUSDT,1689879600000,2023,SHORT,0.0013043497062736726,-0.01997661701826139,1689883200000,0.006955450108584518,0.001063892765400026,0.00886081746813126
SOLUSDT,1689962400000,2023,LONG,-0.011674877125241491,0.0428035606745583,1689966000000,-0.0032141294345653317,-0.004844501287497804,-0.008191198577819352
SOLUSDT,1690052400000,2023,SHORT,0.022557841638609334,-0.003238056964062227,1690056000000,-0,0.031048540973765523,0.02433969879899959
SOLUSDT,1690128000000,2023,LONG,-0.021187955079320586,0.01554184093380318,1690131600000,0.003996009313381923,-0.0007209805647568401,-0.025630990667334156
SOLUSDT,1690146000000,2023,SHORT,0.008166387485996714,-0.008662388547184638,1690149600000,-0.003940931827727092,0.005674526871714895,0.049570032608710894
SOLUSDT,1690376400000,2023,LONG,-0.01815337544262646,0.0024397092465574086,1690380000000,-0.001551020719099475,0.006868968418702621,0.018386956490851165
SOLUSDT,1690380000000,2023,SHORT,0.0024397092465574086,-0.014128905936707356,1690383600000,-0.01664848579645012,-0.024331904282895573,-0.010483213311021098
SOLUSDT,1690383600000,2023,LONG,-0.014128905936707356,0.01888831772599831,1690387200000,-0.008593440412583812,0.01858649011925434,0.000843255014130069
SOLUSDT,1690513200000,2023,SHORT,0.013302630288972389,-0.005042232481329896,1690516800000,-0.003205130948948331,0.012233432740243015,-0.011847676330289917
SOLUSDT,1690556400000,2023,LONG,-0.009571932899021215,0.05507890257863583,1690560000000,0.0025742078728655353,-0.007403018884453623,-0.0036150600498153678
SOLUSDT,1690574400000,2023,SHORT,0.018725334626784173,-0.004385862001829419,1690578000000,0.0033593312935705257,0.006167420430202219,0.002078255014439421
SOLUSDT,1690599600000,2023,LONG,-0.03210815279339958,0.01730106070909804,1690603200000,0.0014316964068110214,-0.002590210458125907,-0.0025104115513286465
SOLUSDT,1690639200000,2023,SHORT,0.019399284957198698,-0.008041308599976742,1690642800000,-0.002716741583055486,-0.006698589640948105,-0.002397507741557446
SOLUSDT,1690650000000,2023,LONG,-0.0021371264284695047,0.04458506993078155,1690653600000,-0.004005637036088616,-0.0029332508743361743,-0.008346630332183934
SOLUSDT,1690682400000,2023,SHORT,0.017058314576811874,-0.006185516345182392,1690686000000,0.00135788191318439,0.004840880810306774,0.005522885931721127
SOLUSDT,1691726400000,2023,LONG,-0.0056319923432812495,0.009724491258526114,1691730000000,-0.002383021100660888,-0.01140087407201902,-0.008874179435742577
SOLUSDT,1691730000000,2023,SHORT,0.009724491258526114,-0.002281477493226009,1691733600000,0.003118610899203334,0.012287566106335145,0.011673679983391373
SOLUSDT,1691762400000,2023,LONG,-0.00642518422791485,0.006149425089975089,1691766000000,-0.010135495831052742,-0.01434138618548832,-0.01225664694249016
SOLUSDT,1691769600000,2023,SHORT,0.00808013094227713,-0.008535529141843105,1691773200000,0.005223222517278969,0.004895970612206809,0.004487056274061472
SOLUSDT,1691856000000,2023,LONG,-0.001221070138005658,0.017364361605970456,1691859600000,-0.00303662399059758,4.042609100455371e-05,0.002704941191853226
SOLUSDT,1691920800000,2023,SHORT,0.012543327531770518,-0.003761310608641532,1691924400000,0.003476577055444603,0.00672148945085152,0.0203015410792129
SOLUSDT,1696248000000,2023,LONG,-0.009856090303743629,0.007768278210166586,1696251600000,-0.0033732463011689985,0.0004987738579648255,-0.025730443596119385
SOLUSDT,1696312800000,2023,SHORT,0.004385058772011993,-0.011633714936477062,1696316400000,0.008822787259835183,-0.006762809718550515,0.016919314579516686
SOLUSDT,1696320000000,2023,LONG,-0.005538371037418436,0.009209856738428914,1696323600000,0.00989758571601018,0.0027015248865199736,-0.01873610783343332
SOLUSDT,1696341600000,2023,SHORT,0.009397250392613486,-0.02810173209352617,1696345200000,-0.0002502606895231002,0.014877349416849057,0.028261462938805448
SOLUSDT,1697529600000,2023,LONG,-0.018320094936678872,0.05891020808520397,1697533200000,-0.0035700401076173786,-0.02182326405762691,-0.013152930459201037
SOLUSDT,1697551200000,2023,SHORT,0.028910749883778338,-0.00022842300938536388,1697554800000,-0.005457841332697409,-0.001892625635926932,-0.008885221908276378
SOLUSDT,1697554800000,2023,LONG,-0.00022842300938536388,0.016909633813807064,1697558400000,0.012895889852910543,0.011572372412626123,0.006094271063631557
SOLUSDT,1698865200000,2023,SHORT,0.031328169626621306,-0.018364417226320342,1698868800000,-0.0026123937245312273,0.020371608692137517,-0.024430417318361694
SOLUSDT,1699524000000,2023,LONG,-0.028227279497796978,0.012311009487641614,1699527600000,0.008798241729776307,0.03964445330406358,-0.02893719169410723
SOLUSDT,1699542000000,2023,SHORT,0.02015717792864511,-0.08528201252434496,1699545600000,0.024252460607074526,0.04477571451329247,-0.020646087083851287
SOLUSDT,1699610400000,2023,LONG,-0.01451433786405035,0.05972145549590945,1699614000000,0.02782009588399431,0.021195263230271072,0.13881955612895952
SOLUSDT,1699668000000,2023,SHORT,0.05849900398204138,-0.029319403453540772,1699671600000,0.0016101334521965358,0.008869954372610135,-0.10460944266114558
SOLUSDT,1699707600000,2023,LONG,-0.009936834817648321,0.0034609061208030383,1699711200000,0.03927352407923008,-0.011316681347078071,-0.05562295930958041
SOLUSDT,1699711200000,2023,SHORT,0.0034609061208030383,-0.029824483557403667,1699714800000,0.018295471885238897,0.05772872238095051,0.11059791395874863
SOLUSDT,1699714800000,2023,LONG,-0.029824483557403667,0.06650928304426401,1699718400000,0.005657584951919653,-0.006877855167186573,-0.06018402953032864
SOLUSDT,1699722000000,2023,SHORT,0.022107127761293616,-0.083565917117883,1699725600000,0.007036896101955988,0.014707903890284667,0.005928787189331932
SOLUSDT,1699970400000,2023,LONG,-0.14944942636243266,0.021733548161556232,1699974000000,-0.019186000559415394,-0.06422359545917103,-0.0057172485723246454
SOLUSDT,1699974000000,2023,SHORT,0.021733548161556232,-0.04122675389489054,1699977600000,0.007796580113386056,0.0203771760814336,-0.000533011170319296
SOLUSDT,1699995600000,2023,LONG,-0.00011977369417938602,0.030921904237261794,1699999200000,0.015231983451673297,0.011572855632783078,0.04904615232947672
SOLUSDT,1700168400000,2023,SHORT,0.05626183272660796,-0.03367648782024159,1700172000000,0.007950420549089846,-0.030720974770309575,0.0146648091612527
SOLUSDT,1700838000000,2023,LONG,-0.006795224121775452,0.013359781030623002,1700841600000,-0.012335049615124154,-0.017238517162958624,0.011794000481021784
SOLUSDT,1700841600000,2023,SHORT,0.013359781030623002,-0.0342003243875854,1700845200000,-0.003145613076837635,0.00047008436268232656,-0.020502053283631385
SOLUSDT,1700874000000,2023,LONG,-0.04457014441947316,0.0550774847092521,1700877600000,0.013593475161343693,0.0013931601498969254,-0.00795429644131967
SOLUSDT,1700917200000,2023,SHORT,0.0010178433560335861,-0.005987566990950091,1700920800000,-0.0008393932878868262,-0.011298207346641397,0.004173148535657428
SOLUSDT,1700924400000,2023,LONG,-0.011475599233869429,0.002541748406089214,1700928000000,0.000495214361090788,0.008639509520470885,-0.003439104774697918
SOLUSDT,1700928000000,2023,SHORT,0.002541748406089214,-0.008190402233654817,1700931600000,-0.007466719499076353,-0.006517341609303248,0.0012470427062579942
SOLUSDT,1700931600000,2023,LONG,-0.008190402233654817,0.02683289194367828,1700935200000,0.00022026245207263948,-0.0022052969971691244,-0.008816328061250944
SOLUSDT,1700989200000,2023,SHORT,0.012086737630240036,-0.01677751132641882,1700992800000,0.005631101231744191,0.007169230720560999,0.0042850201946135775
SOLUSDT,1701190800000,2023,LONG,-0.12280854850877583,0.0029131692046660564,1701194400000,-0.0081640166325293,0.001600757689380647,0.008764087550939867
SOLUSDT,1701684000000,2023,SHORT,0.023457500460173312,-0.014487159267269204,1701687600000,0.013145038478594426,0.030944940022734093,0.032519252816116784
SOLUSDT,1701831600000,2023,LONG,-0.02700762600085763,0.03768727589702296,1701835200000,-0.0007298080307777671,-0.01559659619800698,-0.027571457569768414
SOLUSDT,1701860400000,2023,SHORT,0.15729111527728662,-0.03922252589212691,1701864000000,-0.004999298488321916,0.006029145789909505,0.018779218151397912
SOLUSDT,1701892800000,2023,LONG,-0.014400136155500608,0.0027490849327562465,1701896400000,0.000627825234082692,-0.009385741158860567,-0.015553987986424317
SOLUSDT,1701896400000,2023,SHORT,0.0027490849327562465,-0.009564592086358507,1701900000000,0.01581435662322149,0.014953963338570821,0.007812662795360182
SOLUSDT,1701946800000,2023,LONG,-0.06290928213881647,0.0010242576516024454,1701950400000,0.001833807839806723,0.02502338622435633,0.05327769797354486
SOLUSDT,1702260000000,2023,SHORT,0.06850002094214676,-0.12641198587393382,1702263600000,-0.00818713053393127,0.01996762455134114,0.04275875243632385
SOLUSDT,1702342800000,2023,LONG,-0.03863898237779581,0.019317589849850804,1702346400000,-0.0016410116239132296,-0.010410524174721367,-0.002469552806974299
SOLUSDT,1702389600000,2023,SHORT,0.05854161772330584,-0.10884029049238951,1702393200000,0.011363511267960603,0.015063021976122642,0.033291172677048744
SOLUSDT,1702569600000,2023,LONG,-0.11236321740019083,0.0003320034902797937,1702573200000,0.0010334231699403876,-0.005237899360793218,0.016113491511946725
SOLUSDT,1702573200000,2023,SHORT,0.0003320034902797937,-0.01311272849239141,1702576800000,0.007680854137755987,-0.017125990381632716,-0.017353079434912513
SOLUSDT,1702576800000,2023,LONG,-0.01311272849239141,0.0032483220173360134,1702580400000,0.003827128041348397,0.037231980572766395,0.02812636884138833
SOLUSDT,1702584000000,2023,SHORT,0.0012583401087442562,-0.02043302248914815,1702587600000,-0.02350664109392314,-0.020643571374439472,-0.05157842873596571
SOLUSDT,1702587600000,2023,LONG,-0.02043302248914815,0.01756450344972264,1702591200000,0.01249327535156307,0.004638462165203375,0.048184969596184186
SOLUSDT,1702681200000,2023,SHORT,0.10203153905566849,-0.005497407312485258,1702684800000,-0.005442863511142654,-0.022714778618629968,-0.034860324519980224
SOLUSDT,1702684800000,2023,LONG,-0.005497407312485258,0.05863686080056902,1702688400000,0.00791877875099564,0.012870190520534956,0.044804513495398136
SOLUSDT,1702778400000,2023,SHORT,0.013704717557144676,-0.012285145071382252,1702782000000,-0.006135155852978404,0.0037404221094266294,0.015199096529911348
SOLUSDT,1702782000000,2023,LONG,-0.012285145071382252,0.008582453447699099,1702785600000,0.0035953936336907723,-0.016237570805663987,-0.011716667747803573
SOLUSDT,1702789200000,2023,SHORT,0.02296568586965742,-0.029256418644329013,1702792800000,0.000439162304975103,-0.0033833099644954025,-0.016020377882629867
SOLUSDT,1702810800000,2023,LONG,-0.0031808016974225056,0.010706801833957483,1702814400000,-0.0021637619540208863,-0.005266923899917526,-0.03052972487079918
SOLUSDT,1702818000000,2023,SHORT,0.010776102303057299,-0.04159567169471494,1702821600000,-0.0022519088180227523,-0.03017012342611235,0.029215545176689693
SOLUSDT,1702821600000,2023,LONG,-0.04159567169471494,0.014968300771442329,1702825200000,0.009562046049639584,0.02757907810856294,-0.04334226852564951
SOLUSDT,1702861200000,2023,SHORT,0.043913922144850674,-0.01053244676941706,1702864800000,0.011819275945490437,0.0038906923823617706,-0.010235591443344984
SOLUSDT,1702958400000,2023,LONG,-0.017764840801644685,0.006146990375015749,1702962000000,0.004425835091339029,-0.006981409132756441,-0.030153038170687558
SOLUSDT,1702994400000,2023,SHORT,0.11021836175809653,-0.0002573782663300757,1702998000000,-0.007364936328587722,-0.0001093045499105577,-0.017150476591341758
SOLUSDT,1702998000000,2023,LONG,-0.0002573782663300757,0.03409356586890029,1703001600000,-0.003083675954541546,0.007364947918694046,0.016852329134433457
SOLUSDT,1703005200000,2023,SHORT,0.020573891624213175,-0.016427957434933443,1703008800000,-0.015475581458306015,-0.022758339973095572,-0.04070321405139897
SOLUSDT,1703019600000,2023,LONG,-0.019156753381524193,0.01087930748847271,1703023200000,-0.011746784004089678,0.0006508298309784591,0.05696700132806976
SOLUSDT,1703023200000,2023,SHORT,0.01087930748847271,-0.04560043300213387,1703026800000,-0.00237137465743154,-0.02151876080680513,-0.0673932469247825
SOLUSDT,1703037600000,2023,LONG,-0.048205906511761085,0.04037748244156267,1703041200000,0.0070667888716793754,0.017547813507195326,0.05964759761507202
SOLUSDT,1703494800000,2023,SHORT,0.036150592439137874,-0.025632336743016723,1703498400000,-0.005589548353310933,-0.035694329463694656,-0.07665009430051598
SOLUSDT,1703505600000,2023,LONG,-0.02254445548807468,0.015700053548195272,1703509200000,0.0055984879252136514,0.06966004541731961,0.0432633299672813
SOLUSDT,1703559600000,2023,SHORT,0.018423791186469307,-0.036021808478220396,1703563200000,-0.00891665143903486,0.05198697159633972,0.07613570756718274
SOLUSDT,1706544000000,2024,LONG,-0.13846994599773468,0.030284445483029013,1706547600000,-0.005498336565794702,0.0016614092172978587,0.011024276226315728
SOLUSDT,1706583600000,2024,SHORT,0.008642859759857983,-0.020797237487392133,1706587200000,-0.0009695854557862985,-0.008070738014795633,-0.026493920983607352
SOLUSDT,1706601600000,2024,LONG,-0.008266101453351625,0.004901505317128469,1706605200000,-0.00017416545762459994,0.01160052254158307,0.014989789933784177
SOLUSDT,1706655600000,2024,SHORT,0.016005112180751097,-0.046137326628029426,1706659200000,0.008559592581638346,0.002775817610419899,0.02263720557293875
SOLUSDT,1706871600000,2024,LONG,-0.009530024283239649,0.007032558499718304,1706875200000,-0.005567099723778683,-0.006573662200829201,-0.013757494366889915
SOLUSDT,1706875200000,2024,SHORT,0.007032558499718304,-0.0026979777742121877,1706878800000,0.025362067774088438,0.013485001675776105,0.01343501642141585
SOLUSDT,1706886000000,2024,LONG,-0.07268453264513353,0.014422906444492851,1706889600000,-0.012488302542103067,-0.01841423095482016,-0.02096182344935103
SOLUSDT,1706889600000,2024,SHORT,0.014422906444492851,-0.004619203034169322,1706893200000,0.007848609080110057,0.009421713360470972,0.00455914897498949
SOLUSDT,1707339600000,2024,LONG,-0.17169519164916985,0.022944433695651113,1707343200000,0.003561706040659814,0.0156401105392143,0.011109358452162146
SOLUSDT,1708066800000,2024,SHORT,0.01292325997175574,-0.014026303827939922,1708070400000,0.0030523135977845073,-0.005515368925917512,0.02575896558068285
SOLUSDT,1708246800000,2024,LONG,-0.04195298253783748,0.019547798182619383,1708250400000,0.005824055001737086,0.0036170635080562956,0.0195482598059077
SOLUSDT,1708336800000,2024,SHORT,0.033432273515582055,-0.020023446215173085,1708340400000,-0.006478504843203004,-0.01173361942923286,-0.0015255124798711987
SOLUSDT,1708340400000,2024,LONG,-0.020023446215173085,0.01574522660204164,1708344000000,-0.006594398654999681,0.00919134667470476,-0.00963478444310071
SOLUSDT,1708344000000,2024,SHORT,0.01574522660204164,-0.001454147648459817,1708347600000,-0.009243113523902474,-0.00693146524655909,0.010339256176148764
SOLUSDT,1708347600000,2024,LONG,-0.001454147648459817,0.06096811535400086,1708351200000,0.0025975646988494433,-0.0021254746037127556,-0.028481319309075426
SOLUSDT,1708365600000,2024,SHORT,0.04461915407202926,-0.016184335327740024,1708369200000,0.00041943501826363655,-0.0008918300049766358,0.010845636006258444
SOLUSDT,1708376400000,2024,LONG,-0.010143808637877904,0.016654972397787824,1708380000000,-0.006504087969176377,-0.027374865027739465,-0.03461918828999835
SOLUSDT,1708380000000,2024,SHORT,0.016654972397787824,-0.016203321881343415,1708383600000,0.004655181590799571,0.01640242944884278,0.018779429923890534
SOLUSDT,1709118000000,2024,LONG,-0.055507458690356094,0.046449970318985054,1709121600000,-0.0007621029028408877,0.014255827535249281,0.06798258621963234
SOLUSDT,1709125200000,2024,SHORT,0.03512188127098604,-0.01387050112374111,1709128800000,0.010415835088253417,-0.015205448497888813,-0.0908249281581977
SOLUSDT,1709136000000,2024,LONG,-0.04665291843026689,0.03842279510998847,1709139600000,-0.013002756893129762,-0.034620843278618404,0.0558850362624736
SOLUSDT,1709139600000,2024,SHORT,0.03842279510998847,-0.14177297343141532,1709143200000,0.013447613979485091,-0.012340707352802856,-0.07707165495100367
SOLUSDT,1709157600000,2024,LONG,-0.0003850254559739679,0.021522345134284263,1709161200000,0.02914147254691704,0.04818445384264762,0.10591641956540863
SOLUSDT,1709355600000,2024,SHORT,0.008066583919822267,-0.1435952105175985,1709359200000,-0.006727918197400978,-0.0019835025813021846,0.002994364414804416
SOLUSDT,1709553600000,2024,LONG,-0.0488125618294772,0.07219372889687492,1709557200000,-0.015751462256648523,-0.02385606773675245,-0.006378366953370834
SOLUSDT,1709568000000,2024,SHORT,0.04368702706692327,-0.03851657929194428,1709571600000,0.01743541032938365,0.00029286639336266175,-0.001993834402499389
SOLUSDT,1709593200000,2024,LONG,-0.01365730595603172,0.07645287113083515,1709596800000,-0.010455760370884413,-0.023773180775618963,-0.01920226051053727
SOLUSDT,1709607600000,2024,SHORT,0.01217567116586313,-0.024253296411539692,1709611200000,0.002143360056006257,0.005455769201060475,-0.06723088913173902
SOLUSDT,1709614800000,2024,LONG,-0.030349963362352923,0.01599700571895533,1709618400000,-0.006566358672732813,-0.01978382044070428,0.017250615159567474
SOLUSDT,1709622000000,2024,SHORT,0.0017493534103282767,-0.032836790601399934,1709625600000,-0.0057626404417221696,-0.010026647484107871,0.0818389305546879
SOLUSDT,1709643600000,2024,LONG,-0.002295590332730666,0.01940827784784818,1709647200000,0.03292969172526267,0.017965537884298242,-0.083023920089517
SOLUSDT,1709654400000,2024,SHORT,0.2989018772782872,-0.08662469148065645,1709658000000,-0.014366019443876348,0.11914635982587639,0.056013159848327075
SOLUSDT,1709679600000,2024,LONG,-0.0561718459976278,0.1256265007153464,1709683200000,-0.013015193939819075,-0.023315518956588076,0.05173393150410051
SOLUSDT,1709942400000,2024,SHORT,0.00803143306750879,-0.012266903312400124,1709946000000,0.007380866663354654,-0.005201013752069569,0.0010256691680453854
SOLUSDT,1709960400000,2024,LONG,-0.005210489513663095,0.00953363449311787,1709964000000,0.004778740374563385,-0.0065658339915166735,-0.021074654438827476
SOLUSDT,1709985600000,2024,SHORT,0.031061578037029944,-0.011212307565671934,1709989200000,-0.0008274494856054557,0.0036461871985895206,0.0019653704063415625
SOLUSDT,1709996400000,2024,LONG,-0.028013202356206652,0.03553006487008291,1710000000000,-0.010301059706658308,-0.011572122589271526,-0.0018025315136933635
SOLUSDT,1710000000000,2024,SHORT,0.03553006487008291,-0.01343603400531448,1710003600000,0.0035216874448116067,-0.0024139858242519167,-0.009423942416744708
SOLUSDT,1710036000000,2024,LONG,-0.03514037570371332,0.031475976103484495,1710039600000,-0.005587460096274221,-0.0020738318412355287,-0.024855110728771047
SOLUSDT,1710064800000,2024,SHORT,0.028696958655228554,-0.025691514253493686,1710068400000,0.00977718714294622,0.0198938034206179,0.034991939528649485
SOLUSDT,1710140400000,2024,LONG,-0.23793258690940858,0.00641875609908741,1710144000000,0.007465654855980086,0.0012200836697760559,-0.009535402783420832
SOLUSDT,1710183600000,2024,SHORT,0.03317048364480595,-0.004337179289241618,1710187200000,-0.004619824511003962,-0.014937049887992167,-0.034685480606330386
SOLUSDT,1710187200000,2024,LONG,-0.004337179289241618,0.0005078206800074393,1710190800000,0.00727403645655668,-0.0008069793980061911,0.017410909615395844
SOLUSDT,1710201600000,2024,SHORT,0.01567333133767642,-0.024197875582927228,1710205200000,-0.011138248922340652,-0.04401571686704387,-0.02751411350498149
SOLUSDT,1710212400000,2024,LONG,-0.012482546041731725,0.12418026444695171,1710216000000,0.018973041026793674,0.005890965228333069,-0.004728580191893159
SOLUSDT,1710252000000,2024,SHORT,0.00926330233553517,-0.07036752139630251,1710255600000,-0.008009173221997748,-0.002095250974879242,-0.004986574683701617
SOLUSDT,1710266400000,2024,LONG,-0.29282671114363434,0.09035408093422972,1710270000000,0.0035512159503733954,-0.006911526771568947,0.01996100687414583
SOLUSDT,1710313200000,2024,SHORT,0.05285288623076619,-0.08154581398958931,1710316800000,-0.010867702217553751,-0.019807694547373314,-0.06832249466987472
SOLUSDT,1710327600000,2024,LONG,-0.023529992315179427,0.02662020261864216,1710331200000,-0.006347655288440758,0.022044575293737722,0.06370378383331565
SOLUSDT,1710334800000,2024,SHORT,0.01490011098535586,-0.03671340888933117,1710338400000,-0.025051625655740366,-0.048863031145773485,-0.09364901795359698
SOLUSDT,1710338400000,2024,LONG,-0.03671340888933117,0.09272930952305974,1710342000000,0.012186228245052323,0.03643840169451953,0.06054629080429562
SOLUSDT,1710432000000,2024,SHORT,0.028349695784528495,-0.004728355444985686,1710435600000,0.016702619022255585,0.0064933373031518145,-0.021904452237180152
SOLUSDT,1710453600000,2024,LONG,-0.049101544079796555,0.0730017560839105,1710457200000,0.021322574486857475,0.037231452720985846,-0.0183748116204592
SOLUSDT,1710493200000,2024,SHORT,0.008599570712297042,-0.05705161309390617,1710496800000,0.018727106304164458,-0.051486426255212006,-0.03572649076596062
SOLUSDT,1710507600000,2024,LONG,-0.0076798182439771125,0.3458336218316972,1710511200000,0.00019743011860578336,-0.0038026411501567944,0.017420395190076574
SOLUSDT,1710622800000,2024,SHORT,0.032229087824215887,-0.00018167252339100194,1710626400000,-0.0031964457109681,-0.035461602306285575,-0.03014420858759154
SOLUSDT,1710626400000,2024,LONG,-0.00018167252339100194,0.004843445726985499,1710630000000,0.00590154095457202,0.03507380334865084,0.0661102071198328
SOLUSDT,1710813600000,2024,SHORT,0.042590308010133304,-0.013798339053818474,1710817200000,-0.0030038779645506267,-0.0039688516652916506,0.025929103178175095
SOLUSDT,1710817200000,2024,LONG,-0.013798339053818474,0.010248587463701758,1710820800000,0.01188850263522555,0.010053807071571285,-0.007043125900173031
SOLUSDT,1710828000000,2024,SHORT,0.019000763568661965,-0.008536420414538627,1710831600000,-0.009099675773616417,0.04980884062339021,0.016973456081347725
SOLUSDT,1710849600000,2024,LONG,-0.13947415491681847,0.06218650738759257,1710853200000,-0.007221751339464021,0.005118888945235243,-0.03858629191692186
SOLUSDT,1710856800000,2024,SHORT,0.013229907343598959,-0.11972769971492668,1710860400000,-0.02179478943712477,-0.01281859055390504,0.027614698105141975
SOLUSDT,1710860400000,2024,LONG,-0.11972769971492668,0.04749273777554246,1710864000000,0.00562675958566553,-0.008249324146648012,-0.07419915573132847
SOLUSDT,1710867600000,2024,SHORT,0.011833318847887358,-0.014669331033010236,1710871200000,0.010815242226130803,0.059280563740948755,0.09863711937178007
SOLUSDT,1710871200000,2024,LONG,-0.014669331033010236,0.008799285177710872,1710874800000,0.0006831767985614461,-0.06902712131821535,-0.07735860035271565
SOLUSDT,1710878400000,2024,SHORT,0.02275884228142415,-0.20464135117166754,1710882000000,0.013320658066284448,-0.005998743117251158,0.023151360996856975
SOLUSDT,1710961200000,2024,LONG,-0.03501579172780231,0.02602230267024577,1710964800000,0.021341332591682017,0.04894962163917983,0.03232053147079055
SOLUSDT,1711047600000,2024,SHORT,0.013428325218027334,-0.014520032547601296,1711051200000,-0.008878014370133039,-0.008159749533393823,-0.0063422970339227355
SOLUSDT,1711087200000,2024,LONG,-0.08366883173058662,0.06523727100737838,1711090800000,-0.007172515097411433,-0.032884010605796946,-0.04660417740547404
SOLUSDT,1711105200000,2024,SHORT,0.0013582939706375291,-0.15134124202051802,1711108800000,-0.004986212853924059,0.0029070463971345717,-0.017329780492486766
SOLUSDT,1711202400000,2024,LONG,-0.04066918694121365,0.027375015419203584,1711206000000,-0.01397792106432768,-0.008997816918115594,-0.01834663798519765
SOLUSDT,1711206000000,2024,SHORT,0.027375015419203584,-0.019506265883795,1711209600000,-0.001436822816706171,0.0019132640685757514,0.019700841433463387
SOLUSDT,1711213200000,2024,LONG,-0.010465414564693517,0.032174301500353435,1711216800000,0.00017033647172157477,-0.011226448964098317,-0.015196626104725167
SOLUSDT,1711249200000,2024,SHORT,0.0091036768801847,-0.03388579411222052,1711252800000,-0.0062651394434207145,-0.01109952252479938,-0.0259517614249981
SOLUSDT,1711267200000,2024,LONG,-0.08900517019925754,0.031325544066061146,1711270800000,-0.010006651737185575,0.003624908595691544,0.017536748658346934
SOLUSDT,1711288800000,2024,SHORT,0.0433128908809033,-0.04887733024597687,1711292400000,0.0010540991829170493,0.00010196105096686127,-0.043368325898683745
SOLUSDT,1711296000000,2024,LONG,-0.05426192207188343,0.06653931429452076,1711299600000,-0.0003097857913412741,0.02678597674721458,0.06096837844552647
SOLUSDT,1711332000000,2024,SHORT,0.02301711538318258,-0.019151556267544223,1711335600000,-0.0031894499113537256,-0.019251920008494974,-0.04318630386318808
SOLUSDT,1711342800000,2024,LONG,-0.00011658817839089583,0.020368894768524215,1711346400000,0.010503949950504242,0.018157035007884376,0.038155819842486303
SOLUSDT,1711526400000,2024,SHORT,0.011646008788978058,-0.027077848186324305,1711530000000,-0.005310223594213571,-0.011292092377873694,-0.0006747656794907389
SOLUSDT,1711612800000,2024,LONG,-0.037367441597885645,0.01798085372023527,1711616400000,0.002806742288455622,-0.014608464929726436,0.0032489125525180726
SOLUSDT,1711620000000,2024,SHORT,0.010283688118110102,-0.03486899695738857,1711623600000,0.005760390782680975,-0.013110561380920425,-0.018905539303269294
SOLUSDT,1711634400000,2024,LONG,-0.12733360601789093,0.11486114190828989,1711638000000,-0.008411889904170342,-0.014198837856916433,0.0019811349662440477
SOLUSDT,1711641600000,2024,SHORT,0.10139471806431234,-0.08607533791259062,1711645200000,-2.156055281345672e-05,-0.011948469652882232,-0.012294611111037674
SOLUSDT,1711656000000,2024,LONG,-0.08350484628555296,0.12188983991286824,1711659600000,-0.0018819094401005003,0.005974066499849318,-0.011495795635107336
SOLUSDT,1711980000000,2024,SHORT,0.0983198336563306,-0.040989022434792056,1711983600000,0.017182589524537016,0.009202486743151288,0.03172325998563798
SOLUSDT,1712016000000,2024,LONG,-0.003774666920399255,0.016211117958689243,1712019600000,0.001578067300650262,-0.03400575546352883,-0.05781574795568328
SOLUSDT,1712023200000,2024,SHORT,0.0019423558569610123,-0.09280668603307755,1712026800000,0.009402454528442114,-0.00018326963866314083,0.027057915937060265
SOLUSDT,1712084400000,2024,LONG,-5.969865349053112e-05,0.007360535414226935,1712088000000,-0.005630563435654381,-0.022219507626382723,0.02071936690954957
SOLUSDT,1712109600000,2024,LONG,-0.019757922674805226,0.08678613959478608,1712113200000,0.014594510022942419,0.025821902484975054,0.02503498417369901
SOLUSDT,1712174400000,2024,SHORT,0.1160050902770246,-0.04044261313919506,1712178000000,-0.008589934761740805,-0.01740113283466218,-0.01120537272046445
SOLUSDT,1712235600000,2024,LONG,-0.00366320352235972,0.1597853805573228,1712239200000,4.779315125058796e-05,0.004778614503448638,-0.03147139282123805
SOLUSDT,1712264400000,2024,SHORT,0.04056965361840583,-0.029337993902981432,1712268000000,-0.0017610129549965267,-0.0019309155354581841,0.054059595111881374
SOLUSDT,1713045600000,2024,LONG,-0.185444823789242,0.009478872946105235,1713049200000,-0.01733321840353195,-0.047248992496125644,0.011783685950609286
SOLUSDT,1713153600000,2024,SHORT,0.15683415690667082,-0.00744227512739468,1713157200000,-0.02315449277820809,-0.03361432471503868,0.05788414879751731
SOLUSDT,1713160800000,2024,LONG,-0.02192174739457493,0.02346486525321981,1713164400000,-0.010433751611173785,-0.01325501392783919,-0.1352234949263044
SOLUSDT,1713189600000,2024,SHORT,0.02810974979070159,-0.12110278900196456,1713193200000,0.01026583258214627,0.06457860127020018,0.04957339978813843
SOLUSDT,1713409200000,2024,LONG,-0.042664745976978,0.027197504089499665,1713412800000,-0.009073651732554115,-0.046423382899125475,0.02493215038256293
SOLUSDT,1713420000000,2024,SHORT,0.0406215790847896,-0.004542496272421739,1713423600000,0.012620814532623585,-0.015932851035425178,-0.057820171260276144
SOLUSDT,1713441600000,2024,LONG,-0.009003192488811308,0.033813207696302375,1713445200000,0.009039626461041226,0.04446709800990807,0.03630090430475591
SOLUSDT,1713445200000,2024,SHORT,0.033813207696302375,-0.014198846475906779,1713448800000,-0.03170198328196495,-0.017640339930591397,0.016625368401997704
SOLUSDT,1713448800000,2024,LONG,-0.014198846475906779,0.06550042379680426,1713452400000,0.0009865946364731404,7.204714768448981e-05,-0.043612407921080586
SOLUSDT,1713488400000,2024,SHORT,0.03915578715039225,-0.13494028738063285,1713492000000,-0.004737629187875725,-0.04909907383957304,-0.0867618033433113
SOLUSDT,1713502800000,2024,LONG,-0.06837170859294575,0.009685593631656322,1713506400000,0.042696994979662714,0.03170955039822308,0.05196010346106872
SOLUSDT,1713567600000,2024,SHORT,0.011315989080756423,-0.0627405223244833,1713571200000,0.01232599617245325,0.0006741715319568228,0.006924830512594094
SOLUSDT,1713628800000,2024,LONG,-0.11190160867628761,0.08067935571648331,1713632400000,0.02122024293426277,0.02588707716729218,0.023483460654749336
SOLUSDT,1713632400000,2024,SHORT,0.08067935571648331,-0.031076610997533106,1713636000000,0.00037218452806635937,-0.0009763258382742411,0.0011768422760801782
SOLUSDT,1713639600000,2024,LONG,-0.0058501204022444265,0.023672968212483513,1713643200000,0.00041012615261361117,8.600813112948815e-05,-0.000694952357548919
SOLUSDT,1713661200000,2024,SHORT,0.04016676304274303,-0.06534306922373653,1713664800000,-0.017597007772932313,-0.006574513991561091,0.0032128380069211854
SOLUSDT,1713668400000,2024,LONG,-0.05589395463747891,0.0310800681863954,1713672000000,0.0020041150778508958,0.003302653080231268,-0.002920448192149707
SOLUSDT,1713672000000,2024,SHORT,0.0310800681863954,-0.007753342889596127,1713675600000,0.003506491924459576,-0.004511096859816608,0.020136144409594145
SOLUSDT,1713686400000,2024,LONG,-0.023550775359165426,0.007261199846938249,1713690000000,-0.003404658079952388,-0.010022270663997329,-0.015490162175651018
SOLUSDT,1713693600000,2024,SHORT,0.002715749706804957,-0.016720224884378507,1713697200000,-0.0029437565703812193,0.012633711929325693,0.013600297674948967
SOLUSDT,1713754800000,2024,LONG,-0.04382653914142465,0.037863087051244866,1713758400000,0.0036334811421174034,0.021657551520201962,0.02042601223385719
SOLUSDT,1713798000000,2024,SHORT,0.015095480343073842,-0.023027223891253928,1713801600000,-3.911980440579259e-05,-0.0071529808468361,-0.013155399828934785
SOLUSDT,1713801600000,2024,LONG,-0.023027223891253928,0.00876107799821705,1713805200000,0.009900557080120767,0.008931702448779756,0.008563291427184226
SOLUSDT,1713834000000,2024,SHORT,0.05409367832582996,-0.01432237682431216,1713837600000,0.00415285365809989,0.012587779769163556,0.010116495145098098
SOLUSDT,1715000400000,2024,LONG,-0.06431050849720943,0.031645648901976506,1715004000000,-0.0061079962691264105,-0.01319017418826946,0.02468848257297619
SOLUSDT,1715004000000,2024,SHORT,0.031645648901976506,-0.028731133743009035,1715007600000,-0.007682880638683603,-0.0016368223119546184,-0.026498553523486956
SOLUSDT,1715007600000,2024,LONG,-0.028731133743009035,0.01734383488157675,1715011200000,-0.01440230806764604,-0.0022133120169638386,1.3005000422864448e-05
SOLUSDT,1715011200000,2024,SHORT,0.01734383488157675,-0.0038104707801227948,1715014800000,0.00034969533974943547,-0.018464637225402585,-0.022220237056653908
SOLUSDT,1715025600000,2024,LONG,-0.005093065668428173,0.008473786281965899,1715029200000,0.006931564308174521,-0.006054286036999583,0.025455745584258265
SOLUSDT,1715050800000,2024,SHORT,0.08913957528036225,-0.017292143849542085,1715054400000,-0.007811426467655299,-0.00831454841438477,-0.005356692445611593
SOLUSDT,1715065200000,2024,LONG,-0.016451875282989973,0.002651183246565921,1715068800000,0.021171091058760232,-0.0010452355634850588,-0.025623754680839668
SOLUSDT,1715083200000,2024,SHORT,0.031599741964278186,-0.013309964428320767,1715086800000,0.01273786965355308,0.0009602093865177329,0.039755996714933024
SOLUSDT,1715616000000,2024,LONG,-0.04011330168889319,0.011624277262713471,1715619600000,-0.014223611380294708,-0.005209340300120508,-0.011811849490456659
SOLUSDT,1715619600000,2024,SHORT,0.011624277262713471,-0.004356410980664814,1715623200000,-0.001619773789183557,-0.001809366503974419,-0.0077766721329045
SOLUSDT,1715792400000,2024,LONG,-0.015046199423373765,0.0017706213409452972,1715796000000,0.001983617922846903,0.01320607960441857,0.050986620716857854
SOLUSDT,1715796000000,2024,SHORT,0.0017706213409452972,-0.022979760111042507,1715799600000,-0.005959609018181676,-0.012500082053955178,-0.04905836879167624
SOLUSDT,1715803200000,2024,LONG,-0.039974067826677645,0.023431184041372424,1715806800000,-0.005867787019324714,0.0307799812476673,0.039131043744676956
SOLUSDT,1716462000000,2024,SHORT,0.06579952565845723,-0.040980626410446745,1716465600000,0.016310635573330554,0.017034172252026306,-0.0029273942388933992
SOLUSDT,1716487200000,2024,LONG,-0.018639985147924514,0.02110478145431235,1716490800000,-0.0056801766961346745,0.02507251880391137,-0.032897217280415905
SOLUSDT,1716490800000,2024,SHORT,0.02110478145431235,-0.0033906065711676405,1716494400000,-0.00719058653108158,-0.02987153915443705,0.0282134851381982
SOLUSDT,1716494400000,2024,LONG,-0.0033906065711676405,0.004775633195952512,1716498000000,0.03885398827256133,0.012456780710103916,-0.04058205086716151
SOLUSDT,1716526800000,2024,SHORT,0.03863727703506689,-0.11260588023298707,1716530400000,0.006170972965287705,0.00927079878761519,-0.006732508918820414
SOLUSDT,1721390400000,2024,LONG,-0.026578507308854034,0.019037314842199383,1721394000000,0.019471161409223114,0.033073819233388965,0.03361716590783202
SOLUSDT,1721476800000,2024,SHORT,0.004198917992900035,-0.0018076166963827277,1721480400000,0.0011293727238396798,-0.0073748654794453415,-0.026682942418909172
SOLUSDT,1721494800000,2024,LONG,-0.03299830091519308,0.0458916094652536,1721498400000,-0.00416446774468003,0.0011989549304081612,-0.006484292893900283
SOLUSDT,1722456000000,2024,SHORT,0.0021495801395800696,-0.02446098288824665,1722459600000,-0.00164710526877064,0.009032282115978353,0.024435145521717543
SOLUSDT,1723125600000,2024,LONG,-0.06151430508612095,0.05945104735444212,1723129200000,0.006456978663498817,-0.016515296974008675,-0.0073514007892001776
SOLUSDT,1723136400000,2024,SHORT,0.07105763446939997,-0.08244775375261411,1723140000000,0.0005098984137908484,-0.02205107513523401,-0.0012163321130624909
SOLUSDT,1727362800000,2024,LONG,-0.0445339026062669,0.02740369899121034,1727366400000,-0.003334749812194575,-0.010533014345782823,-0.009311494881032905
SOLUSDT,1727391600000,2024,SHORT,0.023043603039947267,-0.014247192881953334,1727395200000,-0.004338401598598362,-0.0010221170281634576,-0.0031337520187185047
SOLUSDT,1727445600000,2024,LONG,-0.15274899030904027,0.032784516410441035,1727449200000,-0.005488195368413383,-0.009338462112904712,-0.008265703759253121
SOLUSDT,1727452800000,2024,SHORT,0.04397711191903673,-0.01268809882702112,1727456400000,0.009354557960836254,0.008543692317380537,0.006197156806381606
SOLUSDT,1727701200000,2024,LONG,-0.01801189274381143,0.019183341405302475,1727704800000,-0.002337359848704927,-0.007510431727669585,-0.015881003711324476
SOLUSDT,1727708400000,2024,SHORT,0.022891783160813264,-0.004181063397914492,1727712000000,-0.0042608917781087234,-0.00610724478810421,-0.0061136945909014235
SOLUSDT,1727766000000,2024,LONG,-0.013945608788953071,0.0027400101720600175,1727769600000,-0.00274686838275168,-0.0019284069166481922,-0.0753527101056323
SOLUSDT,1727787600000,2024,SHORT,0.06225074015687063,-0.08992448778737676,1727791200000,0.01897310888446123,0.0403641196129494,0.050285450649464894
SOLUSDT,1729594800000,2024,LONG,-0.07984481204785976,0.029906059275541658,1729598400000,-0.010598584285753793,-0.0008342271965155256,-0.001967506969472542
SOLUSDT,1729598400000,2024,SHORT,0.029906059275541658,-0.031088754474453625,1729602000000,0.00012039489540176926,0.0004214455645028069,0.0002408042874798317
SOLUSDT,1729605600000,2024,LONG,-0.04336613351423014,0.08655330530094106,1729609200000,-0.01397051076970037,-0.013374563195447683,-0.024758748455507927
SOLUSDT,1729616400000,2024,SHORT,0.01539428594044229,-0.007001027592760699,1729620000000,-0.0039996471550338844,-0.001971974704585092,0.012943800715533653
SOLUSDT,1729620000000,2024,LONG,-0.007001027592760699,0.010300020882358941,1729623600000,0.00333075904191911,0.00623610038771061,-0.015792804291684642
SOLUSDT,1729641600000,2024,SHORT,0.036960681865724695,-0.003381531750007105,1729645200000,-0.007318568958664611,0.0015666428848999862,-0.001984903361376197
SOLUSDT,1729688400000,2024,LONG,-0.012179523492743727,0.09261215710679399,1729692000000,-0.007661962467574715,-0.016645672645256317,0.022871175029294415
SOLUSDT,1729893600000,2024,SHORT,0.0033778234641890594,-0.06782738953664517,1729897200000,-0.006513887823970573,-0.006513887823970573,-0.032448920334549804
SOLUSDT,1729926000000,2024,LONG,-0.003448359298913197,0.018516620965988655,1729929600000,0.006317441595965385,0.008038867836509676,0.02468386321194187
SOLUSDT,1730397600000,2024,SHORT,0.0040874784703321424,-0.011776581269333949,1730401200000,0.00549825500538855,0.0008257638784672776,0.024832649516126678
SOLUSDT,1730858400000,2024,LONG,-0.010888650097830613,0.08926363302937883,1730862000000,0.029359806305163348,0.03130480664819008,0.030008560179893454
SOLUSDT,1732618800000,2024,SHORT,0.05449329985713403,-0.0011284324764725586,1732622400000,4.391068567254784e-05,0.0015820006814985341,-0.013043568354613112
SOLUSDT,1732622400000,2024,LONG,-0.0011284324764725586,0.0008757745943573347,1732626000000,0.0009216792769914336,0.017627161954126704,0.00830823791697691
SOLUSDT,1732626000000,2024,SHORT,0.0008757745943573347,-0.012372304899328961,1732629600000,-0.01246909820635526,-0.009866059860193023,-0.018085876852802146
SOLUSDT,1732633200000,2024,LONG,-0.008277198336299975,0.0007773008761800291,1732636800000,0.019165184360886014,0.0074483344695568275,0.01782687172993811
SOLUSDT,1732680000000,2024,SHORT,0.017819099381454352,-0.0006877578977390891,1732683600000,0.005535592211075593,-0.01462777694908181,-0.037034949199028
SOLUSDT,1732694400000,2024,LONG,-0.011112841481296286,0.008016687005273426,1732698000000,0.0006423295371260823,0.005169736578531786,0.03477073904026839
SOLUSDT,1732759200000,2024,SHORT,0.04949193673104958,-0.010880707156218607,1732762800000,0.008793453319095909,0.015313852596107205,0.02890859038374915
SOLUSDT,1732762800000,2024,LONG,-0.010880707156218607,0.029970740368801138,1732766400000,0.0006247006845809105,-0.008282833381578298,-0.02950964497619482
SOLUSDT,1732784400000,2024,SHORT,0.020633849833865365,-0.02456670165269255,1732788000000,0.0007211487787873429,-0.0027948356113095623,-0
SOLUSDT,1732809600000,2024,LONG,-0.01697136629405141,0.005647529632309912,1732813200000,0.002042727750912643,0.004505469431292727,0.024532588815069197
SOLUSDT,1732838400000,2024,SHORT,0.00025453061751148107,-0.006534538481899468,1732842000000,-0.004884837270492532,-0.015415209117011702,-0.02624713245553846
SOLUSDT,1732842000000,2024,LONG,-0.006534538481899468,0.006021410748938918,1732845600000,0.014761954400481166,0.010655513140404443,0.022801411442512735
SOLUSDT,1732975200000,2024,SHORT,0.05818132301600205,-0.002765118150696419,1732978800000,-0.0031716911656349996,-0.002671566123952614,0.019286960241852707
DOGEUSDT,1680544800000,2023,LONG,-0.5124894788737034,0.05744373028802273,1680548400000,-0.03167455941370406,-0.058328867950909816,-0.007724370051237902
DOGEUSDT,1680552000000,2023,SHORT,0.041385893308183215,-0.3396772922619894,1680555600000,-0.015110918937401536,-0.012536638850108356,-0.07508628627055683
DOGEUSDT,1680570000000,2023,LONG,-0.09942263494987202,0.10051092989359879,1680573600000,0.0046024116014518,-0.0042118301515213985,0.011010407896781994
DOGEUSDT,1680624000000,2023,SHORT,0.004899892423999241,-0.000689825356544963,1680627600000,0.008305695587278396,-0.020568645316820934,-0.007416597655049619
DOGEUSDT,1680634800000,2023,LONG,-0.04082231269135941,0.04928218756218311,1680638400000,0.020568645316820934,-0.01647071530240177,0.0009300884254428527
DOGEUSDT,1680642000000,2023,SHORT,0.24098647907841733,-0.059502651570292706,1680645600000,-0.0015638850083063629,-0.0019805082827422933,-0.008933268092109443
DOGEUSDT,1680663600000,2023,LONG,-0.03908602106795295,0.1949011490581505,1680667200000,-0.007361996441069082,-0.013848505670675922,-0.027681998932026695
DOGEUSDT,1680710400000,2023,SHORT,0.160140536532871,-0.2173821661428814,1680714000000,-0.0037575866854627263,-0.0004301537866090756,0.012011181570119217
DOGEUSDT,1681448400000,2023,LONG,-0.005557923871184581,0.002715380462585441,1681452000000,-0.0017634745008769596,-0.008848636432743003,-0.02587986042247815
DOGEUSDT,1681484400000,2023,SHORT,0.06102340902252287,-0.4550019615090183,1681488000000,-0.013555209580681779,-0.03281616173327653,-0.029537284919249857
DOGEUSDT,1681491600000,2023,LONG,-0.5735570351085535,0.06976028072326192,1681495200000,-0.0022629563854891254,0.0016938629762819465,0.008552831790307015
DOGEUSDT,1681689600000,2023,SHORT,0.10380282185934066,-0.01843704915459993,1681693200000,-0.004958315319423386,-0.010339494223940243,-0.06526549361168565
DOGEUSDT,1681714800000,2023,LONG,-0.06622869387816882,0.1633595605930425,1681718400000,0.01121147828184197,0.0017165544393030689,-0.012425204421788629
DOGEUSDT,1681736400000,2023,SHORT,0.1950075118828191,-0.016242921279336842,1681740000000,-0.0020727657014745276,0.0037199167622577593,0.012748826370365694
DOGEUSDT,1681740000000,2023,LONG,-0.016242921279336842,0.016781348047747103,1681743600000,-0.019811345730000245,-0.006669971696443215,-0.0074382316255764
DOGEUSDT,1681743600000,2023,SHORT,0.016781348047747103,-0.2832400883281294,1681747200000,-0.007420156975575514,-0.022206035020662866,-0.01379941310095204
DOGEUSDT,1681758000000,2023,LONG,-0.36744377470724143,0.0746399865540001,1681761600000,-0.0013054832141304825,-0.006216280446050363,0.010167745790430689
DOGEUSDT,1681779600000,2023,SHORT,0.0572805883355874,-0.441143245679664,1681783200000,-0.0073833604462636,-0.025337164062859695,-0.03424806096670321
DOGEUSDT,1681794000000,2023,LONG,-0.14201632774652873,0.17769872487966962,1681797600000,0.004304321721431682,0.0018316010076580437,-0.009426365914487297
DOGEUSDT,1681891200000,2023,SHORT,0.14260876676546108,-0.7995955525978053,1681894800000,-0.009514601495796056,-0.01542975922748823,-0.02524869709584189
DOGEUSDT,1681916400000,2023,LONG,-0.0035320804338128085,0.11800101090509063,1681920000000,-0.002976356714112469,-0.020011785106509455,-0.01307352987822405
DOGEUSDT,1681923600000,2023,SHORT,0.1259353663399231,-0.5982353929968817,1681927200000,-0.00982337262057066,-0.00011346230227177175,-0.03829071000807162
DOGEUSDT,1681952400000,2023,LONG,-0.17891359664097592,0.20530118462280064,1681956000000,-0.025636713885764068,0.007673793412385094,-0.031070894585551314
DOGEUSDT,1681956000000,2023,SHORT,0.20530118462280064,-0.11292230745456058,1681959600000,-0.012343065142464686,-0.030576621840103263,0.011126363646493987
DOGEUSDT,1681963200000,2023,LONG,-0.6231636886936756,0.18768126484431472,1681966800000,0.0012019888897316392,-0.0013129104730561338,-0.08854327355794407
DOGEUSDT,1681995600000,2023,SHORT,0.17553773035148007,-0.31690285056172096,1681999200000,0.0056921829467066875,0.055790429134886466,0.051717591688871314
DOGEUSDT,1685228400000,2023,LONG,-0.009765277973928652,0.18507335223499388,1685232000000,0.00823727886647893,0.003989824375067568,-0.001241465088064877
DOGEUSDT,1685466000000,2023,SHORT,0.004797384435187207,-0.004805667867735976,1685469600000,-0.0009667841371763769,-0.0013808342431537903,0.013353933317017707
DOGEUSDT,1685473200000,2023,LONG,-0.005202657861594443,0.00939981111725947,1685476800000,0.0002765104400308943,-0.0006916107890313042,-0.011543136305160556
DOGEUSDT,1685498400000,2023,SHORT,0.0065395415272187845,-0.07547004118180863,1685502000000,-0.002627758928580547,0.006669470324747188,0.015913233624286552
DOGEUSDT,1685732400000,2023,LONG,-0.10956956004191234,0.12807909241021664,1685736000000,-0.003296706282491866,-0.004811336520416712,-0.00536268043514124
DOGEUSDT,1685934000000,2023,SHORT,0.03239109310657569,-0.11782801476292822,1685937600000,-0.0019550348358030735,-0.0025129149060604088,0.04869232159805119
DOGEUSDT,1686074400000,2023,LONG,-1.1887457282122007,0.2385909060657882,1686078000000,-0.012731896364322889,-0.015693190215582156,-0.03451056655302878
DOGEUSDT,1686128400000,2023,SHORT,0.19929124951413,-0.03214398657742931,1686132000000,0.005295687574710344,0.004263771805393301,0.021652929599482278
DOGEUSDT,1686315600000,2023,LONG,-0.10943078883709374,0.31254117935209164,1686319200000,-0.010303468369724554,-0.01998772415219738,-0.007143908079356099
DOGEUSDT,1686340800000,2023,SHORT,0.045904790631021146,-0.05294378628485723,1686344400000,-0.007694020680463613,-0.02560922573369305,0.12991550372814853
DOGEUSDT,1686355200000,2023,LONG,-0.06464240619481873,0.22346355966550766,1686358800000,-0.009561257283536757,-0.16065762529664487,-0.17832444299744588
DOGEUSDT,1686369600000,2023,SHORT,0.0335599881003982,-1.0564042658286534,1686373200000,-0.008633624938404465,-0.004824096521736853,-0.009294672723177338
DOGEUSDT,1690279200000,2023,LONG,-0.02292640306281045,0.009847378830913895,1690282800000,0.0010306622917003688,-0.009974822001230461,0.049416050094544896
DOGEUSDT,1690286400000,2023,SHORT,0.016347282913833843,-0.007788294179755062,1690290000000,0.002209084128829532,-0.03569986451333846,-0.05049468898276393
DOGEUSDT,1690300800000,2023,LONG,-0.05461497986100956,0.02023133139867244,1690304400000,0.020087470217058184,0.013807048120435636,0.0036256837867708336
DOGEUSDT,1690340400000,2023,SHORT,0.05001542037408044,-0.0051287505107315045,1690344000000,0.0012471939755852582,-0.000996636434806383,0.01887323256918877
DOGEUSDT,1700071200000,2023,LONG,-0.010965016517387077,0.046889330910137646,1700074800000,0.0026581621180723322,0.013745920904635136,0.025231299052188804
DOGEUSDT,1700139600000,2023,SHORT,0.05810281422821823,-0.038143183711319036,1700143200000,0.00025255714239564144,0.007986351632650044,-0.019629310633824584
DOGEUSDT,1700190000000,2023,LONG,-0.010297381861319767,0.011109824625365363,1700193600000,0.006031158659689765,0.020891359031376268,-0.011423019665473644
DOGEUSDT,1700218800000,2023,SHORT,0.09030508955101071,-0.0013904373836938109,1700222400000,0.0019074874643949951,0.04731435994546722,-0.029225717176867175
DOGEUSDT,1700226000000,2023,LONG,-0.08024971731582076,0.009079299358122458,1700229600000,-0.014860200371686607,0.008067958748835608,0.032239751709505236
DOGEUSDT,1700229600000,2023,SHORT,0.009079299358122458,-0.1497478728118482,1700233200000,0.017454178325163366,-0.025921994061305808,-0.04264142070156399
DOGEUSDT,1700258400000,2023,LONG,-0.011116331501953017,0.07876545079680641,1700262000000,0.013626251711765056,-0.002818226383841778,-0.01227009259181436
DOGEUSDT,1700283600000,2023,SHORT,0.06784719915467881,-0.03694231940700278,1700287200000,0.015411991243692743,-0.01624498218433296,0.037295784743696894
DOGEUSDT,1700290800000,2023,LONG,-0.0677537111193153,0.001135267645272259,1700294400000,0.010001273982283822,0.014964649806298616,-0.02532701265473983
DOGEUSDT,1700312400000,2023,SHORT,0.11170888232603177,-0.16809825058802338,1700316000000,0.010601907847628671,0.007472014838701066,0.0298454438155935
DOGEUSDT,1700499600000,2023,LONG,-0.020383943736200862,0.05668728728371257,1700503200000,-0.012430240843680862,-0.035073672389116864,-0.05171599676260352
DOGEUSDT,1700506800000,2023,SHORT,0.027992954039279733,-0.0045555058157374035,1700510400000,0.0039006026177582924,0.02402098084527645,0.042717967978942166
DOGEUSDT,1700676000000,2023,LONG,-0.058884803116383375,0.047657924429212774,1700679600000,0.002773560518010242,0.003169156224362777,0.0042233136549638395
DOGEUSDT,1701892800000,2023,SHORT,0.05229171457042455,-0.037756234399653255,1701896400000,0.0008232994187385562,0.010548184668453493,0.01806152482303583
DOGEUSDT,1702062000000,2023,LONG,-0.04785219432526355,0.08002970927859618,1702065600000,0.0036799484563680923,0.013656817896397352,0.04376703584970739
DOGEUSDT,1702087200000,2023,SHORT,0.040166847969834545,-0.03215958871536161,1702090800000,-0.01565130256907224,-0.016233487720389034,0.00791848144266252
DOGEUSDT,1702090800000,2023,LONG,-0.03215958871536161,0.01730982793616993,1702094400000,0.004551404748447102,0.01751054939095232,-0.017427501970328073
DOGEUSDT,1702101600000,2023,SHORT,0.01575159247520041,-0.005700904149121876,1702105200000,-0.017025371563764533,0.006130511099255629,0.02863664316049151
DOGEUSDT,1702105200000,2023,LONG,-0.005700904149121876,0.0038890055458234854,1702108800000,-0.02824718663135246,-0.027658662828195926,-0.04416998755981188
DOGEUSDT,1702303200000,2023,SHORT,0.01316944104805071,-0.04535028017017782,1702306800000,-0.006835296605857659,0.01670518179055787,-0.019643302172236463
DOGEUSDT,1702346400000,2023,LONG,-0.06274486547374754,0.006244116973196992,1702350000000,-0.004147232486446257,-0.006956369224240507,-0.014906201887967218
DOGEUSDT,1702393200000,2023,SHORT,0.1227294759066179,-0.05917924684912192,1702396800000,0.005432191022198423,0.0166018915130405,0.03337422979937919
DOGEUSDT,1702425600000,2023,LONG,-0.05639730934800262,0.017164783714364376,1702429200000,-0.025863973225075252,-0.028585655815288775,-0.016019137937423565
DOGEUSDT,1702432800000,2023,SHORT,0.006674921187674716,-0.12126095478479162,1702436400000,0.0109231015054699,0.01908371141637954,-0.000760167273397525
DOGEUSDT,1702494000000,2023,LONG,-0.11862139879061566,0.006625129371834,1702497600000,0.00996076387577131,0.016408373566579988,0.015682496000617777
DOGEUSDT,1702641600000,2023,SHORT,0.07567798282408159,-0.008510636956694517,1702645200000,0.0050574336013586236,0.011628037995119099,0.025978252123267438
DOGEUSDT,1702753200000,2023,LONG,-0.021173447057342528,0.01103456721159842,1702756800000,0.012946867861104295,0.02882104048659614,-0.004885311330429073
DOGEUSDT,1702861200000,2023,SHORT,0.060005713910517795,-0.0849963010072354,1702864800000,0.008295179632852957,0.0034843240826109225,0.031243916902252245
DOGEUSDT,1702933200000,2023,LONG,-0.084349096521503,0.09015136419784699,1702936800000,-0.0013043480110135064,0.01241447368397039,0.0052004450897581815
DOGEUSDT,1703005200000,2023,SHORT,0.16311664090789066,-0.10301661362006656,1703008800000,-0.008900815327405923,-0.02013565097899385,-0.01453401076173695
DOGEUSDT,1703080800000,2023,LONG,-0.006072353710478181,0.14055220872394056,1703084400000,0.011677070730137204,0.012536638850108356,-0.007313245496509991
DOGEUSDT,1703102400000,2023,SHORT,0.11359117704459618,-0.05100985287168883,1703106000000,-0.0006594856251329443,-0.00591977172731263,-0.005810464190449083
DOGEUSDT,1703109600000,2023,LONG,-0.05779054320507742,0.010699559668579795,1703113200000,0.0036099147663484483,0.00032871309121930875,0.015118021362084328
DOGEUSDT,1703124000000,2023,SHORT,0.02012783130830619,-0.007382314811665498,1703127600000,-0.0030631245917338576,-0.004700232733633138,0.0016448273898591768
DOGEUSDT,1703131200000,2023,LONG,-0.004747050169670467,0.01079683750045287,1703134800000,-0.008416730017462421,-0.004254165128794509,-0.0030524388684788134
DOGEUSDT,1703214000000,2023,SHORT,0.05931748529914898,-0.023834803144594355,1703217600000,-0.0035126972092562165,0.011798914097264815,-0.0010657573213826257
DOGEUSDT,1703289600000,2023,LONG,-0.03393102618861384,0.029241271893657196,1703293200000,-0.01591658875155739,-0.015593608719681483,-0.013872808122971802
DOGEUSDT,1703293200000,2023,SHORT,0.029241271893657196,-5.0749339384107214e-05,1703296800000,0.002695564735311012,-0.004190625592257787,-0.0027957007456495256
DOGEUSDT,1703296800000,2023,LONG,-5.0749339384107214e-05,0.006333226218137774,1703300400000,-0.001404722258110206,0.004632381028231471,0.008494218052619332
DOGEUSDT,1703300400000,2023,SHORT,0.006333226218137774,-0.07131437723941031,1703304000000,-0.004639378230245678,-0.0018367462351378146,-0.006789916693474104
DOGEUSDT,1703390400000,2023,LONG,-0.013610239032700845,0.008497090087225462,1703394000000,-0.012800174766961787,-0.009049835519917927,-0.00637960696403904
DOGEUSDT,1703394000000,2023,SHORT,0.008497090087225462,-0.06698376455816155,1703397600000,0.0016117770641252012,-0.013755081720746675,-0.004606081733590508
DOGEUSDT,1703408400000,2023,LONG,-0.058802790370678315,0.04930194696310951,1703412000000,-0.0021202170563130508,0.0009526330437293986,-0.017412179482823007
DOGEUSDT,1703430000000,2023,SHORT,0.0022519710414460924,-0.004675384532961306,1703433600000,0.0009595394946998567,-0.004147397873444794,0.013950220866366573
DOGEUSDT,1703444400000,2023,LONG,-0.013235448905365673,0.030460243366800636,1703448000000,-0.01109818242110076,-0.026562129397549646,-0.016693806620064745
DOGEUSDT,1703448000000,2023,SHORT,0.030460243366800636,-0.01745334023397865,1703451600000,0.004301081899390697,0.014808680066114731,0.004732209304214714
DOGEUSDT,1703451600000,2023,LONG,-0.01745334023397865,0.011600428343946872,1703455200000,-0.015527756472175998,-0.006052109686664979,0.0024751156031075235
DOGEUSDT,1703455200000,2023,SHORT,0.011600428343946872,-0.039582755406701614,1703458800000,-0.004149836685989756,-0.009800797170427514,-0.02025742238879952
DOGEUSDT,1703516400000,2023,LONG,-0.0043539687857173485,0.014393962271032255,1703520000000,0.002129019326648683,0.003935128715356204,0.003085601213908926
DOGEUSDT,1703556000000,2023,SHORT,0.025209852906487328,-0.008990487841881863,1703559600000,-0.004151813064568791,0.018845117005494245,0.010832947682425383
DOGEUSDT,1703667600000,2023,LONG,-0.018041982131460788,0.006242869291050282,1703671200000,0.004115677855467611,0.004115677855467611,0.014866157656042147
DOGEUSDT,1703772000000,2023,SHORT,0.05399757106709933,-0.06110074879532238,1703775600000,0.005018557336458418,0.0021788874509842677,0.0021788874509842677
DOGEUSDT,1703779200000,2023,LONG,-0.019996622108174406,0.014774656879162474,1703782800000,0.0039279919571576115,0.004581159844520407,0.006212215498892103
DOGEUSDT,1703790000000,2023,SHORT,0.004232875912466858,-0.0008277612497359539,1703793600000,0.0010876659762723954,0.002067577862621087,0.006543812204955627
DOGEUSDT,1703793600000,2023,LONG,-0.0008277612497359539,0.01110779910178671,1703797200000,-0.004362532821349684,-0.004690491282884407,0.004668593246995936
DOGEUSDT,1703800800000,2023,SHORT,0.014262625079171908,-0.005130850965127238,1703804400000,0.0010887317351964494,0.002287707299831944,-0.005966928471492571
DOGEUSDT,1703818800000,2023,LONG,-0.008804481684027662,0.007414576876178163,1703822400000,-0.00032589213258944104,-0.007413094015644229,-0.004463078218776394
DOGEUSDT,1703833200000,2023,SHORT,0.006025420476066142,-0.057750304898296315,1703836800000,-0.010124739475679179,-0.014448135747386051,0.00021886627358098563
DOGEUSDT,1704110400000,2024,LONG,-0.03806665219079832,0.0006272925979785986,1704114000000,0.003317119361808655,0.010028184760897906,0.03386463291540921
DOGEUSDT,1704117600000,2024,SHORT,0.003628018332616108,-0.004469293669998265,1704121200000,-0.005390848634876373,-0.007801808706840148,-0.026023571009548923
DOGEUSDT,1704121200000,2024,LONG,-0.004469293669998265,0.025398355301121462,1704124800000,0.0006581112445493242,0.008413051534281691,0.022243633961827554
DOGEUSDT,1704171600000,2024,SHORT,0.018543443915432885,-0.004893294818211672,1704175200000,0.0024777820379411875,-0.005900355046392148,0.013213665667128522
DOGEUSDT,1706302800000,2024,LONG,-0.00043725589306140624,0.010453162934866344,1706306400000,-0.0002503442246143927,0.0005005005109484547,-0.0026317453625722487
DOGEUSDT,1706306400000,2024,SHORT,0.010453162934866344,-0.00058920577965852,1706310000000,0.0006260564907421448,-0.003872826378518125,0.0035109753934638123
DOGEUSDT,1706310000000,2024,LONG,-0.00058920577965852,0.004336444056596553,1706313600000,0.0010013769769062683,0.0010013769769062683,-0.0026333954650259385
DOGEUSDT,1706317200000,2024,SHORT,0.029687271606190824,-0.09915191745142725,1706320800000,-0.0031220755925055136,0.007532992307545036,0.005896021596347164
DOGEUSDT,1706522400000,2024,LONG,-0.014912628925603891,0.002909040488306348,1706526000000,-0.008768194489664137,0.001228803300356097,0.003436851302467603
DOGEUSDT,1706526000000,2024,SHORT,0.002909040488306348,-0.014810277866826099,1706529600000,-0.018193495064665242,-0.01916756064758707,-0.009138122369537255
DOGEUSDT,1706529600000,2024,LONG,-0.014810277866826099,0.060907607627848345,1706533200000,-0.02080459108258986,-0.0015850762326207572,-0.013245226750020567
DOGEUSDT,1706533200000,2024,SHORT,0.060907607627848345,-0.04476096095753083,1706536800000,-0.012853965139170526,-0.01714292459662674,-0.012976762462343113
DOGEUSDT,1706540400000,2024,LONG,-0.014071622192577418,0.0540522356961124,1706544000000,-0.0026809667532579355,0.0012162492377423707,-0.006961009973035223
DOGEUSDT,1706587200000,2024,SHORT,0.008774610838120605,-0.0003822180755421649,1706590800000,0.0024585138382071524,0.0035668200904401554,-0.00049097828407442
DOGEUSDT,1707130800000,2024,LONG,-0.12537288652811257,0.03303908459147385,1707134400000,0.0011295890752404491,-0.011747750845995943,-0.016715597506507196
DOGEUSDT,1707145200000,2024,SHORT,0.0151277943309195,-0.05924714026689427,1707148800000,-0.00012705673100126924,-0.001904157985689794,0.0029267692839758516
DOGEUSDT,1707325200000,2024,LONG,-0.030101575773443447,0.03978591230253704,1707328800000,0.003515383406797485,0.007642710884225424,0.007143335093573064
DOGEUSDT,1708441200000,2024,SHORT,0.09642424594130804,-0.052168534723531335,1708444800000,0.007238239848870662,-0.008593848876260812,-0.012104266710051857
DOGEUSDT,1708470000000,2024,LONG,-0.01315819857695838,0.020574880745847155,1708473600000,-0.008271731208361001,-0.006752062904913585,-0.03530681383214507
DOGEUSDT,1708473600000,2024,SHORT,0.020574880745847155,-0.013321263175446076,1708477200000,-0.0001169659045723703,0.002928602807725907,0.019369921768924468
DOGEUSDT,1708480800000,2024,LONG,-0.015379218610477743,0.007013997812513961,1708484400000,0.0037448844233762863,-0.00871413898642884,-0.026373588480037936
DOGEUSDT,1708491600000,2024,SHORT,0.00012042595287989695,-0.0037011456857258145,1708495200000,0.005190527165945508,0.023331614236595553,0.026226321359820278
DOGEUSDT,1708552800000,2024,LONG,-0.06114058244883588,0.057416666999141865,1708556400000,0.0034329717053713073,-0.008574543424583683,0.00614731809368511
DOGEUSDT,1709056800000,2024,SHORT,0.01834661832345078,-0.0005855463037828759,1709060400000,-0.02176998438657677,-0.026409895878099384,0.017406244870878357
DOGEUSDT,1709060400000,2024,LONG,-0.0005855463037828759,0.06869419119472349,1709064000000,-0.0032408373514346885,-0.012412408826217162,-0.02012017012414988
DOGEUSDT,1709067600000,2024,SHORT,0.09687651399520354,-0.031219839029529718,1709071200000,-0.015108018668801121,0.016170083001697897,-0.00874789425624597
DOGEUSDT,1709071200000,2024,LONG,-0.031219839029529718,0.025771125006252824,1709074800000,-0.017153427440822742,-0.03398136802870641,0.014486491411212929
DOGEUSDT,1709085600000,2024,SHORT,0.0025875348330479746,-0.05506924792928008,1709089200000,0.01521141315673302,0.009834772720271496,-0.035188247386702586
DOGEUSDT,1709110800000,2024,LONG,-0.006001912216241644,0.07276539114419801,1709114400000,0.02084661582376805,0.003841104490170315,0.1431818612215328
DOGEUSDT,1709139600000,2024,SHORT,0.1894906390619559,-0.09846534911253141,1709143200000,0.0034725430124660597,-0.03865215443427912,-0.1557913692847181
DOGEUSDT,1709146800000,2024,LONG,-0.11166328844322561,0.1169606039756539,1709150400000,0.011765874603821624,0.023912475444940767,0.1242587158780559
DOGEUSDT,1709157600000,2024,SHORT,0.03821996093162794,-0.0654659911589846,1709161200000,0.00017245839483979683,0.02656105820360385,-0.109181452820557
DOGEUSDT,1709175600000,2024,LONG,-0.159465557997925,0.21914955627419785,1709179200000,0.03111027795594121,0.030330550820920087,0.07674064692743433
DOGEUSDT,1709244000000,2024,SHORT,0.14501429008012254,-0.08445153534154304,1709247600000,-0.005893171601344855,-0.04045872827294748,-0.03683254991349374
DOGEUSDT,1709254800000,2024,LONG,-0.16033732700321862,0.0710548972694177,1709258400000,0.0015642369303221972,-0.008190324998645375,0.04131952254118012
DOGEUSDT,1709276400000,2024,SHORT,0.14838492877871165,-0.11423537266736937,1709280000000,-0.02550563331572598,-0.0259992979629082,-0.1365449982687067
DOGEUSDT,1709280000000,2024,LONG,-0.11423537266736937,0.00462747279229648,1709283600000,0.007869538112675415,0.0061533606800589,0.14028779407921263
DOGEUSDT,1709287200000,2024,SHORT,0.23449755066833683,-0.011816131176203601,1709290800000,-0.003791005034743542,-0.03727844339378041,-0.1442286581384763
DOGEUSDT,1709290800000,2024,LONG,-0.011816131176203601,0.00903168045117534,1709294400000,0.005577442280002803,0.023090456766297427,0.1377071495835389
DOGEUSDT,1709388000000,2024,SHORT,0.1823053016783047,-0.015298432094947925,1709391600000,0.0085340794218435,-0.0270680398015957,-0.004526682779016553
DOGEUSDT,1709420400000,2024,LONG,-0.010951806122351766,0.035489575009234095,1709424000000,-0.011530563148796122,-0.010677138731732446,-0.004158303204457616
DOGEUSDT,1709431200000,2024,SHORT,0.15339786130336763,-0.10734253492920164,1709434800000,-0.008423807665460728,0.008712299050720134,0.01131910718876103
DOGEUSDT,1709460000000,2024,LONG,-0.10532208345234849,0.18065270609439463,1709463600000,0.046624279172850724,0.02036252879135418,0.11169677030164019
DOGEUSDT,1709654400000,2024,SHORT,0.1700187506362007,-0.04602653882630586,1709658000000,0.008924323581112168,0.1985651509742512,0.031713842086834025
DOGEUSDT,1709658000000,2024,LONG,-0.04602653882630586,0.14156732431147595,1709661600000,-0.04566664042669951,-0.0898677182956233,0.011562214799001
DOGEUSDT,1709661600000,2024,SHORT,0.14156732431147595,-0.23753541933633776,1709665200000,0.1314416600462875,0.02744123604257086,-0.050916044156805416
DOGEUSDT,1709672400000,2024,LONG,-0.33061067424333257,0.0033365684719499525,1709676000000,0.01695289960494848,-0.009187202626496005,0.10161593892047069
DOGEUSDT,1709683200000,2024,SHORT,0.034866739661551543,-0.02544163436350304,1709686800000,0.020652044552669054,-0.055679624720384076,-0.06099451270284193
DOGEUSDT,1709694000000,2024,LONG,-0.0013146642378034975,0.004517664191834984,1709697600000,0.06575378399469178,0.10637251086280641,0.06519593850342234
DOGEUSDT,1709726400000,2024,SHORT,0.10121671563497762,-0.12473568041895006,1709730000000,-0.008713849933593223,0.006058376591775157,0.019731135244709482
DOGEUSDT,1709758800000,2024,LONG,-0.1370175671023374,0.10699834195781281,1709762400000,-0.013447712962115577,0.017054919085831795,-0.03311751811971458
DOGEUSDT,1709780400000,2024,SHORT,0.055542699695725915,-0.19117826116134737,1709784000000,0.0033478877234705442,0.008952729140995049,-0.04045755299663137
DOGEUSDT,1709823600000,2024,LONG,-0.2916723417935645,0.03524547379966585,1709827200000,-0.035093567267430514,-0.01790524025422308,0.057825934445163395
DOGEUSDT,1709827200000,2024,SHORT,0.03524547379966585,-0.41490597777609156,1709830800000,-0.014045083795721136,-0.02833924587967537,-0.06997444320963392
DOGEUSDT,1709863200000,2024,LONG,-0.18065318503081415,0.005227517664826848,1709866800000,0.006554665345791017,-0.01651634892535862,0.009875154610719373
DOGEUSDT,1709866800000,2024,SHORT,0.005227517664826848,-0.007413955809823299,1709870400000,0.023069628168733713,0.021066045336430785,0.02886003230343795
DOGEUSDT,1709892000000,2024,LONG,-0.04316824952842739,0.06478957148847365,1709895600000,-0.0005320564105294781,-0.0015970192374860036,-0.025196581168769848
DOGEUSDT,1709899200000,2024,SHORT,0.03522810252963317,-0.09539673491342723,1709902800000,-0.02767976019713388,0.00809429727330023,-0.002385781878395823
DOGEUSDT,1709902800000,2024,LONG,-0.09539673491342723,0.0171840580089939,1709906400000,-0.018707480035762086,-0.014808148615089788,-0.019358849414825016
DOGEUSDT,1709906400000,2024,SHORT,0.0171840580089939,-0.017591980465989213,1709910000000,0.0320619324596628,-0.0011241606958507014,-0.002247059073346978
DOGEUSDT,1709917200000,2024,LONG,-0.16872594112267358,0.16480267797091788,1709920800000,-0.002834368593715627,-0.020733539852323568,0.009390291431377911
DOGEUSDT,1709974800000,2024,SHORT,0.0643793255945323,-0.11615261027439988,1709978400000,0.004817835275129007,-0.0015608119389056909,-0.0874968904296198
DOGEUSDT,1709996400000,2024,LONG,-0.09157472420838252,0.10511985774623739,1710000000000,0.02996023014251939,0.04080552282744706,0.03463074042673622
DOGEUSDT,1710000000000,2024,SHORT,0.10511985774623739,-0.051121115749358535,1710003600000,-0.03962465776567434,-0.026089661205005964,-0.01703830876268092
DOGEUSDT,1710003600000,2024,LONG,-0.051121115749358535,0.16709753533331068,1710007200000,-0.007877743535809714,-0.0031326452482184366,-0.024608935231015594
DOGEUSDT,1710010800000,2024,SHORT,0.1340543300098495,-0.21301911471781704,1710014400000,-0.015244368520078214,-0.010896535583974826,0.004641692925747525
DOGEUSDT,1710075600000,2024,LONG,-0.0065922520844474706,0.006106635137469119,1710079200000,0.0023516972446899066,0.018256025958404837,-0.030661299225943458
DOGEUSDT,1710079200000,2024,SHORT,0.006106635137469119,-0.22949654068594846,1710082800000,-0.012431220227808371,-0.013416756120210085,0.03307566744684882
DOGEUSDT,1710086400000,2024,LONG,-0.15531184197887776,0.039087541835835675,1710090000000,0.00649428236342474,0.005626954545891786,-0.028919099972048414
DOGEUSDT,1710108000000,2024,SHORT,0.05734732667529886,-0.18364701672896397,1710111600000,-0.02019430745023713,0.01164733604098217,-0.05798472248657137
DOGEUSDT,1710140400000,2024,LONG,-0.04321665800925048,0.353638806061007,1710144000000,-0.003520130813706456,-0.005512787113694978,-0.012719407184670815
DOGEUSDT,1710216000000,2024,SHORT,0.02455850513213214,-0.010835178900806817,1710219600000,-0.00011469205196658082,0.025028162371755976,0.04678494994229423
DOGEUSDT,1710324000000,2024,LONG,-0.016722944150373297,0.04224970395133617,1710327600000,0.000762709415365746,-0.024237850415812383,-0.010739467118760958
DOGEUSDT,1710331200000,2024,SHORT,0.07620184665627323,-0.20845314721672953,1710334800000,0.015866274543890533,0.0030703850290193196,0.016105895943227762
DOGEUSDT,1710352800000,2024,LONG,-0.2888902083232016,0.017740715336144276,1710356400000,0.001005708961628599,-0.0023110436643653393,0.1082742895763216
DOGEUSDT,1710374400000,2024,SHORT,0.0642380667765543,-0.05770628417029692,1710378000000,-0.0015565137242133612,-0.06875718777340256,-0.1089906093199156
DOGEUSDT,1710381600000,2024,LONG,-0.0883106159035205,0.040932610363357366,1710385200000,0.025023229048698335,0.10851107404436677,0.04994255127358082
DOGEUSDT,1710385200000,2024,SHORT,0.040932610363357366,-0.08643190697209592,1710388800000,-0.031880416744073506,-0.07372431748771517,0.0016181233304103741
DOGEUSDT,1710453600000,2024,LONG,-0.13532005680534206,0.05061465675981485,1710457200000,0.002031144909537839,-0.03365619447526131,-0.10406863114569714
DOGEUSDT,1710468000000,2024,SHORT,0.043760828927246684,-0.24884541413929953,1710471600000,0.024777307491643093,0.017796580477384867,0.040831729201517376
DOGEUSDT,1710525600000,2024,LONG,-0.23220013963442213,0.05239947572304489,1710529200000,-0.02882043853549174,-0.029189851173604914,-0.034066554563606195
DOGEUSDT,1710529200000,2024,SHORT,0.05239947572304489,-0.22373499556119744,1710532800000,0.02701939551587805,-0.007788344645784937,-0.00552555433374351
DOGEUSDT,1710684000000,2024,LONG,-0.15278666153799253,0.04365610575672494,1710687600000,0.015485795938055836,0.018032736090378323,0.005232666352497617
DOGEUSDT,1710691200000,2024,SHORT,0.07391224072157584,-0.007969825255201115,1710694800000,-0.03610547360970986,-0.013921033797611216,-0.006196460169373989
DOGEUSDT,1710694800000,2024,LONG,-0.007969825255201115,0.024144399552772276,1710698400000,-0.022316308248221697,-0.009742417783041786,-0.0266303223902519
DOGEUSDT,1710698400000,2024,SHORT,0.024144399552772276,-0.04476137768493366,1710702000000,-0.008960517066666014,-0.004100633858154944,0.019162341845232588
DOGEUSDT,1710709200000,2024,LONG,-0.060660010637872755,0.017924952801290757,1710712800000,-0.008473256607024969,-0.026497667232101667,-0.05985202327169436
DOGEUSDT,1710712800000,2024,SHORT,0.017924952801290757,-0.02235621147380433,1710716400000,-0.0028539942833259303,0.01690070359603553,0.04117390226991763
DOGEUSDT,1710716400000,2024,LONG,-0.02235621147380433,0.006874375373641523,1710720000000,-0.0269151077078322,-0.021473820228166463,-0.04004234731831428
DOGEUSDT,1710723600000,2024,SHORT,0.0009201009210562827,-0.16661182016948167,1710727200000,-0.0011237070290412662,-0.009609762624891511,0.046362557636488506
DOGEUSDT,1710734400000,2024,LONG,-0.1267315385166445,0.03851549136622155,1710738000000,0.0032149094383011126,-0.02785361301826652,-0.07008717160812908
DOGEUSDT,1710741600000,2024,SHORT,0.04776410231283855,-0.05637774757889406,1710745200000,0.005934735519814578,0.017910926566530105,0.05739700591317426
DOGEUSDT,1710849600000,2024,LONG,-0.16031758229022028,0.01778977898900581,1710853200000,-0.003426616716647667,0.02158221905551805,0.00015202189144505266
DOGEUSDT,1710853200000,2024,SHORT,0.01778977898900581,-0.003994593343143205,1710856800000,-7.627474165636972e-05,-0.02404124982342982,0.03413830344256068
DOGEUSDT,1710856800000,2024,LONG,-0.003994593343143205,0.03652989378028608,1710860400000,0.024190170151329914,0.02001199500646187,-0.007964508328648234
DOGEUSDT,1710878400000,2024,SHORT,0.021900648396019455,-0.17588138631484415,1710882000000,-0.0021927346126449946,0.004095879512515993,-0.0017394596936508495
DOGEUSDT,1710918000000,2024,LONG,-0.04160387566962049,0.1082710987438483,1710921600000,-0.008427438891546934,0.007688039359997358,0.09090010459429088
DOGEUSDT,1710950400000,2024,SHORT,0.10422029922345169,-0.07607760273136935,1710954000000,-0.027043045632330318,-0.1258015868028234,-0.14589972591563596
DOGEUSDT,1710954000000,2024,LONG,-0.07607760273136935,0.12202284466469458,1710957600000,0.05191135874210439,0.11838237639952644,0.11618303531505
DOGEUSDT,1711112400000,2024,SHORT,0.11929409018095863,-0.005746345369660146,1711116000000,0.018735275128635428,-0.01984218504060235,-0.08640594829399824
DOGEUSDT,1711119600000,2024,LONG,-0.0804765620249982,0.2056506194162087,1711123200000,-0.0010015023370896325,0.015494946484036012,0.0576328499000572
DOGEUSDT,1711234800000,2024,SHORT,0.1043518669781877,-0.029153640905633882,1711238400000,-0.02679492906993867,-0.04170544566339768,-0.06111100844531
DOGEUSDT,1711238400000,2024,LONG,-0.029153640905633882,0.06555840328524601,1711242000000,-0.0023460774137970567,0.023515126628512923,0.04171806591998387
DOGEUSDT,1711242000000,2024,SHORT,0.06555840328524601,-0.013889859136616226,1711245600000,-0.032587752377437405,-0.03229623268321783,-0.03607937603649033
DOGEUSDT,1711245600000,2024,LONG,-0.013889859136616226,0.154786691890737,1711249200000,-0.01544953923871599,0.006275806523998668,0.011936634949398272
DOGEUSDT,1711526400000,2024,SHORT,0.0560609055827474,-0.04031358149539289,1711530000000,-0.01653473202677005,-0.03530831263422759,-0.026906475823551858
DOGEUSDT,1711530000000,2024,LONG,-0.04031358149539289,0.18430879659202715,1711533600000,-0.004571436532580877,0.003523134352379719,0.0013565210034805547
DOGEUSDT,1712026800000,2024,SHORT,0.19041252460793195,-0.04196146145034779,1712030400000,0.00047698546098715126,0.009850722610185863,0.038841407151566795
DOGEUSDT,1712034000000,2024,LONG,-0.009488084662759182,0.07226222017145159,1712037600000,0.004376143856721956,-0.020930872508339297,-0.02044537013872182
DOGEUSDT,1712044800000,2024,SHORT,0.0011585929585056273,-0.05877742315117622,1712048400000,-0.013964203114148031,-0.008987722891956925,-0.010450780943717517
DOGEUSDT,1712048400000,2024,LONG,-0.05877742315117622,0.0981226792134988,1712052000000,-0.004705382001645956,-0.000593712067095961,-0.00823540440354594
DOGEUSDT,1712091600000,2024,SHORT,0.10030038018242882,-0.05452401640786245,1712095200000,-0.009313978633113482,-0.005858438236588609,-0.014635856534447182
DOGEUSDT,1712095200000,2024,LONG,-0.05452401640786245,0.041909217053816596,1712098800000,-0.01597252406425738,0.0007004121942542429,-0.007845723766654697
DOGEUSDT,1712102400000,2024,SHORT,0.035125836978465705,-0.08712066970497911,1712106000000,-0.04304650885347364,-0.052306332756592314,-0.019570096194097296
DOGEUSDT,1712106000000,2024,LONG,-0.08712066970497911,0.093091963758898,1712109600000,0.004101684200485101,-0.003195842711368206,-0.03556077028272539
DOGEUSDT,1712149200000,2024,SHORT,0.007047721189076705,-0.010514441521959749,1712152800000,-0.031061995790941013,0.006634455910476358,0.0035366472431764056
DOGEUSDT,1712152800000,2024,LONG,-0.010514441521959749,0.18810588419303928,1712156400000,-0.027984639886355474,-0.040068530075620695,-0.04528425707615558
DOGEUSDT,1712174400000,2024,SHORT,0.03995348055135056,-0.01419607043301325,1712178000000,-0.014765715973748844,-0.03229118007337316,-0.04929442351821461
DOGEUSDT,1712178000000,2024,LONG,-0.01419607043301325,0.09645194427100513,1712181600000,0.00017108152076174868,0.01404485653255339,0.034473609607869785
DOGEUSDT,1712311200000,2024,SHORT,0.18545887029543173,-0.03044081481982153,1712314800000,0.01914410250698145,-0.014792913724835268,-0.028299730492629332
DOGEUSDT,1712322000000,2024,LONG,-0.06608572197153607,0.18682071259997704,1712325600000,0.006995040276393345,0.0042487289038736446,0.0274673947006107
DOGEUSDT,1712674800000,2024,SHORT,0.11133028125637087,-0.03180154703506517,1712678400000,0.010993768232209634,0.004953374727194506,0.009665993652562443
DOGEUSDT,1712707200000,2024,LONG,-0.02774121572192073,0.003853023907469308,1712710800000,0.00047469607157386384,-0.0043354197122958535,-0.03102228358150097
DOGEUSDT,1712941200000,2024,SHORT,0.3818667464957629,-0.004515024590508223,1712944800000,0.08836327661421095,0.055040404738086565,0.07295717862321717
DOGEUSDT,1712952000000,2024,LONG,-0.004401135287332361,0.4409657960420591,1712955600000,0.01321934303034603,-0.010118130165584554,-0.01633260757314304
DOGEUSDT,1713006000000,2024,SHORT,0.21240681855869242,-0.0077050781446148025,1713009600000,-0.0065753342718852265,0.0036847534014547577,0.11580006521773
DOGEUSDT,1713009600000,2024,LONG,-0.0077050781446148025,0.05924917369759978,1713013200000,-0.004068117425418948,-0.03818656531711172,-0.14250319763447156
DOGEUSDT,1713020400000,2024,SHORT,0.027478875397327414,-0.02840206872314163,1713024000000,0.027867879888048914,0.12120964399209964,0.13499745358202325
DOGEUSDT,1713024000000,2024,LONG,-0.02840206872314163,0.04494682609877952,1713027600000,-0.03719817562475866,-0.18906878012755338,-0.07084097835016391
DOGEUSDT,1713038400000,2024,SHORT,0.011357994648525731,-0.16656371537478665,1713042000000,-0.04365701986256206,-0.08475214781019362,-0.13534964106174271
DOGEUSDT,1713045600000,2024,LONG,-0.037659239117395826,0.08405770534123082,1713049200000,0.005323531352556096,-0.02232309920632757,0.027301013114204683
DOGEUSDT,1713967200000,2024,SHORT,0.13107994191926117,-0.02287952615291559,1713970800000,0.019268168846594276,0.01848241710370499,0.028811796092340705
DOGEUSDT,1714114800000,2024,LONG,-0.022316593387267724,0.020402992638369467,1714118400000,0.004851313718071589,-0.003069124373376756,-0.005611612026936246
DOGEUSDT,1714143600000,2024,SHORT,0.09880188807476516,-0.013650699387454689,1714147200000,-0.0008772818324227857,-0.007733990599736477,0.01140696779337659
DOGEUSDT,1714147200000,2024,LONG,-0.013650699387454689,0.014195058534205317,1714150800000,0.008196216525039738,0.007794690721612525,-0.012148508703361982
DOGEUSDT,1714183200000,2024,SHORT,0.03216049461915953,-0.00480565698934907,1714186800000,-0.004722963021433748,0.0031610801473541876,-0.001576800792884651
DOGEUSDT,1714186800000,2024,LONG,-0.00480565698934907,0.06339693932793448,1714190400000,6.828502170715418e-05,-0.009882045831461031,-0.006027415508076282
DOGEUSDT,1714384800000,2024,SHORT,0.018717885023023777,-0.12055635698545436,1714388400000,0.004119031461142038,-0.011625989677351189,-0.01930223113878867
DOGEUSDT,1714431600000,2024,LONG,-0.013215025731190606,0.011864226432448935,1714435200000,0.015506333124338712,0.0016729405825639584,-0.05676452889849322
DOGEUSDT,1714442400000,2024,SHORT,0.07598858448966749,-0.025106982524927313,1714446000000,0.000765830092778267,0.00544313974741185,0.06134692311708668
DOGEUSDT,1714586400000,2024,LONG,-0.07449503292826125,0.07363803979754849,1714590000000,-0.030793141482292282,-0.013689362434658892,-0.03481856228556285
DOGEUSDT,1714590000000,2024,SHORT,0.07363803979754849,-0.10653245993607395,1714593600000,-0.00023626698278830427,-0.02473871784868445,0.0011033179462680994
DOGEUSDT,1714651200000,2024,LONG,-0.0318467897336858,0.013112829000312149,1714654800000,-0.011037978080680076,0.010238609026998123,0.006458743625520512
DOGEUSDT,1714654800000,2024,SHORT,0.013112829000312149,-0.006191677617099414,1714658400000,-0.02037072156675627,-0.030813699909218888,-0.03133673201289707
DOGEUSDT,1714658400000,2024,LONG,-0.006191677617099414,0.01495223689404484,1714662000000,0.007224051282637655,0.004220369516949097,0.009994447274166996
DOGEUSDT,1714665600000,2024,SHORT,0.0008744844409589284,-0.015524946405745586,1714669200000,-0.009537112801540756,0.008106412057157286,-0.009761302915695734
DOGEUSDT,1714744800000,2024,LONG,-0.009256047247058698,0.04330312338227434,1714748400000,0.0023812112128267556,0.009991816586015948,0.07184004019078946
DOGEUSDT,1714802400000,2024,SHORT,0.013122132093897652,-0.059586149922985214,1714806000000,0.001332001528940927,-0.04413629648154542,-0.06935220791621909
DOGEUSDT,1714820400000,2024,LONG,-0.01755637588550407,0.026124301456365347,1714824000000,0.04269148730407575,0.03263257358159864,0.013081124834866325
DOGEUSDT,1714842000000,2024,SHORT,0.010074427965810026,-0.04230548800699264,1714845600000,-0.009107417451401091,-0.010472605376741053,-0
DOGEUSDT,1714885200000,2024,LONG,-0.00705515643928182,0.021083060555793023,1714888800000,0.004065173364634855,0.006371835651063756,0.006247287139257453
DOGEUSDT,1714910400000,2024,SHORT,0.05216222809371236,-0.04349056802627923,1714914000000,-0.007434513985785614,-0.012896973254269329,-0.0174674215783657
DOGEUSDT,1714982400000,2024,LONG,-0.005193579608189507,0.019305507692544778,1714986000000,0.005081767430273765,-0.05355455268596346,-0.05672131700194147
DOGEUSDT,1714989600000,2024,SHORT,0.025977123220945506,-0.14078845134474574,1714993200000,-0.002596761691671731,0.02882731722633964,0.02723561918552014
DOGEUSDT,1715608800000,2024,LONG,-0.01398205289868515,0.14125990870431548,1715612400000,0.015674405760279293,-0.00541390888915979,-0.005950209766799141
DOGEUSDT,1715623200000,2024,SHORT,0.19998819346809169,-0.010108100179927327,1715626800000,-0.009471789062393411,0.009021200266934218,-0.0068793058076226455
DOGEUSDT,1715626800000,2024,LONG,-0.010108100179927327,0.02851104696439944,1715630400000,-0.00026558661599563476,-0.013837581670273347,0.0110257611863924
DOGEUSDT,1715641200000,2024,SHORT,0.05401495277534933,-0.06212972845568011,1715644800000,0.002696146146581133,-0.008912774698054042,-0.024206528383135115
DOGEUSDT,1715659200000,2024,LONG,-0.03270516546621386,0.03851202387582709,1715662800000,0.006440283854480266,0.0023950513744135957,-0.026457640994867006
DOGEUSDT,1715680800000,2024,SHORT,0.02520866670837048,-0.10602750898158621,1715684400000,-0.025890767673714392,-0.007456454793784085,0.019884890810536984
DOGEUSDT,1715979600000,2024,LONG,-0.04572255109783121,2.1208113071086688e-05,1715983200000,0.0028932414820247105,0.0018012227449516521,0.002122528534433118
DOGEUSDT,1715983200000,2024,SHORT,2.1208113071086688e-05,-0.001219755062333512,1715986800000,0.0016707367978377496,-0.00038515856170070063,-0.00038515856170070063
DOGEUSDT,1716238800000,2024,LONG,-0.07685001640381371,0.01951466879787558,1716242400000,0.013171164562436773,0.02519584932812302,0.024768876861360343
DOGEUSDT,1716253200000,2024,SHORT,0.030359179735556577,-0.03481502159346258,1716256800000,0.0073448732691361405,0.005074446128701982,-0.028614599569449093
DOGEUSDT,1716260400000,2024,LONG,-0.06992707386277935,0.007943145039902696,1716264000000,-0.009714783732713159,0.004091233991078693,0.017528879444790983
DOGEUSDT,1716264000000,2024,SHORT,0.007943145039902696,-0.018909875398297835,1716267600000,-0.00800004266707615,-0.017880581697086645,-0.038186457814025306
DOGEUSDT,1716274800000,2024,LONG,-0.009448474384361825,0.03963820327568304,1716278400000,0.004013627377803543,0.0037101280279975236,0.0014613654186919167
DOGEUSDT,1716318000000,2024,SHORT,0.09828835196503734,-0.0722491310803392,1716321600000,-0.014017509443856482,-0.03585684399674721,-0.022977072424430135
DOGEUSDT,1716328800000,2024,LONG,-0.021588235786302153,0.05321275831167091,1716332400000,0.0004697316744229478,0.0069645908180572475,-0.010805809138825468
DOGEUSDT,1716350400000,2024,SHORT,0.163083659206438,-0.1879593765082742,1716354000000,-0.003454852137876523,-0.01074226182117197,-0.0018480436867131015
DOGEUSDT,1716390000000,2024,LONG,-0.1902649413252758,0.061842266952626526,1716393600000,-0.01137048848772226,-0.026553664909112377,-0.014113974433472988
DOGEUSDT,1716393600000,2024,SHORT,0.061842266952626526,-0.037153203247758525,1716397200000,0.009996790923426514,0.009094779376655458,0.004178112798752093
DOGEUSDT,1716411600000,2024,LONG,-0.0639782277592063,0.004985918903606515,1716415200000,-0.00849033500831933,-0.0066306506186094944,-0.010594143676560586
DOGEUSDT,1716415200000,2024,SHORT,0.004985918903606515,-0.008638494553900969,1716418800000,0.0010813409680372472,-0.0043734904806895895,0.007352088076434948
DOGEUSDT,1716422400000,2024,LONG,-0.02129276773530144,0.020201556461130726,1716426000000,0.00035966910830127194,0.0023953541604728673,-0.014919789908833735
DOGEUSDT,1716426000000,2024,SHORT,0.020201556461130726,-0.05493315044651885,1716429600000,-0.002573849922995245,0.0027607747699671266,0.04844260695382164
DOGEUSDT,1716433200000,2024,LONG,-0.03332786705500615,0.01132074101153199,1716436800000,-0.0015539089906588114,-0.0021522098341615393,-0.04839012475723019
DOGEUSDT,1716440400000,2024,SHORT,0.001328753442692724,-0.0033677770331398764,1716444000000,-0.0007809918993588788,0.001202718287984004,0.044927210087926044
DOGEUSDT,1716451200000,2024,LONG,-0.011674589404566718,0.01136761019599556,1716454800000,-0.005041724862424421,-0.016357690821608185,-0.058621002670986196
DOGEUSDT,1716469200000,2024,SHORT,0.03515508324519173,-0.20729845951249665,1716472800000,0.006564022558389882,-0.0007546220959284385,-0.0012573873151665044
DOGEUSDT,1716483600000,2024,LONG,-0.13580292649341355,0.0991881873855534,1716487200000,-0.004599157579218468,0.017385240190516404,0.04828418295179695
DOGEUSDT,1716487200000,2024,SHORT,0.0991881873855534,-0.12967432346289193,1716490800000,0.0034159952246074236,-0.008176146176142129,0.010666090579252982
DOGEUSDT,1716498000000,2024,LONG,-0.09994991041566229,0.09721107162230302,1716501600000,-0.013809624785078297,-0.016883558387141378,-0.021480688558917785
DOGEUSDT,1716530400000,2024,SHORT,0.17602860989028227,-0.095922277750673,1716534000000,-0.01186675092403348,-0.025400792092880622,-0.04883576068586588
DOGEUSDT,1716534000000,2024,LONG,-0.095922277750673,0.10349958789055327,1716537600000,0.0011978691972328328,0.030259212720497967,0.04351329779728534
DOGEUSDT,1716735600000,2024,SHORT,0.03639138107117011,-0.012295961627536413,1716739200000,5.972823654151728e-05,-0.006073616384109836,0.005570044047953288
DOGEUSDT,1716739200000,2024,LONG,-0.012295961627536413,0.008691437630276222,1716742800000,0.003160690826391373,0.00047772603321080703,-0.008156456398025725
DOGEUSDT,1716757200000,2024,SHORT,0.021405702944942144,-0.011017412715393169,1716760800000,0.0016758442993212751,-0.004475081306999757,-0.0011953145099985363
DOGEUSDT,1716764400000,2024,LONG,-0.0007438377796749637,0.004627491477981439,1716768000000,0.00951846511202343,0.0015026298845350965,0.009578043890080339
DOGEUSDT,1716904800000,2024,SHORT,0.041028858228909344,-0.025838994607346275,1716908400000,-0.0026255548589127044,0.0030616642616768316,-0.022369592456938144
DOGEUSDT,1716922800000,2024,LONG,-0.029987348471303667,0.04029902490731164,1716926400000,6.065200911656604e-05,0.0014546338706540518,0.012716760192767202
DOGEUSDT,1716930000000,2024,SHORT,0.04606538928470115,-0.08141116389664511,1716933600000,0.006915864832226086,-0.0026932415956435027,0.014001435733144321
DOGEUSDT,1716944400000,2024,LONG,-0.007726889849765127,0.055613943135382544,1716948000000,-0.00035865862061796515,0.009990568349075909,-0.012932900040998679
DOGEUSDT,1716969600000,2024,SHORT,0.12985429297723988,-0.010840425354762446,1716973200000,0.006119562252471059,0.0049654940343644045,0.006605884450505859
DOGEUSDT,1716976800000,2024,LONG,-0.026212460351032862,0.016287516712753327,1716980400000,-0.007930063652277186,0.001205182429694236,-0.005683894852382705
DOGEUSDT,1716994800000,2024,SHORT,0.0525784912511597,-0.018067214497241173,1716998400000,-0.009050934983434653,-0.0084460474740645,-0.009232329910920581
DOGEUSDT,1716998400000,2024,LONG,-0.018067214497241173,0.056682335096581264,1717002000000,0.0035013618626264596,-0.005457535830763435,-0.004728141195946012
DOGEUSDT,1717048800000,2024,SHORT,0.07407153935077532,-0.1469145409441574,1717052400000,0.012105394477697191,0.006253929076299456,-0.015834076486136328
DOGEUSDT,1717070400000,2024,LONG,-0.0018487751076164147,0.046205856482948296,1717074000000,0.003777679055179882,0.008587455855490263,-0.006598629520663634
DOGEUSDT,1717077600000,2024,SHORT,0.07841922833248112,-0.09792400848410798,1717081200000,-0.023858358179657802,-0.016582486150606597,0.0008114097127768246
DOGEUSDT,1717081200000,2024,LONG,-0.09792400848410798,0.03592392492136616,1717084800000,-0.009733479557484487,-0.018382983624455146,-0.02367120324601941
DOGEUSDT,1717095600000,2024,SHORT,0.05546823707980225,-0.0010591016656636713,1717099200000,0.010040307598894026,0.01010298584016319,0.00778650335179578
DOGEUSDT,1717203600000,2024,LONG,-0.009515363271413786,0.008423021416562163,1717207200000,0.002384838584804329,0.0015068754028596076,0.01068726774782095
DOGEUSDT,1717588800000,2024,SHORT,0.021811456364809623,-0.03265309909173649,1717592400000,0.0014781058304854302,-0.000799729365006517,-0.0015373738538261988
DOGEUSDT,1718193600000,2024,LONG,-0.2179342796297761,0.14748037685173593,1718197200000,0.011622040522454139,0.03212690374514771,0.011553666791614754
DOGEUSDT,1718200800000,2024,SHORT,0.07435229563846114,-0.09696058206510026,1718204400000,-0.009342407567871084,0.006231815873390491,0.032252006322464236
DOGEUSDT,1718204400000,2024,LONG,-0.09696058206510026,0.08053246475531953,1718208000000,-0.0013387778959241172,-0.036583215081530555,-0.04550437823517534
DOGEUSDT,1718215200000,2024,SHORT,0.1324192161146309,-0.08136883296240408,1718218800000,0.020874144356681175,0.005587748780689787,0.028745732491817787
DOGEUSDT,1718352000000,2024,LONG,-0.048454208402297166,0.0003428802798106798,1718355600000,-0.0031533609396176185,-0.004558052840769475,-0.07035310293599048
DOGEUSDT,1718355600000,2024,SHORT,0.0003428802798106798,-0.0013743113765238325,1718359200000,-0.000280701756229185,0.0026002333776361792,0.049271049006782676
DOGEUSDT,1718359200000,2024,LONG,-0.0013743113765238325,0.0006843702725424243,1718362800000,-0.0014744605093599131,-0.011786014549675252,-0.05509287238535121
DOGEUSDT,1718370000000,2024,SHORT,0.002323248495382954,-0.009281497290673514,1718373600000,0.008834916286505609,0.06055425626737856,0.05756828808881659
DOGEUSDT,1719324000000,2024,LONG,-0.017411782651233505,0.028598660021871437,1719327600000,0.012676449259953978,0.021377268406609938,0.015977560486918237
DOGEUSDT,1719327600000,2024,SHORT,0.028598660021871437,-0.005390127814381969,1719331200000,0.008697082017614413,-0.004790522374673399,-0.0010228570072324402
DOGEUSDT,1719799200000,2024,LONG,-0.011089011693980515,0.012212688583550225,1719802800000,-0.001341699423876131,-0.0046642244327438675,-0.023380279029941897
DOGEUSDT,1719831600000,2024,SHORT,0.02177365723362013,-0.02660972793719549,1719835200000,-0.0012036109778015228,-0.0011234153003052787,0.008871025917000822
DOGEUSDT,1719964800000,2024,LONG,-0.009069134821290062,0.007171861993702621,1719968400000,-0.01053106722078526,-0.028634799036110593,-0.05735129647146567
DOGEUSDT,1719968400000,2024,SHORT,0.007171861993702621,-0.04416973704895737,1719972000000,0.004698267046543051,0.012523543365347802,0.03361177574846034
DOGEUSDT,1721494800000,2024,LONG,-0.0034139546919053506,0.059529974508659045,1721498400000,-0.0009636411553308076,-0.005944878918810221,-0.028787076685717217
DOGEUSDT,1721534400000,2024,SHORT,0.04812848790858291,-0.04624286627298919,1721538000000,0.0003811992574655402,0.0031301319598089766,-0.004790701531634771
DOGEUSDT,1721592000000,2024,LONG,-0.12017853275909508,0.0647939240844256,1721595600000,-0.006693274774458888,-0.007336476511838347,-0.03091803940331032
DOGEUSDT,1721595600000,2024,SHORT,0.0647939240844256,-0.08144949095237941,1721599200000,-0.00441942411517099,0.010990305644422795,0.019185586671902274
DOGEUSDT,1721977200000,2024,LONG,-0.030897097818084716,0.0058679308813781,1721980800000,0.004871834250279412,0.0053345829859779,0.03451376733420053
DOGEUSDT,1721980800000,2024,SHORT,0.0058679308813781,-0.0037138505728190542,1721984400000,-0.0006940428271656775,-7.713966139523149e-05,-0.02280365732876992
DOGEUSDT,1721984400000,2024,LONG,-0.0037138505728190542,0.06277249347179231,1721988000000,-0.00262447082327789,0.005994945323630959,0.03275998142999229
DOGEUSDT,1722096000000,2024,SHORT,0.00559254905618795,-0.022644289990885604,1722099600000,0.005504670235899998,-0.004052538379270787,0.032015570069729916
DOGEUSDT,1722218400000,2024,LONG,-0.19482828579219877,0.11853696784374959,1722222000000,-0.004705188112224573,0.0017122654471903927,-0.028032510646966362
DOGEUSDT,1722261600000,2024,SHORT,0.09964933061931056,-0.04826912301678282,1722265200000,0.0049166573653980136,0.010089814869828824,0.013890183968582
DOGEUSDT,1722297600000,2024,LONG,-0.05268532893467816,0.03597727476896457,1722301200000,-0.0058141952230935144,0.0006181902677360478,-0.006280794500553424
DOGEUSDT,1722301200000,2024,SHORT,0.03597727476896457,-0.01041964886435872,1722304800000,-0.000544090798856297,-0.001398492963536083,0.006787091622903297
DOGEUSDT,1722308400000,2024,LONG,-0.012828552293279217,0.005814427015119883,1722312000000,0.0017009436604466983,0.006248332898604367,-0.015440107106467947
DOGEUSDT,1722315600000,2024,SHORT,0.002570187385531484,-0.004369422921543452,1722319200000,-0.002016442439099613,-0.0026360691338528567,0.023645106141656425
DOGEUSDT,1722322800000,2024,LONG,-0.02127506741935789,0.00962463418881265,1722326400000,-0.003698286055109556,-0.007565266898605733,-0.038571842733919975
DOGEUSDT,1722330000000,2024,SHORT,0.011225986060276343,-0.0020981552413689786,1722333600000,-0.0031695747612792606,0.010899290458035518,0.02707640394564765
DOGEUSDT,1722333600000,2024,LONG,-0.0020981552413689786,0.0016425849437404735,1722337200000,-0.003866980843496154,-0.021061620962828133,-0.028102510775295145
DOGEUSDT,1722337200000,2024,SHORT,0.0016425849437404735,-0.014556388120861631,1722340800000,0.003726712387696163,0.013968778386321153,0.028454328702078476
DOGEUSDT,1722355200000,2024,LONG,-0.045981741687748164,0.02812938608123723,1722358800000,-0.006418151265821674,-0.008885421409945126,-0.01833304972853777
DOGEUSDT,1722358800000,2024,SHORT,0.02812938608123723,-0.053569226934431245,1722362400000,-0.0004768338324474039,0.0007952286701383577,0.004221936410239565
DOGEUSDT,1722672000000,2024,LONG,-0.061377335030447504,0.0327909035427458,1722675600000,-0.0007966364661183034,0.00017694417457484243,-0.06714913398762737
DOGEUSDT,1722679200000,2024,SHORT,0.00218122944295915,-9.516482728754907e-06,1722682800000,-0.0020403644248613395,-0.006196903683540849,0.041891891464265814
DOGEUSDT,1722686400000,2024,LONG,-0.003638356798649311,0.022440491273189186,1722690000000,0.004677648527283035,-0.03483543808409382,-0.04191364937072623
DOGEUSDT,1722690000000,2024,SHORT,0.022440491273189186,-0.04772209271499342,1722693600000,0.002291961511079855,0.05912337186786315,0.04917766549530816
DOGEUSDT,1722715200000,2024,LONG,-0.0971444346566345,0.031209560136762734,1722718800000,0.020323808887825007,0.025317807984289786,0.010166707168955055
DOGEUSDT,1722758400000,2024,SHORT,0.006033293126664797,-0.021270653910142417,1722762000000,-0.002525371963651684,-0.010526903303602224,0.01776312766978873
DOGEUSDT,1722772800000,2024,LONG,-0.00946926973840183,0.012070474319820657,1722776400000,-0.0076279439628586295,-0.06183005568672651,-0.09653417016521364
DOGEUSDT,1722780000000,2024,SHORT,0.01646052025467807,-0.15153317642783762,1722783600000,0.007821214976734854,0.00947049985216858,0.10817511274394828
DOGEUSDT,1726700400000,2024,LONG,-0.01179329856520641,0.027931215217509266,1726704000000,0.010158209056361542,0.0020206886837208305,0.005666825902936013
DOGEUSDT,1726758000000,2024,SHORT,0.008597393334741925,-0.000871009145860073,1726761600000,-0.016626115081645056,-0.007307962102233592,-0.010140825186537706
DOGEUSDT,1726761600000,2024,LONG,-0.000871009145860073,0.023200508937568854,1726765200000,-0.0029084788528459062,-0.007239935719054237,-0.0005622715919852466
DOGEUSDT,1726765200000,2024,SHORT,0.023200508937568854,-0.002259054202322572,1726768800000,-9.396288472970347e-05,0.013909482901581198,-0.0036580259333808345
DOGEUSDT,1726776000000,2024,LONG,-0.007215391705080985,0.005782407674910423,1726779600000,-0.009577618137226919,-0.016461668652638,0.00470766334074233
DOGEUSDT,1726779600000,2024,SHORT,0.005782407674910423,-0.032215616514973754,1726783200000,-0.001808921329173805,0.005733960664319027,-0.017100893850168147
DOGEUSDT,1726970400000,2024,LONG,-0.035788181320237755,0.04967794819386529,1726974000000,-0.0015726910128981625,-0.003240593549299951,-0.02309701066270929
DOGEUSDT,1727017200000,2024,SHORT,0.01882678210513613,-0.00025597626126645367,1727020800000,-0.00406254987391304,-0.006981160428502756,-0.0235767305639968
DOGEUSDT,1727035200000,2024,LONG,-0.011896034751544497,0.019747013925385793,1727038800000,-0.016103407566578846,-0.0016928434400994932,-0.001316408276610526
DOGEUSDT,1727038800000,2024,SHORT,0.019747013925385793,-0.058431394511905925,1727042400000,-0.01919771475126887,-0.02712797042724659,-0.02228399262772921
DOGEUSDT,1727046000000,2024,LONG,-0.0013962287001662722,0.002990024755469954,1727049600000,-0.0002823396564800659,0.01753612701446403,0.0031004863471404
DOGEUSDT,1727049600000,2024,SHORT,0.002990024755469954,-0.025176572203133414,1727053200000,-0.01281289448417705,-0.012534071116972752,-0
DOGEUSDT,1727341200000,2024,LONG,-0.0038801746259685345,0.010763287906683704,1727344800000,0.012871768276697448,0.010955892048412212,0.030720916427968526
DOGEUSDT,1727348400000,2024,SHORT,0.007891113381882087,-0.0033855028528029,1727352000000,-0.007627267064376769,-0.026573289888098258,-0.03883815703051088
DOGEUSDT,1727355600000,2024,LONG,-0.016501390829187737,0.014798393461942302,1727359200000,-0.000523149371073552,0.026833395303064535,0.028444452589667407
DOGEUSDT,1727359200000,2024,SHORT,0.014798393461942302,-0.004020266439702533,1727362800000,-0.017549618337779207,-0.03167510847975631,-0.022763528179193183
DOGEUSDT,1727362800000,2024,LONG,-0.004020266439702533,0.0016139418034766375,1727366400000,0.02111410950081678,0.007598107156092864,0.016319954223168405
DOGEUSDT,1727366400000,2024,SHORT,0.0016139418034766375,-0.0015241326230329014,1727370000000,0.011391086340242421,0.029286165528273775,-0.017053193694985008
DOGEUSDT,1727395200000,2024,LONG,-0.00790496391179744,0.00029543091240027757,1727398800000,-0.00025414037156566786,0.02657908237705905,0.05198761537800965
DOGEUSDT,1727510400000,2024,SHORT,0.11569657579043807,-0.03444737076958544,1727514000000,-0.005660160306388944,-0.014780002034780828,-0.07096525871415572
DOGEUSDT,1727528400000,2024,LONG,-0.042256769337413264,0.009033088958643588,1727532000000,0.04879016416943205,0.04293588770514476,0.04077038028503751
DOGEUSDT,1727564400000,2024,SHORT,0.0023732571585281166,-0.0061275427634882975,1727568000000,0.0021890400423024777,-0.010564846188044538,0.00862750449484673
DOGEUSDT,1727568000000,2024,LONG,-0.0061275427634882975,0.021317833665616973,1727571600000,0.010820173286842696,0.008029041067021377,-0.01585644392233529
DOGEUSDT,1727604000000,2024,SHORT,0.01810956676602952,-0.008660033298086461,1727607600000,0.0007874016154855622,0.013710243682182223,0.009807877403133457
DOGEUSDT,1727629200000,2024,LONG,-0.02175730535283845,0.03901771226373615,1727632800000,0.0005522029091525345,0.003544566745288679,-0.028736919610908806
DOGEUSDT,1727650800000,2024,SHORT,0.013114790761177683,-0.02197870383731408,1727654400000,0.002334850704442206,0.01523406821621779,0.03178242263383869
DOGEUSDT,1729069200000,2024,LONG,-8.536519769595537e-05,0.06919167108873853,1729072800000,-0.013626131766045354,-0.011076938957233077,-0.0033891658056948953
DOGEUSDT,1729152000000,2024,SHORT,0.001655198891602485,-0.0649084677670001,1729155600000,-0.003504914538793062,0.0031895344970491266,-0.04728428922266473
DOGEUSDT,1729195200000,2024,LONG,-0.09918404277161243,0.18872605298423986,1729198800000,0.0008563310631891034,0.042092215485304674,0.048641807222346074
DOGEUSDT,1731459600000,2024,SHORT,0.3466543247770757,-0.06355787546928451,1731463200000,-0.003000985332879986,0.06298516298335888,-0.028252920099839852
DOGEUSDT,1731470400000,2024,LONG,-0.04065875755661282,0.06775639959180017,1731474000000,-0.011413644536361173,0.029381859566800853,0.11540375851367145
DOGEUSDT,1731549600000,2024,SHORT,0.11294937217002399,-0.0005692502129565941,1731553200000,0.006703820485908295,0.010695841755445716,0.0015173143879787779
DOGEUSDT,1731564000000,2024,LONG,-0.031109804563935407,0.022337707652768383,1731567600000,0.03287610420842178,0.04786597198303753,0.018499749290684882
DOGEUSDT,1731582000000,2024,SHORT,0.04097790818251099,-0.012279571409516576,1731585600000,0.006051953698143808,0.03058075770038857,0.08836407391967926
DOGEUSDT,1731589200000,2024,LONG,-0.08148916366851158,0.11123673003050495,1731592800000,-0.044177573037000865,-0.02637279701107387,-0.0901009200741836
DOGEUSDT,1731621600000,2024,SHORT,0.046814199639255316,-0.04644299951541019,1731625200000,0.025834758813101558,-0.0039695363785802774,0.008609923500111168
DOGEUSDT,1731636000000,2024,LONG,-0.019121799726745287,0.048030486621371125,1731639600000,-0.0070916567656318565,-0.008872456977219724,-0.03181864115576474
DOGEUSDT,1731646800000,2024,SHORT,0.031898834048464254,-0.024730170200082367,1731650400000,-0.012828703103582155,-0.0243476189813428,0.022742085654377138
DOGEUSDT,1731650400000,2024,LONG,-0.024730170200082367,0.03627133535432612,1731654000000,-0.01143459367256859,-0.0037337705714813796,-0.02178628346855338
DOGEUSDT,1731664800000,2024,SHORT,0.011255962475630151,-0.15354667896452595,1731668400000,-0.011722515902517699,0.019212413607063616,-0.024685339985711215
DOGEUSDT,1731841200000,2024,LONG,-0.05189929239948831,0.00018759998939228342,1731844800000,0.02248394779875077,0.008147078300283429,0.01854474222678827
DOGEUSDT,1731844800000,2024,SHORT,0.00018759998939228342,-0.043261314596878785,1731848400000,0.016484565681679237,0.0031229234195409732,0.017642930861676225
DOGEUSDT,1731945600000,2024,LONG,-0.04291960012814577,0.019851863397509675,1731949200000,0.00694251779943477,0.001102224723460178,0.04014930954016073
DOGEUSDT,1731956400000,2024,SHORT,0.03813809931511417,-0.059660664427888435,1731960000000,-0.01259986927229311,-0.010609604770877997,-0.05566985909670117
DOGEUSDT,1731960000000,2024,LONG,-0.059660664427888435,0.03625263292998539,1731963600000,0.003486753881174407,-0.001721031968082214,0.032799356583118784
DOGEUSDT,1732057200000,2024,SHORT,0.021101754917262062,-0.027039877588708232,1732060800000,0.012229025413802828,0.01869985788314717,0.0032807082941821975
DOGEUSDT,1732060800000,2024,LONG,-0.027039877588708232,0.028057798858813134,1732064400000,-0.0016332459850502711,-0.0013997617506609102,-0.004647487951269458
DOGEUSDT,1732068000000,2024,SHORT,0.006039124666236775,-0.03386171262070849,1732071600000,-0.005175534986315841,-0.014646654216041399,-0.028368864482483488
DOGEUSDT,1732093200000,2024,LONG,-0.02843809409836752,0.03290482728461715,1732096800000,0.0018710997526005806,-0.00015394483673762384,-0.03623272435769561
DOGEUSDT,1732104000000,2024,SHORT,0.00864855272553967,-0.051712214600811886,1732107600000,-0.01410912575358527,0.012570217367567657,7.807518644412097e-05
DOGEUSDT,1732111200000,2024,LONG,-0.007445724453338916,0.11894305834406138,1732114800000,0.0010184078075511126,-0.04942209826546815,-0.04942209826546815
DOGEUSDT,1732118400000,2024,SHORT,0.15423726870375093,-0.031931905437451495,1732122000000,0.019828453803717904,0.006212267358333544,-0.0194687638783585
DOGEUSDT,1732122000000,2024,LONG,-0.031931905437451495,0.0019019313398188872,1732125600000,0.004372031372378326,0.010429017403912763,0.03143531758509829
DOGEUSDT,1732143600000,2024,SHORT,0.0028420766381398637,-0.026065133737773902,1732147200000,-0.01661172126166797,0.0042429127560517175,-0.013379268823765108
DOGEUSDT,1732147200000,2024,LONG,-0.026065133737773902,0.04619560439754711,1732150800000,-0.0099393996756017,0.007002648114049647,-0.002971460546878132
DOGEUSDT,1732154400000,2024,SHORT,0.03979854097759049,-0.00963247392960089,1732158000000,-0.007120694682691919,-0.027662966983005976,-0.036062674161211936
DOGEUSDT,1732158000000,2024,LONG,-0.00963247392960089,0.06969422921600521,1732161600000,0.027857830609653102,0.023791889519309262,0.011362557508449396
DOGEUSDT,1732233600000,2024,SHORT,0.0434264693131563,-0.0125155610587672,1732237200000,0.0011218221653663714,-0.03989540767410011,-0.04159766357367098
DOGEUSDT,1732248000000,2024,LONG,-0.056699567938098314,0.006790189281324137,1732251600000,-0.007140911891186498,-0.01270786875163835,0.02141611160083703
DOGEUSDT,1732251600000,2024,SHORT,0.006790189281324137,-0.010297631753044365,1732255200000,0.007192089348269799,0.015435191313364145,-0.02354106017679413
DOGEUSDT,1732276800000,2024,LONG,-0.10603634763964276,0.016926779232203887,1732280400000,-0.0025293961720621086,0.019713855701266166,0.02736044162961874
DOGEUSDT,1732388400000,2024,SHORT,0.028743167456500122,-0.010163291602132078,1732392000000,-0.004753509362592124,-0.015332159009685193,-0.03436063075854253
DOGEUSDT,1732399200000,2024,LONG,-0.023057225706426005,0.012291133111602584,1732402800000,-0.01026100380523974,0.025313209532588494,-0.027411109036941484
DOGEUSDT,1732435200000,2024,SHORT,0.025878668928254984,-0.0003141491904307155,1732438800000,-0.007951681051643967,0.04319414219153768,0.0020797072539329403
DOGEUSDT,1732460400000,2024,LONG,-0.02091403250556784,0.007816600332324876,1732464000000,0.031140827220498133,0.038752913586816116,0.05151707200326361
DOGEUSDT,1732482000000,2024,SHORT,0.02681478402393043,-0.0044106970973454025,1732485600000,-0.009629167350162499,0.01827259902540797,-0.014710090060856775
DOGEUSDT,1732485600000,2024,LONG,-0.0044106970973454025,0.0004919024404795056,1732489200000,0.0012319995979433128,-0.02451120416275478,0.0013249191296957113
DOGEUSDT,1732496400000,2024,SHORT,0.0725142526600315,-0.025878819290515404,1732500000000,-0.0034144802218816464,-0.015827583182191636,0.0048432050170999
DOGEUSDT,1732518000000,2024,LONG,-0.017476154560461383,0.034417693159424306,1732521600000,0.009866477410917819,-0.007493653782197749,-0.05960007859945056
DOGEUSDT,1732539600000,2024,SHORT,0.025078830654982186,-0.054841553908052496,1732543200000,0.027509805698293952,0.03644331093980193,0.020886204997396015
DOGEUSDT,1732680000000,2024,LONG,-0.05746090257862504,0.001458643597974173,1732683600000,-0.0011299146062314126,0.012903075792586476,0.025591748335652274
DOGEUSDT,1732683600000,2024,SHORT,0.001458643597974173,-0.015890578612092924,1732687200000,-0.008647209019085356,-0.008698154049408716,-0.033006129621461815
DOGEUSDT,1732687200000,2024,LONG,-0.015890578612092924,0.032997273167412286,1732690800000,0.0130836602112391,0.007056583246819845,0.021969492679063923
DOGEUSDT,1732705200000,2024,SHORT,0.05825590517285918,-0.0023721535841322717,1732708800000,0.0008960918197582888,-0.027064158160857884,-0.0266157164881293
DOGEUSDT,1732712400000,2024,LONG,-0.054726748127896914,0.0019710033557917062,1732716000000,0.006136377176111583,0.014624756691465731,0.038355849703623456
DOGEUSDT,1732762800000,2024,SHORT,0.004104474822793876,-0.04556573704664748,1732766400000,-0.002415194938427714,0.015333986565854621,0.04106017046011479
DOGEUSDT,1732870800000,2024,LONG,-0.055090056790806176,0.01844810862957816,1732874400000,0.013571628209022702,0.02619984371138764,0.05293701728848228
DOGEUSDT,1733126400000,2024,SHORT,0.044440046033626536,-0.04181097500448466,1733130000000,-0.010708534309814473,-0.003144311756595626,-0.03207135388713549
DOGEUSDT,1733151600000,2024,LONG,-0.035648839068172775,0.06102418234862876,1733155200000,-0.01986164921084935,-0.02094402772542413,-0.025474474360606705
DOGEUSDT,1733209200000,2024,SHORT,0.023509324885312637,-0.03612561988345,1733212800000,-0.004856759352402919,-0.004641934016508937,0.020963604115620725
DOGEUSDT,1733270400000,2024,LONG,-0.03956289184555822,0.004806152631987355,1733274000000,0.0047916683101479896,0.004214994739454862,-0.0031668929297491025
DOGEUSDT,1733274000000,2024,SHORT,0.004806152631987355,-0.006428951444297612,1733277600000,0.008249160360457976,-0.007705046374405182,0.009679168966059677
DOGEUSDT,1733284800000,2024,LONG,-0.0017288753063026503,0.02171359764940186,1733288400000,0.008281719945098479,0.008615378996312234,-0.03378055522835407
DOGEUSDT,1733313600000,2024,SHORT,0.08641592541350522,-0.05821837615750175,1733317200000,0.0017448205080913231,0.026422880341078866,-0.030474461236314653
DOGEUSDT,1733353200000,2024,LONG,-0.051177669182378614,0.013656399008958259,1733356800000,-0.017207079030073905,0.005961235214728068,0.030554775197391255
DOGEUSDT,1733360400000,2024,SHORT,0.040173403947904515,-0.11983650996702516,1733364000000,-0.04108819332393242,-0.07975036581769056,-0.09046443647598769
DOGEUSDT,1733371200000,2024,LONG,-0.025534794003008943,0.12437790218245194,1733374800000,-0.03489479339575333,-0.05623971832287596,-0.05594297225543727
DOGEUSDT,1733385600000,2024,SHORT,0.02101512300819966,-0.0030163964525347334,1733389200000,-0.009203878305246162,-0.025983096550631076,0.011250003856217147
DOGEUSDT,1733389200000,2024,LONG,-0.0030163964525347334,0.006159651072548285,1733392800000,0.0009948674707559836,0.02290056916802711,-0.01695091176022312
DOGEUSDT,1733392800000,2024,SHORT,0.006159651072548285,-0.03450575534210823,1733396400000,-0.009290255884171823,-0.016518557925583353,0.0267739200403359
DOGEUSDT,1733400000000,2024,LONG,-0.013620262688686447,0.07726325273877574,1733403600000,0.006143220215897962,-0.025619029302083065,-0.026418161715180112
DOGEUSDT,1733428800000,2024,SHORT,0.033787735253755787,-0.038059023713730517,1733432400000,-0.0034572602255992886,-0.010747359222771603,-0.0021679475268487065
DOGEUSDT,1733436000000,2024,LONG,-0.039587731681228165,0.0022104349335878514,1733439600000,-0.008415262314488072,0.014770023917236601,-0.0035346407983935612
DOGEUSDT,1733439600000,2024,SHORT,0.0022104349335878514,-0.00890341211908401,1733443200000,-0.024533305956455077,-0.023802111334717387,-0.0014035418337187498
DOGEUSDT,1733443200000,2024,LONG,-0.00890341211908401,0.0530240710586573,1733446800000,-0.00416581435149356,-0.0024470299107543355,-0.0362356798822501
DOGEUSDT,1733479200000,2024,SHORT,0.04404366335689314,-0.014610656607423946,1733482800000,0.0034536706207267728,-0.009251918104392041,-0.017458011804169456
DOGEUSDT,1733497200000,2024,LONG,-0.001019211689374922,0.08252066719686746,1733500800000,0.0022388155174326743,0.014748142862791937,0.0028841403917488524
DOGEUSDT,1733652000000,2024,SHORT,0.00853408045925792,-0.03142045817769558,1733655600000,-0.009130887615702682,-0.004706921283904172,-0.021578105110203357
DOGEUSDT,1733655600000,2024,LONG,-0.03142045817769558,0.018693046712457865,1733659200000,0.0025626561390245306,0.0032348084610315355,0.014807091166478225
DOGEUSDT,1733713200000,2024,SHORT,0.02797312431153952,-0.04138051304226822,1733716800000,-0.004106781952653502,0.013027541696956397,0.04022480131050899
DOGEUSDT,1733806800000,2024,LONG,-0.07422981639850063,0.02094626153101075,1733810400000,0.01091035554092041,0.01022889134009309,-0.10277847441185058
DOGEUSDT,1733846400000,2024,SHORT,0.020564241879221266,-0.014180194624560803,1733850000000,0.05388499912088452,-0.0067700882818669764,-0.008077629905681274
DOGEUSDT,1733853600000,2024,LONG,-0.016435671300399357,0.08735079004269006,1733857200000,0.01576733118094708,0.03619037698916622,0.0344830439631017
DOGEUSDT,1733943600000,2024,SHORT,0.06983644117593388,-0.0033675000769185916,1733947200000,-0.002598841609976491,0.0023882192590402155,0.0029438754912508654
DOGEUSDT,1733947200000,2024,LONG,-0.0033675000769185916,0.009705924504041282,1733950800000,0.00343061739654402,-0.01606119723216395,0.0015848244402491556
DOGEUSDT,1733965200000,2024,SHORT,0.06051933958038367,-0.01673442878119019,1733968800000,-0.02326277366987281,-0.024721284096153102,-0.006615023816756646
DOGEUSDT,1733968800000,2024,LONG,-0.01673442878119019,0.023247122962854052,1733972400000,-0.005638413632623324,-0.0009335392584912909,-0.004580288819471288
DOGEUSDT,1733972400000,2024,SHORT,0.023247122962854052,-0.019616209981835192,1733976000000,-0.0021151820211828876,0.0043163279417335635,0.0018785680243398387
DOGEUSDT,1733979600000,2024,LONG,-0.017611803211128606,0.08428024494733055,1733983200000,-0.0023441621986464993,-0.009168651018594601,-0.007674818820984792
DOGEUSDT,1734163200000,2024,SHORT,0.018805869719024603,-0.007797231994645426,1734166800000,0.002770458407037713,0.018159183660667558,0.05012907793847894
DOGEUSDT,1734177600000,2024,LONG,-0.023370582478155367,0.01941045234194236,1734181200000,-0.014540870724029964,-0.012392913615418812,-0.013731686438739815
DOGEUSDT,1734181200000,2024,SHORT,0.01941045234194236,-0.013698903371473323,1734184800000,-0.00904071935490616,0.009480671365361255,-0.010293412809295823
DOGEUSDT,1734235200000,2024,LONG,-0.01699729760997746,0.00685484658152265,1734238800000,-0.0006763781462065454,-0.0010523415568636208,0.010834612020979451
DOGEUSDT,1734238800000,2024,SHORT,0.00685484658152265,-0.010982869743730595,1734242400000,0.005654346911300213,-0.0008015831695955351,-0.00957684951265702
DOGEUSDT,1734249600000,2024,LONG,-0.008404437492158332,0.024542892320623948,1734253200000,0.0012026158340674598,0.007094531518038374,0.007517611797609249
DOGEUSDT,1734303600000,2024,SHORT,0.10991891143280189,-0.007847121573800107,1734307200000,-0.012737468530461685,0.0036728044540590295,0.03276275825800901
DOGEUSDT,1734307200000,2024,LONG,-0.007847121573800107,0.052273867017945196,1734310800000,-0.00043738154947162833,-0.01579347478638797,-0.04212559144678208
DOGEUSDT,1734314400000,2024,SHORT,0.06677805684032284,-0.03913728537107879,1734318000000,0.00455817378466172,0.005818413396949397,0.022523698655340568
DOGEUSDT,1734364800000,2024,LONG,-0.028632254886638533,0.08148206442926721,1734368400000,0.00100277606143003,-0.01516357321079206,-0.02139396768579491
DOGEUSDT,1734379200000,2024,SHORT,0.004835513566432912,-0.02894144435939635,1734382800000,-0.0032490510854536244,0.01630450484207377,0.007355449366609461
DOGEUSDT,1734390000000,2024,LONG,-0.00732761715491055,0.002167491284223718,1734393600000,-0.01458891869794951,0.00332903020356546,0.005707211521126084
DOGEUSDT,1734393600000,2024,SHORT,0.002167491284223718,-0.04911055757295282,1734397200000,-0.010324519911492048,-0.00999958083470917,-0.024592220970585426
DOGEUSDT,1734397200000,2024,LONG,-0.04911055757295282,0.05923386972992473,1734400800000,0.0006495615687955615,0.00027486600455423467,0.02329334298318818
DOGEUSDT,1734408000000,2024,SHORT,0.04867462823425379,-0.0005118610278793743,1734411600000,-0.0005748060188003379,0.0010755244217813575,-0.0028707317609358036
DOGEUSDT,1734426000000,2024,LONG,-0.018327768865051216,0.019606263933343502,1734429600000,0.006062349223761137,0.01639461691156471,-0.007298666085952946
DOGEUSDT,1734447600000,2024,SHORT,0.06210129969238058,-0.058741767028515704,1734451200000,-0.0066275924423040535,-0.0019302847522214435,0.022534449273900577
DOGEUSDT,1734458400000,2024,LONG,-0.005362797445966496,0.0046489099917696435,1734462000000,0.0026080211387191424,-0.008751301075316395,-0.039776297467945615
DOGEUSDT,1734476400000,2024,SHORT,0.006762538591833001,-0.036690676057858876,1734480000000,0.0015751235409423268,0.010949992636268481,0.011489096966010562
LTCUSDT,1675969200000,2023,SHORT,0.10587575619881434,-0.0950169625437052,1675972800000,-0.002722868316272454,-0.0034839447324605177,-0.013863538405957219
LTCUSDT,1676052000000,2023,LONG,-0.035616802763929804,0.015930540065691307,1676055600000,0.013164421934009593,0.0008615120067632979,0.01135523716979297
LTCUSDT,1676077200000,2023,SHORT,0.023044219349656666,-0.0017049248060426413,1676080800000,-0.004904061001164119,-0.006391840234150327,0.0010692900933294955
LTCUSDT,1676080800000,2023,LONG,-0.0017049248060426413,0.008681445863710044,1676084400000,0.005620077355551993,-0.0017028526890460961,-0.009401778655728672
LTCUSDT,1676196000000,2023,SHORT,0.012317855068196028,-0.0011936843088931658,1676199600000,-0.0006418485457835613,0.00021404109670750127,0.01379183589599902
LTCUSDT,1676199600000,2023,LONG,-0.0011936843088931658,0.005356246084684298,1676203200000,-0.0016053944690549314,-0.0002139037441311627,-0.011616781170669119
LTCUSDT,1676203200000,2023,SHORT,0.005356246084684298,-0.016501764213792843,1676206800000,0.0019298815896497778,-0.008107575880861287,-0.003208215777095156
LTCUSDT,1676206800000,2023,LONG,-0.016501764213792843,0.010822151315932924,1676210400000,0.0026793864162135347,0.00844247600632276,-0.0005367398550843367
LTCUSDT,1676235600000,2023,SHORT,0.02491110453354349,-0.016891206306751533,1676239200000,-0.0008683382722971078,-0.01123000680029075,0.020847803555658895
LTCUSDT,1676246400000,2023,LONG,-0.05640869124978387,0.05829598133278574,1676250000000,-0.005674837221829211,-0.009116811148094177,-0.02815257384875957
LTCUSDT,1676307600000,2023,SHORT,0.042186411448339754,-0.006605191065398915,1676311200000,-0.013148472843506141,-0.009681489557526063,-0.0259058703358441
LTCUSDT,1676332800000,2023,LONG,-0.007039271925707796,0.001670330357662937,1676336400000,-0.0036425891592522077,-0.001433375844950816,0.008994247317308404
LTCUSDT,1676890800000,2023,SHORT,0.025510998832908444,-0.025803214790037325,1676894400000,0.015158836289828354,0.007911677539021878,0.01807246998475801
LTCUSDT,1677639600000,2023,LONG,-0.0427435028086105,0.021482044805178277,1677643200000,0.011491404470396569,0.013547960465156019,0.01529271381996347
LTCUSDT,1677765600000,2023,SHORT,0.04735897680025223,-0.024439418549677325,1677769200000,0.001056859113379117,-0.002110373263985731,0.06479910929355345
LTCUSDT,1679518800000,2023,LONG,-0.07763402894412161,0.023637258297656446,1679522400000,0.00965741405391616,0.0038508712037242133,0.05504516232117417
LTCUSDT,1679936400000,2023,SHORT,0.0908009025027755,-0.010587879447152693,1679940000000,-0.009152089190913879,-0.00892711731144987,0.013944676756508477
LTCUSDT,1680080400000,2023,LONG,-0.0010469220340948622,0.0061860041820628285,1680084000000,-0.0018487308837900718,-0.010375236410446655,-0.005775009239878361
LTCUSDT,1680098400000,2023,SHORT,0.00776551988327927,-0.005590319388553677,1680102000000,-0.00845554919754631,-0.019331132193805597,-0.019871818879051237
LTCUSDT,1680105600000,2023,LONG,-0.00888984415773881,0.014012903923331965,1680109200000,0.00973376745229814,0.01179954693115503,-0.007944431058535862
LTCUSDT,1680134400000,2023,SHORT,0.007007655429488183,-0.020710701948086416,1680138000000,0.004551265002259559,0.0002215330093243804,0.0025505974459622566
LTCUSDT,1680141600000,2023,LONG,-0.14521967497688149,0.08195207466679291,1680145200000,-0.027510091472522424,-0.024514250119524333,-0.03341704651367755
LTCUSDT,1680145200000,2023,SHORT,0.08195207466679291,-0.15337827513473712,1680148800000,-0.002995508979798371,-0.006534161350931452,0.009825894151291172
LTCUSDT,1680314400000,2023,LONG,-0.009301604735772323,0.15992129374986422,1680318000000,-0.0032109628358880007,-0.001497166358153348,-0.0076160196501532385
LTCUSDT,1680706800000,2023,SHORT,0.04930204567320204,-0.0635651443569366,1680710400000,-0.002819346911973303,-0.006170520255226517,-0.00379342567290436
LTCUSDT,1681135200000,2023,LONG,-0.2826608764128316,0.08232841618489843,1681138800000,-0.0065956880727257635,0.003120463069003018,0.02174693953054797
LTCUSDT,1681264800000,2023,SHORT,0.16821681740522512,-0.01383793925508483,1681268400000,0.0006554511923537868,-0.0018547820493851944,-0.007940434389165765
LTCUSDT,1681398000000,2023,LONG,-0.021975457919731083,0.0011338691031822041,1681401600000,-0.0024433007321357503,0.0013783599701213596,0.03584837333673098
LTCUSDT,1681401600000,2023,SHORT,0.0011338691031822041,-0.004401578412585549,1681405200000,-0.003927192862469513,-0,-0.04379958410984678
LTCUSDT,1681412400000,2023,LONG,-0.0008606955744580264,0.018747350263255646,1681416000000,-0.0036093457442561427,-0.002440190060245469,0.027178426283213247
LTCUSDT,1681484400000,2023,SHORT,0.1730121228212614,-0.062208786385597875,1681488000000,-0.003930112871049758,-0.02147903167712423,-0.01772198279941194
LTCUSDT,1681502400000,2023,LONG,-0.1965470617335328,0.12376238186164659,1681506000000,-0.0022842913058153617,-0.009796847506846854,-0.002804176942687438
LTCUSDT,1681578000000,2023,SHORT,0.018491746355326348,-0.0006144561458443035,1681581600000,-0.005207260256347349,-0.009663918925720709,-0.004167975190862597
LTCUSDT,1681581600000,2023,LONG,-0.0006144561458443035,0.007754811810310172,1681585200000,0.00020772746231745618,0.005490250492656137,-0.0021837475531968444
LTCUSDT,1681891200000,2023,SHORT,0.11708766087895797,-0.37937287463056396,1681894800000,-0.0022083188952287188,-0.0029433428165969323,0.018809331957496116
LTCUSDT,1682510400000,2023,LONG,-0.07446826626719792,0.008419633902586682,1682514000000,-0.007718734720501643,-0.015172185375082466,-0.03809362536020778
LTCUSDT,1682532000000,2023,SHORT,0.002654130654576005,-0.012629547053345175,1682535600000,0.06050867306565264,0.041217685586211,0.031484697932886295
LTCUSDT,1682773200000,2023,LONG,-0.01658204131196592,0.07353893403962636,1682776800000,-0.00022019156755278738,-0.00906784937257116,-0.007735699974855532
LTCUSDT,1682870400000,2023,SHORT,0.017815428239185874,-0.0005435818131578446,1682874000000,0.004090889667835129,0.02468709566859306,0.0346894523039409
LTCUSDT,1684123200000,2023,LONG,-0.028154732737526066,0.007714951443497446,1684126800000,0.010373537007327998,0.01025886468336766,0.018595577159344498
LTCUSDT,1684897200000,2023,SHORT,0.052144076146443424,-0.18285616111104847,1684900800000,0.009345336268462283,0.04153202276436377,0.03791706926209503
LTCUSDT,1685178000000,2023,LONG,-0.0019789370565194966,0.0013567662999260782,1685181600000,-0.0015959875708738817,-0.002394937564865151,0.006924370705480292
LTCUSDT,1685181600000,2023,SHORT,0.0013567662999260782,-0.0035747231954871422,1685185200000,-0.001254204599731402,-0.000684306596046627,-0.009989866255714151
LTCUSDT,1685185200000,2023,LONG,-0.0035747231954871422,1.983579222231583e-05,1685188800000,0.0018212867868847209,0.00034174403704472194,0.008282795409857685
LTCUSDT,1685199600000,2023,SHORT,0.000745679937931768,-0.0034410057652063905,1685203200000,0.002051984304145001,-0.004318188528185109,-0.02263227828768765
LTCUSDT,1685206800000,2023,LONG,-0.01332801301727732,0.00501614953759795,1685210400000,-0.0005683432946392234,0.004535155165391363,0.020582180762908752
LTCUSDT,1685516400000,2023,SHORT,0.008351248607452616,-0.013967213051926015,1685520000000,-0.0020179379044966968,0.0008981700390486257,-0.0033609711225982557
LTCUSDT,1685527200000,2023,LONG,-0.005807837944217032,0.012263866890278788,1685530800000,-0.00033690830797652966,-0.0035995539427930243,0.007383409758451314
LTCUSDT,1685530800000,2023,SHORT,0.012263866890278788,-0.010743178593764145,1685534400000,0.00022466861473963785,0.003939006837469071,-0.015160250224739737
LTCUSDT,1685534400000,2023,LONG,-0.010743178593764145,0.0019978817985601594,1685538000000,0.00022469385556836825,-0.00033713547546387673,0.018920987388951104
LTCUSDT,1685538000000,2023,SHORT,0.0019978817985601594,-0.02847642562555387,1685541600000,0.0030379770200768094,-0.004595647834994449,-0.023757778153831902
LTCUSDT,1685574000000,2023,LONG,-0.043133990682519746,0.04239684908430051,1685577600000,0.0035343531379573873,0.005076713254224255,0.02015402279542585
LTCUSDT,1685977200000,2023,SHORT,0.05178919838695215,-0.3048860447916419,1685980800000,-0.014089619846798494,-0.015808325511930028,-0.01535029275458069
LTCUSDT,1688101200000,2023,LONG,-0.05085922574901402,0.04414961020832001,1688104800000,0.010332195237205412,0.05745275137658456,0.1347361562195748
LTCUSDT,1688130000000,2023,SHORT,0.19852028051646137,-0.053960297853205684,1688133600000,-0.014220231259098206,-0.1283976604576364,-0.1143135774431988
LTCUSDT,1688140800000,2023,LONG,-0.055576048659788935,0.19628697006325027,1688144400000,-0.0018506528831491714,-0.008448270087419026,-0.018003377914074494
LTCUSDT,1688209200000,2023,SHORT,0.04082843464694643,-0.06313814604624954,1688212800000,0.004713876929004209,0.01011494184249908,-0.007216188007793856
LTCUSDT,1688263200000,2023,LONG,-0.04751699578773663,0.06203428913156506,1688266800000,-0.01656643250223226,0.01903243216932904,0.029271274844467086
LTCUSDT,1688400000000,2023,SHORT,0.06783232259290257,-0.06778239963498299,1688403600000,-0.012424841048507381,-0.0025348556031881157,-0.01770287543192892
LTCUSDT,1699574400000,2023,LONG,-0.001775896200257441,0.04331191361978966,1699578000000,0.00892500853362985,0.005418599007134725,-0.009828088936262538
LTCUSDT,1699606800000,2023,SHORT,0.0030825963366273267,-0.008980822310023244,1699610400000,-0.005464494472078745,0.018387191142563247,-0.002462718442669801
LTCUSDT,1699700400000,2023,LONG,-0.007533061257970393,0.0013355123982498188,1699704000000,0.0028292373200430655,0.006186973333515722,0.016193060420444178
LTCUSDT,1699747200000,2023,SHORT,0.056578246412218244,-0.03999955983667716,1699750800000,-0.009373158347051533,-0.01637938479693926,-0.02240309620434692
LTCUSDT,1699772400000,2023,LONG,-0.03693553865024517,0.0033025934858779116,1699776000000,0.0015839496447856104,-0.0003963797369728581,-0.016516091998832336
LTCUSDT,1699776000000,2023,SHORT,0.0033025934858779116,-0.005931033050888237,1699779600000,0.0031704121668458284,0.011807765711969188,0.014480492145989912
LTCUSDT,1699783200000,2023,LONG,-0.01646029801477643,0.012304921233286067,1699786800000,-0.013650297264774605,-0.02174428426433009,-0.01881758269408065
LTCUSDT,1699786800000,2023,SHORT,0.012304921233286067,-0.029812618752539273,1699790400000,0.009959580367403468,0.007293978362553723,0.009425891228652282
LTCUSDT,1700053200000,2023,LONG,-0.010112052002793331,0.0011978035885352768,1700056800000,-0.0031920088167040886,-0.0008317161555137139,0.026660954332977303
LTCUSDT,1700067600000,2023,SHORT,0.005892517714991073,-0.0028879484212109437,1700071200000,-0.017731204691801786,-0.020316416009839536,-0.022894961239861508
LTCUSDT,1700071200000,2023,LONG,-0.0028879484212109437,0.054853118915360696,1700074800000,-0.0017729292063030104,0.008277406647198357,0.007195740776457373
LTCUSDT,1700146800000,2023,SHORT,0.04061565979418742,-0.005838777146478535,1700150400000,-0.0057115151433317,0.005182447343846458,0.011521836046295142
LTCUSDT,1700571600000,2023,LONG,-0.09463553386520485,0.056105427745558004,1700575200000,-0.009211430540065055,-0.03795194580185708,-0.05524344291191815
LTCUSDT,1700578800000,2023,SHORT,0.03666790095352471,-0.08287629121779365,1700582400000,-0.00416577489593473,0.020211520439670876,0.02684333311794105
LTCUSDT,1700722800000,2023,LONG,-0.012181064802623617,0.03669470660907401,1700726400000,0.0008525149706437513,-0.015759638492950093,-0.012299926234162087
LTCUSDT,1700758800000,2023,SHORT,0.00012562891602645345,-0.022581752880641993,1700762400000,-0.0025996548436317433,-0.0047608832621368405,-0.00691745084368798
LTCUSDT,1700841600000,2023,LONG,-0.02487381224108928,0.005236243809097115,1700845200000,0.006223499578083003,0.004671252035758463,0.014368468072037923
LTCUSDT,1700964000000,2023,SHORT,0.03342598913173114,-0.004551664359987136,1700967600000,0.0008390435396444129,0.003640950668317914,0.018338784504010646
LTCUSDT,1700967600000,2023,LONG,-0.004551664359987136,0.005778928531102831,1700971200000,0.0008389262236995628,-0.003082098264981033,-0.017782009607831224
LTCUSDT,1700971200000,2023,SHORT,0.005778928531102831,-0.0002686091394629702,1700974800000,0.002098930316502625,0.007295206315929941,0.02864225287373522
LTCUSDT,1700974800000,2023,LONG,-0.0002686091394629702,0.0030121666881548037,1700978400000,-0.0016820861829849375,-0.005195546335820199,-0.022950433586910676
LTCUSDT,1700978400000,2023,SHORT,0.0030121666881548037,-0.004621181247796274,1700982000000,0.00014030164877455934,0.005627476865728448,0.022989518224698833
LTCUSDT,1701244800000,2023,LONG,-0.0063046294306997215,0.008077401022785887,1701248400000,-0.000995803482245808,-0.007994332368781725,-0.009428641277899342
LTCUSDT,1701266400000,2023,SHORT,0.009046047482810841,-0.0010078901799969282,1701270000000,0.0015785322930497267,-0.002005444018350784,-0.003292537510300343
LTCUSDT,1701273600000,2023,LONG,-0.010490461059367196,0.0007699292878956428,1701277200000,0.004305402747017521,0.0020114949311010304,0.004305402747017521
LTCUSDT,1701320400000,2023,SHORT,0.007063735030297519,-0.0034553747411832144,1701324000000,-0.0031505109834096203,0.002585094072104734,0.0027289065408936993
LTCUSDT,1701324000000,2023,LONG,-0.0034553747411832144,0.01101667221904624,1701327600000,-0.004298616735241487,-0.0063109790644832785,-0.007030662434876936
LTCUSDT,1701331200000,2023,SHORT,0.005030754529191258,-0.045367308983629666,1701334800000,-0.0021593616682578295,-0.004457552855020827,0.0008650519570584513
LTCUSDT,1701396000000,2023,LONG,-0.012078188688359328,0.03490478165580378,1701399600000,0.0001426635283107993,0.0034183198076933826,0.01767704941851217
LTCUSDT,1702260000000,2023,SHORT,0.09966598618412646,-0.11307615799574976,1702263600000,-0.005975842854698782,0.0010903640169817844,0.014130147987093599
LTCUSDT,1702479600000,2023,LONG,-0.11633981324172826,0.010393858511172211,1702483200000,-0.003037417770835389,0.006732181777261983,0.005361943141385373
LTCUSDT,1702490400000,2023,SHORT,0.0028052374708685385,-0.04144789717200235,1702494000000,-0.010046186467299354,-0.013736479727886757,-0.01428203347846112
LTCUSDT,1702494000000,2023,LONG,-0.04144789717200235,0.04194192506450242,1702497600000,0.00396310733948574,0.002188483981117216,0.0027348574409601
LTCUSDT,1702569600000,2023,SHORT,0.011466218571527164,-0.009585712926398838,1702573200000,-0.004960054258250799,-0.0038599441362997112,-0.0006903693750206325
LTCUSDT,1702573200000,2023,LONG,-0.009585712926398838,0.023642851966127035,1702576800000,-0.0039936705287315095,0.0009616045799021903,-0.011194920316544664
LTCUSDT,1702587600000,2023,SHORT,0.013996050384308461,-0.030396180979278483,1702591200000,-0.003974513557937275,0.0038525088925308554,0.010214029447204866
LTCUSDT,1702594800000,2023,LONG,-0.023871477780337377,0.0018036851852613188,1702598400000,-0.007564852801066878,-0.00466969671526376,-0.01240881770821923
LTCUSDT,1702598400000,2023,SHORT,0.0018036851852613188,-0.10031241234081098,1702602000000,-0.0015175556475216243,-0.00027609055945663986,0.01040880954055963
LTCUSDT,1702774800000,2023,LONG,-0.02171153755611699,0.021261922351480216,1702778400000,-0.0035921563909598313,0.0006893224233798695,-0.003038676371295503
LTCUSDT,1702778400000,2023,SHORT,0.021261922351480216,-0.01626973348922429,1702782000000,-0.001797691143054819,-0.006896579059060459,0.0006922810937610069
LTCUSDT,1702789200000,2023,LONG,-0.005016234403247614,0.00990139198021432,1702792800000,0.0026151002447207523,0.00563459197064755,0.0070040799962452615
LTCUSDT,1702850400000,2023,SHORT,0.029857934896821595,-0.02728112372394887,1702854000000,0.007273776649467973,0.02383583687038969,0.04009635774216994
LTCUSDT,1702954800000,2023,LONG,-0.005249448834455452,0.007954540607664932,1702958400000,0.00014051851354539898,0.0007023951963990391,-0.002391840746339882
LTCUSDT,1702987200000,2023,SHORT,0.036378860550096356,-0.004881237869539021,1702990800000,-0.000702493882068753,0.001969612341859092,0.0018287970209196831
LTCUSDT,1703264400000,2023,LONG,-0.06191673806013784,0.013042731796141951,1703268000000,0.003160428601065806,0.00999665976391559,-0.004828594606195334
LTCUSDT,1703300400000,2023,SHORT,0.07775483333000148,-0.03395626207896099,1703304000000,-0.00777781698709557,-0.004174209483797024,-0.005561749598184581
LTCUSDT,1703635200000,2023,LONG,-0.12158368901547062,0.0123557120809728,1703638800000,-0.005997019472374291,-0.01203022027654235,0.04477665941894325
LTCUSDT,1703646000000,2023,SHORT,0.04615883616735334,-0.010363970713792758,1703649600000,-0.003306243540775259,-0.017915009047339555,-0.04294475711317495
LTCUSDT,1703649600000,2023,LONG,-0.010363970713792758,0.0013745095736372,1703653200000,0.014202068557963922,0.023111414747204448,0.037918595175279894
LTCUSDT,1703656800000,2023,SHORT,0.014016684127454567,-0.004081281569767554,1703660400000,-0.00040669694860040424,-0.0210647085690223,-0.023848933105427496
LTCUSDT,1703664000000,2023,LONG,-0.009594867578628812,0.0418222697926787,1703667600000,0.014674756406164498,0.033695464948281094,0.01850795123915601
LTCUSDT,1703692800000,2023,SHORT,0.019035884229866552,-0.027109997544025235,1703696400000,-0,-0.0037007708110806873,-0.005809364106839948
LTCUSDT,1703718000000,2023,LONG,-0.025401068898130593,0.023891480751147783,1703721600000,0.003938046570033743,-0.003425563297063369,0.015271457790385306
LTCUSDT,1703721600000,2023,SHORT,0.023891480751147783,-0.020045746541507547,1703725200000,0.008156866696627815,0.0047281411959459,0.0015735644474303295
LTCUSDT,1707433200000,2024,LONG,-0.08893012779717294,0.068092472263933,1707436800000,-0.0026982903540278816,0.0124032597834199,0.005515889807132577
LTCUSDT,1707465600000,2024,SHORT,0.07280050204062152,-0.014900140304605968,1707469200000,0.002973032557246613,-0.0021181960895916476,0.00268950547851149
LTCUSDT,1707469200000,2024,LONG,-0.014900140304605968,0.007269469385845203,1707472800000,-0.00014177358781817647,0.0077667551334857,0.004949455059020183
LTCUSDT,1707494400000,2024,SHORT,0.025559397642662046,-0.0017003381890687154,1707498000000,-0.0039665727032092936,-0.0014184399541336276,-0.002410152155551233
LTCUSDT,1707498000000,2024,LONG,-0.0017003381890687154,0.00966845706634121,1707501600000,0.00014137272943596453,0.0022595688190275316,-0.0019813196405177548
LTCUSDT,1707512400000,2024,SHORT,0.0038941663472714357,-0.041612434391224244,1707516000000,0.0029667324154304155,-0.0022544746761833778,0.006226141522236925
LTCUSDT,1707620400000,2024,LONG,-0.0847549921643408,0.06084853126164045,1707624000000,0.0005505092349325582,-0.0033094349013671424,-0.004968268569010121
LTCUSDT,1707645600000,2024,SHORT,0.014084221671891122,-0.020141571442838818,1707649200000,-0.0016662042177501145,-0.0022209892527843807,0.00753246691602983
LTCUSDT,1707753600000,2024,LONG,-0.016416775200345197,0.03966566476228821,1707757200000,0.00759619701238923,0.012126371552413254,-0.0004160022246778776
LTCUSDT,1707789600000,2024,SHORT,0.02700269322166478,-0.00907773347261173,1707793200000,0.004159163073143026,0.00193879024863484,0.03677765668200025
LTCUSDT,1707814800000,2024,LONG,-0.010099632742721762,0.002940501639648605,1707818400000,-0.011852398947959695,-0.03669752559418351,-0.05578125274815668
LTCUSDT,1707818400000,2024,SHORT,0.002940501639648605,-0.06174779613941184,1707822000000,0.0020820328154037343,0.03456158929308907,0.04451479082642163
LTCUSDT,1709179200000,2024,LONG,-0.02537068784690219,0.007338363240128931,1709182800000,-0.0045640242568639735,-0.008302797230501759,0.00799670072665494
LTCUSDT,1709182800000,2024,SHORT,0.007338363240128931,-0.022113768335217467,1709186400000,0.006037207421643004,0.013330299186040818,0.008583743691391442
LTCUSDT,1709186400000,2024,LONG,-0.022113768335217467,0.008141396854135006,1709190000000,-0.0021823481018384745,0.0002421893932884958,0.00241925846796731
LTCUSDT,1709190000000,2024,SHORT,0.008141396854135006,-0.0019634920347132026,1709193600000,-0.00448078254984366,0.0030389617990860987,-0.00617099181375073
LTCUSDT,1709341200000,2024,LONG,-0.015599566426864884,0.00286710368824243,1709344800000,0.016531186469796202,0.03778716070700878,0.05327431741523025
LTCUSDT,1709344800000,2024,SHORT,0.00286710368824243,-0.026292610265279716,1709348400000,-0.03138821951001096,-0.017596419279748445,-0.03772357658201089
LTCUSDT,1711753200000,2024,LONG,-0.0428831948568611,0.1978539140716907,1711756800000,-0.017935213121384234,-0.034868825650823936,-0.053059849052662096
LTCUSDT,1711760400000,2024,SHORT,0.18031220451235286,-0.02561135805019394,1711764000000,0.0029304742813097847,0.01934775625182528,0.03340041760532449
LTCUSDT,1711846800000,2024,LONG,-0.23127898638970878,0.052184182206188576,1711850400000,-0.009456791503551776,-0.009069044309860785,-0.020865427750230345
LTCUSDT,1711875600000,2024,SHORT,0.07044592438499227,-0.23510747599999482,1711879200000,-0.005394549887724049,-0.0028480254949355683,-0.036785534812518686
LTCUSDT,1711915200000,2024,LONG,-0.1848342571093312,0.15054882122985214,1711918800000,-0.004162336914687411,0.01023723427475383,-0.0009444655027717261
LTCUSDT,1711947600000,2024,SHORT,0.014769927754413386,-0.13055153810987646,1711951200000,-0.02492165704797635,0.0038971581095744385,0.06790248808548684
LTCUSDT,1711954800000,2024,LONG,-0.013208183005303827,0.0080746370395019,1711958400000,-0.024362991524831713,-0.03863807215058676,-0.08724613845629028
LTCUSDT,1711958400000,2024,SHORT,0.0080746370395019,-0.10214816783722176,1711962000000,0.00787368294810977,0.005400553180000166,0.06057147194855882
LTCUSDT,1712048400000,2024,LONG,-0.05971557523733681,0.013451351214361688,1712052000000,-0.0034907530584567196,0.014136956312590746,0.06280090123903044
LTCUSDT,1712116800000,2024,SHORT,0.001547185739047385,-0.024990526281379394,1712120400000,0.0054485443216154,0.013579068613008588,0.03615922923754988
LTCUSDT,1712221200000,2024,LONG,-0.04582825163729233,0.07532441999437191,1712224800000,-0.01832576151468764,-0.023183749554822764,-0.05899941375959476
LTCUSDT,1712224800000,2024,SHORT,0.07532441999437191,-0.018343997032261618,1712228400000,0.00894104903307029,0.014846085458170287,0.04418206570847064
LTCUSDT,1712329200000,2024,LONG,-0.09433818402509067,0.0118007275603887,1712332800000,-0.00675609080212965,0.01879792593017099,0.002343711267969146
LTCUSDT,1712505600000,2024,SHORT,0.024658667173381894,-0.026866466944036563,1712509200000,0.009375068665455934,0.017057564837472245,0.013405944692969424
LTCUSDT,1712545200000,2024,LONG,-0.030129251938776587,0.023768808585517665,1712548800000,0.006622213476620705,0.013592251020414423,0.02090258134894037
LTCUSDT,1712556000000,2024,SHORT,0.0267391438549271,-0.02382147609225375,1712559600000,-0.015080863412609972,-0.045431475683912724,-0.03282506291211991
LTCUSDT,1712563200000,2024,LONG,-0.0001492869541704987,0.1501367759869727,1712566800000,0.012265425931369848,-0.009805885148956887,-0.002586332204655846
LTCUSDT,1712617200000,2024,SHORT,0.021694772070988078,-0.01594307384897975,1712620800000,0.009528511567450552,0.009528511567450552,0.03095613958786702
LTCUSDT,1712757600000,2024,LONG,-0.22980561370685373,0.023185331838481427,1712761200000,-0.0018773472347359116,-0.00606189147241964,0.01211759428806244
LTCUSDT,1712844000000,2024,SHORT,0.0011553393347444349,-0.017819371614424165,1712847600000,-0.00688650467774423,-0.025532422163782608,-0.02757157458326034
LTCUSDT,1712854800000,2024,LONG,-0.03634005529088162,0.07268049893417163,1712858400000,0.004398309141308493,0.012631317987262398,0.008777357841773858
LTCUSDT,1712865600000,2024,SHORT,0.09198470202395805,-0.18676852552882936,1712869200000,0.0065580621460729375,0.0022148403295527874,0.017243555360446992
LTCUSDT,1712930400000,2024,LONG,-0.037909296174271925,0.04146303653096396,1712934000000,-0.003021937380216946,-0.14136555814267596,-0.12060931278044396
LTCUSDT,1712944800000,2024,SHORT,0.11622669446648633,-0.17336268942756256,1712948400000,-0.02765479947702973,-0.027071811061986927,-0.031494022388318124
LTCUSDT,1712952000000,2024,LONG,-0.18733253169241718,0.028903035759189136,1712955600000,0.0023304601551782877,-0.0016345596167054897,-0.0070241450120419
LTCUSDT,1712973600000,2024,SHORT,0.26102821037732027,-0.036949181239851636,1712977200000,-0.006085448856042328,-0.010857616441413353,-0.005034844662051022
LTCUSDT,1712977200000,2024,LONG,-0.036949181239851636,0.007931415609668287,1712980800000,0.006513165615963045,-0.00362382768421931,-0.0019856340110437566
LTCUSDT,1713016800000,2024,SHORT,0.1611744645153483,-0.007916347506702441,1713020400000,0.0010517091241097566,0.034094886459627834,0.12419810225401323
LTCUSDT,1713049200000,2024,LONG,-0.26698081074186775,0.022084900651072426,1713052800000,-0.014459966662104017,-0.022364104769951574,0.0058030983667219154
LTCUSDT,1713092400000,2024,SHORT,0.13733451730951798,-0.09488264722761144,1713096000000,-0.010998959841530695,-0.0002571685754175006,-0.024391453124159267
LTCUSDT,1713110400000,2024,LONG,-0.14003740507528709,0.0007478399607453388,1713114000000,-0.01360216018572497,-0.02099375190186287,0.00012744535797530826
LTCUSDT,1713117600000,2024,SHORT,0.09826836384087974,-0.11815571163127518,1713121200000,0.010741791266113085,-0.015523754667307151,-0.045258842808563814
LTCUSDT,1713121200000,2024,LONG,-0.11815571163127518,0.09971599872976106,1713124800000,-0.012289139848057646,0.024134284548741534,0.05368821291401901
LTCUSDT,1713214800000,2024,SHORT,0.00610157367206313,-0.048288661196105684,1713218400000,-0.00754334587588458,0.005920985247673651,-0.009833423212612394
LTCUSDT,1713542400000,2024,LONG,-0.023229161959623976,0.0005721912631238012,1713546000000,0.0029382979024468407,-0.005532687624001156,0.0053803015579986435
LTCUSDT,1713546000000,2024,SHORT,0.0005721912631238012,-0.002285579592600278,1713549600000,0.008347703765828253,0.0047791280228150395,-0.0054861460367798855
LTCUSDT,1713549600000,2024,LONG,-0.002285579592600278,0.006350857284055189,1713553200000,0.00516415754823431,0.0008625470314820199,0.018322242125745347
LTCUSDT,1713553200000,2024,SHORT,0.006350857284055189,-0.010455729988477073,1713556800000,0.005287439308854117,0.008869237740779884,-0.011098351614500462
LTCUSDT,1713556800000,2024,LONG,-0.010455729988477073,0.009564032723987998,1713560400000,0.0036918575036329906,-0.007176472274799766,0.020017756174918876
LTCUSDT,1713560400000,2024,SHORT,0.009564032723987998,-0.009931439643012288,1713564000000,0.0027060287115312537,0.001229105366140077,-0.014753666382732239
LTCUSDT,1713571200000,2024,LONG,-0.002213607519497636,0.0062680894659544505,1713574800000,0.009763409448155437,0.01821364649266236,0.02465626283300212
LTCUSDT,1713574800000,2024,SHORT,0.0062680894659544505,-0.003824165066569543,1713578400000,0.00012297854039956208,-0.011371400885335507,-0.0158597932084727
LTCUSDT,1713582000000,2024,LONG,-0.005609697386072851,0.03507736847130987,1713585600000,-0.005108878646418164,0.0003639230949366321,0.016366189608217455
LTCUSDT,1713607200000,2024,SHORT,0.01801654340209197,-0.021911999048627357,1713610800000,-0.0006069066157033911,-0.0021831421648471554,-0.027779564107075886
LTCUSDT,1714114800000,2024,LONG,-0.031175236599665614,0.0006346975664931918,1714118400000,0.004218426691511145,0.0005869578145857328,0.03291860436044171
LTCUSDT,1714122000000,2024,SHORT,0.005056018614322603,-0.015347658191831554,1714125600000,-0.0023521121040476394,-0.032550507946149776,-0.0376661901081714
LTCUSDT,1714125600000,2024,LONG,-0.015347658191831554,0.026238048127286383,1714129200000,0.0009392979438989109,0.032588971287601506,0.02665897329683398
LTCUSDT,1714129200000,2024,SHORT,0.026238048127286383,-0.009736278827380221,1714132800000,-0.02560232512103382,-0.020212094741188066,-0.032555108586494956
LTCUSDT,1714132800000,2024,LONG,-0.009736278827380221,0.059638159359074815,1714136400000,0.003539422545268233,-0.01069405925496609,-0.0009154366127341334
LTCUSDT,1714147200000,2024,SHORT,0.0077167598491380465,-0.03211305584131894,1714150800000,-0.008058989046611193,-0.0209329919760975,-0.011835817570466386
LTCUSDT,1714269600000,2024,LONG,-0.08180158752805898,0.04198164687992259,1714273200000,-0.003539409074862561,-0.0005890322370932185,0
LTCUSDT,1714366800000,2024,SHORT,0.007784061581984104,-0.046448642490165906,1714370400000,0.021537257907023467,0.007287530012054684,0.010169376386943653
LTCUSDT,1714647600000,2024,LONG,-0.02351285862829909,0.03649603209373472,1714651200000,-0.004242581856572309,0.0028598092229372833,-0.003867511526489296
LTCUSDT,1714654800000,2024,SHORT,0.028771342753991475,-0.00387797914135576,1714658400000,-0.008115407546089849,-0.010351155589544523,-0.009109690501479683
LTCUSDT,1714690800000,2024,LONG,-0.006706428450993849,0.0030702304408220652,1714694400000,0.0018734783472681568,0.008589086225280715,-0.0012509383667798836
LTCUSDT,1714698000000,2024,SHORT,0.006658218328568804,-0.014732349308726364,1714701600000,-0.0009931720245304897,0.0037332049330563257,-0.01455019504188853
LTCUSDT,1716256800000,2024,LONG,-0.08970883214284307,0.03895074960437391,1716260400000,-0.004455368082877564,0.007155462411623908,0.0053430468724530115
LTCUSDT,1716264000000,2024,SHORT,0.03689639859867666,-0.008483287339979695,1716267600000,-0.006624053457886158,-0.017041993905007952,-0.01839288907836367
LTCUSDT,1716267600000,2024,LONG,-0.008483287339979695,0.05576728696800399,1716271200000,0.005902400790695801,0.009517406986890171,0.01278225649545534
LTCUSDT,1716346800000,2024,SHORT,0.008309146235130531,-0.07964583499262196,1716350400000,0.008153935501463589,0.0028635263825531284,0.00045761355334678826
LTCUSDT,1716458400000,2024,LONG,-0.1906693204788607,0.029932770659750536,1716462000000,0.019175821491658845,-0.004676183409977008,-0.006083313098065037
LTCUSDT,1716465600000,2024,SHORT,0.09381234253105022,-0.15883858728384606,1716469200000,0.003939293704988377,0.02056147203780183,0.002315351809997203
LTCUSDT,1716494400000,2024,LONG,-0.1828931519238778,0.0779776670539797,1716498000000,0.019316829821925285,0.03191321750761099,0.023065662703445015
LTCUSDT,1716526800000,2024,SHORT,0.22968461210899235,-0.013877633018161275,1716530400000,0.009784929234787777,-0.001992382727639592,0.005529100610102228
LTCUSDT,1716537600000,2024,LONG,-0.0037014431942631702,0.017608351512743852,1716541200000,-0.0014040016346344522,-0.003279075429064145,-0.002223913832836341
LTCUSDT,1716566400000,2024,SHORT,0.006224769057469621,-0.002020589149478757,1716570000000,-0.0056784726109232395,-0.012380043750463103,-0.018920594980818776
LTCUSDT,1716570000000,2024,LONG,-0.002020589149478757,0.004191326846557133,1716573600000,0.000825325755744261,0.005059131915373535,0.011026504680885169
LTCUSDT,1716742800000,2024,SHORT,0.028378504783434254,-0.003941363837500915,1716746400000,0.0011913272793324496,-0.0016654774251865364,-0.005225044543872876
LTCUSDT,1716771600000,2024,LONG,-0.05456164506413353,0.18538448364260554,1716775200000,-0.0007100592014310478,-0.0011837122594276946,0.006603018920629797
LTCUSDT,1716969600000,2024,SHORT,0.039475296029470454,-0.06370069663596767,1716973200000,-0.0005990535133919941,-0.004305196795520415,-0.0028721896240958074
LTCUSDT,1717074000000,2024,LONG,-0.08779962453629439,0.048742940060931654,1717077600000,-0.002244935071728832,0.003299166418894748,-0.00556247365950219
LTCUSDT,1717084800000,2024,SHORT,0.013389361560695968,-0.02953393580559384,1717088400000,-0.001059259794212106,0.009940910266359727,0.009465286000556296
LTCUSDT,1717088400000,2024,LONG,-0.02953393580559384,0.0041773523330079975,1717092000000,0.002349901210597007,-0.00471643369285799,-0.011952097785953918
LTCUSDT,1717092000000,2024,SHORT,0.0041773523330079975,-0.00011292032583546962,1717095600000,0.00706633490345502,0.008248927283473552,0.015374001957886478
LTCUSDT,1717376400000,2024,LONG,-0.0880027043241557,0.22530256703502846,1717380000000,-0.0011950288229061637,0.0013128843563915357,0.0001194243746565942
LTCUSDT,1717516800000,2024,SHORT,0.08004317508649393,-0.15118391139543527,1717520400000,-0.00048181162098064376,-0.006245516337730549,-0.012452268180201731
LTCUSDT,1717790400000,2024,LONG,-0.04332797382186262,0.06760251033960603,1717794000000,-0.0003748360136347927,0.0029936407538690437,-0.002125930895109285
LTCUSDT,1717851600000,2024,SHORT,0.21884408132023592,-0.03553999551046089,1717855200000,-0.001002757667378928,0.00025084660861495194,-0.0030052614654635166
LTCUSDT,1717855200000,2024,LONG,-0.03553999551046089,0.20529168786890925,1717858800000,-0.0046462066378627175,-0.0012536042759938365,-0.0018809962283130616
LTCUSDT,1718067600000,2024,SHORT,0.14782520089277407,-0.2750838281353995,1718071200000,-0.003204514695067387,0.0025710259695278298,0.00838011737154354
LTCUSDT,1718089200000,2024,LONG,-0.25078316343769724,0.019123521766661065,1718092800000,-0.0008907552920841787,0.003555107858114384,-0.016544141372770244
LTCUSDT,1718092800000,2024,SHORT,0.019123521766661065,-0.0020896573349942138,1718096400000,-0.0033049477139697873,0.00548995952765774,0.018245398847573455
LTCUSDT,1718096400000,2024,LONG,-0.0020896573349942138,0.0015906893932902777,1718100000000,0.006703370450078112,-0.019995539303519775,-0.017538694465201083
LTCUSDT,1718107200000,2024,SHORT,0.018824109198205662,-0.2172651084834563,1718110800000,0.011200632061892278,0.016392751721849997,0.013274246076040322
LTCUSDT,1718204400000,2024,LONG,-0.01896612718693701,0.019525482613490353,1718208000000,0.003045301173419217,-0.016787733274525124,-0.008935469204485338
LTCUSDT,1718215200000,2024,SHORT,0.006730620178607882,-0.14161165831930453,1718218800000,0.01449765593779745,-0.0008912089201494038,0.007543345875884547
LTCUSDT,1721404800000,2024,LONG,-0.44497314785817715,0.0014259849533290864,1721408400000,0.00027412280873409886,0.0006851661795965106,0.0017804565410111802
LTCUSDT,1721412000000,2024,SHORT,0.0035055173653646414,-0.005739751037683879,1721415600000,-0.009132483563272474,-0.0038267096034767393,-0.0034174047338565044
LTCUSDT,1721415600000,2024,LONG,-0.005739751037683879,0.024819587870695013,1721419200000,-0.009543358046899859,-0.0046239712470815784,-0.005988041844622557
LTCUSDT,1721419200000,2024,SHORT,0.024819587870695013,-0.028961990566576754,1721422800000,-0.006144622323526646,-0.0031453017383153417,-0
LTCUSDT,1722096000000,2024,LONG,-0.010401145432502487,0.01121991867158319,1722099600000,-0.0036191576252295092,-0.01047568767008125,-0.017379554471814263
LTCUSDT,1722103200000,2024,SHORT,0.004742189851603783,-0.01762289247707539,1722106800000,-0.0050363844565575995,-0.004059071987843584,0.007461145332556936
LTCUSDT,1723737600000,2024,LONG,-0.2884750075494743,0.16674799852264174,1723741200000,-0.014947058679441969,-0.0291947144758906,-0.012061053790306878
LTCUSDT,1723755600000,2024,SHORT,0.22162111017265151,-0.09107293081512645,1723759200000,-0.0006179515104724727,-0.007236924340240979,-0.013812374287611591
LTCUSDT,1723770000000,2024,LONG,-0.012275445179798528,0.03212403266645232,1723773600000,0.006118098007086657,0.015225629084050597,0.01567883552733898
LTCUSDT,1723795200000,2024,SHORT,0.026319844292259528,-0.03678543888276899,1723798800000,-0.0033587817836015976,0.010453592504010031,-0.013367964526950958
LTCUSDT,1723867200000,2024,LONG,-0.24250801712434067,0.032027572141732165,1723870800000,-0.00030193236944348626,0.009314971199555622,0.014088962065726988
LTCUSDT,1724025600000,2024,SHORT,0.15434948783022936,-0.0506868314035112,1724029200000,-0.005877494125684683,-0.003922165233164803,-0.010674385350451461
LTCUSDT,1725116400000,2024,LONG,-0.16907718831944615,0.020092553361212347,1725120000000,-0.0007638836212867549,-0.007357482607297133,-0.016786410952842085
LTCUSDT,1725120000000,2024,SHORT,0.020092553361212347,-0.05345891567291235,1725123600000,0.004902721632876819,0.007979173836270361,0.016799347070767173
LTCUSDT,1729047600000,2024,LONG,-0.05404546339267947,0.0009770272293326357,1729051200000,-0.004482428012197409,-0.009831539865770495,-0.023330856762695185
LTCUSDT,1729051200000,2024,SHORT,0.0009770272293326357,-0.0692392893530385,1729054800000,-0.006994992148080574,0.00930895297752373,0.016704805207246484
LTCUSDT,1729184400000,2024,LONG,-0.033182833578913794,0.0685843203119009,1729188000000,-0.0018021769624309773,0.012798633384079277,0.007588860152821332
LTCUSDT,1729260000000,2024,SHORT,0.04974186949030667,-0.03047109592327151,1729263600000,-0.003557261926014299,-0.0005480953823151954,-0.011853807304998354
LTCUSDT,1729274400000,2024,LONG,-0.019884355357361674,0.003340667728659062,1729278000000,0.008184468002620173,0.008863492948924709,0.020336926497641745
LTCUSDT,1729486800000,2024,SHORT,0.0029206511478344775,-0.02254696782954011,1729490400000,0.0014910202694516934,0.009526473788214399,0.03838129852796462
LTCUSDT,1730217600000,2024,LONG,-0.05784781131529168,0.08328215735047617,1730221200000,0,-0.009002925356575448,-0.009962552546538243
LTCUSDT,1730282400000,2024,SHORT,0.00966531393775855,-0.011198069458701738,1730286000000,0.006680609397638871,-0.004429072984242042,0.002082900149009438
LTCUSDT,1730530800000,2024,LONG,-0.015469670352905196,0.0007963944469599533,1730534400000,-0.002694845968154531,0.0021223920241507334,-0.01901823246468265
LTCUSDT,1730552400000,2024,SHORT,0.036230857278595575,-0.011729920139149488,1730556000000,0.004904091755656741,0.001295803219254182,0.016538894323356347
LTCUSDT,1731214800000,2024,LONG,-0.0149245671997761,0.002731594077708676,1731218400000,-0.011030971999300644,0.00378023001166595,0.016963825378966912
LTCUSDT,1731225600000,2024,SHORT,0.00484301677688086,-0.01889475210698735,1731229200000,-0.00378023001166595,-0.01426372730652402,0.023654885576064297
LTCUSDT,1731362400000,2024,LONG,-0.009214178754292444,0.028859017802324225,1731366000000,0.010665763948553066,-0.006835469652688511,-0.03048391780497502
LTCUSDT,1731376800000,2024,SHORT,0.029586161283402773,-0.007630895840887419,1731380400000,-0.006835469652688572,-0.0013962050881436085,0.028733536363885773
LTCUSDT,1731384000000,2024,LONG,-0.008731130289010918,0.02137685637696053,1731387600000,-0.007016677381457536,0.0479059211993877,-0.035586338974986614
LTCUSDT,1731405600000,2024,SHORT,0.18173265778174585,-0.04482290506381936,1731409200000,-0.0016892993426733864,0.0050850882115992405,-0.019320539156541347
LTCUSDT,1731448800000,2024,LONG,-0.008114354738547078,0.021062506652528564,1731452400000,-0.021140256216862975,-0.035706487121997255,-0.06617250842922626
LTCUSDT,1731459600000,2024,SHORT,0.02447201733362019,-0.02380306274146411,1731463200000,0.004089445709720083,0.04345293177763571,0.012452141290343789
LTCUSDT,1731506400000,2024,LONG,-0.0026754783129971094,0.045511016109762756,1731510000000,-0.00273633632199972,0.011514455439472271,-0.016796090951976355
LTCUSDT,1731524400000,2024,SHORT,0.1028538806408938,-0.024268704662365474,1731528000000,-0.0022851007994337306,-0.015489694127399185,-0.10261148417238075
LTCUSDT,1731549600000,2024,LONG,-0.02352271530541611,0.029759609415422987,1731553200000,0.09857650833217756,0.07221603879084092,0.038543666780287346
LTCUSDT,1731808800000,2024,SHORT,0.11560859830462301,-0.015278599985269323,1731812400000,0.002197078770213882,0.0019771535439041185,0.023089048772364815
LTCUSDT,1732111200000,2024,LONG,-0.029138486950095223,0.022864871984444184,1732114800000,-0.0038073308178080876,-0.038263087990321853,-0.04691490836083542
LTCUSDT,1732118400000,2024,SHORT,0.044317083655329416,-0.01777377070455271,1732122000000,0.008669373221398729,0.005097515631755983,-0.022449206524289646
LTCUSDT,1732143600000,2024,LONG,-0.010894090928108497,0.005375210558233631,1732147200000,0.010373908093826396,0.006689787223552512,0.07346565361873403
LTCUSDT,1732154400000,2024,SHORT,0.02326338623809788,-0.04855657755274287,1732158000000,-0.013545307488279928,-0.08487699041932234,-0.07764469185746495
LTCUSDT,1732158000000,2024,LONG,-0.04855657755274287,0.016138614839138157,1732161600000,0.029212001475106834,0.07043627372500484,0.05218575317057025
LTCUSDT,1732327200000,2024,SHORT,0.2063610069388201,-0.03967629924667404,1732330800000,-0.024811196696287438,-0.04612395961081558,-0.04069232647028075
LTCUSDT,1732330800000,2024,LONG,-0.03967629924667404,0.19467396024172878,1732334400000,0.026330141251816496,0.001974334303717608,0.01801850550267843
LTCUSDT,1732568400000,2024,SHORT,0.04144307975649738,-0.021526045714063937,1732572000000,0.0004287245510468452,-0.013940103366912095,0.014572010238622961
LTCUSDT,1732579200000,2024,LONG,-0.028167772612137404,0.031823623666943066,1732582800000,0.013725809998471786,0.005129312378642343,-0.03455196300985427
LTCUSDT,1732618800000,2024,SHORT,0.004666321841878522,-0.015661537390138307,1732622400000,0.0025474898863155097,-0.0013265533672056709,-0.027064069991505048
LTCUSDT,1732622400000,2024,LONG,-0.015661537390138307,0.009883471129781482,1732626000000,0.001883344045299242,0.01769568623806155,0.0198722024961276
LTCUSDT,1734501600000,2024,SHORT,0.09330877581960927,-0.023066570581717644,1734505200000,-0.015790685906324122,-0.0173727670889754,0.003816960399884352
LTCUSDT,1734505200000,2024,LONG,-0.023066570581717644,0.00843569946428838,1734508800000,-0.0005835035384162421,-0.0033389012655147096,-0.055953257979147956
LTCUSDT,1734519600000,2024,SHORT,0.0035250275560584055,-0.03133557505008719,1734523200000,0.01950334098311756,0.023176204390240384,0.09934002787624326
LTCUSDT,1734537600000,2024,LONG,-0.10509665594336463,0.026987326481226575,1734541200000,-0.004405103214938039,-0.05819823924298817,-0.07394224625734551
LTCUSDT,1734552000000,2024,SHORT,0.02790730896879447,-0.0047998942890818365,1734555600000,-0.011715159186295152,0.0039357517281887605,0.008992536282106688
LTCUSDT,1734703200000,2024,LONG,-0.01141336005740908,0.04304055050425559,1734706800000,0.01849569328512225,0.039616346508293834,0.07003885233061703
LTCUSDT,1734764400000,2024,SHORT,0.04481373356720045,-0.008443711354419724,1734768000000,0.007794121727287629,0.005960409878235131,0.032339430638785076
LTCUSDT,1734768000000,2024,LONG,-0.008443711354419724,0.11927423201285207,1734771600000,-0.003386717640305797,-0.02414938690296046,-0.018721295608208968
LTCUSDT,1735203600000,2024,SHORT,0.02312326515196304,-0.0007768047183254757,1735207200000,0.0048086263074941975,0.011579787794254283,0.019472642411097425
LTCUSDT,1735239600000,2024,LONG,-0.008750688779851225,0.0057268746545660245,1735243200000,-0.0062610261268753456,-0.003223446014569747,-0.0005853087670757577
AVAXUSDT,1673503200000,2023,LONG,-0.014407219006183667,0.027528521995921505,1673506800000,-0.001496275854087881,-0.009405072265890256,-0.0050834311762381935
AVAXUSDT,1673506800000,2023,SHORT,0.027528521995921505,-0.022195339153993913,1673510400000,-0.006489315439749868,0.009484944370591672,0.002803405037109173
AVAXUSDT,1681736400000,2023,LONG,-0.07879898035302851,0.03394914264061725,1681740000000,-0.008176504956135951,-0.025752496102414625,-0.02342341552118986
AVAXUSDT,1681750800000,2023,SHORT,0.045990739152788694,-0.03132329838731361,1681754400000,-0.003346350027344173,0.001215214634903744,-0.026746226220863704
AVAXUSDT,1681801200000,2023,LONG,-0.014741234018026694,0.012125909406038422,1681804800000,-0.006542690878229555,-0.00041931652022594607,-0.024281620107611465
AVAXUSDT,1681833600000,2023,SHORT,0.032220056572124914,-0.0047660299862417,1681837200000,0.006855211079052857,-0.0024166619196380017,0.0031837324048328637
AVAXUSDT,1688839200000,2023,LONG,-0.0006617420072067874,0.00962625867248563,1688842800000,-0.011160994041807279,-0.005564926128221161,0.02073998537475177
AVAXUSDT,1688842800000,2023,SHORT,0.00962625867248563,-0.004696194933303045,1688846400000,-0.002949202167119469,-0.00662351553075842,-0.029107781539649605
AVAXUSDT,1688878800000,2023,LONG,-0.023971295073648202,0.016333422050373782,1688882400000,-0.007126598007148153,0,-0.021751692085175477
AVAXUSDT,1688918400000,2023,SHORT,0.00827028559510679,-0.044603590719649346,1688922000000,0.0005078904516939687,0.006622781748418541,0.03746974445526958
AVAXUSDT,1702332000000,2023,LONG,-0.030312375342273615,0.050906523004097176,1702335600000,-0.025221232568176866,0.0797529254517176,0.04057290515585185
AVAXUSDT,1702378800000,2023,SHORT,0.015600671791113201,-0.01727429739472165,1702382400000,-0.005050076035328159,0.06281083116034268,0.06645576090044183
AVAXUSDT,1702382400000,2023,LONG,-0.01727429739472165,0.006503820956080014,1702386000000,-0.014471815572014018,-0.0683390456524238,-0.10467421639615374
AVAXUSDT,1702386000000,2023,SHORT,0.006503820956080014,-0.07017179208348037,1702389600000,0.0141997416068917,0.0963152670405725,0.13549716860470826
AVAXUSDT,1702702800000,2023,LONG,-0.015920993018746228,0.00879561514570199,1702706400000,-0.013299404289831791,-0.010630138916771292,0.05271440602606211
AVAXUSDT,1702767600000,2023,SHORT,0.013409552479924267,-0.004509511455701983,1702771200000,-0.01032151683649518,-0.02613763906214537,-0.001633078478514085
AVAXUSDT,1710262800000,2024,LONG,-0.028541556667635658,0.0012895923742258907,1710266400000,0.037590725529087876,0.011700927480114236,-0.029583292188148407
AVAXUSDT,1710273600000,2024,SHORT,0.06795003316245847,-0.04030389911969877,1710277200000,0.010207654451349704,0.016622579320177015,0.030756572689253296
AVAXUSDT,1710583200000,2024,LONG,-0.030123029169545273,0.02679620136922288,1710586800000,-0.025838215636024182,-0.05940965100821089,-0.13186129807919814
AVAXUSDT,1710586800000,2024,SHORT,0.02679620136922288,-0.2668698617157822,1710590400000,0.019884354261294285,0.020091065486449896,0.10205651076416188
AVAXUSDT,1710727200000,2024,LONG,-0.1353720228316257,0.0048419218604528885,1710730800000,-0.0015174009179043438,0.0020580034758599136,0.00697999992630341
AVAXUSDT,1710748800000,2024,SHORT,0.019545426039528697,-0.25413961272826174,1710752400000,0.0010555483233656425,-0.05201586723962266,-0.030088078358427927
AVAXUSDT,1710756000000,2024,LONG,-0.22271080228364504,0.17362460824961512,1710759600000,0.013759841345847332,-0.03076521129823472,-0.03181320628517677
AVAXUSDT,1710766800000,2024,SHORT,0.21358267335337888,-0.13723953796187918,1710770400000,0.01271727280480759,-0.018349432477732373,0.06378577057421299
AVAXUSDT,1710777600000,2024,LONG,-0.20409374428461904,0.09739624794534185,1710781200000,-0.005805830031909659,-0.013962248213116705,-0.07680773091259128
AVAXUSDT,1710799200000,2024,SHORT,0.11122505452223998,-0.008658816284981236,1710802800000,0.0055860559937155095,0.05055543456122645,0.07725861473371456
AVAXUSDT,1711198800000,2024,LONG,-0.03344936059129432,0.018626869738012683,1711202400000,-0.01303249485264904,-0.013050638569026902,-0.034173923451867295
AVAXUSDT,1711202400000,2024,SHORT,0.018626869738012683,-0.18017589870871925,1711206000000,0.004892831500501105,0.002252457765105917,0.01945757769323689
AVAXUSDT,1711371600000,2024,LONG,-0.1321216577961363,0.09519657988883128,1711375200000,-0.004454350349380309,-0.003506785090302465,0.003460329614230009
AVAXUSDT,1711375200000,2024,SHORT,0.09519657988883128,-0.1841425550222099,1711378800000,-0.0066140647748522035,0.0005344689488712179,-0.014357711581692151
UNIUSDT,1674244800000,2023,LONG,-0.09754727245928245,0.031002472807893644,1674248400000,-0.0006131208040013847,0.02062554160035908,0.018070493994079707
UNIUSDT,1674252000000,2023,SHORT,0.02754726634756523,-0.0006827793775605001,1674255600000,-0.01191477785694936,-0.014011528662564537,-0.004994335012375645
UNIUSDT,1674255600000,2023,LONG,-0.0006827793775605001,0.042535763038102074,1674259200000,-0.0014999252849577148,0.0041878613404747154,-0.00044974140627646877
UNIUSDT,1674266400000,2023,SHORT,0.0033175393957416543,-0.03900816449549504,1674270000000,-0.0025405378679873992,-0.009530973116355219,0.010983334665338124
UNIUSDT,1674280800000,2023,LONG,-0.0033296671588267566,0.030456707085928438,1674284400000,-0.0017801517829609459,-0.018398544562329765,0.0016290266468099474
UNIUSDT,1674291600000,2023,SHORT,0.0060992389174908766,-0.00038758372549386176,1674295200000,0.014388737452099669,0.015597196813668042,-0.014771317320312723
UNIUSDT,1674295200000,2023,LONG,-0.00038758372549386176,0.0375834841429749,1674298800000,0.006619551777883293,-0.002266718008690921,0.017951117787433208
UNIUSDT,1674302400000,2023,SHORT,0.04007028948984698,-0.019693746812473375,1674306000000,0.008278816005988222,-0.005680134853372624,-0.006127195437526592
UNIUSDT,1674316800000,2023,LONG,-0.0061774649710741765,0.011789905355333384,1674320400000,-0.0029855224444799385,0.015382643210780193,0.003867901281576331
UNIUSDT,1674324000000,2023,SHORT,0.008434128328303916,-0.013925089293891938,1674327600000,-0.001035273330653084,0.0019254986323790206,0.00029598934654455816
UNIUSDT,1674399600000,2023,LONG,-0.05615263639394942,0.014397870669804788,1674403200000,-0.015415663542059753,-0.016279097183268393,-0.03151113172628967
UNIUSDT,1674424800000,2023,SHORT,0.02546793000291579,-0.0020355700845705476,1674428400000,-0.008449933727601958,-0.010478919930923073,-0.007579106386648247
UNIUSDT,1674428400000,2023,LONG,-0.0020355700845705476,0.019894477801975907,1674432000000,0.007516658692365884,-0.0074273988868222155,-0.0007257421031221235
UNIUSDT,1674432000000,2023,SHORT,0.019894477801975907,-0.018588920803393378,1674435600000,0.002883924132904982,0.00795089118073997,0.01494188965089428
UNIUSDT,1679076000000,2023,LONG,-0.0925284867141836,0.011279721621135726,1679079600000,0.0006425703032341638,0.01799554892504399,0.04677563282398439
UNIUSDT,1679115600000,2023,SHORT,0.023146516407063226,-0.02474511223408406,1679119200000,0.0016854366971535166,-0.003820006173263744,0.011703244140570931
UNIUSDT,1679126400000,2023,LONG,-0.005260106415224429,0.015128810384370457,1679130000000,-0.0013716377979184453,0.0039519735277695105,-0.009026298566553938
UNIUSDT,1679133600000,2023,SHORT,0.047825869712907296,-0.01675530972150558,1679137200000,0.0009153318716882037,0.008114566457987901,0.015985584792686483
UNIUSDT,1679169600000,2023,LONG,-0.004516079113470459,0.005941436899771241,1679173200000,-0.004313007302022216,0.016614969515759213,-0.0047762204655583075
UNIUSDT,1679209200000,2023,SHORT,0.012405637598397669,-0.03494680586955656,1679212800000,0.004929912927245591,-0.0013821702269516739,-0.012523071418835852
UNIUSDT,1679410800000,2023,LONG,-0.004325001481184882,0.09703332241374964,1679414400000,-0.00030978934572409815,-0.012467046311195346,-0.008866823278703643
UNIUSDT,1679421600000,2023,SHORT,0.045401086088547614,-0.04251974368282803,1679425200000,-0.007397531177049739,-0.010841492001238445,-0.014273632655826629
UNIUSDT,1679461200000,2023,LONG,-0.03952520723847398,0.0007290689313936561,1679464800000,-0.0024887242585674434,-0.02008540768180646,-0.04122987635671677
UNIUSDT,1679464800000,2023,SHORT,0.0007290689313936561,-8.741919109370244e-05,1679468400000,0.007974399227839343,0.015063834198327438,0.032286393524710966
UNIUSDT,1679583600000,2023,LONG,-0.1254562436289224,0.1578782669526426,1679587200000,-0.0025027386753637784,-0.022913224916856288,-0.025153584311278634
UNIUSDT,1679605200000,2023,SHORT,0.0696090795318632,-0.11746957611457208,1679608800000,-0.00628983607395178,-0.011581277908024679,0.03876134610123042
UNIUSDT,1680098400000,2023,LONG,-0.021734627246232385,0.020248143599618646,1680102000000,0.0058690534865141215,0.008040244318565544,0.006537614434030737
UNIUSDT,1680105600000,2023,SHORT,0.01007402995030398,-0.0018934484844933541,1680109200000,-0.004704309750988727,-0.006880953557199371,0.00472654492356113
UNIUSDT,1680141600000,2023,LONG,-0.008407355796176134,0.019141387887691777,1680145200000,-0.013287555688205645,-0.01125778503191864,-0.006705808867191317
UNIUSDT,1680145200000,2023,SHORT,0.019141387887691777,-0.05931079016043955,1680148800000,-0.0008463817686811172,-0.002705903900313521,-0.012453880249441667
UNIUSDT,1680188400000,2023,LONG,-0.05704652547726857,0.021942631579878667,1680192000000,-0.012792633640215174,-0.01822835281671846,-0.01042376620421034
UNIUSDT,1680195600000,2023,SHORT,0.023178201650112248,-0.0383888222024677,1680199200000,-0.003928606982959234,-0.008181398967250257,-0.011401467845706944
UNIUSDT,1680249600000,2023,LONG,-0.04692993544382468,0.05641507902948354,1680253200000,-0.00016827934410757587,0.012540921823329968,0.018009491255660908
UNIUSDT,1680476400000,2023,SHORT,0.025384983406702876,-0.00951149155274182,1680480000000,0.001515279353826693,0.008447423099955064,-0.00787603568632974
UNIUSDT,1680508800000,2023,LONG,-0.09626520955019062,0.08615193335955183,1680512400000,-0.004977611073752244,-0.0089776164070982,-0.023782732052806375
UNIUSDT,1680552000000,2023,SHORT,0.1123548926509099,-0.07611874393360744,1680555600000,0.0028860048891349867,-0.0028776998276151956,-0.012466468729230785
UNIUSDT,1680602400000,2023,LONG,-0.09516261073926184,0.04056967363430256,1680606000000,0.009932212091271927,0.016826526989563315,0.025783512204003444
UNIUSDT,1680775200000,2023,SHORT,0.2027490510668634,-0.09486872569004112,1680778800000,-0.007883108650574807,-0.007228551271616341,0.0003298153064199203
UNIUSDT,1681387200000,2023,LONG,-0.0808284307588155,0.3164914528104968,1681390800000,-0.00767413350663402,0.007131310611076616,0.034215967650603106
UNIUSDT,1681488000000,2023,SHORT,0.2966783321449584,-0.27141634976207474,1681491600000,-0.003715974871350863,-0.026830098664613843,-0.012386549422484537
UNIUSDT,1681495200000,2023,LONG,-0.3089990173657229,0.14663888787389331,1681498800000,0.005856763872332748,0.00031746032012655356,-0.009090246791204286
UNIUSDT,1681606800000,2023,SHORT,0.0358195958655233,-0.3785500673033324,1681610400000,-0.0017760560089626507,-0.011088904305406709,-0.005961509639951602
UNIUSDT,1681632000000,2023,LONG,-0.38906869971165203,0.32165772982027807,1681635600000,-0.010631744922575598,-0.025676767006989537,-0.019790185693949924
UNIUSDT,1681642800000,2023,SHORT,0.2984102409275045,-0.14884403909557975,1681646400000,-0.007206372767093227,-0.006088786636561692,-0.014994697917950345
UNIUSDT,1681866000000,2023,LONG,-0.05747530202364395,0.16409358725286677,1681869600000,-0.007484831450272561,-0.015657122729098964,-0.08389507736189092
UNIUSDT,1681884000000,2023,SHORT,0.09849561867014839,-0.15676523443343426,1681887600000,-0.00175873416506257,0.05509902951665914,0.05967492090082036
UNIUSDT,1682560800000,2023,LONG,-0.007454272168516311,0.016613897293276215,1682564400000,-0.0077092892833680845,-0.012326528994211884,-0.008631033288161978
UNIUSDT,1682568000000,2023,SHORT,0.02051847932616553,-0.020541186606894545,1682571600000,0.004225229028639075,0.013286779706213912,-0.006577769011701427
UNIUSDT,1682607600000,2023,LONG,-0.5067949303972575,0.04389378298027738,1682611200000,-0.00454257163431986,0.007765276040277108,0.001087153576907241
UNIUSDT,1682704800000,2023,SHORT,0.0035561818913587974,-0.00013416503530273272,1682708400000,0.0010895225337806541,-0.0007256894367819273,-0.010830430774369591
UNIUSDT,1682708400000,2023,LONG,-0.00013416503530273272,0.0016491347076102586,1682712000000,0.0014524330803148008,0.003083902670864983,0.012458407956357023
UNIUSDT,1682712000000,2023,SHORT,0.0016491347076102586,-0.010665586541960434,1682715600000,0.0009073587411381554,0.0010889293272021117,-0.011900609255844642
UNIUSDT,1682737200000,2023,LONG,-0.006936895236522746,0.24095940487313963,1682740800000,0.00017925965809396577,-0.0008967806178978812,0.001075076254774108
UNIUSDT,1682881200000,2023,SHORT,0.26511416235833046,-0.13774348459988148,1682884800000,0.004197469435032418,0.008412631911811616,0.01949307768838371
UNIUSDT,1683295200000,2023,LONG,-0.028822307007761575,0.2512369176799143,1683298800000,0.005256015724889944,0.0012712250872013435,0.005617483287112386
UNIUSDT,1683381600000,2023,SHORT,0.0018275397442570206,-0.17219125549205785,1683385200000,0.006426028538866122,-0.00018837713157333322,0.009654594632650122
UNIUSDT,1684350000000,2023,LONG,-0.2944082882488044,0.32753678052873314,1684353600000,-0.002460957228774733,0.008659692669873965,0.012027959327401451
UNIUSDT,1684702800000,2023,SHORT,0.363421377105959,-0.4776502783798398,1684706400000,-0.0035238877499359734,0.004914980895928651,-0.006451004680371204
UNIUSDT,1686661200000,2023,LONG,-0.08148268569402008,0.004807904362966656,1686664800000,-0.009168067883987262,-0.03057917206001901,-0.022146233820832143
UNIUSDT,1686664800000,2023,SHORT,0.004807904362966656,-0.015720254303396342,1686668400000,0.028730225504764447,0.01882681987625951,0.010415555332366065
UNIUSDT,1686754800000,2023,LONG,-0.002649479767599246,0.008742165051229071,1686758400000,0.024203601740886184,0.020937403954265094,0.0163467302456663
UNIUSDT,1686772800000,2023,SHORT,0.08351629051537302,-0.09012170807389404,1686776400000,-0.016853052034034675,-0.030980431293245195,-0.0022941051584685706
UNIUSDT,1686801600000,2023,LONG,-0.08106521094689535,0.01248537469785974,1686805200000,-0.015473341431509385,-0.04371423326048007,-0.056165397115648025
UNIUSDT,1686805200000,2023,SHORT,0.01248537469785974,-0.0369153942384915,1686808800000,0.012550590560043226,0.03328734820147812,0.04114684312046195
UNIUSDT,1687680000000,2023,LONG,-0.01775294589504977,0.007351659646813865,1687683600000,-0.002412546405383878,0.0086740416509567,-0.013435544519477491
UNIUSDT,1687798800000,2023,SHORT,0.02998035378263493,-0.01841717328755701,1687802400000,-0.011062481688896173,-0.0028727396946835473,-0.012578782206860185
UNIUSDT,1688209200000,2023,LONG,-0.08229712420925811,0.002788689447011187,1688212800000,0.014004523534262021,0.029460212980756316,0.04934517765618364
UNIUSDT,1688425200000,2023,SHORT,0.014889836343905798,-0.02474614906173214,1688428800000,0.00563074778046825,-0.002351878062826622,-0.001990410500604352
UNIUSDT,1688511600000,2023,LONG,-0.036745902515349496,0.027213290857058734,1688515200000,-0.0010909091990984967,0.016579943686266693,-0.020191581722531833
UNIUSDT,1688518800000,2023,SHORT,0.035814578850871685,-0.013252211210446065,1688522400000,-0.003260872454697596,-0.014590910030410688,0.011313989300137064
UNIUSDT,1688526000000,2023,LONG,-0.013159648753322256,0.08359470646594643,1688529600000,-0.005556067702692001,0.015429941668107778,-0.04384263786417638
UNIUSDT,1688551200000,2023,SHORT,0.049350694259165766,-0.06733300181060109,1688554800000,0.004440340320671831,0.004254931958223485,0.003698913039256036
UNIUSDT,1688634000000,2023,LONG,-0.03126342248437531,0.10866928917611585,1688637600000,0.0003587443984662223,-0.03691265039876526,-0.03338203259022474
UNIUSDT,1688644800000,2023,SHORT,0.0994852761111549,-0.09221225603039444,1688648400000,0.006494131738876634,0.010597849491952657,0.021309217524017262
UNIUSDT,1688716800000,2023,LONG,-0.01180328323573322,0.015380094394692002,1688720400000,0.008932699994806434,0.005114166397735457,0.004385170557177034
UNIUSDT,1688774400000,2023,SHORT,0.029971899071156147,-0.04826436101958669,1688778000000,-0.000919709436667569,0.008686867305759361,0.023837255288608108
UNIUSDT,1689260400000,2023,LONG,-0.1582686397298922,0.08370426445942679,1689264000000,0.020278846550834093,0.04015462176781693,0.07456109645346812
UNIUSDT,1689364800000,2023,SHORT,0.03723804147283278,-0.05480748933828377,1689368400000,-0.006363423313064612,-0.005334263702501061,-0.011322817830264637
UNIUSDT,1689570000000,2023,LONG,-0.010790663341736537,0.060707409919224305,1689573600000,-0.009888017281415916,-0.04460085385970601,-0.05321120497190874
UNIUSDT,1689584400000,2023,SHORT,0.05021447252373697,-0.4054183103392965,1689588000000,0.006708548424341956,-0.0035937404981934186,-0.008535388110818255
UNIUSDT,1689638400000,2023,LONG,-0.005243698295044365,0.04236442422853874,1689642000000,0.010888791729636922,0.02593661597781889,0.01686887599610873
UNIUSDT,1689692400000,2023,SHORT,0.05742247478221098,-0.036379585263551624,1689696000000,0.0074324666473314545,0.00811089272491292,-0.009880344966959883
UNIUSDT,1689843600000,2023,LONG,-0.12491095906728687,0.08066911892930455,1689847200000,-0.000493542824857506,-0.002140447017914822,-0.019598700722195956
UNIUSDT,1689861600000,2023,SHORT,0.147765508948662,-0.18986203940144034,1689865200000,0.0003390980025710597,0.0011873464205542736,-0.04734416082351293
UNIUSDT,1689904800000,2023,LONG,-0.005587395883700664,0.19171347643845404,1689908400000,-0.002266473367824422,-0.004375665356047817,0.007571522276964097
UNIUSDT,1690066800000,2023,SHORT,0.18580479832318736,-0.231183589547154,1690070400000,-0.0020020026706729687,-0.00914311082203951,-0.01162224604766363
UNIUSDT,1690131600000,2023,LONG,-0.02641379196926852,0.01100956162316391,1690135200000,0.0009688358581173689,-0.011699840967792991,-0.030009630828480464
UNIUSDT,1690160400000,2023,SHORT,0.06799359568106884,-0.010135812013226409,1690164000000,0.0064500347654822925,0.009773953398364997,0.045013920372085695
UNIUSDT,1690610400000,2023,LONG,-0.04407692739975723,0.0819122631175306,1690614000000,0.00230187539982487,-0.0026372192637601996,0.02213992435055388
UNIUSDT,1690999200000,2023,SHORT,0.0037083869921768777,-0.1763879492781712,1691002800000,-0.0026028971910574687,-0.002765353531273327,-0.00016287971369170016
UNIUSDT,1691517600000,2023,LONG,-0.09938510502217214,0.08001447422761013,1691521200000,-0.004599219670920916,-0.00756707015933033,-0.0036118903164023245
UNIUSDT,1692144000000,2023,SHORT,0.03519118973027896,-0.0188123646561127,1692147600000,-0.001184132761216772,0.009182176399439348,0.029893997207955384
UNIUSDT,1692151200000,2023,LONG,-0.010779128845759588,0.0006856266988426762,1692154800000,-0.006954484818330759,-0.011389838387664651,-0.03736982399569097
UNIUSDT,1692154800000,2023,SHORT,0.0006856266988426762,-0.016899979505987737,1692158400000,0.0037510700419368394,0.005118591622576727,0.05097089285155961
UNIUSDT,1692158400000,2023,LONG,-0.016899979505987737,0.027574844620759993,1692162000000,0.0001708087799865583,-0.004966188817929855,-0.04990968366216255
UNIUSDT,1692187200000,2023,SHORT,0.011902313221321768,-0.057961621391597495,1692190800000,0.010695289116747919,0.029197862853646495,0.052266727100123464
UNIUSDT,1700733600000,2023,LONG,-0.002126829695323144,0.027777085735352237,1700737200000,0.004532952556988899,0.027526141792996152,0.04069867034953484
UNIUSDT,1700805600000,2023,SHORT,0.001255666927124354,-0.014214447464493584,1700809200000,0.015861904300466655,0.014086994596912112,0.022017763688042594
UNIUSDT,1700823600000,2023,LONG,-0.04042649364312211,0.02111805842102718,1700827200000,-0.009891593095806476,-0.02410142366845939,-0.021016254378763668
UNIUSDT,1700830800000,2023,SHORT,0.01119003441471911,-0.013345604758235033,1700834400000,-0.003536981179329242,0.0037111781198777803,-0.006421598564188822
UNIUSDT,1701126000000,2023,LONG,-0.09241911616586578,0.0007240195431212225,1701129600000,0.005858618609842311,0.035107747860521926,-0.02394650383025617
UNIUSDT,1701129600000,2023,SHORT,0.0007240195431212225,-0.0008996144071714058,1701133200000,0.0007897023232797102,-0.011303103070518324,0.02899218035809478
UNIUSDT,1701133200000,2023,LONG,-0.0008996144071714058,0.006077127192024393,1701136800000,0.026668247082161273,-0.01432689262076162,-0.01144504624587282
UNIUSDT,1701147600000,2023,SHORT,0.053884083620087925,-0.06607968380728146,1701151200000,-0.003201027061078784,0.011122867958110027,-0.004318970162419914
UNIUSDT,1708700400000,2024,LONG,-0.19203976640759987,0.44088406075141,1708704000000,-0.0022827051176418796,-0.03316698768797678,0.07099618375365674
UNIUSDT,1708826400000,2024,SHORT,0.3974060206788119,-0.005451125785361636,1708830000000,0.026321032719094816,0.021743056197259168,0.020887013913566187
UNIUSDT,1708902000000,2024,LONG,-0.0009535251597776701,0.00816580416258125,1708905600000,-0.006117327460969788,-0.00431422563815819,-0.05408216906510256
UNIUSDT,1708905600000,2024,SHORT,0.00816580416258125,-0.031119069374892516,1708909200000,0.014999599433950255,0.0068809687522614,0.04588002935772021
UNIUSDT,1708912800000,2024,LONG,-0.021828497713870024,0.05446567196358857,1708916400000,-0.014930320702242657,-0.035129351542415664,-0.0565896019369657
UNIUSDT,1708916400000,2024,SHORT,0.05446567196358857,-0.05133798138124526,1708920000000,0.008503760309255466,0.040630588643510344,0.029992190438454736
UNIUSDT,1709161200000,2024,LONG,-0.049508287084667695,0.010938191914284955,1709164800000,0.003467156757942425,-0.007891397164397773,0.010817795599535957
UNIUSDT,1709172000000,2024,SHORT,0.0070133087668604495,-0.013601191711459865,1709175600000,0.00027633215300417016,-0.011992636981527669,0.0025820744703600965
UNIUSDT,1709175600000,2024,LONG,-0.013601191711459865,0.016989143864403262,1709179200000,0.002116792470500181,0.002668263072711457,0.006886131053323377
UNIUSDT,1709179200000,2024,SHORT,0.016989143864403262,-0.004109645213727605,1709182800000,-0.03647271929968851,-0.009972179066349335,-0.05230418451636925
UNIUSDT,1709182800000,2024,LONG,-0.004109645213727605,0.12772065813514005,1709186400000,-0.026136473605125703,-0.024590667432345746,0.030814640764716465
UNIUSDT,1709190000000,2024,SHORT,0.05522372764107383,-0.16611025146947334,1709193600000,-0.009328767122648844,-0.016133057380264246,-0.06069488544017508
UNIUSDT,1709222400000,2024,LONG,-0.28184588959972634,0.043975312343132754,1709226000000,0.014983175548035774,0.007129845002181084,-0.03833454396258373
UNIUSDT,1709240400000,2024,SHORT,0.04934354350721395,-0.002498029877980895,1709244000000,0.033182850401574156,0.011057656124690188,0.027560272788832278
UNIUSDT,1709298000000,2024,LONG,-0.10043538953578222,0.0310834762109995,1709301600000,0.032764640566407634,0.015662970809183618,-0.00539225519464916
UNIUSDT,1709341200000,2024,SHORT,0.10010174162732563,-0.08908140458486327,1709344800000,0.0034943688915907425,-0.10228611632461562,-0.058760764942695005
UNIUSDT,1709348400000,2024,LONG,-0.06896860537779358,0.2221543281717435,1709352000000,-0.002148912443002437,-0.010871410028483557,-0.01975174609740758
UNIUSDT,1709366400000,2024,SHORT,0.05205360560800843,-0.07030657936903484,1709370000000,0.025949887713912174,0.017994923655982854,-0.01576355626897157
UNIUSDT,1709467200000,2024,LONG,-0.03123228892832591,0.001953977829900764,1709470800000,-0.01620704881664549,0.0009315324381114853,-0.011168064845263151
UNIUSDT,1709470800000,2024,SHORT,0.001953977829900764,-0.009747542961388187,1709474400000,0.007606407008872032,-0.006530057427943103,-0.0037029784286400375
UNIUSDT,1709474400000,2024,LONG,-0.009747542961388187,0.009606554237404311,1709478000000,0.019141224786817592,0.010600526446400466,-0.008225241022259213
UNIUSDT,1709478000000,2024,SHORT,0.009606554237404311,-0.02171253191893007,1709481600000,-0.0056022555486697516,0.010826182464028701,0.036876397043583024
UNIUSDT,1709481600000,2024,LONG,-0.02171253191893007,0.12412208226796355,1709485200000,-0.010608523826813963,-0.021568617769617195,-0.03489735972764715
UNIUSDT,1709510400000,2024,SHORT,0.07064047397263613,-0.06892240097252102,1709514000000,0.0014145385462773533,0.022876295447807487,-0.011788262509494832
UNIUSDT,1709553600000,2024,LONG,-0.10780452372284308,0.09619596713053596,1709557200000,-0.008965873026408305,-0.030577638371622255,-0.033141742340559895
UNIUSDT,1709564400000,2024,SHORT,0.09505024654081805,-0.03604915193232814,1709568000000,0.023333205519925966,0.03549067582011325,0.014251648640427956
UNIUSDT,1709611200000,2024,LONG,-0.06283957558365215,0.0918640179759943,1709614800000,0.01749672170620036,0.014158580377139955,0.013626483522960397
UNIUSDT,1709625600000,2024,SHORT,0.04632335282663673,-0.005039951592230575,1709629200000,-0.018299392374285177,-0.0006837607104006278,0.09487707707242686
UNIUSDT,1709629200000,2024,LONG,-0.005039951592230575,0.056458238712698415,1709632800000,-0.005386815360361584,-0.014732677778599367,-0.05340833277885153
UNIUSDT,1709636400000,2024,SHORT,0.05942914302280107,-0.07015127155296799,1709640000000,-0.0037283665026628604,-0.020896170125028358,-0.005701053030095665
UNIUSDT,1709683200000,2024,LONG,-0.03928798186579414,0.0036267548524923465,1709686800000,-0.020910449012000593,0.09387915693467752,0.17854739002494144
UNIUSDT,1709686800000,2024,SHORT,0.0036267548524923465,-0.07317747751107861,1709690400000,0.02000381712413919,-0.11915960561779639,-0.21000498554237135
UNIUSDT,1709694000000,2024,LONG,-0.02073362880779931,0.08120322640732384,1709697600000,0.0756438693632538,0.10597515764822825,0.16655217364087507
UNIUSDT,1709776800000,2024,SHORT,0.020643299353763214,-0.12221010245943022,1709780400000,0.01127919322459256,0.0073270160603188025,0.015044916187166732
UNIUSDT,1709787600000,2024,LONG,-0.038911809774030054,0.06280330045596547,1709791200000,0.004892279301736134,0.003219534607391854,0.003018617083359377
UNIUSDT,1709809200000,2024,SHORT,0.012269626942240586,-0.01659031887242382,1709812800000,0.002831526195738452,-0.017815316883427582,-0.0025549667633658615
UNIUSDT,1709888400000,2024,LONG,-0.07123130820768052,0.000982686508804634,1709892000000,-6.558452207623554e-05,-0.022147977790243252,-0.04534646776552889
UNIUSDT,1709895600000,2024,SHORT,0.011752186917435322,-0.03300250174606987,1709899200000,0.0004647611543340322,0.03629635072332703,0.03148963955282395
UNIUSDT,1710972000000,2024,LONG,-0.012515928811323889,0.0009705357394287915,1710975600000,-0.0006708595639443648,-8.383283737138174e-05,0.012247601544783602
UNIUSDT,1710975600000,2024,SHORT,0.0009705357394287915,-0.015507593277054931,1710979200000,0.0024358501817619573,0.003950746953548544,-0.012588220081786304
UNIUSDT,1711018800000,2024,LONG,-0.042930987717149614,0.004818352825853565,1711022400000,-0.0011604775838162608,-0.0009946125975345724,0.010302147407018373
UNIUSDT,1711022400000,2024,SHORT,0.004818352825853565,-0.038853813318296425,1711026000000,0.0046550374998926905,-0.009902705119168503,-0.010887603425966279
UNIUSDT,1713038400000,2024,LONG,-0.07568150631358574,0.05175202726794624,1713042000000,0.04852789336561122,0.08593099659067938,0.16079246430948801
UNIUSDT,1713243600000,2024,SHORT,0.0016997123035702366,-0.0008237411168192123,1713247200000,-0.02292162506264551,-0.028052330348099896,-0.004258345682577025
UNIUSDT,1713250800000,2024,LONG,-0.0029710854510194887,0.0271654079771914,1713254400000,-0.0019291724324087907,0.005080683774956534,-0.028910609280298986
UNIUSDT,1713261600000,2024,SHORT,0.032590295972894055,-0.006111369740427541,1713265200000,-0.01740856342826391,0.018994591475733773,-0.004866189651172906
UNIUSDT,1713272400000,2024,LONG,-0.0020830813059968625,2.941875761170833e-05,1713276000000,-0.010175328041652451,-0.00733844670645286,0.0036491268563652065
UNIUSDT,1713276000000,2024,SHORT,2.941875761170833e-05,-0.009443207502527183,1713279600000,0.0250228758984569,-0.013542314451934085,-0.009611381410349768
UNIUSDT,1713286800000,2024,LONG,-0.02702907301753716,0.0050561624946610945,1713290400000,0.010705835454720404,0.02115962080686095,0.007477988992053763
UNIUSDT,1713337200000,2024,SHORT,0.015028110507313031,-0.002102001791619938,1713340800000,0.0019796386555613866,0.02590114027740299,0.016522238831642427
UNIUSDT,1716577200000,2024,LONG,-0.23751395093611952,0.011242966747743348,1716580800000,0.014676451565469532,0.0135023980111791,0.07647949518053926
UNIUSDT,1716584400000,2024,SHORT,0.06659676472321308,-0.01968953475496606,1716588000000,-0.0012966936134389448,-0.04364861767288999,-0.08711949903457245
UNIUSDT,1716591600000,2024,LONG,-0.0028987009926029145,0.06180134181165473,1716595200000,0.00799536240502857,0.05253579186918019,0.07176273069164965
UNIUSDT,1716861600000,2024,SHORT,0.23975378076595752,-0.04445948341449267,1716865200000,0.007939480405544808,0.0007359028940331267,0.010445165907519881
UNIUSDT,1716901200000,2024,LONG,-0.0722244926339212,0.0037460754757951123,1716904800000,-0.007129329766384942,0.022261661959903183,0.021268658041700847
UNIUSDT,1716904800000,2024,SHORT,0.0037460754757951123,-0.0136545443378678,1716908400000,-0.006851878658696847,-0.020052180333414937,-0.018229191951425156
UNIUSDT,1716912000000,2024,LONG,-0.0016006622731671403,0.02406979050220988,1716915600000,0.01106888455992958,0.01242139367012316,0.016019166933890508
UNIUSDT,1716987600000,2024,SHORT,0.026292080038940322,-0.012579801822765534,1716991200000,0.006149789948223798,-0.000282925451031482,0.00047172037291545336
UNIUSDT,1717056000000,2024,LONG,-0.009883802233001086,0.023057129575363534,1717059600000,0.010879867215876865,0.025511112573990084,0.006954261651215532
UNIUSDT,1717174800000,2024,SHORT,0.21540501288245004,-0.2804495318611426,1717178400000,-0.00029361389983395965,0.008651253328417732,0.01857393843419111
UNIUSDT,1717203600000,2024,LONG,-0.01074673647008769,0.024333647821097287,1717207200000,0.0021982422920823943,0.0030961323110034428,-0.008538903658202198
UNIUSDT,1717362000000,2024,SHORT,0.011693006672312347,-0.0004115010103295853,1717365600000,-0.0011660572689226295,-0.021199240736149563,-0.024413177461487662
UNIUSDT,1717376400000,2024,LONG,-0.0581405321340257,0.12588869108279419,1717380000000,0.00020766275643093938,0.002281921952750942,0.013101750315778683
UNIUSDT,1717642800000,2024,SHORT,0.19299391716620692,-0.004189124852703013,1717646400000,0.007799482434823751,0.0037992910455678826,0.006402248729795794
UNIUSDT,1717675200000,2024,LONG,-0.15763963791081873,0.0024821993105934967,1717678800000,-0.004661578458226785,-0.004568133613978088,-0.005877156708800984
UNIUSDT,1717678800000,2024,SHORT,0.0024821993105934967,-0.015672252009254584,1717682400000,-0.002053580484599927,0.0009348416124403382,0.003932221151414395
UNIUSDT,1717686000000,2024,LONG,-0.03187253442972167,0.017117849381477906,1717689600000,-0.003730651594154851,-0.02278603431978999,-0.00625673236857932
UNIUSDT,1717696800000,2024,SHORT,0.01688296461651753,-0.025497202611172082,1717700400000,0.012587115505471367,-0.0035674089654787137,-0.007028752989157045
UNIUSDT,1717812000000,2024,LONG,-0.14326797161283003,0.13440301581026964,1717815600000,-0.0014120022517441044,0.0016112793012717122,0.0033204236373023262
UNIUSDT,1717934400000,2024,SHORT,0.0020738970308513596,-0.0010630029469453515,1717938000000,0.01100632103242563,0.009585866248134583,0.017525647371951426
UNIUSDT,1718024400000,2024,LONG,-0.059418921477898276,0.03314819818426106,1718028000000,0.01082809963723644,0.03888644296380367,0.01161822313513229
UNIUSDT,1718067600000,2024,SHORT,0.01430106118500959,-0.0627549669389892,1718071200000,0.021658613977249025,0.05093998522797246,0.10067605116691668
UNIUSDT,1718172000000,2024,LONG,-0.025463572814050893,0.004018799757342532,1718175600000,0.009851252805936383,0.03503992838848724,0.06819772185754004
UNIUSDT,1718672400000,2024,SHORT,0.024911250312981595,-0.157079380974099,1718676000000,0.005210954771770333,0.013686436845826704,0.058552806490268165
UNIUSDT,1718758800000,2024,LONG,-0.14959745190812737,0.010459462116723895,1718762400000,0.01804337834029725,0.01412717987524719,0.006050705361898737
UNIUSDT,1719590400000,2024,SHORT,0.2716054901765722,-0.20962819807785413,1719594000000,0.01422373613488782,0.006700744575315356,0.013779637093504339
UNIUSDT,1719784800000,2024,LONG,-0.06504563409349017,0.050208933613535095,1719788400000,-0.004724587334510566,0.014041290153068197,-0.004616962085523355
UNIUSDT,1720656000000,2024,SHORT,0.11284211124466446,-0.037079912304507294,1720659600000,-0.010971310648179633,0.004901046568118922,-0.015795366017389588
UNIUSDT,1720699200000,2024,LONG,-0.11948112429547475,0.027962117512514918,1720702800000,0.0013564340201722982,-0.02498880650081547,-0.031080195894217368
UNIUSDT,1720710000000,2024,SHORT,0.005046576273170778,-0.05165819416595295,1720713600000,-0.00966191091173689,-0.009282284206766406,-0.003697804659854684
UNIUSDT,1720796400000,2024,LONG,-0.029729778025702234,0.027484327877006696,1720800000000,0.0033179753941819726,-0.004564809604453275,-0.0009852217545700476
UNIUSDT,1721116800000,2024,SHORT,0.13194145625259415,-0.10791136491849726,1721120400000,-0.009250065955273678,-0.008129617658784049,-0.02407064104313565
UNIUSDT,1721142000000,2024,LONG,-0.06951636165659046,0.19626991633193297,1721145600000,-0.007950891180739746,-0.014503517465894775,-0.012314534468513228
UNIUSDT,1721232000000,2024,SHORT,0.17251435930551257,-0.06973931157276285,1721235600000,0.0007553821333627334,-0.008396565403526353,-0.004269754069310304
UNIUSDT,1721325600000,2024,LONG,-0.007241413994860035,0.017423777012190687,1721329200000,0.0001291739328800315,0.012452821554863425,0.008617970888215127
UNIUSDT,1721343600000,2024,SHORT,0.006234564819064577,-0.00254865471004715,1721347200000,0.009749916876367063,-0.005982325484686255,0.005504718502444567
UNIUSDT,1721350800000,2024,LONG,-0.0027117834578951634,0.03020469947037195,1721354400000,-0.0008972634069897823,0.003197956035316293,0.010958315571502604
UNIUSDT,1721858400000,2024,SHORT,0.06604932858545237,-0.08115583195674554,1721862000000,-0.0018890843561480467,0.029329222978295707,0.03337075868644843
UNIUSDT,1721959200000,2024,LONG,-0.13115960739873267,0.022875431760737565,1721962800000,0.00013454423161901268,0.02550616484036352,0.018398065937820063
UNIUSDT,1722106800000,2024,SHORT,0.05004298363352042,-0.0011594599527507072,1722110400000,0.002866078043217506,0.002605185790237576,0.0177181615237955
UNIUSDT,1722114000000,2024,LONG,-0.16030817270685402,0.010249276788066626,1722117600000,-0.0031039859375911073,-0.017849473959111708,-0.025768216671544573
UNIUSDT,1722124800000,2024,SHORT,0.0015488511815677556,-0.020397794526730892,1722128400000,0.0028878990929281025,0.01638731002266692,0.0006556087561912192
UNIUSDT,1722232800000,2024,LONG,-0.05199355012029513,0.058634565495834796,1722236400000,0.00307023395838178,0.0008964590470372057,-0.004623097999111589
UNIUSDT,1722272400000,2024,SHORT,0.008613316243572353,-0.0027780095986941616,1722276000000,-0.0005149993676334774,0.006459970785526231,0.02213632055291426
UNIUSDT,1726588800000,2024,LONG,-0.03231082675115281,0.0012733756641893437,1726592400000,-0.007892700798909042,-0.030034901836845724,-0.055545347656935216
UNIUSDT,1726592400000,2024,SHORT,0.0012733756641893437,-0.03918361008222766,1726596000000,0.008827204412194308,0.016707005872931346,0.04614275679313013
UNIUSDT,1727236800000,2024,LONG,-0.01879492900780701,0.01707319008929946,1727240400000,-0.0024479816386401127,-0.009247284505821943,-0.005624879617448051
UNIUSDT,1727240400000,2024,SHORT,0.01707319008929946,-0.006124982483079346,1727244000000,0.011892816025823616,0.01422994826113116,0.011601058182762055
UNIUSDT,1727344800000,2024,LONG,-0.01778406221046291,0.02168237131654887,1727348400000,0.0007040766326200101,0.0030942359427389215,0.038684199018980715
UNIUSDT,1727802000000,2024,SHORT,0.08592488969492748,-0.12663074343569602,1727805600000,0.0015586258911614165,0.012250865469685603,0.00141683220074301
UNIUSDT,1727852400000,2024,LONG,-0.06068739204161115,0.08741561711126049,1727856000000,0.012848142477849059,-0.02548895294448859,-0.07594931728377122
UNIUSDT,1727942400000,2024,SHORT,0.04798191781364694,-0.07510635155729896,1727946000000,-0.01504480326776492,-0.01519716100402361,-0.00555299899851101
UNIUSDT,1728018000000,2024,LONG,-0.06858395823868191,0.009473448045583104,1728021600000,-0.008935279105812797,-0.007589886870584339,-0.0032670061728195567
UNIUSDT,1728046800000,2024,SHORT,0.045764925847052204,-0.046202305411020876,1728050400000,0.0006017752551093252,-0.011068016066581778,-0.010472866517694976
UNIUSDT,1728259200000,2024,LONG,-0.0391449623037809,0.014019251196017081,1728262800000,0.019908668807452054,0.004427847278566616,0.011170218881794048
UNIUSDT,1728363600000,2024,SHORT,0.04770847586553217,-0.011232869437251939,1728367200000,-0.0013972337050278507,-0.0018160234089222374,0.006874807855540154
UNIUSDT,1728367200000,2024,LONG,-0.011232869437251939,0.010910217222250312,1728370800000,-0.009682247812841318,-0.004198158978636072,-0.012223545241513816
UNIUSDT,1728370800000,2024,SHORT,0.010910217222250312,-0.01565082198098294,1728374400000,-0.006326020955848521,-0.007726385279358372,-0.0026758694932898183
UNIUSDT,1728374400000,2024,LONG,-0.01565082198098294,0.003986696881701178,1728378000000,0.003915541291204992,-0.007171513545649966,0.0040550988938319165
UNIUSDT,1728378000000,2024,SHORT,0.003986696881701178,-0.010559804401829674,1728381600000,0.004756584233968615,-0.0023698345237559266,-0.003483110452820178
UNIUSDT,1728392400000,2024,LONG,-0.0009616167670541453,0.0064805814572897824,1728396000000,-0.005865119452398134,-0.011060665788218323,0.0025031302181184748
UNIUSDT,1728399600000,2024,SHORT,0.013975056029286006,-0.015471826273623932,1728403200000,-0.007881814202253375,-0.00465215472150189,-0.007881814202253375
UNIUSDT,1728414000000,2024,LONG,-0.0033051767447804304,0.0036475296382511694,1728417600000,0.00784537506761248,0.008682311927736934,0.0004218519362285388
UNIUSDT,1728428400000,2024,SHORT,0.0013376712461504417,-0.014825041131947433,1728432000000,-0.00027882336720438684,0.005452652446985347,-0.00985092947030261
UNIUSDT,1728435600000,2024,LONG,-0.017936759608194547,0.03749328499727523,1728439200000,-0.009629548975843007,-0.003896470279123235,-0.006129860375536968
UNIUSDT,1728856800000,2024,SHORT,0.04270480894220097,-0.008123133212573484,1728860400000,-0.009816190332306405,-0.0066854807572108614,-0.05002325239758256
UNIUSDT,1728860400000,2024,LONG,-0.008123133212573484,0.018745290862404288,1728864000000,-0.010079278994702555,0.013582771398645136,0.04407795408102824
UNIUSDT,1728874800000,2024,SHORT,0.02036644224681474,-0.096837849759333,1728878400000,-0.012639810795560792,-0.00946298621643348,-0.055479560209542075
UNIUSDT,1728896400000,2024,LONG,-0.01707968522204462,0.025475118416983734,1728900000000,0.0060233586552027076,0.01486691134033357,0.02166419389163007
UNIUSDT,1730646000000,2024,SHORT,0.056892746594682006,-0.006479299836371488,1730649600000,0.0025862083380330785,-0.0002869440478798908,-0.008145811387253498
UNIUSDT,1730667600000,2024,LONG,-0.005063549149470301,0.0008931617693713868,1730671200000,-0.0024016399196375043,-0.0024016399196375043,-0.027900801162435703
UNIUSDT,1730671200000,2024,SHORT,0.0008931617693713868,-0.0033853321623409094,1730674800000,0.0038268064559562162,-0.004094027035487776,0.021736877570369396
UNIUSDT,1730674800000,2024,LONG,-0.0033853321623409094,0.018284591589436985,1730678400000,-0.004555168018808458,-0.0021326516933609613,-0.014016247765859895
UNIUSDT,1730703600000,2024,SHORT,0.01043952633946721,-0.00759784692695187,1730707200000,0.0001452960409385811,-0.008679354354909226,0.006559312199117572
UNIUSDT,1730808000000,2024,LONG,-0.04273407912223261,0.07382869431250744,1730811600000,-0.0045409472097608814,0.01865542566150152,0.07169816164598267
UNIUSDT,1730811600000,2024,SHORT,0.07382869431250744,-0.0200826869315834,1730815200000,-0.017904192933886922,-0.019160913060188568,-0.08360349043817338
UNIUSDT,1730815200000,2024,LONG,-0.0200826869315834,0.028657813635004328,1730818800000,-0.011099516833188793,-0.0008386916902016027,0.09598316579225379
UNIUSDT,1731528000000,2024,SHORT,0.0062241606698402435,-0.020111452057286174,1731531600000,0.003992021269537561,0.0016418439245840224,-0.016387141067114638
UNIUSDT,1731531600000,2024,LONG,-0.020111452057286174,0.029986729634784475,1731535200000,0.011693304424946224,0.01389965729118951,0.017720211866094515
UNIUSDT,1731574800000,2024,SHORT,0.03234478921346006,-0.019510243676025933,1731578400000,0.018426177303109983,0.027768171573254046,0.01995748097709524
UNIUSDT,1731722400000,2024,LONG,-0.017523659467850044,0.043558599089152154,1731726000000,0.010485621487930362,0.00331713200931771,0.02935410579231309
UNIUSDT,1732608000000,2024,SHORT,0.03525571696988379,-0.10141829537285263,1732611600000,0.0036473095963237344,0.023296481964106813,0.013008611439906137
UNIUSDT,1732629600000,2024,LONG,-0.020328090622187812,0.11288390818397569,1732633200000,-0.02948121593350396,-0.04909244731177868,0.016907859061662176
UNIUSDT,1733108400000,2024,SHORT,0.10658929469188408,-0.03252776406087596,1733112000000,-0.009480953828481402,-0.019026095962717978,-0.10907812243655672
UNIUSDT,1733115600000,2024,LONG,-0.01658298713535456,0.01605445739900434,1733119200000,0.012344883260813828,0.017698215103313878,0.05827916158213768
UNIUSDT,1733572800000,2024,SHORT,0.030385629872023666,-0.006218446127984015,1733576400000,-0.003100599636066048,-0.013480526298400578,-0.049532011073667906
UNIUSDT,1733594400000,2024,LONG,-0.04264019416898135,0.02849517246939247,1733598000000,0.005258259931696929,0.012114530467766418,0.02020270731751947
UNIUSDT,1733734800000,2024,SHORT,0.025695739641975655,-0.03940233193629794,1733738400000,-0.007888910747199345,0.001378359970121382,0.1111547414961902
UNIUSDT,1733803200000,2024,LONG,-0.013491362248404344,0.04033238644216095,1733806800000,-0.0041823565774785285,0.0072294867193088115,-0.036619758003983705
UNIUSDT,1733806800000,2024,SHORT,0.04033238644216095,-0.03730121673185365,1733810400000,-0.011093768590211729,-0.021813480514607013,0.09702689626432547
UNIUSDT,1733814000000,2024,LONG,-0.02040246798195446,0.009916791360286316,1733817600000,6.374908362848354e-05,0.026919864564529484,-0.05301941872765116
ZECUSDT,1673078400000,2023,LONG,-0.21692203362387966,0.08661333358646607,1673082000000,-0.007606407008872032,-0.012869577053146633,-0.00903907201036779
ZECUSDT,1673082000000,2023,SHORT,0.08661333358646607,-0.0021590990758578155,1673085600000,0.0007160759346438621,0.0019106764828729923,0.005263170044274644
ZECUSDT,1673427600000,2023,LONG,-0.03597902347298029,0.01262547836304888,1673431200000,-0.00022704052770926224,-0.01578799525079773,-0.012334555649599786
ZECUSDT,1673438400000,2023,SHORT,0.011205148447618376,-0.0031598399471502937,1673442000000,0.0078107449701538285,0.0222128522105429,-0.028425103483891143
ZECUSDT,1673492400000,2023,LONG,-0.039211490320488214,0.0021908277616701,1673496000000,0.006016731242857781,-0.0004471272151398547,-0.01895363598085794
ZECUSDT,1673532000000,2023,SHORT,0.010263003917824406,-0.026760534999984275,1673535600000,-0.01007334525284195,-0.03615396017581482,-0.03393223075715216
ZECUSDT,1673535600000,2023,LONG,-0.026760534999984275,0.02641554468390155,1673539200000,0.010651658782023577,0.03536626413677657,0.030295147547777
ZECUSDT,1673586000000,2023,SHORT,0.0069841622179869335,-0.005568310799754677,1673589600000,-0.0013392859144738026,-0.00579066206060601,0.013718870284034403
ZECUSDT,1673589600000,2023,LONG,-0.005568310799754677,0.021169738200510768,1673593200000,-0.003351583966348101,0.0015602365808605988,-0.020280100179659862
ZECUSDT,1673910000000,2023,SHORT,0.011602563170887707,-0.023911832518351977,1673913600000,0.004237294475515267,0.001645703909689806,-0.02688458558476809
ZECUSDT,1673928000000,2023,LONG,-0.017287797182700612,0.013133031179751205,1673931600000,0.005354453486471174,0.01505878102999896,0.010680389428896106
ZECUSDT,1673960400000,2023,SHORT,0.009305795608788052,-0.02805369304914467,1673964000000,-0.004373352579850442,-0.00460300007196094,-0.036021563530632156
ZECUSDT,1673974800000,2023,LONG,-0.014707177351506617,0.007145833624586121,1673978400000,0.009145011150062742,0.03874358439898986,0.03142566727566724
ZECUSDT,1674266400000,2023,SHORT,0.05771725352256958,-0.03714829664666383,1674270000000,0.006353131318607825,0.014818134895638956,0.004299320779459272
ZECUSDT,1691074800000,2023,LONG,-0.014534963637474073,0.019906789962732232,1691078400000,-0.000670016775484218,0,-0.0077324305255704814
ZECUSDT,1691082000000,2023,SHORT,0.0037910545753976153,-0.004940936342101185,1691085600000,0.0003367570329854649,-0.0020181641562371953,0.001010611505923392
ZECUSDT,1691092800000,2023,LONG,-0.0032993474682726015,0.012941083556958456,1691096400000,-0.0023493885617659445,-0.0013418318014661516,-0.015540853316128386
ZECUSDT,1691100000000,2023,SHORT,0.0015326551527725524,-0.03103728683399079,1691103600000,0.0026936043222229563,0.0003363040220026571,0.013200394757903494
ZECUSDT,1716595200000,2024,LONG,-0.01820414872435785,0.015493394234361295,1716598800000,-0.005433811594952767,-0.010897310889166002,-0.025984993597830304
ZECUSDT,1716598800000,2024,SHORT,0.015493394234361295,-0.060349725775604345,1716602400000,0.007291319214539435,0.003639014205004093,0.021664148172298017
ZECUSDT,1717012800000,2024,LONG,-0.03189833678578299,0.004423622904705574,1717016400000,-0.0011068069751911064,-0.008888947417246152,-0.020112409787095636
ZECUSDT,1717016400000,2024,SHORT,0.004423622904705574,-0.006548189604484222,1717020000000,0.002217295808647446,0.0007385524707938714,0.010016778243471232
ZECUSDT,1717023600000,2024,LONG,-0.017849560460665423,0.021381607344680538,1717027200000,0.0007443245598572956,0.014048290186219982,-0.005974625688887695
ZECUSDT,1717048800000,2024,SHORT,0.07175032178694844,-0.02963087817227016,1717052400000,0.007171195102657986,-0.01196275948388601,-0.015301660749400576
ZECUSDT,1717059600000,2024,LONG,-0.03705285209484056,0.0560150986281036,1717063200000,0.003350086885282027,0.0029784087542608544,-0.004484312447328687
ZECUSDT,1717099200000,2024,SHORT,0.02565617404128765,-0.021954441714352107,1717102800000,-0.003752349618550372,0.0026350476380051138,-0.010843254493119804
ZECUSDT,1717102800000,2024,LONG,-0.021954441714352107,0.002227159978075474,1717106400000,0,-0.008654804729623182,0.0022455099255828236
ZECUSDT,1717113600000,2024,SHORT,0.02227988066903901,-0.007701463296351617,1717117200000,0.002265006630852125,-0.007138861804207717,-0.01793770068666725
ZECUSDT,1717124400000,2024,LONG,-0.0013756095265883234,0.045945014974636336,1717128000000,0.005631702513636523,0.006006024060211949,-0.0003765769202852117
ZECUSDT,1717167600000,2024,SHORT,0.023437324610800225,-0.023015452524162667,1717171200000,-0.009002311358964999,-0.016813398125851756,-0.015330268450944814
ZECUSDT,1717171200000,2024,LONG,-0.023015452524162667,0.020763721414529857,1717174800000,0.001119611984841393,0.0066989457810797655,0.0014925375905060505
ZECUSDT,1717178400000,2024,SHORT,0.0011112423594286185,-0.008291530639446447,1717182000000,-0.005945762592380577,-0.002233805843240554,0.01124449628788438
ZECUSDT,1717182000000,2024,LONG,-0.008291530639446447,0.04960527820941735,1717185600000,-0.0011121409858069514,-0.0003705762503033358,-0.021345127935733847
ZECUSDT,1717200000000,2024,SHORT,0.016724298109713168,-0.0016365540364979933,1717203600000,0.0014858843744245515,0.004464293128685493,-0.0025949968223063073
ZECUSDT,1717279200000,2024,LONG,-0.03650012743382303,0.008005901619529344,1717282800000,0.001848771094157055,0.008476188577200281,-0.015290247542454942
ZECUSDT,1717304400000,2024,SHORT,0.07059075282085234,-0.0809783907620222,1717308000000,0.004862549322888046,0.010879867215876837,0.011634584232832708
ZECUSDT,1717318800000,2024,LONG,-0.03951499888578943,0.006159667017837682,1717322400000,0.003765064688663649,0.007890328367510798,-0.003779293991893329
ZECUSDT,1717354800000,2024,SHORT,0.04478542924765012,-0.013544900075100931,1717358400000,-0.0018942987289839184,-0.0007581501500374155,-0.00868421542245815
ZECUSDT,1717358400000,2024,LONG,-0.013544900075100931,0.0059252555095638355,1717362000000,0,-0.006457762233152575,0.011669622359404148
ZECUSDT,1717362000000,2024,SHORT,0.0059252555095638355,-0.004645316915756556,1717365600000,0.0011365790198723255,-0.011295300812828594,-0.006792478945887693
ZECUSDT,1717376400000,2024,LONG,-0.026250965703716274,0.15227191251113234,1717380000000,0.0022438304103915793,-0.0018737123713069507,-0.010160012138383913
ZECUSDT,1717423200000,2024,SHORT,0.024389939865036955,-0.1151163924155314,1717426800000,-0.0026990569691649835,0.007362947427693893,0.0124321725547955
ZECUSDT,1717524000000,2024,LONG,-0.02017019956162783,0.045113043841076984,1717527600000,0.023743342619320106,0.046572021771628724,0.038531042773699446
ZECUSDT,1717581600000,2024,SHORT,0.12117566281577528,-0.12474036537613345,1717585200000,0.002966260981016752,0.01717742011657645,0.02057300911771458
ZECUSDT,1717628400000,2024,LONG,-0.26282630606763735,0.011817529747968628,1717632000000,0.00488998529419177,-0.007950070265460478,-0.004156439008620894
ZECUSDT,1717632000000,2024,SHORT,0.011817529747968628,-0.0036120450986654815,1717635600000,0.004136121707792056,0.01398095699544364,0.004136121707792056
ZECUSDT,1717693200000,2024,LONG,-0.06563666616059917,0.04704470236899842,1717696800000,0.0011063987851850344,-0.011505044329137914,-0.014870162479451506
ZECUSDT,1717700400000,2024,SHORT,0.04744059872719371,-0.007991465607216707,1717704000000,-0.0003727865840002372,0.0018660203212713161,-0.002606592427240802
ZECUSDT,1717822800000,2024,LONG,-0.005883391803642845,0.011876377541996873,1717826400000,-0.0011997601919040602,-0.017742400900876396,-0.05631239010082318
ZECUSDT,1717833600000,2024,SHORT,0.008447282926115959,-0.009222216918416433,1717837200000,0.004870139496042774,0.02210487056731725,0.04640434852470672
ZECUSDT,1718002800000,2024,LONG,-0.0431560278811493,0.013757903669756006,1718006400000,0.014909754366287064,0.013640450197561464,0.014909754366287064
ZECUSDT,1718013600000,2024,SHORT,0.05800505706541509,-0.006212321420608409,1718017200000,0.001692047781024449,-0.01301718989605226,0.002115507452819195
ZECUSDT,1718017200000,2024,LONG,-0.006212321420608409,0.0026333648714529194,1718020800000,-0.0029679903067895254,0.02343203441743042,-0.002543451985830367
ZECUSDT,1718020800000,2024,SHORT,0.0026333648714529194,-0.02558178619467585,1718024400000,-0.00761424998524544,-0.023915551396557932,-0
ZECUSDT,1718028000000,2024,LONG,-0.012783844175863424,0.041491840250100664,1718031600000,0.00914007193939798,-0.005860209320094531,-0.028791150384011522
ZECUSDT,1718049600000,2024,SHORT,0.03535333616742402,-0.006148497484944803,1718053200000,-0.0029705092922933567,-0.0008496177231555701,0.021044366911580674
ZECUSDT,1718053200000,2024,LONG,-0.006148497484944803,0.02711336676702139,1718056800000,0.00042363906585718615,-0.012793351459909582,-0.027928775525010264
ZECUSDT,1718071200000,2024,SHORT,0.034562135257207,-0.036509755951818594,1718074800000,-0.002145463170101298,0.012970350442627517,0.03141619623337904
ZECUSDT,1718128800000,2024,LONG,-0.028386750856535897,0.01844051379328711,1718132400000,0.002644338253090202,0,0.019664168686429034
ZECUSDT,1718136000000,2024,SHORT,0.028284538925546106,-0.017647874254974046,1718139600000,-0.0017652255245691492,-0.000441598594060845,-0.028305830561267425
ZECUSDT,1718139600000,2024,LONG,-0.017647874254974046,0.0163067484938649,1718143200000,-0.0008822232596910375,-0.002207019214105356,0.03381336436577811
ZECUSDT,1718319600000,2024,SHORT,0.02481164482044825,-0.06699549746919636,1718323200000,0.0013183917532583356,-0.010485023971626347,-0.034955015033576634
ZECUSDT,1718334000000,2024,LONG,-0.01895969388710437,0.0437300365074023,1718337600000,0.0017361115471762956,0.01123121956950048,0.0017361115471762956
ZECUSDT,1718377200000,2024,SHORT,0.017911144803851527,-0.014540030327426404,1718380800000,0.007836348329315861,0.027254434186417275,0.008273506806223125
ZECUSDT,1718409600000,2024,LONG,-0.030757676461968603,0.0033392490049002493,1718413200000,-0.007051593785769794,-0.0013183917532583356,0.003069504712161151
ZECUSDT,1718413200000,2024,SHORT,0.0033392490049002493,-0.020119290575678662,1718416800000,-0.004413069827588641,-0.011870880221718746,-0.005293351574573295
ZECUSDT,1718416800000,2024,LONG,-0.020119290575678662,0.0007113078294242153,1718420400000,0.007020651917222623,0.010512580389086987,-0.004855449839226927
ZECUSDT,1718456400000,2024,SHORT,0.0003978795654429733,-0.023597263084052945,1718460000000,0.005295687574710344,0.002203129333512874,0.001321295061200114
ZECUSDT,1718460000000,2024,LONG,-0.023597263084052945,0.0071948064034936055,1718463600000,0.003093925119948426,-0.0008857396504676121,-0.002659576035758831
ZECUSDT,1718467200000,2024,SHORT,0.01367444852186216,-0.030084680341423805,1718470800000,-0.006638661247948192,0.0013330373002654024,-0.005314450063492667
ZECUSDT,1719464400000,2024,LONG,-0.010690995534903703,7.224107486928841e-05,1719468000000,0.0030196298737198914,0.01798250255043227,0.0458095360312942
ZECUSDT,1719720000000,2024,SHORT,0.04637252599012105,-0.039837727450047246,1719723600000,-0.0010050252102240882,-0.042810965431807124,-0.027276672469622974
ZECUSDT,1719730800000,2024,LONG,-0.02164110268315078,0.11359707034114934,1719734400000,0.016023649468157323,0.014577517618157643,0.0034204773148317573
ZECUSDT,1719896400000,2024,SHORT,0.002581635122923121,-0.007966066555547878,1719900000000,0.006309169193264832,0.005335933106712706,0.004363643287773464
ZECUSDT,1719925200000,2024,LONG,-0.0029377321902671763,0.0009212217492951897,1719928800000,-0.0014517302331866796,-0.004847319234324886,-0.002905571051414413
ZECUSDT,1719928800000,2024,SHORT,0.0009212217492951897,-0.013957240396511143,1719932400000,-0.0024183808642816527,-0.004830927269665592,0.003395589001138272
ZECUSDT,1719932400000,2024,LONG,-0.013957240396511143,0.006152923615900224,1719936000000,-0.002418380864281638,0.001930502530057845,-0.006299996606457528
ZECUSDT,1719957600000,2024,SHORT,0.003896811812852103,-0.001594656028278318,1719961200000,-0.0028832312140847135,0.009671255265177975,0.002409059223393161
ZECUSDT,1719961200000,2024,LONG,-0.001594656028278318,0.021574085519593077,1719964800000,-0.0028832312140848037,-0.013040513220300339,-0.006740516613842855
ZECUSDT,1719968400000,2024,SHORT,0.010291155437966529,-0.0050680719910420865,1719972000000,0.0019417481829104104,-0.0014538408182278534,0.0019417481829104104
ZECUSDT,1719972000000,2024,LONG,-0.0050680719910420865,0.049020349853685224,1719975600000,-0.0009718173748322367,0.009666580830223485,0.008222537257989828
ZECUSDT,1720033200000,2024,SHORT,0.0018863739848234444,-0.025176249906317345,1720036800000,0.0019980026626729977,-0.03674182565325755,0.019652937901393823
ZECUSDT,1720036800000,2024,LONG,-0.025176249906317345,0.01683937745314179,1720040400000,0.018821754240587667,0.029073247485707165,-0.011060947359424835
ZECUSDT,1720141200000,2024,SHORT,0.04294984095207102,-0.03466046483598205,1720144800000,0.08941873339081345,0.05732394112749974,-0.0033707897084889957
ZECUSDT,1720155600000,2024,LONG,-0.038935895724990524,0.019998751760551298,1720159200000,-0.0011918952543319833,0.005938259730259325,0.06624938554120066
ZECUSDT,1720267200000,2024,SHORT,0.06564597178943667,-0.016253570178941655,1720270800000,0.008926286625285702,-0.033918976162312806,-0.023761448504287953
ZECUSDT,1720270800000,2024,LONG,-0.016253570178941655,0.003301169487532614,1720274400000,0.008926286625285735,0.04284526278759855,0.034727511461493776
ZECUSDT,1720306800000,2024,SHORT,0.01295875947742184,-0.04486731995135834,1720310400000,0.01116762875401008,0.005568224966516747,0.001010101095985194
ZECUSDT,1720314000000,2024,LONG,-0.018341503867277443,0.04451013536652547,1720317600000,0.005590865897306859,0.007110238182504812,0.0216796996153611
ZECUSDT,1720346400000,2024,SHORT,0.0028993249781053177,-0.017006486519744336,1720350000000,-0.0015170672947524924,0.004565059918754055,0.06049811160056625
ZECUSDT,1720350000000,2024,LONG,-0.017006486519744336,2.9823843424323867e-05,1720353600000,0.013557827558012084,-0.012719581305978474,-0.05828913077536834
ZECUSDT,1720360800000,2024,SHORT,0.010598098396643456,-0.05973615667494863,1720364400000,0.007142887512380114,0.009706334186578725,0.03676313557409202
ZECUSDT,1720555200000,2024,LONG,-0.03616680685662677,0.019983346170268687,1720558800000,-0.01674047904583446,-0.02745965269519916,0.014313842305269931
ZECUSDT,1720576800000,2024,SHORT,0.04666811417967288,-0.005553709436351025,1720580400000,-0.003932712082003586,0.000876040353879821,-0.005675631913197266
ZECUSDT,1720580400000,2024,LONG,-0.005553709436351025,0.01708187412712477,1720584000000,0.009984888685704225,0.013004084423206391,0.006956549793359931
ZECUSDT,1720584000000,2024,SHORT,0.01708187412712477,-0.004964888868549715,1720587600000,0.006065876484968495,-0.0030191957375022655,-0.0004318721725515269
ZECUSDT,1720587600000,2024,LONG,-0.004964888868549715,0.011530036813316193,1720591200000,-0.00829155961334493,0.01680711831638119,0.00649774865751995
ZECUSDT,1720605600000,2024,SHORT,0.0014025363612910284,-0.020851365431395427,1720609200000,0.009061550677574855,0.013405606162230256,0.0008594757727187045
ZECUSDT,1720627200000,2024,LONG,-0.0022327088452936974,0.018408790338183777,1720630800000,-0.00043168573949040366,-0.0025929141579956166,-0.0034587150778808834
ZECUSDT,1720749600000,2024,SHORT,0.012480511181518356,-0.011112162018292598,1720753200000,0.00042096401379397466,0.0029504763237500576,0.0067567824628797625
ZECUSDT,1720756800000,2024,LONG,-0.007073641356942022,0.012728024026993068,1720760400000,0.0021074823395647994,-0.0008442381252805361,-0.008049185589107215
ZECUSDT,1720771200000,2024,SHORT,0.008697753576145195,-0.003217493669980666,1720774800000,0.008478219499872831,-0.007150398499075843,0.0033826670732725853
ZECUSDT,1720785600000,2024,LONG,-0.0028642962446934635,0.007149015913845453,1720789200000,-0.007150398499075876,-0.014777554117791789,0.016213200713722214
ZECUSDT,1720789200000,2024,SHORT,0.007149015913845453,-0.0028411238142347956,1720792800000,0.004228336109521064,0.01316646754499784,-0.019223324925528727
ZECUSDT,1720800000000,2024,LONG,-0.00967204127923831,0.0013781217579351978,1720803600000,-0.00511728195589056,0.004244488545443378,0.04165533498804299
ZECUSDT,1720803600000,2024,SHORT,0.0013781217579351978,-0.00672504820792169,1720807200000,-0.004689840188322603,-0.014425366817866183,-0.06813780516721823
ZECUSDT,1720814400000,2024,LONG,-0.004719458753679917,0.020753327075752257,1720818000000,0.0054910380841003735,0.026746266286070592,0.09064024985701659
ZECUSDT,1720854000000,2024,SHORT,0.008371606579538827,-0.0028304025940230544,1720857600000,-0.010890811651343039,-0.0039032055799538765,-0.03986729568650253
ZECUSDT,1720857600000,2024,LONG,-0.0028304025940230544,0.013173537910725954,1720861200000,0.0034755779338597414,-0.00971824946892134,0.0360912865623729
ZECUSDT,1722816000000,2024,SHORT,0.057212814505784144,-0.046219158438885286,1722819600000,0.05660917883202657,0.08852868981676713,0.09841706923619528
ZECUSDT,1722870000000,2024,LONG,-0.058392511981336534,0.1688885420960495,1722873600000,0.030742094297729106,-0.016393809775676383,-0.03912966038814099
ZECUSDT,1725274800000,2024,SHORT,0.014766968465843413,-0.00357922678859346,1725278400000,0.002075407178712418,0.006586953959978399,-0.018826501623846914
ZECUSDT,1725300000000,2024,LONG,-0.007148483270694484,0.018291526251042377,1725303600000,-0.002071823945520363,0.013363227812167158,0.034912883271751786
ZECUSDT,1725303600000,2024,SHORT,0.018291526251042377,-0.0017873108415763707,1725307200000,-0.02119737487666303,-0.018826501623846914,-0.04062847199501151
ZECUSDT,1725307200000,2024,LONG,-0.0017873108415763707,0.013361798092426208,1725310800000,0,0.012443409254169407,0.006409197179901733
ZECUSDT,1725843600000,2024,SHORT,0.04128537001976357,-0.0014232791627741066,1725847200000,0.005776189345051606,0.0068629490970030125,-0.028040878916483925
ZECUSDT,1725872400000,2024,LONG,-0.014451574539236995,0.012430831706916064,1725876000000,0.0028218713610717572,0.009142117118873527,0.03743938130701773
ZECUSDT,1725876000000,2024,SHORT,0.012430831706916064,-0.0042904778408906375,1725879600000,0.006358198742492402,0.002467831324735225,-0.032903401106945215
ZECUSDT,1725883200000,2024,LONG,-0.0034437591727674998,0.008106506984091343,1725886800000,0.005616020376585231,0.014328394705279373,0.02845438325705804
ZECUSDT,1725886800000,2024,SHORT,0.008106506984091343,-0.001145996039644715,1725890400000,0.008435902400256635,-0.017693436422636922,-0.02249619007987173
ZECUSDT,1725890400000,2024,LONG,-0.001145996039644715,0.004542271354625486,1725894000000,0.0028208763416412634,0.025450214472401176,0.029572515054111195
ZECUSDT,1725894000000,2024,SHORT,0.004542271354625486,-0.03208640736291177,1725897600000,-0.014680445404215764,-0.02434902901028655,-0.02159610228888151
ZECUSDT,1725901200000,2024,LONG,-0.008328950072698,0.04890279137974624,1725904800000,-0.0010321693673983512,0.010603827765507499,0.011624062507972942
ZECUSDT,1727107200000,2024,SHORT,0.019569782813926163,-0.0008997464678473295,1727110800000,-0.0054794657646255705,-0.010249491844806204,-0.02341868436149488
ZECUSDT,1727114400000,2024,LONG,-0.012812173430625315,0.005111387164875908,1727118000000,-0.002722015971275919,0.004407533834619511,0.01884943051553631
ZECUSDT,1727118000000,2024,SHORT,0.005111387164875908,-0.005236842728680079,1727121600000,-0.00204151142697663,-0.00746525353633877,-0.021897455705961084
ZECUSDT,1727128800000,2024,LONG,-0.0017488664347049287,0.03956086948033276,1727132400000,0.0006763612026527606,0.001690046033498884,0.006070844952007954
ZECUSDT,1727186400000,2024,SHORT,0.005661003655229379,-0.05159661221139861,1727190000000,0.0062026387694881545,0.0027519797209932697,-0.021074879252474466
ZECUSDT,1727233200000,2024,LONG,-0.033543366932739675,0.012794689541308928,1727236800000,-0.01451012466531957,-0.020647204957033437,-0.023386932698153753
ZECUSDT,1727236800000,2024,SHORT,0.012794689541308928,-0.05795681189858368,1727240400000,0.00034019391380990917,-0.006779686985378769,0.008539761548134496
ZECUSDT,1727251200000,2024,LONG,-0.0429641397922135,0.022682239307850616,1727254800000,-0.00406366966251491,-0.011215070820139957,-0.02428715238749284
ZECUSDT,1727254800000,2024,SHORT,0.022682239307850616,-0.0002181400626560654,1727258400000,-0.005753950550989513,0.003059665823955499,0.021270098617735923
ZECUSDT,1727258400000,2024,LONG,-0.0002181400626560654,0.0054695319011644865,1727262000000,-0.0003375527458211257,-0.002365265505472906,-0.03573035525125343
ZECUSDT,1727262000000,2024,SHORT,0.0054695319011644865,-0.02070241959449183,1727265600000,0.012565965993495527,0.01598945444501648,0.04486604774304874
ZECUSDT,1727366400000,2024,LONG,-0.0015529091359106743,0.02057229872004612,1727370000000,-0.007217879105154649,-0.012500162764231382,0.0029378183362434194
ZECUSDT,1727380800000,2024,SHORT,0.010436047358152623,-0.012448664090310922,1727384400000,-0.008572423086191907,-0.004625049539562193,-0.019348037555585028
ZECUSDT,1727384400000,2024,LONG,-0.012448664090310922,0.04649267994181595,1727388000000,-0.006918162990165267,-0.004936656397303989,0.010775614469393275
ZECUSDT,1727391600000,2024,SHORT,0.027099316585403124,-0.023302008080549667,1727395200000,-0.004293978521805548,-0.011191690219023767,-0.012173205102335473
ZECUSDT,1727402400000,2024,LONG,-0.03178396089616581,0.009894395868033375,1727406000000,0.01185394189885687,0.013162414444064578,0.015774234407412772
ZECUSDT,1727406000000,2024,SHORT,0.009894395868033375,-0.0067541669619041065,1727409600000,-0.003919012200735823,-0.006198029954207282,0.0009821575515331312
ZECUSDT,1727431200000,2024,LONG,-0.006137057542682148,0.01625026424572792,1727434800000,0.0052459136697693256,0.008184691295013374,0.0026263967822190825
ZECUSDT,1727445600000,2024,SHORT,0.00873800079679761,-0.01279871287749366,1727449200000,0.004249066696881507,0.00917437627604127,-0.006825965070399891
ZECUSDT,1727506800000,2024,LONG,-0.01606579046614032,0.009446879182089767,1727510400000,-0.011972315791191035,-0.012949355439017545,-0.05827534108130279
ZECUSDT,1727539200000,2024,SHORT,0.0025565810415194164,-0.07502276870720255,1727542800000,0.0037243990909824397,0.016698292234671352,0.008143920138012793
ZECUSDT,1727564400000,2024,LONG,-0.028252453932889488,0.005031638037200701,1727568000000,-0.011253315686727368,-0.002036660581803459,-0.007829827235206532
ZECUSDT,1727568000000,2024,SHORT,0.005031638037200701,-0.01477373827985133,1727571600000,-0.00819676720417849,-0.006494639133648183,0.005502077153983422
ZECUSDT,1727571600000,2024,LONG,-0.01477373827985133,0.049709431015992525,1727575200000,-0.003064875547452931,-0.007851209471264097,-0.003747236542882006
ZECUSDT,1727607600000,2024,SHORT,0.01203673822201636,-0.013656365739304946,1727611200000,0.009267270717320475,-0.0030701030425203577,0.006512448038475879
ZECUSDT,1727672400000,2024,LONG,-0.010833963437422258,0.0015681405780357182,1727676000000,-0.008339172718360589,-0.023456352852988426,-0.024165070104481476
ZECUSDT,1727676000000,2024,SHORT,0.0015681405780357182,-0.027531414972854683,1727679600000,-0.006607570554082855,0.007354261827685905,0.02187036023363648
ZECUSDT,1727715600000,2024,LONG,-0.008037905139401016,0.002138374022573956,1727719200000,-0.006044462847515603,-0.00319545807144081,0.0007087172514929507
ZECUSDT,1727719200000,2024,SHORT,0.002138374022573956,-0.028411238588917115,1727722800000,-0,0.005363860526991669,-0.015921086343427548
ZECUSDT,1727733600000,2024,LONG,-0.028970686755071053,0.02735811085291706,1727737200000,-0.004313450253719242,0.006791804481468007,0.020238574680016847
ZECUSDT,1727974800000,2024,SHORT,0.15892563749186367,-0.28630249671007124,1727978400000,-0.004733736650198921,-0.013354479694106065,-0.03877957805991608
ZECUSDT,1728068400000,2024,LONG,-0.2098680115083317,0.2369149131795672,1728072000000,0.004472612748512143,0.00037348273076547305,0.006701439822745103
ZECUSDT,1731409200000,2024,SHORT,0.015996960859377546,-0.053321856742172054,1731412800000,0.0017256259674698364,-0.02625333083742451,-0.03413961857360355
ZECUSDT,1731416400000,2024,LONG,-0.021608323865587014,0.007292100115187975,1731420000000,0.010605064444363458,-0.0171069665461346,0.012042534744593452
ZECUSDT,1731427200000,2024,SHORT,0.06360688692260325,-0.02312892099837214,1731430800000,0.00369049502391142,-0.016078300075129857,0.03498607696330141
ZECUSDT,1731434400000,2024,LONG,-0.013079291030809771,0.03879461285396554,1731438000000,-0.00751974434892978,0.03374043027035391,-0.06695807228166083
ZECUSDT,1731463200000,2024,SHORT,0.0503646922464447,-0.0230256775614793,1731466800000,0.019148985214284188,0.03478832461231698,-0.02440648694273432
ZECUSDT,1731474000000,2024,LONG,-0.017811866812727704,0.024722570221811728,1731477600000,-0.0030959777051280096,0.02039846352954068,0.025182559271361597
ZECUSDT,1731510000000,2024,SHORT,0.0570980692190313,-0.00481159985416844,1731513600000,0.043201092406024856,0.05820008060080523,0.067624234120076
ZECUSDT,1731783600000,2024,LONG,-0.02639584848377822,0.024886420232798898,1731787200000,0.001303497903444197,-0.022201153636014073,-0.039916607405442436
ZECUSDT,1731790800000,2024,SHORT,0.010264015883100974,-0.012888487576832999,1731794400000,0.014514042884253958,0.040720396193769146,0.03680288916729596
ZECUSDT,1731884400000,2024,LONG,-0.008121504012090199,0.034810213082610224,1731888000000,0.01294083208669356,0.06309182055587938,0.04285899321004469
ZECUSDT,1731999600000,2024,SHORT,0.019319556087111372,-0.004305126093600721,1732003200000,0.011302109457321992,-0.0002247443542441273,0.00857793070110215
ZECUSDT,1732017600000,2024,LONG,-0.015979971623746567,0.003370680664890394,1732021200000,-0.02857985401856013,-0.02238646342201454,-0.055870177362446545
ZECUSDT,1732021200000,2024,SHORT,0.003370680664890394,-0.10855656338180576,1732024800000,-0.004819286435948922,-0.006877606202103329,0.03107363662465764
ZECUSDT,1732111200000,2024,LONG,-0.026390955647953015,0.0332013219735098,1732114800000,-0.00279134863727053,-0.04174189097574087,-0.041257629465066475
ZECUSDT,1732122000000,2024,SHORT,0.02278146462166333,-0.020019174477845715,1732125600000,-0.0038825576556660454,-0.017831797788719028,-0.03792941240960669
ZECUSDT,1732132800000,2024,LONG,-0.00010253236840639671,0.04701089514072431,1732136400000,-0.012814603455447339,-0.011621143473712502,0.019844237038413363
ZECUSDT,1732460400000,2024,SHORT,0.08815578053836069,-0.004001866322684909,1732464000000,-0.0293930149462641,-0.03397697912650937,-0.06760673672761701
ZECUSDT,1732464000000,2024,LONG,-0.004001866322684909,0.11815142207530016,1732467600000,-0.0024000011520010547,0.01722985489288508,0.026026705678109347
ZECUSDT,1732532400000,2024,SHORT,0.0594876307457178,-0.03844993179659776,1732536000000,0.002704270529635847,0.024210475750599446,0.08009093414505607
ZECUSDT,1732665600000,2024,LONG,-0.0012879552822244798,0.01294989388927025,1732669200000,0.052009426520003676,0.09700381126500252,0.11132893022445732
ZECUSDT,1733058000000,2024,SHORT,0.10283652244988403,-0.009242776130567324,1733061600000,-0.008218984799726737,0.0010541111306351155,-0.0584842343855016
ZECUSDT,1733061600000,2024,LONG,-0.009242776130567324,0.025739651116680005,1733065200000,-0.003138625069999703,-0.008216111247664472,0.05041372941068119
ZECUSDT,1733072400000,2024,SHORT,0.007765848033302118,-0.010959928468644959,1733076000000,-0.0015810279973187732,-0.02944955590460197,-0.07858107525741342
ZECUSDT,1733083200000,2024,LONG,-0.004610718420516721,0.031130555720754675,1733086800000,0.010122759511238028,0.05354975683440806,0.033907299776652494
ZECUSDT,1733356800000,2024,SHORT,0.010614975012105366,-0.013172696218431293,1733360400000,0.0030366591189749225,-0.009770192660953808,-0.032948166363603815
ZECUSDT,1733360400000,2024,LONG,-0.013172696218431293,0.024279638960983705,1733364000000,0.018791344016611384,0.0039020209925527453,0.017796106854772935
ZECUSDT,1733389200000,2024,SHORT,0.012091772674511187,-0.008401585389626055,1733392800000,-0.004277776379354351,-0.004562311877077254,-0.05531491957938193
ZECUSDT,1733396400000,2024,LONG,-0.010382439150533777,0.0971634415288258,1733400000000,-0.0022327667662566703,-0.013048238440453781,-0.013189471404462359
ZECUSDT,1733403600000,2024,SHORT,0.10386614232382267,-0.029234610339513724,1733407200000,-0.009908078224696297,-0.035081509590000504,-0.046823861878103085
ZECUSDT,1733407200000,2024,LONG,-0.029234610339513724,0.05151152355138912,1733410800000,-0.003102089346036052,0.023789116549124287,0.02653486237081553
ZECUSDT,1733439600000,2024,SHORT,0.00011628714154452361,-0.03313292455394898,1733443200000,-0.02635216971122726,-0.01653393416501492,0.013369563385970538
ZECUSDT,1733443200000,2024,LONG,-0.03313292455394898,0.08187207200183046,1733446800000,0.01407992640168443,0.012449712754408582,-0.058098217846575
ZECUSDT,1733482800000,2024,SHORT,0.01040073327194886,-0.009582833969766402,1733486400000,0.018789395084883923,-0.01379332213233577,-0.007702220362092303
ZECUSDT,1733486400000,2024,LONG,-0.009582833969766402,0.007083471822502426,1733490000000,0.016646544923047405,0.030899921916191314,0.03033367048543264
ZECUSDT,1733508000000,2024,SHORT,0.033977130457358465,-0.04538801177873977,1733511600000,-0.01371058323850762,-0.008876221484212153,-0.03809178252901438
ZECUSDT,1733526000000,2024,LONG,-0.007647245533936301,0.01058947258170223,1733529600000,0.0031201273362436777,0.014104606181541945,0.0031201273362436777
ZECUSDT,1733709600000,2024,SHORT,0.011893748141530148,-0.05141126889753714,1733713200000,0.02182222178786775,0.04157778444664237,0.03499881334859986
ZECUSDT,1733738400000,2024,LONG,-0.012381880264777751,0.030273457329951993,1733742000000,-0.023624969691733715,0.023675990926230434,-0.13928136200791505
ZECUSDT,1734004800000,2024,SHORT,0.22786257348785482,-0.13743973170995608,1734008400000,0.000986517672905123,-0.003936367228139442,0.023108001863584585
ZECUSDT,1734012000000,2024,LONG,-0.15068174366010395,0.00587039947622095,1734015600000,-0.0024384308595352404,-0.01472057985118821,-0.03502753598044961
ZECUSDT,1734026400000,2024,SHORT,0.01687959534509823,-0.014465019738523533,1734030000000,0.028924527496951482,0.027398974188114503,0.049837185407489326
ZECUSDT,1734091200000,2024,LONG,-0.029581896715942867,0.013208600131226196,1734094800000,-0.005785280726581688,-0.007151401157625016,0.013816563515013123
ZECUSDT,1734094800000,2024,SHORT,0.013208600131226196,-0.010693662282450656,1734098400000,-0.006123509524074958,-0.003066441925825625,-0.02443873206684651
ZECUSDT,1734120000000,2024,LONG,-0.014049524253244315,0.016517450294650307,1734123600000,-0.002688173661800414,0.0026809667532577425,0.007854974790766037
ZECUSDT,1734127200000,2024,SHORT,0.02159365883985172,-0.0053629858661526485,1734130800000,-0.020706067598057577,-0.0160300403738002,-0.007625216985434514
ZECUSDT,1734130800000,2024,LONG,-0.0053629858661526485,0.009441854124809985,1734134400000,-0.004507896439189928,-0.011392316208074639,-0.00551241686519527
ZECUSDT,1734145200000,2024,SHORT,0.01945163237635307,-0.009945690295288296,1734148800000,-0.0010102711753366335,-0.006715941965436809,0.007779508201583997
ZECUSDT,1734148800000,2024,LONG,-0.009945690295288296,0.07851402604620941,1734152400000,0.011378971506700367,0.010879678827608435,-0.009299246994291634
ZECUSDT,1734181200000,2024,SHORT,0.06982378624675525,-0.004173459930946133,1734184800000,-0.01847785677728549,0.0008637816897093833,-0.015421827234166187
ZECUSDT,1734184800000,2024,LONG,-0.004173459930946133,0.06229116655344264,1734188400000,-0.0013573127295891565,-0.03221917071035857,-0.010225037961161441
ZECUSDT,1734728400000,2024,SHORT,0.04650867937841547,-0.004262617586947087,1734732000000,-0.03900006813344761,-0.038080189492554456,-0.0434037449746817
ZECUSDT,1734948000000,2024,LONG,-0.002999764891416219,0.021138830723725695,1734951600000,-0.01368284320607857,0.008580910737910018,0.12391453284582929
ZECUSDT,1734951600000,2024,SHORT,0.021138830723725695,-0.014608690050540595,1734955200000,-0.016005676799727992,-0.0018470326802510005,-0.1006435257796873
ZECUSDT,1734973200000,2024,LONG,-0.049567730410279946,0.006319741715599128,1734976800000,-0.017931180698012014,0.03492568285397368,0.07597028710319308
ZECUSDT,1734976800000,2024,SHORT,0.006319741715599128,-0.042286913278614134,1734980400000,-0.036175519533792305,-0.10731459541982385,-0.10040940380106768
ZECUSDT,1735027200000,2024,LONG,-0.09334736498855783,0.009026498461892477,1735030800000,-0.025163030674334615,-0.02042334496120217,-0.05053252072532791
ZECUSDT,1735034400000,2024,SHORT,0.02110190131390265,-0.07759980867709369,1735038000000,-0.01606983549853615,-0.019653811809936642,-0.009730670054800675
ZECUSDT,1735056000000,2024,LONG,-0.04377786489517887,0.002409468745888133,1735059600000,-0.0023198502501966143,-0.019449322590366518,0.02953771135034805
ZECUSDT,1735210800000,2024,SHORT,0.0639404123928225,-0.04886311808559358,1735214400000,0.026752185471432943,0.021401872657755422,0.027912783309528295
ZECUSDT,1735257600000,2024,LONG,-0.03027277647147546,0.0453301288271985,1735261200000,-0.0027430898597930386,-0.03000151844966467,-0.031190755991341034
ZECUSDT,1735264800000,2024,SHORT,0.04912984500243071,-0.009056050112657312,1735268400000,0.004817879236859001,-0.004069773059173348,0.07231702045604817
ZECUSDT,1735286400000,2024,LONG,-0.022809651930402283,0.035647856694714056,1735290000000,-0.0026623296305277318,-0.006966603437284008,-0.07927982788853413
ZECUSDT,1735290000000,2024,SHORT,0.035647856694714056,-0.04950037936488324,1735293600000,-0.010167331378926357,0.023375352596303526,0.08496693661539864
ZECUSDT,1735297200000,2024,LONG,-0.012463557065623687,0.005725944292538359,1735300800000,-0.012123152616529635,-0.06089100556676415,-0.09117473081698871
ZECUSDT,1735304400000,2024,SHORT,0.014508447825908655,-0.0147709614208135,1735308000000,0.032047111589825886,0.04259257801051187,0.058059680582197196
ZECUSDT,1735344000000,2024,LONG,-0.009344154640547863,0.01578471261331287,1735347600000,0.002735539560892177,-0.009389740349839143,-0.030595433460554756
ZECUSDT,1735347600000,2024,SHORT,0.01578471261331287,-0.0031728433213960437,1735351200000,0.010337678882174501,0.012938883405290437,0.010987345950663956
ZECUSDT,1735372800000,2024,LONG,-0.007954383850888263,0.009781890755327791,1735376400000,0.005920096224725544,-0.007283594523959931,0.033093044152944846
ZECUSDT,1735383600000,2024,SHORT,0.01258742111097036,-0.003787639168128612,1735387200000,0.001328241935273332,-0.006944472352810995,-0.03968645705997668
ZECUSDT,1735390800000,2024,LONG,-0.01233280402315567,0.03298702392434739,1735394400000,-0.02349956136273577,0.002271253409856695,0.045870137464172976
ZECUSDT,1735394400000,2024,SHORT,0.03298702392434739,-0.02028949852078954,1735398000000,-0.008937497427075836,-0.0320655641505238,-0.06842745813811145
ZECUSDT,1735401600000,2024,LONG,-0.018295934606662553,0.03676508923832595,1735405200000,-0.0025894172099218877,0.012847454693686654,0.04996705569665776
ZECUSDT,1735405200000,2024,SHORT,0.03676508923832595,-0.023661514427965175,1735408800000,-0.006947277316137535,-0.02339475387477146,-0.03801650639585601
ZECUSDT,1735412400000,2024,LONG,-0.020529265587735906,0.0018236412459052762,1735416000000,0.008975857665372566,0.009613917983717808,0.01072954484259588
ZECUSDT,1735473600000,2024,SHORT,0.011203452486691317,-0.013597083736409053,1735477200000,-0.002605440327485926,0.021757904636470916,0.0014685488484093268
ZECUSDT,1735477200000,2024,LONG,-0.013597083736409053,0.003700535819480717,1735480800000,-0.010952295829184666,-0.018210658279507637,0.004218046487531029
