symbol,signal_hour,year,side,score_prev,score_now,entry_time,r1,r4,r12
SOLUSDT,1672732800018,2023,LONG,-0.05259145300315197,0.00528624577940223,1672736400018,0.005013393684498275,0.005352376738591839,0.10456797065219754
SOLUSDT,1672819200016,2023,LONG,-0.01447533293613295,0.03334047721890724,1672822800016,0.0022603823106271733,-0.02169506578132995,-0.05352799235454075
SOLUSDT,1673251200000,2023,SHORT,-0.03147367430079672,-0.012343262053568336,1673254800000,-0.013447861658171972,-0.015529027861996418,-0.017178638744705245
SOLUSDT,1673366400000,2023,LONG,0.06557635597124915,0.03349896122878353,1673370000000,0.015591133876984038,0.031243943905705555,-0.013065543910449005
SOLUSDT,1673481600000,2023,SHORT,0.029639295227738022,-0.03700279321649604,1673485200000,0.018164935412541137,0.028103206521737322,0.04617043428318918
SOLUSDT,1673596800000,2023,SHORT,-0.040948271261883114,-0.014396799622465681,1673600400000,0.00023633678101155214,0.02415663053810645,-0.017567940257271986
SOLUSDT,1673654400000,2023,SHORT,-0.05655708752338041,-0.08904665557798964,1673658000000,-0.04388469238559289,-0.11091532437624257,-0.11831022621467971
SOLUSDT,1673856000007,2023,SHORT,0.10198554952000624,-0.0011308525703712122,1673859600007,-0.012692982839092669,-0.006775298331453516,-0.0211228692720742
SOLUSDT,1674115200015,2023,SHORT,0.08753912439225177,-0.026651886268946157,1674118800015,-0.004512982462205262,0.018258399950272362,-0.017699577099401075
SOLUSDT,1674403200023,2023,SHORT,0.0067192720540450255,-0.02338187391625731,1674406800023,-0.007855374644446264,0.044741126799608885,0.007836873224894408
SOLUSDT,1675094400000,2023,SHORT,0.020835956539140964,-0.038310876725124704,1675098000000,0.0027569197587373365,0.031685074964789395,0.012112841622494602
SOLUSDT,1675411200000,2023,SHORT,0.04991210736203914,-0.04730981101962353,1675414800000,-0.0025508118825657445,-0.01171280488503223,-0.008409443466736747
SOLUSDT,1675670400000,2023,SHORT,-0.09169750477424062,-0.1270375882084697,1675674000000,0.0015022429161594528,0.0020607941347882495,0.003652226544475493
SOLUSDT,1675756800011,2023,SHORT,-0.1264815105194499,-0.18452729389648745,1675760400011,-0.009516704400987628,-0.011400669847966605,-0.01783923808775988
SOLUSDT,1675843200010,2023,SHORT,-0.18517103869838702,-0.0780918305309034,1675846800010,-0.0007195310661099767,-0.004899486063857517,0.029432211897254944
SOLUSDT,1675958400001,2023,SHORT,-0.08645267256492357,-0.023206811496739154,1675962000001,-0.0014286992340007687,0.03769565022119561,0.07701286984048504
SOLUSDT,1676304000002,2023,SHORT,-0.1283639537328575,-0.0773915380876947,1676307600002,0.014992933948294054,-0.008222394371075243,-0.028751615014562904
SOLUSDT,1676390400016,2023,SHORT,-0.1144147644835151,-0.07142337312504492,1676394000016,0.001150350983867116,-0.006052010586167783,0.009472174321359354
SOLUSDT,1676505600019,2023,SHORT,-0.055556004282193816,-0.11635559923236781,1676509200019,-0.007329434665045842,-0.007287464589703381,-0.002912930819617984
SOLUSDT,1676620800016,2023,SHORT,0.038553502328275605,-0.08634135279868532,1676624400016,0.0020740029056986607,-4.408102092357204e-05,-0.032099915008558785
SOLUSDT,1676822400003,2023,SHORT,0.011879978048002728,-0.04831250426800334,1676826000003,0.009347960713649234,-0.00259698246914843,-0.0743256123257332
SOLUSDT,1677052800010,2023,SHORT,0.002237969375063491,-0.020604014665040082,1677056400010,-0.010085406450188473,-0.008517576302129553,-0.012115692233465697
SOLUSDT,1677312000015,2023,SHORT,-0.08996447784181068,-0.08918672019000015,1677315600015,0.001576182462918279,0.01756521616510906,0.05309550777153853
SOLUSDT,1677456000011,2023,SHORT,-0.05417274446043074,-0.09127139609751402,1677459600011,0.001212488781461928,0.005467814351600203,0.017242182755699168
SOLUSDT,1677801600000,2023,SHORT,-0.1416504790394188,-0.1326984981551905,1677805200000,0.06188222597443174,0.03510113552131411,0.03443715636483581
SOLUSDT,1678291200021,2023,LONG,-0.05764583199350688,0.004419163725685028,1678294800021,-0.01701787599099881,-0.01282877741328052,-0.033519723796166696
SOLUSDT,1678377600002,2023,SHORT,-0.08796004081392747,-0.05279526937223121,1678381200002,0.0001654852859776655,0.0761296163194943,0.0629439116075257
SOLUSDT,1678521600003,2023,LONG,-0.06950529192599551,0.033565626621088654,1678525200003,0.006865408280676103,-0.007317597689939257,0.026736228612360875
SOLUSDT,1678636800005,2023,LONG,0.024935638474540556,0.006305337278828836,1678640400005,0.03425837196470054,0.04774605234665182,0.08801925196841205
SOLUSDT,1678723200003,2023,SHORT,0.003258143867503917,-0.04619572053146285,1678726800003,0.003557421943231898,0.011546681445729614,0.007470555482855689
SOLUSDT,1678953600018,2023,SHORT,-0.0369437199656081,-0.09591610644850652,1678957200018,-0.0009229349986008987,0.009898008430073973,0.009587208116771804
SOLUSDT,1679011200017,2023,SHORT,-0.058505113974354324,-0.08867701461799092,1679014800017,-0.025916200560504928,-0.024062074600251847,-0.04358240037981705
SOLUSDT,1679097600012,2023,SHORT,-0.08123500163877277,-0.12361855407472282,1679101200012,0.004834747234712835,-0.014321121914023129,-0.007544155408827441
SOLUSDT,1679241600000,2023,SHORT,0.004614077127577046,-0.05820685146636506,1679245200000,0.008162574351867553,0.01726016257208619,0.007393082404879511
SOLUSDT,1679385600004,2023,SHORT,0.03108288083529046,-0.029985314052610956,1679389200004,-0.01920322360339991,-0.05404778369647312,-0.038888633845429676
SOLUSDT,1679558400001,2023,SHORT,-0.018777522076694954,-0.0842582587088148,1679562000001,0.0007841509661706624,0.0020308324158756,-0.01922565324671816
SOLUSDT,1679875200019,2023,SHORT,-0.09498205035505483,-0.08425579120466446,1679878800019,0.009913459436006128,0.0088017305833157,0.01763288118911799
SOLUSDT,1679990400000,2023,SHORT,-0.05789429178024295,-0.07750569774340657,1679994000000,0.010131901074946914,-0.004253941304710961,-0.027356953252193658
SOLUSDT,1680076800006,2023,SHORT,-0.08669641245161755,-0.10473167713425229,1680080400006,0.009704035084291749,0.010693784193013594,0.010363758966661913
SOLUSDT,1680307200000,2023,SHORT,-0.07081786747323174,-0.10265659187163102,1680310800000,-0.0018407084843268444,-0.0015105743053668514,0.007492092515690752
SOLUSDT,1680451200001,2023,SHORT,0.0036567151117624817,-0.027926216785723282,1680454800001,-0.0016522503515795483,0.006832294402540444,0.025316560914125368
SOLUSDT,1680508800013,2023,SHORT,-0.044584092495104075,-0.09060597024591091,1680512400013,0.0043541078059250796,0.005384251871907973,0.007251023881896121
SOLUSDT,1680883200000,2023,SHORT,-0.09438132013196172,-0.09299867073803386,1680886800000,-0.001953316374555745,0.0029371472064891957,-4.887943887382837e-05
SOLUSDT,1681056000010,2023,SHORT,-0.13070072428788115,-0.11954105834881032,1681059600010,-0.0005476315074754771,-0.0071453685642328705,-0.006502393049339411
SOLUSDT,1681401600000,2023,SHORT,0.04611601120709057,-0.02654913143795386,1681405200000,-0.005943190985300662,-0.009953160511953616,-0.027305175754258774
SOLUSDT,1681516800007,2023,SHORT,0.05093194047807186,-0.013261732319004963,1681520400007,0.0037302004680155438,0.011853454010661001,-0.0018803144846739536
SOLUSDT,1681632000007,2023,SHORT,0.03977595984411843,-0.017123507235724523,1681635600007,0.00850436533725995,0.006102608416444529,-0.0431640659744843
SOLUSDT,1681804800017,2023,SHORT,0.03621987559220475,-0.07740564299135547,1681808400017,-0.008066492105866595,-0.008026718813627097,0.0031322810927913052
SOLUSDT,1681977600012,2023,SHORT,0.03698197061154133,-0.06481445831493333,1681981200012,-0.003487323374431856,-0.009944201274756061,0.03171731659157845
SOLUSDT,1682064000009,2023,SHORT,-0.06901469264918504,-0.055638797596920704,1682067600009,-0.0025680895373677466,0.0023033679989337857,0.04121304253390164
SOLUSDT,1682150400000,2023,SHORT,-0.025950425269160717,-0.08117247188188999,1682154000000,-0.0015972192994853263,-0.010429671512992879,-0.022086216837455975
SOLUSDT,1682236800020,2023,SHORT,-0.15265641682292033,-0.1297754547148551,1682240400020,0.003935855247094706,0.0046613801508196715,0.04204934423929564
SOLUSDT,1682438400015,2023,SHORT,-0.10709032088767025,-0.10340248212780245,1682442000015,-0.009670613408414672,-0.022840106613839447,-0.040149163065830086
SOLUSDT,1682582400008,2023,SHORT,-0.07538960667153369,-0.1924460734724247,1682586000008,0.001343930503272235,0.004176727809442895,-0.036021903600234266
SOLUSDT,1682784000001,2023,SHORT,0.04421545706483615,-0.038374518550161586,1682787600001,0.005681099850383377,0.0043439994333556945,0.009659827583177743
SOLUSDT,1683072000009,2023,SHORT,-0.09412142042112064,-0.0849019685042273,1683075600009,-0.0021420603865425357,0.0026497342928079224,0.029728540161129267
SOLUSDT,1683187200000,2023,SHORT,-0.10253407251085656,-0.0024107665796379496,1683190800000,-0.0013514124314512252,0.0013081036620240859,0.021137813247742353
SOLUSDT,1683475200006,2023,SHORT,-0.08122722242566732,-0.15156354662465182,1683478800006,-0.002571265325846732,0.0003995826634292648,0.057038309087572486
SOLUSDT,1683561600015,2023,SHORT,-0.05371101997766288,-0.09440817856334623,1683565200015,0.03294937052927821,0.028112660804654813,0.02572736090285334
SOLUSDT,1683705600003,2023,SHORT,-0.05960579061797837,-0.04317370161983851,1683709200003,-0.0032073115257872462,-0.028360145444596335,-0.03199659895484035
SOLUSDT,1683763200011,2023,SHORT,-0.0865919010078297,-0.11445809803083878,1683766800011,-0.0012578009495332943,-0.00033879437925397855,0.014432234899437821
SOLUSDT,1684483200002,2023,SHORT,-0.0849892010705145,-0.09655530286279956,1684486800002,0.0007823961279310041,-0.0003421059095508416,0.005686289831411187
SOLUSDT,1686067200013,2023,SHORT,-0.02991818514444058,-0.030436364133151508,1686070800013,-0.0030303806195530387,-0.006793133846074971,-0.0043687702906759105
SOLUSDT,1686297600000,2023,SHORT,-0.07231470018740699,-0.047322613672672334,1686301200000,-0.0019733865973644337,-0.02034577540215657,0.058821086599521205
SOLUSDT,1686384000000,2023,LONG,0.03729887666232104,0.0420670353986651,1686387600000,-0.009775381623461032,-0.02275232228796253,0.03778286099910716
SOLUSDT,1686585600001,2023,SHORT,-0.09997337137371431,-0.08233169292009973,1686589200001,0.01373565936887299,0.009734853872293645,-0.007353939904809177
SOLUSDT,1686643200000,2023,SHORT,-0.10248121790388955,-0.13407223605878332,1686646800000,0.007159242420332909,0.006770943166165965,0.04186688470092294
SOLUSDT,1686844800000,2023,SHORT,-0.12319271104880684,-0.10471762751067301,1686848400000,0.00020740433549410543,-0.02187971870781936,-0.02296123834818568
SOLUSDT,1686988800000,2023,SHORT,-0.09460458476074789,-0.09379406329548706,1686992400000,-0.002144975902841711,0.001390381314802981,0.012135994169608753
SOLUSDT,1687248000000,2023,LONG,-0.04507866950459601,0.027184296058112296,1687251600000,0.0027683420221651473,0.005842275624228361,0.03430889477548358
SOLUSDT,1687305600000,2023,SHORT,0.01401849676800347,-0.0466809955506895,1687309200000,-0.012133557163563883,-0.00011909015138546115,0.012041481425699305
SOLUSDT,1687478400000,2023,SHORT,-0.029141338119461065,-0.036660144008024066,1687482000000,0.0022265692965828176,-0.008082182468825657,0.014531619238574048
SOLUSDT,1687593600000,2023,SHORT,-0.08928131524999747,-0.030879555478776157,1687597200000,-0.00534698472578042,-0.004303082757758976,0.034383944352667443
SOLUSDT,1687680000000,2023,SHORT,-0.07617589538140261,-0.10469388903404282,1687683600000,0.003761905064459805,0.006025859823571859,0.02687279347782234
SOLUSDT,1687795200000,2023,SHORT,-0.08254637728358878,-0.09007702574655187,1687798800000,0.006323889072035094,0.010520907947366532,-0.010593061432165108
SOLUSDT,1687852800000,2023,SHORT,-0.07810880532060219,-0.14133852904501465,1687856400000,0.0030818527579971303,-0.006315240668185278,-0.0076932703041868835
SOLUSDT,1687968000000,2023,SHORT,-0.08654291839731418,-0.106692751722737,1687971600000,0.00696051348827141,0.01752421080260008,0.011855649823875061
SOLUSDT,1688169600000,2023,SHORT,0.02206158688209526,-0.006084488805623914,1688173200000,0.008152802077309932,0.038776367445014844,0.017024438756223764
SOLUSDT,1688284800000,2023,SHORT,0.0023471363895373487,-0.04922647908692106,1688288400000,-0.008090447867211673,0.00842065919858076,-0.022285333539556897
SOLUSDT,1688400000000,2023,SHORT,0.012511192135392098,-0.0029316774566591295,1688403600000,-0.0030808619444697666,0.00020921596394104933,-0.0034457588651397877
SOLUSDT,1688457600000,2023,SHORT,0.0023557334312672325,-0.003981526825779489,1688461200000,-0.003075562150136715,-0.009146722120811874,-0.014358157769462088
SOLUSDT,1688544000000,2023,SHORT,0.022967094453574522,-0.03495979231435842,1688547600000,0.005071243386909409,0.024120446312891036,0.022625757517028784
SOLUSDT,1688630400000,2023,SHORT,-0.013519928323815439,-0.013818112164288117,1688634000000,0.008884094465007635,0.028365720393676744,-0.02445396032366957
SOLUSDT,1688774400000,2023,LONG,-0.0029826357438943714,0.031669921287286934,1688778000000,0.004849782028280963,0.0006942676912134073,0.00761056232136229
SOLUSDT,1688860800000,2023,LONG,0.12293275028831742,0.09924331899707832,1688864400000,-0.002417939543408308,-0.015521274078292952,-0.009201044519005648
SOLUSDT,1689004800000,2023,LONG,0.09213955988247045,0.025091872338725046,1689008400000,-0.00223421289429562,0.013769905396393571,0.03549730216316241
SOLUSDT,1689148800000,2023,LONG,0.09411711817794317,0.09228156681927933,1689152400000,-0.0010450033891302446,0.01420318305590681,0.0018148001895708
SOLUSDT,1689235200000,2023,LONG,0.04820584513405635,0.012336619973577125,1689238800000,0.00861308216169752,0.021507179022299344,0.1578510883531674
SOLUSDT,1689292800000,2023,SHORT,-0.061826761294617366,-0.002099572595606713,1689296400000,-0.001904373832698143,0.01914180681351187,0.06442506398454323
SOLUSDT,1689408000000,2023,SHORT,0.03812005253828531,-0.06428275440121839,1689411600000,-0.00564717225650145,-0.000279622511433881,0.03326769223387379
SOLUSDT,1689523200000,2023,SHORT,0.001150969800194672,-0.011838000379192146,1689526800000,-0.0034688110309474846,0.018840167449694342,0.00014330240414301
SOLUSDT,1689955200000,2023,SHORT,-0.13176378034639896,-0.1229021793717167,1689958800000,-0.009456707852311006,-0.018747117402098085,-0.015711859409914476
SOLUSDT,1690329600000,2023,SHORT,-0.11041309024177418,-0.1309938555539062,1690333200000,-0.006300515881182444,-0.0061723299259148715,-0.04744204917471827
SOLUSDT,1690387200000,2023,SHORT,-0.11837437446999866,-0.10095913083147641,1690390800000,-0.0003240965836179195,-0.021842367202485644,-0.019023730587776656
SOLUSDT,1690819200001,2023,SHORT,-0.11145917317717463,-0.0737501595914367,1690822800001,-0.004240994257254614,0.012663173953397344,0.030373300521896417
SOLUSDT,1691049600000,2023,SHORT,-0.11231243104956172,-0.11128110239258972,1691053200000,-0.0018062076762256835,0.0006175017839122349,-0.01179140056289975
SOLUSDT,1691107200000,2023,SHORT,-0.11740516906289938,-0.10855656733124897,1691110800000,0.006005758833443595,-0.005313205464856146,-0.017890345382551236
SOLUSDT,1691308800001,2023,SHORT,-0.13567070206951132,-0.13021930041965823,1691312400001,0.004482186532484647,0.008941164893832993,-0.0006018399287497788
SOLUSDT,1691827200000,2023,SHORT,0.004751178034217093,-0.006123490470761972,1691830800000,-0.0014294176536903528,-0.0037122444573017997,-0.01093395711569767
SOLUSDT,1691884800000,2023,SHORT,0.005056669164656753,-0.03212600928952213,1691888400000,0.0033813734818368833,0.003260413055908631,0.006369705068038098
SOLUSDT,1691971200001,2023,SHORT,0.0030099698827088213,-0.013128330981022967,1691974800001,-0.0013973370677391407,-0.004349974029329408,-0.007375571234789053
SOLUSDT,1692144000000,2023,SHORT,0.01744899633294767,-0.009949655506807651,1692147600000,-0.0030957186704350225,0.014220548942135673,0.023957557883657447
SOLUSDT,1692374400000,2023,SHORT,-0.07742902086304104,-0.014504300332960143,1692378000000,-0.005964559188075001,-0.0014592014639370978,-0.016445126509461894
SOLUSDT,1692662400000,2023,SHORT,-0.09650809689190809,-0.08821986724476844,1692666000000,0.002033530293346782,0.008301952376354838,0.010495667787079463
SOLUSDT,1692806400000,2023,SHORT,-0.08698772855060802,-0.08486958805714818,1692810000000,-0.003058466094278642,-0.01584922959003306,-0.031725135360256
SOLUSDT,1692892800000,2023,LONG,-0.016102930822309378,0.0016169937592225463,1692896400000,-0.0030444319965914632,-0.012329905307663688,-0.02734883981479005
SOLUSDT,1693238400001,2023,SHORT,-0.09627602811801064,-0.08460587197678542,1693242000001,-0.0005828355111806942,0.007558983591465874,0.007167440908311893
SOLUSDT,1693353600000,2023,SHORT,-0.07202784083072089,-0.03679347296229221,1693357200000,0.00018476604052753483,-0.0017074694381185602,0.01203462239865848
SOLUSDT,1693584000001,2023,SHORT,-0.1356193859309154,-0.12453393780916232,1693587600001,0.011865869121617181,0.0007763372798890386,-0.011317575403367426
SOLUSDT,1693843200000,2023,SHORT,-0.07887855758066195,-0.08089550403439374,1693846800000,0.0004120525425285254,-0.00030892802222833086,0.007443048782089779
SOLUSDT,1694016000001,2023,SHORT,0.0012760999290365631,-0.0557374769421241,1694019600001,-0.015758057371191014,-0.01075472840613576,-0.019367343753830427
SOLUSDT,1694073600000,2023,SHORT,-0.1161720016221564,-0.09000040242346592,1694077200000,0.0011275113945613965,0.0054957892763649215,-0.009837231142466107
SOLUSDT,1694361600000,2023,LONG,-0.04231263544362602,0.022521924299465524,1694365200000,-0.004996401889200022,0.015713745670315964,0.007612989822470199
SOLUSDT,1694448000001,2023,LONG,-0.010409036567488853,0.034542539977122796,1694451600001,0.003382762429689205,-0.005436334811131652,0.018187915673340667
SOLUSDT,1694649600000,2023,LONG,-0.021578926871021798,0.06096094902758275,1694653200000,-0.019191025217189638,-0.028712626980873814,-0.02131090517795245
SOLUSDT,1695369600000,2023,SHORT,0.03497268893098729,-0.018258857720359498,1695373200000,0.0005077946587559916,0.00641713432063354,0.019479803990406434
SOLUSDT,1695657600000,2023,SHORT,-0.042081557015198626,-0.024765430691206586,1695661200000,0.00040874719555399004,0.007383134440499247,0.007125860004440569
SOLUSDT,1695744000000,2023,SHORT,-0.05785750424579015,-0.027501472878247682,1695747600000,0.00265632073690298,0.0032823641630262282,0.015991951767975382
SOLUSDT,1695916800000,2023,SHORT,0.012596299911036965,-0.0036632691690166885,1695920400000,-0.006948730187404141,-0.009237351656784985,-0.03555795867661382
SOLUSDT,1696003200000,2023,LONG,0.02271067665780792,0.05064658236086573,1696006800000,-0.002431581973703046,0.003562244020259394,-0.0022825395708636195
SOLUSDT,1696320000000,2023,LONG,0.10839561848382825,0.0387805930955132,1696323600000,0.00989758571601018,0.0027015248865199736,-0.01873610783343332
SOLUSDT,1696464000000,2023,LONG,0.03193645514775674,0.01697427746379238,1696467600000,-0.00783116021226812,-0.009284959587491098,-0.016542726946644465
SOLUSDT,1696608000000,2023,SHORT,-0.01163582005336904,-0.022016667852137534,1696611600000,-0.010969964169703578,-0.001537936051595132,-0.019601414991368544
SOLUSDT,1696896000000,2023,LONG,-0.0346628433099793,0.004739352566649545,1696899600000,0.0008654656973131871,0.005816083279682844,0.005544208702812258
SOLUSDT,1697097600000,2023,SHORT,-0.03440151196193069,-0.003528454019188358,1697101200000,0.007311275948409267,0.0012148398840129341,0.009571696030255025
SOLUSDT,1697385600000,2023,SHORT,-0.015646392495030297,-0.015715732066787932,1697389200000,-0.004440077786241832,-0.012310372943064694,-0.015341843716984662
SOLUSDT,1697500800000,2023,SHORT,-0.06377469717783324,-0.04755340974430437,1697504400000,-0.020049754444354397,-0.01190365940475506,-0.0036069325688059934
SOLUSDT,1697616000000,2023,LONG,0.0780332700625627,0.04371440824077276,1697619600000,-0.00689153818658608,-0.009409374178927144,-0.013366774199047431
SOLUSDT,1697702400001,2023,LONG,0.0578023464447408,0.028114786683316923,1697706000001,0.008306113699087533,0.016502369356242937,0.05515079264105027
SOLUSDT,1697788800005,2023,LONG,-0.000763843960515004,0.03287629173195219,1697792400005,-0.001449841329081624,-0.005699931609847701,-0.005737293138685689
SOLUSDT,1698048000001,2023,LONG,0.045234424147621466,0.03596576004452682,1698051600001,-0.02373423349008067,-0.022719897455045587,-0.015077920490993069
SOLUSDT,1698220800000,2023,SHORT,0.04491693162969867,-0.013653748665234812,1698224400000,-0.00926094613099744,-0.0620435642753701,-0.03752597167565779
SOLUSDT,1698422400000,2023,SHORT,0.01963230546810979,-0.01933511519960656,1698426000000,0.0016315776579188253,-0.006780110646245067,-0.010509834619278628
SOLUSDT,1698825600000,2023,LONG,0.013666906782040222,0.09806516732023093,1698829200000,0.01571878060896646,0.018675326664730853,0.08914828214070229
SOLUSDT,1698998400000,2023,SHORT,0.019353673313990166,-0.0013372319948774009,1699002000000,0.012740989204670386,-0.013663942862420854,-0.007982754987994604
SOLUSDT,1699228800000,2023,SHORT,0.008423201897263808,-0.00833423261661094,1699232400000,0.007010447644332829,0.03077316425663257,0.024606496622219757
SOLUSDT,1699430400000,2023,SHORT,0.08135275071854678,-0.004711236254871057,1699434000000,0.005229884399142676,0.0006436189997832981,0.009535645947442101
SOLUSDT,1699776000000,2023,SHORT,0.10210496513312159,-0.07466604854258545,1699779600000,0.015163750642100097,0.026894589008379467,0.05551753174001528
SOLUSDT,1699948800000,2023,SHORT,0.07233621881277073,-0.07641953891781476,1699952400000,0.02046433742195033,0.04114927320097058,-0.0007940518716504335
SOLUSDT,1700208000001,2023,SHORT,0.03464800952615663,-0.14821245141820943,1700211600001,0.019007348107376587,-0.0014263642023673063,0.01432495551046943
SOLUSDT,1701043200000,2023,SHORT,0.005472132314302222,-0.015181908081936259,1701046800000,0.0069047955490579935,0.009141229370751139,0.05579619001575728
SOLUSDT,1701388800000,2023,SHORT,0.04868325231815156,-0.01360280944570402,1701392400000,-0.022796548944037556,-0.03055038409343821,-0.029083588613196616
SOLUSDT,1701561600000,2023,SHORT,0.030555075617383586,-0.027965820731800015,1701565200000,0.0010573984388666747,0.020847146333165673,0.040972618268799124
SOLUSDT,1701705600000,2023,SHORT,0.03580599802428599,-0.03964881654937671,1701709200000,0.0018060919448546885,-0.011531030422620487,0.010786310107733092
SOLUSDT,1702022400000,2023,SHORT,0.03372912421001806,-0.553686882805832,1702026000000,-0.006868807903207304,-0.035849919156226734,-0.038781333036955516
SOLUSDT,1702195200000,2023,SHORT,0.1356707268716609,-0.022153902532113124,1702198800000,0.019167142609604115,-0.008066007848754496,-0.03038875805336429
SOLUSDT,1702310400000,2023,SHORT,0.05284733355616638,-0.0366518001173831,1702314000000,0.009996655852604302,0.013605652055778485,0.003858287636895438
SOLUSDT,1702368000000,2023,SHORT,0.02941262307756467,-0.4709195593658878,1702371600000,-0.002105396027329033,0.012245796135761442,0.05560374902054452
SOLUSDT,1702713600000,2023,SHORT,0.1839699574521071,-0.024224467110803057,1702717200000,0.0010690918474915686,-0.0314608156976794,0.00500343419014444
SOLUSDT,1702800000000,2023,SHORT,0.015187494481968739,-0.035779644935046394,1702803600000,-0.0026015295226785953,-4.112941370607536e-05,-0.014522695610351815
SOLUSDT,1703520000000,2023,SHORT,0.03676057621204121,-0.032826349698899096,1703523600000,-0.011178292956413139,0.021393971974587957,0.015419433287848429
SOLUSDT,1703606400000,2023,SHORT,0.02109249725262447,-0.03574994202216421,1703610000000,0.049901079257625505,0.0441967172644441,0.013273895368098287
SOLUSDT,1704240000000,2024,SHORT,0.016888224349664784,-0.017045306120938172,1704243600000,-0.007797870770539817,-0.005995210666117431,0.06918238160386793
SOLUSDT,1705507200000,2024,SHORT,0.027418811952572057,-0.0186252400373829,1705510800000,-0.003759972894459884,-0.025149187881184077,-0.012928590891402794
SOLUSDT,1705593600000,2024,SHORT,0.0045535767653810295,-0.03715814097162684,1705597200000,0.002070675591627335,0.02053963095206099,0.02053963095206099
SOLUSDT,1706774400000,2024,SHORT,0.010532708005216886,-0.12773129633902597,1706778000000,-0.007505491605905847,-0.000892721230958271,-0.020910018161584415
SOLUSDT,1707033600004,2024,SHORT,0.002852011566562201,-0.057396416164647406,1707037200004,-0.007192382553331742,-0.01226908222494494,-0.00085919996176097
SOLUSDT,1708070400000,2024,SHORT,0.027999411555340584,-0.015535550871255003,1708074000000,-0.0003955305104468468,-0.01673548659212855,0.01530246890119877
SOLUSDT,1709107200000,2024,SHORT,0.012799224016617917,-0.02571713211299903,1709110800000,-0.014291154441030473,-0.008620704215622586,-0.01660731065886078
SOLUSDT,1709539200000,2024,SHORT,0.060276344494303746,-0.0012575832125201667,1709542800000,-0.017520360561934394,-0.00556083056997658,0.01858021599051307
SOLUSDT,1709683200000,2024,SHORT,0.08204337900343713,-0.0038176584710045134,1709686800000,0.012090118769338987,-0.018520159912272724,-0.03623602101470791
SOLUSDT,1710921600004,2024,SHORT,0.06440428999916456,-6.679654286045478e-05,1710925200004,-0.0016985216442423764,-0.022715845371994652,-0.08673385279577253
SOLUSDT,1710979200000,2024,SHORT,0.003314708123339651,-0.05435024839306064,1710982800000,0.00705309877915743,0.022920021918122497,0.018135564099963076
SOLUSDT,1711094400000,2024,SHORT,0.06888640472444008,-0.051947963942202954,1711098000000,0.005534323736158455,0.024418248644102965,0.03490006837604976
SOLUSDT,1712217600000,2024,SHORT,0.0057348975591057045,-0.026774068355543593,1712221200000,0.0014551728564196334,-0.0068966715953044325,0.016447533787783446
SOLUSDT,1713139200000,2024,SHORT,0.031286411950776465,-0.047530942076759244,1713142800000,0.001260647411564512,0.0013415988609769439,-0.01645750972451062
SOLUSDT,1713254400000,2024,SHORT,-0.030371488388065703,-0.029268663910172334,1713258000000,0.00512940177364803,0.022749368224254964,0.01921388076703576
SOLUSDT,1713340800000,2024,SHORT,-0.030981883825188433,-0.019389651168496308,1713344400000,-0.0024200879009428243,0.04859836025301547,0.039487280733779925
SOLUSDT,1713398400000,2024,SHORT,0.0011902929205977568,-0.03907874155441659,1713402000000,-0.009111234380187476,-0.015656043953197186,-0.007926204615769357
SOLUSDT,1713484800001,2024,LONG,0.022503899141007963,0.062496085573201896,1713488400001,-0.04387920917264695,0.008108766171505287,0.04017305085523942
SOLUSDT,1713686400000,2024,LONG,0.1082026429386786,0.12397476358907274,1713690000000,-0.003404658079952388,-0.010022270663997329,-0.015490162175651018
SOLUSDT,1713801600000,2024,LONG,0.07745907190660206,0.04257075816846099,1713805200000,0.009900557080120767,0.008931702448779756,0.008563291427184226
SOLUSDT,1714032000000,2024,SHORT,0.054313286885417325,-0.02893038669891318,1714035600000,0.0011550147027749964,0.019944437723746277,-0.006223634415152221
SOLUSDT,1714089600001,2024,SHORT,0.0038623153439217286,-0.04161740067835334,1714093200001,-0.00392864750813362,-0.0003006015549054755,-0
SOLUSDT,1714233600000,2024,SHORT,-0.10375038386565331,-0.09587331110368394,1714237200000,-0.024808105750708753,-0.02172371413475725,-0.034270523802925494
SOLUSDT,1714550400000,2024,SHORT,-0.13229360998100326,-0.07721022451286332,1714554000000,0.0032977553100837853,-0.021477236987789444,-0.08324990731927734
SOLUSDT,1714723200000,2024,LONG,0.10380293343401933,0.07954715892449071,1714726800000,0.008228231764011851,0.03218309617207448,0.04543843248518068
SOLUSDT,1714780800000,2024,LONG,0.09873362960677054,0.08667924091521505,1714784400000,-0.004813252667359635,0.008608652090753982,0.02614769750888297
SOLUSDT,1715068800000,2024,LONG,0.18280079772661156,0.16335401618355405,1715072400000,-0.006613227705288981,-0.020010998121229667,-0.045155403575885315
SOLUSDT,1715529600000,2024,SHORT,0.0023013257481564907,-0.03469631409593161,1715533200000,-0.002571519612446302,0.0018517244287873332,0.04349646364739623
SOLUSDT,1715587200001,2024,SHORT,-0.03199040344622593,-0.07313796924488429,1715590800001,-0.010016502411382593,-0.009290156584031699,-0.02886654961709581
SOLUSDT,1715760000000,2024,SHORT,0.029179822977519646,-0.03047722928783969,1715763600000,-0.0059073127577873984,-0.03229510964021164,-0.08268620971927307
SOLUSDT,1716451200000,2024,SHORT,0.04499528151923826,-0.017343086627825664,1716454800000,0.008476325932767224,0.028565385826367452,0.0320083086374989
SOLUSDT,1716566400000,2024,SHORT,0.009242589088775168,-0.01017504977291547,1716570000000,-0.017155398939543574,-0.0144642629101638,-0.02506202658770978
SOLUSDT,1716912000000,2024,SHORT,0.022062242136556783,-0.0016045489489391405,1716915600000,-0.0008860472100449681,-0.01729683627028909,-0.0310823362512518
SOLUSDT,1717027200000,2024,SHORT,0.007479432028082076,-0.0007995343052751929,1717030800000,-0.002340544145766073,-0.011889312389699067,0.003306280471107757
SOLUSDT,1717142400000,2024,SHORT,0.012381664670582394,-0.04665584522144964,1717146000000,0.0012153179432146458,-0.015312707358740697,0.0025760703434256267
SOLUSDT,1717804800000,2024,SHORT,0.11651785594227806,-0.02219015360308837,1717808400000,-0.0051654913217491095,0.0009375656057436829,0.014056581016766795
SOLUSDT,1718755200001,2024,SHORT,0.03593179547803387,-0.007788028731793042,1718758800001,-0.00018852191623104227,-0.018970203814852163,-0.0035903042547832985
SOLUSDT,1718841600000,2024,SHORT,0.001600972355815402,-0.05430204931615764,1718845200000,0.0018065380843256937,0.007044661220638411,-0.02210079163865801
SOLUSDT,1718928000000,2024,SHORT,-0.0575800529102529,-0.0649588447719911,1718931600000,-0.009678835060523187,-0.0008195519990749306,0.013220254328748857
SOLUSDT,1719129600000,2024,SHORT,0.0643071214399733,-0.007245930942855812,1719133200000,-0.0013896477213368775,0.004539076203525375,0.029790994760975832
SOLUSDT,1719273600000,2024,SHORT,0.05563238830873024,-0.014043704195962734,1719277200000,0.0004994097988116725,-0.03041283341320771,-0.033636491977061936
SOLUSDT,1719676800000,2024,SHORT,0.0024612755322894328,-0.014244728211431981,1719680400000,-0.000984210531763157,0.008355482997773694,0.032874697757949455
SOLUSDT,1720137600000,2024,LONG,0.043867483505607686,0.05072814390760735,1720141200000,0.0003345327270332532,-0.024002664223564323,0.0016793137420832863
SOLUSDT,1720281600000,2024,LONG,0.04961541282081134,0.04280892705509101,1720285200000,-0.000505649946514188,0.00014041295473000978,-0.02111630266953307
SOLUSDT,1720713600004,2024,LONG,0.0933485736930017,0.1117494940589517,1720717200004,-0.0005137426262492894,-0.009543576056474516,-0.016013292540217626
SOLUSDT,1720800000000,2024,LONG,0.010016394127611156,0.025393743341175078,1720803600000,0.0036300561997663714,-0.002381479162009503,-0.001512197351321079
SOLUSDT,1721001600000,2024,LONG,0.1836317566668163,0.14361824218205899,1721005200000,0.004138152241517032,0.010514355337203086,0.013158606621401725
SOLUSDT,1721088000000,2024,LONG,0.19119256583203528,0.10984328072364499,1721091600000,0.0011575576196954256,0.0002847695758774297,-0.014124600627689728
SOLUSDT,1722499200000,2024,SHORT,0.04244142743883384,-0.019268840995369144,1722502800000,0.006583707977405816,-0.009721882452532674,0.027217858990479512
SOLUSDT,1722556800000,2024,SHORT,0.0005447506431515759,-0.031703959380972216,1722560400000,0.015244344843310983,0.010742237877207964,0.01847259050824339
SOLUSDT,1722614400000,2024,SHORT,0.02805577846685237,-0.008487727951375972,1722618000000,-0.0005960479606333441,0.007173897858374809,0.017738577867327465
SOLUSDT,1722672000000,2024,SHORT,0.04965935941208955,-0.017311182577494977,1722675600000,-0.004555302244793502,-0.01530972376793217,0.06511594409417104
SOLUSDT,1722729600000,2024,LONG,0.017245646481198314,0.0026125071809929394,1722733200000,0.000145807513511386,-0.007429537526799713,0.005663893721019473
SOLUSDT,1722873600000,2024,SHORT,-0.018606301117145934,-0.0020734209134200647,1722877200000,-0.023689898629339172,-0.005346000009842145,-0.07282998258137108
SOLUSDT,1722960000000,2024,LONG,-0.008687874251394284,0.062315901585055525,1722963600000,-0.015548306453909363,-0.0003190648034101079,0.03930450953126463
SOLUSDT,1723017600001,2024,LONG,0.03595291867854686,0.05566881540472651,1723021200001,-0.0063372933107204,-0.0033300671696819303,-0.06013720272739692
SOLUSDT,1723132800000,2024,LONG,0.06364351628502646,0.08864018469139733,1723136400000,-0.012431016211370435,-0.020344641430144573,-0.018304269605728105
SOLUSDT,1723248000000,2024,LONG,0.13565771054107098,0.11722117283873879,1723251600000,-0.0015901954248846108,-0.008464814746618731,-0.0025416425699888723
SOLUSDT,1723334400000,2024,LONG,0.08266257653161829,0.05203322582012154,1723338000000,0.0031055223799153256,0.001589476195285014,-0.020546542588836165
SOLUSDT,1723449600000,2024,SHORT,0.12447267285837116,-0.07747091610360421,1723453200000,0.0038467440092885227,-0.029682956108299036,0.010286399913342523
SOLUSDT,1723593600000,2024,LONG,0.043150138809640394,0.038864445953497945,1723597200000,-0.013588187609775232,-0.009220399637311767,0.026688088527369605
SOLUSDT,1723680000000,2024,SHORT,0.03035406908868364,-0.027803791439563907,1723683600000,0.004443436641754086,0.0019631976000245703,0.01450344179876951
SOLUSDT,1723766400000,2024,LONG,-0.04623840110268825,0.004670483740720365,1723770000000,0.0003875791502750644,0.0037777705457481565,-0.01961614773999351
SOLUSDT,1723852800000,2024,SHORT,-0.0074359086529537,-0.028803739733534672,1723856400000,-0.002998093389119618,-0.003385679165267219,-0.005607806726527378
SOLUSDT,1723939200000,2024,SHORT,-0.03125084041741856,-0.006654114010614639,1723942800000,0.008902230061003569,0.009341283129743588,-0.01995300419835065
SOLUSDT,1724140800000,2024,LONG,0.002743105457180629,0.07099480485198245,1724144400000,0.002467036264698534,-0.002034240310264654,-0.018396149129173065
SOLUSDT,1724284800000,2024,SHORT,-0.053824592056250155,-0.02419139389718001,1724288400000,-0.003720719426448581,0.0021082376623634733,-0.005146475528245328
SOLUSDT,1724428800000,2024,LONG,0.06293540396227795,0.03424103525407697,1724432400000,0.021555073233095075,0.039477742980103106,0.06036288999023789
SOLUSDT,1724601600000,2024,LONG,0.22782351423259545,0.1923456038440535,1724605200000,0.0024688345888949663,-0.0009439127770361668,0.012314733712875373
SOLUSDT,1724803200000,2024,LONG,0.08289127219312549,0.07495417989627948,1724806800000,0.0067018289691351636,0.010046154555003116,0.011334674698556655
SOLUSDT,1725004800000,2024,SHORT,-0.06651959185617073,-0.07460752412214396,1725008400000,-0.0022788194402919705,-0.003166010323214465,0.022212496350690156
SOLUSDT,1725264000001,2024,SHORT,-0.02284995177369161,-0.06964086937819652,1725267600001,-0.013711422499867494,-0.015442551354584187,-0.035547089690434006
SOLUSDT,1725408000000,2024,SHORT,0.010655587090390215,-0.0063048085227465885,1725411600000,-0.0008130306360483962,-0.008868052361822447,-0.015405655025939918
SOLUSDT,1725465600000,2024,SHORT,-0.07787031835017488,-0.0009934064254299361,1725469200000,0.009460595395778955,-5.2309658242977916e-05,0.003480998405833255
SOLUSDT,1725580800000,2024,SHORT,0.055864431609711926,-0.027598398651651444,1725584400000,-0.006810661394590894,-0.007762304201308502,-0.031173806568210276
SOLUSDT,1725724800000,2024,SHORT,-0.11252210940676405,-0.08488862417808206,1725728400000,0.005491709382618382,0.0017276586675153826,-0.007776666324140468
SOLUSDT,1725868800000,2024,LONG,0.005181706164317716,0.003192737011170587,1725872400000,-0.00400264292010981,-0.005371377982017304,0.035528615167729836
SOLUSDT,1725955200000,2024,LONG,0.06294803769894912,0.10737401185512954,1725958800000,-0.0008474387786657069,-0.0015467447088595248,0.007425181155243426
SOLUSDT,1726012800000,2024,LONG,0.11865874422705507,0.1008837837545713,1726016400000,-0.015871045980999875,-0.024314173153093373,-0.02660101346516794
SOLUSDT,1726272000000,2024,LONG,0.08404698847774937,0.13245780989436895,1726275600000,0.004373064038555113,0.003956034862039758,-0.01119593485302662
SOLUSDT,1726502400000,2024,SHORT,-0.08053148661716217,-0.03204671198202088,1726506000000,-0.007256260738334022,0.0027712438043066704,-0.005976874669052296
SOLUSDT,1726675200004,2024,SHORT,-0.08275377612576608,-0.08493250568049618,1726678800004,-0.0021782701062298855,-0.014330976980767157,-0.07440060349906552
SOLUSDT,1727049600000,2024,LONG,0.18990681506721474,0.16098521831484314,1727053200000,0.007386523632418575,0.009798067507226362,-0.017075241968415353
SOLUSDT,1727107200000,2024,LONG,0.10203723197954756,0.01996820465609039,1727110800000,0.0022336863001753697,0.0015292177785688726,0.01645357588454959
SOLUSDT,1727942400000,2024,SHORT,0.02237886105031548,-0.005640844992463394,1727946000000,-0.008891354253571866,8.086005701364921e-05,0.00010291393463769892
SOLUSDT,1728057600001,2024,SHORT,-0.0172576177702577,-0.016363346922380284,1728061200001,0.0070642072937282495,0.0010021435574110774,0.010369090789312495
SOLUSDT,1728403200000,2024,LONG,0.041493266316290744,0.021522316292729233,1728406800000,-0.0029686019208594603,0.004872776290175598,-0.0032059127712667865
SOLUSDT,1728576000000,2024,SHORT,-0.047319284687108304,-0.04117903333861494,1728579600000,0.010502569208052377,0.0033819858201227207,-0.021431900398808504
SOLUSDT,1728748800000,2024,LONG,0.10757047304610082,0.08440562904767795,1728752400000,0.003669153255700989,0.002027200666936203,-0.003422106016400838
SOLUSDT,1730044800000,2024,LONG,0.07878319832949932,0.10990819149740694,1730048400000,-0.0029486837355931304,0.0011883542693784915,-0.0080728124605491
SOLUSDT,1730793600003,2024,SHORT,0.025297895683663477,-0.020384695522602567,1730797200003,0.004379884241797902,-0.005218417465844072,-0.025943919949559635
SOLUSDT,1734566400000,2024,LONG,0.10176327335380483,0.11147277275897341,1734570000000,-0.023040925958444692,-0.003224800041534626,-0.0017314355999233462
SOLUSDT,1734652800000,2024,LONG,0.06957236184294814,0.09830809234562557,1734656400000,-0.005651764517575022,-0.002462297335161215,-0.060727096582113435
SOLUSDT,1734883200000,2024,LONG,0.04650116066369339,0.04588454267706751,1734886800000,-0.006972112456926275,-0.010891196765450214,0.010232495529268644
SOLUSDT,1735027200000,2024,LONG,0.08473846856490429,0.1657880460309019,1735030800000,-0.0014540924872021158,-0.006246766799620008,0.009091910961190426
SOLUSDT,1735286400000,2024,LONG,0.14338926302272023,0.07513346730597345,1735290000000,0.021425088148704603,0.009747949781504023,-0.015635741042951824
SOLUSDT,1735401600000,2024,LONG,0.06932413249135339,0.08272754500363512,1735405200000,0.011413349809365954,0.003318644476957527,0.009305759135368007
SOLUSDT,1735459200000,2024,LONG,0.11434389941756026,0.1701400855525803,1735462800000,0.007855179386134892,0.003986308748875434,-0.015585803447034542
DOGEUSDT,1672531200000,2023,SHORT,-0.15571788071462758,-0.12560671162860357,1672534800000,-0.001861531288619542,0.00863687533865185,0.0031581995816932188
DOGEUSDT,1675209600013,2023,SHORT,0.008084220446657644,-0.026734590828483094,1675213200013,-0.008433530904743256,0.01977933728579344,0.03019949018225713
DOGEUSDT,1675296000004,2023,SHORT,0.018542348040042178,-0.08238948187894533,1675299600004,0.007441212347664425,0.015574344055941991,0.015256227304412411
DOGEUSDT,1675382400010,2023,SHORT,0.0031245807830968665,-0.032953910872867885,1675386000010,0.000437732552404165,-0.007846596492380137,-0.010556772144414346
DOGEUSDT,1675584000009,2023,SHORT,0.0023005277622039338,-0.07572944753576864,1675587600009,0.007187156608224711,0.04326833326991092,0.053070197849846144
DOGEUSDT,1676016000005,2023,SHORT,-0.02936182258758865,-0.11564257948287089,1676019600005,0.0025570790188909217,0.009285344660253703,-0.00799422862063087
DOGEUSDT,1676102400002,2023,SHORT,-0.11798146776277196,-0.12531700700437007,1676106000002,-0.00012273703605458964,-0.0034309554548123166,-0.003186277205487809
DOGEUSDT,1676188800000,2023,SHORT,-0.09916525567921743,-0.09779988061103392,1676192400000,-0.0304824516481307,-0.025247460513634946,-0.029651443112149945
DOGEUSDT,1677312000015,2023,SHORT,-0.139951381215898,-0.14629834852811247,1677315600015,0.002335157455153227,0.004552453263800685,0.02624365524784848
DOGEUSDT,1677398400012,2023,SHORT,-0.1320595157332094,-0.12779712022883177,1677402000012,-0.005780007483223528,-0,-0.013962259885933182
DOGEUSDT,1677484800003,2023,SHORT,-0.1588386188625417,-0.1564483781638081,1677488400003,-0.0014825799602228961,0.001113379220598602,0.0032198170231961852
DOGEUSDT,1677830400013,2023,SHORT,-0.1706661804841931,-0.1254016491205314,1677834000013,0.001582696188990821,0.0014507091235314287,-0.0038145393178832115
DOGEUSDT,1678464000005,2023,SHORT,-0.11976163787957302,-0.07230431873212095,1678467600005,0.004162497338218424,-0.005523180656110287,-0.01693275144984956
DOGEUSDT,1679702400015,2023,SHORT,0.009755052436062468,-0.0975872560490379,1679706000015,0.005459037590086697,0.003991490131715584,0.005325535153468728
DOGEUSDT,1679817600015,2023,SHORT,-0.010031417866029329,-0.05445636929244468,1679821200015,0.0014730501491869979,-0.00040136464516318067,0.014285957247476541
DOGEUSDT,1679932800000,2023,SHORT,-0.055392840107172533,-0.1228172859602757,1679936400000,0.005679865654165325,-0.0008285004616413157,-0.0012424934296739246
DOGEUSDT,1679990400000,2023,SHORT,-0.03611248296142366,-0.043262180365460735,1679994000000,0.002772004547010378,-0.00262630602267122,-0.018784400958333638
DOGEUSDT,1680566400002,2023,SHORT,0.0493122812902208,-0.061331748112743285,1680570000002,-0.046690882786098786,-0.019992158837954403,-0.060435054345644966
DOGEUSDT,1680681600016,2023,SHORT,0.19796447355070534,-0.004998327647873796,1680685200016,0.0030975760441342808,-0.006883470956002862,0.04200396424900728
DOGEUSDT,1681171200008,2023,SHORT,0.001996075856555493,-0.03162098238014359,1681174800008,0.0008246451548200581,0.00483976627866438,-0.0009416196552612729
DOGEUSDT,1681315200014,2023,SHORT,0.039908922730387326,-0.055798255407029484,1681318800014,-0.011040451846233663,-0.008261497602093866,-0.016095222507857696
DOGEUSDT,1681516800007,2023,SHORT,0.027507372244978776,-0.13495777747186669,1681520400007,0.002950189363194823,-0.0006795786873839003,-0.01907812324971361
DOGEUSDT,1681776000013,2023,SHORT,0.0034758187895489764,-0.11806080146905425,1681779600013,0.009795906851647686,-0.012408997805257137,-0.021454935001259466
DOGEUSDT,1681977600012,2023,SHORT,0.087254860881336,-0.21126753281346844,1681981200012,-0.006112888809206085,-0.010889795080949085,0.09227089639687394
DOGEUSDT,1682064000009,2023,SHORT,-0.01857675537711291,-0.031560296100757904,1682067600009,0.0003566545838198265,0.002022726610289873,0.08635244109321044
DOGEUSDT,1682179200016,2023,SHORT,-0.008268670917298064,-0.02165431467292038,1682182800016,-0.0034847577268092345,0.0029966310350346484,-0.00037394827484689625
DOGEUSDT,1682409600009,2023,SHORT,-0.03412405942233644,-0.03689507360682008,1682413200009,0.0014027930630418411,-0.0017825316662833468,-0.011404076963402286
DOGEUSDT,1682582400008,2023,SHORT,-0.04377356770791241,-0.21063809185005455,1682586000008,0.0036439067774869183,0.004273510777381938,-0.004879584283213426
DOGEUSDT,1683014400018,2023,SHORT,0.02616709810294216,-0.0004868153411108307,1683018000018,0.003703944460659863,0.002425171907882833,-0.004452083929451306
DOGEUSDT,1683590400015,2023,LONG,0.036054315842360324,0.008277529982857391,1683594000015,0.0026230428513690364,0.0041385077690858935,0.01127159699871317
DOGEUSDT,1683676800007,2023,LONG,0.02007905696432604,0.04011206447929541,1683680400007,0.001093344375691482,0.0028674833603202026,0.013176853019181308
DOGEUSDT,1683734400000,2023,SHORT,0.0454769388091141,-0.13710982067284339,1683738000000,0.024414873385697644,0.001763070911704615,0.015154908109882733
DOGEUSDT,1683907200010,2023,SHORT,0.08587518334278574,-0.12011542490410643,1683910800010,-0.001967398048870677,-0.0016865780526415341,-0.009380537809148977
DOGEUSDT,1684771200012,2023,SHORT,0.017698463045446318,-0.23375391898483486,1684774800012,-0.002608279328932305,-0.004388979751524673,-0.009303665411917272
DOGEUSDT,1685059200000,2023,SHORT,0.015594395313739828,-0.0009529520996859047,1685062800000,0.00226436553021046,0.00028276544794640033,-0.0007065640087634079
DOGEUSDT,1686240000000,2023,SHORT,0.015193626050977392,-0.017883010588661874,1686243600000,-0.0011822079107055815,-0.003984362977801914,-0.0029529033711397324
DOGEUSDT,1686528000000,2023,SHORT,-0.07892696736200432,-0.08188243688154481,1686531600000,0.0011403438557559009,0.007845741455113343,0.002771665587840029
DOGEUSDT,1686614400000,2023,SHORT,-0.061854418928096365,-0.05600950015401111,1686618000000,-0.005694312954274615,-0.008610239206329888,-0.007153338908164145
DOGEUSDT,1686729600000,2023,SHORT,-0.09385314553727934,-0.08652826113483375,1686733200000,-0.0008084728389271808,-0.0030687256578162993,0.048895313663800295
DOGEUSDT,1686816000000,2023,LONG,-0.07361062907354017,0.07624141138667333,1686819600000,0.013227706097550907,0.0161799798508525,0.026768984877096072
DOGEUSDT,1686960000000,2023,SHORT,0.0682295189266039,-0.006479666892256425,1686963600000,0.002423460270045794,-0.0006452653877705244,-0.00659431420564115
DOGEUSDT,1687075200000,2023,SHORT,-0.03924074131096682,-0.03938525776446236,1687078800000,-0.0009646302998802354,-0.0016072006031144662,0.006616662564725398
DOGEUSDT,1687852800000,2023,SHORT,-0.02600095606721324,-0.08191078394711261,1687856400000,-0.0007681081873920798,-0.006739189236892184,-0.007349596702816121
DOGEUSDT,1688054400000,2023,SHORT,-0.05469259123733899,-0.07746653597020911,1688058000000,0.0023784994960079323,0.0011092624542857338,-0.0313378204410086
DOGEUSDT,1688630400000,2023,SHORT,-0.018724443317505345,-0.026989064640566218,1688634000000,0.007340021210035555,0.027882571511339112,0.03512788622502315
DOGEUSDT,1688716800000,2023,SHORT,-0.042504879073310846,-0.06387730919846597,1688720400000,-0.004901970600206688,-0.0036787288574625884,0.0012292564547296333
DOGEUSDT,1688832000000,2023,SHORT,-0.0553735208232479,-0.06030345985215253,1688835600000,0.003058106358820996,0.002445736468282242,-0.010025908074229652
DOGEUSDT,1688889600000,2023,SHORT,-0.07496868738913137,-0.059843918179142086,1688893200000,0.0007605141441922175,-0.0034909347131660733,0.0044190548103255085
DOGEUSDT,1689004800000,2023,SHORT,-0.06219330334127408,-0.05881208792529439,1689008400000,0.0010831722529056884,-0.014432923652756478,-0.00847005910782395
DOGEUSDT,1689235200000,2023,SHORT,-0.05291941286502476,-0.04355053687854058,1689238800000,-0.005833605736050423,-0.0035349302928070737,-0.07058257464986976
DOGEUSDT,1689408000000,2023,SHORT,0.026813423431873283,-0.13130274321333263,1689411600000,0.0008136696950134991,0.013373561766044437,0.015987223065460545
DOGEUSDT,1690099200000,2023,SHORT,0.0262323376915928,-0.037026921000314565,1690102800000,0.00013916916033872423,-0.002362917215898854,-0.004720264213408058
DOGEUSDT,1690444800000,2023,SHORT,0.013987573826194671,-0.06052641673693254,1690448400000,-0.008330226133942896,-0.006820791885088498,0.025155330527679567
DOGEUSDT,1690790400000,2023,SHORT,-0.055321402708890764,-0.1549107210651884,1690794000000,0.0017670079064372836,-0.00402718893136891,0.02774581869489433
DOGEUSDT,1690876800000,2023,SHORT,-0.11500046918247409,-0.06950838589839413,1690880400000,0.0025974040576856173,0.001297858715599952,-0.001684702011888691
DOGEUSDT,1692230400000,2023,SHORT,-0.02876570906544022,-0.009555231384530068,1692234000000,-0.009186610762203139,-0.011543712619584562,-0.0008927243562681015
DOGEUSDT,1692374400000,2023,SHORT,-0.11305612526110678,-0.15746420679514828,1692378000000,-0.003188269877533948,-0.007317881845396497,-0.02038790492069779
DOGEUSDT,1692432000000,2023,SHORT,-0.17596596262350533,-0.14884838062218417,1692435600000,-0.0007859781902698442,0.0031501049832412943,0.00299236383613616
DOGEUSDT,1692518400000,2023,SHORT,-0.1708625100412954,-0.12166954453114967,1692522000000,-0.00031167212345175054,-0.00015584820416511525,0.0017159352155157732
DOGEUSDT,1692604800000,2023,SHORT,-0.14290080151716522,-0.14180736709276567,1692608400000,0.0019032519623104543,0.011153716650196504,0.0082737146595379
DOGEUSDT,1692691200000,2023,SHORT,-0.11575193681166168,-0.14318296842023662,1692694800000,0.0009549578952686258,-0.0022246950221111086,0.01296951971880527
DOGEUSDT,1692777600000,2023,SHORT,-0.13728167217309484,-0.14439600371286587,1692781200000,0.0012602396122876661,0.008855212829732326,-0.006590326692815175
DOGEUSDT,1692892800000,2023,SHORT,-0.14152294311911698,-0.12934811676805824,1692896400000,0.00015922299213650965,0.00831339720023536,0.015078886923392008
DOGEUSDT,1693036800000,2023,SHORT,-0.1348909336395432,-0.11391574225507949,1693040400000,0.0036534072881395335,0.004290147201406941,0.004767968346119371
DOGEUSDT,1693180800000,2023,SHORT,-0.12869393897498174,-0.13982976882525014,1693184400000,0.0012779554454919577,0.00239750774155742,-0.003187761704872699
DOGEUSDT,1693353600000,2023,SHORT,-0.1652552557442985,-0.12752308701156095,1693357200000,0.0034925249987060795,0.004710181161332973,0.009901825132515162
DOGEUSDT,1693468800000,2023,SHORT,-0.09027171501419987,-0.12029804502038224,1693472400000,0.005272287576198292,-0.00030043563392579987,0.046591561234511185
DOGEUSDT,1693728000000,2023,SHORT,-0.04550775599098428,-0.04685767854526779,1693731600000,0.0003160556284209889,0.001581278001850139,0.0007903264459426856
DOGEUSDT,1693872000000,2023,SHORT,-0.11143886739351946,-0.10370940934904288,1693875600000,-0.0019047624806541037,-0.008385461682117923,-0.019042199425384747
DOGEUSDT,1693987200000,2023,SHORT,0.01304846529928151,-0.009651048669885925,1693990800000,-0.0010945196933496227,0.0018791111072752134,0.011011594670547699
DOGEUSDT,1694131200000,2023,SHORT,-0.0886266213243745,-0.07128776701270706,1694134800000,0.005650619335809997,0.001723193032340272,0.01513985707540977
DOGEUSDT,1694217600000,2023,SHORT,-0.10574496270120094,-0.060149920096869584,1694221200000,-0.001415873751832724,0.00015744312399679412,0.00031491104023419013
DOGEUSDT,1694419200000,2023,SHORT,-0.04950096605497689,-0.08506766065040848,1694422800000,0.010296732306639128,0.016724442941194642,0.021364822497696927
DOGEUSDT,1694505600000,2023,SHORT,-0.04515567797927767,-0.06608724875997415,1694509200000,-0.007042859346471,-0.011602385239370488,-0.005082394742089374
DOGEUSDT,1694707200000,2023,SHORT,-0.08437016329284837,-0.06679664712389381,1694710800000,-0.005817728108891945,-0.0040436771638092586,-0.006623075659869533
DOGEUSDT,1694822400000,2023,SHORT,0.0017446970169673456,-0.027305296635057884,1694826000000,-0.002563282403164853,0.0008023750731368471,0.0017660757580644853
DOGEUSDT,1694908800000,2023,SHORT,-0.05429245488397991,-0.04566606883939738,1694912400000,-0.0009713453896318809,-0.007583739452915057,-0.008868880192040922
DOGEUSDT,1695024000000,2023,SHORT,-0.060564271793970025,-0.07490299065549244,1695027600000,-0.005324740293719504,-0.014615212370970389,0.00032362459829375693
DOGEUSDT,1695110400001,2023,SHORT,-0.0667373173775764,-0.026732040408609364,1695114000001,-0.0052745267332697885,-0.00272065463489024,-0.002241076654313237
DOGEUSDT,1695254400001,2023,SHORT,-0.04992320736416008,-0.045678319302836126,1695258000001,-0.0012806148700680914,-0.00877128659922582,0.01159993674067718
DOGEUSDT,1695369600000,2023,SHORT,-0.07987232288070917,-0.07496119441784099,1695373200000,0.0003243593930481487,0.003085670333006409,0.005691534999788097
DOGEUSDT,1695628800000,2023,SHORT,-0.10702988665058615,-0.1307222433197535,1695632400000,0.0032965251544080456,0.0009878170049211884,0.00016456841969167483
DOGEUSDT,1695686400000,2023,SHORT,-0.0966710583812688,-0.09885946260021497,1695690000000,-0.002953727122867384,-0.002462044739775125,0.0034570780994199737
DOGEUSDT,1696147200000,2023,SHORT,-0.03368309552210172,-0.04832467153125755,1696150800000,-0.0009615385356213706,-0.00607418747386193,0.007402673006890512
DOGEUSDT,1696262400000,2023,SHORT,0.008350526050099942,-0.04786738874269731,1696266000000,-0.002397507741557446,0.007710881579203636,0.004169345359863727
DOGEUSDT,1696406400000,2023,SHORT,-0.1007744201637821,-0.08930536400237206,1696410000000,-0.0009813543476493538,0.0009823183501104522,0.0001636527292743915
DOGEUSDT,1696492800000,2023,SHORT,-0.08448318587723001,-0.09138467648533469,1696496400000,-0.0006555228028903976,0.001969150619880872,0.00032792261320256644
DOGEUSDT,1696838400000,2023,SHORT,-0.08359962794519835,-0.06008425070069756,1696842000000,0.02088321091642407,0.019692633345736045,0.02071304159754157
DOGEUSDT,1697011200000,2023,SHORT,-0.06428046190181061,-0.04390460834561511,1697014800000,-0.003396742396358766,-0.00017011142339234692,0.011291822288689194
DOGEUSDT,1697126400000,2023,SHORT,-0.08304467402262682,-0.07443595242362545,1697130000000,-0.0026066571367322987,-0.006590381120035491,-0.006936043066097258
DOGEUSDT,1697299200000,2023,SHORT,-0.075101335996138,-0.06403358361101467,1697302800000,0.001855131656079011,-0.0020198626628252655,-0.0011787489787846508
DOGEUSDT,1697702400001,2023,SHORT,-0.12303836613980679,-0.09827828110558554,1697706000001,0.00017230981347024363,-0.003611664429822844,-0.010966525258793804
DOGEUSDT,1698192000000,2023,SHORT,0.0025179348562745507,-0.03010050098186474,1698195600000,0.0001500487661303353,0.006019581758386039,0.008740260582923348
DOGEUSDT,1699430400000,2023,SHORT,0.003086250331210946,-0.03131715345146203,1699434000000,-0.00684520490455313,-0.0010768610543930507,-0.01444068415479421
DOGEUSDT,1699545600000,2023,SHORT,0.00047915546473795075,-0.006139417596720317,1699549200000,-0.00809043330534591,0.0005603810737847625,-0.03711766295650237
DOGEUSDT,1699776000000,2023,SHORT,0.034083988515267484,-0.02418749954143865,1699779600000,-0.0001258732458080599,0.01139397058705358,0.013560818672143973
DOGEUSDT,1700265600000,2023,SHORT,0.09724632265584744,-0.038579276721444095,1700269200000,-0.0051643307266548725,0.01374429218974,0.018288123994148527
DOGEUSDT,1700352000000,2023,SHORT,0.0451360434963473,-0.01559845401319537,1700355600000,0.004591259181094277,-0.003429663571397628,-0.0006360109608275903
DOGEUSDT,1700496000000,2023,SHORT,0.01698188637704999,-0.02855483435155568,1700499600000,-0.01556209432747477,0.0047792821445740204,0.032647633016087474
DOGEUSDT,1701100800000,2023,SHORT,0.05797638910057932,-0.006203583791808583,1701104400000,-0.0002561147408033148,0.013538985739962598,0.0053936178013156985
DOGEUSDT,1701734400000,2023,SHORT,0.013913124902077962,-0.020609899981644274,1701738000000,0.012094704883344853,0.019756726710283425,0.021876908277805834
DOGEUSDT,1701936000000,2023,SHORT,0.08208356518504571,-0.030129641648932323,1701939600000,0.0036728096274155006,0.00010475043219124094,0.025460163812322717
DOGEUSDT,1702195200000,2023,SHORT,0.021479507515279175,-0.05671264002364571,1702198800000,0.026736286419810965,-0.006623870063822283,-0.03317628621688991
DOGEUSDT,1702339200000,2023,SHORT,0.017646508298937928,-0.015066008282254111,1702342800000,-0.00344737870798099,0.004825352906264205,-0.006986836910700667
DOGEUSDT,1702512000000,2023,SHORT,0.028288400211175874,-0.0554175210626742,1702515600000,-0.0010370217666887498,0.011688715839472298,-0.009911293193121578
DOGEUSDT,1702713600000,2023,SHORT,0.026833013508157828,-0.03558580513866651,1702717200000,-0.0028764735116094853,-0.011456580171473444,-0.019963694439562873
DOGEUSDT,1703260800000,2023,SHORT,0.003410351639377388,-0.03953137516381035,1703264400000,-0.002660000504424926,-0.003191152585749565,0.010280664546478838
DOGEUSDT,1703404800000,2023,SHORT,0.0032284840923728912,-0.004083415315181939,1703408400000,-0.00989738298033656,-0.013174861200964557,0.0033210164970772886
DOGEUSDT,1704211200000,2024,SHORT,0.012214854329095703,-0.015094189656129691,1704214800000,0.0031568088045661126,0.013458269765950267,0.004793559674629072
DOGEUSDT,1705017600001,2024,SHORT,0.0008264318010355365,-0.0522085616001549,1705021200001,0.00725200824353786,0.007968169649176734,-0.002129926257824849
DOGEUSDT,1705104000000,2024,SHORT,0.0002117567995483694,-0.04439396610048227,1705107600000,-0.0023799096847187118,-0.010355029835895648,-0.0076207502303125545
DOGEUSDT,1705593600000,2024,SHORT,0.004582681647805844,-0.02829998171065968,1705597200000,0.0025458262222568875,0.010864809374824582,0.012923217408967338
DOGEUSDT,1705996800000,2024,SHORT,0.019358648817020513,-0.051334383103921834,1706000400000,0.01569164029625822,0.008844510644784004,0.020499654236532834
DOGEUSDT,1707580800000,2024,SHORT,0.006065876757959478,-0.009626951857382826,1707584400000,0.0035795878498832514,-0.0009852217545700884,-0.008465788859530126
DOGEUSDT,1707638400001,2024,SHORT,0.009087119917087485,-0.005841464345880052,1707642000001,-0.0016926615092032696,0.004730435165901872,0.019797787036838762
DOGEUSDT,1707897600000,2024,SHORT,0.00017719499088982485,-0.016289147203298802,1707901200000,-0.007607354202361243,-0.003267383556668929,-0.041549002912872265
DOGEUSDT,1708041600000,2024,SHORT,0.05184352154770066,-0.007502664550794884,1708045200000,-0.003846382736208994,-0.008025631911778604,-0.021717383509639043
DOGEUSDT,1708243200000,2024,SHORT,0.010486538115482731,-0.03835870163464918,1708246800000,-0.0017817905765245988,0.005723158580911671,-0.009348627342955714
DOGEUSDT,1708444800000,2024,SHORT,0.14290006834417598,-0.012859228162741331,1708448400000,-0.0043966561229419505,-0.01723773496805548,-0.015011215034944505
DOGEUSDT,1709625600000,2024,SHORT,0.14364025709595676,-0.016254426890069024,1709629200000,0.01046081206199088,-0.02929113930819881,0.27970628818875415
DOGEUSDT,1709712000001,2024,SHORT,0.05537772392903856,-0.030988946050539888,1709715600001,0.02167432510612103,0.050830909397576604,0.07876935353103239
DOGEUSDT,1709769600000,2024,SHORT,0.08917226738184733,-0.11249589993081685,1709773200000,-0.01460062126155778,0.04512623716356744,0.05809796107692099
DOGEUSDT,1710374400001,2024,SHORT,0.09307132521116353,-0.013039908644082122,1710378000001,-0.0015565137242133612,-0.06875718777340256,-0.1089906093199156
DOGEUSDT,1710576000000,2024,SHORT,0.040452493531723574,-0.06705469988847931,1710579600000,0.004389361317633517,0.04970045436798465,0.11950402715592492
DOGEUSDT,1711065600000,2024,SHORT,0.007861684619251188,-0.012336940996013278,1711069200000,0.01901841873907295,-0.008480071375225884,0.0032310205814464203
DOGEUSDT,1711123200000,2024,SHORT,0.02394513242152311,-0.0726191631666911,1711126800000,-0.013072949044966512,-0.010432334888456766,-0.07102584911930443
DOGEUSDT,1711872000000,2024,SHORT,0.21990118355076665,-0.005175863467811593,1711875600000,0.002367436786379451,0.002367436786379451,-0.06749897878225607
DOGEUSDT,1712131200000,2024,SHORT,0.0706004015153057,-0.019438406177524733,1712134800000,0.0019817365420910908,0.03423556749932606,0.0786168603897108
DOGEUSDT,1712505600000,2024,SHORT,0.0021438471503196057,-0.05133080217889892,1712509200000,0.01193390922167089,0.017803736686105107,0.018810583327746645
DOGEUSDT,1712880000000,2024,SHORT,0.10273460416729628,-0.025336020533558906,1712883600000,0.002608096801719058,-0.020423316280857556,-0.004077477616656079
DOGEUSDT,1712966400000,2024,SHORT,0.009340587212069432,-0.02507316529443375,1712970000000,0.032127700111361936,-0.015943753107038987,-0.007626736237899848
DOGEUSDT,1713312000000,2024,SHORT,-0.11732934622128023,-0.17073699782469415,1713315600000,0.003322686763007311,-0.006802531079394669,0.030177774066183514
DOGEUSDT,1713427200000,2024,SHORT,-0.24102356490808174,-0.20580202015811191,1713430800000,-0.009782573591318606,-0.020427181877198605,-0.05255792005449464
DOGEUSDT,1713628800000,2024,SHORT,-0.10294938452114148,-0.11341398017924488,1713632400000,-0.029728816081569895,-0.023287273609399802,-0.026850587572035307
DOGEUSDT,1714118400000,2024,SHORT,-0.19172538283697374,-0.20793144280810977,1714122000000,-0.002251358387039495,0.010998277835409728,0.009658692906353234
DOGEUSDT,1714406400000,2024,SHORT,-0.2953019360026046,-0.28976633415956926,1714410000000,-0.0031715852782933183,0.006515603787073664,-0.007454848506222701
DOGEUSDT,1714550400000,2024,SHORT,-0.2254320471521694,-0.1871339846852627,1714554000000,0.004921547712822522,-0.01636436437970736,-0.02181267822420387
DOGEUSDT,1714636800000,2024,SHORT,-0.2600205640675384,-0.20437102528693563,1714640400000,-0.006223279517273773,-0.023368973055509442,-0.02550117002535008
DOGEUSDT,1714752000000,2024,SHORT,-0.1707534751379269,-0.14747696677313582,1714755600000,-0.00450048979073541,-0.030739113893278724,-0.0720192413217364
DOGEUSDT,1714982400000,2024,SHORT,0.021923631651274256,-0.022347182267870642,1714986000000,-0.005081767430273765,0.05355455268596346,0.05672131700194147
DOGEUSDT,1715184000000,2024,SHORT,0.01696680889760883,-0.00016878641826084133,1715187600000,-0.0010756303558078482,0.029765321177273058,0.010956419625255415
DOGEUSDT,1715328000000,2024,SHORT,-0.11340545660250197,-0.09184532893122843,1715331600000,0.004419386500967651,0.011651131403337553,0.058475590005095314
DOGEUSDT,1715500800000,2024,SHORT,-0.20920610632439496,-0.20956171691427972,1715504400000,-0.0009932601029437984,-0.011854499534548379,-0.0009932601029437984
DOGEUSDT,1715760000000,2024,SHORT,-0.10497685514051613,-0.1671750197313986,1715763600000,-0.00774731718437731,-0.018599008402044516,-0.04612070390887346
DOGEUSDT,1715932800000,2024,SHORT,0.004898060235784078,-0.06527871739044107,1715936400000,-0.0013085581558409853,-0.003398696082020217,-0.011651122785365602
DOGEUSDT,1716192000000,2024,SHORT,-0.12731669211348912,-0.061751366198901446,1716195600000,0.0017183270370366773,0.0026448045038767014,-0.04297498420702909
DOGEUSDT,1716480000000,2024,SHORT,0.05808649892004908,-0.009072204735654718,1716483600000,0.004766094560753599,0.01462088056937335,0.007977178698767424
DOGEUSDT,1716796800000,2024,SHORT,0.006923562136169726,-0.10768646159124072,1716800400000,-0.009180707127726747,-0.02028830254497462,-0.01910619944615387
DOGEUSDT,1716854400000,2024,SHORT,0.05005116665881856,-0.0489711424635469,1716858000000,0.013220663354470651,0.02399754309999736,0.02023060262280205
DOGEUSDT,1718582400000,2024,SHORT,-0.21289551673467547,-0.21853997976120826,1718586000000,0.006873381842120173,0.013868219477462447,0.022476168146799758
DOGEUSDT,1718812800000,2024,SHORT,-0.21900477398196036,-0.14298981273580605,1718816400000,-0.006178379136507727,0.0005709857816534607,-0.007474240660684307
DOGEUSDT,1718928000000,2024,SHORT,-0.15814879591565334,-0.12251482079982447,1718931600000,-0.011418586593389955,-0.007011351605982212,0.0022670238840519735
DOGEUSDT,1719014400000,2024,SHORT,0.02149225538924318,-0.0636210385313221,1719018000000,-0.003158792566994637,-0.009366237224111711,-0.007838107277003575
DOGEUSDT,1719187200002,2024,SHORT,-0.12559816366935903,-0.08048726927382006,1719190800002,0.0010568677053819293,0.020771651129347236,0.039783152921219825
DOGEUSDT,1719244800000,2024,SHORT,-0.012737216327342442,-0.033235952667301276,1719248400000,-0.0005149772665523489,0.00343997587244342,-0.05787358844454502
DOGEUSDT,1719705600000,2024,SHORT,-0.15334310376813273,-0.14004185332561572,1719709200000,0.004022828790376755,0.011288382548108832,-0.0009827205769993815
DOGEUSDT,1720252800000,2024,SHORT,-0.24303081753491648,-0.20511654894478595,1720256400000,-0.006348643488537469,0.0010158379226978022,-0.03972114882668712
DOGEUSDT,1720483200000,2024,SHORT,-0.1320851784855232,-0.14369821605962724,1720486800000,0.00225225320432502,-0.012297527810406245,-0.012482695850931574
DOGEUSDT,1720540800000,2024,SHORT,-0.1441210051554789,-0.08906440115902207,1720544400000,0.008200586447051721,0.0028811767688750713,-0.017753306270201726
DOGEUSDT,1720684800002,2024,SHORT,-0.09892660202537679,-0.0878966249389143,1720688400002,-0.004402061400637665,-0.021549226823681534,0.015468284147375402
DOGEUSDT,1721001600000,2024,SHORT,0.01873088682655377,-0.050831601877900826,1721005200000,-0.005148900073440484,-0.010015920738379579,-0.009504716842097284
DOGEUSDT,1721145600000,2024,SHORT,0.03255941029628799,-0.05573870058499091,1721149200000,0.0015065617566297398,0.007954858589682921,0.0003962436157562319
DOGEUSDT,1721318400000,2024,SHORT,0.003640327827089429,-0.007101672849030621,1721322000000,0.007057073730634247,0.0060458660941177045,-0.004927146800347836
DOGEUSDT,1721520000000,2024,SHORT,0.0227034648130034,-0.007718948461088437,1721523600000,-0.006090015438952617,0.010766651886172773,0.004838231391381442
DOGEUSDT,1721606400000,2024,SHORT,0.05608070493433772,-0.04712902838535541,1721610000000,0.010275662578204298,-0.0083295252528302,0.0010729231028186478
DOGEUSDT,1721836800000,2024,SHORT,0.011713055181472216,-0.05153806619287453,1721840400000,-0.0014407585430642007,0.008382278752804612,0.06052977125342572
DOGEUSDT,1721894400000,2024,SHORT,0.01033964211151202,-0.008649856053761038,1721898000000,-0.006015176335527702,0.0077526028282584045,0.00597064868752507
DOGEUSDT,1722124800000,2024,SHORT,0.002114932570761113,-0.01084441156710957,1722128400000,0.00505051578606848,0.017090485261000342,-0.0009155413777536561
DOGEUSDT,1722182400001,2024,SHORT,0.03384529410433193,-0.027021152488978253,1722186000001,-0.0030852319112105826,0.0006954909286953089,-0.03320090715712404
DOGEUSDT,1722412800000,2024,SHORT,-0.04417758842277919,-0.060058026903282276,1722416400000,0.0009534404027530313,0.0023853076428583283,0.033430646488665165
DOGEUSDT,1722528000000,2024,SHORT,-0.1049488141842479,-0.0860796980901573,1722531600000,0.0036524955815743715,-0.0152477434008248,-0.02027909328892583
DOGEUSDT,1722585600001,2024,SHORT,-0.14107217882464132,-0.10087276700111909,1722589200001,0.0015354434476140771,-0.0022137088648587883,0.03813708637367134
DOGEUSDT,1722758400000,2024,SHORT,-0.19084705749569983,-0.15944475296653157,1722762000000,-0.002525371963651684,-0.010526903303602224,0.01776312766978873
DOGEUSDT,1722844800000,2024,SHORT,-0.11620049466633445,-0.07918151801901496,1722848400000,0.005751770142088229,0.052634433106431386,-0.0824222133305535
DOGEUSDT,1722988800000,2024,SHORT,-0.17216377321302356,-0.18268266802353203,1722992400000,-0.019320300886174535,-0.02732885907309008,-0.04543931453702477
DOGEUSDT,1723276800000,2024,SHORT,-0.0026173655076347294,-0.020231800722549157,1723280400000,-0.0012461060802471558,0.001631869812582841,-0.007834185477379352
DOGEUSDT,1723363200000,2024,SHORT,-0.007643929218824847,-0.010025555919806434,1723366800000,0.0070723601332121815,0.024271687097118327,0.0746572718104887
DOGEUSDT,1723420800000,2024,LONG,-0.018341860070556607,0.00467913889019894,1723424400000,0.0052332876781554915,0.005824013303288533,0.043965252453236896
DOGEUSDT,1723622400000,2024,SHORT,-0.017852634201993883,-0.04635427608219986,1723626000000,0.0016111456833027885,-0.0006626591807783746,0.02687301825109634
DOGEUSDT,1723680000000,2024,SHORT,-0.11726048570356112,-0.1242232173647481,1723683600000,0.006062995298855383,-0.00048735319449923204,-0.0003899015547982512
DOGEUSDT,1723795200000,2024,SHORT,-0.10658568397013242,-0.1321443603998674,1723798800000,-0.003153333318488885,0.021045009471663212,0.004649560733253711
DOGEUSDT,1723852800000,2024,SHORT,-0.09369180904060795,-0.07513604311733474,1723856400000,-0.003867709487510608,-0.0018861374529937824,-0.006931407095633478
DOGEUSDT,1724083200002,2024,SHORT,-0.17290769791608768,-0.15435317076976324,1724086800002,-0.00797213988038339,-0.005288641773479521,-0.042697173741470626
DOGEUSDT,1724140800000,2024,SHORT,-0.12346747376360848,-0.08084852147270326,1724144400000,-0.0026679386954192763,-0.0029533675542144457,0.010068647173897471
DOGEUSDT,1724371200000,2024,LONG,0.061989655152533046,0.04933200969600347,1724374800000,0.000660595503662509,0.0010378828124200214,0.021018007834876264
DOGEUSDT,1724486400005,2024,LONG,0.05706953746122075,0.10953981785681582,1724490000005,0.002481170967167574,-0.008196036971752913,0.012782824914593609
DOGEUSDT,1724572800000,2024,LONG,0.02067005452888249,0.03071190415921139,1724576400000,-0.0007340796806064969,0.0005502063412529128,0.006126853787107848
DOGEUSDT,1724860800001,2024,SHORT,-0.14068242725039604,-0.1426076121043204,1724864400001,0.013410838753529759,0.0014032276533249113,-0.0036990794491199904
DOGEUSDT,1725004800000,2024,SHORT,-0.10191683360511743,-0.08057461115497627,1725008400000,-0.009847445406223726,-0.005428091294751557,0.004463186183991293
DOGEUSDT,1725091200000,2024,SHORT,-0.08023282948615663,-0.08878910977012787,1725094800000,-0.0005963029395537492,-0.007230975987227467,-0.006045907707118363
DOGEUSDT,1725321600000,2024,SHORT,-0.0985860027196929,-0.1064914280835164,1725325200000,-0.005421155732367992,0.0017127604811707252,-0.007621376641970412
DOGEUSDT,1725436800000,2024,SHORT,-0.020376741914706613,-0.059941037712648824,1725440400000,0.0041493835468115895,0.01386377549978441,-0.013572077545543466
DOGEUSDT,1725494400000,2024,SHORT,-0.08446816222312635,-0.05461325697949661,1725498000000,-0.0010220769491552616,0.010588636582357307,0.002867385477156091
DOGEUSDT,1725609600001,2024,LONG,0.028537006717635826,0.028079617863495766,1725613200001,-0.007906803014197022,-0.0010233320581940443,-0.08949709933811145
DOGEUSDT,1725753600000,2024,SHORT,-0.13274988226603168,-0.09500798459622475,1725757200000,-0.002828856200477623,-0.004710324300183134,0.0028368813351997263
DOGEUSDT,1725897600001,2024,LONG,0.01593983710049529,0.016169463226381194,1725901200001,-0.004251624918330191,0.0036573669257341603,-0.002123552921561162
DOGEUSDT,1725955200000,2024,LONG,0.08272222374017509,0.1492545364002817,1725958800000,0.0026868838734417943,-0.01052895503177264,-0.01227839662870327
DOGEUSDT,1726070400000,2024,LONG,0.08958370686834222,0.11141462372702864,1726074000000,0.0061252908366938585,0.008486334727402805,0.015828871019432863
DOGEUSDT,1726185600000,2024,LONG,0.05123789078587821,0.042808152021363934,1726189200000,-0.0033222621919779594,-0.005870283954707939,0.021997992691540104
DOGEUSDT,1726272000000,2024,LONG,0.061618862733181734,0.055676521172593016,1726275600000,-0.0038308853204301442,-0.005142360918240842,-0.016359898538336956
DOGEUSDT,1726560000000,2024,SHORT,-0.06251963649186655,-0.11500748637822429,1726563600000,-0.0003974167960900152,-0.0012910275391676985,-0.002481267711422165
DOGEUSDT,1727769600000,2024,LONG,0.14787148837969943,0.0704935679352992,1727773200000,0.0006779086777708998,-0.003566579867672618,-0.10275496351426268
DOGEUSDT,1727827200000,2024,LONG,0.01822053354271393,0.010064341711480794,1727830800000,0.0061253091746301565,0.0027888834660847422,-0.026411646534848267
DOGEUSDT,1728086400000,2024,SHORT,-0.12792774214223515,-0.0995064401634562,1728090000000,0.00849126307110979,0.016315668985468042,0.0027312471457826308
DOGEUSDT,1728460800000,2024,SHORT,-0.05698133792025066,-0.07123731365375463,1728464400000,-0.005601741081995487,-0.01616842712027616,0.022349379813054935
DOGEUSDT,1728547200000,2024,SHORT,0.0065642640939493815,-0.04353694234951942,1728550800000,0.001224393842624781,0.0022615916160566058,0.01364691384118188
DOGEUSDT,1728633600000,2024,SHORT,-0.10276467706622465,-0.009332535992359465,1728637200000,-0.0054566609382112425,-0.007759854180779354,-0.028794092003774273
DOGEUSDT,1729872000000,2024,SHORT,0.045889424909172125,-0.032506473254232934,1729875600000,0.015012298944718318,0.007514954691900952,0.018071888660304763
DOGEUSDT,1729929600001,2024,SHORT,0.07013642569886418,-0.023041616153583806,1729933200001,-7.421425659271187e-05,0.00014844503849711924,-0.011951451737188737
DOGEUSDT,1730736000000,2024,SHORT,0.00015732474005184237,-0.059098547371074096,1730739600000,-0.013389482201217683,-0.011159684825901258,-0.044218991486121385
DOGEUSDT,1731052800000,2024,SHORT,0.0035962467848065774,-0.004451952534888754,1731056400000,-0.0014208872785349937,-0.010004630969926527,0.00259324376889021
DOGEUSDT,1731283200001,2024,SHORT,0.0371420026141036,-0.0025986071599953474,1731286800001,-0.00974044810518585,-0.021278124024536,0.0030720929910313323
DOGEUSDT,1731369600002,2024,SHORT,0.09870604703826719,-0.0005401415224792844,1731373200002,0.02622882555536638,-0.07257891986804399,-0.014429871941317956
DOGEUSDT,1731513600000,2024,SHORT,0.06423134284431414,-0.0285703873838265,1731517200000,0.013631290908564651,0.05871381882704076,0.0463915458659097
DOGEUSDT,1731600000000,2024,SHORT,0.01743576844600185,-0.015032528824832938,1731603600000,0.011212909114298498,0.0379884418857111,0.109957290423725
DOGEUSDT,1731657600000,2024,SHORT,0.03574954251256194,-0.06076377996166192,1731661200000,-0.01273491862173781,-0.004882071491332374,-0.02076495459137559
DOGEUSDT,1731916800000,2024,SHORT,0.058128603473256976,-0.006179859788387857,1731920400000,0.01127111858405924,0.030709265437147734,0.009227008135884828
DOGEUSDT,1732118400000,2024,SHORT,0.004886100611320425,-0.027001464709112313,1732122000000,0.019828453803717904,0.006212267358333544,-0.0194687638783585
DOGEUSDT,1732608000000,2024,SHORT,0.03016230195470635,-0.03451886200236046,1732611600000,-0.004766673129290454,0.04586211846078724,0.011471215542148567
DOGEUSDT,1732752000000,2024,SHORT,0.028551816656931392,-0.009071458642017109,1732755600000,-0.008386406693883361,-0.004713821665792467,0.018781286971167002
DOGEUSDT,1733875200000,2024,SHORT,0.03437206170292141,-0.016378082800508346,1733878800000,0.029919332041278706,-0.0056268695886488905,-0.03767257093668476
DOGEUSDT,1733932800001,2024,SHORT,0.05805937088062957,-0.016526432563999622,1733936400001,0.01323777237525052,-0.011407978704693815,-0.01229677156638301
DOGEUSDT,1734105600001,2024,SHORT,0.003109599169783646,-0.010324337964621764,1734109200001,-0.00888284004350818,0.0015786880437107839,-0.009786325850647823
DOGEUSDT,1734249600000,2024,SHORT,0.0035214855901875225,-0.019736540883050924,1734253200000,-0.0012026158340674598,-0.007094531518038374,-0.007517611797609249
DOGEUSDT,1734364800000,2024,SHORT,0.09634140189529773,-0.002819346406314429,1734368400000,-0.00100277606143003,0.01516357321079206,0.02139396768579491
DOGEUSDT,1734422400000,2024,SHORT,0.07355732747533338,-0.02769948284854148,1734426000000,-0.008299009638238012,-0.015643165495121084,-0.0005003878109863716
DOGEUSDT,1734710400014,2024,LONG,0.033290582557879825,0.05966548048887134,1734714000014,0.01515669131052781,0.006510039023649219,0.06427447328244143
DOGEUSDT,1734768000000,2024,LONG,0.01635107457426284,0.06465559810964025,1734771600000,-0.004492131560235566,-0.046473679652677534,-0.049598440490527876
DOGEUSDT,1734883200000,2024,LONG,0.14931267774366444,0.035435107897772815,1734886800000,0.003150998321776837,-0.00897151320115853,0.0009148121330093747
DOGEUSDT,1734969600001,2024,LONG,0.07560643506388497,0.004475013571683858,1734973200001,-0.009025216481434853,0.02637978570295932,0.02783717289714563
DOGEUSDT,1735056000001,2024,LONG,0.12925022760521412,0.1383563190176024,1735059600001,0.007037748228134186,-0.007420624682368872,0.0016515776316982772
DOGEUSDT,1735200000000,2024,LONG,0.12607874458293838,0.08208244290114107,1735203600000,-0.00012629053153517155,-0.0010739782446157562,-0.014340696328888807
DOGEUSDT,1735344000001,2024,SHORT,-0.037084247031482484,-0.05983295166175045,1735347600001,0.0018818281607934845,0.0005737417682010711,-0.008598450691188208
DOGEUSDT,1735632000000,2024,SHORT,0.0005196822681946566,-0.025056738511114052,1735635600000,-0.004410845210504451,-0.008677116817216566,0.00015789058215484096
LTCUSDT,1672588800000,2023,LONG,0.019018620467878302,0.004789376238637019,1672592400000,0.0035353215072519498,0.007198845401814343,-0.0025531928763390913
LTCUSDT,1672675200015,2023,SHORT,-0.13609367334110561,-0.08756927842206795,1672678800015,-0.0030816665374081144,-0.008817692402644265,-0.010014103313052948
LTCUSDT,1673078400017,2023,SHORT,-0.074766336995178,-0.01894831233941904,1673082000017,-0.0009185749612498236,0.0034192563560200106,-0.003145893274778453
LTCUSDT,1674259200013,2023,SHORT,0.000595940454804544,-0.03897393248969212,1674262800013,0.002013198308852635,-0.004459316196764897,0.00391828097166024
LTCUSDT,1674374400000,2023,SHORT,0.04345897767279863,-0.01641211906809982,1674378000000,0.005643992857846287,-0.008518320954657904,0.02081394444829364
LTCUSDT,1674518400008,2023,SHORT,0.0014224417521127035,-0.0303538286496808,1674522000008,0.000884075646044865,-0.0014349580253540622,0.00420633783802271
LTCUSDT,1675094400000,2023,SHORT,0.012351084287964128,-0.07095795107254263,1675098000000,0.00335952632420183,0.028087419606404256,-0.027214741844289424
LTCUSDT,1675440000000,2023,SHORT,0.03499597819442501,-0.011238277938112195,1675443600000,-0.005511864432988302,-0.0021081170282864306,0.005340332103330787
LTCUSDT,1675584000009,2023,SHORT,0.009320969418944235,-0.04145387119658137,1675587600009,0.001521529938004291,0.01800007690887158,0.034964630086904216
LTCUSDT,1675929600006,2023,SHORT,0.028404013591754734,-0.05438857345074495,1675933200006,0.0015540018667340913,0.00010352502726772636,0.04944255084039033
LTCUSDT,1676275200008,2023,SHORT,-0.06809742783373679,-0.11470075349759326,1676278800008,0.013326922282487622,0.003726848553468287,0.018663232888912255
LTCUSDT,1676505600019,2023,SHORT,0.020102734811175176,-0.021209477584721265,1676509200019,0.003031638916726404,0.0029337005198996373,0.005188713976090049
LTCUSDT,1676620800016,2023,SHORT,0.0725644870051933,-0.030089788629671557,1676624400016,0.0007019303371684512,-0.00020046106111018316,-0.016009888022527258
LTCUSDT,1677859200000,2023,SHORT,-0.11092620800125902,-0.10286850856811769,1677862800000,-0.010008980354359796,-0.00312465380888365,-0.009787643478732733
LTCUSDT,1678435200000,2023,SHORT,-0.04505479033062866,-0.018989501675288022,1678438800000,0.036042454135083606,0.034052969323697516,0.023040575102071113
LTCUSDT,1678521600003,2023,SHORT,-0.07798341863383934,-0.02113158662060367,1678525200003,-0.0067300037162095015,-0.004790428322632518,-0.03291567169801969
LTCUSDT,1678579200001,2023,SHORT,-0.07207767584457934,-0.04142975022205189,1678582800001,-0.003342783433938714,-0.003197677143326268,0.011714879912234532
LTCUSDT,1678694400018,2023,SHORT,-0.14970022537522962,-0.04777528392897842,1678698000018,0.01888468139052721,0.017153079226249358,-0.06065540288607953
LTCUSDT,1678924800004,2023,SHORT,0.006723407577341714,-0.013148356920053266,1678928400004,-0.012562321707942229,-0.018267731375494815,-0.032390446524489185
LTCUSDT,1679212800024,2023,SHORT,0.0008463317523317478,-0.016215099132560088,1679216400024,-0.0014459575961913353,-0.0091226175816702,-0.014485199699262315
LTCUSDT,1679414400003,2023,SHORT,-0.06652753024508329,-0.08617114126282514,1679418000003,0.012133245238807723,0.0034167208345679714,0.005496868418530784
LTCUSDT,1680019200013,2023,SHORT,-0.013225972127972203,-0.024889753426415282,1680022800013,0.0019677070993866326,-0.020033867903060533,-0.04665140890301641
LTCUSDT,1680076800006,2023,SHORT,-0.05562836297604768,-0.11370913085313507,1680080400006,0.006930184747834548,0.015332220099343529,0.00649563829884563
LTCUSDT,1680249600006,2023,SHORT,-0.06862683550467183,-0.07990278655754499,1680253200006,0.0009086779362180643,-0.011626069210203899,-0.016663299316129525
LTCUSDT,1680451200001,2023,SHORT,0.00911879943620163,-0.005615232994285188,1680454800001,0.0019453156464260028,0.01325962259250152,0.016437533326838838
LTCUSDT,1680825600006,2023,SHORT,-0.020993600881734867,-0.036356706919878225,1680829200006,0.002634758358096542,0.0030745604542454607,0.012022424628023215
LTCUSDT,1681286400008,2023,SHORT,0.0026131196556665524,-0.025393250188585296,1681290000008,-0.003384836992690555,-0.00882022378446831,-0.0051273771853061695
LTCUSDT,1681718400006,2023,SHORT,0.0021374103982880915,-0.02484955673327769,1681722000006,0.007360759223536687,0.006248130777192762,0.011620400552734078
LTCUSDT,1681776000013,2023,SHORT,0.0030498371290389454,-0.024333298839017796,1681779600013,-0.006356274238160108,-0.03118869842649946,-0.028241162395852903
LTCUSDT,1681862400022,2023,SHORT,0.025839950689280765,-0.011469263271953835,1681866000022,0.0017751483951407203,0.0012817354478431946,0.06324530574203881
LTCUSDT,1681920000000,2023,SHORT,0.01801822929568062,-0.010653662224664903,1681923600000,0.009158743467269768,0.011836981717166893,0.038360275633442284
LTCUSDT,1681977600012,2023,SHORT,0.045347696119182344,-0.07068713102031873,1681981200012,-0.0012092564547290976,-0.011048627406733387,0.029696310320360658
LTCUSDT,1682179200016,2023,SHORT,-0.04124203459057766,-0.08046710142182537,1682182800016,-0.004842624475787991,-0.004037147186971163,0.001850995438251376
LTCUSDT,1682236800020,2023,SHORT,-0.08922195191992126,-0.04662246808764078,1682240400020,0.002533396103927585,0.0035716381075569315,0.009359361174327497
LTCUSDT,1682467200015,2023,SHORT,0.012668230566053224,-0.08464476994755113,1682470800015,-0.0015408323541556384,-0.0006606474585143015,-0.03101528150643172
LTCUSDT,1682524800001,2023,SHORT,-0.033629079429596025,-0.14881438026763533,1682528400001,0.006090947697581536,0.04661296539561417,0.033071797078440796
LTCUSDT,1682928000008,2023,SHORT,-0.07528552831897974,-0.07705553253209226,1682931600008,0.0015998175049692076,-0.0005707436945068742,0.016927112665178465
LTCUSDT,1683158400000,2023,SHORT,-0.07898573673399771,-0.2193117740398232,1683162000000,-0.000563920389387318,0.0015806709850898688,0.0054298775943694
LTCUSDT,1683619200000,2023,SHORT,-0.031297715759592046,-0.07344578690651422,1683622800000,-0.0019077907217274193,-0.007735756032734755,-0.01214743521176197
LTCUSDT,1684137600005,2023,SHORT,-0.14232109721365907,-0.12036155883430556,1684141200005,0.0019512201312615824,0.005403864831674066,-0.004690279146858341
LTCUSDT,1686499200000,2023,SHORT,-0.1575174259046314,-0.15766576259838588,1686502800000,-0.002179627762070206,-0.004737828185108686,0.020881376052355474
LTCUSDT,1686816000000,2023,SHORT,-0.12153639845346821,-0.1606204777609512,1686819600000,-0.0028848155180685297,-0.010945519044235755,-0.02660670048865543
LTCUSDT,1687075200000,2023,SHORT,-0.11565258505725202,-0.10214793851444096,1687078800000,-0.0028427464550387824,-0.00297177038915748,-0.0018099552452393861
LTCUSDT,1688256000000,2023,SHORT,0.01388286674873055,-0.036687122613206204,1688259600000,0.004601163101272485,-0.03805256453579431,-0.046673307579701395
LTCUSDT,1688400000000,2023,SHORT,0.040166464963470525,-0.009274813653438373,1688403600000,-0.012424841048507381,-0.0025348556031881157,-0.01770287543192892
LTCUSDT,1689033600000,2023,SHORT,-0.13676727120125814,-0.1517620618280973,1689037200000,-0.010112561671013228,-0.0035200367643503875,-0.014313172324925271
LTCUSDT,1689292800000,2023,SHORT,-0.12050287245071228,-0.11387389952880012,1689296400000,0.004367031055954008,0.014336813566890275,0.031377051524656904
LTCUSDT,1689408000000,2023,SHORT,-0.08505126386287996,-0.14305075097115108,1689411600000,-0.003044781605772239,0.002105263935462316,0.005905944186254215
LTCUSDT,1690272000000,2023,SHORT,-0.11015184965798167,-0.15788135479272514,1690275600000,0.0014530824665960843,0.0026842651169395166,0.005038922256897817
LTCUSDT,1690329600000,2023,SHORT,-0.17473093079785523,-0.18363768769030753,1690333200000,0.002123261679392767,0.0011169441572251473,0.002794703065406274
LTCUSDT,1690444800000,2023,SHORT,-0.17767728476068678,-0.13487267033159198,1690448400000,-0.0033907607001635916,0.0018643422628732771,0.014012476198520767
LTCUSDT,1691049600000,2023,SHORT,-0.09320671237868929,-0.13235401450861528,1691053200000,-0.00011621825801907395,-0,0.0011629260526803003
LTCUSDT,1692172800001,2023,SHORT,-0.12460591859079068,-0.13371370407598981,1692176400001,0.003935263726596858,0.00763071234116403,0.05427840113294899
LTCUSDT,1692316800000,2023,SHORT,-0.10244059220175507,-0.012355519963855324,1692320400000,0.009018020610757273,0.028083931785578164,0.014097689810838336
LTCUSDT,1692691200000,2023,LONG,-0.02375713685832778,0.004445127391847905,1692694800000,0.0009067553893158317,-0.0009075783409241285,-0.02619434440309562
LTCUSDT,1692950400000,2023,SHORT,-0.09605835850837614,-0.0785529059414468,1692954000000,0.00030964545842699043,-0.0017013382806186016,-0.008324389059531319
LTCUSDT,1693353600000,2023,SHORT,-0.0544430332719243,-0.038769454574068836,1693357200000,0.002793914029766582,0.004562521712592228,0.00929415851613257
LTCUSDT,1693468800000,2023,SHORT,0.0131888734838402,-0.006244702116247832,1693472400000,0.0026576126671129237,0.003693039133409322,0.06079051584739497
LTCUSDT,1693699200000,2023,SHORT,-0.07134967196696021,-0.05626528447558031,1693702800000,0.0013939443130659914,0.002014099371701145,0.010580462791438589
LTCUSDT,1693756800000,2023,SHORT,-0.015541614922596479,-0.022223360936089495,1693760400000,-0.002977358620342605,-0.007037326720576304,-0.010925658861204996
LTCUSDT,1693843200000,2023,SHORT,-0.04514591732279597,-0.043737196435506706,1693846800000,-0.0032964475341790253,0.0009438415047064242,0.00441223533326506
LTCUSDT,1694073600000,2023,SHORT,-0.08158567852456139,-0.06002210083306921,1694077200000,0.001269035703304933,0.0034937307254160853,0.00015854141927776726
LTCUSDT,1694304000000,2023,SHORT,-0.06747048491631388,-0.04251375284885975,1694307600000,0.002229655327269092,0.019599020917506576,0.023988914968415962
LTCUSDT,1694419200000,2023,SHORT,-0.08170204815975722,-0.06432879555544074,1694422800000,0.005414731418177109,0.014837067430467624,0.047931426461014136
LTCUSDT,1694563200000,2023,SHORT,-0.07494872669636553,-0.09445991319918526,1694566800000,-0.0006656681890006905,0.0030010025856990197,-0.01798283219879148
LTCUSDT,1694620800000,2023,SHORT,-0.06716866305013333,-0.04782748577713042,1694624400000,0.0016191713382065196,-0.0024238518774858005,-0.005807404610064251
LTCUSDT,1694764800000,2023,SHORT,0.0017827330114664117,-0.017189740663947052,1694768400000,0.0011057579517008529,0.003954762727775661,-0.02510070200611472
LTCUSDT,1694822400000,2023,SHORT,0.0026662182627058186,-0.013907005674061917,1694826000000,-0.0018264845260345028,-0.007588441331756564,0.013033995760024132
LTCUSDT,1694908800000,2023,SHORT,0.04583422201175562,-0.0014560706623074318,1694912400000,0.009651382514015993,0.008869582771279522,0.006839759293485559
LTCUSDT,1695110400001,2023,LONG,0.022516251127554995,0.016812248569932287,1695114000001,0.009321662527136091,0,0.00014864362717830317
LTCUSDT,1695225600000,2023,SHORT,0.00276782682851775,-0.044891466730037015,1695229200000,-0.0032389941172810592,0.004335043172222478,0.0007727378485126609
LTCUSDT,1695369600000,2023,SHORT,-0.03043053045585054,-0.052828069929071755,1695373200000,0.0006150061694462023,0.005857886336299189,0.013306710349289848
LTCUSDT,1695542400000,2023,SHORT,-0.0562625055327679,-0.07777109026215519,1695546000000,-0.0003088326151784477,0.0017002863668072058,0.007440741196452395
LTCUSDT,1696089600000,2023,SHORT,0.01578320492027362,-0.008928827813607635,1696093200000,-0.0019582743322150314,-0.0006029544952043459,0.005897937701831053
LTCUSDT,1696262400000,2023,SHORT,0.012855099025139115,-0.03355709292541132,1696266000000,-0.0046313670592882435,0.012658396871923465,0.007817237643758574
LTCUSDT,1696406400000,2023,SHORT,0.02035464159188017,-0.01941840433652516,1696410000000,-0.001394592307843273,0.0010860291192330985,0.006690028841273852
LTCUSDT,1696694400000,2023,LONG,0.03152345550916339,0.03244326771297398,1696698000000,-0.0012256781065610636,-0.0019924905051502064,0.006258129254501527
LTCUSDT,1696867200000,2023,SHORT,0.018141639469585347,-0.03228034465336142,1696870800000,-0.005762782076023155,-0.010380992370206706,-0.015136113075217242
LTCUSDT,1697184000000,2023,SHORT,-0.06776858362511906,-0.07048389421655714,1697187600000,0.0026109675407202907,-0.006173862015012493,-0.005525773852341453
LTCUSDT,1697270400000,2023,SHORT,-0.06651047473237572,-0.04787768245023486,1697274000000,-0.0016268101847122757,-0.000813735906241683,-0.006006024060211728
LTCUSDT,1697356800000,2023,SHORT,-0.04527881203484609,-0.05643272179854278,1697360400000,0.0008129420820038926,0.001626545576562922,-0.007609524292692681
LTCUSDT,1697760000000,2023,SHORT,-0.057279760754747604,-0.04406508087109486,1697763600000,0.0001621665453972607,-0.013848852575805001,-0.02798168010679985
LTCUSDT,1697846400000,2023,LONG,0.013759071685918618,0.028552149509666204,1697850000000,0.0009462230638176987,0.005820829775760746,0.013633369512554405
LTCUSDT,1697990400000,2023,SHORT,0.06886825593604978,-0.026830181363669516,1697994000000,-0.0041344519502025025,0.00940421638259562,-0.016285269732715102
LTCUSDT,1699430400000,2023,SHORT,0.005030581058072165,-0.04155623214374017,1699434000000,-0.004201402127860506,0.001767145161834463,-0.0006788405664260893
LTCUSDT,1699747200000,2023,SHORT,0.025234344803157168,-0.010706185161126473,1699750800000,-0.009373158347051533,-0.01637938479693926,-0.02240309620434692
LTCUSDT,1705132800000,2024,SHORT,0.01471686356581812,-0.010309881613930696,1705136400000,0.006412959382370249,0.006133278217073631,-0.002636876137547736
LTCUSDT,1707840000000,2024,SHORT,0.0062880919646603525,-0.07860309617647429,1707843600000,-0.0027694792134959163,-0.0042240249244902255,-0.005676458004805122
LTCUSDT,1709280000000,2024,SHORT,0.006949957417147563,-0.020130506688827387,1709283600000,-0.0020036543918196003,0.006510054358197615,0.002244139605967615
LTCUSDT,1709424000000,2024,SHORT,0.025672203203813505,-0.0007887442052432151,1709427600000,-0.0017115964811813525,-0.0007491839596950144,0.019350909207679685
LTCUSDT,1709625600000,2024,SHORT,0.0031284127216675045,-0.009289634483905188,1709629200000,0.002439566523736494,0.008117920588833722,0.14618968871916607
LTCUSDT,1709712000001,2024,SHORT,0.01828715442391346,-0.10994918001965767,1709715600001,0.018650473151750946,0.030201658451639395,0.01805865210115742
LTCUSDT,1710374400001,2024,SHORT,0.01469707350884468,-0.02069594419433034,1710378000001,-0.005282523030338764,0.01085945724538229,0.004475677520707448
LTCUSDT,1710489600000,2024,SHORT,0.08815898853513233,-0.11698374436847639,1710493200000,-0.02259722622719544,-0.025784117155714634,-0.019743180109271678
LTCUSDT,1711670400000,2024,SHORT,0.07080716602454885,-0.0461886384819561,1711674000000,0.0008480865556557323,0.00031794817712602687,-0.09273478544051365
LTCUSDT,1711929600000,2024,SHORT,0.10364808645883948,-0.05183710708669457,1711933200000,-0.04011526881818859,-0.03462396456604786,0.016488808113276895
LTCUSDT,1712044800015,2024,SHORT,0.0591401888072064,-0.007236044382519922,1712048400015,-0.023471236114084894,-0.0467933263793278,-0.08898001519245909
LTCUSDT,1712217600000,2024,SHORT,0.0025102689831808514,-0.04292873928647908,1712221200000,0.005422691703882806,0.02979736280494458,0.053863368451304586
LTCUSDT,1712707200000,2024,SHORT,0.024578052974588673,-0.013305889758948143,1712710800000,0.0012267431511855862,0.003787301727443203,0.027552234808098132
LTCUSDT,1712937600000,2024,SHORT,0.058707851778962664,-0.1415465703617329,1712941200000,0.055596959139469306,0.10131594984405938,0.09503612922973853
LTCUSDT,1713830400000,2024,SHORT,-0.08372716835081903,-0.06312397105442602,1713834000000,0.0025752091956129067,0.014483620864178334,0.013772214621227252
LTCUSDT,1713916800000,2024,SHORT,-0.048527665993684764,-0.04065933583765512,1713920400000,-0.005261016401888611,-0.00991435192752961,-0.014315053876135356
LTCUSDT,1714118400000,2024,SHORT,0.040478919178957726,-0.005016008312780991,1714122000000,0.007040629881734325,-0.022088206476009894,-0.03244273945159079
LTCUSDT,1714233600000,2024,SHORT,0.051268882342694146,-0.03346395432714479,1714237200000,-0.011665410228799699,0.0015577260354345764,-0.009532960658723466
LTCUSDT,1714320000000,2024,SHORT,-0.20398128947107053,-0.20306133540528348,1714323600000,-0.0023604401376286946,-0.00870593734020044,0.011049836186584935
LTCUSDT,1715011200000,2024,SHORT,0.010720186924800326,-0.014591639244667652,1715014800000,-0.0031933213085417783,0.0013540963477292579,0.007284432482577849
LTCUSDT,1715068800000,2024,SHORT,-0.007694366581992238,-0.0397718189502741,1715072400000,-0.000491581673903393,-0.004048340191363554,-0.006493927128041983
LTCUSDT,1715155200000,2024,SHORT,0.04197860295342606,-0.05913215336710233,1715158800000,0.0016251019264998594,-0.00709443513250292,-0.010684658735117173
LTCUSDT,1715270400000,2024,SHORT,0.02971588646249577,-0.03496035911673366,1715274000000,-0.004888192551393954,-0.008417250062529443,-0.018810092851501228
LTCUSDT,1715760000000,2024,SHORT,-0.10763411098035776,-0.16012922352901438,1715763600000,-0.0046999133830799705,-0.015037877364540502,-0.04530391430540017
LTCUSDT,1716508800000,2024,SHORT,0.046395242443639885,-0.036586932400928265,1716512400000,-0.00011589499926049003,0.003948443174106593,0.012009705357329476
LTCUSDT,1717776000000,2024,SHORT,0.01881225240769058,-0.12022318351556903,1717779600000,0.013016936840001835,0.0423149457224144,0.04019352482323136
LTCUSDT,1718784000001,2024,SHORT,-0.002385268130995504,-0.03622011231498519,1718787600001,-0.0018972766227946618,-0.0002712600043758966,-0.007028955676322635
LTCUSDT,1718956800000,2024,SHORT,-0.0048657844997084514,-0.0099750624021055,1718960400000,-0.00768812133901349,-0.007824873475978503,-0.019921521151128614
LTCUSDT,1719072000000,2024,SHORT,0.0015560508208864077,-0.003953965576769202,1719075600000,-0.0014807837396505373,-0.00483806883761627,-0.00591002391815469
LTCUSDT,1719216000000,2024,SHORT,0.022904847866700325,-0.05075677402866191,1719219600000,0.015230868397418855,0.03663204425640113,0.04274827127383722
LTCUSDT,1719302400000,2024,SHORT,-0.042008260680181424,-0.06757066659033079,1719306000000,-0.008338681630018217,-0.0007093708178577226,-0.016329191657195197
LTCUSDT,1719734400000,2024,LONG,0.07446953959651202,0.06199220982496827,1719738000000,-0.004114959015501378,-0.007846306628359572,-0.009449727602565714
LTCUSDT,1720080000000,2024,SHORT,0.06378956912186293,-0.010132376911299184,1720083600000,-0.0020068814075164853,0.020879401385358265,0.03356019649230179
LTCUSDT,1720281600000,2024,SHORT,-0.12247151844585394,-0.12539252448401605,1720285200000,0.005665737535677196,0.00858769270956661,0.017094433359300068
LTCUSDT,1720425600000,2024,SHORT,-0.03738956959497549,-0.09762861945013844,1720429200000,0.00015357444551420223,-0.003372684478639156,0.012361096823574088
LTCUSDT,1720771200000,2024,LONG,0.09398949877973842,0.08951182654461702,1720774800000,-0.003336963560784072,-0.013855687280297244,-0.002029868755559624
LTCUSDT,1720886400000,2024,LONG,0.02405438997776883,0.02062339454755851,1720890000000,-0.0017214177253303342,-0.0007168972993249608,0.0024336136840847015
LTCUSDT,1720944000000,2024,LONG,0.01631682997630099,0.021026164573872005,1720947600000,-0.0011400884803383945,-0.009732436918230888,-0.008151636129169115
LTCUSDT,1721001600000,2024,SHORT,0.017171429846880824,-0.001228051560370005,1721005200000,0.002849816690760456,-0.0031254464993266187,0.004992521603120871
LTCUSDT,1721088000000,2024,SHORT,-0.04083871406564118,-0.0612724037751095,1721091600000,-0.008093877782385323,-0.004260881987588625,0.014149216492870566
LTCUSDT,1721145600000,2024,SHORT,0.028938197151842794,-0.008281995315636939,1721149200000,0.004773278752657548,0.004089985251525055,-0.0035311730295473644
LTCUSDT,1721289600000,2024,SHORT,0.009225565533121044,-0.014513249610444572,1721293200000,0.0015244961721869164,-0.00621248632996565,0.012401747468150568
LTCUSDT,1721462400000,2024,SHORT,-0.05332258869710665,-0.030675499260172868,1721466000000,0.0019193863858035913,0.004805391274938571,-0.0062807415641916485
LTCUSDT,1721520000000,2024,SHORT,-0.02338612361738709,-0.027800666858046802,1721523600000,-0.0019157093981389615,-0.0006846032991419112,-0.00423700490350963
LTCUSDT,1721923200000,2024,SHORT,0.03164203361937641,-0.011343428872626755,1721926800000,0.00028910089822629996,0.005071372167380991,-0.023708622625969712
LTCUSDT,1722614400000,2024,SHORT,0.007578735285351713,-0.0066120154017538365,1722618000000,0.0035273405179682992,-0.0025991911276978855,0.002912995543954178
LTCUSDT,1722672000000,2024,SHORT,0.002299222320184755,-0.01971344991255831,1722675600000,-0.005019403648126418,-0.007292648546141358,0.041088879780241366
LTCUSDT,1722729600000,2024,SHORT,0.0005175858393326166,-0.005891378686231261,1722733200000,0.0026236607379827924,0.005099292514505911,-0.0018478600884796262
LTCUSDT,1722902400000,2024,LONG,0.01770816402922296,0.006136727788002523,1722906000000,-0.008757675961425083,-0.010311141364021168,-0.0272090262332828
LTCUSDT,1722988800000,2024,SHORT,-0.015787307202050672,-0.02066520138664068,1722992400000,-0.010296984750049538,-0.01998187907268973,-0.004990116179646934
LTCUSDT,1723104000000,2024,LONG,0.006144228415072755,0.02041901063932005,1723107600000,-0.0027633869053093475,0.008757675961424963,0.031074747562956345
LTCUSDT,1723190400000,2024,LONG,0.031654132653518664,0.09281531621110743,1723194000000,-0.009420778707043317,-0.008093198027491349,-0.011914752898561008
LTCUSDT,1724256000001,2024,LONG,0.06054153788992046,0.0847771774999029,1724259600001,0.00047950132781597376,0.022604297608451777,0.012392913615418754
LTCUSDT,1724371200000,2024,LONG,0.0794770084535093,0.08215400535678213,1724374800000,-0.0017288805878101503,0.0034488198473614845,0.005949602644884627
LTCUSDT,1724630400000,2024,LONG,0.12369646272156393,0.1104460256106987,1724634000000,-0.0041850793472045286,-0.004806583406986259,-0.013391666964002603
LTCUSDT,1724745600000,2024,SHORT,0.10915462690778212,-0.009973680447070744,1724749200000,0.003485980395938987,0.0047566285973945615,-0.0017384437408672117
LTCUSDT,1724803200000,2024,LONG,0.00973032362671448,0.00998883273483768,1724806800000,0.000996512289739076,0.008603626863553556,0.02218478955049984
LTCUSDT,1724860800001,2024,SHORT,-0.01839098173859049,-0.026014965096331152,1724864400001,0.008405488301877036,-0.019825153696317082,-0.015632951490867058
LTCUSDT,1724947200000,2024,SHORT,-0.005822578828632652,-0.004387288516465025,1724950800000,0.0018906575665017518,0.02437785023335037,0.022766246339008814
LTCUSDT,1725062400000,2024,LONG,0.04378013285760006,0.05731486580835485,1725066000000,0.005797117684325915,0.0033603208647546394,0.0010704183298999622
LTCUSDT,1725292800000,2024,LONG,0.08819724209548382,0.09324968873032831,1725296400000,0.002938676617953842,0.013385844919954107,0.017808269207374012
LTCUSDT,1725667200000,2024,LONG,0.09405878761802489,0.1942044951021344,1725670800000,0.00015886885409550745,0.015137469747228427,0.007281969806919538
LTCUSDT,1725753600000,2024,LONG,0.12946324791044422,0.06193127689526052,1725757200000,-0.0012940797664879348,0.0037111781198780076,-0.008441608570818073
LTCUSDT,1725811200000,2024,LONG,0.03745438357463099,0.008964814552359488,1725814800000,0.009371215313251583,0.0016504377405436258,-0.004801731222808183
LTCUSDT,1725926400000,2024,SHORT,-0.10434020843985213,-0.08681073073965596,1725930000000,0.0041148934697910625,0.0041148934697910625,-0.0024608330029730775
LTCUSDT,1726012800000,2024,SHORT,-0.06185314429323253,-0.04044981794826635,1726016400000,0.008506512933571957,0.0019566287018417815,0.006209170275643926
LTCUSDT,1726128000000,2024,SHORT,0.0036706390164790055,-0.009852257248235375,1726131600000,0.003232064869166495,-0.0006451613127008754,-0.012346825652291091
LTCUSDT,1726185600000,2024,SHORT,-0.03707929595885033,-0.018058340238485397,1726189200000,-0.0017584530148632416,0.0006402048874232718,-0.01948885258384686
LTCUSDT,1726243200001,2024,SHORT,0.013647716086110371,-0.021909410010001688,1726246800001,0.005583141053713271,0.0020125403495386053,-0.008776713510717828
LTCUSDT,1726473600001,2024,LONG,0.08401725108812205,0.061058324131396086,1726477200001,-0.003001819143263225,-0.008077972175123904,-0.01750522103002088
LTCUSDT,1726560000000,2024,LONG,0.056058552523061994,0.04132441278752476,1726563600000,-0.005113465919898721,-0.0007972574766550051,0.009991360572893435
LTCUSDT,1726992000000,2024,LONG,0.05129838345236525,0.10585604594012185,1726995600000,-0.006552517860017592,0.0019277829059156162,0.006657321724923955
LTCUSDT,1727683200001,2024,SHORT,0.030719591258030955,-3.585745059136644e-05,1727686800001,0.017216216261131175,0.011246049274627329,0.008719481831162638
LTCUSDT,1727769600000,2024,SHORT,0.02858187089329073,-0.010948732490309832,1727773200000,-0.004248779375277793,0.0013222656741776753,0.0795778815468322
LTCUSDT,1727827200000,2024,SHORT,0.01669202364092132,-0.005336584203146679,1727830800000,-0.007201032995750386,-0.0045458186282798345,0.006462312662144201
LTCUSDT,1728086400000,2024,SHORT,0.0035734661220929538,-0.002583720839291657,1728090000000,-0.0007649354002604723,0.001378359970121382,-0.006407344575000474
LTCUSDT,1729756800000,2024,SHORT,0.04397737565032378,-0.013260476024703908,1729760400000,-0.003165925798770278,-0.005462138059120661,-0.024207361744847073
LTCUSDT,1729929600001,2024,SHORT,0.05767406986541705,-0.01806363213435459,1729933200001,0.0034797773260398118,0.005078731079015798,0.007554881204430631
LTCUSDT,1730880000000,2024,SHORT,0.00634811607226161,-0.0011280685150771843,1730883600000,-0.0056022555486697516,-0.0035947986083872457,-0.011315740595517161
LTCUSDT,1732176000000,2024,SHORT,0.032414554190096624,-0.04132181685138994,1732179600000,0.0050153351157324055,0.005350586837037587,0.01613842041575648
AVAXUSDT,1672531200000,2023,SHORT,-0.08649008105169478,-0.049273246425327,1672534800000,-0.00027676553523217016,0.009642203389285283,0.007037066076694411
AVAXUSDT,1672617600000,2023,SHORT,-0.10832064940613753,-0.10496587210950636,1672621200000,0.0065001621757320065,-0.004893597319345826,-0.03206103383487334
AVAXUSDT,1672675200015,2023,SHORT,-0.14058125133373178,-0.0966241128008413,1672678800015,0.001255830807316348,-0.002059732963010784,-0.0024175147199577513
AVAXUSDT,1672790400000,2023,SHORT,-0.08477238507623723,-0.023916950668474515,1672794000000,-0.011442671910538311,-0.030625230774907437,-0.03419727063356791
AVAXUSDT,1672963200005,2023,SHORT,0.012881486639092842,-0.021514392545213045,1672966800005,0.0035674887067361706,0.013229399618473189,0.03222472335044829
AVAXUSDT,1673308800003,2023,SHORT,0.0015996595671174969,-0.061468252626821554,1673312400003,0.00412905901783385,-0.0004846526750761674,-0.0015339283676165001
AVAXUSDT,1673654400000,2023,SHORT,0.012953916890127449,-0.025353765709660248,1673658000000,-0.028959317780212046,-0.03440142671733232,-0.054242644479216236
AVAXUSDT,1673798400000,2023,SHORT,0.028034827186056478,-0.04230780122832645,1673802000000,-0.0007160332067966275,-0.0072558900471982385,-0.012633994674147789
AVAXUSDT,1674000000008,2023,SHORT,0.037453030354198634,-0.06374734456849622,1674003600008,-0.004254705529571694,-0.01558954814351097,0.010214953211445922
AVAXUSDT,1674115200015,2023,SHORT,0.029555684422291183,-0.0872346334541344,1674118800015,-0.006652805337753546,0.007702702705238222,-0.01110467690857672
AVAXUSDT,1674259200013,2023,SHORT,0.004800867980924649,-0.06954658162463642,1674262800013,-0.0040301741462803855,0.00213681465036677,-0.0006920415501109367
AVAXUSDT,1674374400000,2023,SHORT,0.03645250573611041,-0.033320755131896314,1674378000000,0.004649008838244129,-0.040005334613699206,-0.001622060371868051
AVAXUSDT,1674777600008,2023,SHORT,0.01481092828611372,-0.023132196828625814,1674781200008,0.0156561175002247,0.00375087913519524,-0.002232642141975516
AVAXUSDT,1675008000008,2023,SHORT,0.03864185462859574,-0.058221143240818674,1675011600008,-0.013544007496973532,-0.008408283808723388,-0.004116328241414458
AVAXUSDT,1675152000000,2023,SHORT,0.027988316766835473,-0.09383521841771188,1675155600000,0.003815148204133338,0.0110272712277087,-0.014766552806412142
AVAXUSDT,1675411200000,2023,SHORT,0.05767728965355216,-0.0391607272830421,1675414800000,-0.0014674211527657798,-0.010602054779734114,-0.006186414384518718
AVAXUSDT,1676160000004,2023,SHORT,-0.17710853436524915,-0.17295021545032707,1676163600004,0.00491017614135405,0.0036803699603056993,-0.004553792508633454
AVAXUSDT,1676275200008,2023,SHORT,-0.15366723396572238,-0.17766544281643382,1676278800008,0.015845248664322402,-0.010938459148617971,-0.0013810567277384009
AVAXUSDT,1676563200001,2023,SHORT,0.02529596542637906,-0.014142098433862448,1676566800001,-0.001050867061954259,0.015591808659355638,0.05141715346769929
AVAXUSDT,1677312000015,2023,SHORT,-0.12801153861581174,-0.18457496794472478,1677315600015,0.003884987513391463,0.008666135851282683,0.036766188780271075
AVAXUSDT,1677859200000,2023,SHORT,-0.13820878034029904,-0.11935512517984849,1677862800000,-0.0033289986256426134,0.0006064649345926664,-0.01223238415565639
AVAXUSDT,1678118400000,2023,SHORT,-0.14484474653751794,-0.15204721037029476,1678122000000,0.002113335931309563,0.01654237077818809,0.00223423298761345
AVAXUSDT,1678521600003,2023,SHORT,-0.08652473521879263,-0.05828713351343895,1678525200003,-0.001672474257445255,0.013834976105040968,0.0007674865194452357
AVAXUSDT,1678579200001,2023,SHORT,-0.0974946577047833,-0.09206798583474118,1678582800001,0.00201381964520106,0.002709181609107575,0.0013884070262263353
AVAXUSDT,1678665600010,2023,SHORT,-0.04695511299706141,-0.13680612441444925,1678669200010,0.003450616523805812,0.014810495350596427,0.03543628567515574
AVAXUSDT,1679068800003,2023,SHORT,-0.08902744472107665,-0.07134915885191079,1679072400003,-0.004918490651419287,-0.0179771988650218,-0.07632732398053929
AVAXUSDT,1679817600015,2023,SHORT,-0.05865147959094993,-0.04700121269939158,1679821200015,0.0009962203056624716,-0.006887722770259813,0.0017587060459970493
AVAXUSDT,1680480000000,2023,SHORT,0.022364501120101615,-0.008901489995059799,1680483600000,0.01833194327913983,0.016619260149727852,5.8036621124274604e-05
AVAXUSDT,1680537600011,2023,SHORT,0.024351906888188914,-0.004477542899284625,1680541200011,-0.006116227017436054,0.015426589488265622,0.00627145038255645
AVAXUSDT,1681286400008,2023,SHORT,0.01839140935570316,-0.014227981191571391,1681290000008,-0.0012757580009143965,-0.0091713350036946,-0.002882006096130578
AVAXUSDT,1681574400011,2023,SHORT,0.008676724090596857,-0.05299024017999954,1681578000011,0.008871783479606292,0.010865697457447305,0.0005716810175705498
AVAXUSDT,1681804800017,2023,SHORT,0.02918941690075698,-0.025445728527039028,1681808400017,-0.0017801100873427254,-0.0029495093833151634,0.009374259004969809
AVAXUSDT,1681862400022,2023,SHORT,0.028609378192796804,-0.02462052763006287,1681866000022,-0.0005680473525527167,0.005126999125325335,0.0792459545972174
AVAXUSDT,1681920000000,2023,SHORT,0.03654519124625367,-0.004054989601641233,1681923600000,0.005554295916967749,0.013506114141321995,0.03112107688897463
AVAXUSDT,1681977600012,2023,SHORT,0.026586593290621408,-0.0913419314980976,1681981200012,-0.0018363550898806993,-0.012109971565596015,0.031365916707135635
AVAXUSDT,1682294400000,2023,SHORT,-0.031618770532132225,-0.03921242707099929,1682298000000,-0.0010635156098432927,0.005334610481620294,-0.007772975186073688
AVAXUSDT,1682352000006,2023,SHORT,-0.07613427995730893,-0.043018813329799836,1682355600006,-0.014280454810426035,-0.015162574306598743,-0.011157385774262214
AVAXUSDT,1682524800001,2023,SHORT,-0.039671408989134974,-0.10191049599942842,1682528400001,0.0025009044073946766,0.05769402899367895,0.027004341191674643
AVAXUSDT,1682582400008,2023,SHORT,-0.05231621547105685,-0.13410542143707185,1682586000008,0.0024197741829564533,0.004209561329706687,-0.023375250326118653
AVAXUSDT,1682928000008,2023,SHORT,-0.03731051489195686,-0.032432540652276076,1682931600008,0.0015827889695310064,0.002110942498430328,0.03311008653555376
AVAXUSDT,1683158400000,2023,SHORT,-0.06685136243946489,-0.16414710896535084,1683162000000,-0.002618792778990207,0.004204385755394408,0.011369086359363777
AVAXUSDT,1683504000000,2023,SHORT,-0.06465329041681508,-0.06050875174438803,1683507600000,0.03861866032923861,0.04057665874413671,0.03912358333920865
AVAXUSDT,1683561600015,2023,SHORT,-0.03711865508938474,-0.025636665917467123,1683565200015,0.027548165889069987,0.02348178657293647,0.008926623832784739
AVAXUSDT,1683763200011,2023,SHORT,-0.0778356854812472,-0.060397823051484605,1683766800011,-0.002204357739089316,-0.000778563589577723,0.010045746581841764
AVAXUSDT,1683878400001,2023,SHORT,-0.029209217090190264,-0.07046800006101424,1683882000001,-0.002073926148944814,-0.005076831211531329,-0.0034096640086697942
AVAXUSDT,1684108800006,2023,SHORT,0.006058596629554172,-0.009780307071269683,1684112400006,-0.018205964496572517,-0.01853633550621783,-0.024924029676386093
AVAXUSDT,1684483200002,2023,SHORT,-0.05036517029069933,-0.06331721125459377,1684486800002,0.0008837826470077952,0.00013591573245515495,0.0014960900444420868
AVAXUSDT,1684656000001,2023,SHORT,-0.06553812893443672,-0.08782250671802806,1684659600001,0.0006164172655030503,0.008250304618390648,0.02026558963328637
AVAXUSDT,1685606400012,2023,SHORT,-0.08231135926214964,-0.08479865094268245,1685610000012,-0.004749929174446347,-0.00975893467375243,-0.0036176666516698065
AVAXUSDT,1686038400009,2023,SHORT,0.009724759317220395,-0.07485633613813535,1686042000009,-0.001918227294170104,0.011443409098675422,-0.03583160845958639
AVAXUSDT,1686844800000,2023,SHORT,-0.11978539415240683,-0.1334631887673367,1686848400000,-0.00798442850716221,-0.021849164469966455,-0.018881803242164517
AVAXUSDT,1686902400000,2023,SHORT,-0.1364327184764153,-0.09860216914183169,1686906000000,8.750054693418498e-05,0.0056155276109543465,-0.01562667444043777
AVAXUSDT,1686960000000,2023,SHORT,-0.08455994793385685,-0.1102769291108241,1686963600000,0.0022634291895250983,-0.004944278624099971,-0.022611976609099953
AVAXUSDT,1687305600000,2023,SHORT,-0.11699154061096757,-0.1165194464596955,1687309200000,-0.00835248878102642,-0.011039896237432165,0.00016447368458125848
AVAXUSDT,1687392000000,2023,SHORT,-0.09430950858446605,-0.08246566532658918,1687395600000,-0.007171771030874275,-0.002676354111390257,0.009153558008751944
AVAXUSDT,1687852800000,2023,SHORT,0.044025675425584304,-0.004791229526537224,1687856400000,-0.0005273268418553638,-0.009524238630963574,0.0006784005084363912
AVAXUSDT,1687968000000,2023,SHORT,0.006442251382127844,-0.015844272116971286,1687971600000,0.010930801904571364,0.03519542390420241,0.027797316912574293
AVAXUSDT,1688025600000,2023,SHORT,-0.012232880647719118,-0.02950565342137183,1688029200000,-0.016196633730349665,-0.03197854417994514,-0.018976509234828725
AVAXUSDT,1688112000000,2023,SHORT,-0.0692782195559633,-0.07946752629972104,1688115600000,0.006768858790925982,-0.008002458529386693,0.020445599060935852
AVAXUSDT,1688371200000,2023,SHORT,0.08618895512745338,-0.031857433128786146,1688374800000,0.007684811420046824,0.00965316696509819,0.007382331078962527
AVAXUSDT,1688601600000,2023,SHORT,-0.05648086200069706,-0.059116616053346616,1688605200000,-0.0063191363514785315,0.001982947308493416,-0.006004126111040813
AVAXUSDT,1689062400000,2023,SHORT,0.0009521625678720079,-0.01768687847636331,1689066000000,0.0030543473664996403,0.003203578824767957,0.017710203245032353
AVAXUSDT,1689292800000,2023,SHORT,-0.14862726265650922,-0.07887994997663589,1689296400000,-0.002799305415858722,-0.00972962259541387,-0.039809585584780385
AVAXUSDT,1690070400000,2023,SHORT,-0.05791787655023319,-0.023161364261573534,1690074000000,-0.005045644005706363,-0.012199330621445004,-0.008886972508462208
AVAXUSDT,1690358400001,2023,SHORT,-0.026489666466324138,-0.001494715029297637,1690362000001,0.002582606828555265,-0.0007583226267697109,-0.016924695988895996
AVAXUSDT,1690502400000,2023,SHORT,-0.02480759001458669,-0.02272960787870178,1690506000000,0.0024271856576111883,0.0015921759305728524,0.0020475493446350016
AVAXUSDT,1690617600000,2023,LONG,0.0028298534947521787,0.017494977070165993,1690621200000,0.0009864552911320458,0.0021234650782071224,0.004847025545247837
AVAXUSDT,1690675200000,2023,SHORT,0.007891745952439924,-0.0047365078314460145,1690678800000,-0.000830157400228916,-0.004519781705619557,-0.003617458161429036
AVAXUSDT,1690876800000,2023,SHORT,-0.06596817577035285,-0.06780253362066659,1690880400000,0.0026704382819022964,0.005111480479884445,0.0014914245866700204
AVAXUSDT,1691049600000,2023,SHORT,-0.0426933815526353,-0.05785442134121604,1691053200000,-0.002244669853823728,-0.0008022463326380473,-0.0052031336116214
AVAXUSDT,1691193600000,2023,SHORT,-0.08990258693659377,-0.0754153908704124,1691197200000,0.00630763857438187,0.007119195184417011,0.007931410953564587
AVAXUSDT,1691308800001,2023,SHORT,-0.09273020067013965,-0.06423186563849394,1691312400001,0.0023749219522350516,0.004914404310560134,0.004199522831288439
AVAXUSDT,1691654400000,2023,SHORT,0.006078710955629185,-0.005206852001728382,1691658000000,-0.00119889715834976,-0.005423525816145719,7.997760631279413e-05
AVAXUSDT,1691798400000,2023,SHORT,-0.007089815264827978,-0.0208528785286514,1691802000000,0.0011244981104615726,0.0008834277569295226,-0.0015240848416011926
AVAXUSDT,1692000000000,2023,SHORT,-0.05153533615396985,-0.07393041355839029,1692003600000,-0.0004052356500728036,0.0020286451554957403,-0.00048626307790144004
AVAXUSDT,1692201600000,2023,SHORT,-0.05070718877695421,-0.03882184328252479,1692205200000,-0.0030401760658228935,0.014016874255652453,0.008298802814694955
AVAXUSDT,1692374400000,2023,SHORT,-0.09781930584164363,-0.08057268774959693,1692378000000,-0.004379637061587293,-0.0034494044363676227,-0.00521610720655317
AVAXUSDT,1692432000000,2023,SHORT,-0.09655274545294851,-0.05101525618442772,1692435600000,-0.0018656721829496967,0.00018675880155143558,-0.003913899321136315
AVAXUSDT,1692576000000,2023,SHORT,-0.047109763371028644,-0.06267171498489395,1692579600000,0.000831370423387625,0.009090128449521607,0.033710529707574266
AVAXUSDT,1693094400000,2023,SHORT,-0.036676279846398874,-0.04252320029710956,1693098000000,-0.002969123321380475,-0.002474881231549164,-0.006323506892843509
AVAXUSDT,1693238400001,2023,SHORT,-0.056226600975990165,-0.07630428380154008,1693242000001,0.0008658425669595995,0.010342753258597868,-0.0074727306927321775
AVAXUSDT,1693353600000,2023,SHORT,-0.05236256158506267,-0.05421859130459836,1693357200000,0.0029898181666227416,0.005425644741044372,0.01997616600274424
AVAXUSDT,1693411200000,2023,SHORT,0.019481878817745494,-0.014292525511492064,1693414800000,0.0031839478873255576,-0.0025975289990957775,0.0006745362818998383
AVAXUSDT,1693785600000,2023,SHORT,-0.10393454189139587,-0.09392773309483897,1693789200000,0.000101015202874084,-0.006042314455962662,0.006383970609923449
AVAXUSDT,1693929600000,2023,SHORT,-0.14135268736760565,-0.13463497931917667,1693933200000,-0.001820757128538661,0.0012156824514116481,-0.0006072874680563904
AVAXUSDT,1694044800000,2023,SHORT,-0.10312076626013182,-0.08795529221010866,1694048400000,-0.00040225262006587335,-0.0021100233902381564,0.007471009005370553
AVAXUSDT,1694217600000,2023,SHORT,-0.04461376360505582,-0.05547816320633982,1694221200000,-0.003743238727619285,-0.002025112073220948,-0.0017216065825003484
AVAXUSDT,1694390400000,2023,LONG,-0.05542710384336621,0.014185682703483533,1694394000000,-0.001917341874126584,0.005624252104723425,-0.013283537582839006
AVAXUSDT,1694476800000,2023,SHORT,-0.06587095978706613,-0.06024501319566597,1694480400000,0.008540130819648536,-0.005795873260124214,-0.011558347854876845
AVAXUSDT,1694736000000,2023,SHORT,-0.06979375033691398,-0.07567553776210971,1694739600000,-0.004669434357059154,-0.002337442628205411,0.014248460026283933
AVAXUSDT,1694908800000,2023,SHORT,-0.029563859558969178,-0.03750627446870971,1694912400000,0.0005398693647293152,-0.0029102688285360147,0.0029187632201663153
AVAXUSDT,1695024000000,2023,SHORT,-0.06922860277879683,-0.0959059793181326,1695027600000,-0.005344981364165041,-0.016918308313770575,0.0026284102307610976
AVAXUSDT,1695139200000,2023,SHORT,-0.08128729188699553,-0.08657614426092751,1695142800000,0.001958438227964187,0.004029848071918347,0.013129291441792623
AVAXUSDT,1695254400001,2023,SHORT,-0.09608717126636077,-0.09585834232142225,1695258000001,0.0003314734022947427,-0.002317242416201081,0.01963472270094346
AVAXUSDT,1695398400000,2023,SHORT,-0.07170284107250982,-0.07956821147504926,1695402000000,-0.004312797514548429,-0.002499149318475133,-0.008607074652744838
AVAXUSDT,1695456000000,2023,SHORT,-0.0774395100525625,-0.07863267158199858,1695459600000,-0.002345190644352698,-0.0017873105740956587,0.006055866886930189
AVAXUSDT,1695715200000,2023,SHORT,-0.14356225723886182,-0.08226368741440747,1695718800000,-0.0019997784689111484,-0.0008892841848840366,0.004570035262533388
AVAXUSDT,1696579200000,2023,LONG,0.12591187276034346,0.013317471675868383,1696582800000,-9.445992544686577e-05,-0.0006614069310893993,0.005933058794191554
AVAXUSDT,1696780800000,2023,SHORT,0.012319430327999852,-0.043622083941624895,1696784400000,-0.0007968921629004042,-0.013068199044722447,0.008104501811938959
AVAXUSDT,1696896000000,2023,LONG,0.04118237277949609,0.014338337741430996,1696899600000,-0.006613155891717341,0,0.006569709223161041
AVAXUSDT,1696982400000,2023,LONG,0.05898101617235472,0.023732858521093487,1696986000000,-0.006202385192324788,-0.02236091684203041,-0.014567976416092188
AVAXUSDT,1697097600000,2023,SHORT,0.024070200078715367,-0.01638948137906923,1697101200000,0.01248842002823601,0.012266024831055681,0.002199011331436694
AVAXUSDT,1697270400000,2023,SHORT,-0.04300827516457601,-0.04766229709033221,1697274000000,0.0004347353616995671,0.004355881873643597,0.0033741528610616877
AVAXUSDT,1697702400001,2023,SHORT,-0.08402819174458648,-0.09972530768767249,1697706000001,-0.0008996851708978325,0.00022504782361223094,-0.016625208582489948
AVAXUSDT,1697760000000,2023,SHORT,-0.08175335547814609,-0.07472875765052908,1697763600000,-0.006505342970468769,-0.021016535361658564,-0.01602141149951669
AVAXUSDT,1697875200000,2023,SHORT,-0.13377926690067796,-0.1346334604973082,1697878800000,-0.0021324243073592066,-0.014832351588256121,-0.028411001832779944
AVAXUSDT,1697990400000,2023,SHORT,-0.14169258693715164,-0.14722622508979127,1697994000000,-0.009041561061653604,-0.011970116550306715,-0.047628048989254664
AVAXUSDT,1699833600000,2023,SHORT,0.12152519048330708,-0.016337526471372522,1699837200000,-0.0274018731463738,0.03143388314480833,0.058357939224314266
AVAXUSDT,1699948800000,2023,SHORT,0.04638590541707932,-0.08109938823704661,1699952400000,0.023553762533380606,0.03551222850801681,0.032538867611431654
AVAXUSDT,1700265600000,2023,SHORT,0.07275267253744279,-0.07183685928766144,1700269200000,0.006497323439013087,0.025003661287144752,0.020332982697986637
AVAXUSDT,1700323200000,2023,SHORT,0.05301528904909349,-0.022639916576857207,1700326800000,-0.005044433428537416,-0.010289042610673762,0.0339659663933669
AVAXUSDT,1700496000000,2023,SHORT,0.039600310027018776,-0.024579135771685367,1700499600000,-0.010021291537963916,0.006910032900995657,0.019823239304174168
AVAXUSDT,1701014400000,2023,SHORT,0.029120440098968442,-0.025325612894710855,1701018000000,-0.006016306146306365,-0.04447522600893247,-0.018182319083190547
AVAXUSDT,1701532800000,2023,SHORT,0.01255910969116806,-0.006997613256086627,1701536400000,-0.003993108128202585,-0.013996345689370606,-0.011257663482850426
AVAXUSDT,1701792000000,2023,SHORT,0.002520125419781209,-0.01668319986779063,1701795600000,-0.029296135163618363,-0.046274471698036376,-0.16678621556026532
AVAXUSDT,1701878400000,2023,SHORT,0.04012247400700349,-0.007952230165322283,1701882000000,-0.02740304942514051,-0.010387658326616664,0.0015467323653293882
AVAXUSDT,1701936000000,2023,SHORT,0.08560454382607977,-0.006312898083160717,1701939600000,-0.05371510859058128,-0.018675241548253455,-0.013889112160667093
AVAXUSDT,1701993600000,2023,SHORT,0.02289115250335612,-0.0053144601951323955,1701997200000,0.00384271973993704,-0.03323805726445275,-0.034155943254034274
AVAXUSDT,1702425600000,2023,SHORT,0.11680860571380529,-0.00039287934404777617,1702429200000,0.0453726738995393,0.02217546366627243,-0.029696552775545542
AVAXUSDT,1702569600000,2023,SHORT,0.000819171144196971,-0.008851070375613763,1702573200000,-0.002020900371860563,0.00719575473306356,-0.005159258500462217
AVAXUSDT,1702915200000,2023,SHORT,0.022706971993633505,-0.016422428802661915,1702918800000,0.0028403346342226565,-0.013607363145470688,-0.028829791160460822
AVAXUSDT,1703059200000,2023,SHORT,0.004614634556389153,-0.06989551570658256,1703062800000,-0.008829660270270752,-0.01540111585487929,-0.009396647457375295
AVAXUSDT,1703260800000,2023,SHORT,0.07647922409835282,-0.024119107012801514,1703264400000,-0.0081318468404865,-0.004263542067920648,0.008852796773715822
AVAXUSDT,1703520000000,2023,SHORT,0.029387076241598975,-0.03091406679188021,1703523600000,-0.0009585930256622643,0.012356066114596385,0.010837430906785447
AVAXUSDT,1705046400000,2024,SHORT,0.012453709946540442,-0.006276772615785667,1705050000000,-0.006160555812985565,0.0057024721961392525,0.04327107127523408
AVAXUSDT,1706515200001,2024,SHORT,0.040405398649611124,-0.00879632505907997,1706518800001,-0.0031324777863977137,0.01164738624918163,-0.026040572311197326
AVAXUSDT,1706688000000,2024,SHORT,0.026234268681322656,-0.056355857363701106,1706691600000,0.010808723146148478,-0.0009794602229174446,0.007521877737356847
AVAXUSDT,1707120000000,2024,SHORT,0.033659164929031336,-0.0843487976501603,1707123600000,0.00031019556669059623,-0.0036586779526666716,0.02657147356450177
AVAXUSDT,1707897600000,2024,SHORT,0.0011660882488395512,-0.06051730492417744,1707901200000,-0.029107175564547755,-0.02040812517732961,-0.03345230965110313
AVAXUSDT,1708070400000,2024,SHORT,0.005419201954895444,-0.02969472340927917,1708074000000,0.00783815109483532,-0.014672096691787288,0.017535618740949426
AVAXUSDT,1709078400000,2024,SHORT,0.01879996411180077,-0.015710044087499802,1709082000000,0.004526160243024852,-0.0025338279405655952,-0.005515510503359279
AVAXUSDT,1709913600000,2024,SHORT,0.014360127566523865,-0.0029527426330086108,1709917200000,-0.005253295383345849,-0.0027942489563278984,-0.008312794471004326
AVAXUSDT,1710201600000,2024,SHORT,0.061256102644768995,-0.0610188070383792,1710205200000,-0.011707632101235578,-0.00899426092490355,-0.016152311444556495
AVAXUSDT,1710345600000,2024,SHORT,0.1289896641616551,-0.05905169267817784,1710349200000,-0.002481574665111618,0.0072950914388174104,-0.04147817346933442
AVAXUSDT,1710460800000,2024,SHORT,0.004430553574294577,-0.029114306181819437,1710464400000,-0.03383927068949667,0.053191424185597934,0.06676717337145305
AVAXUSDT,1710633600000,2024,SHORT,0.044600370651589,-0.0467585771397835,1710637200000,-0.01734283864702911,-0.004652982024814869,-0.04714627747778332
AVAXUSDT,1710835200000,2024,SHORT,0.1019491083686638,-0.019394365079619474,1710838800000,-0.01795003058269531,-0.05629120947845318,-0.004073540879589361
AVAXUSDT,1711440000000,2024,SHORT,0.0104072032036092,-0.09671689397635953,1711443600000,-0.00246926407680741,0.004387669963391061,0.04322494224048779
AVAXUSDT,1711497600000,2024,SHORT,0.008792171831187063,-0.006226573034621414,1711501200000,0.0032452303243569176,0.011019738555177792,0.03717189453943486
AVAXUSDT,1712736000001,2024,SHORT,0.010760373640752415,-0.17673709950058128,1712739600001,0.001692871301720829,0.02502672764324796,0.00230724555969829
AVAXUSDT,1713081600000,2024,SHORT,-0.09849265591665639,-0.1477372309456698,1713085200000,-0.010933850452700188,0.011666292158679568,0.03254340786169941
AVAXUSDT,1713168000001,2024,SHORT,-0.1685299699337798,-0.100173332820593,1713171600001,-0.005961624906080219,-0.011415106115923722,0.07700887772634511
AVAXUSDT,1713283200000,2024,SHORT,-0.16127248466799146,-0.1262265466329912,1713286800000,0.003266486137952911,-0.00790124677123968,-0.032546225197668824
AVAXUSDT,1713484800001,2024,SHORT,-0.1316300683538958,-0.13985243490452,1713488400001,0.04326431285985243,0.00869252564886816,-0.02764782247856646
AVAXUSDT,1713657600000,2024,LONG,-0.0838705804267171,0.010568035941767018,1713661200000,0.006162817891974553,0.011160329542446116,-0.013005056783517538
AVAXUSDT,1713772800000,2024,SHORT,-0.09014187592370682,-0.05002210495435678,1713776400000,-0.005023000399159982,-0.00851134620443557,-0.014739510401032812
AVAXUSDT,1713974400000,2024,SHORT,0.004795533041539401,-0.10903785724642631,1713978000000,-0.006854147401240805,0.004396207894426267,0.020379003057117963
AVAXUSDT,1714176000000,2024,SHORT,-0.13437513851477617,-0.13853994416292786,1714179600000,0.024231596395862344,-0.006468365549805842,0.0023705362364457036
AVAXUSDT,1714320000000,2024,SHORT,-0.14716383661089566,-0.159022260989531,1714323600000,-0.008074026740377483,-0.007246719862204191,0.03281569563512282
AVAXUSDT,1714492800000,2024,SHORT,-0.14916119202385483,-0.18958963127282796,1714496400000,0.0012940598305725011,0.003485452549998183,-0.005006383600314864
AVAXUSDT,1714550400000,2024,SHORT,-0.18868126476108288,-0.13015615502756628,1714554000000,-0.008420425777260179,-0.037532313693667135,-0.05286383941849622
AVAXUSDT,1714723200000,2024,SHORT,-0.08887848323848596,-0.06961854036683726,1714726800000,-0.0056383317512560625,-0.02998949625917205,-0.05770219887810374
AVAXUSDT,1714838400000,2024,SHORT,0.021414516789911173,-0.026928675467217413,1714842000000,0.001176744385477874,-0.02134965755639014,-0.015199923505594619
AVAXUSDT,1714924800000,2024,LONG,0.025053354873654867,0.03634262773860238,1714928400000,-0.004173695760935983,-0.0077458475483873105,0.0011473858209126687
AVAXUSDT,1715155200000,2024,SHORT,0.017193777819919705,-0.009506050026935603,1715158800000,0.0009249357540059695,0.008005844065259551,0.024656499643514847
AVAXUSDT,1715270400000,2024,SHORT,-0.07485783808095074,-0.10472580069148474,1715274000000,-0.0030992364436731932,-0.01077659407064742,-0.045816966128827276
AVAXUSDT,1715328000000,2024,SHORT,-0.1468654650585187,-0.13864297168550943,1715331600000,0.0046673552120120735,0.006237346282766497,0.05773592504527886
AVAXUSDT,1715788800000,2024,SHORT,-0.2191872038668561,-0.15893310080230913,1715792400000,-0.0010608204672329952,-0.018432759313539365,-0.02498164676528242
AVAXUSDT,1715904000000,2024,SHORT,0.003283223959529766,-0.0023680108221866146,1715907600000,0.0021145637540993275,-0.005626664968023505,-0.06470308122452645
AVAXUSDT,1715990400000,2024,SHORT,0.020972499067517785,-0.00013939078723539922,1715994000000,-0.0059790910560580095,-0.019543365016186056,-0.010844623022563732
AVAXUSDT,1716249600000,2024,SHORT,0.04080897705098501,-0.018552105856679664,1716253200000,0.013820751932621288,0.007010792591591685,-0.005269001479637627
AVAXUSDT,1716508800000,2024,SHORT,0.07317966405001063,-0.025254961791590397,1716512400000,-0.001447814312213443,-0.001086057202325171,0.021153051010371984
AVAXUSDT,1717718400000,2024,SHORT,0.03398150752587869,-0.09076576212504434,1717722000000,0.0006120632285445475,-0.0012785592936349927,-0.005657723719858855
AVAXUSDT,1718812800000,2024,SHORT,-0.14570383778790066,-0.13865703743780597,1718816400000,-0.004262831679407664,0.0039852451269214275,-0.004922679938255132
AVAXUSDT,1718928000000,2024,SHORT,-0.05497145338616139,-0.022452804534456125,1718931600000,-0.013874482545937839,-0.02256550510885859,-0.007941464635657303
AVAXUSDT,1719100800000,2024,SHORT,-0.1756218370535149,-0.09988750310954982,1719104400000,-0.005661563129423483,-0.004268535778822735,0.015716876856622902
AVAXUSDT,1719216000000,2024,SHORT,-0.12404628311276,-0.07110310821670379,1719219600000,0.007883335556441187,-0.0055298936050506824,0.021065465950690608
AVAXUSDT,1719475200001,2024,SHORT,-0.086829205880448,-0.0967744026356418,1719478800001,-0.02700352064979174,-0.02906232839192898,-0.07631636383753354
AVAXUSDT,1719561600000,2024,LONG,0.027065678961726083,0.16123249478746784,1719565200000,0.01178363235557078,0.023743861207484222,0.00335044510738995
AVAXUSDT,1719763200000,2024,SHORT,0.08403836031073426,-0.005066681927554423,1719766800000,-0.0003576537949426716,-0.022775677700942205,-0.06219944350270759
AVAXUSDT,1719964800000,2024,SHORT,0.04419371389269257,-0.016799353063353225,1719968400000,0.010409483403283546,0.028479702988388346,0.06618702794320465
AVAXUSDT,1720080000000,2024,SHORT,0.022422303412120523,-0.016481002159929852,1720083600000,0.0005016690247417822,0.0315894119173018,0.018534912667516217
AVAXUSDT,1720195200000,2024,SHORT,-0.06639197224219236,-0.06423159795128469,1720198800000,-0.0065576643583428245,-0.014147682020293813,-0.01478421927921477
AVAXUSDT,1720425600000,2024,SHORT,0.11135489347622987,-0.01781725282188935,1720429200000,0.011302927383618735,0.005430348835039343,0.06122293126229467
AVAXUSDT,1720540800000,2024,SHORT,-0.09888560649220761,-0.03752227850195547,1720544400000,0.005043505950429853,-0.01992343893645172,-0.061115423874812266
AVAXUSDT,1720656000002,2024,LONG,0.09767759899530931,0.09819368639124358,1720659600002,0.00758271671242145,-0.010121702732320952,0.016568334719224375
AVAXUSDT,1720771200000,2024,SHORT,-0.0363857744081479,-0.04640207839225619,1720774800000,0.009795801661702169,0.003016114676323288,-0.01693457360566768
AVAXUSDT,1720857600000,2024,SHORT,-0.05984990255692311,-0.017742236916527435,1720861200000,-0.014164488395518985,-0.002509702276779183,0.006515944397665788
AVAXUSDT,1720915200000,2024,SHORT,-0.06413839368813914,-0.03104847052367191,1720918800000,-0.004578604024128388,-0.0020033138417698635,0.00852024828240408
AVAXUSDT,1721059200000,2024,LONG,0.015515817867787855,0.037512226972113684,1721062800000,-0.006082653573482671,0.006817412581638124,0.026022891406014277
AVAXUSDT,1721145600000,2024,LONG,0.10506229524801788,0.020960980826056314,1721149200000,-0.0009636896288748886,-0.030137592984249822,-0.006384505665362969
AVAXUSDT,1721203200001,2024,SHORT,0.06309194267336334,-0.0067463688100392345,1721206800001,-0.005635973727263795,0.01706556079677394,0.03222711847904018
AVAXUSDT,1721289600000,2024,SHORT,0.02756081835590589,-0.014220791463786096,1721293200000,0.002458869436300306,0.002676119056967927,0.02043195598366591
AVAXUSDT,1721347200000,2024,LONG,-0.003104910481225365,0.006015549486310284,1721350800000,-0.001221611568435125,0.0012940199605849193,-0.004003564066454923
AVAXUSDT,1721404800000,2024,SHORT,-0.040022499023147994,-0.0631277676776563,1721408400000,-0.006435948988886,-0.013326404238981066,-0.020486044747392615
AVAXUSDT,1721520000000,2024,SHORT,0.014546710992516369,-0.0266207757800047,1721523600000,-0.006298095259448394,-0.0020693230353676833,-0.0077379803174359415
AVAXUSDT,1721750400000,2024,LONG,0.19165584061484128,0.13459191913711518,1721754000000,0.011645650109436247,0.016319491828601186,-0.03286543450175856
AVAXUSDT,1722067200000,2024,SHORT,-0.10469404159493455,-0.05315473990060826,1722070800000,-0.003877395478692751,-0.012037021313208524,0.01573280184467002
AVAXUSDT,1722240000000,2024,SHORT,-0.09259146010104798,-0.11088019715376521,1722243600000,-0.0071817349536274005,-0.0021669238172928647,0.04252766910916338
AVAXUSDT,1722412800000,2024,SHORT,-0.10462132302276492,-0.08826647038202076,1722416400000,0.002677480179719034,-0.0038125784868374736,0.02275591248350804
AVAXUSDT,1722585600001,2024,SHORT,-0.15078962602273877,-0.11253082989954133,1722589200001,0.00461471957106048,0.009411083536486238,0.056833938978650966
AVAXUSDT,1723190400000,2024,LONG,-0.09765764655564255,0.005226023237076155,1723194000000,-0.006344557165824826,-0.005883451426110591,-0.011152703275776492
AVAXUSDT,1723392000001,2024,LONG,-0.03558699490967541,0.013303749596999802,1723395600001,0.002312248865418636,-0.02997179439442083,-0.026036407316123448
AVAXUSDT,1723680000000,2024,LONG,-0.0009180325080839446,0.02830005075271389,1723683600000,-0.011028207156627688,-0.008918198221486337,-0.010788209075460508
AVAXUSDT,1723996800000,2024,SHORT,-0.051591240999816365,-0.04328437254991408,1724000400000,0.006999319187292146,-0.01129373048058987,0.021868948424274687
AVAXUSDT,1724227200000,2024,LONG,0.12488907626999093,0.12529438703867546,1724230800000,-0.0016513127340072019,0.0029914830138769205,0.025972146417789697
AVAXUSDT,1724457600000,2024,LONG,0.11376535838730112,0.08651886289614794,1724461200000,-0.004012573048536373,-0.009718397041656049,0.036645548236403244
AVAXUSDT,1724601600000,2024,LONG,0.10261652130352,0.0814071194942802,1724605200000,0.00519925410836814,0.0008932227323567014,0.0018599811924227944
AVAXUSDT,1724803200000,2024,LONG,0.05820726439868191,0.0705549304138416,1724806800000,0.002723826772581745,0.008731855525779892,0.030905165686560314
AVAXUSDT,1725062400000,2024,SHORT,-0.11271936670510271,-0.10296560735978558,1725066000000,0.003316895500434886,-0.0012893245726273942,0.008898546839130475
AVAXUSDT,1725753600000,2024,SHORT,-0.04111301861373888,-0.017028146071327764,1725757200000,-0.0027938736198558313,-0.0292875816201671,-0.040801813607545
AVAXUSDT,1726012800000,2024,SHORT,-0.025418676027084294,-0.02622641206631019,1726016400000,0.01972564733468086,0.034917304405349514,0.038783480224805544
AVAXUSDT,1726070400000,2024,LONG,-0.026314525963566187,0.02149557375382087,1726074000000,0.000553038535355745,-0.002727119467571076,0.0034408818809177183
AVAXUSDT,1726185600000,2024,SHORT,-0.046449732616023066,-0.03343979949193327,1726189200000,-0.001338912333912033,0.009676544855820894,0.0022634875740953544
AVAXUSDT,1726387200000,2024,LONG,0.07186383308738668,0.04754656402855725,1726390800000,-0.0005662743345916895,-0.00036399668760468077,-0.024644089707779242
AVAXUSDT,1726588800000,2024,SHORT,-0.09288709198375712,-0.09623993016874834,1726592400000,0.0006645346425555964,0.011777616928273745,0.018141562123600637
AVAXUSDT,1726704000000,2024,SHORT,-0.04751773581385725,-0.09193521409681611,1726707600000,0.0004614674747328633,0.008184109917615884,-0.014541963478086818
AVAXUSDT,1726876800001,2024,LONG,0.15516845353613562,0.09084676957075881,1726880400001,-0.01530195989570102,-0.019864817385269046,-0.0021354768598108444
AVAXUSDT,1727193600001,2024,LONG,0.0588229692133506,0.0324429634974612,1727197200001,0.00914283723985486,0.012994306283964464,0.013828047473761103
AVAXUSDT,1727308800005,2024,LONG,0.08198360477189891,0.09000599154171082,1727312400005,0.009120057329343106,0.014850941222540114,0.049266786386763295
AVAXUSDT,1727625600000,2024,LONG,0.07521583177834436,0.028550008681022268,1727629200000,0.003833605689716499,0.007686909845116542,-0.014780483110350462
AVAXUSDT,1727769600000,2024,SHORT,-0.00915008610833361,-0.06993806756305725,1727773200000,-0.0001397331099878276,0.0002795248096467249,0.10073641800381193
AVAXUSDT,1727884800000,2024,SHORT,-0.050490990862559405,-0.04879083492143397,1727888400000,0.0031275968116901034,0.017226050529016355,0.017696823389809855
AVAXUSDT,1727971200000,2024,LONG,-0.0634405776205868,0.0017954883468109027,1727974800000,0.011028918376751786,0.015276249763874575,0.030964748799068693
AVAXUSDT,1728115200000,2024,SHORT,-0.05893186628602596,-0.0241795119358185,1728118800000,-0.0008058791233771714,0.00438614069343715,0.03440737728786238
AVAXUSDT,1728259200000,2024,SHORT,-0.06234629900744448,-0.06551163754453135,1728262800000,-0.008820626317158527,-0.0018364129008598973,0.005899287073995428
AVAXUSDT,1728345600000,2024,SHORT,-0.04031924337745195,-0.018015934651345614,1728349200000,-0.001559830963223398,0.0007808288336635215,0.018190843847203732
AVAXUSDT,1728489600000,2024,SHORT,-0.03751756678648376,-0.025657171310308254,1728493200000,-0.009196440134673852,0.004338905811422354,-0.0030106553541873163
AVAXUSDT,1728662400001,2024,SHORT,-0.024144251962002164,-0.023971548141265144,1728666000001,-0.00662944699881221,-0.021807487501286266,-0.0617296586334562
AVAXUSDT,1728950400000,2024,LONG,0.07388003605049126,0.0735312155257495,1728954000000,-0.005404295007381436,-0.0029410259421907134,-0.0072470366932345
AVAXUSDT,1729008000000,2024,LONG,0.1441417590170068,0.07908686692201326,1729011600000,-0.0016955143588510515,-0.02118708207047377,-0.026174263091310913
AVAXUSDT,1729238400001,2024,SHORT,0.026608457425700838,-0.00016227398356624152,1729242000001,0.005657723719858837,0.009885597495811355,-0.005374127016954551
AVAXUSDT,1729382400000,2024,SHORT,0.004772664212510257,-0.003869629146983798,1729386000000,0.002901927697016917,0.0032607750830760847,0.003476145341276009
AVAXUSDT,1729468800000,2024,SHORT,0.008181360776402875,-4.425251046303584e-05,1729472400000,0.004629558516453807,0.01322515487445833,0.03942875449951171
AVAXUSDT,1729584000000,2024,SHORT,0.046776797914793826,-0.015422771129271816,1729587600000,0.0025824300091993055,-0.0035173637931558404,-0.00579522792550629
AVAXUSDT,1729670400000,2024,LONG,0.01258637090965882,0.002670653211117977,1729674000000,-0.005931857196610474,-0.009230087389420006,-0.007429704321811281
AVAXUSDT,1729728000000,2024,SHORT,-0.0043661955515683784,-0.006483014185869795,1729731600000,0.0037297629972980343,0.0006268090097004903,0.01447955499704326
AVAXUSDT,1730160000000,2024,SHORT,-0.04346249575234781,-0.031106871901561327,1730163600000,-0.0024630087667806325,-0.015211136661099483,-0.009515250767900307
AVAXUSDT,1730361600000,2024,LONG,0.015003167969053662,0.012202272673279732,1730365200000,-7.756146750178771e-05,-0.0034573211091351547,-0.035324022263452666
AVAXUSDT,1730851200000,2024,SHORT,-0.07337558636007953,-0.10681259062245148,1730854800000,-0.0009324766036189853,-0.05879530204709959,-0.06599766536533164
AVAXUSDT,1732118400000,2024,SHORT,0.025621443237913263,-0.009445589074980122,1732122000000,0.01630044818483379,0.011717788773741567,0.000645767311392759
AVAXUSDT,1734595200000,2024,LONG,0.16896841163805135,0.10854162314916586,1734598800000,0.006949462001947663,0.00377519206332001,-0.08674922731785689
AVAXUSDT,1734710400014,2024,LONG,0.07323889433001923,0.0887966428657265,1734714000014,0.01101932348394289,0.012650159583994286,0.05501253247343199
AVAXUSDT,1735315200000,2024,LONG,0.10004432508770504,0.07988521708777903,1735318800000,0.020601447740059734,0.010651116886891873,0.0019103245173107168
AVAXUSDT,1735401600000,2024,LONG,0.07238434855305147,0.06269390098984266,1735405200000,0.005082839763450104,0.0017859289575849519,-0.004170682978550075
AVAXUSDT,1735632000000,2024,LONG,0.10016772127518177,0.07802022660540973,1735635600000,0.009835917768046088,0.004306459388682709,-0.0015604539628112388
UNIUSDT,1672646400008,2023,SHORT,0.00442288469947655,-0.04751212110708272,1672650000008,0.002448442696005975,0.0022598879674374786,-0.019374674600555877
UNIUSDT,1672732800018,2023,SHORT,0.03365819105220095,-0.020458720733694757,1672736400018,-0.003910983660979788,-0.0029811835010133225,0.004863458894248009
UNIUSDT,1673164800000,2023,SHORT,0.018806711571504518,-0.01966414140777892,1673168400000,0.00036523009901992184,0.00292558263156764,0.001278889367694523
UNIUSDT,1676563200001,2023,SHORT,0.016323481678441804,-0.05841224473665742,1676566800001,0.0007266914061526254,0.011984943222725497,0.03564148046167222
UNIUSDT,1678435200000,2023,SHORT,-0.06725204897789845,-0.06551134619565857,1678438800000,0.017799234887498388,0.003787541726859107,-0.010743165098813335
UNIUSDT,1678665600010,2023,SHORT,-0.04633604178514383,-0.09797495819668325,1678669200010,-0.014203597460491168,-0.00971369218763913,0.01834290559488628
UNIUSDT,1679385600004,2023,SHORT,0.00087751670898666,-0.03819684908250024,1679389200004,-0.008459461542825905,-0.03341676392423539,-0.0472252368994453
UNIUSDT,1679587200013,2023,SHORT,0.004497222959836102,-0.04113034505381048,1679590800013,0.007388228215773615,0.028112706603584975,0.026503177847940533
UNIUSDT,1679760000011,2023,SHORT,-0.10114273510171645,-0.09928758274099429,1679763600011,0.004322648729606642,0.011452493731787753,0.012500162764231494
UNIUSDT,1680624000008,2023,SHORT,-0.09794630874014895,-0.11838999078851205,1680627600008,0.0017940149963763415,-0.006820422671882746,-0.023670696986414795
UNIUSDT,1681142400006,2023,SHORT,0.017993889698935804,-0.012116019409554904,1681146000006,-0.011535695923082161,-0.005199173137289495,-0.017336656915727826
UNIUSDT,1681200000007,2023,SHORT,0.018203478444469175,-0.03767678689264927,1681203600007,0.0011628874140452968,0.0026600181935596537,0.014886952192953913
UNIUSDT,1681977600012,2023,SHORT,0.020919845461317674,-0.027034699260567528,1681981200012,-0.0035530026379652995,-0.005409073364011811,0.022973751695463413
UNIUSDT,1682150400000,2023,SHORT,0.000859261057825228,-0.024281335293758522,1682154000000,0.0007291287235162793,-0,0.001093892542990089
UNIUSDT,1682236800020,2023,SHORT,-0.012032351385955804,-0.009498844332259821,1682240400020,0.001996189756412079,0.002177859300012927,0.024221367588628643
UNIUSDT,1682380800014,2023,SHORT,0.004902532653816191,-0.007400809496015331,1682384400014,0.0005631159229047887,-0.0020620496574581914,0.002254368792443726
UNIUSDT,1683158400000,2023,SHORT,0.019280793548976598,-0.02783538869923515,1683162000000,0.0009296272864341055,0.009335392666658612,0.014978748501613588
UNIUSDT,1683302400000,2023,SHORT,0.026262849181136836,-0.1380716040235524,1683306000000,0.00433840159859813,0.004882027597308198,0.005788728176244652
UNIUSDT,1683590400015,2023,LONG,0.02897605523308205,0.028156331057748257,1683594000015,0.002815770162909751,0.00040273862807750773,0.00442122906684966
UNIUSDT,1683763200011,2023,SHORT,0.02577628535862853,-0.00927033340091589,1683766800011,-0.0009713453896321027,-0.00019434457353963727,0.008000823243524018
UNIUSDT,1683936000000,2023,SHORT,0.021866730090193163,-0.015564909737346895,1683939600000,0.001743679604826951,0.002713705871596273,0.008944255622232333
UNIUSDT,1684310400000,2023,SHORT,0.008608112184611282,-0.01646287396553552,1684314000000,-0.003110422414392552,0.00038948393871137007,-0.02689366846740804
UNIUSDT,1684368000000,2023,SHORT,0.017430643571987762,-0.12015512154722752,1684371600000,0.002781642961876914,0.0024103098718321146,0.018692133012152633
UNIUSDT,1684828800014,2023,SHORT,0.005813905947014505,-0.10820384075564651,1684832400014,-0.002739191695108449,-0.004496146759074747,0.003926192715281244
UNIUSDT,1685347200020,2023,SHORT,0.020272121584290283,-0.024643659018782085,1685350800020,-0.0009717229411011341,0.001556723412257572,0.0054591673891893145
UNIUSDT,1685750400000,2023,SHORT,0.0017889046687891805,-0.0008712733978616668,1685754000000,0.0015838451143094495,-0,-0.007096422447764284
UNIUSDT,1685836800000,2023,SHORT,0.000791993322329166,-0.005027352869043651,1685840400000,-0.0019704439872987385,-0.008054262183050605,-0.008641059265902949
UNIUSDT,1685952000000,2023,SHORT,0.004416870162312472,-0.004090894485494176,1685955600000,-0.0018088639240260308,0.0008049909873221814,0.05117683619855557
UNIUSDT,1686009600000,2023,LONG,0.020406754213184754,0.037081415543286624,1686013200000,-0.0061617107729206476,0.0014816385396472047,-0.004883755327428622
UNIUSDT,1686384000000,2023,LONG,0.031941979803221256,0.027803800247263123,1686387600000,-0.0007620983475672547,0.0027894020875785922,0.0277969568330903
UNIUSDT,1686528000000,2023,SHORT,-0.011514650838952109,-0.008842697061565383,1686531600000,0.0017277555822117908,0.0022219488218223836,-0.021710817389805816
UNIUSDT,1686844800000,2023,SHORT,-0.04603912934678329,-0.05315775700561331,1686848400000,0.00023204548195535343,-0.03689783173714182,-0.026332374344236492
UNIUSDT,1686931200000,2023,SHORT,-0.07160869510261775,-0.062125599823910235,1686934800000,-0.014168933077107686,-0.018774709395353806,-0.01108658805634055
UNIUSDT,1687824000000,2023,SHORT,0.015809306921538216,-0.008218881231829078,1687827600000,-0.006828554606859989,-0.007962127371359078,-0.014736711053114105
UNIUSDT,1687996800000,2023,SHORT,0.013830256727953402,-0.01480618402250827,1688000400000,-0.004545462371674638,-0.010915565079363384,-0.02616131214703201
UNIUSDT,1688832000000,2023,SHORT,0.002226534213550902,-0.07667584294404702,1688835600000,0.006242335601722046,0.02057607360380219,-0.000942418314968011
UNIUSDT,1688976000000,2023,SHORT,-0.0632523773810918,-0.014473173706763653,1688979600000,-0.0038910554929667217,-0.004861458286245219,-0.032978448684155566
UNIUSDT,1689148800000,2023,SHORT,0.006156489622653003,-0.03919217985900634,1689152400000,-0.0020639842208514275,-0.0033752141549038654,0.014949658684604676
UNIUSDT,1689292800000,2023,SHORT,-0.10024444987114836,-0.08585395559674631,1689296400000,0.0008399832497249873,-0.0008392782699949171,0.017106014537569356
UNIUSDT,1689580800000,2023,SHORT,-0.0419720975102751,-0.09204327441927379,1689584400000,0.029065919064858493,0.036466348674347976,0.03612092552756266
UNIUSDT,1689753600000,2023,SHORT,0.022237227254770064,-0.03022037527006636,1689757200000,-0.008899596647573015,-0.007023583476917159,-0.017720688621014644
UNIUSDT,1689868800000,2023,SHORT,0.008846612263112775,-0.006485172692659006,1689872400000,-0.001685772482837413,0.0076213426738978626,-0.040666760606057756
UNIUSDT,1690099200000,2023,SHORT,0.03762662356809738,-0.03380693823181299,1690102800000,0.005422739440759891,-0.00016386726787992326,-0.012539859784364598
UNIUSDT,1690560000000,2023,SHORT,0.013181142481120239,-0.009998403756425685,1690563600000,0.0045412574891560255,-0.007190065253333447,-0.014494214592424507
UNIUSDT,1690992000000,2023,SHORT,0.07447783116932637,-0.029380355006563916,1690995600000,0.00822784346433162,0.00871394895879402,0.010660737373781771
UNIUSDT,1691049600000,2023,SHORT,0.024990714548434365,-0.03481819663673309,1691053200000,-0.00212470456657119,-0.014778994126761128,-0.006523180339123476
UNIUSDT,1691596800000,2023,SHORT,0.033595581530675024,-0.008755547848296321,1691600400000,0.0055646624771601315,-0.00455952589289944,-0.02211372494498455
UNIUSDT,1692259200000,2023,SHORT,0.0409133392271081,-0.0013317053839496894,1692262800000,-0.0038521555477250575,0.008490268793690373,0.03478286317487377
UNIUSDT,1692460800000,2023,SHORT,0.006718249034565732,-0.007798719627512391,1692464400000,0.01167955282379101,0.023907135372601362,0.02144962850400828
UNIUSDT,1692547200000,2023,SHORT,0.005942221868897327,-0.004847108926966196,1692550800000,-0.006550688726846555,-0.010013366593436998,0.007628116568049989
UNIUSDT,1692806400000,2023,LONG,0.050355281504820756,0.00917605728254213,1692810000000,-0.0062163482402407474,-0.009756174945364798,-0.0107996895970851
UNIUSDT,1692979200000,2023,SHORT,0.0025906801205119877,-0.034336346850594994,1692982800000,-0.0006613027905500857,-0.00044091711472693925,-0.00768812133901349
UNIUSDT,1693094400000,2023,SHORT,-0.049557011692283014,-0.041755115813779026,1693098000000,-0.00021637996405945002,-0.0041032343500344666,-0.0008652390762590363
UNIUSDT,1693324800000,2023,LONG,0.0230727532935211,0.05845858387632509,1693328400000,0.0004146796659050597,-0.00603225958148511,-0.01884083364283891
UNIUSDT,1693526400000,2023,LONG,0.06947233262693638,0.0844506666939479,1693530000000,-0.004776535864153464,-0.00249914931847499,-0.0034094816526203217
UNIUSDT,1693641600000,2023,SHORT,0.014301907191483696,-0.009051886833871665,1693645200000,-0.012003837580256754,-0.01383785918558086,-0.013379669028653072
UNIUSDT,1694016000001,2023,LONG,0.030284262881039286,0.043878736179232894,1694019600001,0.013310969236724006,0.004758137446417018,0.014207026644349495
UNIUSDT,1694188800000,2023,LONG,0.06160378159682772,0.05608373444342043,1694192400000,0.0018289899931724968,0.0025139997242627395,-0.0029792619721937448
UNIUSDT,1694361600000,2023,LONG,0.03456580497613683,0.03424204051564787,1694365200000,-0.0007164179410898239,0.009030479619755174,0.0061875494889209025
UNIUSDT,1694534400000,2023,SHORT,-0.005341199227664331,-0.017168412808321314,1694538000000,0.007360831050602254,0.0011835721585240044,0.003792372404862117
UNIUSDT,1694764800000,2023,LONG,0.03550700998248821,0.033337878692644,1694768400000,0.0006988934472014348,-0.00490597876885463,-0.002800468574707961
UNIUSDT,1694880000000,2023,LONG,0.037273392371681535,0.026966928202383146,1694883600000,0.005080842338892585,0.0009257117069308295,0.0018505672641835637
UNIUSDT,1694995200000,2023,LONG,0.08244066723636004,0.029778869762903195,1694998800000,0.00587338702408836,0.019368240491011053,0.04717313107216799
UNIUSDT,1695081600000,2023,SHORT,-0.03693915501404629,-0.03417278997423124,1695085200000,-0.004137936938799012,-0.011679967889772956,-0.02029484773958756
UNIUSDT,1695139200000,2023,SHORT,-0.037519307677290004,-0.022721726709142444,1695142800000,0.003842246788122121,0.007926663630347077,0.0072447679339621455
UNIUSDT,1695225600000,2023,SHORT,-0.058477700544057494,-0.053575755053263015,1695229200000,-0.0006873639862794907,-0.002289378289310999,0.0009172208852171239
UNIUSDT,1695369600000,2023,SHORT,-0.021647836849581235,-0.03261276303627162,1695373200000,-0.00046948357669841334,0.001644930461375032,0.00801513013193946
UNIUSDT,1695456000000,2023,LONG,0.033334718590407604,0.023704832030145746,1695459600000,0.0011697275868777942,-0.0011710974520307343,-0.003752349618550464
UNIUSDT,1695744000000,2023,SHORT,0.0034692716973312556,-0.004774765945594204,1695747600000,0.0004720321069474188,0.001416765290109087,-0.011495727769732584
UNIUSDT,1695859200000,2023,LONG,-0.0095365084020986,0.08367863223585154,1695862800000,0.001874414794350352,0.00023449408009894773,0.010498171770157418
UNIUSDT,1696003200000,2023,LONG,0.026299690649017524,0.029037744191598144,1696006800000,-0.004500457641056114,-0.016753844446821042,-0.007210486399921302
UNIUSDT,1696089600000,2023,SHORT,0.0029126104300825693,-0.004083236108245624,1696093200000,-0.002015903919341902,0.0015707396924072563,0.0015707396924072563
UNIUSDT,1696320000000,2023,SHORT,-0.012580743654012844,-0.06287519177269504,1696323600000,0.0024441740864690814,0.01927014592044596,0.029503322200474996
UNIUSDT,1696780800000,2023,LONG,0.08032372406534717,0.10338967548193229,1696784400000,-0.0018480023739296573,0.007358046533793179,0.0034558265011906644
UNIUSDT,1696867200000,2023,LONG,0.08705897288406635,0.09392320073854192,1696870800000,0.005338522749248625,-0.00024333860687063698,0.000729660740143868
UNIUSDT,1697068800000,2023,LONG,0.06085468536993394,0.050048699420575396,1697072400000,-0.00608200390805502,-0.0031580252166197183,-0.010238997301094312
UNIUSDT,1697155200000,2023,LONG,0.04008771298425158,0.03129711642671505,1697158800000,-0.004502258730737899,0,0.005227143202308303
UNIUSDT,1697472000000,2023,LONG,0.0822350205005606,0.07364085543395878,1697475600000,0.00024268899524539862,0.00024268899524539862,-0.006086446056402328
UNIUSDT,1697904000000,2023,SHORT,0.015059666683236694,-0.010193601143850687,1697907600000,-0.008485927998970815,-0.0055845719985198865,-0.015223200836288463
UNIUSDT,1698019200000,2023,SHORT,0.015024172833557009,-0.008551051006827907,1698022800000,-0.011601058182761975,-0.010216016410100295,0.008201569113417633
UNIUSDT,1698595200000,2023,SHORT,0.013520280434170551,-0.05892935553600641,1698598800000,-0.0036027419778274696,-0.004561285065837966,0.0007221085883644979
UNIUSDT,1698940800000,2023,SHORT,0.005138508749635856,-0.044168465523848156,1698944400000,0.0021496138973988075,-0.0006439841373143797,0.014055804982974953
UNIUSDT,1699632000000,2023,SHORT,0.01038970853310344,-0.0769931164383301,1699635600000,-0.005160068783405841,-0.0022966517271976804,-0.0028699914466779604
UNIUSDT,1699776000000,2023,SHORT,0.10633308473099803,-0.1255040373618449,1699779600000,0.010273434697355083,0.027196200239816462,0.0014611874745897888
UNIUSDT,1700150400001,2023,SHORT,0.013787265828668696,-0.005245369282258945,1700154000001,0.0009376465759635034,0.031996635448669195,0.0011252814390714887
UNIUSDT,1700496000000,2023,SHORT,0.018030311328641687,-0.013727850049668668,1700499600000,-0.028998525823862416,-0.0026886899239283953,0.003467543447463385
UNIUSDT,1700582400000,2023,SHORT,0.005860098156604947,-0.03630819404321234,1700586000000,0.024732014469846172,0.009501259124140252,-0.035417344755065985
UNIUSDT,1701100800000,2023,SHORT,0.08795422529242246,-0.006281210146941974,1701104400000,0.0037523496185503527,0.011628990275855284,-0.042247455839704226
UNIUSDT,1701216000001,2023,SHORT,0.029856877005571766,-0.012236520462219156,1701219600001,-0.004315518565222193,-0.021393732508258684,0.0009615385356215601
UNIUSDT,1701302400000,2023,SHORT,0.01563710892064871,-0.027104467131814015,1701306000000,0.007684635210822045,0.009867125794252486,0.018305994440117115
UNIUSDT,1701907200000,2023,SHORT,0.023511510994409155,-0.010407648849544626,1701910800000,-0.00016464970811870102,-0.00803612360778244,-0.001974009524052038
UNIUSDT,1702108800000,2023,SHORT,0.054042994104602525,-0.06314005391668798,1702112400000,-0.001802614278116098,-0.0092787256543304,-0.017881567201224326
UNIUSDT,1702368000000,2023,SHORT,0.016375793644444244,-0.023758671620012696,1702371600000,0.008326709439131517,0.0031943806112083514,0.014293987850959129
UNIUSDT,1702742400001,2023,SHORT,0.08684992492503187,-0.011841986495328296,1702746000001,0.0009630819363985342,0.010807428362754801,0.006922671130208691
UNIUSDT,1702944000000,2023,SHORT,0.03136145189994415,-0.04480959564278108,1702947600000,-0.017572203469420893,-0.014581671252287973,-0.0032026997455878803
UNIUSDT,1703088000000,2023,SHORT,0.008232932823533504,-0.06035828869577041,1703091600000,-0.0069525193148818835,0.021491760720345702,0.01810307567482898
UNIUSDT,1703174400000,2023,SHORT,0.021180975109403397,-0.07231098470103987,1703178000000,0.00016681958500620569,-0.017362982699787914,-0.04069521417370792
UNIUSDT,1703404800000,2023,SHORT,0.037081662688398465,-0.05226474772454457,1703408400000,-0.016441228926033932,-0.033210599285518894,-0.0742285656933433
UNIUSDT,1703635200000,2023,SHORT,0.042093370382386815,-0.03868752065899989,1703638800000,-0.0004156563967014944,0.011849305714155914,0.0038878138390099504
UNIUSDT,1704355200000,2024,SHORT,0.005094682002660749,-0.032248408695029804,1704358800000,-0.002759468254176952,-0.020512760566276086,-0.008560125642477509
UNIUSDT,1704729600000,2024,SHORT,0.0028805489589410847,-0.053762383553984015,1704733200000,-0.019453300562766455,-0.02758342664601647,-0.03065562568298675
UNIUSDT,1704844800000,2024,SHORT,0.02483020109982845,-0.0032293423329557585,1704848400000,0.006879634013537158,0.01596084890331509,0.0192836630587926
UNIUSDT,1704902400000,2024,SHORT,0.0050505251118729555,-0.01896446823986349,1704906000000,-0.01729615573748973,-0.036344350708184064,-0.09080871257144768
UNIUSDT,1704988800000,2024,SHORT,0.04099171290026186,-0.01003210160389933,1704992400000,-0.013982081124594864,-0.005824824175612243,-0.0023937773249888003
UNIUSDT,1705132800000,2024,SHORT,0.02705761740510654,-0.019976170016812258,1705136400000,0.00969851517789502,0.008328964632851845,-0.0010550909110523428
UNIUSDT,1705248000001,2024,SHORT,0.009839894019753076,-0.01186197998472551,1705251600001,-0.0006151007421369358,0.010825964069605652,-0.0024581361279115265
UNIUSDT,1705593600000,2024,SHORT,0.002585711747955825,-0.06556379657127501,1705597200000,-0.0004677633202932826,0.012713033185317022,0.022554382455475044
UNIUSDT,1705881600000,2024,SHORT,0.00105110746420319,-0.01907203647715576,1705885200000,0.011845672747013675,0.0259259053630402,0.03206783512820034
UNIUSDT,1706112000000,2024,SHORT,0.022554584080782352,-0.02528225723054963,1706115600000,0.002566077877160832,0.016537844615411367,0.009441319809620034
UNIUSDT,1706256000000,2024,SHORT,0.01263179506507039,-0.004841074667823073,1706259600000,-0.0020822495810799736,-0.01242895336974021,-0.027244039154880908
UNIUSDT,1706457600000,2024,SHORT,0.07843730556343362,-0.010290858048163324,1706461200000,0.003504968955755357,0.006351350115683277,-0.004654263720918785
UNIUSDT,1706544000000,2024,SHORT,0.013190708192980108,-0.012641973284296372,1706547600000,-0.00016492125047691243,-0.0034576473074527077,-0.018142198990373976
UNIUSDT,1706716800000,2024,SHORT,0.027275114457847714,-0.04901495494786043,1706720400000,-0.003428854694232012,0.017655767600618367,0.018821754240587744
UNIUSDT,1706918400000,2024,SHORT,0.05926918996404192,-0.0734604779353586,1706922000000,-0.00616184858652841,-0.020924632743412434,-0.00048784454988183524
UNIUSDT,1707148800000,2024,SHORT,0.003361278321606015,-0.04191036225229078,1707152400000,0.004000005333346017,0.00768078579817115,-0.01796800997820493
UNIUSDT,1708992000000,2024,SHORT,0.02748801430863947,-0.10884304161144606,1708995600000,0.003511939445584814,-0.01027487005256634,-0.03207435117743052
UNIUSDT,1709136000000,2024,SHORT,0.0034878569392690615,-0.05686154030305508,1709139600000,0.0493321696027551,0.021451235572048824,0.017859244604258008
UNIUSDT,1709366400001,2024,SHORT,0.030384444334466718,-0.009253372192771555,1709370000001,0.025949887713912174,0.017994923655982854,-0.01576355626897157
UNIUSDT,1709596800000,2024,SHORT,0.08468389568462892,-0.01406925689813826,1709600400000,-0.008309411824927474,-0.04002578546048296,-0.05486921024581418
UNIUSDT,1709856000000,2024,SHORT,0.006989228674494927,-0.034038054974281064,1709859600000,0.002829228455631071,0.008445550331475754,0.010700941005609248
UNIUSDT,1710000000000,2024,SHORT,0.014971518431966632,-0.06717270038622236,1710003600000,0.005328111314880732,0.004625419978257936,-0.0015370645099819767
UNIUSDT,1710345600000,2024,SHORT,0.0018302171523757454,-0.043959666517665516,1710349200000,0.0012097493024929506,-0.0004977070030572903,0.008714340860929455
UNIUSDT,1710432000000,2024,SHORT,0.002563933467948447,-0.0016826836591172065,1710435600000,0.007949907581659239,0.012056985444785541,0.08435598660918064
UNIUSDT,1710489600000,2024,SHORT,0.02578635388277816,-0.01189312141699215,1710493200000,-0.02127739844728488,-0.01784070054002914,-0.002704424174573899
UNIUSDT,1710576000000,2024,SHORT,0.036678372104147726,-0.05311867732381372,1710579600000,0.0033929705591897144,0.035176553840595405,0.059633965642159385
UNIUSDT,1710835200000,2024,SHORT,9.468554368173508e-05,-0.052796249101749806,1710838800000,-0.020468960820750802,-0.040618007710694785,-0.03798511318505551
UNIUSDT,1711324800000,2024,SHORT,0.002058298897862629,-0.012403715418416323,1711328400000,-0.0074139204186535685,-0.019704255351778967,-0.007911763110648552
UNIUSDT,1711411200000,2024,SHORT,0.04546622660184842,-0.015395180075626758,1711414800000,-0.008838692728596954,-0.019013485717279614,-0.024413616234049064
UNIUSDT,1711468800000,2024,SHORT,0.07026357525579155,-0.01516892070123476,1711472400000,-0.009964608737281161,-0.013764787485236152,-0.0159749075734413
UNIUSDT,1711526400001,2024,SHORT,0.017746213685302215,-0.027598692497089013,1711530000001,-0.012860115729604753,-0.00720925903558797,0.013109105029124763
UNIUSDT,1711785600000,2024,SHORT,0.04067706666971153,-0.043254370478370066,1711789200000,-0.0033320141894572167,-0.013105105848458582,-0.011613798323531748
UNIUSDT,1712131200000,2024,SHORT,0.0552786038006594,-0.07078397278294671,1712134800000,-0.0004450576423099702,0.01642692115241731,0.04283836006520005
UNIUSDT,1712880000000,2024,SHORT,0.04696683609207457,-0.008403722296447551,1712883600000,0.010838416207342647,-0.0024170523742687326,0.018764776433648045
UNIUSDT,1712995200000,2024,SHORT,0.010428522587535117,-0.11589576275323091,1712998800000,-0.005600116455566885,-0.007755426323196387,0.23825394972801656
UNIUSDT,1713398400000,2024,SHORT,-0.08095495177386382,-0.08439818935258865,1713402000000,-0.006212546167922541,-0.023348478823571328,-0.02037080912964697
UNIUSDT,1713628800000,2024,SHORT,0.00416669181734027,-0.0068567266947142025,1713632400000,-0.025044653240430047,-0.020595399094632805,-0.019958172284056146
UNIUSDT,1713801600000,2024,LONG,0.05397782630516998,0.002174056997815898,1713805200000,0.009337135995939917,0.013047715392475455,0.012553766259192148
UNIUSDT,1714147200000,2024,LONG,0.03908192476605883,0.018153435977117383,1714150800000,0.006694256146929894,0.021368891277637723,0.012694013286456064
UNIUSDT,1714406400000,2024,LONG,0.06494761037285428,0.0717167942906332,1714410000000,0.005251423385162458,0.0010524931901715318,0.00930239266231341
UNIUSDT,1714521600000,2024,LONG,0.05043461631845921,0.02681824525041042,1714525200000,0.011135018690150085,0.017220947884309355,-0.013585987261855266
UNIUSDT,1714579200000,2024,LONG,0.020332733938460624,0.008004466180690697,1714582800000,0.014936578760392793,0.024339903021447666,0.02764616636534223
UNIUSDT,1714809600000,2024,LONG,0.07062328488955526,0.05413670111322149,1714813200000,-0.0017274603990160683,0.006352588859374237,0.004107326078986535
UNIUSDT,1715385600000,2024,LONG,0.11989592620749104,0.12034416157221534,1715389200000,0.004349357961231863,0.0005622715919851286,-0.007196813677393697
UNIUSDT,1715472000000,2024,LONG,0.056519981613260294,0.07057118758478106,1715475600000,-0.00042738087408845493,0.009497555267668125,0.01231525225729305
UNIUSDT,1715731200000,2024,LONG,0.10717935236075242,0.09192542031320859,1715734800000,0.013106733536454336,0.016466117401269957,0.04421971409744499
UNIUSDT,1716019200000,2024,LONG,0.1297777604335817,0.15535558110229727,1716022800000,0.004322490193302536,0.0051063940745740555,0.038372159683906996
UNIUSDT,1716192000000,2024,LONG,0.11207608810291543,0.06865476663225588,1716195600000,-0.006420155591063996,-0.020560626011096744,0.13698121397223192
UNIUSDT,1717228800000,2024,SHORT,0.06222619240358656,-0.0447529900910115,1717232400000,0.005897952819544827,0.009111452270994748,0.012234408518904331
UNIUSDT,1717603200000,2024,SHORT,0.044849765172238855,-0.01685730410676959,1717606800000,-0.005371062952422915,0.002336449661019599,0.03777485109780215
UNIUSDT,1717689600000,2024,SHORT,0.04854715110125989,-0.004852155734632464,1717693200000,0.0009348416124403382,0.005622203714935369,0.0008413181145934061
UNIUSDT,1717833600000,2024,SHORT,0.14325739635183946,-0.041817453384283304,1717837200000,-0.0018009009369549201,0.00844735513918634,0.006228046248863061
UNIUSDT,1718092800000,2024,SHORT,0.01694054176730217,-0.055709374728585136,1718096400000,0.003094160910830205,0.011356453741599043,0.039548880342491245
UNIUSDT,1718150400000,2024,SHORT,0.008968975443485315,-0.06838795934065557,1718154000000,0.00593473551981469,-0.02969861910336041,-0.1304424467687499
UNIUSDT,1718784000001,2024,SHORT,0.06215701076503054,-0.003704394294534922,1718787600001,-0.004558467716099682,0.02320883010629026,0.023009864725609994
UNIUSDT,1719043200000,2024,SHORT,-0.08205987654038847,-0.029293616862878666,1719046800000,-0.007293832605586415,0.006539587670418175,0.01210668540301988
UNIUSDT,1719273600000,2024,SHORT,0.028918562431797707,-0.06888843160507704,1719277200000,-0.004411218084282812,-0.019328916141151745,-0.008054599739909603
UNIUSDT,1719590400000,2024,SHORT,0.0034219366696683143,-0.019461536218222195,1719594000000,0.01422373613488782,0.006700744575315356,0.013779637093504339
UNIUSDT,1719705600000,2024,SHORT,-0.06110518439605392,-0.058901583862776836,1719709200000,0.0032748038978206986,-0.001577109710693018,-0.010987889448370694
UNIUSDT,1719820800000,2024,SHORT,0.007414656214238194,-0.01257748962706783,1719824400000,-0.0008557065448876925,0.01205741811703529,0.0021424753776470512
UNIUSDT,1719964800000,2024,SHORT,0.020999712021957887,-0.0055755908556901265,1719968400000,0.002660460498403433,0.023295935348345998,0.06447210022824457
UNIUSDT,1720080000000,2024,SHORT,0.013751452496494536,-0.04345543757803983,1720083600000,0.002725134846400564,0.02188544800409438,0.022897465800778286
UNIUSDT,1721174400000,2024,SHORT,-0.08545288491178281,-0.05785001459498152,1721178000000,-0.002056991468838898,-0.007120903905684009,0.019323091129237517
UNIUSDT,1721491200000,2024,SHORT,0.009426702742261855,-0.0181832376999538,1721494800000,-0.008774185144938518,-0.005524182284256965,-0.008274871690550214
UNIUSDT,1721750400000,2024,SHORT,0.002261132462700311,-0.07720432333203758,1721754000000,-0.015429176374080283,-0.020347643447056234,-0.007482804852445168
UNIUSDT,1722153600000,2024,LONG,0.011012416869346444,0.053400145098747215,1722157200000,0.002122298183516658,0.01227333123268636,-0.0017276899772283906
UNIUSDT,1722384000000,2024,LONG,0.08609746175090284,0.11201459263283267,1722387600000,0.004317329965580898,-0.0062390003001331325,-0.0032502737173015837
UNIUSDT,1722470400000,2024,LONG,0.07318646041802468,0.10321527304505723,1722474000000,-0.005527930052512942,-0.029936492079974716,-0.010111589720170965
UNIUSDT,1722643200000,2024,LONG,0.05021874825142086,0.04041288608538849,1722646800000,0.009601536842822878,0.017758681771105053,0.035207487747994065
UNIUSDT,1722729600000,2024,LONG,0.05581743385446465,0.040681753281214345,1722733200000,-0.006033200804167809,-0.0037664827954768934,-0.02050964409095446
UNIUSDT,1722844800000,2024,LONG,0.02536864907477123,0.028707956353100313,1722848400000,0.0009785694097267795,-0.04854543202753848,0.042551455649138197
UNIUSDT,1722902400000,2024,LONG,0.016131308288296863,0.04910278540140825,1722906000000,0.006691343860624944,0.006340281894582945,-0.00816041427540081
UNIUSDT,1723046400000,2024,SHORT,0.0064231457893902735,-0.0287526938359664,1723050000000,0.00777251748993932,0.013820205790861134,-0.035437119111590684
UNIUSDT,1723334400000,2024,LONG,0.09580036976306916,0.07893994998836462,1723338000000,0.004663512512421244,0.0028971531611530084,0
UNIUSDT,1723420800000,2024,LONG,0.1193526425707488,0.10633088755552697,1723424400000,0.005403593019837135,0.0035493994839701916,0.05276528869768552
UNIUSDT,1723507200000,2024,LONG,0.1005656711771205,0.07184912951281514,1723510800000,0.004314828907698148,-0.0067491819749284495,-0.009979158943260917
UNIUSDT,1723622400000,2024,LONG,0.15091850859451097,0.09557507272556964,1723626000000,-0.008514642354253034,-0.011472994064192481,-0.01209692170882857
UNIUSDT,1723737600000,2024,LONG,0.062125456746531804,0.01994965212073109,1723741200000,-0.021909115742720062,-0.03858021479856449,-0.0018861998676124212
UNIUSDT,1723881600000,2024,LONG,0.13077905550778385,0.1327169030000579,1723885200000,-0.0038810884702202906,-0.0027928644996333025,-0.010435419050317946
UNIUSDT,1723996800000,2024,LONG,0.009545013446993988,0.04348893731310585,1724000400000,-0.0045977092486294314,-0.015944215317980674,-0.017069888830751594
UNIUSDT,1724198400001,2024,LONG,0.07076574393426231,0.06146722484355463,1724202000001,0.010668041624367105,0.02372778195656773,0.026693522052780607
UNIUSDT,1724630400000,2024,LONG,0.15164982390687604,0.11928889307698336,1724634000000,-0.009694108028341555,-0.001659501022018351,-0.021483266998510997
UNIUSDT,1724803200000,2024,LONG,0.053681245795602156,0.0658700152636677,1724806800000,-0.0005278437705030432,0.007011422237804083,0.02278161302871883
UNIUSDT,1725004800000,2024,SHORT,-0.024829506978582053,-0.008127815428546058,1725008400000,-0.004634008120922204,-0.008564629262864653,-0.008052814869707815
UNIUSDT,1725206400000,2024,LONG,0.06556430535002042,0.05634470685347961,1725210000000,-0.00492005912544987,0.008552281815317158,-0.020363696147031263
UNIUSDT,1725436800000,2024,LONG,0.07307886873886331,0.0919972646225272,1725440400000,-0.012154315625218216,-0.011671728951330599,0.017958894760804856
UNIUSDT,1725840000000,2024,LONG,0.11491409159024327,0.08931251767282215,1725843600000,0.0006261740968530258,0.00655535358267589,0.03779832354040352
UNIUSDT,1725984000000,2024,LONG,0.0893901751852534,0.08092862330976994,1725987600000,0.01599555742424696,0.010045815047622494,-0.005894372087464202
UNIUSDT,1726128000000,2024,LONG,0.11812581303559393,0.13183614241451913,1726131600000,-0.002231645648337779,-0.0038713568303602986,0.014605260726013201
UNIUSDT,1726329600001,2024,LONG,0.10666862905342384,0.07713644419972969,1726333200001,-0.0015037596818663988,0.0016515280384729392,0.016245979189258998
UNIUSDT,1726473600001,2024,LONG,0.10531684954624619,0.06976797361026268,1726477200001,-0.013917033032916939,-0.013605652055778485,-0.0267678602511046
UNIUSDT,1726560000000,2024,LONG,0.06359602815861906,0.012435161791295198,1726563600000,-0.006796069349763837,-0.009071728376279859,0.0215894635684615
UNIUSDT,1726646400000,2024,LONG,0.05980606145382687,0.0631717023975432,1726650000000,-0.011304733895489378,-0.007624312627126298,-0.0015202192043004548
UNIUSDT,1727020800000,2024,LONG,0.12238050485267202,0.13473559449720515,1727024400000,0.006796069349763934,0.004234090704805258,0.027206461300420495
UNIUSDT,1727395200000,2024,SHORT,0.03412386687075204,-0.010406642118844511,1727398800000,0.0033988204835323503,-0.003657797209757236,-0.010664967775502824
UNIUSDT,1727856000000,2024,LONG,0.16684093158516752,0.016157647791684108,1727859600000,-0.019967385513868497,-0.05372406214402305,-0.08163421690874706
UNIUSDT,1727942400000,2024,LONG,0.05282472072878873,0.027855168173231738,1727946000000,0.01504480326776492,0.01519716100402361,0.00555299899851101
UNIUSDT,1728028800000,2024,LONG,0.1451011224364498,0.010801837797345818,1728032400000,-0.008182742972134536,-0.003413732443191525,-0.0014827997971894188
UNIUSDT,1728259200000,2024,SHORT,-0.019804973751060592,-0.04486055507344821,1728262800000,-0.019908668807452054,-0.004427847278566616,-0.011170218881794048
UNIUSDT,1728489600000,2024,SHORT,0.053011491188003655,-0.0016120916460876451,1728493200000,-0.010472742817725042,0.012685748988515834,-0.033508991834129656
UNIUSDT,1728576000000,2024,LONG,0.13571919776831082,0.0392937851961592,1728579600000,0.003250860728217732,-0.04211926590729255,-0.050582652495761965
UNIUSDT,1728633600000,2024,LONG,0.06273606354321223,0.035383636321826756,1728637200000,0.00322861326030159,0.002484473327662187,-0.015922106563818577
UNIUSDT,1728748800000,2024,SHORT,0.02079936510201147,-0.03582809572336205,1728752400000,-0.005555226927595758,-0.015111780913053218,0.011454308500191525
UNIUSDT,1728864000000,2024,SHORT,0.0648556977315236,-0.01595581182005987,1728867600000,-0.00485660861396162,-0.036433431480526565,-0.05640520627372672
UNIUSDT,1729065600001,2024,SHORT,0.02378269058162477,-0.014354949365237592,1729069200001,-0.0033453453741493703,0.0020642505072256587,0.014801620530786746
UNIUSDT,1729267200000,2024,SHORT,0.0002974198584531832,-0.01467509337401198,1729270800000,0.005088388054408984,0.008989126069259078,0.0014702936552317275
UNIUSDT,1729324800000,2024,SHORT,0.0005093578118552867,-0.05931044676506919,1729328400000,-0.0009352662850230786,0.010346078179016779,0.019163879327342072
UNIUSDT,1729555200000,2024,SHORT,0.019633130398683328,-0.0091878707185664,1729558800000,-0.010976498208480108,-0.00868904010088137,-0.033567820428921494
UNIUSDT,1729872000000,2024,SHORT,0.015022149485192446,-0.010670042983821388,1729875600000,0.02367416819909135,0.040714254972810976,0.06053227292224723
UNIUSDT,1729929600001,2024,SHORT,0.020452868671552934,-0.019557764408724806,1729933200001,-0.008703734228130882,0.0007950179297770174,0.016694878572169992
UNIUSDT,1730044800000,2024,SHORT,0.015362289588867088,-0.02458248528832937,1730048400000,0.004237294475515267,0.013703400758423419,0.022313705534247774
UNIUSDT,1730390400000,2024,SHORT,0.024011250556528384,-0.0031961570606593927,1730394000000,0.010186845306993018,0.019948168032249025,-0.00892574323724512
UNIUSDT,1730476800000,2024,SHORT,0.004676794121669773,-0.008754905447021386,1730480400000,0.006336910956614513,0.017163339015259196,0.027180557351246602
UNIUSDT,1730563200000,2024,SHORT,0.016547413909399435,-0.00868335253800901,1730566800000,0.008669791503795182,0.003513042391547008,0.02776246679391794
UNIUSDT,1730736000000,2024,SHORT,0.040825008219479694,-0.006239288076411572,1730739600000,-0.0027935032501351428,-0.0022060454567681903,-0.013454429340246888
UNIUSDT,1731686400000,2024,SHORT,0.031617406134798534,-0.04533693564275325,1731690000000,-0.005992069289093784,-0.03826260776864001,-0.06849395314789676
ZECUSDT,1672617600000,2023,SHORT,-0.09087859473209733,-0.07288390637782154,1672621200000,0.010567772104646591,-0.0037664827954768648,-0.02475835232677875
ZECUSDT,1672704000003,2023,LONG,-0.04905659816675871,0.1290028642308233,1672707600003,-0.004555816535860691,0.00327745156607254,0.014789090200674728
ZECUSDT,1672819200016,2023,LONG,0.16745489599336064,0.10907584715215277,1672822800016,-0.014934786099224802,-0.018641697547757227,-0.022610941161382
ZECUSDT,1672876800009,2023,LONG,0.09832061354612368,0.05438330927248741,1672880400009,0.003950622422193754,0.007394660266792308,-0.003469644125113453
ZECUSDT,1672963200005,2023,LONG,0.047803554404065404,0.04084019637849192,1672966800005,-0.0054972652181830275,-0.014811366536354585,-0.02779360308630183
ZECUSDT,1673107200000,2023,LONG,0.1204560068830261,0.011141080341578671,1673110800000,0.008149613657486348,0.007194275634027231,-0.005550877050019331
ZECUSDT,1673193600010,2023,SHORT,-0.0038141573075002127,-0.017144755092338655,1673197200010,0.002174701835688098,-0.009369437911177168,-0.062000908755348624
ZECUSDT,1674144000012,2023,SHORT,-0.06137862153633736,-0.020387698256218986,1674147600012,0.0045977092486295425,-0.027597318017792347,-0.02581080570699501
ZECUSDT,1674230400000,2023,SHORT,0.005032629381783006,-0.019481021077086914,1674234000000,-0.023540478396415387,-0.03686568076770318,-0.03355098952064119
ZECUSDT,1674374400000,2023,SHORT,0.0033849770865774856,-0.0038707213402704717,1674378000000,0.005426855314119236,-0.006018488645209957,0.028289832536931115
ZECUSDT,1676908800006,2023,SHORT,0.020606805726560918,-0.06916268549976567,1676912400006,0.011556215475484743,0.009154292783484574,0.01577351261872851
ZECUSDT,1678521600003,2023,SHORT,-0.10691539341758827,-0.07151537108523988,1678525200003,-0.011180649189584028,-0.012161201645988919,-0.03285382487107828
ZECUSDT,1678665600010,2023,SHORT,-0.0891718132528057,-0.12182000142856128,1678669200010,0.008431508010298173,0.01929320293467878,0.039267037329877325
ZECUSDT,1678924800004,2023,SHORT,0.001910329196901515,-0.03725372289245543,1678928400004,-0.009398280484915615,-0.007888390420019658,-0.013012742251280218
ZECUSDT,1680048000010,2023,SHORT,-0.06145076535120764,-0.07634182638243422,1680051600010,-0.001097996267325331,-0.018234278510312407,-0.028697150618254078
ZECUSDT,1681142400006,2023,SHORT,0.06272514137805137,-0.00011321822825551814,1681146000006,-0.002302674677429414,0.004878684731235257,-0.0109541281298639
ZECUSDT,1681315200014,2023,SHORT,0.002314017800434718,-0.07012003950057787,1681318800014,-0.005090364771274596,-0.0005102040927003303,-0.020707810657603548
ZECUSDT,1681574400011,2023,SHORT,0.011123303383736195,-0.00041997286990181997,1681578000011,0.0039938970040047286,-0.0023419214450811246,0.0030527204639407995
ZECUSDT,1681920000000,2023,SHORT,0.055374560244165316,-0.015068842921653126,1681923600000,0.0036138397616091917,0.0010311936979771525,0.008539319583309347
ZECUSDT,1681977600012,2023,SHORT,0.023647757765627393,-0.011741655485677047,1681981200012,-0.009377510761327807,-0.015838316282055512,0.016359203882721843
ZECUSDT,1682294400000,2023,SHORT,0.029474938405868095,-0.043015587267898156,1682298000000,0.005361943141385287,0.009402352678390393,0.014815085785140587
ZECUSDT,1682524800001,2023,SHORT,0.008175651335641208,-0.06832038036408111,1682528400001,0.003413420670182838,0.050810552403761075,0.024142305321599635
ZECUSDT,1682668800007,2023,SHORT,0.09911306882721851,-0.031537574208383046,1682672400007,0.0034314406113275142,0.007140054133476694,0.005548963901234744
ZECUSDT,1685001600025,2023,SHORT,-0.06531315061932728,-0.12354492391697855,1685005200025,0.002565748681433646,-0.006385717740189206,-0.006703935722190355
ZECUSDT,1685088000024,2023,SHORT,-0.11457324402777143,-0.10337261979309105,1685091600024,-0.0003200512109253792,-0.006063525837990956,-0.05177333279984091
ZECUSDT,1685203200008,2023,SHORT,-0.11562347150866208,-0.07179303027889898,1685206800008,0.0006169031657706777,-0,-0.02436916204727627
ZECUSDT,1685318400000,2023,SHORT,0.007237531039629086,-0.04277636186883725,1685322000000,0.0005866823283562564,0.0073583849311871,0.009132483563272587
ZECUSDT,1686067200013,2023,SHORT,-0.1350209047787485,-0.1530289100869144,1686070800013,-0.004345652835840446,-0.00834033191621895,-0.0026764820259963205
ZECUSDT,1686412800000,2023,SHORT,-0.024755243789124862,-0.054077950023798164,1686416400000,-0.03299791771501235,-0.028409797049065662,-0.019169916107720123
ZECUSDT,1686556800000,2023,SHORT,-0.05639066469992584,-0.0669037041170472,1686560400000,-0.004903973865529344,-0.008972327727577827,-0.02148005584702174
ZECUSDT,1686672000000,2023,SHORT,-0.05775283253793478,-0.06072659270339681,1686675600000,0.0011935549457501456,-0.008315233023277089,-0.006341678011284465
ZECUSDT,1686787200000,2023,SHORT,-0.08826159375572872,-0.07217809979127318,1686790800000,0.005688759754421751,0.0020279869047405983,0.0020279869047405983
ZECUSDT,1686902400000,2023,SHORT,-0.06402101302159431,-0.07085359598164717,1686906000000,0.0008220304614148749,0.008250871889995634,-0.02635465728747984
ZECUSDT,1687305600000,2023,SHORT,0.02527828955398104,-0.03444242821041731,1687309200000,-0.005235614053944943,-0.010443959161083094,-0.005235614053944943
ZECUSDT,1687622400000,2023,SHORT,0.040581986213197724,-0.0048524263720763645,1687626000000,-0.005598335125421055,-0.014629310015959096,-0.06091353776454098
ZECUSDT,1687680000000,2023,SHORT,-0.025743379860790536,-0.029716247028020393,1687683600000,0.009353398298447299,0.03229770209370681,0.04262940539485097
ZECUSDT,1687795200000,2023,SHORT,-0.026703193185794276,-0.014901673267219107,1687798800000,0.004925309579159712,0.01684598054147058,0.004267198334610603
ZECUSDT,1687852800000,2023,SHORT,-0.034062776201424956,-0.0431532938453994,1687856400000,-0.0003340571268747182,-0.018865361748758414,-0.008649421854139925
ZECUSDT,1687968000000,2023,SHORT,-0.016519239666961182,-0.043680829002487265,1687971600000,0.002729445570311065,0.014759148983541507,-0.008143920138012878
ZECUSDT,1688112000000,2023,SHORT,-0.055062007853794934,-0.029258780016136982,1688115600000,0.0057358647824505065,-0.017012796541049702,0.013028513328591906
ZECUSDT,1688284800000,2023,SHORT,0.027514019617793782,-0.0007589029348187429,1688288400000,-0.005101286381417502,-0.001803426999150505,0.025286952833791607
ZECUSDT,1688342400000,2023,SHORT,0.014934301908959398,-0.049980184539973715,1688346000000,-0.010892694690374844,-0.02612368944169437,-0.020774493922877463
ZECUSDT,1688400000000,2023,SHORT,0.010222361348402825,-0.04431460723125823,1688403600000,-0.0018050546417302405,-0.009887721006407607,-0.0009029345985922825
ZECUSDT,1688630400000,2023,SHORT,-0.034146171983199025,-0.09490818413713156,1688634000000,0.007565477150091971,0.031233402275332747,0.06733611984660345
ZECUSDT,1688918400000,2023,SHORT,-0.1076330371023958,-0.13330816750147606,1688922000000,0.0010451141867498855,0.0069881486339282515,-0.0069396531105406205
ZECUSDT,1689206400000,2023,SHORT,0.009089131983171846,-0.03386305797565157,1689210000000,-0.0024026097021832126,-0.007531702841003887,-0.03245721014738149
ZECUSDT,1689494400000,2023,SHORT,0.027298292178120735,-0.012673190239548087,1689498000000,-0,-0.004814645795540672,0.0041915263688415555
ZECUSDT,1690272000000,2023,SHORT,0.03521686100556954,-0.04690572477084396,1690275600000,0.0026648916503767455,0.013733258881094,0.005671408028981867
ZECUSDT,1691020800000,2023,SHORT,0.013332101120987951,-0.01603977806992531,1691024400000,-0.00438079891850913,0.002366865010266168,0.005078731079015687
ZECUSDT,1691193600000,2023,SHORT,0.0035406920429048665,-0.0030411920383985346,1691197200000,0.00587525450193319,0.007957142831957285,0.008304545996819922
ZECUSDT,1691481600000,2023,LONG,0.021490319325819563,0.003977279745414041,1691485200000,0.0044406563151859774,0.01292535001246856,0.018318015591989242
ZECUSDT,1691568000000,2023,SHORT,-0.0004302836304078385,-0.09109042333273394,1691571600000,-0.0006759040473610455,-0.003037977020076801,0.004404547185057993
ZECUSDT,1692086400000,2023,SHORT,0.03688129015896041,-0.04382587070581171,1692090000000,0.0003395009368885229,0.005787250194842175,0.0579973903378928
ZECUSDT,1692374400000,2023,SHORT,-0.030015592157559747,-0.0314484002217127,1692378000000,-0.003680233145812683,-0.001637331516012368,-0.012215135595650059
ZECUSDT,1692460800000,2023,SHORT,-0.018425035678702927,-0.02281150944151553,1692464400000,0.008012863385357148,0.008817692402644194,0.0132558679345973
ZECUSDT,1692518400000,2023,LONG,-0.015637861545361998,0.0019237586987884134,1692522000000,0.002799441940215827,0.007182792254066297,0.017467693040391
ZECUSDT,1692604800000,2023,SHORT,-0.004433385636585263,-0.013923304414679875,1692608400000,0.0008100445967444326,0.002838031501485027,-0.006054508908706222
ZECUSDT,1692748800000,2023,SHORT,-0.01659491983837606,-0.01702728685012333,1692752400000,-0.00632913505164753,-0.006723379093812859,0.022067094028678545
ZECUSDT,1692950400000,2023,SHORT,-0.04567758324875425,-0.0689351727855047,1692954000000,-0.0016168152269054777,-0.004037147186971163,-0.012062872449275163
ZECUSDT,1693353600000,2023,LONG,-0.00047578202371674944,0.04913985055202194,1693357200000,-0.01037074783656253,-0.0034449794836024696,-0.014239224614482814
ZECUSDT,1693526400000,2023,LONG,0.07418510765177203,0.07378240633106027,1693530000000,-0.009704888139673368,-0.011738649263696164,-0.004840671009312906
ZECUSDT,1693584000001,2023,SHORT,-0.048839467401443924,-0.047294853035569906,1693587600001,0.009263224131872534,-0.015388118158664282,-0.01580074453134367
ZECUSDT,1693670400000,2023,SHORT,-0.0461556845198151,-0.02780273121288336,1693674000000,0.007395267886156882,-0,-0.012609481694692715
ZECUSDT,1693814400000,2023,SHORT,-0.039178762036745814,-0.04432674796708283,1693818000000,0.0032573318703065105,0.011447385840350948,0.008983318885191736
ZECUSDT,1693987200000,2023,LONG,0.15962993478336718,0.11972507278267763,1693990800000,0.009216655104924048,0.004017683186612394,0.000402495477359719
ZECUSDT,1694073600000,2023,SHORT,0.11306617305074755,-0.0035644383075486017,1694077200000,0.0012016824999040315,0.010462872107941602,-0.0027983228334422412
ZECUSDT,1694332800000,2023,SHORT,0.09508651619271584,-0.024484332068550458,1694336400000,0.00810377206310771,0.0012113871862970932,0.0016155092366546757
ZECUSDT,1694534400000,2023,SHORT,0.032666529933755045,-0.011658002891522006,1694538000000,-0,-0.005232453073092608,-0.004830927269665371
ZECUSDT,1694764800000,2023,LONG,0.007195562086116338,0.030763846564153884,1694768400000,-0.004274341071493003,-0.015237645868762494,0.0030971763046844067
ZECUSDT,1694937600000,2023,LONG,0.030167111936914893,0.06360460927199073,1694941200000,-0.0007716049765543645,-0.0019301299178732464,-0.03054270300482479
ZECUSDT,1694995200000,2023,LONG,0.08693278632556954,0.03970253254015621,1694998800000,0.0055336109582242434,0.02311562276553012,0.03543294554310949
ZECUSDT,1695427200000,2023,LONG,0.09323564859112675,0.06367606734372541,1695430800000,0.0011208669210109072,0,-0.007881444437954088
ZECUSDT,1695484800000,2023,SHORT,-0.0030112943510702253,-0.014201501502817626,1695488400000,-0.004512982462205262,-0.001506591622073778,-0.0003768607544130919
ZECUSDT,1695571200000,2023,SHORT,-0.01702323899811276,-0.014909224213270462,1695574800000,-0.0007616146598157249,0.006113889888995747,0.007648220838256845
ZECUSDT,1695744000000,2023,LONG,0.05767054537566767,0.06689877467062454,1695747600000,-0.0022848448630075143,-0.003810980222169274,-0.0030476214064748372
ZECUSDT,1696752000001,2023,LONG,0.09765348081692107,0.11351582081194975,1696755600001,-0.008558191769885422,-0.022860279740744727,-0.02932540969459823
ZECUSDT,1696809600000,2023,SHORT,0.004808398058886468,-0.013253943776987782,1696813200000,-0.0019051253618946526,-0.004945796651817699,0.023930126850036915
ZECUSDT,1696896000000,2023,SHORT,0.009394737649370818,-0.014790173253219921,1696899600000,0.0003916193510007459,-0.003517689771586589,0.0011753184506731213
ZECUSDT,1697126400000,2023,SHORT,0.02608176438072877,-0.06425716226556821,1697130000000,-0.00283228997751222,0.00040526849592168335,-0
ZECUSDT,1697385600000,2023,SHORT,0.05828011973298078,-0.020455978164773528,1697389200000,-0.0011911853701530102,-0.0019845213895489603,-0.0023809535057418754
ZECUSDT,1697472000000,2023,SHORT,0.2088497998965268,-0.02765231355168293,1697475600000,-0.001180405409537456,-0.005496676579902368,0.0011818004133002569
ZECUSDT,1697529600000,2023,SHORT,0.2940517587190566,-0.017395997623127112,1697533200000,-0.0011897681355887508,0.01077209698191107,0.021256063976112217
ZECUSDT,1697673600000,2023,SHORT,0.0957127402217698,-0.01157771326409486,1697677200000,0.008080852053938783,0.0004024954773597643,-0.0012065153283407697
ZECUSDT,1697760000000,2023,LONG,0.09203330769346126,0.10416754892720845,1697763600000,0.004392101290877362,0.01627342917762989,0.016667052485211862
ZECUSDT,1698336000000,2023,SHORT,0.12475108642115156,-0.0005575155385987214,1698339600000,-0.013863775499784407,-0.026822920142289645,-0.011324321931196073
ZECUSDT,1698624000000,2023,SHORT,0.09908798013702363,-0.045496235591742006,1698627600000,0.0010561521840748295,0.004231318019762697,-0.0007034822660855957
ZECUSDT,1698739200000,2023,SHORT,0.014590156659400135,-0.06613963888195402,1698742800000,-0.002827856249975256,-0.012313260233357106,0.003901405906206927
ZECUSDT,1698825600000,2023,SHORT,0.015164651079253242,-0.1019381247210017,1698829200000,-0.0021652841372167613,-0.007199455142854329,-0.04001241834696827
ZECUSDT,1699113600000,2023,SHORT,0.13135124053892058,-0.03382956916952095,1699117200000,0.0007212405649829921,-0.0003604253057580697,-0.023865780979411062
ZECUSDT,1699372800000,2023,SHORT,0.011656684231702442,-0.07921527775404259,1699376400000,-0.015622605534817204,-0.034053161362664605,-0.030326238532762978
ZECUSDT,1699516800000,2023,SHORT,0.03702540415658178,-0.0026941807593824714,1699520400000,0.0039538766501273906,0.004284073120025208,0.06943925286851331
ZECUSDT,1699603200000,2023,SHORT,0.04632537887000255,-0.02549974333114152,1699606800000,-0.00739250678428415,-0.010401033205284353,-0.025309376245538858
ZECUSDT,1699891200000,2023,SHORT,0.022599693477808575,-0.01712201904977673,1699894800000,0.00882214511283214,0.005218537609533547,0.019711544912100382
ZECUSDT,1700150400001,2023,SHORT,0.1728444371227386,-0.04628089632600572,1700154000001,0.008351476634848353,0.015083242211328476,-0.002989538848365986
ZECUSDT,1700294400000,2023,SHORT,0.05461242554173202,-0.14395869122056354,1700298000000,-0.005264093573727142,0.002113421005027858,-0.012587578790267133
ZECUSDT,1700409600000,2023,SHORT,0.180998710835105,-0.036204412385058005,1700413200000,-0.0020891372500860014,-0.012814028148863385,-0.014876593335211737
ZECUSDT,1700524800000,2023,SHORT,0.11516663199792908,-0.09999746872071741,1700528400000,0.0003421728006011758,0.01031646013511082,0.01586240155969802
ZECUSDT,1700784000000,2023,SHORT,0.0859767296565399,-0.06062925086210223,1700787600000,-0.0006915629597889147,-0.0027633869053093995,-0.004486633928340536
ZECUSDT,1700870400000,2023,SHORT,0.10269480499486376,-0.0606411821324732,1700874000000,-0.011005613836602106,-0.01299368606198818,-0.008016074988236125
ZECUSDT,1700985600000,2023,SHORT,0.0905820889199705,-0.0841581432798203,1700989200000,-0.0020040086867150406,0.0010035123772401337,0.010756406229738396
ZECUSDT,1701273600000,2023,SHORT,0.114359196887486,-0.1628444761191009,1701277200000,-0.004143652337655374,-0.001728608900617689,-0.01272150558540809
ZECUSDT,1701648000000,2023,SHORT,0.002599288133758921,-0.05873497315441854,1701651600000,-0.009600073729019137,-0.020054786409915704,-0.01150907844494329
ZECUSDT,1701705600000,2023,SHORT,0.026446736827874105,-0.07966304631433263,1701709200000,0.00031862354897572455,-0,0.0015941339259874499
ZECUSDT,1701849600000,2023,SHORT,0.008449825077257063,-0.0013404364933440193,1701853200000,0.0063674204308689746,0.011169734766635754,0.0031786422186281483
ZECUSDT,1702627200000,2023,SHORT,0.021483532710816156,-0.015120768525380829,1702630800000,-0,0.006996530289836169,0.0003320604380503659
ZECUSDT,1703376000000,2023,SHORT,0.002052486472292749,-0.010321524332857268,1703379600000,-0.0009892828506745345,0.0006600660305658253,-0.012784963523439804
ZECUSDT,1703606400000,2023,SHORT,0.04279459177229434,-0.01770873123935657,1703610000000,0.06174596754867236,0.03818378697015888,0.05191704585125285
ZECUSDT,1703664000000,2023,SHORT,0.03673632154835618,-0.0015497213776532988,1703667600000,-0.009117614448653723,-0.02487610102513152,-0.048525319219022534
ZECUSDT,1703865600000,2023,SHORT,0.034277675477435245,-0.11877306461879665,1703869200000,-0.00601239653790559,-0.013389911116660415,-0.018974567865176952
ZECUSDT,1704470400000,2024,SHORT,0.01878597829814678,-0.02054363967452208,1704474000000,0.0017383750575037762,-0.01593830853106179,0.006534547320996796
ZECUSDT,1705248000001,2024,SHORT,0.014267295451745881,-0.023204531737602053,1705251600001,-0.0008474576778379182,0.013228270556346485,0.01065426656117377
ZECUSDT,1705305600000,2024,SHORT,0.022010603991085714,-0.007722728866627189,1705309200000,-0.007705517578088041,-0.003003649544209673,-0.01957509313347187
ZECUSDT,1706313600000,2024,SHORT,0.097762401727836,-0.016912644885450023,1706317200000,-0.0004390779433878538,0.004401415556210511,0.008822289246203922
ZECUSDT,1706659200000,2024,SHORT,0.060050654470757255,-0.0069489226585411484,1706662800000,0.0004447409457339168,-0.010174827881726276,0.015233269480079636
ZECUSDT,1707091200000,2024,SHORT,0.009457089607689208,-0.019394439150752507,1707094800000,-0.0014015419252884772,-0.01069528911674795,-0.004198746546349761
ZECUSDT,1707292800000,2024,SHORT,0.006346117245448517,-0.08465406632222759,1707296400000,0.0060090316016220046,0.003500878794408966,-0.03193589996250153
ZECUSDT,1707379200000,2024,SHORT,0.0046554429706857576,-0.01406357833280096,1707382800000,-0.007262196041784696,-0.0009713453896321027,-0.004847319234324997
ZECUSDT,1707724800000,2024,SHORT,0.04351916046429657,-0.02572027287003853,1707728400000,0.004415018209116831,0.010826877414000945,-0.02130831225957871
ZECUSDT,1708272000000,2024,SHORT,0.0008399430287332074,-0.0015826833179868043,1708275600000,0.005724114083888741,0.02037356650666468,0.011096344963010941
ZECUSDT,1708473600000,2024,SHORT,0.056051613672244004,-0.011262398609507977,1708477200000,0.005255722629671166,0.0016142053545411135,0.020778910156855422
ZECUSDT,1708531200000,2024,SHORT,0.019169310833343584,-0.06136990950898106,1708534800000,0.01584026450921753,0.008305695587278396,-0.007006004341952194
ZECUSDT,1708992000000,2024,SHORT,0.01973839372894735,-0.0346036174717744,1708995600000,-0.012649501064072744,-0.01752586043084964,-0.051682186227490816
ZECUSDT,1709078400000,2024,SHORT,0.024379141080815864,-0.01319503307511899,1709082000000,-0.005173317280220599,0.002076843944839228,-0.004140792666031387
ZECUSDT,1710000000000,2024,SHORT,0.04417872181237599,-0.009931399082462723,1710003600000,0.010143544442740477,0.014229948261131272,0.007815932102952153
ZECUSDT,1710201600000,2024,SHORT,0.026500219981410247,-0.010270370461784962,1710205200000,-0.0022995123671087038,0.015661573021287747,0.03484469041179569
ZECUSDT,1710604800000,2024,SHORT,0.014974708411037055,-0.0221926497843576,1710608400000,0.024317307650706357,0.026713338233932214,0.02500130220541727
ZECUSDT,1710921600004,2024,SHORT,0.028972207309485166,-0.026675811097402614,1710925200004,-0.01464380695992301,-0.03509131981126998,-0.09545133302638147
ZECUSDT,1711065600000,2024,SHORT,0.0012016395801699436,-0.030442421931599177,1711069200000,0.01754129241798362,0.0034153038662050415,0.018235495847459367
ZECUSDT,1711929600000,2024,SHORT,0.023251796224884068,-0.02272336727436971,1711933200000,0.009878249571662815,0.009216655104924063,0.03908966014215072
ZECUSDT,1713772800000,2024,LONG,0.13913483273952987,0.1837687821545254,1713776400000,0.00636269378782865,0.012264903164752972,0.028111773565278397
ZECUSDT,1713916800000,2024,LONG,0.21216094180335637,0.2030453055560793,1713920400000,0.007484442422136813,0.0173773508058768,0.009966859915392074
ZECUSDT,1714032000000,2024,LONG,0.23397852103840078,0.2082510280287736,1714035600000,-0.0013230431918901959,-0.009298273766260015,0.03379871107118175
ZECUSDT,1714780800000,2024,LONG,0.25253472549674266,0.24706066378257263,1714784400000,-0.008710856474248295,-0.0008676790132224698,0.005190323070692638
ZECUSDT,1714924800000,2024,LONG,0.23431845303792737,0.15181467661197198,1714928400000,0.0008643042888952645,-0.004767072949611211,0.0021593616682578295
ZECUSDT,1720339200000,2024,LONG,0.18985262657189772,0.20785754146665905,1720342800000,-0.0060332008041679205,0.005000010416705839,-0.02384084512148332
ZECUSDT,1720512000001,2024,LONG,0.2310307986645482,0.13800147184809436,1720515600001,-0.007764368761937709,-0.01189945390974066,0.040567184989000124
ZECUSDT,1720598400000,2024,LONG,0.22723853472938468,0.2159513317963414,1720602000000,0.008152802077309966,-0.003452744042997925,-0.004317796000056368
ZECUSDT,1720857600000,2024,LONG,0.20768223085957654,0.19767434414589413,1720861200000,0.0034755779338597414,-0.00971824946892134,0.0360912865623729
ZECUSDT,1720915200000,2024,LONG,0.17838461235045008,0.24339026987846407,1720918800000,-0.003367636484838213,0.006701439822745103,0.05522652778121467
ZECUSDT,1720972800000,2024,LONG,0.2652639957331655,0.2350337127750989,1720976400000,0.005462628810879091,0.007503445845731702,0.00716359877364188
ZECUSDT,1721030400000,2024,LONG,0.14783917942538866,0.1291522219835376,1721034000000,-0.01670968119906735,-0.009514173024743725,-0.03685624658978107
ZECUSDT,1721145600000,2024,LONG,0.21645876491574118,0.12798881939683537,1721149200000,-0.02611966966892219,-0.047180117130274174,-0.0006447453479312305
ZECUSDT,1722470400000,2024,LONG,0.033356742030969826,0.03924732527480378,1722474000000,0.00120409406480451,-0.02810203252069489,-0.0176242787295752
ZECUSDT,1722614400000,2024,LONG,0.1108248421507213,0.09458950204947689,1722618000000,0.0038974715803142415,-0.008446505721831912,-0.03733603788187002
ZECUSDT,1722700800001,2024,LONG,-0.018816066053928385,0.04420467203008639,1722704400001,-0.003069370119969207,-0.0232532566832151,-0.01762296342382242
ZECUSDT,1722931200000,2024,SHORT,0.0943733462462435,-0.005964887960272617,1722934800000,-0.009832254153780626,-0.07670862742872382,-0.10593956433112375
ZECUSDT,1723536000000,2024,LONG,0.08676043514481999,0.046086317332244234,1723539600000,0.0023906298739163672,-0.008895358570944003,0.006441630290537173
ZECUSDT,1723622400000,2024,SHORT,0.03369242022976587,-0.05768209522868677,1723626000000,-0.0033711684921831327,0.029934829707238216,0.045127362191171375
ZECUSDT,1723680000000,2024,SHORT,0.008273148184244133,-0.01175525207221059,1723683600000,-0.0016633008468177482,-0.015105314350913706,0.016303405945636923
ZECUSDT,1724400000000,2024,SHORT,0.04015371319066092,-0.0676696814534548,1724403600000,0.003976148379639517,0.0024832394186071792,-0.03580945269671078
ZECUSDT,1724659200001,2024,SHORT,0.03785336889124325,-0.04967484050554025,1724662800001,0.002939017545388849,0.022506205304297058,0.09403928316244625
ZECUSDT,1724745600000,2024,SHORT,0.028813325607492342,-0.03483276417650637,1724749200000,0.0011028399242951714,0.00137874005020026,0.0038652726202052343
ZECUSDT,1724918400001,2024,SHORT,0.014300576498845325,-0.015935013453258987,1724922000001,-0.0011706176344107827,-0.005548269452530529,0.026707818914935868
ZECUSDT,1725062400000,2024,SHORT,0.008288884579452404,-0.02242668760775892,1725066000000,-0.002127983779150975,-0.00516012679357621,0.0012180269471771506
ZECUSDT,1725235200001,2024,SHORT,0.05057878003131256,-0.006157635553671421,1725238800001,0.00273691583777099,0.021409657543045958,0.01341378667916903
ZECUSDT,1725321600000,2024,SHORT,-0.11840445093136544,-0.09753332192314387,1725325200000,0.00033428046441986943,-0.00033416875833098907,0.009739791520802689
ZECUSDT,1725552000005,2024,SHORT,0.014766630832664588,-0.00011245707902994738,1725555600005,-0.007957142831957361,-0.001388407026226209,0.021415598153550337
ZECUSDT,1725696000000,2024,SHORT,0.02464529716586803,-0.0351395852490254,1725699600000,0.0007283321516428216,-0.025518006363351615,-0.015532188720137457
ZECUSDT,1725840000000,2024,SHORT,0.049892478676397546,-0.003589862655966962,1725843600000,0.0035932485661253856,0.015543417936783458,-0.01883160997377346
ZECUSDT,1726012800000,2024,LONG,0.12272711766417602,0.13979042429478236,1726016400000,-0.020296820535790367,-0.025351591197414418,-0.02501381041392924
ZECUSDT,1726387200000,2024,LONG,0.07498406152950438,0.03320143815392221,1726390800000,-0.0032520353863773432,-0.0035778213478839666,-0.03670440120386029
ZECUSDT,1726444800000,2024,LONG,0.004814967955596638,0.09186101334794289,1726448400000,-0.00481100584309154,-0.002402609702183228,-0.0041223005817097955
ZECUSDT,1727193600001,2024,LONG,0.09373738391888252,0.07868679456935167,1727197200001,0.005515353519066544,0.009974287334509571,0.016795596185247726
ZECUSDT,1727798400001,2024,SHORT,0.05405896073027978,-0.03221240316360557,1727802000001,0.020232435601010536,0.025075060076798533,0.0106169769015686
ZECUSDT,1728028800000,2024,LONG,0.1113934400089564,0.11457354069178208,1728032400000,0.004167461989173493,0.016566643947891594,0.020665773965638318
ZECUSDT,1728172800000,2024,SHORT,-0.03226769179132612,-0.02870957824068876,1728176400000,-0.007908021082198367,-0.006116227017436054,-0.04963186445359817
ZECUSDT,1728230400000,2024,SHORT,-0.045750294585305204,-0.02794156915725339,1728234000000,0.0014035090023200867,-0.006291527219480251,-0.04658376471852142
ZECUSDT,1728633600000,2024,LONG,-0.020326518387179457,0.061511090492929694,1728637200000,-0.005852044010366231,-0.008090433305345908,-0.006131568820012929
ZECUSDT,1729094400000,2024,SHORT,0.008337300867939858,-0.000582357251958305,1729098000000,0.0010695188185267251,0.005090432961318121,0.057189853954393216
ZECUSDT,1729152000000,2024,SHORT,0.021174993692291314,-0.006224116465544608,1729155600000,0.005358918479807102,0.013023966654125968,-0.01202307227313725
ZECUSDT,1729238400001,2024,SHORT,0.0060407807119905975,-0.025433741295947755,1729242000001,-0.0016657416400185612,-0.0200804436613504,0.003897555045309967
ZECUSDT,1729497600000,2024,SHORT,0.009487807449968317,-0.01113217074867029,1729501200000,-0.002350177344953673,0.014218249002279025,0.006820593073010639
ZECUSDT,1729699200000,2024,SHORT,0.00028121800590055415,-0.02977304308343763,1729702800000,-0.0013395849290565674,-0.009605196579236546,-0.013051190711627816
ZECUSDT,1729958400000,2024,SHORT,0.00864173356646481,-0.025985400725432112,1729962000000,-0.006563013998235448,-0.003144207249450012,0.021412855167530737
ZECUSDT,1730016000000,2024,SHORT,0.0016885819395243207,-0.07797296297428967,1730019600000,-0.005057276880179018,0.004783267714854622,-0.09142551930884248
ZECUSDT,1730188800000,2024,SHORT,0.07741648910646769,-0.05974863060879091,1730192400000,-0.01228319849405767,-0.02467950651636133,-0.026774296494216573
ZECUSDT,1730448000000,2024,SHORT,0.08313542849715592,-0.0045972479791564465,1730451600000,-0.005971787562634975,-0.028450657529821753,-0.031884817555245346
ZECUSDT,1730937600000,2024,SHORT,0.08458252614173523,-0.013335420516104882,1730941200000,-0.02730545069026744,-0.046865976544761,-0.025732946715775962
ZECUSDT,1734825600000,2024,LONG,0.18016250539678413,0.13901875762271373,1734829200000,-0.008651549167194012,-0.04187592049169022,0.04037245529038763
ZECUSDT,1734883200000,2024,LONG,0.15799466721845348,0.09819931940805407,1734886800000,0.0003495281405733735,-0.020484558762268585,0.059544424806937106
ZECUSDT,1734969600001,2024,SHORT,0.0648577828098899,-0.002145907748690547,1734973200001,-0.011266818040994853,-0.03280026565111769,-0.09857157921932137
