symbol,signal_time,side,score_prev,score_now,entry_time,r1,r4,r12
SOLUSDT,1672581599999,SHORT,60821.30570833315,-100987.06754166687,1672581600000,0.0014234877848538462,-0.008901535613294763,0.001118284058999288
SOLUSDT,1672599599999,LONG,-1388.3495833332806,63419.653999999944,1672599600000,-0.003112296071799918,-0.0016051367812284334,-0.0006016244039883542
SOLUSDT,1672603199999,SHORT,63419.653999999944,-18276.457458333345,1672603200000,-0.0014067526435669589,-0.003212531625434562,-0.1083424904875805
SOLUSDT,1672613999999,LONG,-50321.478541666605,31835.46520833341,1672614000000,0.0016049757683414515,-0.006142711022484353,0.10348142972710944
SOLUSDT,1672617599999,SHORT,31835.46520833341,-16832.55066666663,1672617600000,0.008151808841183217,-0,-0.09824899010988447
SOLUSDT,1672635599999,LONG,-39526.35379166688,125335.58666666648,1672635600000,0.0009026629167143871,0.11476826098829379,0.10758561204449688
SOLUSDT,1672858799999,SHORT,123766.5817500002,-10008.702375000032,1672858800000,0.014690082994737046,-0.0067079330306691175,0.01446243948349099
SOLUSDT,1672952399999,LONG,-163381.32958333366,311479.699833333,1672952400000,-0.01305954296896528,-0.011723636580589985,-0.03551552018684253
SOLUSDT,1672959599999,SHORT,208600.0604583331,-13997.081958333496,1672959600000,-0.0019395753935767133,0.01474376038078444,0.02986201427496239
SOLUSDT,1672966799999,LONG,-28536.791083333548,106886.96816666657,1672966800000,-0.008191883761278138,-0.018867071591663634,-0.04319507678742294
SOLUSDT,1672973999999,SHORT,108063.03283333313,-10446.73608333338,1672974000000,0.0007580926752270151,0.006004654533326234,0.015887899125735468
SOLUSDT,1672999199999,LONG,-128809.90495833398,26353.545791665867,1672999200000,-0.01071329499812405,-0.013718267017003816,0.008186825592506462
SOLUSDT,1673002799999,SHORT,26353.545791665867,-126450.86291666748,1673002800000,0.001154601213592035,0.0008465771852826132,-0.02739273668261759
SOLUSDT,1673017199999,LONG,-64136.65625000078,26218.989458332613,1673017200000,0.014066434822543139,0.02433765267927203,0.023961896465479696
SOLUSDT,1673020799999,SHORT,26218.989458332613,-9723.00687500074,1673020800000,-0.0008346929194256658,-0.013571798454136877,-0.010721939018205348
SOLUSDT,1673024399999,LONG,-9723.00687500074,51477.74316666586,1673024400000,0.00022752265844616187,0.0026512154301466385,0.0030293873516072517
SOLUSDT,1673038799999,SHORT,82203.1377083327,-160629.62675000043,1673038800000,-0.0019647856392474897,-0.01657890266547096,0.005080964936898709
SOLUSDT,1673045999999,LONG,-62660.17887500045,46140.71733333279,1673046000000,0.009164464543437894,-0.004200426217873004,-0.014855304665228932
SOLUSDT,1673135999999,SHORT,55159.09291666653,-95556.31837500026,1673136000000,0.014238128704547477,-0.02079705915921,-0.030850388796120117
SOLUSDT,1673146799999,LONG,-40587.763583333544,159670.75437499964,1673146800000,0.0014980154100879938,-0.004808785282904058,0.034695779331076745
SOLUSDT,1673319599999,SHORT,255025.93808333282,-572878.8719999994,1673319600000,-0.013491567649492072,-0.018426456010341728,-0.02321308747259822
SOLUSDT,1673333999999,LONG,-74352.32420833239,24267.39679166752,1673334000000,-0.009705470504897,0.008377077315168685,0.024376437816052338
SOLUSDT,1673337599999,SHORT,24267.39679166752,-20017.656999998882,1673337600000,-0.019502783323850963,-0.008021600949894795,-0.030243365907811667
SOLUSDT,1673341199999,LONG,-20017.656999998882,45977.97825000078,1673341200000,-0.003399786924845111,-0.017680844079643005,0.0248054891749965
SOLUSDT,1673344799999,SHORT,45977.97825000078,-65494.12554166606,1673344800000,-0.0019793412783723607,0.013150293894307125,-0.015482277673972526
SOLUSDT,1673485199999,LONG,-62356.06925000041,72131.2772500002,1673485200000,-0.018164935412541137,-0.028103206521737322,-0.04617043428318918
SOLUSDT,1673503199999,SHORT,118651.62979166683,-172937.8586249998,1673503200000,-0.002893110878880143,0.007362755612294011,-0.02261257403249755
SOLUSDT,1673546399999,LONG,-891.8729583336195,59871.21058333316,1673546400000,-0.0035024190392628635,-0.008779156074506037,0.01252000659329726
SOLUSDT,1673564399999,SHORT,40100.04037499917,-181990.33458333393,1673564400000,-0.01256046366574834,-0.005116035277217669,-0.024786434003614282
SOLUSDT,1673567999999,LONG,-181990.33458333393,1265.7134999993723,1673568000000,-0.010425600553538871,0.006850576638330362,0.0037315721904250805
SOLUSDT,1673571599999,SHORT,1265.7134999993723,-203527.70454166792,1673571600000,-0.0003655193461347569,-0.03231405455640966,-0.006740575088914121
SOLUSDT,1673582399999,LONG,-35026.257708334364,76503.99433333224,1673582400000,0.015097766569529351,0.011492668252888688,0.0054948474874410794
SOLUSDT,1673632799999,SHORT,127253.48399999994,-50627.665333333345,1673632800000,0.0077951065625085315,-0.08097696561033497,-0.34404739136413776
SOLUSDT,1673647199999,LONG,-150507.08345833243,329709.8401250019,1673647200000,-0.012098695754408641,0.133893467659989,0.21230554114152572
SOLUSDT,1673751599999,SHORT,368021.39924999914,-88745.46045833391,1673751600000,-0.013209425456435282,0.009657224210273452,-0.022906732350315533
SOLUSDT,1673787599999,LONG,-56166.769208333455,17524.93320833302,1673787600000,0.012172292976769226,0.011698573625088225,0.002568066004711019
SOLUSDT,1673791199999,SHORT,17524.93320833302,-92671.70525000028,1673791200000,-0.003824589436718179,-0.003824589436718179,-0.0036101122240997934
SOLUSDT,1674147599999,LONG,-103310.93129166837,20389.623625000317,1674147600000,-0.009070895430852627,0.021097730265563733,-0.0039316978242828066
SOLUSDT,1674151199999,SHORT,20389.623625000317,-40916.36262500038,1674151200000,-0.011149974361621481,-0.016749066788078998,-0.004427419100509805
SOLUSDT,1674158399999,LONG,-145115.34695833377,96050.42987499929,1674158400000,-0.00166504825480574,-0.010732558243827248,-0.0266470143735476
SOLUSDT,1674165599999,SHORT,185356.16699999958,-33823.286375000454,1674165600000,-0.005147655150052144,-0.007897790894148052,0.0074405805950310076
SOLUSDT,1674169199999,LONG,-33823.286375000454,182743.44141666638,1674169200000,-0.000747105002998653,-0.006180373638305596,-0.011690548410698543
SOLUSDT,1674187199999,SHORT,150651.452583333,-3185.983333333706,1674187200000,0.012499278358297993,0.012451816387193396,-0.0040230208163117434
SOLUSDT,1674215999999,LONG,-54022.75762500055,79355.4715416662,1674216000000,0.008622570915104178,0.013536585717533321,0.18839964687800967
SOLUSDT,1674305999999,SHORT,63575.37691666512,-168249.08283333495,1674306000000,0.003395052805089871,-0.0036977344363724788,0.017613018672936756
SOLUSDT,1675015199999,LONG,-28933.06504166685,446477.96758333425,1675015200000,-0.010580896667178614,0.003489610581092069,-0.027504526448191943
SOLUSDT,1675036799999,SHORT,37778.65870833467,-58745.606583332024,1675036800000,-0.0064186053632814535,0.024050810157271462,0.08304004046999747
SOLUSDT,1675814399999,LONG,-157806.41983333346,135115.00483333296,1675814400000,0.012268556487605014,0.002641677113315222,-0.0038281181721745374
SOLUSDT,1675889999999,SHORT,19206.614583333954,-141772.2207083328,1675890000000,-0.008553554961512912,-0.01347011293102419,0.003100777678248271
SOLUSDT,1676120399999,LONG,-68570.53187499975,13512.500624999986,1676120400000,0.008476495546208246,0.0019171690768339726,0.01809055357458878
SOLUSDT,1676123999999,SHORT,13512.500624999986,-11644.446916666542,1676124000000,-0.0034581044129443025,0.007443717034559815,-0.00796971853711423
SOLUSDT,1676127599999,LONG,-11644.446916666542,1036.5805833336199,1676127600000,-0.003409481652620433,-0.012082817906122544,0.0035917138063633006
SOLUSDT,1676134799999,SHORT,19197.91150000028,-55185.439624999846,1676134800000,0.0008843905651853535,-0.0023545581367496286,-0.01646328158631941
SOLUSDT,1676152799999,LONG,-165585.9906666664,98948.77108333369,1676152800000,0.005121526390226621,0.0007747434050118816,0.016907223103572594
SOLUSDT,1676163599999,SHORT,174251.16391666714,-31488.315458332887,1676163600000,0.0015960151381993121,-0.0003382214416316567,-0.008517242259417655
SOLUSDT,1676167199999,LONG,-31488.315458332887,684.0722500005116,1676167200000,-0.0009201191961296902,0.005839925861589753,0.007955107882772573
SOLUSDT,1676170799999,SHORT,684.0722500005116,-28941.700624999474,1676170800000,-0.0001937890612140462,-0.014669719340305538,-0.01719708054827374
SOLUSDT,1676181599999,LONG,-14200.480874999505,84747.13908333385,1676181600000,0.007813101458966337,0.010292835681475553,0.045298749700210236
SOLUSDT,1676257199999,SHORT,135167.58591666646,-23352.44470833366,1676257200000,-0.007009150154861782,-0.013114000516757327,0.0049745339355715176
SOLUSDT,1676275199999,LONG,-76268.81587500063,39274.291416666085,1676275200000,-0.02352712161498326,-0.03422917443323458,-0.03559950695325409
SOLUSDT,1676282399999,SHORT,56428.31029166607,-67718.12462500064,1676282400000,-0.010386649645807466,-0.005696621995662854,-0.00014773594688678344
SOLUSDT,1676293199999,LONG,-77141.35275000094,25107.21479166571,1676293200000,-0.005907787609688701,-0.015453225172654177,0.01108621235035861
SOLUSDT,1676303999999,SHORT,69765.65812499891,-309762.89754166757,1676304000000,0.00625910719878127,-0.003188387171157949,-0.021963953878963854
SOLUSDT,1676451599999,LONG,-126538.16254166653,23100.451000000117,1676451600000,0.00924819316945269,0.042162728707957245,0.09096773859328718
SOLUSDT,1676455199999,SHORT,23100.451000000117,-106302.31595833327,1676455200000,-0.004912661104973678,-0.029567292379913648,-0.08006040970236643
SOLUSDT,1676458799999,LONG,-106302.31595833327,3035.879916666774,1676458800000,0.011973464844890076,0.022328320558222335,0.08428254949397081
SOLUSDT,1676555999999,SHORT,40435.50979166641,-71113.31554166717,1676556000000,0.0015454626584255505,-0.01798250255043227,0.03088560862139757
SOLUSDT,1676559599999,LONG,-71113.31554166717,51527.59137499961,1676559600000,0.024694708149985443,0.024317436656755398,-0.02933758777321606
SOLUSDT,1676573999999,SHORT,79323.38154166634,-38210.96379166694,1676574000000,0.010579433144975534,0.06276518631554583,0.05122488957667963
SOLUSDT,1676699999999,LONG,-30741.76479166719,26138.266291666154,1676700000000,-0.0038461585874782754,-0.009815556399717559,0.005656821328386006
SOLUSDT,1676703599999,SHORT,26138.266291666154,-20484.528250000516,1676703600000,0.005280455311685838,0.017972575182080557,-0.011155697740943151
SOLUSDT,1676710799999,LONG,-33171.324583333764,24316.168124999618,1676710800000,-0.0011623152904581032,8.604371025804632e-05,0.0034788619276195356
SOLUSDT,1676717999999,SHORT,46297.35158333299,-114360.9244583336,1676718000000,-0.005261224823855736,-0.015915914208740854,-0.02849416007288443
SOLUSDT,1676739599999,LONG,-57604.79783333334,103193.25750000023,1676739600000,-0.002329966528213366,-0.013161167038239462,-0.008029441783966305
SOLUSDT,1676750399999,SHORT,58827.01062500003,-84142.38695833336,1676750400000,0.00726219604178456,0.0012777377265443938,-0.0021259415294773514
SOLUSDT,1676757599999,LONG,-5472.105333333369,164207.81358333337,1676757600000,0.0014840887240662056,-0.011737975433878564,0.0014417167404155648
SOLUSDT,1676768399999,SHORT,79460.10474999994,-40036.80066666667,1676768400000,0.01211980866225073,0.005572229905338421,-0.03587062626799942
SOLUSDT,1676786399999,LONG,-116498.4548749999,21491.722541666782,1676786400000,-0.013268585661362882,-0.015723197753343625,0.016916258379686383
SOLUSDT,1676789999999,SHORT,21491.722541666782,-18992.624249999837,1676790000000,0.00474577161900438,0.0019887872840997777,-0.025871425423432695
SOLUSDT,1676804399999,LONG,-86082.21533333312,40398.11370833346,1676804400000,0.0035088496970201583,0.030405845623942458,0.06623635482454365
SOLUSDT,1676829599999,SHORT,30961.169124999276,-166671.4752916673,1676829600000,0.004479981188407254,-0.03366914137475753,-0.08242154190679142
SOLUSDT,1676865599999,LONG,-117377.7862500002,75067.6952499998,1676865600000,0.012602178548771636,0.0124135598032816,0.014561707381681464
SOLUSDT,1676872799999,SHORT,95056.49737499926,-56943.00287500094,1676872800000,-0.004634260314326663,0.005604801463177151,0.029898739167633408
SOLUSDT,1677128399999,LONG,-153545.60499999975,16525.555625000114,1677128400000,-0.008134612682153092,-0.004202115397365024,-0.033364021760006156
SOLUSDT,1677131999999,SHORT,16525.555625000114,-5378.388333333113,1677132000000,0.0007801113080648004,0.0025067304420524237,0.023336053141558982
SOLUSDT,1677135599999,LONG,-5378.388333333113,64560.816041666934,1677135600000,0.005366336127368279,0.0013545409972559367,-0.023312435103159744
SOLUSDT,1677139199999,SHORT,64560.816041666934,-17276.948249999667,1677139200000,0.0007356247011204243,0.030402772959061575,0.01876305018708877
SOLUSDT,1677142799999,LONG,-17276.948249999667,123189.22116666699,1677142800000,-0.006398184405609396,-0.01819394644717913,-0.0214048914298482
SOLUSDT,1677146399999,SHORT,123189.22116666699,-14657.58208333305,1677146400000,-0.0030811601312435246,0.006439384919237262,0.023268963852331827
SOLUSDT,1677423599999,LONG,-68053.33258333395,5625.433083332726,1677423600000,0.0046351038426220344,0.018369857566143143,0.00933566960070843
SOLUSDT,1677434399999,SHORT,10781.921458332838,-33040.424000000545,1677434400000,-0.015437625000641879,-0.016340870293131603,0.003019894191680712
SOLUSDT,1677437999999,LONG,-33040.424000000545,340507.9021666662,1677438000000,0.004679425543515873,-0.00755894146192754,-0.01718717712429601
SOLUSDT,1677477599999,SHORT,40568.659541666355,-49992.57683333359,1677477600000,-0.0011388525102993719,0.0018424290174112847,0.004656483549977088
SOLUSDT,1677502799999,LONG,-57539.38100000044,42203.20183333297,1677502800000,0.020440449298149456,0.00702034386976596,-0.004501331519276903
SOLUSDT,1677513599999,SHORT,95743.10212499958,-50055.044333333695,1677513600000,0.007752652070385517,0.02321858128211795,0.019230098263729057
SOLUSDT,1677715199999,LONG,-61418.981499999994,62183.07187499999,1677715200000,-0.006196386704299946,-0.020790582944325633,-0.019566231810765788
SOLUSDT,1677722399999,SHORT,85423.7554999999,-6636.042625000079,1677722400000,0.007779676489244575,0.011054341715995916,0.018048815818878797
SOLUSDT,1677895199999,LONG,-564423.0688333331,127477.08483333334,1677895200000,-0.0025306977607993065,-0.010870951077149147,-0.012386246376087788
SOLUSDT,1677905999999,SHORT,45222.60487500004,-40789.572583333356,1677906000000,0.006649556440598734,0.004097690777157574,0.013295991845831804
SOLUSDT,1678031999999,LONG,-771.9414583332837,104891.81020833342,1678032000000,-0.002165929841940432,-0.007933176611094645,-0.01664689505568642
SOLUSDT,1678039199999,SHORT,75424.45795833343,-72602.62795833324,1678039200000,-0.0010898667176835416,-0.003029731535510138,0.01615482248513659
SOLUSDT,1678049999999,LONG,-4707.098583333117,9482.408041666922,1678050000000,-0.002643506071150168,-0.010997456306732436,-0.021876244735360276
SOLUSDT,1678057199999,SHORT,23352.64912500019,-36049.01033333313,1678057200000,0.004047142769692525,0.009596865175565768,0.015081075774845843
SOLUSDT,1678125599999,LONG,-93013.73574999983,21088.070166666836,1678125600000,0.002148125990126685,-0.016138317832845916,-0.005462661530798318
SOLUSDT,1678132799999,SHORT,45683.46429166679,-28630.501208333182,1678132800000,0.010706688523460732,0.006284160478336149,0.002750502373392302
SOLUSDT,1678370399999,LONG,-77788.35695833457,180136.44979166528,1678370400000,-0.004802124317113223,-0.024575545484547136,-0.07300719280674185
SOLUSDT,1678377599999,SHORT,141376.5621249984,-22895.256833334377,1678377600000,0.01206154973381977,0.035048502510738724,0.06786466424401517
SOLUSDT,1678471199999,LONG,-20724.265791667003,47424.40862499954,1678471200000,-0.011106478968893647,0.004182687535893487,0.028587732076258213
SOLUSDT,1678755599999,SHORT,5500.637958331965,-47264.62083333436,1678755600000,-0.007778309290115456,-0.008366602276981354,-0.05640032616211928
SOLUSDT,1678759199999,LONG,-47264.62083333436,96712.12237499887,1678759200000,-0.007531230989745659,-0.0034386240101247183,0.06069385072183805
SOLUSDT,1678780799999,SHORT,82552.32779166561,-186846.89745833454,1678780800000,0.003454926702299127,-0.005582708149157461,-0.044721210638522156
SOLUSDT,1678787999999,LONG,-158103.30341666806,95135.16762499876,1678788000000,0.009259786380473917,0.08040428925066335,0.03677661181901934
SOLUSDT,1678805999999,SHORT,112740.81762499851,-112197.40637500095,1678806000000,-0.006589809679055583,0.03409155737642401,0.03257252167181695
SOLUSDT,1678985999999,LONG,-178959.847291667,46472.14433333309,1678986000000,-0.004166136924658324,-0.009022772665503692,0.023035011396939774
SOLUSDT,1679021999999,SHORT,29574.51137500008,-15955.025874999972,1679022000000,-0.005570485887147543,-0.017806400794057545,-0.0063708861299784526
SOLUSDT,1679025599999,LONG,-15955.025874999972,25855.666083333315,1679025600000,-0.002354651522532053,0.0004002401494292776,0.0020495395712008626
SOLUSDT,1679068799999,SHORT,26791.716958333272,-51298.26466666674,1679068800000,0.002049539571200844,-0.024467259104204424,-0.12379626957379261
SOLUSDT,1679083199999,LONG,-117050.71354166667,14123.993916666755,1679083200000,-0.006501306047107628,0.05100578473084953,0.07836221153180503
SOLUSDT,1679126399999,SHORT,97110.6562499996,-39794.97762500037,1679126400000,0.008278904532460525,-0.013736541191954122,0.011281636542933425
SOLUSDT,1679601599999,LONG,-310420.07508333394,242902.6258333331,1679601600000,0.0012672552046701976,0.0034359634147264873,-0.004357107605639045
SOLUSDT,1679637599999,SHORT,110346.14162499977,-20243.53437500028,1679637600000,0.0015500345022743777,0.017647516813578228,0.07249036438941221
SOLUSDT,1679641199999,LONG,-20243.53437500028,46354.16466666642,1679641200000,0.003052185591573106,-0.013180746059835857,-0.0576577252837487
SOLUSDT,1679648399999,SHORT,34390.812958333096,-114522.50270833362,1679648400000,0.0008805469228435298,-0.0010186129225955292,0.05181274768074903
SOLUSDT,1679860799999,LONG,-60499.42833333338,67153.46208333322,1679860800000,-0.0034491052157101703,0.000955977320546531,-0.02302621928842213
SOLUSDT,1679882399999,SHORT,852.100833333175,-41820.136250000134,1679882400000,0.0005321336264697093,0.009036206063937445,0.01050133623421074
SOLUSDT,1680026399999,LONG,-23065.36995833313,14323.801041666962,1680026400000,0.02626240026412457,0.007778670282248295,0.03624151265106275
SOLUSDT,1680116399999,SHORT,16718.87795833312,-66724.41345833358,1680116400000,-0.0019385807153908755,0.0011365251969209299,0.010658139622854704
SOLUSDT,1680303599999,LONG,-9178.474458332988,136919.0751666669,1680303600000,-0.01048311398398351,-0.018501566074939368,-0.01488767721547496
SOLUSDT,1680321599999,SHORT,6218.049541666832,-7942.667958333157,1680321600000,-0.008669547632691513,0.00047591853173173593,0.003097526839864279
SOLUSDT,1680325199999,LONG,-7942.667958333157,33906.13362500017,1680325200000,-0.002928813090811111,-0.00971686754181007,-0.017462913731722006
SOLUSDT,1680357599999,SHORT,18498.80412500014,-42998.191791666635,1680357600000,0.00862999133936916,0.007911961582089183,0.006334108568799003
SOLUSDT,1680649199999,LONG,-6372.006166666804,15716.17958333322,1680649200000,-0.0016728406338624385,0.008559253395669911,0.010451401547707889
SOLUSDT,1680699599999,SHORT,118075.1851666667,-104650.12216666655,1680699600000,0.005368566472783538,0.02106853127076642,0.01773511433354162
SOLUSDT,1680944399999,LONG,-9649.018083333407,13941.112083333215,1680944400000,0.00019464720256101185,-0.0019973213313885766,-0.0189639679732716
SOLUSDT,1680947999999,SHORT,13941.112083333215,-3642.523125000143,1680948000000,0.0011683950504013968,0.004877344692842471,0.020249377198127604
SOLUSDT,1680951599999,LONG,-3642.523125000143,2608.102249999841,1680951600000,0.0015574810896846235,-0.003806553813089398,-0.02971127367962849
SOLUSDT,1680958799999,SHORT,23049.439166666492,-29234.326750000124,1680958800000,0.0026367202776035946,0.004888312026684099,0.01925077296391445
SOLUSDT,1681081199999,LONG,-11025.680749999961,121612.615125,1681081200000,-0.003642632627323683,-0.006012535978057551,-0.001130749118784589
SOLUSDT,1681268399999,SHORT,404977.5828749998,-40567.44691666689,1681268400000,-0.00448760000441803,-0.018355615960429363,-0.05121313442384681
SOLUSDT,1681271999999,LONG,-40567.44691666689,51115.39470833307,1681272000000,0.008344235077031826,0.048756385235660865,0.04490656556803938
SOLUSDT,1681275599999,SHORT,51115.39470833307,-27477.744583333686,1681275600000,0.002156548598920157,-0.028432183034513496,-0.038846951235269225
SOLUSDT,1681279199999,LONG,-27477.744583333686,165656.8798749995,1681279200000,0.007724757513460375,0.03451380693036002,0.06197145127315608
SOLUSDT,1681315199999,SHORT,166608.8942083319,-139028.4281250015,1681315200000,-0.002370973632826777,-0.01221788032983024,-0.01673010858309007
SOLUSDT,1681322399999,LONG,-125755.5709166682,38440.93445833182,1681322400000,0.0013243390587674285,-0.007440541444897462,-0.007899592052854239
SOLUSDT,1681325999999,SHORT,38440.93445833182,-81213.30066666783,1681326000000,0.012401324143948504,0.02093814084902928,0.003480137746177816
SOLUSDT,1681333199999,LONG,-163327.96754166763,49128.74645833237,1681333200000,-0.005243239509852056,-0.009507994897197052,0.003273460979302734
SOLUSDT,1681336799999,SHORT,49128.74645833237,-15155.244750000847,1681336800000,0.012214981771408949,0.0005007720340012546,-0.0064044134732682955
SOLUSDT,1681343999999,LONG,-122194.17958333406,65267.940458332654,1681344000000,0.002853308414502276,0.007993848414823573,0.02124510861373628
SOLUSDT,1681347599999,SHORT,65267.940458332654,-74900.89475000075,1681347600000,-0.0038057047793882024,-0.0022600771349671235,-0.04674092173165687
SOLUSDT,1681351199999,LONG,-74900.89475000075,45601.19574999949,1681351200000,-0.00426689624573875,4.1742324636078925e-05,0.02758398096846375
SOLUSDT,1681372799999,SHORT,353080.67324999935,-112306.2418750006,1681372800000,-0.002651093056800764,-0.008261437379534978,-0.02591698967347699
SOLUSDT,1681376399999,LONG,-112306.2418750006,107115.2471666662,1681376400000,-0.0021119332031435015,0.033918098241855626,0.02306284751555276
SOLUSDT,1681459199999,SHORT,4334.431041667936,-376061.95054166537,1681459200000,-0.002084921167416956,-0.004325370194216649,0.015165592450602464
SOLUSDT,1681678799999,LONG,-6009.106500000072,230418.2934166667,1681678800000,-0.00418212556208061,-0.021369269801205282,-0.0035102286136962147
SOLUSDT,1681693199999,SHORT,185467.79112500013,-49240.537333333086,1681693200000,-0.021801396556289716,-0.029445944437766394,-0.020462497403766287
SOLUSDT,1681696799999,LONG,-49240.537333333086,152895.37966666697,1681696800000,0.01080245338292594,0.003535377057063339,-0.0065933870934076644
SOLUSDT,1681711199999,SHORT,24995.412666667176,-1544.0981666662265,1681711200000,0.009930724739981269,0.013024614796662996,0.033371645775648606
SOLUSDT,1681729199999,LONG,-24982.78695833295,41005.17362500044,1681729200000,-0.013271092452654752,-0.014234406326618916,-0.01874218180974064
SOLUSDT,1681732799999,SHORT,41005.17362500044,-169102.60237499964,1681732800000,-0.017971936142085136,0.015444634648231183,0.013531459619800883
SOLUSDT,1682236799999,LONG,-126002.50824999991,15855.33916666673,1682236800000,0.003437362045735854,0.0025339380074174624,-0.04134692990672221
SOLUSDT,1682243999999,SHORT,8410.596833333295,-54963.62070833333,1682244000000,0.005499888866541764,0.005135324516897037,0.031729689618101055
SOLUSDT,1682348399999,LONG,-60210.86804166673,6370.877666666599,1682348400000,-0.013218717029120162,-0.013265571896178116,-0.026329638659571226
SOLUSDT,1682351999999,SHORT,6370.877666666599,-10885.160624999902,1682352000000,0.010313496489975675,0.001171975850808274,0.022314211969443904
SOLUSDT,1682362799999,LONG,-75304.98166666673,73251.8985833332,1682362800000,-0.0010782683119681465,-9.371632076577255e-05,-0.017631805589764456
SOLUSDT,1682369999999,SHORT,7707.504958333254,-44955.77970833335,1682370000000,-0.001688476551421536,0.004563747364459863,0.01423023658426476
SOLUSDT,1682488799999,LONG,-33582.090583333746,30072.113999999594,1682488800000,-0.001409059118159616,0.013086238821412122,0.030419235755617148
SOLUSDT,1682539199999,SHORT,60747.545666666236,-432037.78191666724,1682539200000,-0.0178286350886652,-0.008836442612519273,-0.02766447572785143
SOLUSDT,1682636399999,LONG,-76776.42416666618,88195.3603333338,1682636400000,0.0034099099802913342,0.0002696265688378957,0.019494141737467698
SOLUSDT,1682791199999,SHORT,167583.17854166674,-73172.51754166644,1682791200000,-0.006281481739018295,0.0037186015955649417,-0.0047792388228590655
SOLUSDT,1682827199999,LONG,-51559.15816666628,4810.549500000353,1682827200000,-0.0027262712430883413,0.011685989663443834,0.022434441592680765
SOLUSDT,1682830799999,SHORT,4810.549500000353,-24585.518708333024,1682830800000,-0.008801126744701711,-0.022071220990532787,-0.023765275266581926
SOLUSDT,1682834399999,LONG,-24585.518708333024,68313.59112500022,1682834400000,0.007659593707638823,0.010001365582312299,0.008767296615721315
SOLUSDT,1682859599999,SHORT,38837.210416666814,-239336.4634999998,1682859600000,-0.002560493013298357,-0.009737506514738337,0.024920173411790227
SOLUSDT,1682870399999,LONG,-105985.20104166637,275146.3584583331,1682870400000,-0.0014799469920383041,-0.021007561329143457,-0.0650259569951704
SOLUSDT,1682899199999,SHORT,175374.7926666666,-123722.55425,1682899200000,-0.00434640131060869,0.024541928765994963,0.023325191723971954
SOLUSDT,1683298799999,LONG,-96216.38262500001,143554.2207083335,1683298800000,-0.0016123978949020565,0.015189490829308858,0.019675381015219495
SOLUSDT,1683381599999,SHORT,293773.107708333,-2427.772083333771,1683381600000,0.009915160412412706,-0.00264574554480353,0.002698563167121431
SOLUSDT,1683471599999,LONG,-47591.905375000126,112665.92029166668,1683471600000,0.003749334868887812,0.010365553138066698,-0.048515181857109936
SOLUSDT,1683511199999,SHORT,36435.47216666661,-316681.96695833333,1683511200000,-0.008722150483743845,-0.010035656325358007,-0.006513451073189899
SOLUSDT,1683935999999,LONG,-44486.32537499955,22325.48712500045,1683936000000,0.001099978589592153,0.011655420830812566,0.008101841009223785
SOLUSDT,1684036799999,SHORT,62803.22012499956,-9138.276708333715,1684036800000,-0.004859697972345868,-0.0068539059358343896,-0.011066630789639698
SOLUSDT,1684040399999,LONG,-9138.276708333715,25632.947999999666,1684040400000,-0.000665620715869902,0.0005701796220233703,-0.0020458174939968167
SOLUSDT,1684220399999,SHORT,94945.00245833323,-95801.96324999991,1684220400000,-0.007875747732794088,0.0016306175978891848,0.008856430626171106
SOLUSDT,1684367999999,LONG,-22684.97812499983,76011.5025000003,1684368000000,-0.0029976469524373556,-0.0007604563104114905,-0.010747398712435121
SOLUSDT,1684375199999,SHORT,51769.56575000026,-48059.14099999963,1684375200000,-0.0037664827954768648,0.0033013594253289424,0.015597485609946213
SOLUSDT,1684389599999,LONG,-36105.657958332995,29882.256250000326,1684389600000,-0.003889467341176834,-0.003119977571086662,-0.03238893191345313
SOLUSDT,1684421999999,SHORT,25668.310875000043,-7503.431875000009,1684422000000,0.003698301052248537,0.014333831499646978,0.011676611158455946
SOLUSDT,1684540799999,LONG,-4957.859125000075,46891.6361249999,1684540800000,-0.007153282765449519,-0.0035949119059061154,-0.0067572823642742886
SOLUSDT,1684544399999,SHORT,46891.6361249999,-33668.22770833343,1684544400000,-0.0015336288161893943,-0.0016819197632988985,-0.000346508926071748
SOLUSDT,1684598399999,LONG,-34927.92054166672,16317.309833333362,1684598400000,-0.0025194529814737934,0.0005918911093191449,-0.001629509285834552
SOLUSDT,1684601999999,SHORT,16317.309833333362,-22769.422833333334,1684602000000,-0.005327557983708907,-0.0010381393522027028,-0.0022726159675082345
SOLUSDT,1684623599999,LONG,-20699.200708333363,615.8358333332968,1684623600000,0.0019264497548186438,0.0007907873688426224,0.0013340911631072889
SOLUSDT,1684673999999,SHORT,6789.81862499984,-88689.7447083335,1684674000000,0.0008462553707118674,0.010755750404286803,0.03210670379444309
SOLUSDT,1684792799999,LONG,-41599.028291666335,138396.91500000015,1684792800000,-0.0042266135486241745,0.005119248869613632,0.006180364150704876
SOLUSDT,1684835999999,SHORT,57917.70387500032,-26936.00854166632,1684836000000,-0.002824148329238049,-0.0014130711410108962,-0.01269619362607618
SOLUSDT,1684839599999,LONG,-26936.00854166632,5304.2234583336,1684839600000,0.0029166268287120294,0.005073475657225287,0.008524773318391058
SOLUSDT,1684850399999,SHORT,14410.455041666864,-99608.79049999977,1684850400000,-0.00648455284545229,-0.007335979035670183,-0.00030254134962516625
SOLUSDT,1684857599999,LONG,-10130.543833333184,54087.56770833345,1684857600000,0.004291637905920685,0.0013493592591886417,-0.02281275430640566
SOLUSDT,1684868399999,SHORT,37678.15741666682,-7664.179916666549,1684868400000,-0.00490638813423359,-0.005106138447007786,0.024128154611823462
SOLUSDT,1684871999999,LONG,-7664.179916666549,16094.335958333375,1684872000000,0.002344433047882845,0,-0.03114315694855422
SOLUSDT,1684893599999,SHORT,56758.88845833333,-109655.05279166659,1684893600000,-0.0031210697371702933,0.014933990149296637,0.037447555865070044
SOLUSDT,1685026799999,LONG,-1957.9114166661166,1674.050250000398,1685026800000,-0.006117812527900065,-0.005182164263363344,-0.006846144679542824
SOLUSDT,1685030399999,SHORT,1674.050250000398,-11057.475083333129,1685030400000,-0.0008836907657590096,-0.004358888122012228,-0.0027005988888087673
SOLUSDT,1685033999999,LONG,-11057.475083333129,4401.44150000019,1685034000000,0.0003636647051533296,0.0010905975997223928,0.000934870744311529
SOLUSDT,1685073599999,SHORT,87298.57274999986,-2116.143500000122,1685073600000,0.0009858607621675204,-0.000984889797882165,-0.007131444620990201
SOLUSDT,1685087999999,LONG,-43931.290541666676,8789.880666666626,1685088000000,0.0005697563151048384,-0.0004664058333453444,0.008152779935947955
SOLUSDT,1685095199999,SHORT,7983.7468749999925,-26180.820083333372,1685095200000,-0.001192915262960448,-0.0038847069286719244,-0.008269208317210834
SOLUSDT,1685113199999,LONG,-30491.88299999999,10566.906666666735,1685113200000,0.0007211662600712816,0.0019048115105810982,0.0017505024291853736
SOLUSDT,1685120399999,SHORT,34738.590125000104,-8684.465958333263,1685120400000,0.004079846596975013,-0.002676413147381429,-0.005704463396622888
SOLUSDT,1685167199999,LONG,-15334.63845833327,25527.287416666688,1685167200000,0.005474139472463631,0.00010259567055285311,0.007156397152604157
SOLUSDT,1685174399999,SHORT,45848.67549999999,-25218.967458333296,1685174400000,0.003334618967890533,0.0025127574052951494,-0.006941282399604237
SOLUSDT,1685181599999,LONG,-50507.57450000001,6266.557416666667,1685181600000,-0.0005130836438881248,-0.0005644064902643635,0.022670037972040574
SOLUSDT,1685199599999,SHORT,31798.714083333365,-32670.511749999965,1685199600000,-0.0029629651306570487,-0.0016869013584920453,-0.043009306941125064
SOLUSDT,1685206799999,LONG,-17574.843499999977,2033.7112916666665,1685206800000,0.003265142434543396,0.012593473703007297,0.04535562358435463
SOLUSDT,1685332799999,SHORT,58163.487875000224,-88500.31649999977,1685332800000,0.0011116751187152055,-0.0013516777341576881,0.010684381178963519
SOLUSDT,1685350799999,LONG,-2800.895333333096,35500.114000000176,1685350800000,0.0024120808645965624,0.0003380417755237758,-0.006590448354901702
SOLUSDT,1685357999999,SHORT,59709.1118333335,-21812.120708333172,1685358000000,-0.003138507199506892,0.0010160881483857334,0.004750602758597976
SOLUSDT,1685361599999,LONG,-21812.120708333172,18137.2339166669,1685361600000,-0.001495670073528748,-0.012663003063289513,-0.008083883604409028
SOLUSDT,1685368799999,SHORT,6606.1169166669715,-7225.337666666291,1685368800000,0.0029003742476360036,0.008726481905795593,-0.006543203522706971
SOLUSDT,1685372399999,LONG,-7225.337666666291,23874.98570833371,1685372400000,-0.008653432705238575,-0.006994733915342247,0.015418543158659415
SOLUSDT,1685375999999,SHORT,23874.98570833371,-78696.88316666622,1685376000000,0.0073999994639978835,-0.0007321180501254125,-0.018431695149526243
SOLUSDT,1685440799999,LONG,-8351.330500000118,77290.89083333318,1685440800000,0.008637517513818825,0.008968244407291904,0.011845672747013626
SOLUSDT,1685501999999,SHORT,49629.25520833349,-69905.30237499974,1685502000000,-0.001233572296674937,0.01690046209999456,0.02397482051162081
SOLUSDT,1685696399999,LONG,-43655.60904166669,4849.047499999947,1685696400000,-0.001984877778312358,-0.0019375729697696633,0.0015567876714171573
SOLUSDT,1685710799999,SHORT,47972.176416666596,-49129.27341666674,1685710800000,0.007692710902679339,0.0022257485569576736,-0.004012751755319545
SOLUSDT,1685717999999,LONG,-34036.53412499997,31225.002499999984,1685718000000,0.00520563382726497,0.008786489519374155,0.0032685185774126114
SOLUSDT,1685825999999,SHORT,23885.1084583333,-71705.59179166665,1685826000000,-0.00028522532994274333,-0.0026589446366870042,-0.02214633144779873
SOLUSDT,1685861999999,LONG,-13434.3005833333,206008.33575000017,1685862000000,-0.0028653314732863936,-0.004069369777492858,0.02587490046047551
SOLUSDT,1685969999999,SHORT,45261.59833333354,-18066.246999999817,1685970000000,-0.0010260237818298095,0.06800680295524689,0.071659455186265
SOLUSDT,1686095999999,LONG,-6692.594416666853,22460.60799999985,1686096000000,-0.00014721397577928993,-0.011597909151268135,-0.021976725933888882
SOLUSDT,1686103199999,SHORT,5222.733374999913,-32643.874041666742,1686103200000,0.003915451189624816,0.003915451189624816,0.025500467507447545
SOLUSDT,1686142799999,LONG,-116768.48883333355,24306.715833333128,1686142800000,-0.007431595589084452,-0.042651594419780586,-0.05891987043246532
SOLUSDT,1686146399999,SHORT,24306.715833333128,-10735.559000000087,1686146400000,0.01616568864572233,0.03359362357445922,0.04525941081241135
SOLUSDT,1686311999999,LONG,-8666.05541666694,60145.91991666631,1686312000000,-0.007400878102180339,-0.031115730730523008,-0.10237631586396365
SOLUSDT,1686326399999,SHORT,55532.698041666496,-48162.05045833357,1686326400000,0.008661789191957764,0.07137564007230067,0.1368734675131749
SOLUSDT,1686452399999,LONG,-221442.3750833366,29543.239166663803,1686452400000,-0.00762506497744303,-0.0074321203198036805,-0.028816705647516986
SOLUSDT,1686455999999,SHORT,29543.239166663803,-99162.27075000263,1686456000000,0.007813296455796277,0.01073471249793051,0.021848843637997842
SOLUSDT,1686459599999,LONG,-99162.27075000263,412492.39779166534,1686459600000,0.014416519474354739,-0.004222567744798928,-0.0014271815591449884
SOLUSDT,1686506399999,SHORT,136069.45237499927,-67639.53862499988,1686506400000,-0.014126342524055435,-0.017817557814228627,0.02893238182574325
SOLUSDT,1686509999999,LONG,-67639.53862499988,145785.96129166722,1686510000000,0.01857286489314701,-0.011608275292967886,-0.034312799643105935
SOLUSDT,1686524399999,SHORT,58364.15895833416,-101223.26954166591,1686524400000,-0.0021911460722546083,0.03185692477439037,0.000839061591163624
SOLUSDT,1686560399999,LONG,-41715.351458332654,85896.06200000069,1686560400000,0.0066092380805395316,0.00045497384685262254,-0.023349411591272663
SOLUSDT,1686596399999,SHORT,74468.62804166663,-3031.4562083336837,1686596400000,0.0049376226292116455,-0.011646505386323724,-0.02146655156729902
SOLUSDT,1686607199999,LONG,-218802.5166250003,69203.2676666663,1686607200000,-0.0033496468218160826,-0.0029549878678018257,0.01289920165586588
SOLUSDT,1686653999999,SHORT,1392.4282083325863,-21764.697666667325,1686654000000,-0.010872819178627346,0.024026555912132853,0.035890988892593866
SOLUSDT,1686657599999,LONG,-21764.697666667325,127171.93966666602,1686657600000,-0.011195587275976915,-0.05517688613734808,-0.0394126824387852
SOLUSDT,1686661199999,SHORT,127171.93966666602,-13475.661916667517,1686661200000,0.016637147731848954,0.03496192022516827,0.023966574052565293
SOLUSDT,1686765599999,LONG,-113594.96854166679,27168.120374999864,1686765600000,-0.012066511413116479,-0.05713924202405102,-0.034146586628108246
SOLUSDT,1686769199999,SHORT,27168.120374999864,-108947.0284166669,1686769200000,0.005358041593055861,0.050744837516182445,0.027488773121033573
SOLUSDT,1686862799999,LONG,-77003.59683333407,353408.4328749997,1686862800000,0.004386415913899961,-0.008080714870290082,0.0016893608099273019
SOLUSDT,1687067999999,SHORT,157142.3452916666,-32387.420374999812,1687068000000,6.42859439005016e-05,-0.007620670225483596,-0.012647884987631749
SOLUSDT,1687071599999,LONG,-32387.420374999812,41778.822375000316,1687071600000,0.0012848517763977539,0.008258425349140806,0.012076438259487218
SOLUSDT,1687096799999,SHORT,41085.355458333564,-12259.270916666466,1687096800000,-0.0064329383334360375,-0.006623384294970282,0.008921467343548525
SOLUSDT,1687100399999,LONG,-12259.270916666466,5308.304000000062,1687100400000,-0.002861050366915486,-0.00038100076661039045,-0.012714607601515153
SOLUSDT,1687121999999,SHORT,30344.513791666734,-29033.82866666654,1687122000000,0.004851709229175484,-0.001934111878793754,0.003037649774782129
SOLUSDT,1687204799999,LONG,-35712.00699999995,3142.224500000011,1687204800000,0.0027723538643941656,0.015712865140128842,0.00748031271881961
SOLUSDT,1687381199999,SHORT,64111.83916666615,-51353.7752916674,1687381200000,0.006451635281488607,-0.02511316851446897,-0.010294678989639611
SOLUSDT,1687532399999,LONG,-215472.81645833314,3512.2676666669236,1687532400000,0.02943676499763055,0.03167469290456122,0.05929146222780258
SOLUSDT,1687539599999,SHORT,33640.25341666676,-20765.81441666667,1687539600000,-0.004280150769238701,-0.026383694863363064,-0.014756326199966382
SOLUSDT,1687546799999,LONG,-13796.645208333308,72483.74566666681,1687546800000,0.006683889798682003,0.00182197587796442,0.011813002867621266
SOLUSDT,1687607999999,SHORT,14666.7825416668,-18042.8731666666,1687608000000,-0.0019166551533213814,0.03472180824737405,0.033518728217758094
SOLUSDT,1687611599999,LONG,-18042.8731666666,18497.825500000192,1687611600000,-0.005878090546315459,-0.03465620297553665,-0.03682122667423662
SOLUSDT,1687622399999,SHORT,6803.417375000271,-252437.28508333294,1687622400000,-0.0020446215553963525,-0.003905198870934986,-0.021557435778978142
SOLUSDT,1688032799999,LONG,-45091.58133333324,306055.80362499953,1688032800000,0.016372072617610714,0.021732486912958225,0.027855996437033115
SOLUSDT,1688119199999,SHORT,476821.90916666604,-51032.17987500007,1688119200000,0.005680311077412476,0.03596003089920007,-0.023083026730701287
SOLUSDT,1688144399999,LONG,-168031.85570833427,12336.534874999275,1688144400000,0.031849494355529216,0.010886536296434761,-0.04892765974070484
SOLUSDT,1688151599999,SHORT,140901.73133333368,-11890.605166666364,1688151600000,0.006213956967943037,0.0040163838775996415,0.047328453187448424
SOLUSDT,1688155199999,LONG,-11890.605166666364,56112.66425000038,1688155200000,0.0014656619039145422,-0.012227410694170703,-0.035184866055924316
SOLUSDT,1688162399999,SHORT,33849.94862500051,-65203.05437499952,1688162400000,0.00088812272378927,0.0308630466545189,0.03870283161128321
SOLUSDT,1688273999999,LONG,-211975.9530416665,58516.558958332986,1688274000000,-0.018899601892564864,-0.010478942693983962,0.0065133339595056855
SOLUSDT,1688277599999,SHORT,58516.558958332986,-122850.20712500035,1688277600000,-0.0023227587912384804,-0.016511107065792324,-0.012500162764231468
SOLUSDT,1688331599999,LONG,-5348.781750000315,111715.3860833329,1688331600000,-0.0015901108733725662,-0.012532720319787206,-0.008854626707600208
SOLUSDT,1688342399999,SHORT,42542.56683333265,-52510.40470833393,1688342400000,0.009607015679274187,-0.0059450769607363235,-0.0005652766151703917
SOLUSDT,1688353199999,LONG,-32100.39370833407,34939.15558333268,1688353200000,0.00045999336376249854,-0.011362298019074096,-0.031681087459549326
SOLUSDT,1688356799999,SHORT,34939.15558333268,-54982.33266666733,1688356800000,0.007282083461856356,0.007282083461856356,0.014980589540432599
SOLUSDT,1688507999999,LONG,-53358.930083333595,12208.547416666484,1688508000000,0.0017488816761481723,-0.01149497460165559,-0.01792116113191408
SOLUSDT,1688515199999,SHORT,27970.77983333314,-126289.30112500027,1688515200000,0.0006797919052801559,-0.008017953091214364,0.023001675023084388
SOLUSDT,1688633999999,LONG,-106486.02229166706,324498.9737916664,1688634000000,-0.008884094465007635,-0.028365720393676744,0.02445396032366957
SOLUSDT,1688655599999,SHORT,95494.74595833267,-38490.02187500071,1688655600000,-0.020162283614920482,-0.07284117863831174,-0.050673803205855905
SOLUSDT,1688659199999,LONG,-38490.02187500071,186022.56045833245,1688659200000,-0.002848280243083478,0.058971093789443256,0.025473974366555904
SOLUSDT,1688687999999,SHORT,185021.81466666507,-90597.66175000167,1688688000000,-0.02991751322442409,-0.030412758876384692,-0.028033339719762598
SOLUSDT,1688698799999,LONG,-4305.5797083354555,6543.130041664776,1688698800000,-0.00498828050037505,-0.02045610709926217,0.04295982006826849
SOLUSDT,1688702399999,SHORT,6543.130041664776,-150469.454875002,1688702400000,0.021723663223898293,0.03835754845301274,-0.049129636293544124
SOLUSDT,1688741999999,LONG,-9730.464041667525,492436.42687499913,1688742000000,0.001084829010005634,-0.0027408929781382713,0.030671549261391397
SOLUSDT,1688752799999,SHORT,381146.2482499985,-5880.204291668255,1688752800000,0.005568416068356388,-0.003851397367929873,-0.00787479460825748
SOLUSDT,1688767199999,LONG,-225416.59512500107,63417.21091666523,1688767200000,0.00751900798678276,0.01724220710049303,0.042403342442731196
SOLUSDT,1688893199999,SHORT,318734.8015416648,-55210.75500000113,1688893200000,-0.001387668477453143,-0.006505363318957154,0.018264281440431202
SOLUSDT,1688896799999,LONG,-55210.75500000113,12323.050041665634,1688896800000,0.004933500104960402,-0.0013413197820548969,-0.022814322216999965
SOLUSDT,1688918399999,SHORT,113966.39329166617,-59104.13991666678,1688918400000,-0.0010347585702928173,-0.0015517366102410462,0.0002823928102731546
SOLUSDT,1689019199999,LONG,-8498.432333333185,54417.47591666676,1689019200000,-0.01006532262767357,-0.013161155111043998,0.024366873793810546
SOLUSDT,1689029999999,SHORT,139093.9606666666,-66698.17512500053,1689030000000,-0.001410371161340336,-0.014246918696902776,-0.030805873019678128
SOLUSDT,1689037199999,LONG,-39719.46508333382,133646.56604166687,1689037200000,0.017819812266355657,0.02407184384801783,0.04241681637899437
SOLUSDT,1689044399999,SHORT,124728.12945833353,-63792.564999999944,1689044400000,-0.007577543997040452,-0.026680452280843682,-0.02803430419574461
SOLUSDT,1689051599999,LONG,-55139.22095833331,175367.05591666637,1689051600000,0.0044808268469078115,0.007532734378915874,0.010031089036443295
SOLUSDT,1689353999999,SHORT,682409.8901249996,-2217.247333336001,1689354000000,0.01146553705633448,0.049309311140666584,-0.006570731352987243
SOLUSDT,1689519599999,LONG,-141025.00945833325,528911.684458334,1689519600000,-0.008963585904821533,-0.023987443673201606,-0.00548198511639642
SOLUSDT,1689537599999,SHORT,18937.852666667197,-140350.38504166636,1689537600000,-0.001278468933838864,-0.0016434457618619486,-0.010001356255687223
SOLUSDT,1689544799999,LONG,-88431.62487499959,8845.566583333692,1689544800000,7.251105796806828e-05,0.017930449291680115,-0.01357932894053081
SOLUSDT,1689555599999,SHORT,27507.11125000054,-28474.80141666609,1689555600000,-0.012975557510999602,-0.00693885471157001,0.022954280221347562
SOLUSDT,1689559199999,LONG,-28474.80141666609,98116.75091666712,1689559200000,0.004193623318417573,-0.00861997218264763,-0.029638224178103058
SOLUSDT,1689569999999,SHORT,248174.09333333373,-50777.09391666638,1689570000000,0.002583053743022005,0.01723837927542307,0.04185262217404812
SOLUSDT,1689843599999,LONG,-106608.2735833327,395995.3164583345,1689843600000,3.6764030077084e-05,-0.009085263954984123,-0.07573825962648295
SOLUSDT,1689868799999,SHORT,29153.284083333332,-179367.46487500006,1689868800000,0.006486931696372291,0.011045075467880949,0.00789930589639599
SOLUSDT,1690383599999,LONG,-60902.10604166643,34032.71375000011,1690383600000,0.01664848579645012,0.024331904282895573,0.010483213311021098
SOLUSDT,1690455599999,SHORT,149962.37220833343,-23436.88075000001,1690455600000,-0.007475265691175478,-0.010347643671890132,0.002942114081539372
SOLUSDT,1690459199999,LONG,-23436.88075000001,65135.29387500013,1690459200000,-0.002841135207650871,-0.009342902482083524,-0.011811941210002985
SOLUSDT,1690462799999,SHORT,65135.29387500013,-65259.18062500004,1690462800000,-0.0051630817227297735,0.0028887458010133055,0.0010674680279061464
SOLUSDT,1690466399999,LONG,-65259.18062500004,45535.19091666645,1690466400000,0.0005109159261448003,-0.010035246794299964,-0.012380752650052926
SOLUSDT,1690473599999,SHORT,123594.9362083332,-203934.8229166673,1690473600000,-0.003533221881621409,0.008266325049533672,0.008988375704675599
SOLUSDT,1690563599999,LONG,-19886.990499999374,83076.38450000063,1690563600000,-0.010776951976779822,-0.009338620193392698,-0.004718018465335518
SOLUSDT,1690585199999,SHORT,45374.28554166714,-58085.152208332904,1690585200000,0.0038236346921206423,-0.009037892440633698,-0.0031685577497269075
SOLUSDT,1690599599999,LONG,-30062.239833332907,51057.42570833373,1690599600000,0.00035824460528440324,-0.0004380288770882969,-0.004868908529099705
SOLUSDT,1690603199999,SHORT,51057.42570833373,-50698.83770833304,1690603200000,-0.0014316964068110214,0.002590210458125907,0.0025104115513286465
SOLUSDT,1690610399999,LONG,-43327.92666666644,139689.31216666684,1690610400000,-0.0036179345695913734,-0.004135852550929936,0.0026158312248482254
SOLUSDT,1690624799999,SHORT,45817.17125000036,-36804.67183333286,1690624800000,0.004833725580585724,0.0009967904176543263,-0.003897865089452292
SOLUSDT,1691341199999,LONG,-214163.79075000042,183379.12054166626,1691341200000,-0.004357869386709842,0.0018066075113302973,0.004424690939858603
SOLUSDT,1691344799999,SHORT,183379.12054166626,-12377.23316666705,1691344800000,-0.0021165857451486895,0.0005622959122181488,-0.006422297456360545
SOLUSDT,1691348399999,LONG,-12377.23316666705,104574.45899999952,1691348400000,0.0011212213861659624,0.0023703331717786036,-0.00723181672965353
SOLUSDT,1691369999999,SHORT,78995.32116666606,-61411.04662500058,1691370000000,-0.014778805737539783,-0.009691041711108822,0.0009959513240166723
SOLUSDT,1691373599999,LONG,-61411.04662500058,82795.12312499953,1691373600000,0,-0.007490671729157626,-0.027364622728855093
SOLUSDT,1691391599999,SHORT,3816.8669583328688,-138641.90133333378,1691391600000,-0.00585012393643832,-0.004899101515734318,0.006978091030988376
SOLUSDT,1691510399999,LONG,-100719.74108333304,247080.18004166638,1691510400000,0.012818003169658693,0.03524831161603905,0.023993153613923044
SOLUSDT,1691603999999,SHORT,75252.82491666754,-1249.9840416659135,1691604000000,-0.000776064574843549,0.0068883785434457855,0.007094118694361755
SOLUSDT,1691607599999,LONG,-1249.9840416659135,39167.857958334265,1691607600000,-0.008075634697416649,-0.005978723787834518,-0.010878373322163435
SOLUSDT,1691611199999,SHORT,39167.857958334265,-170595.61741666612,1691611200000,-0.00328704380109436,-0.0031639744513605635,-0.0007816517933717512
SOLUSDT,1691621999999,LONG,-81138.87683333278,23538.635166667245,1691622000000,0.001190451896506181,0.0005338261085604914,0.004385342793025532
SOLUSDT,1691629199999,SHORT,13833.531500000661,-6087.652541666136,1691629200000,-0.003561271902791692,0.00617006605533033,-0.011376037547628485
SOLUSDT,1691632799999,LONG,-6087.652541666136,126467.73887500058,1691632800000,-0.004628215752637265,-0.0070532565020995286,0.01085133892694675
SOLUSDT,1691668799999,SHORT,13636.0357916671,-47247.413416666364,1691668800000,-0.010925060765289134,-0.0062109462929419886,-0.008855212829732544
SOLUSDT,1691675999999,LONG,-19848.824249999365,52164.88645833413,1691676000000,-0.009748645384407537,-0.010769616212072827,-0.0007683131860592692
SOLUSDT,1691733599999,SHORT,22758.10916666694,-33825.91774999964,1691733600000,0.003118610899203334,0.012287566106335145,0.011673679983391373
SOLUSDT,1691827199999,LONG,-28520.647083333268,66639.29212500011,1691827200000,-0.0026937692302417436,0.0005297365703227636,0.007876294219255129
SOLUSDT,1691845199999,SHORT,54784.048624999974,-4758.470499999938,1691845200000,0.0015892100082785746,-0.00714056912606979,-0.013105923373831702
SOLUSDT,1691855999999,LONG,-107846.91454166651,104953.74883333333,1691856000000,0.0032393938272516935,0.002915926252055272,0.009084181411549753
SOLUSDT,1691945999999,SHORT,61697.70900000011,-137466.08670833334,1691946000000,-0.00016334531235274283,-0.0022436625970423565,0.0026581077666451096
SOLUSDT,1692032399999,LONG,-181306.64270833353,36911.94150000004,1692032400000,-0.014652570089266232,-0.01131084579176273,-0.007980251432677169
SOLUSDT,1692035999999,SHORT,36911.94150000004,-101199.09712499985,1692036000000,0.00416254718105628,-0.0066322569615732295,-0.00731308760122049
SOLUSDT,1692053999999,LONG,-61565.88450000001,113183.23720833317,1692054000000,0.004418884954735368,-0.0058421197732191,-0.004398423661060973
SOLUSDT,1692115199999,SHORT,102268.60691666673,-90569.93804166645,1692115200000,-0.001334492787568948,0.02769464574975613,0.042953797409272965
SOLUSDT,1692464399999,LONG,-198549.03200000012,159748.8245416667,1692464400000,-0.01094893158427072,-0.017318817705693847,-0.01782464624060936
SOLUSDT,1692493199999,SHORT,42017.56883333321,-31100.521458333515,1692493200000,0.005447608976687601,0.0074693897508390774,-0.00022824275998921997
SOLUSDT,1692496799999,LONG,-31100.521458333515,6096.555666666555,1692496800000,0.0007799775578376083,-0.005615406452324032,0.004305218704317659
SOLUSDT,1692500399999,SHORT,6096.555666666555,-11046.639958333495,1692500400000,9.173470330270206e-05,0.006765022693911165,0.002341867675741652
SOLUSDT,1692813599999,LONG,-304380.9892500001,29013.486916666385,1692813600000,0.004967673539552379,0.003798274243580003,0.02321906028928983
SOLUSDT,1692892799999,SHORT,124333.89458333375,-15500.67758333295,1692892800000,-0.0008553101020351745,0.005816464550700705,0.015087576952152217
SOLUSDT,1692896399999,LONG,-15500.67758333295,63293.88987500019,1692896400000,-0.0030444319965914632,-0.012329905307663688,-0.02734883981479005
SOLUSDT,1692899999999,SHORT,63293.88987500019,-192320.80654166653,1692900000000,0.003579528938379889,0.0037229769506754063,0.014588990876929631
SOLUSDT,1693061999999,LONG,-111416.8586666672,6701.2018333330825,1693062000000,-0.00014732241537189614,-0.006058087333666382,-0.0063545446706861335
SOLUSDT,1693065599999,SHORT,6701.2018333330825,-38599.24170833372,1693065600000,0.005417131340419674,0.0014253068050749027,0.004183385779628156
SOLUSDT,1693155599999,LONG,-58496.74537500021,21501.660458333132,1693155600000,-0.007790801787768222,-0.0010610080570943841,-0.013246512139194689
SOLUSDT,1693159199999,SHORT,21501.660458333132,-23653.179625000223,1693159200000,-0.003636808469624424,-0.004749451595318542,0.011432604491456694
SOLUSDT,1693162799999,LONG,-23653.179625000223,28942.396249999874,1693162800000,0.0050696581554909035,0.005888047899085988,-0.013351723538274874
SOLUSDT,1693184399999,SHORT,66962.3234583332,-27873.79262500012,1693184400000,0.005851106458348562,0.004678143125584543,-0.0019427855933452968
SOLUSDT,1693321199999,LONG,-189502.87675000017,175085.7009999986,1693321200000,-0.01941267482129406,-0.008823654596373944,-0.007664287944379828
SOLUSDT,1693407599999,SHORT,192649.51520833187,-326466.9474166669,1693407600000,0.0036426420646077096,0.006961308987528196,0.0137773748222481
SOLUSDT,1693789199999,LONG,-103155.7882083332,5627.579125000125,1693789200000,-0.0025400064456083974,0.0037474090544862347,-0.013947655028698894
SOLUSDT,1693832399999,SHORT,25370.227333333383,-31774.33666666671,1693832400000,-0.004722316547002234,0.0008750483121737425,0.0050549444823006695
SOLUSDT,1693835999999,LONG,-31774.33666666671,8036.027666666584,1693836000000,-0.002769090534094425,-0.006009417401704512,-0.01205516634229704
SOLUSDT,1693839599999,SHORT,8036.027666666584,-28470.401250000035,1693839600000,0.003961623785461038,0.0025192167766733063,0.016567813604199687
SOLUSDT,1693918799999,LONG,-2468.4322500004587,82664.36004166624,1693918800000,0.012826515291610137,0.031615278152054664,0.025292395992369498
SOLUSDT,1693947599999,SHORT,69814.81199999957,-71004.73758333374,1693947600000,-0.00573776120319013,-0.0010411761271763229,0.019131192458398574
SOLUSDT,1693951199999,LONG,-71004.73758333374,77530.92779166631,1693951200000,-0.002716386409151242,-0.0025185820370295675,-0.025728907681754697
SOLUSDT,1693958399999,SHORT,50808.73504166623,-17169.31912500023,1693958400000,0.003808397906206491,0.005991154998654715,0.025802721548138584
SOLUSDT,1694102399999,LONG,-61448.35329166629,138909.91645833384,1694102400000,0.005060972385083007,0.007098566692010843,0.024902592643038093
SOLUSDT,1694152799999,SHORT,55453.69645833379,-19355.82312499957,1694152800000,-0.0019118540739965087,0.012873974056608072,0.018295982224573914
SOLUSDT,1694159999999,LONG,-25179.489416666253,23736.782750000322,1694160000000,-0.008326442776553668,-0.018717734322941087,-0.01728506932144528
SOLUSDT,1694163599999,SHORT,23736.782750000322,-27047.52912499965,1694163600000,0.006711093366523029,0.006558067275275962,0.008140467237943615
SOLUSDT,1694174399999,LONG,-19120.82608333269,6633.47662500067,1694174400000,0.0038326949847803586,-0.00046091210198093965,0.0033225169215741093
SOLUSDT,1694177999999,SHORT,6633.47662500067,-13631.66174999935,1694178000000,0.0016334868359066622,0.005780215075526612,0.0062933513757843385
SOLUSDT,1694181599999,LONG,-13631.66174999935,40582.67333333396,1694181600000,-0.0008688763931159125,-0.003941547423306318,-0.0016873326258213773
SOLUSDT,1694188799999,SHORT,9778.762916667309,-105042.53274999947,1694188800000,0.0014353824169489261,-0.0018936007091266147,0.00030740854837845626
SOLUSDT,1694249999999,LONG,-78422.2229999996,55267.58145833365,1694250000000,0.002512370896199479,0.0014364133183363055,-0.003187991182142626
SOLUSDT,1694289599999,SHORT,12661.410249999957,-34483.02037500008,1694289600000,0.0007207578565729491,0.00030883261517857376,0.04823450569986577
SOLUSDT,1694444399999,LONG,-223040.9232083323,170959.12850000118,1694444400000,0.013213066312815562,-0.00017053690744226426,0.006289507091839437
SOLUSDT,1694465999999,SHORT,219953.93895833442,-49480.42166666625,1694466000000,0.006266041578646406,-0.011798381237162783,-0.018677410628977167
SOLUSDT,1694476799999,LONG,-32933.7365416664,164338.39058333356,1694476800000,0.005797117684325694,0.025633856477788916,0.03243287378642353
SOLUSDT,1694602799999,SHORT,486096.3396250002,-27210.81016666644,1694602800000,-0.004522399059999924,-0.005952070479145807,-0.017913870260051167
SOLUSDT,1694606399999,LONG,-27210.81016666644,95850.99912500009,1694606400000,-0.0024241100515929727,0.00914749072919455,0.011815683659591906
SOLUSDT,1694789999999,SHORT,151066.36662499988,-7119.374791666788,1694790000000,-0.0061107020828373914,0.00894082032672599,-0.023076731329976646
SOLUSDT,1694793599999,LONG,-7119.374791666788,103380.89133333345,1694793600000,-0.0005828895589352092,-0.008458622051531929,0.016966029247139122
SOLUSDT,1694807999999,SHORT,24044.757166666986,-39345.26283333303,1694808000000,0.000694797067046325,-0.022139175971462338,-0.019889573934568534
SOLUSDT,1694815199999,LONG,-34595.53674999966,78848.73837500035,1694815200000,0.019939472716955318,0.019364805094108397,0.016905680244652038
SOLUSDT,1694908799999,SHORT,84894.55854166641,-37093.2749583335,1694908800000,0.013220808301532766,0.00487818638959172,0.0049833554489515045
SOLUSDT,1695031199999,LONG,-46733.157249999735,23723.387416667032,1695031200000,0.015879467253928872,0.023599160237792495,0.025368311759457824
SOLUSDT,1695128399999,SHORT,176594.81658333322,-82983.1803333334,1695128400000,0.007029200002282988,-0.0031969656081623074,-5.003126955393714e-05
SOLUSDT,1695135599999,LONG,-34704.22399999978,28027.809416666936,1695135600000,0.010088987784584426,-0.0020099499254473594,0.001855613762473861
SOLUSDT,1695153599999,SHORT,44211.69549999976,-26400.37845833351,1695153600000,5.0207104315662725e-05,-0.005057977080131262,-0.0013045007118090179
SOLUSDT,1695157199999,LONG,-26400.37845833351,67188.79033333312,1695157200000,0.0046587435544194955,0.003608664702022218,0.009743500272529423
SOLUSDT,1695203999999,SHORT,25837.154333333096,-260213.90791666685,1695204000000,-0.005683533097718634,-0.009355629324054072,-0.017839034085698306
SOLUSDT,1695232799999,LONG,-171612.43712500055,44351.65974999941,1695232800000,-0.0017749733483675798,0.003000420341989404,-0.017441869281467896
SOLUSDT,1695239999999,SHORT,121156.99616666597,-8291.703875000667,1695240000000,-0.009259096178579871,-0.008667496871244568,0.010099075934967427
SOLUSDT,1695254399999,LONG,-60439.49700000075,9501.838833332606,1695254400000,-0.00653112014301621,-0.005043024630314336,-0.03457010494625584
SOLUSDT,1695261599999,SHORT,18190.578708332574,-24.432000000650685,1695261600000,-0.0004495616849361953,0.003302975678263172,0.031621382557633006
SOLUSDT,1695268799999,LONG,-3764.486958333912,91154.71070833279,1695268800000,-0.004620552252320979,-0.013624664908467612,-0.028916102105920653
SOLUSDT,1695283199999,SHORT,60596.015999999516,-35495.358541667076,1695283200000,0.002062323107149508,0.01585284788410507,0.014526384754047397
SOLUSDT,1695376799999,LONG,-188189.4512499996,14115.729875000194,1695376800000,-0.004939287481500867,-0.007597232207199374,-0.014943218546019748
SOLUSDT,1695405599999,SHORT,8472.966833333485,-13026.976333333101,1695405600000,0.0012398617076259362,-0.0013414510318283098,-0.0017538434290331072
SOLUSDT,1695409199999,LONG,-13026.976333333101,3751.9542500001844,1695409200000,0.0002067610882997727,0.005876002680798824,0.007416597655049619
SOLUSDT,1695473999999,SHORT,7151.965916666707,-60055.87983333331,1695474000000,0.003713067027032186,0.001957956107775548,-0.0030837255253536124
SOLUSDT,1695488399999,LONG,-76536.1084583333,39076.76433333339,1695488400000,0.001288560341166566,0.0022152967510031605,0.008013604296050232
SOLUSDT,1695491999999,SHORT,39076.76433333339,-33679.094833333314,1695492000000,-0.0015440838931743877,-0.002058249157213885,-0.006008491564719578
SOLUSDT,1695520799999,LONG,-75367.42400000012,15085.366416666502,1695520800000,-0.001020252090744131,-0.004189664824619696,-0.004906731030309147
SOLUSDT,1695527999999,SHORT,17937.512833333185,-52276.058125000134,1695528000000,0.0007671653617529734,-0.002603968692031081,0.0025595099716512327
SOLUSDT,1695556799999,LONG,-220.29079166671727,60210.71174999994,1695556800000,0.0007143950908515887,-0.004092077321429488,-0.012275134229439112
SOLUSDT,1695607199999,SHORT,1106.820875000325,-100828.79037499968,1695607200000,-0.008192332702871353,-0.004851372025380632,-0.013106347505300365
SOLUSDT,1695614399999,LONG,-11566.841541666343,73867.47329166699,1695614400000,0.000256772372703797,0.0004621428103509957,0.004560719171272558
SOLUSDT,1695632399999,SHORT,15803.34891666697,-29703.422749999754,1695632400000,0.0013382059745769871,-0.002773641924027842,0.0005144826990059624
SOLUSDT,1695650399999,LONG,-22903.671833333017,46601.10487500035,1695650400000,-0.005992488930397386,-0.0007662639898826061,-0.011556072207802345
SOLUSDT,1695754799999,SHORT,55962.91450000015,-8648.560791666503,1695754800000,-0.00458716400690614,0.01066270574404018,0.009448889197932396
SOLUSDT,1695758399999,LONG,-8648.560791666503,49179.39645833351,1695758400000,-0.0033863899615179274,-0.011034811132306819,-0.015092253136601263
SOLUSDT,1695765599999,SHORT,32925.42620833358,-248902.05145833318,1695765600000,0.002689520408303445,-0.00415189139323612,-0.009487190166951744
SOLUSDT,1695815999999,LONG,-118622.69225000008,68320.09583333328,1695816000000,-0.0032023166666644664,-0.023901362180204368,-0.014125702263648695
SOLUSDT,1695826799999,SHORT,57142.885208333224,-103805.91024999972,1695826800000,-0.004658557922135054,-0.002808320828335921,-0.02188546769545653
SOLUSDT,1695851999999,LONG,-193967.17962499976,55302.227666667044,1695852000000,0.004419431615698773,0.01735446827335655,0.011794134878746313
SOLUSDT,1695895199999,SHORT,96998.32875000034,-40437.42837499963,1695895200000,-0.0028619767161009715,-0.0027060799194642787,-0.026533847880674193
SOLUSDT,1695898799999,LONG,-40437.42837499963,42738.792166667095,1695898800000,-0.004478707621854182,0.010235821377979197,0.03009593028384114
SOLUSDT,1695902399999,SHORT,42738.792166667095,-147269.52233333292,1695902400000,-0.00041747117446077427,-0.022450817808595286,-0.040356308570020906
SOLUSDT,1695913199999,LONG,-123908.02412499957,199032.1837500001,1695913200000,0.007736288808761826,0.0052835538029552985,0.034873151730523286
SOLUSDT,1696003199999,SHORT,136695.14083333322,-35507.83091666681,1696003200000,0.007210263841125953,0.004339685279990928,0.005477032417057191
SOLUSDT,1696013999999,LONG,-63427.381958333695,33168.262708332855,1696014000000,-0.0005928853928611515,0.000641896084254659,-0.0007905919969057922
SOLUSDT,1696017599999,SHORT,33168.262708332855,-32856.53320833381,1696017600000,-0.0006916654591242472,-0.0012841410368387355,-0.0034535531883330205
SOLUSDT,1696024799999,LONG,-13972.15754166719,4911.362708332793,1696024800000,0.002817529853822159,0.0009895112622149253,0.0032123381301835782
SOLUSDT,1696028399999,SHORT,4911.362708332793,-50624.808541667335,1696028400000,-4.935955972283292e-05,0.00024683435072129194,-0.0013811475583777148
SOLUSDT,1696078799999,LONG,-88751.98541666695,102768.19433333301,1696078800000,0.014092584133105069,0.04771197690656446,0.039025610235873844
SOLUSDT,1696262399999,SHORT,173923.12691666535,-89996.92520833427,1696262400000,-0.0007898402023554548,0.00944309862556333,0.016816986456878198
SOLUSDT,1696265999999,LONG,-89996.92520833427,405533.8245833319,1696266000000,-0.0002493661955485225,-0.026486316392759918,-0.01663527498636703
SOLUSDT,1696273199999,SHORT,358554.2682499986,-307795.8307083349,1696273200000,-0.02400540125109385,-0.00304845559279779,-0.032366653975777246
SOLUSDT,1696276799999,LONG,-307795.8307083349,26848.355208331875,1696276800000,-0.016085002878154325,-0.019033659957867124,-0.00020997375405245914
SOLUSDT,1696280399999,SHORT,26848.355208331875,-282637.2545833347,1696280400000,0.01154494486451502,-0.0002986539263191507,-0.02498918561324558
SOLUSDT,1696341599999,LONG,-65194.920083333425,329433.37529166695,1696341600000,-0.013628760483056732,-0.008719243652757816,-0.05514439725255171
SOLUSDT,1696384799999,SHORT,92323.64620833316,-222716.4374166668,1696384800000,-0.013130803727983809,-0.003038856256512523,-0.0028654558745973297
SOLUSDT,1696409999999,LONG,-226345.08279166743,71281.7323333326,1696410000000,0.01118229281015976,0.00029811971856831223,-0.0198315922341245
SOLUSDT,1696427999999,SHORT,199575.66508333277,-419372.9122083341,1696428000000,0.006786175338342804,0.0025611543529149875,-0.014547276122242788
SOLUSDT,1696445999999,LONG,-259520.7883333345,85341.51866666523,1696446000000,-0.0004799825553041781,0.011364744509884813,0.003961953067727518
SOLUSDT,1696496399999,SHORT,261054.60420833304,-5840.715625000419,1696496400000,-0.006293833307236237,-0.010180519837615606,0.005939400812293511
SOLUSDT,1696503599999,LONG,-89075.86845833366,83013.63908333308,1696503600000,-0.0017651495273055154,-0.001506640262617249,-0.021478152710402328
SOLUSDT,1696510799999,SHORT,74.25941666642514,-37466.532500000125,1696510800000,-0.004301081899390702,0.014413725270539407,0.01222965066800786
SOLUSDT,1696514399999,LONG,-37466.532500000125,282636.0529999993,1696514400000,-0.003740894006345049,-0.02666128735693121,-0.008620743043906975
SOLUSDT,1696532399999,SHORT,25135.444375000505,-66716.85666666592,1696532400000,-0.0062524971427380446,-0.00502270078254267,-0.022449298448554502
SOLUSDT,1696539599999,LONG,-2893.0582499992256,97774.63495833403,1696539600000,-0.0049621355522891045,0.0038909704367813096,0.020807894517057342
SOLUSDT,1696553999999,SHORT,50615.6838750008,-106048.63954166579,1696554000000,-0.007953624300415496,-0.009121772917902456,0.005644911609183313
SOLUSDT,1696557599999,LONG,-106048.63954166579,74219.32779166747,1696557600000,0.0016868880922237838,-0.0038602550593110916,-0.008521049731933985
SOLUSDT,1696701599999,SHORT,16579.059208333725,-208833.2308749998,1696701600000,0.0011618151439180561,-0.002105037830265251,-0.0047622202105788184
SOLUSDT,1696931999999,LONG,-228986.0655833328,210532.65654166674,1696932000000,-0.00575825964642502,-0.005217012057549952,-0.011822175413013922
SOLUSDT,1696946399999,SHORT,39182.253458333165,-149622.11141666697,1696946400000,0.003613863082924029,0.019855836990637876,-0.0027917885568005973
SOLUSDT,1696967999999,LONG,-42399.5637500004,13681.962124999729,1696968000000,-0.001045383364524536,0.004261112521777601,-0.0007725692856261241
SOLUSDT,1696971599999,SHORT,13681.962124999729,-40885.162208333575,1696971600000,-0.001862747863758137,-0.011529459691335491,-0.009053932377832904
SOLUSDT,1696985999999,LONG,-57600.00845833359,32009.359791666386,1696986000000,-0.00022480498262512794,0.00035958288772924406,-0.004596051888042505
SOLUSDT,1696993199999,SHORT,5802.899374999765,-137515.59208333332,1696993200000,0.005539677246276709,0.0004529190711057743,-0.005734297234573643
SOLUSDT,1697000399999,LONG,-97314.69916666667,132313.30637500001,1697000400000,-0.006763790046456221,-0.002790155268544096,-0.019513256980139785
SOLUSDT,1697003999999,SHORT,132313.30637500001,-188.16404166662446,1697004000000,0.0013581422704229925,-0.011022989708170228,0.014307438664586912
SOLUSDT,1697014799999,LONG,-62407.24074999988,3365.291333333589,1697014800000,0.007094776055445318,-0.002210543836565201,-0.0186028606203455
SOLUSDT,1697043599999,SHORT,86949.62370833343,-4050.9422499994594,1697043600000,0.0015133105403342868,0.0018805188433680794,0.005698282961609305
SOLUSDT,1697047199999,LONG,-4050.9422499994594,76118.44062500067,1697047200000,0.004625079795943344,0.002704376777154559,-4.589998394299015e-05
SOLUSDT,1697050799999,SHORT,76118.44062500067,-33842.80662499935,1697050800000,-0.00022842001972359305,-0.002281855681602428,0.007383153250389062
SOLUSDT,1697061599999,LONG,-20290.07391666621,18285.86466666707,1697061600000,0.004156870522199176,-0.011880233664955034,-0.027237503302426358
SOLUSDT,1697065199999,SHORT,18285.86466666707,-59474.34916666624,1697065200000,-0.0028224173149663206,0.007366600081392177,0.028155247204502805
SOLUSDT,1697201999999,LONG,-51444.684875000115,9730.184041666798,1697202000000,-0.0013920469975632053,0,0.015414297420549103
SOLUSDT,1697209199999,SHORT,91676.58291666675,-8101.97045833307,1697209200000,-0.0007944111261498936,-0.007266322902428105,-0.025614617748939462
SOLUSDT,1697216399999,LONG,-32368.494666666415,272014.20529166673,1697216400000,-0.0001391110804219222,0.017329384965457818,0.020014439028159803
SOLUSDT,1697317199999,SHORT,286800.4029166664,-92745.14870833373,1697317200000,0.0005926736593280768,0.0031497526782190526,-0.0002734232609087562
SOLUSDT,1697324399999,LONG,-83664.09516666709,7009.984624999575,1697324400000,-0.0013183318195323624,-0.0003180589344576838,-0.0025928551838316598
SOLUSDT,1697327999999,SHORT,7009.984624999575,-23883.42212500035,1697328000000,0.005016656665114861,0.0026876226176804382,0.005702700278658294
SOLUSDT,1697335199999,LONG,-74711.46600000041,20765.77220833294,1697335200000,-0.0028588951471297318,-0.00764195858772933,-0.015618895398625317
SOLUSDT,1697338799999,SHORT,20765.77220833294,-27168.007625000395,1697338800000,0.003733386234026552,0.002457003693052103,0.014326171284240508
SOLUSDT,1697374799999,LONG,-17935.16366666691,15188.994833333147,1697374800000,-0.0027119595578463155,0.0006424376138726057,0.009366144997264264
SOLUSDT,1697378399999,SHORT,15188.994833333147,-151512.4757500001,1697378400000,0.0015201421726416143,-0.007794629101905885,-0.018063712437429637
SOLUSDT,1697403599999,LONG,-41941.04387500021,44544.60524999975,1697403600000,-0.005680671505644356,-0.0034954753342738183,0.029514364650943255
SOLUSDT,1697410799999,SHORT,38298.3357083331,-48821.97316666689,1697410800000,-0.003519279666926305,-0.008979298691311085,-0.050574204348938195
SOLUSDT,1697417999999,LONG,-61109.968583333575,7576.465374999719,1697418000000,0.005894104840174682,0.006526787435393631,0.061333216835916415
SOLUSDT,1697421599999,SHORT,7576.465374999719,-65411.83079166691,1697421600000,0.0037139405885488423,-0.026058943763552778,-0.05188534332345103
SOLUSDT,1697428799999,LONG,-31231.194000000174,22842.849958333187,1697428800000,0.0019445141451633226,0.03189579957142989,0.046779228493301905
SOLUSDT,1697432399999,SHORT,22842.849958333187,-19971.631500000094,1697432400000,-0.025381054233582362,-0.026437578367782565,-0.046690442822343005
SOLUSDT,1697435999999,LONG,-19971.631500000094,467241.09829166677,1697436000000,-0.0049452591068554035,0.006453759641073842,0.03535251871571965
SOLUSDT,1697551199999,SHORT,444062.5746249996,-35341.825625000056,1697551200000,-0.0033312982799066767,-0.01463369160888732,-0.009291441841666673
SOLUSDT,1697554799999,LONG,-35341.825625000056,56722.20075000031,1697554800000,0.005457841332697409,0.001892625635926932,0.008885221908276378
SOLUSDT,1697569199999,SHORT,307655.21541666705,-146735.72320833275,1697569200000,-0.01513758810939657,-0.007284634072459735,-0.010449852657740686
SOLUSDT,1697572799999,LONG,-146735.72320833275,301465.86737500055,1697572800000,-0.002859690698655947,-0.009689635623035089,-0.01157189070139179
SOLUSDT,1697666399999,SHORT,36733.294208333595,-32652.713041666353,1697666400000,-0.004880024961217888,0.007900790602197286,-0.01808459024384967
SOLUSDT,1697716799999,LONG,-126489.70083333335,329402.896,1697716800000,-0.005166047899506451,0.019997401607114565,0.026481646723173644
SOLUSDT,1697975999999,SHORT,307199.22287500306,-945161.2009999988,1697976000000,-0.008297052238536723,-0.0032426364236788504,-0.02458411377471047
SOLUSDT,1698004799999,LONG,-204499.95574999973,94421.54612500034,1698004800000,0.008782796463083817,0.012164208835495509,0.0484580375597165
SOLUSDT,1698008399999,SHORT,94421.54612500034,-123304.1270416663,1698008400000,0.0033235273798393416,-0.010075911857957164,-0.04520734630269695
SOLUSDT,1698026399999,LONG,-169823.62091666614,179069.60429166755,1698026400000,0.000634973703346467,0.028312017081922693,-0.02666192245437689
SOLUSDT,1698029999999,SHORT,179069.60429166755,-100106.2191249989,1698030000000,-0.023605856677768846,-0.01987926611417151,0.023765971597424537
SOLUSDT,1698033599999,LONG,-100106.2191249989,300452.32945833355,1698033600000,0.013128014671374928,-0.01790935410721175,-0.05644467901968319
SOLUSDT,1698069599999,SHORT,70402.90341666744,-419940.4889999994,1698069600000,-0.003530000067037092,-0.006979398135526339,-0.08051004737066739
SOLUSDT,1698073199999,LONG,-419940.4889999994,104336.49483333372,1698073200000,-0.009072850744489984,0.015581027711083535,0.09144616327996999
SOLUSDT,1698076799999,SHORT,104336.49483333372,-123374.99037499943,1698076800000,-0.020637605485721126,-0.03143470336289514,-0.0800480189262219
SOLUSDT,1698080399999,LONG,-123374.99037499943,45329.481250000805,1698080400000,-0.007946252081149411,0.008521008733414126,0.06117162153668306
SOLUSDT,1698083999999,SHORT,45329.481250000805,-360641.31824999955,1698084000000,-0.012131629642594318,-0.022052279428829095,-0.05856284199354461
SOLUSDT,1698101999999,LONG,-207912.02733333255,392720.1702916669,1698102000000,-0.016631042798861156,-0.01265800414599298,-0.022604588401540168
SOLUSDT,1698119999999,SHORT,253409.02362499884,-232006.58725000048,1698120000000,-0.0015921035045896826,0.004567457674480665,0.015608757012827266
SOLUSDT,1698134399999,LONG,-347885.7726250002,247881.93187499978,1698134400000,0.007876190649797854,0.01890019792915708,-0.02400776215861435
SOLUSDT,1698181199999,SHORT,27023.975708332535,-266891.5061666677,1698181200000,-0.008089991125085502,-0.020931836041035642,-0.036300149210768996
SOLUSDT,1698249599999,LONG,-73823.53866666432,235412.01941666938,1698249600000,-0.030139892606955935,-0.0184140537916954,-0.01878032062117236
SOLUSDT,1698285599999,SHORT,211707.17175000222,-35796.51229166519,1698285600000,-0.007784544439036302,0.001241233945743713,0.008283297135739887
SOLUSDT,1698289199999,LONG,-35796.51229166519,201673.56545833466,1698289200000,0.007968902317271848,0.008029956105678599,-0.025083494279771454
SOLUSDT,1698310799999,SHORT,121409.73404166817,-109674.01516666512,1698310800000,0.011256805431145923,0.006062311721757879,0.0008946613995079275
SOLUSDT,1698404399999,LONG,-251113.68829166688,35900.43591666641,1698404400000,-0.0044094752525212656,-0.019561280273123583,-0.0356108717857939
SOLUSDT,1698418799999,SHORT,54301.823041666146,-127931.26466666674,1698418800000,-0.003266197786621324,0.013835731852650024,-0.008006497586724505
SOLUSDT,1698425999999,LONG,-14700.038541666698,96607.28462499985,1698426000000,-0.0016315776579188253,0.006780110646245067,0.010509834619278628
SOLUSDT,1698429599999,SHORT,96607.28462499985,-303622.93470833375,1698429600000,0.006110062786924626,-0.004792566613439248,-0.013628140380414258
SOLUSDT,1698609599999,LONG,-43340.70941666685,25461.201458333137,1698609600000,-0.005836237612815495,-0.005104842443988808,-0.014470442074122729
SOLUSDT,1698616799999,SHORT,39719.280583333224,-64919.33312499997,1698616800000,-0.011599641660374287,-0.008925355741497236,-0.06570839229750851
SOLUSDT,1698620399999,LONG,-64919.33312499997,120144.47016666667,1698620400000,-0.0038007251919073585,0.0011525630635910967,0.05295650336869912
SOLUSDT,1698645599999,SHORT,148077.25091666658,-177315.9054166669,1698645600000,-0.0017860446947748296,-0.06955366351251899,-0.07345610748945068
SOLUSDT,1698656399999,LONG,-427969.48629166675,310970.65729166666,1698656400000,0.02789983752879889,0.02735342871514667,0.027468486963511885
SOLUSDT,1698919199999,SHORT,445041.26862499927,-76307.76116666694,1698919200000,0.008826874240735796,0.006122139308596721,0.07282386282799291
SOLUSDT,1698926399999,LONG,-11245.116208333522,366735.369666667,1698926400000,-0.018993664411712356,-0.1041010129948118,-0.09887009387849158
SOLUSDT,1698933599999,SHORT,96944.34604166697,-259387.94583333284,1698933600000,0.02501299173729545,0.07470662936752283,0.1134607498969383
SOLUSDT,1699063199999,LONG,-128401.81629166783,325423.47349999874,1699063200000,0.002725337398669001,0.009604656380979244,0.03517430015737998
SOLUSDT,1699109999999,SHORT,73016.78245833144,-261327.69079166837,1699110000000,0.002032914543300925,-0.008546134658771904,-0.03127411639873032
SOLUSDT,1699412399999,LONG,-297385.1015416638,187645.32912500264,1699412400000,0.007660035372111542,0.01033069426348282,-0.005801304668841507
SOLUSDT,1699451999999,SHORT,667.3087916697065,-108373.88299999696,1699452000000,0.012146415459643935,0.013479172241788283,0.004650686895585412
SOLUSDT,1699541999999,LONG,-149287.04704166608,502068.78741666704,1699542000000,-0.04571828055509901,-0.1040931100725827,-0.04095053748591838
SOLUSDT,1699545599999,SHORT,502068.78741666704,-252774.85500000013,1699545600000,0.024252460607074526,0.04477571451329247,-0.020646087083851287
SOLUSDT,1699646399999,LONG,-34732.06233333641,89190.5222499976,1699646400000,0.009382830311626544,0.046569585906854685,0.003690041087453742
SOLUSDT,1699685999999,SHORT,98349.27137499861,-20401.80895833485,1699686000000,0.02086731146528944,0.004247442109225888,-0.055786745785082005
SOLUSDT,1699711199999,LONG,-1.089866031875e+06,177768.58687499972,1699711200000,0.03927352407923008,-0.011316681347078071,-0.05562295930958041
SOLUSDT,1699718399999,SHORT,89525.4239583357,-509880.09866666235,1699718400000,-0.005657584951919653,0.006877855167186573,0.06018402953032864
SOLUSDT,1700049599999,LONG,-1.1359788372916712e+06,594427.548749996,1700049600000,0.0033097668246351818,-0.008778624561332882,0.038340570564644544
SOLUSDT,1700056799999,SHORT,732955.881624997,-80716.1062916688,1700056800000,-0.002738447884746849,0.004996816645190763,-0.052842244159744756
SOLUSDT,1700063999999,LONG,-258796.43383333427,374535.5743333322,1700064000000,-0.0071948533347113595,0.045362087941124944,0.053358657775123136
SOLUSDT,1700135999999,SHORT,543778.7567916624,-800624.3115000041,1700136000000,-0.003505358993438887,0.038629705624292035,0.10233911685082461
SOLUSDT,1700377199999,LONG,-845318.3944999982,33395.71745833475,1700377200000,0.0019703461102087206,-0.0034865802117545444,0.009222129023072538
SOLUSDT,1700380799999,SHORT,33395.71745833475,-149629.9305833314,1700380800000,-0.011479256402302176,0.009656611484034974,-0.01214945936810825
SOLUSDT,1700675999999,LONG,-279950.7459583329,31507.808624999598,1700676000000,0.019309907146461865,0.04629883918081453,0.04831721222984791
SOLUSDT,1700701199999,SHORT,510579.7064999994,-88736.76175000022,1700701200000,-0.016484506223288786,-0.01004389623445883,-0.004757448984164305
SOLUSDT,1700704799999,LONG,-88736.76175000022,147772.66891666656,1700704800000,-0.006819867532304325,-0.006613042298888621,-0.01264574773340057
SOLUSDT,1700711999999,SHORT,36236.97183333337,-223821.3527083335,1700712000000,-0.0065690764690176946,-0.0028749586826783942,0.017796212334912943
SOLUSDT,1700996399999,LONG,-223620.186333333,27579.098958333954,1700996400000,-0.0007082948530128002,-0.015489075953484359,-0.0008811258247532214
SOLUSDT,1701003599999,SHORT,23741.9488750007,-259315.2917083325,1701003600000,0.004848306123064687,0.023369455233391814,0.006977937359152632
SOLUSDT,1701190799999,LONG,-75207.39329166601,236245.6197500016,1701190800000,0.013702408473931492,0.02173209954796408,0.018428518237524744
SOLUSDT,1701212399999,SHORT,188802.72804166796,-84607.83754166542,1701212400000,-0.005826196368198671,-0.007543436156193141,-0.0415650842522876
SOLUSDT,1701226799999,LONG,-4562.663333332166,52338.48654166795,1701226800000,0.0041775875299548335,0.020177657677194878,0.030914624055076858
SOLUSDT,1701277199999,SHORT,67947.61937500087,-755685.9340833334,1701277200000,-0.008302282582455437,0.0012639563511255252,-0.015425673332426853
SOLUSDT,1701313199999,LONG,-137930.27195833265,37645.22595833382,1701313200000,0.006711100123047257,0.003942415965385478,-0.00591777052974984
SOLUSDT,1701327599999,SHORT,167781.87662500018,-63312.22149999937,1701327600000,0.004092298559571171,0.008636697732591432,0.015458533816196567
SOLUSDT,1701478799999,LONG,-352746.9664999998,121344.06808333378,1701478800000,0.00639477345672287,0.018850932341836144,0.034450963895978695
SOLUSDT,1701583199999,SHORT,509662.00079166674,-110962.84541666694,1701583200000,0.005030238841667781,0.008827453553187434,0.025024577804089457
SOLUSDT,1701853199999,LONG,-35958.02820833152,702181.9772083362,1701853200000,-0.01116989989111814,-0.041922908011015815,-0.03680716321854299
SOLUSDT,1701860399999,SHORT,231738.01300000338,-234686.27670833003,1701860400000,0.013234583680083272,0.014869517654850228,0.018259000781805177
SOLUSDT,1701993599999,LONG,-444066.3762499988,202476.96341666766,1701993600000,0.013069208626879986,0.05360527747246844,0.07399946503770827
SOLUSDT,1701997199999,SHORT,202476.96341666766,-136376.56933333227,1701997200000,0.0002038053374937467,-0.04371736221367676,-0.06393790412205463
SOLUSDT,1702000799999,LONG,-136376.56933333227,74273.84262500145,1702000800000,0.013405937617246361,0.03631252640864191,0.05696103892565932
SOLUSDT,1702094399999,SHORT,47610.138624999054,-769905.6333333332,1702094400000,-0.00022903180274037258,-0.03660437361044069,-0.018621766304259785
SOLUSDT,1702598399999,LONG,-118020.86991666646,16166.925791667309,1702598400000,-0.01480188472641548,-0.017256729580305507,0.0442973546402734
SOLUSDT,1702601999999,SHORT,16166.925791667309,-25961.629458332278,1702602000000,-0.007447978903680276,-0.0007633639272787038,-0.03038793044395106
SOLUSDT,1702609199999,LONG,-1852.073958332495,185097.97062500054,1702609200000,-0.01116568970801592,-0.0024734713001664044,0.016256879081292062
SOLUSDT,1702619999999,SHORT,226285.57166666692,-4948.262541666937,1702620000000,-0.0031338582074239337,-0.04793116418342323,-0.0032669962717931118
SOLUSDT,1702623599999,LONG,-4948.262541666937,203968.1693750002,1702623600000,0.020478801221551747,0.04587650113981532,0.01861175276917854
SOLUSDT,1702681199999,SHORT,848562.2756666705,-448626.41345833027,1702681200000,0.030006188358202915,0.00947466753492428,0.006171865241632496
SOLUSDT,1702983599999,LONG,-238849.58237500084,11995.352999999188,1702983600000,-0.005328858494312892,-0.025538124780237804,-0.029851752240112456
SOLUSDT,1702987199999,SHORT,11995.352999999188,-147405.50520833395,1702987200000,0.0011388988750056044,0.012789673201748649,0.022151519088368016
SOLUSDT,1702990799999,LONG,-147405.50520833395,18874.214624999713,1702990800000,0.0024503416626651398,-0.014747856634555653,-0.00903630747289409
SOLUSDT,1702994399999,SHORT,18874.214624999713,-134743.31208333373,1702994400000,0.02153411542685551,0.036859611074844006,0.013450129051662143
SOLUSDT,1703066399999,LONG,-387138.28504166566,765923.6857500015,1703066400000,-0.0013333506251080763,0.015875669461630142,0.025313964336206658
SOLUSDT,1703264399999,SHORT,531226.6702499973,-308806.4035000031,1703264400000,-0.013374663229249135,-0.02553660882628307,-0.006139054105616284
SOLUSDT,1703357999999,LONG,-823817.8942083329,1.0340227668333318e+06,1703358000000,-7.768423305284392e-05,0.05548849251802179,0.09222908541375444
SOLUSDT,1703451599999,SHORT,695012.4632083358,-216055.63979166435,1703451600000,-0.012007286516230327,0.025909565379204115,0.010980797771334838
SOLUSDT,1703455199999,LONG,-216055.63979166435,148343.9664583349,1703455200000,-0.01266731767747229,-0.033535304367194894,-0.02436829015554633
SOLUSDT,1703458799999,SHORT,148343.9664583349,-4.218993774083332e+06,1703458800000,-0.00420172425699553,0.012323728279185348,0.006156343545831557
SOLUSDT,1703861999999,LONG,-685005.639541667,198575.14820833257,1703862000000,-0.03016349322701432,-0.03472774788462133,-0.041141467628712104
SOLUSDT,1703865599999,SHORT,198575.14820833257,-1.2478334520000021e+06,1703865600000,0.020180772399958236,0.0014152414404923557,0.023090383871304465
SOLUSDT,1704153599999,LONG,-512435.6358750003,27624.433499999344,1704153600000,0.005915917254203163,0.013214858421650013,0.036218031095646204
SOLUSDT,1704157199999,SHORT,27624.433499999344,-30675.769291667268,1704157200000,-0.005458587838966742,-0.016464889927462395,-0.022179165878355934
SOLUSDT,1704171599999,LONG,-16967.27600000116,265002.3716666649,1704171600000,0.0016246236089795904,0.01792806541639717,-0.020764973810367852
SOLUSDT,1704185999999,SHORT,202131.0218333307,-385695.92475000303,1704186000000,-0.012272753187356576,0.012222042669875543,0.06724281732423398
SOLUSDT,1705247999999,LONG,-345752.9264999991,11119.68279166799,1705248000000,0.020743753236946202,-0.03373144090058975,-0.0366665276775778
SOLUSDT,1705262399999,SHORT,94195.38345833558,-758043.4407499979,1705262400000,-0.0015784503313610132,0.025162994765063548,0.006161050705570547
SOLUSDT,1706093999999,LONG,-37934.41595833283,555463.3452083342,1706094000000,-0.007691422537853883,-0.02165892067907202,-0.0037526064168687577
SOLUSDT,1706108399999,SHORT,184207.59595833192,-69690.98854166798,1706108400000,-0.012026881327862442,-0.0024053696633657435,-0.022933461300464017
SOLUSDT,1706119199999,LONG,-55014.70425000073,54238.89583333271,1706119200000,-0.011573762540059917,-0.0071384465056039785,-0.00029833278095304784
SOLUSDT,1706173199999,SHORT,168547.8942083319,-157212.6259583356,1706173200000,0.006075429292446041,0.006603479079146818,0.007246698875737112
SOLUSDT,1706176799999,LONG,-157212.6259583356,26725.156958331354,1706176800000,0.009752943782334895,-0.0001721575360474417,-0.00025250786351831785
SOLUSDT,1706180399999,SHORT,26725.156958331354,-177722.50166666848,1706180400000,-0.011356631709776766,-0.0008973959083485462,0.008388018436125478
SOLUSDT,1706183999999,LONG,-177722.50166666848,106191.76195833118,1706184000000,-0.021660594594200163,-0.02971915758122914,-0.02400574672432798
SOLUSDT,1706187599999,SHORT,106191.76195833118,-166773.00991666908,1706187600000,-0.00036736849769109626,0.01514452995479017,0.0015283231068406334
SOLUSDT,1706191199999,LONG,-166773.00991666908,257523.19841666488,1706191200000,0.010856704788704348,-0.011811774619222044,-0.008761771964908604
SOLUSDT,1706198399999,SHORT,329935.92695833155,-171201.44475000197,1706198400000,0.007097542180600473,-0.015756314849244845,-0.01778242734276003
SOLUSDT,1706209199999,LONG,-301433.2051666677,182689.6389166657,1706209200000,0.012785918365582682,0.007003772009507295,0.007141285761099205
SOLUSDT,1706216399999,SHORT,256349.93566666605,-83907.13695833397,1706216400000,-0.0009417277954400839,0.000873613481620888,-0.00814752358614161
SOLUSDT,1706266799999,LONG,-498675.05979166646,262365.08099999995,1706266800000,0.015626260314584292,0.017007138098009994,0.019578963394470905
SOLUSDT,1706356799999,SHORT,113407.2669999989,-200004.8220833335,1706356800000,-0.0004238646739654419,-0.008572687178907997,-0.02413275109041206
SOLUSDT,1706360399999,LONG,-200004.8220833335,111138.6840000002,1706360400000,0.0009123196357919102,0.0034818863377254713,0.018495521313283955
SOLUSDT,1706367599999,SHORT,120551.77804166714,-273790.92224999936,1706367600000,-0.0019850908979546647,-0.0025669247684792147,-0.01820284718165824
SOLUSDT,1706399999999,LONG,-293830.8676666667,70307.43095833312,1706400000000,-0.005191887653313251,0.024859018800217365,0.04303481020287181
SOLUSDT,1706403599999,SHORT,70307.43095833312,-273742.8349583338,1706403600000,-0.0017478422865929038,-0.03386350569586572,-0.04329535939373892
SOLUSDT,1706414399999,LONG,-150349.9771250002,908740.2238333327,1706414400000,0.0038122834610654836,-0.009192502807435577,0.004585363812304937
SOLUSDT,1706471999999,SHORT,356070.8255416633,-138991.97145833634,1706472000000,-0.008926607588911397,-0.015608740819683553,-0.023550192597626404
SOLUSDT,1706572799999,LONG,-134315.97170833437,22539.930333332468,1706572800000,-0.006070225766701014,0.0042616350989497604,0.04231111372552876
SOLUSDT,1706587199999,SHORT,18385.018583331257,-721922.3854583353,1706587200000,-0.0009695854557862985,-0.008070738014795633,-0.026493920983607352
SOLUSDT,1706601599999,LONG,-154621.97583333528,70523.08374999806,1706601600000,0.004635339609522409,0.029988460437798604,0.022432679568890748
SOLUSDT,1706630399999,SHORT,602763.822458333,-596878.9872083341,1706630400000,0.0034126300308257745,-0.004057032506809554,0.03593724619452209
SOLUSDT,1706871599999,LONG,-356834.0480000023,137591.79295833097,1706871600000,-0.00024518577849181727,-0.027004895923756447,-0.016601707229243725
SOLUSDT,1706878799999,SHORT,318914.39712499763,-59074.31583333574,1706878800000,0.025362067774088438,0.013485001675776105,0.01343501642141585
SOLUSDT,1707256799999,LONG,-221521.339041668,51748.428041665196,1707256800000,0.004639186229254063,0.0012570711900511137,-0.012616631011331814
SOLUSDT,1707267599999,SHORT,64956.31670833193,-61445.63820833495,1707267600000,-0.00100965360976997,0.01568716655943836,0.015352158181095876
SOLUSDT,1707271199999,LONG,-61445.63820833495,2405.0699583319947,1707271200000,-0.0077112701479766605,-0.012506444644571752,-0.018404439279473078
SOLUSDT,1707274799999,SHORT,2405.0699583319947,-347765.64354166825,1707274800000,0.00933051675161625,0.0049828201358612404,0.008754615581279103
SOLUSDT,1707285599999,LONG,-258154.7162916682,231097.91945833186,1707285600000,-0.0001772689121895044,-0.0013981492454047814,0.015436812008965113
SOLUSDT,1707296399999,SHORT,26958.941041665308,-149037.63204166805,1707296400000,-0.00526578724684125,-0.0027776776573583658,-0.030810144629003694
SOLUSDT,1707299999999,LONG,-149037.63204166805,260458.70749999877,1707300000000,-0.007935426434328225,-0.004499845389496499,0.04931010252421205
SOLUSDT,1707371999999,SHORT,151851.7574583337,-313984.8502083332,1707372000000,0.005435145718881367,-0.00448225828373951,-0.010870366031046
SOLUSDT,1707458399999,LONG,-261015.09754166674,136339.47816666667,1707458400000,-0.003204244547363422,0.0015697619564187055,0.0023204735046438887
SOLUSDT,1707487199999,SHORT,693194.8896666683,-412882.4732916655,1707487200000,0.009402747757914423,0.005853287155376693,-0.02702753914649176
SOLUSDT,1707515999999,LONG,-552484.7380416659,790325.6899583335,1707516000000,-0.009548967976636452,-0.0010565047216287613,0.0008627494707000285
SOLUSDT,1707555599999,SHORT,324510.5206666654,-174595.5130833347,1707555600000,-0.007264790506061922,0.003749674561283008,-0.009848581868557152
SOLUSDT,1707559199999,LONG,-174595.5130833347,23233.121249998298,1707559200000,-0.014871227642757985,-0.008790657852176826,0.0073671554816159765
SOLUSDT,1707562799999,SHORT,23233.121249998298,-836800.933541668,1707562800000,-0.0069223693614407795,-0.007828191641902505,-0.01795797887443532
SOLUSDT,1707577199999,LONG,-89823.85762500174,609045.9267083323,1707577200000,0.002150349914242287,0.00848218960581716,-0.0018865138390718565
SOLUSDT,1707602399999,SHORT,1.0287154866666654e+06,-136310.37437500028,1707602400000,0.004261985853353997,0.01470594501443739,-0.0016197135374792341
SOLUSDT,1707649199999,LONG,-151433.40474999943,286987.3200833332,1707649200000,0.003259726129539006,0.001681409855887423,-0.01684122182051971
SOLUSDT,1707652799999,SHORT,286987.3200833332,-146493.93504166664,1707652800000,0.0007660389777731417,0.008100397138852024,0.02050097586431697
SOLUSDT,1707825599999,LONG,-150165.91833333267,263922.78204166796,1707825600000,-0.00503956325193486,-0.03380914773268508,-0.014528869526809134
SOLUSDT,1707832799999,SHORT,66583.12216666806,-728024.4949999998,1707832800000,0.019976448488094812,0.01736109451501272,0.007335608647858846
SOLUSDT,1707922799999,LONG,-307608.2817916668,1.407282550666664e+06,1707922800000,-0.008408560181103053,-0.01944301265954753,-0.010496100722230305
SOLUSDT,1707937199999,SHORT,90534.52058333189,-574754.6060833338,1707937200000,-0.004216704891967507,-0.012545944634452525,0.005797821048198791
SOLUSDT,1707958799999,LONG,-112790.18025000021,515030.7089166666,1707958800000,-0.012487642830565712,-0.014316306999113617,-0.016820040244246826
SOLUSDT,1707962399999,SHORT,515030.7089166666,-1854.8277083343517,1707962400000,-0.0016114105040007634,0.009541489636999623,0.004014084751735384
SOLUSDT,1708268399999,LONG,-487104.0425833349,338897.0412916662,1708268400000,0.0020033574055373627,0.011881117349673684,-8.913132615492845e-05
SOLUSDT,1708282799999,SHORT,24405.511958333354,-125703.94816666639,1708282800000,0.006255210967175244,0.0059273435644480975,0.008890913372020843
SOLUSDT,1708628399999,LONG,-391988.90129166626,303999.2174583335,1708628400000,-0.010890688488438296,-0.016783503071477926,-0.017162061157971115
SOLUSDT,1708639199999,SHORT,449068.8934166667,-227327.20620833276,1708639200000,0.006249718015512659,0.015355313465653294,0.012148176799282115
SOLUSDT,1708793999999,LONG,-553202.2905000001,434749.590875001,1708794000000,0.008943874613072693,0.014558269106696248,0.00672023350114513
SOLUSDT,1708855199999,SHORT,208594.07337500094,-230790.65562499905,1708855200000,-0.00035119553171990004,-0.002183215455729828,-0.01022185174709385
SOLUSDT,1708862399999,LONG,-108952.00387499917,55970.40775000071,1708862400000,0.002058472990893738,-0.0003110813016619488,0.006645636997799972
SOLUSDT,1708876799999,SHORT,225977.46891666684,-301672.7097500002,1708876800000,0.000807318433685849,-0.006087354618881022,-0.00714015405160405
SOLUSDT,1708984799999,LONG,-328806.1689999991,63688.81058333426,1708984800000,0.0071630533499641505,0.01643324465228159,0.02188441809651041
SOLUSDT,1709009999999,SHORT,440907.5733750009,-176936.26687499913,1709010000000,-0.00861490047361055,-0.015466375422712309,0.02282529003467773
SOLUSDT,1709017199999,LONG,-5583.021916665447,25743.547041667625,1709017200000,-0.008014575438213907,0.004953232184581443,-0.03725798285780924
SOLUSDT,1709020799999,SHORT,25743.547041667625,-197332.53954166546,1709020800000,-0.006127099691059989,-0.010606119103658959,0.01813042013168297
SOLUSDT,1709027999999,LONG,-126547.89041666563,1.0052100145000009e+06,1709028000000,0.003992914757307317,-0.009980113759109973,-0.021957178116787535
SOLUSDT,1709045999999,SHORT,473482.17250000127,-364694.5936666659,1709046000000,0.022370352067073735,0.0185417919698609,0.010771139157417146
SOLUSDT,1709823599999,LONG,-519433.6495833316,520331.5108333348,1709823600000,-0.015165806790179037,0.0051991494483472666,-0.0213949444508906
SOLUSDT,1709841599999,SHORT,366356.919833336,-21231.734541664522,1709841600000,0.014413749937662118,0.03356977677067998,0.029259544746367147
SOLUSDT,1709845199999,LONG,-21231.734541664522,26362.7672083353,1709845200000,-0.008923620428550053,-0.007117419105833277,-0.005828290803055001
SOLUSDT,1709848799999,SHORT,26362.7672083353,-293404.2497083321,1709848800000,0.004036235117629961,0.00432614821475888,0.00041251856918524186
SOLUSDT,1709852399999,LONG,-293404.2497083321,11097.451833335062,1709852400000,-0.006189269570726158,0.0018066229348754988,0.009773261631248557
SOLUSDT,1709863199999,SHORT,186780.3607500028,-567684.7357499978,1709863200000,-0.002089634315892698,0.013280758390351715,-0.029180032768516776
SOLUSDT,1710363599999,LONG,-534932.5492916679,31509.91937499928,1710363600000,0.03579467031386491,0.04778650010164485,0.055591626079567816
SOLUSDT,1710395999999,SHORT,255199.23175000338,-120082.40387499642,1710396000000,-0.014670655414127673,-0.034223256032154675,-0.00025777135823388034
SOLUSDT,1710399599999,LONG,-120082.40387499642,38684.65050000387,1710399600000,-0.004820827691111226,0.02474765765024246,-0.023837627191963997
SOLUSDT,1710406799999,SHORT,123616.01704167265,-81130.1094583273,1710406800000,-0.019493520960908332,-0.018038233110828354,0.004262681993908783
SOLUSDT,1710410399999,LONG,-81130.1094583273,624994.6971250052,1710410400000,0.005189263306241156,-0.03581310394718949,-0.019907035386128504
SOLUSDT,1710417599999,SHORT,203639.919750005,-258636.70787499472,1710417600000,0.005618106072461106,0.03261117119232923,-0.020167973273265707
SOLUSDT,1710421199999,LONG,-258636.70787499472,88735.85441667214,1710421200000,-0.03435782453476212,-0.01581337996521202,0.04179488925087537
SOLUSDT,1710424799999,SHORT,88735.85441667214,-322600.7325416617,1710424800000,-0.013645900949750935,-0.0018478305254213802,-0.1005220130495463
SOLUSDT,1710716399999,LONG,-1.0517229343333275e+06,1.7366135575416703e+06,1710716400000,0.0031938134666918976,0.008748711233786132,0.03753462523216282
SOLUSDT,1710773999999,SHORT,1.164590077375007e+06,-328463.6132499936,1710774000000,-0.009163528502173798,0.013703964305733602,0.09455817359451939
SOLUSDT,1711335599999,LONG,-701655.0266666658,45664.06191666704,1711335600000,0.0031894499113537256,0.019251920008494974,0.04318630386318808
SOLUSDT,1711342799999,SHORT,583923.8795000007,-89181.70974999946,1711342800000,-0.003754411259554866,-0.010666066382066743,-0.04128384144132003
SOLUSDT,1711349999999,LONG,-209538.02445833292,186598.95262500053,1711350000000,-0.011079452855557781,0.008376185724717914,0.023518866961034557
SOLUSDT,1711353599999,SHORT,186598.95262500053,-436162.3119166658,1711353600000,-0.007497857863258971,-0.011717745521126116,-0.03438541778060289
SOLUSDT,1711396799999,LONG,-353836.6787499956,47272.63104167146,1711396800000,-0.0019718895159870175,-0.016825530848638266,0.00906524134000754
SOLUSDT,1711400399999,SHORT,47272.63104167146,-560123.6614999952,1711400400000,0.011929633310502487,0.014896086090762796,-0.01275102402568555
SOLUSDT,1711411199999,LONG,-122826.23579166208,308948.82058333856,1711411200000,3.171783811474765e-05,0.013791801388796569,0.030102947060600835
SOLUSDT,1711418399999,SHORT,167689.2217083381,-277694.68479166116,1711418400000,-0.008737703651051233,-0.025356981043641227,-0.013775890581963924
SOLUSDT,1711760399999,LONG,-97512.62691666868,382894.184208331,1711760400000,-0.008625245445001919,0.022044271623978012,0.020279935942605104
SOLUSDT,1711763999999,SHORT,382894.184208331,-309770.7800416692,1711764000000,0.0021523496985933403,-0.032314772387077,-0.024520964921175514
SOLUSDT,1711774799999,LONG,-604107.3309166696,525744.278541664,1711774800000,0.001660678542231179,-0.01899066384067144,-0.0036328998676894357
SOLUSDT,1711789199999,SHORT,198138.060291665,-686120.1235000016,1711789200000,-0.006804313464984671,-0.01730323068745279,-0.0008364057619760782
SOLUSDT,1711792799999,LONG,-686120.1235000016,355733.59945833153,1711792800000,0.00011216478037679391,0.006130186124806413,-0.0038978835798815985
SOLUSDT,1711810799999,SHORT,237768.80662499834,-432731.24754166947,1711810800000,-0.002083137784506829,0.0010508542983357295,0.0021436891898853516
SOLUSDT,1711814399999,LONG,-432731.24754166947,169005.02416666504,1711814400000,0.006521784295986864,-0.004758355847901102,-0.010670177960902355
SOLUSDT,1711828799999,SHORT,66035.5101249988,-412806.1644166671,1711828800000,0.003307971841712828,0.006451966170812865,-0.006959048319628218
SOLUSDT,1711875599999,LONG,-739974.3963749999,187863.04216666706,1711875600000,-0.0017915830861443742,-0.0033726673476851578,0.012462021084200327
SOLUSDT,1711879199999,SHORT,187863.04216666706,-367489.1051249995,1711879200000,0.0031647045131555874,-0.0018118843219620904,-0.01554498126416655
SOLUSDT,1711911599999,LONG,-120155.69770833198,821023.3350416677,1711911600000,0.009899483674353126,0.011184824491491724,-0.0014611414616159668
SOLUSDT,1711951199999,SHORT,970762.9121666657,-246064.41866666512,1711951200000,-0.017471358010786992,-0.010072501389418832,0.02279825880350056
SOLUSDT,1711954799999,LONG,-246064.41866666512,587202.5181250023,1711954800000,-0.0010644551222386456,-0.008542451262708896,-0.04435161260936059
SOLUSDT,1711958399999,SHORT,587202.5181250023,-316098.3052083307,1711958400000,0.007508508907522926,0.014064872271972359,0.02392127405278215
SOLUSDT,1712426399999,LONG,-552678.6155833341,132925.36308333278,1712426400000,-0.0018998283466847511,0.0013507963308606846,0.01997345371161513
SOLUSDT,1712433599999,SHORT,12502.60516666621,-186464.99929166646,1712433600000,-0.0028811490497098434,-0.007394361338104675,-0.013400854343069788
SOLUSDT,1712437199999,LONG,-186464.99929166646,65383.229583333865,1712437200000,-0.0009557112905451326,0.0009940944871359592,0.012796851514785422
SOLUSDT,1712541599999,SHORT,181342.1695833352,-1.0346517165416662e+06,1712541600000,0.0033488004143999743,0.0006541956165346005,-0.020788751205069962
SOLUSDT,1712591999999,LONG,-459816.76483333326,465711.5467916662,1712592000000,-0.0029846239658030305,-0.01134581638286509,-0.021903624801731577
SOLUSDT,1712595599999,SHORT,465711.5467916662,-195694.0648333334,1712595600000,0.0024008420006980205,0.004701981663884187,0.01736101499073667
SOLUSDT,1712602799999,LONG,-324981.84929166705,451927.7383749991,1712602800000,-0.0035594153427501024,0.0063365781551415375,-0.02041516739352948
SOLUSDT,1712645999999,SHORT,308372.35020833183,-259397.65900000124,1712646000000,0.0040937240454048725,0.004383929609715007,0.010451975206916805
SOLUSDT,1712840399999,LONG,-1.7123980775833318e+06,946857.0325833345,1712840400000,0.006565539545975659,0.013300735675965975,0.009388435146395365
SOLUSDT,1712865599999,SHORT,184495.7089999992,-574457.3906250009,1712865600000,0.0015116295264163307,0.013136752161230766,0.007915532830625516
SOLUSDT,1712879999999,LONG,-5708.941375001334,75862.590333332,1712880000000,0.005636390645476177,0.009738163953255746,0.0016103342895430208
SOLUSDT,1712894399999,SHORT,18821.12599999768,-4881.427541668837,1712894400000,-0.002265136518230097,0.004516888442532203,0.0393734360126878
SOLUSDT,1712908799999,LONG,-131424.88212500294,321267.25333333015,1712908800000,-0.0019684875273147657,-0.003616682260136397,-0.15007881963700867
SOLUSDT,1712933999999,SHORT,16857.28858333174,-136068.1496666673,1712934000000,0.000871470153582173,0.10401831983363699,0.1152631829518081
SOLUSDT,1712937599999,LONG,-136068.1496666673,77655.90999999798,1712937600000,-0.00808220867238407,-0.11522824362432486,-0.09819321100920973
SOLUSDT,1712941199999,SHORT,77655.90999999798,-306472.40025000117,1712941200000,0.01565356980347329,0.08503219817270088,0.07810212729628858
SOLUSDT,1713142799999,LONG,-74938.86029166852,7643.773958331595,1713142800000,-0.001260647411564512,-0.0013415988609769439,0.01645750972451062
SOLUSDT,1713146399999,SHORT,7643.773958331595,-140190.37387500145,1713146400000,0.00900555970513304,-0.023012821529476358,-0.00785487709104888
SOLUSDT,1713527999999,LONG,-429023.3549166725,232341.4779583259,1713528000000,-0.0035323832407232907,0.012153076782084602,-0.013291966094220748
SOLUSDT,1713596399999,SHORT,609878.5764166672,-55203.03304166719,1713596400000,0.0029791343571216366,0.018412851197286934,-0.04455147838085809
SOLUSDT,1713599999999,LONG,-55203.03304166719,327755.8235833345,1713600000000,-0.007648448298049922,-0.013969354690099018,0.05221930779904436
SOLUSDT,1713625199999,SHORT,146673.18791666735,-422548.7724583337,1713625200000,-0.02950428707003335,-0.0518479804048749,-0.06206581643823229
SOLUSDT,1714132799999,LONG,-90919.04658333522,282780.03291666444,1714132800000,-0.00045436276405117046,-0.003044675049706019,-0.02754768730544848
SOLUSDT,1714139999999,SHORT,330663.059249999,-63358.796958334126,1714140000000,0.006967651686755474,0.0066885695859674075,0.06726741193169665
SOLUSDT,1714143599999,LONG,-63358.796958334126,287854.12116666575,1714143600000,-0.004587966056817305,0.0048517596626486284,-0.057315632635676864
SOLUSDT,1714147199999,SHORT,287854.12116666575,-342735.00125000067,1714147200000,0.003440773003457865,0.00013319733204410789,0.04637081563201259
SOLUSDT,1714820399999,LONG,-1.2384458422500005e+06,99651.1842916673,1714820400000,-0.0158464098712265,-0.014924942693868527,-0.019335191174747916
SOLUSDT,1714827599999,SHORT,234406.8509583346,-255762.00424999776,1714827600000,0.007654241074919053,0.008151619627717375,0.019177678971931067
SOLUSDT,1714831199999,LONG,-255762.00424999776,81775.51587500206,1714831200000,-0.0015883894142926336,-0.003500527288357912,-0.016012426712634094
SOLUSDT,1714834799999,SHORT,81775.51587500206,-135589.8727499973,1714834800000,0.003239101624505254,-0.001077373223070568,0.01472853552275276
SOLUSDT,1714838399999,LONG,-135589.8727499973,60197.48608333586,1714838400000,0.004323289970333273,0.008526176966627408,-0.010458331184502546
SOLUSDT,1714841999999,SHORT,60197.48608333586,-151877.37358333077,1714842000000,0.002996333612802105,-0.002518430103800815,0.014235457800581868
SOLUSDT,1714852799999,LONG,-71557.97524999734,14137.854125002554,1714852800000,-0.0016912720152507164,-0.009162929958799838,-0.012091732033169178
SOLUSDT,1714856399999,SHORT,14137.854125002554,-393255.19587499724,1714856400000,0.0043738402766026075,0.013544472306256716,0.008540612750771687
SOLUSDT,1714863599999,LONG,-4883.192416664057,94145.64254166931,1714863600000,0.0005412163798679389,-0.01031146452620719,0.0007192741806395339
SOLUSDT,1714867199999,SHORT,94145.64254166931,-73610.4091249976,1714867200000,0.006072865344946162,0.00982842715556833,-0.003807601336696658
SOLUSDT,1714985999999,LONG,-536553.4348750004,692147.8857083331,1714986000000,0.012727052415699176,-0.02188964864050006,0.00038864634967311824
SOLUSDT,1715000399999,SHORT,891749.0967083339,-166848.74004166588,1715000400000,-0.016660649298372972,-0.0038136577647706,-0.016191627525862368
SOLUSDT,1715003999999,LONG,-166848.74004166588,388712.003291669,1715004000000,-0.0061079962691264105,-0.01319017418826946,0.02468848257297619
SOLUSDT,1715007599999,SHORT,388712.003291669,-132486.333041665,1715007600000,-0.007682880638683603,-0.0016368223119546184,-0.026498553523486956
SOLUSDT,1715011199999,LONG,-132486.333041665,401675.6083333337,1715011200000,-0.01440230806764604,-0.0022133120169638386,1.3005000422864448e-05
SOLUSDT,1715018399999,SHORT,50100.6742083331,-445142.0252916664,1715018400000,-0.008712447602019377,-0.02571351544601517,-0.021608136281116685
SOLUSDT,1715029199999,LONG,-273108.5048749987,29894.969375001267,1715029200000,0.006931564308174521,-0.006054286036999583,0.025455745584258265
SOLUSDT,1715039999999,SHORT,31249.21270833444,-513963.78616666544,1715040000000,-0.0045452545811074906,-0.006582597888084857,-0.01383895958011997
SOLUSDT,1715047199999,LONG,-489357.5250416656,447749.0637500016,1715047200000,-0.004247291338240735,-0.016213333870675823,-0.02633908244905349
SOLUSDT,1715054399999,SHORT,326860.0736250014,-36116.95495833177,1715054400000,-0.007811426467655299,-0.00831454841438477,-0.005356692445611593
SOLUSDT,1715288399999,LONG,-988210.8696666673,117866.88783333171,1715288400000,0.0006590838972744993,0.011948917996546913,0.025186438598113085
SOLUSDT,1715302799999,SHORT,47686.52237499909,-427547.84625000105,1715302800000,-0.008909620338296986,-0.011267835442346365,-0.008374665600975733
SOLUSDT,1715306399999,LONG,-427547.84625000105,4399.351124999113,1715306400000,0.0013947549057035488,-0.0009396227845110045,-0.002396477608246394
SOLUSDT,1715309999999,SHORT,4399.351124999113,-8038.8077500009285,1715310000000,-0.002016995491671664,-0.00859916324677822,0.04045868921947667
SOLUSDT,1715313599999,LONG,-8038.8077500009285,168186.86291666608,1715313600000,-0.00105353529332581,0.0027197477469891075,-0.046546325018073875
SOLUSDT,1715320799999,SHORT,203409.4657499995,-53081.19120833402,1715320800000,-0.010933540936992931,-0.005734890068101,0.04440369225285146
SOLUSDT,1715324399999,LONG,-53081.19120833402,204856.24899999922,1715324400000,-0.003914076569480512,-0.0053736420079093395,-0.04512967366185165
SOLUSDT,1715353199999,SHORT,620400.7765416665,-1.2516924237499982e+06,1715353200000,0.004084204042921154,-0.00396627162977074,0.020776835686487905
SOLUSDT,1715511599999,LONG,-890669.0557083314,16809.76420833574,1715511600000,-0.00275482267884462,-0.006901338640693157,-0.015476784057221325
SOLUSDT,1715515199999,SHORT,16809.76420833574,-86763.60774999764,1715515200000,-0.0014816604195700557,-0.0009926106472877316,0.011346891797487317
SOLUSDT,1715533199999,LONG,-34096.40008333139,88450.93208333508,1715533200000,0.002571519612446302,-0.0018517244287873332,-0.04349646364739623
SOLUSDT,1715551199999,SHORT,260743.00137500154,-282830.66204166505,1715551200000,0.004161285197384845,0.005041763787361641,-0.015358210164614274
SOLUSDT,1715684399999,LONG,-418888.8379166645,167972.24808333567,1715684400000,0.003705885789792537,-0.017615177487001917,-0.020785416233994703
SOLUSDT,1715702399999,SHORT,119747.3626250027,-86176.27241666382,1715702400000,-0.0015107856159564167,-0.005966875472412408,-0.007204637090163051
SOLUSDT,1715727599999,LONG,-76764.4169999985,100568.36116666782,1715727600000,-0.007131306060631646,-0.0006716527807749416,0.011266627742353803
SOLUSDT,1715731199999,SHORT,100568.36116666782,-379111.41379166563,1715731200000,0.002284877088883906,-0.01352426153243689,-0.014940938274070845
SOLUSDT,1715741999999,LONG,-128326.1197916662,93839.01575000088,1715742000000,0.007071652316723519,0.005979998491996576,0.06459407203959866
SOLUSDT,1715745599999,SHORT,93839.01575000088,-82420.232666666,1715745600000,0.0034947301396928607,-0.0020965387034748676,-0.051903965731619164
SOLUSDT,1715817599999,LONG,-61983.98758333331,895754.0837499999,1715817600000,0.01897625740865599,0.028800318275513735,0.032528342427032154
SOLUSDT,1715918399999,SHORT,81526.70829166535,-710789.9629166666,1715918400000,0.004581165913661734,-0.04202925956092518,-0.04501747429012062
SOLUSDT,1715929199999,LONG,-769456.8722916668,722440.3546250003,1715929200000,0.014050302756030916,0.013369915915088435,0.008148095879907988
SOLUSDT,1715954399999,SHORT,165859.80779166924,-712236.5679999972,1715954400000,-0.011274561834969513,-0.005575453733681683,-0.032204368267162796
SOLUSDT,1715957999999,LONG,-712236.5679999972,284854.9082500031,1715958000000,0.00804001820716643,-0.0008504033981520891,0.026525416075950957
SOLUSDT,1716015599999,SHORT,1.300740806250004e+06,-302425.85062499624,1716015600000,0.0033795664240276256,-0.013605026426336602,0.00696288226231139
SOLUSDT,1716026399999,LONG,-656994.9801666656,292416.3913333348,1716026400000,0.0011309956822587771,-0.008915534264856513,-0.015040994822565185
SOLUSDT,1716037199999,SHORT,197005.21429166757,-172279.1171666657,1716037200000,-0.0007037622727790537,0.01568561539876506,0.001351226703488754
SOLUSDT,1716040799999,LONG,-172279.1171666657,473504.3964583346,1716040800000,-0.006566505609484839,-0.011786747747893261,-0.0019452058556012626
SOLUSDT,1716044399999,SHORT,473504.3964583346,-693427.8367083315,1716044400000,-0.0003017851776739294,0.003966482073254621,-0.01070393398541933
SOLUSDT,1716184799999,LONG,-168047.50279166643,545424.2159999985,1716184800000,-0.012423291651425973,-0.007893510139492563,0.017573052533601648
SOLUSDT,1716188399999,SHORT,545424.2159999985,-138994.34808333497,1716188400000,-0.010968721433799629,-0.009174272492048259,-0.022963044112214295
SOLUSDT,1716209999999,LONG,-602179.7049166681,80082.61737499789,1716210000000,0.0003897941766650993,0.015480020379206117,0.04937600854041553
SOLUSDT,1716213599999,SHORT,80082.61737499789,-21768.92979166874,1716213600000,0.00464784027516176,-0.023974362531863466,-0.04300923995606601
SOLUSDT,1716217199999,LONG,-21768.92979166874,75937.75883333106,1716217200000,0.01509851541232577,0.021594577120881753,0.03923599027481021
SOLUSDT,1716296399999,SHORT,279194.0538333282,-222416.24212500453,1716296400000,0.006137004342113766,0.01997408515927521,0.013425421163548503
SOLUSDT,1717664399999,LONG,-232417.77054166546,63570.944000001065,1717664400000,-0.0011962173225170758,-0.0004794708582243848,-0.015176758468755696
SOLUSDT,1717667999999,SHORT,63570.944000001065,-184370.50570833217,1717668000000,0.0005321087246785714,0.0012671156303719973,0.01530652533348746
SOLUSDT,1717671599999,LONG,-184370.50570833217,112105.40004166774,1717671600000,0.002300047246063552,0.0032058992848696248,-0.012769141355233991
SOLUSDT,1717689599999,SHORT,262626.3739166665,-457219.2569166666,1717689600000,0.007952132156383775,0.022505287708889467,0.014061999935820949
SOLUSDT,1718470799999,LONG,-1.1222521553750003e+06,259456.0509166663,1718470800000,0.0017419867869147296,-0.005659981730639769,-0.01371082107542387
SOLUSDT,1718474399999,SHORT,259456.0509166663,-132559.7168750004,1718474400000,0.004246700716760792,0.000901604710877844,0.00685466096565194
SOLUSDT,1718477999999,LONG,-132559.7168750004,195706.73845833293,1718478000000,-0.0010299124793627427,0.0047143564766003844,0.00017270023771925874
SOLUSDT,1718481599999,SHORT,195706.73845833293,-115342.01416666697,1718481600000,0.002208369854339048,-0.005791921314509647,0.0012524263068948989
SOLUSDT,1718578799999,LONG,-309312.46133333474,56678.81158333225,1718578800000,0.005828716383615205,-0.011881486861417089,-0.04866248388070129
SOLUSDT,1718589599999,SHORT,140885.59674999863,-261328.82083333438,1718589600000,0.0021512613338576484,0.006589387881297873,0.04475125613586898
SOLUSDT,1718884799999,LONG,-20452.6559166677,278252.79854166583,1718884800000,-0.007669058778126221,-0.04460712793106846,-0.0423273777161126
SOLUSDT,1718888399999,SHORT,278252.79854166583,-27424.838125000864,1718888400000,0.0243082909201629,0.03682654519676643,0.03880286755214526
SOLUSDT,1718895599999,LONG,-316332.55162500107,121307.18683333245,1718895600000,-0.009757341194465651,-0.0025534051191638163,-0.011590907994591866
SOLUSDT,1718899199999,SHORT,121307.18683333245,-377487.4283333348,1718899200000,-0.0001651701256045135,-0.007450495630081809,0.0041381444952281864
SOLUSDT,1719079199999,LONG,-310274.8370833327,16735.17516666775,1719079200000,0.0009777616011144843,0.00401689272339307,0.0033845016316796767
SOLUSDT,1719082799999,SHORT,16735.17516666775,-279311.17412499944,1719082800000,-0.00294985464642134,-0.0013419218331493772,-0.002257867163871009
SOLUSDT,1719104399999,LONG,-316111.92933333287,858.3823750004327,1719104400000,0.00259821389149767,-0.00014123926326297772,-0.004985162915308371
SOLUSDT,1719140399999,SHORT,205163.04908333393,-1988.106499999296,1719140400000,-0.0012697371109748955,0.012052822797646775,0.03517006458229091
SOLUSDT,1719147599999,LONG,-13428.396499999333,15215.569500000527,1719147600000,-0.002655467893969547,-0.024363601400463116,-0.037368607570915355
SOLUSDT,1719151199999,SHORT,15215.569500000527,-137878.04245833275,1719151200000,0.009860602428393742,0.0182238939258674,0.04483008861372967
SOLUSDT,1719295199999,LONG,-342591.0099166681,367172.69312499836,1719295200000,0.0022024250300174113,0.009934998474579104,0.012377910326353374
SOLUSDT,1719298799999,SHORT,367172.69312499836,-165803.28858333515,1719298800000,0.008540808912136726,-0.02061313150918074,-0.0232832447580481
SOLUSDT,1719309599999,LONG,-911353.558000002,365562.9939999978,1719309600000,0.013020403365135765,-0.0010519165572991176,0.0027414656295512204
SOLUSDT,1719320399999,SHORT,369826.65937499824,-172839.81725000156,1719320400000,-0.0007969788345064796,-0.005638296902081495,0.002270115286144985
SOLUSDT,1719327599999,LONG,-101700.92229166876,190282.91337499768,1719327600000,0.009096148229209802,0.007365466260578938,0.0050772345394112925
SOLUSDT,1719417599999,SHORT,596691.3793333328,-9674.811541666588,1719417600000,0.005562226474008158,-0.006512118466018402,-0.004753512107645476
SOLUSDT,1719424799999,LONG,-8868.787041667229,187033.59929166673,1719424800000,-0.0042510379021023035,0.010164232607977993,-0.0008517012512090408
SOLUSDT,1719428399999,SHORT,187033.59929166673,-188909.11975000022,1719428400000,-0.01501818597915252,-0.012444631092062276,-0.0007515030413801419
SOLUSDT,1719439199999,LONG,-101807.4056250006,80616.45554166597,1719439200000,-0.0020361274087064246,-0.008425878845351167,0.004522795602567212
SOLUSDT,1719442799999,SHORT,80616.45554166597,-50785.77854166739,1719442800000,0.004186883828862652,0.0038507026971508077,-0.0072381572310497065
SOLUSDT,1719446399999,LONG,-50785.77854166739,257040.28637499936,1719446400000,-0.00035090028212764445,0.0049069922706358035,0.015952192677263825
SOLUSDT,1719583199999,SHORT,2.348252714166663e+06,-415262.53737500124,1719583200000,0.011929769296883587,0.015511154181702132,0.011175570949269109
SOLUSDT,1719637199999,LONG,-524897.6544583322,54615.483166667946,1719637200000,-0.005201452235201947,0.00638488427517761,0.0062582886425579165
SOLUSDT,1719644399999,SHORT,84921.86716666787,-136539.25537499925,1719644400000,-0.0060138761457651626,-0.010176213060452457,-0.006408353468434918
SOLUSDT,1719673199999,LONG,-602775.5363749993,113730.15229166781,1719673200000,0.005949426475528242,0.0014941996831393137,-0.0205876944373001
SOLUSDT,1719676799999,SHORT,113730.15229166781,-806239.1460833321,1719676800000,0.003132047026977019,0.006549143568153501,0.030946085960597076
SOLUSDT,1719925199999,LONG,-163840.11391666657,94260.42279166728,1719925200000,-0.01106217061671031,-0.009772532544109888,0.019745537462182328
SOLUSDT,1719928799999,SHORT,94260.42279166728,-381562.55983333354,1719928800000,0.004081116049693467,-0.007519109300527586,-0.022862884386425225
SOLUSDT,1719943199999,LONG,-32728.733125001192,195985.98891666532,1719943200000,0.019690655437625527,0.02440198175506314,-0.003782845384406335
SOLUSDT,1719982799999,SHORT,35923.707541664444,-224805.38775000256,1719982800000,-0.008000311587981451,0.012114939901507863,0.038693818574530095
SOLUSDT,1719986399999,LONG,-224805.38775000256,321077.4255416642,1719986400000,-0.003232754208745202,-0.0197532110804594,-0.050306982900901326
SOLUSDT,1719993599999,SHORT,1.0216783125416642e+06,-424573.3812916682,1719993600000,4.7824171028187585e-05,0.016351803181651196,0.04155583479727691
SOLUSDT,1720234799999,LONG,-1.4138781686666692e+06,780790.3251249973,1720234800000,0.005978232027809212,0.016481931577590588,0.044966523899872324
SOLUSDT,1720313999999,SHORT,506356.10795833357,-91249.87479166563,1720314000000,0.0006731454212808209,0.012294053864103085,0.010882368170381001
SOLUSDT,1720317599999,LONG,-91249.87479166563,125839.78541666766,1720317600000,0.010105975705612929,-0.006977690544978028,-0.03120877840253553
SOLUSDT,1720328399999,SHORT,234260.01729166787,-535501.1071249986,1720328400000,-0.004650305999402497,0.00014342983795484113,0.00832420034961175
SOLUSDT,1720544399999,LONG,-162195.79862500043,131059.27041666645,1720544400000,-0.007770462878659076,0.00039290525875912115,0.018322344050850786
SOLUSDT,1720547999999,SHORT,131059.27041666645,-58663.81566666687,1720548000000,-0.008121736181673556,-0.004030370835529274,-0.018062203643506206
SOLUSDT,1720659599999,LONG,-7777.028833332937,473855.2854166669,1720659600000,0.007799435418051061,-0.007590370991035574,0.014021935338935393
SOLUSDT,1720670399999,SHORT,102195.77899999994,-46248.74737500042,1720670400000,-0.002343297570493622,-0.012605968151817415,0.01308474826520138
SOLUSDT,1720677599999,LONG,-177424.04141666755,331054.8719166655,1720677600000,0.0024921249048116033,0.01109587292040137,-0.0207932715767783
SOLUSDT,1720702799999,SHORT,843743.6019999995,-412912.7427916687,1720702800000,0.009351843909640108,0.03831271814248969,0.056180111202822514
SOLUSDT,1720864799999,LONG,-383346.1887916668,127849.90470833331,1720864800000,-0.0056076113469389855,-0.0037277704725691614,-0.0027214002789666476
SOLUSDT,1720868399999,SHORT,127849.90470833331,-264301.8838333332,1720868400000,-0.0020298625377186577,-0.0005007009918344843,-0.017081700404587927
SOLUSDT,1720933199999,LONG,-707573.6312083341,114056.20341666571,1720933200000,0.0043048146017591075,0.002695261489833929,0.004387285994541332
SOLUSDT,1720940399999,SHORT,148617.92466666581,-87342.73533333435,1720940400000,-0.001127220414854041,-0.003632977024796076,-0.0032951007463572247
SOLUSDT,1720947599999,LONG,-136830.66550000105,58815.9187083325,1720947600000,0.008500712733006795,-0.00933076805251333,0.0018296378845302874
SOLUSDT,1720951199999,SHORT,58815.9187083325,-105235.73991666672,1720951200000,0.00989244461817097,0.015125072969316726,-0.010376721248748222
SOLUSDT,1720994399999,LONG,-183810.5112500003,58814.79570833283,1720994400000,-0.006343203703063614,0.01896406660299264,0.02749172078366889
SOLUSDT,1720997999999,SHORT,58814.79570833283,-378987.84337500046,1720998000000,-0.0032986753773172933,-0.03165776283918643,-0.028167288807658994
SOLUSDT,1721005199999,LONG,-226006.31237500036,71481.20412500079,1721005200000,0.004138152241517032,0.010514355337203086,0.013158606621401725
SOLUSDT,1721109599999,SHORT,1.0864832066250006e+06,-23324.66754166658,1721109600000,0.009416015929883998,0.002440808416979682,-0.04149021318687613
SOLUSDT,1721127599999,LONG,-504960.2732499999,162375.81479166634,1721127600000,0.005618189349230442,-0.003491366427264017,0.022273311732959204
SOLUSDT,1721134799999,SHORT,230772.28516666623,-164253.74595833416,1721134800000,0.0015611100540642048,-0.03250609051940742,-0.034244497955534955
SOLUSDT,1721141999999,LONG,-251531.91808333402,141721.76412499975,1721142000000,0.03214106869077909,0.038638559766831504,0.032377178594822434
SOLUSDT,1721156399999,SHORT,298570.71054166585,-741804.0623750007,1721156400000,0.0007720315001724963,0.012918558991556547,0.005242987073672578
SOLUSDT,1721372399999,LONG,-391870.89187499724,370590.7458750025,1721372400000,-0.018938739208955627,-0.01512836246888357,0.031780814181027746
SOLUSDT,1721375999999,SHORT,370590.7458750025,-928341.9307499971,1721376000000,-0.002636580658774964,-0.007667603515109215,-0.05405286947248445
SOLUSDT,1721397599999,LONG,-741108.9517083304,169159.3026666691,1721397600000,0.009489083139997388,0.020750177759168997,0.018859584947462132
SOLUSDT,1721458799999,SHORT,711362.4211666683,-324291.8164166647,1721458800000,0.004016069654889943,0.003565087277096613,-0.02526903668840482
SOLUSDT,1721462399999,LONG,-324291.8164166647,1.0787502635000015e+06,1721462400000,0.0004628311105121381,-0.003031494172242788,0.022639420608646918
SOLUSDT,1721494799999,SHORT,242798.4945416688,-775185.639124998,1721494800000,-0.02697732762896365,-0.0234639822289709,-0.02015788891460391
SOLUSDT,1721512799999,LONG,-94192.68479166568,203283.37904166788,1721512800000,-0.0062053240378364535,-0.0023418811178450086,-0.010628280864135607
SOLUSDT,1721530799999,SHORT,9858.879125000754,-272697.8297499991,1721530800000,0.0021066430510382687,0.012438375385893643,-0.0027348928703921816
SOLUSDT,1721534399999,LONG,-272697.8297499991,394171.26491666754,1721534400000,-0.0002831477963726749,-0.010565268066883777,0.01313278318123504
SOLUSDT,1721584799999,SHORT,979595.5813750013,-618320.7342916643,1721584800000,-0.008449234620473431,-0.05989398592382188,-0.032713210657536594
SOLUSDT,1721591999999,LONG,-204767.1718749966,435261.49929166987,1721592000000,0.024102903793579496,0.03605107663551385,0.001948185632001282
SOLUSDT,1721681999999,SHORT,826592.7554583339,-1.3866884256250001e+06,1721682000000,0.013114182641657183,0.020860154756312574,0.029484457803179556
SOLUSDT,1722002399999,LONG,-235956.7102500014,1.0121852264166636e+06,1722002400000,-0.009690035625224887,-0.0050506544190256335,-0.005606685582106241
SOLUSDT,1722103199999,SHORT,509457.2654583321,-758994.4652500019,1722103200000,-0.0019950324247168696,-0.027967404471203217,-0.010127281927479448
SOLUSDT,1722214799999,LONG,-1.2837161712916666e+06,579938.6717916691,1722214800000,-0.0030626753351354692,0.028660183386468755,0.023011153572990883
SOLUSDT,1722290399999,SHORT,309562.45925000124,-414022.43654166535,1722290400000,0.0031551354299774285,0.019031977641745735,0.012476860430358155
SOLUSDT,1722923999999,LONG,-2.756132900791666e+06,852172.1624583291,1722924000000,-0.01099016472458395,-0.029752735773305283,0.014268251515989507
SOLUSDT,1722949199999,SHORT,55473.575333332024,-400610.2577500008,1722949200000,-0.007988850926754087,-0.06714552454828794,-0.04911295072565187
SOLUSDT,1722959999999,LONG,-419707.14383332804,432463.37779167044,1722960000000,0.010473157445754578,0.0029722791989392565,0.03808600042013158
SOLUSDT,1722967199999,SHORT,1.1848682843750045e+06,-79292.35816666111,1722967200000,-0.006274438757699158,-0.014590906331946861,-0.05435708743866546
SOLUSDT,1722970799999,LONG,-79292.35816666111,569290.4070000052,1722970800000,0.0018343730973517545,-0.00606087449466769,0.040316266003451715
SOLUSDT,1723060799999,SHORT,274727.6433750056,-94095.84412499517,1723060800000,-0.011360797578051723,-0.011367706733027502,-0.07092531478524791
SOLUSDT,1723082399999,LONG,-403583.86466666,369898.45875000645,1723082400000,0.01387013661427258,0.0012308338488056414,0.009467125098029503
SOLUSDT,1723085999999,SHORT,369898.45875000645,-153987.1966249949,1723086000000,0.011141796517073877,0.004837763344432932,-0.02980013671699428
SOLUSDT,1723111199999,LONG,-273399.8934583273,514716.17570833926,1723111200000,-0.00320579653641351,-0.0015756561197661496,0.03869901148674707
SOLUSDT,1723215599999,SHORT,1.475543907083335e+06,-457859.17237499607,1723215600000,0.01629425456138444,0.0016162251634807675,-0.0049043428570986125
SOLUSDT,1723568399999,LONG,-748995.2409166675,56587.73004166471,1723568400000,-0.0075513671164803954,-0.023122104019470062,-0.032157418122744426
SOLUSDT,1723600799999,SHORT,165220.52195833126,-380042.05195833556,1723600800000,-0.006765368139563842,-0.005287406076532109,-0.022105928254986716
SOLUSDT,1723604399999,LONG,-380042.05195833556,178239.32604166368,1723604400000,0.00127591943844296,0.0019236012426227388,0.011984406802991702
SOLUSDT,1723636799999,SHORT,522706.4359999979,-182637.2720416688,1723636800000,-0.012720886693436014,0.009126034330024319,0.029495807416156275
SOLUSDT,1723640399999,LONG,-182637.2720416688,12967.407083330987,1723640400000,-0.01815672584979505,-0.03385621608123708,-0.03416693269982573
SOLUSDT,1723643999999,SHORT,12967.407083330987,-768660.0461666699,1723644000000,0.0033357644977343687,0.017959935116812504,0.020433254677087967
SOLUSDT,1723978799999,LONG,-821826.3323750016,213697.57191666416,1723978800000,0.004195058763731022,0.007635025131424979,0.0040635804280573255
SOLUSDT,1723985999999,SHORT,5226.539749997512,-323585.0638333359,1723986000000,0.004128776642592551,-0.0040706969865373765,0.02368609627532424
SOLUSDT,1724043599999,LONG,-188576.83291666908,3681.266916664162,1724043600000,-0.006007371291016879,-0.0037249467174641933,0.007408524405371056
SOLUSDT,1724047199999,SHORT,3681.266916664162,-255111.48920833645,1724047200000,-0.00411865375493894,0.009416405118577274,-0.009321597291840643
SOLUSDT,1724079599999,LONG,-428261.7592500032,431221.66904166405,1724079600000,-0.0029649813929648284,-0.004753772348286483,0.00764604174642513
SOLUSDT,1724093999999,SHORT,22436.28612499653,-223632.06695833616,1724094000000,0.004846547424476363,0.00023689252854206536,-0.023444302246143196
SOLUSDT,1724381999999,LONG,-436917.9545833341,44197.206833332464,1724382000000,-0.002330850224424753,0.0053259965705467855,-0.009188829931065304
SOLUSDT,1724385599999,SHORT,44197.206833332464,-398981.2697083337,1724385600000,0.0003255039279665329,-0.004725168887522745,0.0005333278049069282
SOLUSDT,1724489999999,LONG,-16619.80191666757,91594.13604166545,1724490000000,0.012535463601443884,0.010813335744755924,0.030387967878234928
SOLUSDT,1724579999999,SHORT,21306.626875001006,-563883.0648749989,1724580000000,0.0036940364279469126,-0.006981295499008773,-0.024577864872407075
SOLUSDT,1724623199999,LONG,-1.6408517214999993e+06,135604.86016666703,1724623200000,-0.004295440452660026,-0.019909819761843042,-0.0035855139064651853
SOLUSDT,1724626799999,SHORT,135604.86016666703,-297610.453583333,1724626800000,0.010294263804587213,0.012335620881369393,-0.0037866468175017237
SOLUSDT,1725339599999,LONG,-495889.0175000001,44661.75675000002,1725339600000,0.0007634408574457372,-0.012858146219983843,-0.03785612084608602
SOLUSDT,1725343199999,SHORT,44661.75675000002,-159969.899833334,1725343200000,0.00997804191980664,0.010839023416971278,0.036811750343152844
SOLUSDT,1725350399999,LONG,-346730.88445833354,584608.7514583329,1725350400000,-0.010333904750176951,-0.0016143974997691818,-0.027148533929143227
SOLUSDT,1725353999999,SHORT,584608.7514583329,-264117.9136666671,1725354000000,-0.0027751544144603174,-0.00875673469895458,0.019529870992931877
SOLUSDT,1725361199999,LONG,-134456.6818750007,194746.5771666666,1725361200000,0.0033860414213121933,-0.027271147262277525,-0.03359426225570037
SOLUSDT,1725397199999,SHORT,307093.5058749998,-90231.53175000008,1725397200000,0.0036522994047762758,0.03057757217751962,0.005506566865874749
SOLUSDT,1725501599999,LONG,-1.2260838365416718e+06,145355.83999999566,1725501600000,-0.0061613381034931,-0.011241814866248409,0.004971778498709154
SOLUSDT,1725505199999,SHORT,145355.83999999566,-110207.58091667092,1725505200000,0.011152096285234756,0.0075547244041093906,0.008972395491730237
SOLUSDT,1725533999999,LONG,-151549.72375000347,202273.56670833053,1725534000000,0.00257901190388375,-0.00473035988837956,-0.022279302017749823
SOLUSDT,1725548399999,SHORT,235138.94649999667,-91187.22779166869,1725548400000,0.009865591895572746,0.010310077219548141,0.004890134051462437
SOLUSDT,1725559199999,LONG,-229526.13579166727,560986.0817499994,1725559200000,-0.0023810537645697024,-0.01049303372175914,-0.004552673932371053
SOLUSDT,1725566399999,SHORT,407022.796166666,-479789.61912500067,1725566400000,0.0006389029786072084,-0.007380050025479232,0.002589301087900456
SOLUSDT,1725818399999,LONG,-368431.2086666664,128143.13600000087,1725818400000,-0.003327015853471186,-0.0002013225348659928,-0.011078569487613824
SOLUSDT,1725821999999,SHORT,128143.13600000087,-373556.21387499914,1725822000000,0.000769347374956735,-0.004541833683498434,0.0011970184790738294
SOLUSDT,1725947999999,LONG,-166027.89099999904,424146.180875001,1725948000000,-0.00503092277137861,-0.0003122978454524058,0.00872708586694601
SOLUSDT,1725958799999,SHORT,326315.078666667,-20935.035958332785,1725958800000,0.0008474387786657069,0.0015467447088595248,-0.007425181155243426
SOLUSDT,1725962399999,LONG,-20935.035958332785,166558.73812500093,1725962400000,0.0030370220452558723,-0.0036805286667823847,0.006500869783626823
SOLUSDT,1725965999999,SHORT,166558.73812500093,-52067.964624999244,1725966000000,-0.001925826663487888,-0.0017408121023141153,-0.0074824829190998495
SOLUSDT,1725969599999,LONG,-52067.964624999244,137373.89950000108,1725969600000,-0.005684405495983751,-0.008098533782671781,0.0031399983686335644
SOLUSDT,1725976799999,SHORT,387005.7477500015,-19185.86641666557,1725976800000,-0.008465777004370685,-0.012712475582655074,0.004796028721377578
SOLUSDT,1725980399999,LONG,-19185.86641666557,793482.503000001,1725980400000,-0.007906119350995701,0.011304212220139363,-0.008980938825101885
SOLUSDT,1725987599999,SHORT,829512.2684583339,-42563.912291666646,1725987600000,-0.00942617336315944,-0.00865940958467025,0.016525458112966778
SOLUSDT,1725991199999,LONG,-42563.912291666646,661424.9091666656,1725991200000,0.007050143766221708,-0.002538447007879141,-0.032850503083118904
SOLUSDT,1725998399999,SHORT,543657.532374999,-80783.97950000083,1725998400000,0.007150787987704085,0.0072983099871899056,0.031375531022189006
SOLUSDT,1726167599999,LONG,-321488.41799999867,236523.6618333344,1726167600000,0.004831533988610405,0.00936108671955711,-0.009621504788492411
SOLUSDT,1726171199999,SHORT,236523.6618333344,-26322.37591666542,1726171200000,-0.000685161131755138,-0.0022746940996854837,0.008600643659148375
SOLUSDT,1726181999999,LONG,-59009.10362499921,131839.14975000094,1726182000000,-0.0022548586312613646,-0.012654565054860414,-0.016548010307922193
SOLUSDT,1726189199999,SHORT,138483.19437500104,-335953.4704166662,1726189200000,0.004611697287767021,0.0087603712778067,0.02267714908254692
SOLUSDT,1726214399999,LONG,-97801.89891666437,412719.5467916685,1726214400000,-0.005403827124516674,-0.01518982416205286,0.02536556677305436
SOLUSDT,1726246799999,SHORT,354319.3640833351,-61927.49595833166,1726246800000,-0.0015458727916867227,-0.012611959305390214,-0.019337147730588918
SOLUSDT,1726253999999,LONG,-232111.59208333213,179218.68770833468,1726254000000,0.0024017280759618697,0.012080572368469126,0.0013648311325433116
SOLUSDT,1726293599999,SHORT,254856.41120833452,-152393.12595833218,1726293600000,0.0006527178677543829,0.0036025082176798563,0.007466359812277973
SOLUSDT,1726297199999,LONG,-152393.12595833218,23728.51004166777,1726297200000,-0.0029206858940313447,-0.005609143545420673,-0.00697435140408211
SOLUSDT,1726300799999,SHORT,23728.51004166777,-235165.3414583321,1726300800000,0.0036446111092444116,0.005135436235368832,0.0068116126043319385
SOLUSDT,1726307999999,LONG,-252524.68566666575,155881.37054166757,1726308000000,-0.0026593531954951567,-0.002673944493245294,-0.003812722182392579
SOLUSDT,1726412399999,SHORT,18885.118083333597,-494603.6795416667,1726412400000,0.00015475712374229744,0.015378464005424163,0.045767626764849856
SOLUSDT,1726808399999,LONG,-282307.72170833155,510248.82737500063,1726808400000,0.002145257646400039,0.017897299923093482,-0.0032400906348783657
SOLUSDT,1726901999999,SHORT,461171.0383333333,-1.3293867405e+06,1726902000000,-0.0042159438486919255,-0.00012946262806771999,-0.006486538601432188
SOLUSDT,1726927199999,LONG,-563373.3087916669,197950.14291666602,1726927200000,0.0033554934769717635,-0.0031505438312058073,-0.0044351957996319625
SOLUSDT,1726930799999,SHORT,197950.14291666602,-283884.0310416666,1726930800000,0.00944965398934906,0.008460715121352198,0.009375110820348967
SOLUSDT,1726941599999,LONG,-296900.0913333325,416844.1515000009,1726941600000,-0.0019479208053127732,-0.001650076115577061,-0.0054678452244183735
SOLUSDT,1726966799999,SHORT,214463.69066666797,-109018.36762499886,1726966800000,0.006541260089695513,0.002874232516240255,0.027433889564541788
SOLUSDT,1726991999999,LONG,-414881.7841666656,28397.353083334398,1726992000000,0.0006589875608310076,-0.01625127399996624,-0.017433115252466623
SOLUSDT,1726999199999,SHORT,111093.97004166758,-1.2224117965833324e+06,1726999200000,-0.0005105314467171885,0.009324965741853302,0.02174461248155625
SOLUSDT,1727218799999,LONG,-1.7472659701666662e+06,1.312185633916667e+06,1727218800000,-0.003973445913753627,-0.011690821931774014,-0.02197861683853783
SOLUSDT,1727251199999,SHORT,335124.847541665,-286530.00933333486,1727251200000,-0.0036267189980755178,-0.007717627756928095,-0.0012881912041867876
SOLUSDT,1727258399999,LONG,-394652.4663750008,178181.77412499892,1727258400000,0.0011874742886257446,0.005996311046394149,-0.002185165141065323
SOLUSDT,1727305199999,SHORT,333622.6948749966,-2.6609381311250026e+06,1727305200000,0.008283154534385011,-0.0004961548104756834,-0.024085575688922268
SOLUSDT,1727366399999,LONG,-1.081774520916667e+06,803884.0591666646,1727366400000,-0.003334749812194575,-0.010533014345782823,-0.009311494881032905
SOLUSDT,1727452799999,SHORT,324124.61804166465,-951418.6287499998,1727452800000,-0.0017657912471674014,0.00942824948156649,0.0025883337969883516
SOLUSDT,1728248399999,LONG,-381875.6164583331,321628.43608333374,1728248400000,-0.00692479077650251,0.025963137198081965,0.02057210737682049
SOLUSDT,1728251999999,SHORT,321628.43608333374,-175921.88862499953,1728252000000,-0.006504963792547138,-0.040946690573786616,-0.02037409111463295
SOLUSDT,1728259199999,LONG,-204254.0415416661,166868.4856666668,1728259200000,0.01873071277838539,0.02343248075411508,0.0063595600608004465
SOLUSDT,1728305999999,SHORT,290714.74991666665,-39441.10120833339,1728306000000,-0.008795059717861467,-0.017432937933558844,0.011825355318627283
SOLUSDT,1728309599999,LONG,-39441.10120833339,313575.6953333332,1728309600000,0.01786671987010535,0.008490273768510137,-0.018936285485051784
SOLUSDT,1728313199999,SHORT,313575.6953333332,-267617.76366666687,1728313200000,0.012137978591189697,0.03239904568991082,0.035163016839601456
SOLUSDT,1728320399999,LONG,-559351.7644583333,69178.58383333326,1728320400000,-0.00014760444718737637,-0.0232251339998123,-0.033057987065913785
SOLUSDT,1728323999999,SHORT,69178.58383333326,-34106.57054166667,1728324000000,0.023022599588315547,0.01501459670361675,0.03632092525522235
SOLUSDT,1728719999999,LONG,-390125.40170833375,293992.0723333328,1728720000000,0.000886320830564003,0.004738516613572813,0.008473698889297793
SOLUSDT,1728748799999,SHORT,408090.33295833337,-80212.23729166621,1728748800000,-0.0023736813107023635,-0.00482353394124322,0.005177302893605726
SOLUSDT,1728856799999,LONG,-229192.2077916671,271071.4176666659,1728856800000,-0.0008932136660067096,-0.0009067533440335179,0.0335407533152038
SOLUSDT,1728993599999,SHORT,676517.681375,-329595.0377916675,1728993600000,-0.006867035912250933,-0.00556265954522133,-0.015045713203709956
SOLUSDT,1729000799999,LONG,-486768.33158333413,289731.55295833264,1729000800000,-0.0401019139662678,-0.02420374226531386,-0.024139103113356902
SOLUSDT,1729004399999,SHORT,289731.55295833264,-2.4242204159999997e+06,1729004400000,-0.006284799737443598,-0.017640815483162837,-0.013826607801194046
SOLUSDT,1729090799999,LONG,-1.6641364902916644e+06,360912.31200000085,1729090800000,0.0032179201406788683,-0.005040724128071541,-0.008350373795715476
SOLUSDT,1729115999999,SHORT,351498.98841666523,-65482.58220833478,1729116000000,-0.0060274332646522485,-0.011054836699137482,0.005410175175224388
SOLUSDT,1729295999999,LONG,-143499.6923750007,88131.10837499921,1729296000000,-0.0025863198174597155,-0.002392113634619194,-0.0070635034309760765
SOLUSDT,1729303199999,SHORT,378569.2427499993,-128923.96945833399,1729303200000,-0.004203996748821877,-0.003945798967888494,-0.00284771404664682
SOLUSDT,1729310399999,LONG,-28401.769708333693,167776.735208333,1729310400000,-0.0023976941791718012,-0.00019419361164047807,0.012286668348350056
SOLUSDT,1729321199999,SHORT,205046.94995833313,-311006.19162500027,1729321200000,0.00012946659779874078,0.0010362024112182532,-0.008443764112689548
SOLUSDT,1729375199999,LONG,-151176.18199999942,139906.08400000073,1729375200000,0.011843452030010759,0.011150647719509741,0.013290493711936259
SOLUSDT,1729393199999,SHORT,371361.47837499995,-25016.97762499998,1729393200000,-0.0028349154337603513,-0.0042179545679020295,-0.014094886771199024
SOLUSDT,1729396799999,LONG,-25016.97762499998,192145.50708333342,1729396800000,0.002827078999303017,-0.0014480438202489796,0.006146532145967711
SOLUSDT,1729544399999,SHORT,1.469606161666669e+06,-903418.104208331,1729544400000,-0.005929758922264319,0.00669060089014738,0.004938281640582677
SOLUSDT,1729713599999,LONG,-1.5007111592916648e+06,452020.90529166907,1729713600000,0.0030583710615928665,-0.012913162218587617,0.0027126095183569107
SOLUSDT,1729871999999,SHORT,46414.442666668445,-2.6334157529999986e+06,1729872000000,0.0024400174773658223,0.026100705728125576,0.039954416157227855
SOLUSDT,1729983599999,LONG,-2.2373965607499992e+06,291736.3100000005,1729983600000,-0.0029813250972007786,0.0010501138588243078,0.013047823485619952
SOLUSDT,1729987199999,SHORT,291736.3100000005,-660040.6795416683,1729987200000,0.001288810957541242,-0.007233304593520061,-0.018273560079468364
SOLUSDT,1730015999999,LONG,-555005.589166667,116501.82895833284,1730016000000,0.011540908389775959,0.0046093651556578874,0.022667903690725758
SOLUSDT,1730023199999,SHORT,354920.7554999997,-113739.15887499943,1730023200000,0.0054583720226186894,-0.0076488756954471784,-0.014110384318420332
SOLUSDT,1730033999999,LONG,-18138.547541665535,20631.763833334047,1730034000000,0.0010809889255646299,0.005393297015364539,0.0018767600128601842
SOLUSDT,1730289599999,SHORT,417231.37445833656,-1.0661951678749982e+06,1730289600000,0.0011960020789496119,0.010068158956900925,0.004907005167405262
SOLUSDT,1730818799999,LONG,-978528.3676249996,146410.0977916677,1730818800000,-0.005892272939956655,-0.00041972718349664496,0.0735982805061279
SOLUSDT,1730822399999,SHORT,146410.0977916677,-1.9145200830833332e+06,1730822400000,-0.015496765082770413,0.011339983865747142,-0.1088457520913706
SOLUSDT,1730854799999,LONG,-891317.7813750008,324764.6660416648,1730854800000,0.0043976462494009026,0.07073881415986508,0.07784555237255691
SOLUSDT,1730858399999,SHORT,324764.6660416648,-130140.55912500185,1730858400000,-0.03606446293114,-0.06710105869375854,-0.07661240152221768
SOLUSDT,1730861999999,LONG,-130140.55912500185,1.8043642171250002e+06,1730862000000,0.029359806305163348,0.03130480664819008,0.030008560179893454
SOLUSDT,1730955599999,SHORT,230193.3719999995,-1.1281152444583327e+06,1730955600000,-0.002065514597126122,-0.0022242237629135765,-0.02786598477023742
SOLUSDT,1730995199999,LONG,-551628.241958331,1.1918966165000005e+06,1730995200000,0.00625826346283473,0.022166120471187014,0.028085842278978108
SOLUSDT,1731034799999,SHORT,326734.04320833524,-862010.5234583324,1731034800000,-0.011160263959786537,-0.014232772484138958,-0.018598605538389098
SOLUSDT,1731038399999,LONG,-862010.5234583324,375333.6615833339,1731038400000,-0.002121105789950553,0.011436721768061469,0.013977133086742345
SOLUSDT,1731149999999,SHORT,84625.32529166962,-833885.2883333297,1731150000000,0.004243148264793336,0.02431973150127484,0.014880488849922217
SOLUSDT,1731218399999,LONG,-817516.1822083354,209980.57391666374,1731218400000,-0.006584704725192292,-0.009016494260720678,0.027370279895798412
SOLUSDT,1731221999999,SHORT,209980.57391666374,-877769.3759583365,1731222000000,0.0037961791829135604,0.001847620499346312,-0.03132204314038014
SOLUSDT,1731232799999,LONG,-379726.08345833607,92141.89658333051,1731232800000,0.0005354752470653285,0.007035619404827173,0.010173520553046288
SOLUSDT,1731279599999,SHORT,564223.7971666679,-740093.1809583312,1731279600000,0.002042707534358383,-0.004734408994815953,-0.024146136651814948
SOLUSDT,1731358799999,LONG,-222853.07512500012,2.385257816291664e+06,1731358800000,0.00045660016317680105,0.007733990599736257,0.02818863753645574
SOLUSDT,1731409199999,SHORT,23002.644041667383,-5.093631541500002e+06,1731409200000,0.009692825145652841,0.0006089135765087278,-0.007975230574370043
SOLUSDT,1731736799999,LONG,-175037.19037499776,247394.591541669,1731736800000,-0.010504154968445709,-0.015315491488862337,-0.025008173298556608
SOLUSDT,1731740399999,SHORT,247394.591541669,-427974.8169583312,1731740400000,-0.001461721436948797,0.001234991580638457,0.01006141765939259
SOLUSDT,1732211999999,LONG,-2.518915551041665e+06,182573.26458333185,1732212000000,0.0036429912785010087,-0.016283434782944025,0.012194331859323435
SOLUSDT,1732287599999,SHORT,1.1675725385416623e+06,-4.000570904750006e+06,1732287600000,-0.01184095387431883,0.0019345038504935438,-0.003425537358940974
SOLUSDT,1733921999999,LONG,-870437.0327499993,78638.15758333355,1733922000000,0.007269213340101056,0.019995381231551593,0.011016104501603462
SOLUSDT,1733925599999,SHORT,78638.15758333355,-697246.6245000003,1733925600000,-0.0036588901054328553,-0.00708520577895106,0.0015026962962052623
SOLUSDT,1733932799999,LONG,-759488.4835000001,2.2504264751666696e+06,1733932800000,0.004151106002378609,0.005980852962294479,0.008502154941312044
SOLUSDT,1734019199999,SHORT,72302.30220833172,-883247.112666669,1734019200000,0.002338473263816623,0.017541247392516997,0.017805401660144188
SOLUSDT,1735041599999,LONG,-712120.2966666663,452328.97345833416,1735041600000,-0.006921163110813101,0.02479000186232435,0.02134399429675048
SOLUSDT,1735045199999,SHORT,452328.97345833416,-19380.253666665714,1735045200000,-0.019903983783926403,-0.020876074623054953,-0.030089445642633227
SOLUSDT,1735048799999,LONG,-19380.253666665714,461498.1405000007,1735048800000,-0.005183619089786602,0.006530968670385966,0.019064614324863723
SOLUSDT,1735059599999,SHORT,869169.4287916686,-14461.894041664587,1735059600000,-0.005456552461020694,0.005640751328933728,-0.018943989508304185
SOLUSDT,1735063199999,LONG,-14461.894041664587,658333.7804583363,1735063200000,-0.0012722324303214472,-0.00020344845195040712,0.013136146049266278
SOLUSDT,1735070399999,SHORT,619329.3290833362,-380412.3908749968,1735070400000,0.003695723331804047,-0.009230756314949127,-0.014496324655474036
SOLUSDT,1735077599999,LONG,-787529.6062499974,37718.78787500287,1735077600000,0.00137247448155013,0.01273709410642825,0.006793091113128499
SOLUSDT,1735081199999,SHORT,37718.78787500287,-154731.31649999693,1735081200000,-0.0006093535962684104,-0.023047238082539216,-0.002080426984038403
SOLUSDT,1735091999999,LONG,-474853.435583331,394185.72383333585,1735092000000,0.011683192455198586,0.0005522781613953487,-0.011414841858271258
SOLUSDT,1735099199999,SHORT,495110.74400000245,-317444.9979583311,1735099200000,0.002405533885254538,0.008798226735214508,0.00809151292488219
SOLUSDT,1735109999999,LONG,-317309.36337499757,419448.988125002,1735110000000,-0.0032769558703606176,-0.007071450823115664,-0.0025702420600283177
SOLUSDT,1735113599999,SHORT,419448.988125002,-244543.1708749983,1735113600000,0.0013644290466054024,0.011682969273445793,-0.005640059265569538
SOLUSDT,1735455599999,LONG,-751934.7859999985,629777.8549166688,1735455600000,-0.001377094548587213,0.0025960158123751755,-0.015460386526799973
SOLUSDT,1735541999999,SHORT,1.212822779875001e+06,-162676.22879166654,1735542000000,0.002908186511661608,0.0014530360626049748,-0.008365656844089466
SOLUSDT,1735599599999,LONG,-587088.6706250018,39431.63224999793,1735599600000,0.0010462440795341412,-0.00456394234829268,0.016301041015362068
SOLUSDT,1735606799999,SHORT,138853.8730833313,-479699.8863750019,1735606800000,0.004695463532036865,0.006177258892078249,-0.015615117395788997
SOLUSDT,1735631999999,LONG,-121567.07804166774,7592.265749999322,1735632000000,0.010786574371190622,0.019704557465220037,0.019601315672850898
SOLUSDT,1735635599999,SHORT,7592.265749999322,-606303.0690000011,1735635600000,-0.00633373522208385,-0.005039102587412597,-0.009795108243780994
DOGEUSDT,1672563599999,SHORT,54146.012267083126,-138700.18940041683,1672563600000,-0.005906521529521035,-0.00490055751568004,-0.0169058467662683
DOGEUSDT,1672592399999,LONG,-107909.26810124982,2134.676116250145,1672592400000,0.002151618129072093,0.010712092720051872,0.004012616447291786
DOGEUSDT,1672624799999,SHORT,48163.46471625031,-140996.9901149997,1672624800000,-0.004185616271703785,-0.015214876538286995,-0.03677563564486464
DOGEUSDT,1672631999999,LONG,-86308.02998708305,3825.9193108335603,1672632000000,-0.0010006433541682356,0.02525351101801288,0.03330128582564598
DOGEUSDT,1672732799999,SHORT,80933.47442625025,-240571.0507749993,1672732800000,0.0036206696008029594,0.007114489100596893,0.028766789027713336
DOGEUSDT,1672844399999,LONG,-18217.34225958322,66994.93958124996,1672844400000,0.003044142381228052,0.008417906604626947,0.013762947768296781
DOGEUSDT,1672891199999,SHORT,85984.4371054169,-124039.70736916647,1672891200000,-0.011724742358067367,-0.012131273971498711,0.007432931674865942
DOGEUSDT,1672898399999,LONG,-86308.86633333303,16227.718356250203,1672898400000,-0.010206911067965119,-0.025167070397587296,-0.03799217896035773
DOGEUSDT,1672901999999,SHORT,16227.718356250203,-181377.04638583318,1672902000000,0.0036513665559628223,0.008813018874404806,0.023491929810829558
DOGEUSDT,1673125199999,LONG,-179225.13455041664,8011.935107916671,1673125200000,0.0020771315368128015,-0.007373946456544582,-0.006396906808717948
DOGEUSDT,1673128799999,SHORT,8011.935107916671,-18289.784849166637,1673128800000,0.004019687996150423,0.006522818214268911,0.006801330958027164
DOGEUSDT,1673179199999,LONG,-29865.67191041676,17373.58349124994,1673179200000,-0.001536420443309158,0.010689350063314264,0.02698773179643349
DOGEUSDT,1673182799999,SHORT,17373.58349124994,-57233.553987500025,1673182800000,-0.0009781318463075897,-0.004185273966417864,-0.04363085180029473
DOGEUSDT,1673189999999,LONG,-85697.1092066667,54093.606870416705,1673190000000,0.0016583751727761256,-0.006382705170774817,0.03332508310607669
DOGEUSDT,1673197199999,SHORT,87963.05832666678,-43070.43057833317,1673197200000,0.00013924667571059022,-0.013964969431887082,-0.04705150647918757
DOGEUSDT,1673211599999,LONG,-123513.37071499969,24910.214705416933,1673211600000,-0.0031630363990734324,0.025619835690763326,0.02882667970034293
DOGEUSDT,1673215199999,SHORT,24910.214705416933,-94419.71494166646,1673215200000,-0.004809353138044324,-0.02771163470833802,-0.04563683085094328
DOGEUSDT,1673225999999,LONG,-49425.28583124982,27800.37136166694,1673226000000,-0.0010712373814988035,0.00746670135653707,0.03885003006248237
DOGEUSDT,1673243999999,SHORT,43933.54783666731,-60952.954964166005,1673244000000,0.007611707979662392,-0.010849537492315986,-0.044873904804336735
DOGEUSDT,1673258399999,LONG,-131939.37138041598,30323.40161791739,1673258400000,0.013075500096120607,0.012945587786746314,-0.009787143326649966
DOGEUSDT,1673272799999,SHORT,145107.5344679169,-27800.85224083318,1673272800000,-0.015214321321259673,-0.021210384447488125,0.0037748173687823365
DOGEUSDT,1673654399999,LONG,-14744.534201250024,7786.711332499748,1673654400000,0.01735706762255191,0.03920706292225096,0.019099531907296803
DOGEUSDT,1673657999999,SHORT,7786.711332499748,-224705.8861858335,1673658000000,-0.04134278911576259,-0.021169681507712857,-0.008683122573460857
DOGEUSDT,1674248399999,LONG,-140262.39387541616,328138.31698708393,1674248400000,0.0010515862393380006,0.004665275548086422,0.01749856341543535
DOGEUSDT,1674309599999,SHORT,55990.939633750124,-4840.421449999791,1674309600000,-0.003906254967064989,-0.0012654588976632644,0.01823829377419572
DOGEUSDT,1676156399999,LONG,-118624.32855458336,9453.801343750014,1676156400000,-0.0012155100560618558,-0.0023107337736933166,0.020083652611741384
DOGEUSDT,1676163599999,SHORT,5489.96375166683,-99766.05197249982,1676163600000,-0.00036641221784005284,0.0003665465249665996,-0.023780467585509023
DOGEUSDT,1676195999999,LONG,-112119.34330374988,378666.4757454172,1676196000000,-0.0033281856467262754,-0.006786952288832375,-0.021227636443626668
DOGEUSDT,1676239199999,SHORT,32829.7410508338,-194882.9171412496,1676239200000,0.0026705526918013355,0.01687081579038686,0.02392311844933217
DOGEUSDT,1677610799999,LONG,-78090.75850124976,77957.14973500038,1677610800000,-0.012717217123443389,-0.018022923937271104,0
DOGEUSDT,1677614399999,SHORT,77957.14973500038,-39177.209257083094,1677614400000,0.005181998024160491,0.005305706813827739,-0.012838716424971966
DOGEUSDT,1678049999999,LONG,-103792.97239083318,2066.2638599999286,1678050000000,-0.002123988585570591,-0.009058274272356892,-0.020903883237166875
DOGEUSDT,1678060799999,SHORT,53511.2487745832,-5892.467834166814,1678060800000,-0.00013382402161170293,0.009142306215290382,0.014695242539961625
DOGEUSDT,1678150799999,LONG,-98629.42359624997,9825.44388666687,1678150800000,0.003969834510911016,0.0018545508030978232,-0.018061899805013323
DOGEUSDT,1678161599999,SHORT,27232.598505000118,-1041.3198516665336,1678161600000,-0.0018545508030978232,0.007319215587617158,0.02198479966168153
DOGEUSDT,1678165199999,LONG,-1041.3198516665336,6960.296435833462,1678165200000,0,-0.010241494052196907,-0.029135443412158558
DOGEUSDT,1678172399999,SHORT,37866.2686225001,-38502.71980333326,1678172400000,0.0029341178691987034,0.015433440603306705,0.02112991606436094
DOGEUSDT,1678633199999,LONG,-13272.670010416556,16043.689224166816,1678633200000,0,0.03291797929235698,0.06864643821774188
DOGEUSDT,1678730399999,SHORT,31990.644657082896,-27675.691365000366,1678730400000,-0.0057891271259696035,-0.005376727642497524,-0.0006909417810981558
DOGEUSDT,1679018399999,LONG,-48800.46307833353,63525.74468666641,1679018400000,-0.005182772103136528,-0.002860842493390499,0.01351189317963981
DOGEUSDT,1679021999999,SHORT,63525.74468666641,-97174.10014291697,1679022000000,-0.004638480349326169,-0.026182332302051033,-0.00150304052345005
DOGEUSDT,1679036399999,LONG,-61690.74589916691,153769.82129374976,1679036400000,-0.005609738231870169,0.005445985433225473,-0.00695004134097227
DOGEUSDT,1679097599999,SHORT,279102.01642791665,-15129.231554166568,1679097600000,-0.013904453757105037,-0.01853945626125343,-0.019823153485031695
DOGEUSDT,1679101199999,LONG,-15129.231554166568,174984.73525500004,1679101200000,0.0002580312232096457,-0.003489953778128927,0.005019638572555845
DOGEUSDT,1679104799999,SHORT,174984.73525500004,-11113.54361333341,1679104800000,-0.0007736944293101071,0.00025803122320952073,0.008160138538421454
DOGEUSDT,1679108399999,LONG,-11113.54361333341,209566.29211583314,1679108400000,0.003603143777227119,0.004245198373922418,-0.008544847433817655
DOGEUSDT,1679126399999,SHORT,42180.83083499976,-108279.04455250029,1679126400000,0.011115533860196886,-0.0019261643194396544,0.04253726080701005
DOGEUSDT,1679605199999,LONG,-32866.67387791688,23547.248097916483,1679605200000,-0.0032528816660262407,0.0016873259892690976,-0.02392647331033553
DOGEUSDT,1679608799999,SHORT,23547.248097916483,-26598.463800833444,1679608800000,-0.002342835901772667,-0.004291014971095518,0.024936973953169045
DOGEUSDT,1679612399999,LONG,-26598.463800833444,36233.741652083154,1679612400000,0.00531605790036498,-0.002864212347368416,-0.02768069180057896
DOGEUSDT,1679641199999,SHORT,3956.652037916511,-30689.80672083345,1679641200000,0.00104534179125742,0.023120126205031986,0.03076757744222314
DOGEUSDT,1680044399999,LONG,-15288.697944166566,2608.5512166668195,1680044400000,0.004210532536343679,0.007593256822821003,0.03280299466948638
DOGEUSDT,1680148799999,SHORT,20632.949430416687,-60171.60928125008,1680148800000,-0.0021316288380568596,-0.004922513764738471,0.0028046762959417753
DOGEUSDT,1680292799999,LONG,-85118.39699083322,20211.784973750047,1680292800000,0.004043044307491288,0.0049537319395459856,0.006772622917817978
DOGEUSDT,1680346799999,SHORT,13220.878542916771,-108736.37802708324,1680346800000,0.002619860026125559,0.004983616871958593,-0.07204072511120493
DOGEUSDT,1680371999999,LONG,-141004.29655541657,205881.34560541683,1680372000000,0.035311043048765305,0.04156604596547629,0.07333384790000212
DOGEUSDT,1680386399999,SHORT,76843.9730058331,-6593.925036250148,1680386400000,-0.0042696008745757765,-0.0402545964165774,-0.010095567104391532
DOGEUSDT,1680400799999,LONG,-72911.80413500026,139723.73983999985,1680400800000,-0.015860197528353215,-0.008609051343870076,-0.0657604980720697
DOGEUSDT,1680425999999,SHORT,282219.8403616661,-26990.804990833934,1680426000000,-0.0007263922837557365,0.013902662950297233,0.03537683263316797
DOGEUSDT,1680433199999,LONG,-7772.941725833807,67966.66953291612,1680433200000,-0.004252481956603619,-0.033032335252941386,-0.046912684285346826
DOGEUSDT,1680440399999,SHORT,36112.05468666623,-146725.35822916706,1680440400000,0.020849601121623824,0.024996638167713282,0.03397778765147525
DOGEUSDT,1680937199999,LONG,-338817.1216766664,33350.93823750038,1680937200000,-0.004448994292081109,-0.004931154378567718,-0.026749315236202716
DOGEUSDT,1680940799999,SHORT,33350.93823750038,-194771.58577999938,1680940800000,0.0025336322897701177,-0.0010838803975550303,0.023037157488989185
DOGEUSDT,1680955199999,LONG,-33677.756291249614,132791.47427000004,1680955200000,0,-0.00036120643340170356,-0.02153760929721537
DOGEUSDT,1680965999999,SHORT,103312.19958333376,-119368.02480124962,1680966000000,-0.0002408767926858047,0.022782248664292418,0.0138267818318039
DOGEUSDT,1681383599999,LONG,-19687.481659166904,595438.0184062492,1681383600000,-0.006682822428513177,-0.00045945325871412507,0.004925836181393042
DOGEUSDT,1681459199999,SHORT,212230.60348666576,-48529.320710000815,1681459200000,-0.005344034094271511,-0.006675592213784032,0.01111309635521313
DOGEUSDT,1681577999999,LONG,-20256.10982541608,10090.125879583959,1681578000000,0.0006737788014587593,-0.009367485687618856,0.015604418278750802
DOGEUSDT,1681581599999,SHORT,10090.125879583959,-653949.7566691661,1681581600000,0.0012357469415058464,0.007550607800180208,-0.017362706622912227
DOGEUSDT,1681621199999,LONG,-41052.164150833305,237528.4332791666,1681621200000,0.002319802200231279,-0.00254692568884223,-0.00398936699303347
DOGEUSDT,1681639199999,SHORT,185346.01262874986,-182371.65050416687,1681639200000,-0.003009197032526841,0.007281721526936581,-0.017372497767996545
DOGEUSDT,1681660799999,LONG,-108718.76698166667,143959.0700116666,1681660800000,0.007691059480124977,0.011237948589832897,-0.0005596284213436068
DOGEUSDT,1681693199999,SHORT,220316.59465999986,-345995.89682666684,1681693200000,-0.004958315319423386,-0.010339494223940243,-0.06526549361168565
DOGEUSDT,1682441999999,LONG,-67344.98702541685,58170.92812083312,1682442000000,0.003954843452874408,0.014467257405794973,0.02299823374573444
DOGEUSDT,1682445599999,SHORT,58170.92812083312,-5815.377221666975,1682445600000,0.0026777191645283127,-0.01416131896927429,-0.02166604462334207
DOGEUSDT,1682452799999,LONG,-80803.4768025002,20232.1301587498,1682452800000,0.01038509840115401,0.015035977251578892,0.018041238717042076
DOGEUSDT,1682539199999,SHORT,639780.7341850004,-216880.0546324999,1682539200000,-0.011849700736167677,-0.017340361277310593,-0.03187825716687013
DOGEUSDT,1682629199999,LONG,-277211.9359124994,79654.6040825001,1682629200000,0.0012475051518078054,0.0013721701148813959,-0.0006243366625977977
DOGEUSDT,1682647199999,SHORT,40310.29930875031,-201328.32081416648,1682647200000,-0.00037492970507319685,-0.003992021269537457,0.007024614936964466
DOGEUSDT,1682686799999,LONG,-95966.90127874987,4147.908607083392,1682686800000,-0.005273081898158115,0.0031255885919502786,0.006365870589551705
DOGEUSDT,1682690399999,SHORT,4147.908607083392,-59852.36985125003,1682690400000,-0.0011322892321267426,-0.008148982598673754,-0.016851175754700118
DOGEUSDT,1682791199999,LONG,-9921.583003333188,16891.444077500102,1682791200000,0.0033249214794625094,0.006516282970445606,0.005535409914853579
DOGEUSDT,1682819999999,SHORT,89446.15279000004,-62581.60634958333,1682820000000,-0.004944385845464287,-0.010109813638566374,-0.0034636353281120645
DOGEUSDT,1682823599999,LONG,-62581.60634958333,29705.698389166693,1682823600000,-0.0017275423842304117,0.002339758471511587,-0.00012329696088607113
DOGEUSDT,1682884799999,SHORT,169305.7596191664,-75573.47163250037,1682884800000,0.00400451041958854,0.0075216601324544505,0.015480769800023162
DOGEUSDT,1682902799999,LONG,-71501.04291250026,38497.91538291638,1682902800000,-0.017332333438064083,-0.013765450675492891,-0.010718216220023922
DOGEUSDT,1682906399999,SHORT,38497.91538291638,-220339.6519450004,1682906400000,-0.005219284968894937,-0.006488159647451314,-0.0033129490036351897
DOGEUSDT,1683154799999,LONG,-115247.41603041661,256722.23807458335,1683154800000,-0.009504823932353551,-0.01176926067804603,-0.012903404835907729
DOGEUSDT,1683215999999,SHORT,3627.3958566668443,-5244.367975833166,1683216000000,-0.003832401215922111,-0.004851899201511076,-0.004724518779709711
DOGEUSDT,1683219599999,LONG,-5244.367975833166,31005.80247125014,1683219600000,-0.002808990611055004,-0.000892914148235147,0.003944778291016325
DOGEUSDT,1683241199999,SHORT,67730.11788708328,-334341.20433000015,1683241200000,-0.0025565653704941863,-0.008411979248943702,-0.0062520139850612945
DOGEUSDT,1683327599999,LONG,-365508.17929291684,281495.9861895831,1683327600000,-0.002616334888072432,-0.01896684377514595,-0.03262808400594437
DOGEUSDT,1683349199999,SHORT,11726.743896666449,-3389.6978337502806,1683349200000,0.0026580611814764686,0.013361527280836068,0.029895099460653392
DOGEUSDT,1683352799999,LONG,-3389.6978337502806,3187.9701020829766,1683352800000,0,-0.012370239996358943,-0.02658603897228503
DOGEUSDT,1683359999999,SHORT,649.2268949997766,-8934.374760000306,1683360000000,0.008419490991529,0.008932048665487437,0.023261345675035388
DOGEUSDT,1683727199999,LONG,-109078.14748916688,84550.17681833312,1683727200000,-0.003245000143327078,-0.028201732117194636,-0.019354563544867878
DOGEUSDT,1683734399999,SHORT,33136.125674166426,-6853.998217500339,1683734400000,0.0014896068838807584,0.00842510758828118,0.020368416553426538
DOGEUSDT,1683914399999,LONG,-32234.344593749538,149607.23771333377,1683914400000,-0.0023898233065220453,0.007832207869829393,0.007414176790098731
DOGEUSDT,1683921599999,SHORT,154976.9640837504,-79116.40896541656,1683921600000,0.0001404198555983717,-0.014912129162573904,-0.010475687670081175
DOGEUSDT,1683961199999,LONG,-107125.6902366666,278570.60056,1683961200000,0.0026434798002518173,0.002365547613915637,-0.0034889435991687567
DOGEUSDT,1683975599999,SHORT,305821.8886662501,-32362.9688633334,1683975600000,0.0013908208083429645,0.0072534841664958155,0.0009733714180185176
DOGEUSDT,1684007999999,LONG,-106358.75590041674,245947.10057500013,1684008000000,0.00418002559307813,0.0002792126222242938,0.0052917544457684595
DOGEUSDT,1684025999999,SHORT,18232.47668458345,-14094.325982916615,1684026000000,0.004195223605053688,-0.005288808430947579,-0.007230287337834598
DOGEUSDT,1684029599999,LONG,-14094.325982916615,1508.9310725000494,1684029600000,0.004474280394920886,0.0072605736436041814,0.01267161702313556
DOGEUSDT,1684033199999,SHORT,1508.9310725000494,-7905.486490833263,1684033200000,-0.002508362519206108,-0.004177115513885239,-0.006952197078354044
DOGEUSDT,1684119599999,LONG,-130026.02041166666,20402.631298750097,1684119600000,-0.0011001101219511602,0.005345773816211869,-0.003303967763271252
DOGEUSDT,1684141199999,SHORT,15886.73034166669,-4054.3658004166596,1684141200000,0.0026057753207071,0.004943028051702516,0.010325692348500214
DOGEUSDT,1684151999999,LONG,-13043.22503833331,7247.656365000003,1684152000000,0.002756721249600506,0.001517137040189734,-0.008176887081318801
DOGEUSDT,1684169999999,SHORT,1999.8995262500055,-1254.7463633333489,1684170000000,-0.001516300517964008,0.0031778955932920943,0.008589689832435105
DOGEUSDT,1684177199999,LONG,-37885.74725458332,3154.9880204166984,1684177200000,-0.0013825524115687118,-0.0022130022862845464,-0.006792845139816307
DOGEUSDT,1684180799999,SHORT,3154.9880204166984,-48679.73322499994,1684180800000,0.00013837957539543654,0.005689323609517163,0.0013846582107078559
DOGEUSDT,1684274399999,LONG,-94133.95620541651,74437.98808291675,1684274400000,-0.005774005593473702,0.0051955271369135275,0.011584456637632294
DOGEUSDT,1684342799999,SHORT,96265.2683158331,-45919.07951916704,1684342800000,-0.0024248967829968403,-0.012732196389206382,-0.0006741724788485081
DOGEUSDT,1684349999999,LONG,-106586.21226416698,502.29860083308694,1684350000000,0.003071788725936009,0.0017373876739136293,-0.014551590640310684
DOGEUSDT,1684353599999,SHORT,502.29860083308694,-20031.994397083647,1684353600000,-0.001332622798494601,0.0026705851097218575,0.013019444355288047
DOGEUSDT,1684522799999,LONG,-305807.60973125015,86955.44266666663,1684522800000,-0.0020381826472905713,-0.0010865137562145674,-0.004625858589014036
DOGEUSDT,1684537199999,SHORT,298379.73970833333,-166450.0228699999,1684537200000,0.0017681065469864264,0.005586987347447005,0.0046308990413310505
DOGEUSDT,1684774799999,LONG,-79776.82721625031,189614.3113399999,1684774800000,0.002608279328932305,0.004388979751524673,0.009303665411917272
DOGEUSDT,1684875599999,SHORT,47021.72957875007,-32240.62752166662,1684875600000,0.0002749896896194854,0.0013757052658051932,0.021398621140912878
DOGEUSDT,1685069999999,LONG,-21097.169839583028,4159.173857083661,1685070000000,0.0018409691526727729,0.00297219099276153,0.00804691290682604
DOGEUSDT,1685080799999,SHORT,21708.482473750366,-33061.287457082966,1685080800000,-0.004106781952653281,-0.0031170328439315592,-0.001134590959891912
DOGEUSDT,1685087999999,LONG,-11246.796731666313,50716.458095000395,1685088000000,-0.00042363906585717796,-0.00014119308177368265,0.002960458918383472
DOGEUSDT,1685120399999,SHORT,27388.752732917008,-67834.08644416633,1685120400000,0.0031135037888703017,-0.00394867245541628,-0.010402117972611294
DOGEUSDT,1685127599999,LONG,-35514.848877916345,53340.90451875026,1685127600000,0.0022547923870893044,-0.0007056665312942137,0.007169497217543708
DOGEUSDT,1685131199999,SHORT,53340.90451875026,-115313.64396666647,1685131200000,-0,0.0018313733371026252,-0.005753998052154033
DOGEUSDT,1685152799999,LONG,-12152.18522458316,53201.38485833347,1685152800000,0.0001403410289302069,0.0012623607819855695,-0.003796671930409424
DOGEUSDT,1685314799999,SHORT,240746.53307583326,-286742.26640874974,1685314800000,-0.00027210884521640405,-0.0009520571953404918,0.005594611030973767
DOGEUSDT,1685735999999,LONG,-9389.537241250064,187850.14021749995,1685736000000,-0.003296706282491866,-0.004811336520416712,-0.00536268043514124
DOGEUSDT,1685822399999,SHORT,65912.25751291659,-132886.55359500006,1685822400000,-0.0013815973460451771,-0.004827262666780812,-0.0074380508210014264
DOGEUSDT,1686077999999,LONG,-522776.6004879162,114204.16383041728,1686078000000,-0.012731896364322889,-0.015693190215582156,-0.03451056655302878
DOGEUSDT,1686149999999,SHORT,132171.69468875043,-63871.108716666386,1686150000000,-0.00014902019251171973,-0.0072759991346265,-0.006091691076143009
DOGEUSDT,1686315599999,LONG,-39377.838208333305,318085.8027683333,1686315600000,0.0024235524015883978,-0.015970413530029915,0.004841245394656089
DOGEUSDT,1686373199999,SHORT,415749.70112666645,-368592.906506666,1686373200000,-0.008633624938404465,-0.004824096521736853,-0.009294672723177338
DOGEUSDT,1686625199999,LONG,-74318.45441749987,8261.988577083373,1686625200000,-0.0024191609249937995,-0.0043587122037815115,-0.009061550677574855
DOGEUSDT,1686628799999,SHORT,8261.988577083373,-9534.456795833268,1686628800000,0.0016162925775015024,0.0017780656102897655,0.020558727021036664
DOGEUSDT,1686754799999,LONG,-26617.62023458333,23219.172701666655,1686754800000,-0.0009708738626696467,-0.002428954315403409,-0.030711010336080452
DOGEUSDT,1686772799999,SHORT,23189.424188749963,-61383.509358750016,1686772800000,0.041752426151420045,0.017420325491889502,0.019743977989690933
DOGEUSDT,1686862799999,LONG,-169598.6189279166,32793.82511041671,1686862800000,-0.003246229112698608,-0.0038967414140574598,0
DOGEUSDT,1686866399999,SHORT,32793.82511041671,-29859.640158333426,1686866400000,-0,-0.004379213875499616,-0.0030836671355870568
DOGEUSDT,1686869999999,LONG,-29859.640158333426,7227.193321666564,1686870000000,-0.00016258840780478364,0.0012997564786748532,0.001786729948245019
DOGEUSDT,1686873599999,SHORT,7227.193321666564,-12776.061264583434,1686873600000,0.0004879238935541081,-0.003408817520503309,0.0022790177534714783
DOGEUSDT,1686880799999,LONG,-7819.538340416795,33995.017484166565,1686880800000,-0.0030801677914837683,0.0017789282608344729,-0.01008630642957414
DOGEUSDT,1686884399999,SHORT,33995.017484166565,-4323.940516250131,1686884400000,-0.0019464726340236548,-0.004212579139545136,0.00016237720259747377
DOGEUSDT,1686887999999,LONG,-4323.940516250131,22698.558001666523,1686888000000,-0.0008105698749712525,-0.0009727627226221707,0.00032404407282909644
DOGEUSDT,1686902399999,SHORT,36161.23526958318,-20241.225568750157,1686902400000,-0.0011349818810604624,0.004552853392914253,-0.009847524892902035
DOGEUSDT,1686920399999,LONG,-89648.28063291674,20244.302294999845,1686920400000,-0.004079307280446291,0.0043870409137661695,0.00907770863270819
DOGEUSDT,1686923999999,SHORT,20244.302294999845,-48277.930740000156,1686924000000,-0.006680269241880776,-0.014122465053864441,-0.01057006344949672
DOGEUSDT,1686931199999,LONG,-8603.323754583582,13233.4092887497,1686931200000,-0.0008103071507304971,0.008388498939012496,0.0025885793454655816
DOGEUSDT,1686952799999,SHORT,49533.79831249979,-3534.3282500001174,1686952800000,-0.005813031063124973,-0.0011329611958837418,-0.01383103424913251
DOGEUSDT,1686959999999,LONG,-11160.118799166774,10707.713179999884,1686960000000,-0.0027395069908852853,-0.004031288213631189,0.004495832877732132
DOGEUSDT,1686967199999,SHORT,18279.929916666548,-1601.8045945834601,1686967200000,-0.003229976968332644,-0.015887359762319146,-0.008376337635220669
DOGEUSDT,1686970799999,LONG,-1601.8045945834601,44659.184554166546,1686970800000,-0.002098297921032691,0.007069438182629779,0.0024156546089432566
DOGEUSDT,1686974399999,SHORT,44659.184554166546,-23512.91170958344,1686974400000,-0.0017754826712363255,-0.009486364250439965,-0.0045132249400573355
DOGEUSDT,1686981599999,LONG,-27163.250069583457,381.74657708321075,1686981600000,-0.005587944611356921,-0.003189286709070394,-0.012173784815673256
DOGEUSDT,1686985199999,SHORT,381.74657708321075,-50740.449714583425,1686985200000,-0.00032010243551174066,-0.0027176101770692413,0.002725015712070975
DOGEUSDT,1687078799999,LONG,-46117.28529624993,3611.8285158333697,1687078800000,0.0009646302998802354,0.0016072006031144662,-0.006616662564725398
DOGEUSDT,1687082399999,SHORT,3611.8285158333697,-75759.44104083332,1687082400000,0.0006428801250023815,-0.003688561635342502,0.00936245741213183
DOGEUSDT,1687100399999,LONG,-1641.033578750008,103836.35445124994,1687100400000,-0.0039660558055030215,-0.006034637973633711,-0.017569530367207185
DOGEUSDT,1687121999999,SHORT,68324.79957208326,-193657.32936750003,1687122000000,0.001782387249803448,-0.002102369982742608,-0.001294289130689298
DOGEUSDT,1687370399999,LONG,-1182.2336012499873,41973.7525720833,1687370400000,0.004263749416622086,-0.003516016769020205,0.035969710151805154
DOGEUSDT,1687373999999,SHORT,41973.7525720833,-14472.883726250147,1687374000000,-0.0006076257212624169,-0.00015194104716626533,-0.030969637897997917
DOGEUSDT,1687377599999,LONG,-14472.883726250147,51456.916632916626,1687377600000,-0.005481968959327847,-0.004566217979581306,0.03755470373641254
DOGEUSDT,1687381199999,SHORT,51456.916632916626,-4429.023212916761,1687381200000,0.0027527162205487543,-0.019958328039666018,-0.03732167885561268
DOGEUSDT,1687399199999,LONG,-32490.62078333351,57267.49650458308,1687399200000,0.0030789555882912603,-0.002499449952255984,-0.02242279703293561
DOGEUSDT,1687409999999,SHORT,68443.22014749977,-12424.28716500022,1687410000000,0.007187416346247934,0.006598748190911695,0.035253148581124216
DOGEUSDT,1687417199999,LONG,-52282.881255416934,56973.52869499967,1687417200000,0.007192691559677028,0.0019133128215217368,-0.023702384112725246
DOGEUSDT,1687424399999,SHORT,291.07984041636035,-49500.06328000035,1687424400000,-0.00630546850493678,0.02156057051417371,0.026080011771081844
DOGEUSDT,1687543199999,LONG,-169440.11447666664,127985.86045124994,1687543200000,-0.008266307675423525,-0.021459111159986954,-0.014254786829447438
DOGEUSDT,1687622399999,SHORT,158726.03639666634,-62613.41431083352,1687622400000,-0.00636269378782865,-0.01328521955132188,-0.02624822607493641
DOGEUSDT,1687899599999,LONG,-66415.60160541667,3508.824487916679,1687899600000,0.0013722652149627135,-0.0076581780311133435,-0.01941210240135663
DOGEUSDT,1687921199999,SHORT,61307.86509833322,-44509.873994166766,1687921200000,-0.005395835183661227,-0.007085673514960085,0.006980560417387716
DOGEUSDT,1687924799999,LONG,-44509.873994166766,16609.698270833196,1687924800000,-0.0004613610231778546,-0.015182321058543028,-0.010199439368892964
DOGEUSDT,1687939199999,SHORT,55042.52360041651,-123899.19589375012,1687939200000,-0.0035845125265686778,-0.004828293781439391,0.03576066387909809
DOGEUSDT,1688176799999,LONG,-117492.8311008336,116315.56265041651,1688176800000,0.0013046316266647274,-0.009619663162479537,-0.0140230168207494
DOGEUSDT,1688209199999,SHORT,73972.8863208337,-37124.262079999666,1688209200000,-0.00414815409630822,-0.00975040964497806,-0.012979533249352325
DOGEUSDT,1688216399999,LONG,-37683.0641441663,24121.47012000038,1688216400000,0.0010302451422699015,0.008650446142479682,-0.003097119207470795
DOGEUSDT,1688259599999,SHORT,52462.32147583416,-113261.7983074992,1688259600000,0.0057773658956075955,0.008008347708889196,0.007115357621269668
DOGEUSDT,1688353199999,LONG,-81266.25756541667,17771.613726250012,1688353200000,0,-0.005877184122476914,-0.011048208424781918
DOGEUSDT,1688385599999,SHORT,36200.41975249994,-35946.17304541675,1688385600000,0.0019155682568606997,-0.0036735035065465784,-0.007333561761195778
DOGEUSDT,1688399999999,LONG,-84242.57237833347,16105.356075833202,1688400000000,-0.0042631450086682825,0.004829159893485804,0.010941826285035053
DOGEUSDT,1688403599999,SHORT,16105.356075833202,-49347.8703325,1688403600000,-0.004409178219005706,-0.00631380116675862,-0.009966372982717457
DOGEUSDT,1689206399999,LONG,-43632.39783666658,55016.8555379167,1689206400000,-0.004008639348838823,-0.005090639608970645,0.005370994266666498
DOGEUSDT,1689353999999,SHORT,594971.8084345837,-32554.457618333556,1689354000000,0.028437935320533514,0.04932036468135735,0.04785602117763521
DOGEUSDT,1689767999999,LONG,-299221.3393783334,74688.9095799999,1689768000000,-0.0011564037137198678,0.028764620214262536,0.01120540384216086
DOGEUSDT,1689865199999,SHORT,255804.7591991655,-323763.2115254183,1689865200000,-0.00028336639464193676,0.012978860074883651,-0.01922731325473925
DOGEUSDT,1689951599999,LONG,-398264.4405137499,136424.68530958393,1689951600000,0.0018941962097112535,-0.009525177473361651,-0.015971945566052224
DOGEUSDT,1689987599999,SHORT,26476.08938791727,-72602.50245791611,1689987600000,0.004263812250220763,0.003161731962340806,0.0182830577495459
DOGEUSDT,1690156799999,LONG,-302106.36811541696,14991.696760416651,1690156800000,-0.0015340634763598116,-0.013326984086858189,0.058852444528759505
DOGEUSDT,1690163999999,SHORT,55048.88695916665,-34351.01601874999,1690164000000,0.004499445161229799,0.00042096401379397466,-0.06042654317856822
DOGEUSDT,1690185599999,LONG,-411577.5432987499,211456.11017499896,1690185600000,-0.03274200619540157,-0.007461255898143601,-0.02108670645913568
DOGEUSDT,1690189199999,SHORT,211456.11017499896,-152583.28369708452,1690189200000,0.019867301982529836,-0.015242974635656072,-0.012585518912813237
DOGEUSDT,1690253999999,LONG,-383951.5651962503,212934.9935245832,1690254000000,-0.00013013208424887633,0.006614381160433994,-0.000520629974014264
DOGEUSDT,1690271999999,SHORT,270160.99316916737,-384311.1478074982,1690272000000,0.00013028467219253938,-0.011656653164022205,-0.06359357246920228
DOGEUSDT,1690279199999,LONG,-215538.37480374798,499933.4340020853,1690279200000,0.0056877092317393135,-0.0035062694190412386,0.053998990294751165
DOGEUSDT,1690293599999,SHORT,199078.34391125105,-156691.44272249876,1690293600000,0.0009109246514464533,-0.057866337558229446,-0.04551440185960512
DOGEUSDT,1690300799999,LONG,-988.7564966653784,184620.40842458452,1690300800000,0.03388427589373588,0.05813688749922869,0.038632504232434195
DOGEUSDT,1690390799999,SHORT,119768.03297166589,-527874.1645616675,1690390800000,0.00973493021671237,-0.002291826824382957,-0.0005097489596806783
DOGEUSDT,1690610399999,LONG,-323799.92551458353,71620.97660583304,1690610400000,-0.0043729973224586344,-0.00566282079548463,0.009579229006871507
DOGEUSDT,1690613999999,SHORT,71620.97660583304,-76148.9853891669,1690614000000,-0.002574666715780242,-0.00450132584364851,-0.04646728275329225
DOGEUSDT,1690657199999,LONG,-50203.30963291655,522157.7099383333,1690657200000,-0.005305706813827739,-0.009893724037938492,-0.017253577630283113
DOGEUSDT,1690667999999,SHORT,292287.90509958315,-21929.519928750273,1690668000000,-0.005858539660911631,0.0008754925204324805,-0.003494325282754732
DOGEUSDT,1690671599999,LONG,-21929.519928750273,203476.58760624984,1690671600000,-0.003112358565923387,-0.003486493383531862,-0.005984309094593581
DOGEUSDT,1690736399999,SHORT,4991.575187082868,-33961.44242958383,1690736400000,-0.006418749619451574,0.011428695823622857,0.010917970582694968
DOGEUSDT,1690945199999,LONG,-158828.8904641671,298675.9908533333,1690945200000,-0.004120531197106231,-0.013845081089100953,-0.0341142667180958
DOGEUSDT,1690988399999,SHORT,180173.2321804169,-167853.81371041652,1690988400000,-0.0014613087954129438,0.010020793319636227,0.007472679555752462
DOGEUSDT,1691243999999,LONG,-139453.04752750057,43924.942602916155,1691244000000,0.00366300775873702,-0.005783402029658571,-0.004202790530931841
DOGEUSDT,1691251199999,SHORT,94610.92483874939,-166908.36871166728,1691251200000,-0.0017270014255833398,-0.010712262722790973,-0.009264227190365277
DOGEUSDT,1691272799999,LONG,-39751.13423125042,12049.538924582923,1691272800000,0.0040835201313870265,0.002899698881656785,-0.005028461038833322
DOGEUSDT,1691297999999,SHORT,73832.91371708286,-137456.35177333374,1691298000000,0.000660545634691792,0.0015860431556347402,0.008621314756211118
DOGEUSDT,1691564399999,LONG,-28371.390102500172,20745.714445833117,1691564400000,0.006369448285479707,0.005707853818741186,-0.0011988013423702328
DOGEUSDT,1691585999999,SHORT,27271.809320416534,-12443.372636249987,1691586000000,0.002110818725691471,0.014870162479451506,0.0054179187700364945
DOGEUSDT,1691686799999,LONG,-145960.0289762497,34301.38834958364,1691686800000,-0.006681101684367395,-0.010500162097564566,-0.013274822000159371
DOGEUSDT,1691701199999,SHORT,20066.19795416703,-18236.262431249645,1691701200000,0.0021133279559995576,-0.0031616414164076364,0.005424369984948306
DOGEUSDT,1691834399999,LONG,-286862.8386241666,70553.52195374994,1691834400000,0.0001296260290880099,-0.005459522204898982,-0.002856032059502719
DOGEUSDT,1691841599999,SHORT,83975.29052166671,-61287.696331250016,1691841600000,0.0009108061263306948,0.0028653314732863936,0.0028653314732863936
DOGEUSDT,1691859599999,LONG,-18699.503167916595,70662.48914374998,1691859600000,-0.0027309985112317393,-0.005077805324954337,-0.007037693585417129
DOGEUSDT,1691888399999,SHORT,28267.00489624997,-47888.3520062501,1691888400000,0.0027402639969765765,0.003655356550539663,0.0077180054776356186
DOGEUSDT,1691909999999,LONG,-55457.38821500012,16425.250772499945,1691910000000,0,-0.0024909878498347473,-0.006964090953526191
DOGEUSDT,1691913599999,SHORT,16425.250772499945,-68601.86278291671,1691913600000,0.0006550075560049941,0.004857246175853294,0.004725658571215748
DOGEUSDT,1692694799999,LONG,-18616.70895041665,8287.299200833368,1692694800000,-0.0009549578952686258,0.0022246950221111086,-0.01296951971880527
DOGEUSDT,1692698399999,SHORT,8287.299200833368,-4632.820949583256,1692698400000,-0.0023853076428582555,0.0028698999289678722,0.023519125309369008
DOGEUSDT,1692701999999,LONG,-4632.820949583256,6573.64564791671,1692702000000,-0.0009535919349442136,-0.009737486151165283,-0.01021883393422564
DOGEUSDT,1692705599999,SHORT,6573.64564791671,-50520.3563004166,1692705600000,-0.0019065782705814474,0.009748379236590629,0.005261911208031142
DOGEUSDT,1692813599999,LONG,-1991.508442083723,12018.306399999768,1692813600000,-0.0015632330836975639,-0.0095739568297767,-0.0037558729598052725
DOGEUSDT,1692831599999,SHORT,76240.50712999981,-110913.56668250002,1692831600000,-0.0017275230052047354,-0.0010996780622763889,0.00188798042235201
DOGEUSDT,1692849599999,LONG,-13937.142234166618,30565.584240000037,1692849600000,0.0015649455463035084,-0.0021950463501514954,-0.0208901408993418
DOGEUSDT,1692853199999,SHORT,30565.584240000037,-38680.28076458329,1692853200000,0.0026618664429402263,0.006117186356336464,0.01798723155856234
DOGEUSDT,1693025999999,LONG,-52125.14552250012,186.8434591665961,1693026000000,-0.0022169446926340788,-0.0023754861119117455,-0.008578289299651555
DOGEUSDT,1693029599999,SHORT,186.8434591665961,-31853.912767500104,1693029600000,-0.0037980738804754776,0.0036534072881395335,0.004927292810728082
DOGEUSDT,1693130399999,LONG,-18933.97797124994,33057.638194166706,1693130400000,-0.0020538754356486367,-0.003319898709670283,-0.006968669316093316
DOGEUSDT,1693133999999,SHORT,33057.638194166706,-7548.6644883332965,1693134000000,0.0017414711913234563,-0.0031585623227297238,0.0009495174000304099
DOGEUSDT,1693238399999,LONG,-47180.143659583315,88387.13349624998,1693238400000,-0.0009492169673321593,-0.001582529211425679,-0.0003163055537996449
DOGEUSDT,1693360799999,SHORT,72936.3937029165,-31362.50261000024,1693360800000,0.0015223020141832027,0.0003042750670060845,0.004573875941581851
DOGEUSDT,1693601999999,LONG,-17176.61784708306,54045.27995750029,1693602000000,-0.003300073710748483,0.00031372549276920526,-0.010091539442022887
DOGEUSDT,1693605599999,SHORT,54045.27995750029,-49160.62713666641,1693605600000,-0.0009441385437765315,-0.0022016049150665818,0.0026799101717320715
DOGEUSDT,1693612799999,LONG,-41720.58752166639,30386.945769166923,1693612800000,-0.0010972647860063732,-0.002038736689848094,-0.006917178971890896
DOGEUSDT,1693616399999,SHORT,30386.945769166923,-8165.628275833093,1693616400000,0.0015696126280128305,-0.001567152804676468,0.007714751323166484
DOGEUSDT,1693969199999,LONG,-30700.805091666523,4340.581929166801,1693969200000,-0.005284438781726265,-0.009657395929898354,-0.018619015531338823
DOGEUSDT,1693972799999,SHORT,4340.581929166801,-16090.624135416621,1693972800000,0.003904119896068693,0.005156664290293017,0.014759256770787347
DOGEUSDT,1694073599999,LONG,-16354.887097499799,13336.469385416867,1694073600000,-0.00221343963887223,-0.006655071306416566,-0.003956014337251525
DOGEUSDT,1694077199999,SHORT,13336.469385416867,-10099.226183749794,1694077200000,0.0006332119888637041,0.004281982595286747,-0.00031645569884348497
DOGEUSDT,1694098799999,LONG,-29380.26321124988,129630.3099283335,1694098800000,-0.00031675641696572005,-0.00015836566665450685,0.006628812151817344
DOGEUSDT,1694138399999,SHORT,34699.869611249924,-7677.331131666743,1694138400000,-0.0006294256698754817,0.00015741833956175544,0.008853812777790673
DOGEUSDT,1694548799999,LONG,-24161.832536249847,115467.25089708353,1694548800000,-0.0006539153412677117,-0.005407633005624216,-0.006722989985802169
DOGEUSDT,1694602799999,SHORT,83943.29226708354,-34278.98383041669,1694602800000,-0.0009800719503871447,-0.0001634120438311949,-0.0001634120438311949
DOGEUSDT,1694609999999,LONG,-23067.006799166713,4770.777194166556,1694610000000,-0.0029459923106881013,0.001469747957886716,0.011051632068448334
DOGEUSDT,1694613599999,SHORT,4770.777194166556,-19405.13470041682,1694613600000,-0.0029455102297567446,0.0024612367826904596,-0.003925422116105733
DOGEUSDT,1694617199999,LONG,-19405.13470041682,52496.41615166647,1694617200000,0.0001633853446980738,-0.00557104504945536,0.001795772256316159
DOGEUSDT,1694627999999,SHORT,5015.620040833212,-37259.46317916678,1694628000000,0.00016429803700807296,-0.003935076400990997,-0.0032803047292103635
DOGEUSDT,1694635199999,LONG,-27276.117447083427,6029.619044999941,1694635200000,0.002947439500752855,0.0037646333028698437,0.0060492295968117855
DOGEUSDT,1694656799999,SHORT,35247.19269333331,-17311.836024166772,1694656800000,-0.0006526350370335412,0.003269579502519805,-0.005533868288916186
DOGEUSDT,1694660399999,LONG,-17311.836024166772,2609.234289166556,1694660400000,-0.0006526350370334031,-0.0016323869116181854,0.009254063930268681
DOGEUSDT,1694663999999,SHORT,2609.234289166556,-21103.901359583408,1694664000000,0.001797239271447809,-0.0014680697522911604,-0.007480926090330909
DOGEUSDT,1695081599999,LONG,-12510.514247916755,17893.83103958331,1695081600000,-0.0009689923238812285,0.004509590505975064,0.009478743954543739
DOGEUSDT,1695085199999,SHORT,17893.83103958331,-12532.141711249948,1695085200000,-0.000646099198699452,-0.00852712109136337,-0.010927314259001994
DOGEUSDT,1695088799999,LONG,-12532.141711249948,12584.133907500072,1695088800000,0.003385734794130703,0.005475935731990517,0.009963122748223495
DOGEUSDT,1695092399999,SHORT,12584.133907500072,-41440.35331124983,1695092400000,-0.0017692003006401147,-0.0011262168353114996,-0.01040925404895411
DOGEUSDT,1695171599999,LONG,-48137.48438958327,12408.050665416677,1695171600000,0.0022278812524977503,-0.007034401508681233,-0.012020338657137562
DOGEUSDT,1695178799999,SHORT,22828.964339583297,-56760.92648333338,1695178800000,0.00416133763117352,0.00608781117609252,0.007052441475972792
DOGEUSDT,1695268799999,LONG,-54830.213701666486,30870.985151666875,1695268800000,0.001430047117466414,-0.005580816525716814,-0.020562973528932684
DOGEUSDT,1695308399999,SHORT,783.7234141666364,-10574.452556250113,1695308400000,0.0006490345838740907,0.0024360547978812272,0.003086672908014712
DOGEUSDT,1695545999999,LONG,-34852.530527500065,1278.8395466666163,1695546000000,-0.000649878170719787,-0.000649878170719787,-0.008153991688075415
DOGEUSDT,1695549599999,SHORT,1278.8395466666163,-8287.286621250038,1695549600000,0.001626545576562922,0.0006503007870205663,0.006849341845574895
DOGEUSDT,1695553199999,LONG,-8287.286621250038,15191.182918333312,1695553200000,0.0006509357430820249,0.0013014480444408388,-0.006205114619122358
DOGEUSDT,1695567599999,SHORT,35584.5415775,-4483.2817220833285,1695567600000,0.0008130742784705123,0.0008130742784705123,0.008980385277663747
DOGEUSDT,1695571199999,LONG,-4483.2817220833285,92606.59797458339,1695571200000,-0.00032541490687426904,-0.0058737320120939365,-0.010795001786899664
DOGEUSDT,1695585599999,SHORT,23925.15219708336,-56906.25576166667,1695585600000,0.000654771671780755,0.007720777572707897,0.0040993744379991095
DOGEUSDT,1695686399999,LONG,-33227.66390833322,66160.11665625004,1695686400000,-0.0008213552823152149,0.0019685045726721534,-0.0019723872272043464
DOGEUSDT,1695715199999,SHORT,9866.529148333406,-12058.211304583267,1695715200000,0.0009873293545185756,0.00032900148347429694,0.006435134821471468
DOGEUSDT,1695729599999,LONG,-29224.78562499995,18291.879381666706,1695729600000,-0.002306046154530866,-0.00511341320352541,-0.003130924531749336
DOGEUSDT,1695733199999,SHORT,18291.879381666706,-3917.069024999985,1695733200000,0.001320132204922844,0.002807367048994639,-0.001483068575367855
DOGEUSDT,1695819599999,LONG,-39393.082671666714,14400.239523333303,1695819600000,-0.0019643155767778285,-0.01019075222958552,-0.007715707652849965
DOGEUSDT,1695826799999,SHORT,49483.69669291666,-41832.94750624986,1695826800000,-0.004464662232278596,-0.001490436642552109,-0.0036393753982783003
DOGEUSDT,1695830399999,LONG,-41832.94750624986,28342.417977083514,1695830400000,-0.0011557831716728633,-0.0018168309564459326,-0.002809222701801653
DOGEUSDT,1695862799999,SHORT,23382.28814166695,-11239.208968333007,1695862800000,-0.000658978607043024,0.002640265560176365,-0.002140094651686868
DOGEUSDT,1695891599999,LONG,-10735.570330833027,9845.058821250315,1695891600000,0.0011517895144157273,0.0011517895144157273,0.009992711539317738
DOGEUSDT,1695902399999,SHORT,60379.95699291702,-60581.64187124977,1695902400000,0.001971415128384527,-0.008172650915433064,-0.008986254409992095
DOGEUSDT,1695913199999,LONG,-80303.5980208331,79807.84547250009,1695913200000,0.0042414419213624415,0,0.0032642431465321406
DOGEUSDT,1696006799999,SHORT,27201.208160416532,-24965.969127500157,1696006800000,0.0006480881626711684,-0.0053307613515480735,-0.0011331445971686754
DOGEUSDT,1696013999999,LONG,-35851.76176583344,3061.6739741665465,1696014000000,0.00048422242895940074,0.005795251248350748,-0.002101010873874837
DOGEUSDT,1696021199999,SHORT,2013.8707041665136,-10897.110287083508,1696021200000,0.002581062894420545,-0.0016097878556848213,0.0037123761463948865
DOGEUSDT,1696028399999,LONG,-32276.29500250016,1413.5203662498582,1696028400000,-0.0035375499184441225,-0.005472410244739536,-0.008058061329762424
DOGEUSDT,1696031999999,SHORT,1413.5203662498582,-62712.06635125014,1696032000000,-0.0012876229044448092,0.00419626180632404,0.005814908970996914
DOGEUSDT,1696093199999,LONG,-80472.42738249991,29885.867050833418,1696093200000,-0.0008034064865337575,0.0009632365490307814,-0.004830149464794232
DOGEUSDT,1696179599999,SHORT,111099.52964583349,-7045.700702916559,1696179600000,0.005639264118865967,0.005316162338995304,-0.015148180915227693
DOGEUSDT,1696211999999,LONG,-46641.18715999989,37670.18440666682,1696212000000,0,-0.005376357036380294,0.00031535793386556875
DOGEUSDT,1696222799999,SHORT,8195.668222083477,-39519.84238624978,1696222800000,0.001742574698379322,-0.010705391912696843,0.01082123863158334
DOGEUSDT,1696561199999,LONG,-3955.6257154166815,3132.8165475000083,1696561200000,-0.0014740810137886114,-0.0024580102502692264,-0.0014740810137886114
DOGEUSDT,1696665599999,SHORT,2293.83227124979,-21126.838666250213,1696665600000,-0.0019540797619975103,0.000326051519028063,0.005065784180719002
DOGEUSDT,1696985999999,LONG,-20970.413235833304,70126.27371375001,1696986000000,-0.0013479361771335584,-0.007436235044388833,-0.010154089613605224
DOGEUSDT,1696993199999,SHORT,60681.01105208336,-79576.15412624997,1696993200000,-0.00017019828140828858,-0.003059145825553665,0.003922576872344636
DOGEUSDT,1696996799999,LONG,-79576.15412624997,4944.874581666702,1696996800000,0.003228275677703447,-0.00034042553520250666,-0.013190769417327317
DOGEUSDT,1697003999999,SHORT,35072.33990000004,-19476.70220666664,1697004000000,0.0005089490312591155,-0.00033915550604904707,0.018487346117798023
DOGEUSDT,1697018399999,LONG,-11893.811292916595,8314.635884583404,1697018400000,-0.00016956337471733484,-0.004758676553079398,-0.014860637300115886
DOGEUSDT,1697039999999,SHORT,46337.26705916678,-106635.48048041662,1697040000000,0.0029358453001492027,-0.0018950819695162354,-0.002755297076324183
DOGEUSDT,1697198399999,LONG,-29812.939942916535,48681.11529208344,1697198400000,0.005633817718256064,-0.002571356520929452,-0.0008563843976330711
DOGEUSDT,1697367599999,SHORT,12959.463550833296,-18352.34851833333,1697367600000,0.003037464367074342,0.0025305791657170467,0.0015175789102578616
DOGEUSDT,1697389199999,LONG,-8717.437118749978,2351.9841079166995,1697389200000,0.0011779555421827645,0.0038652262221566635,-0.0013479361771335584
DOGEUSDT,1697399999999,SHORT,28018.633497916697,-52178.09372374995,1697400000000,-0.0031919388713561236,0.002358491659292828,-0.009212023942293717
DOGEUSDT,1697435999999,LONG,-41798.270425833245,50539.655509166965,1697436000000,0,0.0023282897595909464,-0.004171191498718594
DOGEUSDT,1697471999999,SHORT,52588.39041500034,-29191.353234583006,1697472000000,-0.0021762794225954484,-0.005515180688110143,-0.004180957674973428
DOGEUSDT,1697486399999,LONG,-58226.68093083305,7726.303242083658,1697486400000,-0.0015008757924574153,-0.0010003335278981743,-0.0028368813351997263
DOGEUSDT,1697489999999,SHORT,7726.303242083658,-10375.006771249697,1697490000000,-0,0.00200501320302041,0.0005008765444057989
DOGEUSDT,1697767199999,LONG,-72293.0422166668,60417.883153333234,1697767200000,0.006784286536922488,0.010496118029937145,0.018045856096263798
DOGEUSDT,1697781599999,SHORT,36172.09469916658,-63.1096016667434,1697781600000,-0.0008415383817349052,-0.013214209174130256,-0.010718575235983
DOGEUSDT,1697885999999,LONG,-23409.997949583467,16150.783006249918,1697886000000,0.0014911774778737727,0.013177591443928608,0.015302643326587649
DOGEUSDT,1697889599999,SHORT,16150.783006249918,-25429.14250458351,1697889600000,-0.0009927201344717472,-0.012992535367630599,-0.01250221910382365
DOGEUSDT,1698037199999,LONG,-12430.650540833283,88796.88699208347,1698037200000,-0.004134865942070827,0.020110654199631234,0.015589639405707817
DOGEUSDT,1698101999999,SHORT,21730.220720416244,-70437.371722084,1698102000000,-0.00639550034460045,-0.02388437287054257,-0.00639550034460045
DOGEUSDT,1698289199999,LONG,-39340.37101833258,109726.296552084,1698289200000,-0.011547954416941982,-0.021674623234871102,-0.014912129162573918
DOGEUSDT,1698292799999,SHORT,109726.296552084,-17191.333373332785,1698292800000,0.002101282555051482,-0.015551549189660608,0.011541296299559141
DOGEUSDT,1698530399999,LONG,-65248.15121333356,29345.021197499784,1698530400000,-0.005770356461336367,-0.01873013012980438,-0.008377919868417278
DOGEUSDT,1698541199999,SHORT,29998.196215416498,-110578.54911791689,1698541200000,0.006864848400971342,0.002769479213495883,-0.009705298168906298
DOGEUSDT,1699189199999,LONG,-12101.392363750221,30960.637529999833,1699189200000,-0.029501501297670353,-0.011385322225125465,0.011118947075032854
DOGEUSDT,1699192799999,SHORT,30960.637529999833,-157867.41010583358,1699192800000,-0.01002730074799968,-0.020378332550998145,-0.0336903766780163
DOGEUSDT,1699696799999,LONG,-27692.420752084116,144236.57067458276,1699696800000,0.014996872751515752,-0.0013745706631665985,-0.015732499935148265
DOGEUSDT,1699711199999,SHORT,64008.97064416631,-78013.21055500016,1699711200000,-0.013169528142345188,0.006398616649474291,0.030732577389416264
DOGEUSDT,1699714799999,LONG,-78013.21055500016,21523.58542458348,1699714800000,-0.010420637653696711,-0.012043102908206333,-0.04222163248956444
DOGEUSDT,1699718399999,SHORT,21523.58542458348,-38801.56787749977,1699718400000,-0.0029880500319826105,-0.002739386596659191,0.02832764023310865
DOGEUSDT,1700092799999,LONG,-38638.80351999992,24952.77286458349,1700092800000,0.01030331905768366,0.007574804404479478,0.0602852570423262
DOGEUSDT,1700096399999,SHORT,24952.77286458349,-8377.918340833237,1700096400000,0.004942778013134113,0.003118910910358396,-0.036562253493275555
DOGEUSDT,1700121599999,LONG,-264246.17363291647,22314.43783500003,1700121600000,-0.01547272465989097,0.019442287388091593,0.0030158354097162463
DOGEUSDT,1700125199999,SHORT,22314.43783500003,-66943.31950875018,1700125200000,-0.02374448507105551,-0.02149532755661543,-0.017233067123775408
DOGEUSDT,1700128799999,LONG,-66943.31950875018,34111.31001791618,1700128800000,0.033264803812555255,-0.011296718603846843,-0.014837440562916485
DOGEUSDT,1700135999999,SHORT,300730.1811883328,-89997.8849712505,1700136000000,0.013419684491367023,0.05167014045039539,0.019064810189523097
DOGEUSDT,1701183599999,LONG,-404977.29625874985,379199.6373370835,1701183600000,0.0028791407508435758,0.005251324895899331,0.010971310648179853
DOGEUSDT,1701331199999,SHORT,58356.480078332745,-20540.810909583855,1701331200000,0.0020844836190936585,-0.00195790566705719,-0.029568315903162407
DOGEUSDT,1701334799999,LONG,-20540.810909583855,124097.8630374996,1701334800000,0.006361655905648022,0.001349114082103757,0.019687110502797367
DOGEUSDT,1701349199999,SHORT,57607.49588916606,-145641.34408500022,1701349200000,-0.007691876029023492,-0.021461872564348138,-0.011576318883727066
DOGEUSDT,1701352799999,LONG,-145641.34408500022,226382.68297666646,1701352800000,0.006787904850854014,0.018437589235443468,0.020703676435712505
DOGEUSDT,1701449999999,SHORT,70747.13497124962,-106994.8100187503,1701450000000,0.005039607498405983,0.003236830734689181,-0.010240622954225771
DOGEUSDT,1701543599999,LONG,-78454.58755125024,22433.448588333053,1701543600000,0.01230892980563769,0.010092797796990996,0.005411141305925364
DOGEUSDT,1701611999999,SHORT,22183.045834999804,-117617.84986041668,1701612000000,0.0038000283229107953,0.0041570224362994495,-0.026895914968718068
DOGEUSDT,1701669599999,LONG,-38739.83538333342,273253.43396958365,1701669600000,-0.004562407068357954,-0.01206314192688056,-0.015327256480117665
DOGEUSDT,1701683999999,SHORT,97364.06417166721,-44071.84004666625,1701684000000,-0.008058241702421335,0.021007983179474863,-0.002917416790977444
DOGEUSDT,1701687599999,LONG,-44071.84004666625,14975.952344167046,1701687600000,-0.023575622386478094,-0.024489177320403906,0.0010028414679667992
DOGEUSDT,1701691199999,SHORT,14975.952344167046,-498037.8920170826,1701691200000,-0.006258198726332024,-0.02011367242148876,-0.04856729023633376
DOGEUSDT,1702771199999,LONG,-116084.72766833303,2432.579020000218,1702771200000,-0.010762806988256072,-0.019751161816638774,-0.01891161931796231
DOGEUSDT,1702774799999,SHORT,2432.579020000218,-29412.206634583108,1702774800000,0.002396208887341685,0.0018748052569880188,0.010775853605307754
DOGEUSDT,1702987199999,LONG,-60643.10831750029,9393.139251249688,1702987200000,-0.007177844846956895,-0.010019687397852845,-0.02224383609256268
DOGEUSDT,1702990799999,SHORT,9393.139251249688,-39128.84922500048,1702990800000,0.0025137998919918256,0.0065710454378530075,0.008660910357312195
DOGEUSDT,1703098799999,LONG,-4208.484790416357,49382.238999583526,1703098800000,-0.015042759712168549,-0.0200711918204206,-0.01515180502060222
DOGEUSDT,1703102399999,SHORT,49382.238999583526,-4243.995739583314,1703102400000,0.008321519606721487,0.0014185173419034322,0.0014185173419034322
DOGEUSDT,1704157199999,LONG,-5814.283345833498,160935.02421916663,1704157200000,-0.0055824084853280075,-0.002250684193211859,-0.01108790088229804
DOGEUSDT,1704193199999,SHORT,53980.97871333318,-24780.683339166844,1704193200000,0.0015031138754465767,0.015787525138386098,0.01928135989673053
DOGEUSDT,1704599999999,LONG,-20061.690532500466,8611.152627499541,1704600000000,0.003213847018429158,-0.0004953560472807813,-0.016729478809164134
DOGEUSDT,1704668399999,SHORT,99462.57337624994,-81605.48869458342,1704668400000,-0.007057192309998759,0.020554906066386484,-0.002828856200477623
DOGEUSDT,1705773599999,LONG,-72081.40942208334,26042.25994208327,1705773600000,-0.006137678189207198,0.049574785629849905,0.07236712566289803
DOGEUSDT,1705813199999,SHORT,70035.89811791533,-8249.563448334733,1705813200000,0.004635539648557212,0.015849300422454877,0.005914089250284986
DOGEUSDT,1705831199999,LONG,-37049.70020916825,55100.585601248466,1705831200000,0.009592676852572103,0.02227928623414118,-0.004772723104339823
DOGEUSDT,1705867199999,SHORT,144848.57562499866,-285638.02004125126,1705867200000,0.01621310373085433,0.011169400586620224,0.035806439665652876
DOGEUSDT,1706345999999,LONG,-32050.38687874992,13543.429158750048,1706346000000,0.0036457391565667433,0.004022127091503924,0.008527766753875064
DOGEUSDT,1706349599999,SHORT,13543.429158750048,-10287.252092916615,1706349600000,0.0011298726956824692,0.0027641681125532007,-0.007998043134966805
DOGEUSDT,1706367599999,LONG,-28152.942234166683,27757.055581666704,1706367600000,0.0007543374760513614,0.0008800050853904794,0.009388564925378592
DOGEUSDT,1706374799999,SHORT,2460.472860000038,-33593.57679208324,1706374800000,0.001760563835032792,-0.006137678189207145,-0.02187237684728907
DOGEUSDT,1706378399999,LONG,-33593.57679208324,14095.52759750007,1706378400000,0.0016349120160575798,0.011139735948411101,0.015610682293177873
DOGEUSDT,1706407199999,SHORT,16230.683706666538,-57542.954719583424,1706407200000,0.002861588266871937,-0.0026056221702604574,0.009737904665810624
DOGEUSDT,1706417999999,LONG,-29243.8949741668,87947.71115541652,1706418000000,-0.00802225838914387,-0.011000667143404723,-0.02024033832045288
DOGEUSDT,1706425199999,SHORT,37208.64302958319,-42075.60204458345,1706425200000,0.000747849966301861,-0.005962750586024137,0.019501152684411847
DOGEUSDT,1707350399999,LONG,-63279.89878708334,7503.20173833329,1707350400000,0.004110362640774637,-0.0003745084620266319,-0.0030000022500028915
DOGEUSDT,1707353999999,SHORT,7503.20173833329,-23580.780339166755,1707354000000,0.004484871102801335,0.005859270019719849,0.0074859987773706884
DOGEUSDT,1707357599999,LONG,-23580.780339166755,4548.534830833261,1707357600000,0.0004993757906523972,0,0.0026189451896275733
DOGEUSDT,1707415199999,SHORT,6141.19284000013,-102064.94473583323,1707415200000,-0.004736391753595361,-0.0013733693400292295,-0.008088142144882503
DOGEUSDT,1707465599999,LONG,-76380.85873083326,110676.54268333333,1707465600000,-0.002322597462407661,-0.0002442300659350702,-0.005141399500418764
DOGEUSDT,1707490799999,SHORT,6896.890379999783,-103994.04958916671,1707490800000,-0.0029509427537345928,-0.0056483450758647935,-0.007727729349051466
DOGEUSDT,1707501599999,LONG,-54652.50603791673,36724.75763083319,1707501600000,0.0035571947966406676,0.0013507707585846543,0.001841508101275563
DOGEUSDT,1707551999999,SHORT,81449.11487124988,-111234.12765208333,1707552000000,0.0024642693594182446,0.005676925032530998,0.0023409115599648577
DOGEUSDT,1707559199999,LONG,-51001.5294645833,8981.674875416677,1707559200000,-0.006563084668901919,0.00024682216588344175,0.0075008036887201125
DOGEUSDT,1707562799999,SHORT,8981.674875416677,-18851.08388000001,1707562800000,-0.003844012421407052,-0.006563084668901885,-0.012101901216907851
DOGEUSDT,1707573599999,LONG,-36357.89423874995,23651.10364833342,1707573600000,-0.0001234186980894896,-0.0019765293649032538,0.003818444006444418
DOGEUSDT,1707609599999,SHORT,2425.3574420831865,-8339.858702916827,1707609600000,-0.000736829211772041,-0.010631248172344267,-0.014028897357642449
DOGEUSDT,1707613199999,LONG,-8339.858702916827,27982.888844999852,1707613200000,-0.0014742017411881994,0.0047762015968773035,0.00965128742521466
DOGEUSDT,1707616799999,SHORT,27982.888844999852,-45961.74349500012,1707616800000,-0.0006145148598717497,-0.008447133535580088,-0.006372570585178592
DOGEUSDT,1707623999999,LONG,-36588.482798333476,59820.30337541655,1707624000000,-0.0049966589851339884,0.007026073725105331,-0.005485477276671203
DOGEUSDT,1707634799999,SHORT,29236.49188916657,-33655.84292833336,1707634800000,-0.007877396366974787,-0.0034009506848555063,0.0029243349705699883
DOGEUSDT,1707638399999,LONG,-33655.84292833336,194879.41884666667,1707638400000,-0.0022964897987896448,-0.003386144244035735,-0.010558991239473738
DOGEUSDT,1707685199999,SHORT,77779.22654083354,-13391.654688333065,1707685200000,-0.002711364737212984,-0.004801486602199004,0.01067007641777363
DOGEUSDT,1707919199999,LONG,-212954.4231924998,58281.55692375005,1707919200000,-0.0022818721244607237,0.021715478049692226,0.040553244398659684
DOGEUSDT,1707987599999,SHORT,39759.48574666757,-88407.7757516657,1707987600000,-0.0053757287340626975,-0.007936549595736342,0.0034039589179831495
DOGEUSDT,1708268399999,LONG,-186180.9467529168,66514.97726875001,1708268400000,0.0015491869868293187,0.018082393060598282,0.024503523055914012
DOGEUSDT,1708275599999,SHORT,1960.3980616667152,-19987.832356249914,1708275600000,-0.011485532689653155,-0.011014501121829853,-0.022491380815108354
DOGEUSDT,1708279199999,LONG,-19987.832356249914,91173.20591291676,1708279200000,0.005166756444690843,0.004346556035478275,0.01472505278452231
DOGEUSDT,1708289999999,SHORT,5196.162474166874,-24290.907381666475,1708290000000,-0.0048175876033017435,-0.007977517671369071,-0.01310573403828863
DOGEUSDT,1708293599999,LONG,-24290.907381666475,4610.481122083496,1708293600000,0.004444451760424197,0.0009373169989112973,0.012927449583183773
DOGEUSDT,1708297199999,SHORT,4610.481122083496,-39555.16763749983,1708297200000,0.0053826481468211606,-0.002796878644104261,-0.01091004322102134
DOGEUSDT,1708358399999,LONG,-274260.7629429168,15580.26596666663,1708358400000,-0.004233173760377192,0.017877823971790524,0.0043290110895857
DOGEUSDT,1708361999999,SHORT,15580.26596666663,-185868.2787966669,1708362000000,-0.015923903356722925,-0.027367986518105705,-0.014907815208337321
DOGEUSDT,1708394399999,LONG,-48455.19855125035,17688.66404374949,1708394400000,0.0017937224540269007,-0.004836632790612874,-0.011851823361605823
DOGEUSDT,1708401599999,SHORT,60461.59424708275,-72975.12893666734,1708401600000,-0.006345630358374548,0.004900015501833875,0.0392980152202407
DOGEUSDT,1708405199999,LONG,-72975.12893666734,11111.439835832649,1708405200000,0.0018056657654032344,-0.018353322234728894,-0.05288188542748588
DOGEUSDT,1708412399999,SHORT,33750.16599333267,-6427.982412500579,1708412400000,0.007284348167042189,0.011978923686596114,0.04026457827178287
DOGEUSDT,1708829999999,LONG,-23193.646020416676,3525.18630250004,1708830000000,0.0040652823279328535,0.004412967328827817,0.009613788066414065
DOGEUSDT,1708833599999,SHORT,3525.18630250004,-12529.869957916633,1708833600000,0.0037161812596291665,0.0026696086889580746,-0.0011584802037067203
DOGEUSDT,1708840799999,LONG,-35578.95498499996,32049.995702083415,1708840800000,0.0011594204197349384,0.0013911432802317816,0.0011594204197349384
DOGEUSDT,1708847999999,SHORT,50379.714044583416,-728.0917120832795,1708848000000,0.0001162317662727139,-0.001973875822304148,-0.005794430397209343
DOGEUSDT,1708988399999,LONG,-41861.90172166665,35169.29516125013,1708988400000,0.003701007981607931,0.014501090690799955,0.07685699910305313
DOGEUSDT,1709114399999,SHORT,371809.1053133329,-269502.9412470837,1709114400000,-0.02084661582376805,-0.003841104490170315,-0.1431818612215328
DOGEUSDT,1709117999999,LONG,-269502.9412470837,6641.987624582679,1709118000000,-0.03399732270091509,-0.013279612053216506,0.14008101379380974
DOGEUSDT,1709121599999,SHORT,6641.987624582679,-311025.9507650005,1709121600000,-0.01031200112354758,-0.028031180108650616,-0.17400850009186777
DOGEUSDT,1709139599999,LONG,-611460.4420504178,725057.2104066649,1709139600000,-0.08043566807379894,-0.03617433937537872,0.07709822903387657
DOGEUSDT,1709143199999,SHORT,725057.2104066649,-343289.4125379198,1709143200000,0.0034725430124660597,-0.03865215443427912,-0.1557913692847181
DOGEUSDT,1709333999999,LONG,-307073.7717587504,53569.80285083285,1709334000000,-0.0026482497673202252,0.0035676099202752473,0.0145470012475447
DOGEUSDT,1709344799999,SHORT,39177.31812124979,-318216.5337070844,1709344800000,0.013160877713658328,-0.0023170099886586767,0.00960595040073454
DOGEUSDT,1709366399999,LONG,-429243.6236425008,19561.327409583144,1709366400000,0.002719055444511066,-0.036955226036292574,-0.03462710053588964
DOGEUSDT,1709369999999,SHORT,19561.327409583144,-251239.71528374995,1709370000000,0.033052306645538126,0.025921902439856415,0.04832193741698743
DOGEUSDT,1709539199999,LONG,-651748.9037258349,648871.5600058321,1709539200000,0.03176585802092114,-0.006979762616294783,0.08583619008362448
DOGEUSDT,1709560799999,SHORT,44124.46877374748,-364394.7446691689,1709560800000,-0.04239861602064188,-0.08037341214896897,-0.23805027546509924
DOGEUSDT,1709902799999,LONG,-509327.5110825002,4122.462017500152,1709902800000,0.02767976019713388,-0.00809429727330023,0.002385781878395823
DOGEUSDT,1709906399999,SHORT,4122.462017500152,-261786.29656666704,1709906400000,0.018707480035762086,0.014808148615089788,0.019358849414825016
DOGEUSDT,1710053999999,LONG,-195384.94408041518,22415.539677084733,1710054000000,-0.009037056702086248,-0.017813041908111095,-0.030079601314302748
DOGEUSDT,1710064799999,SHORT,2478.6659108344465,-569840.4771524988,1710064800000,-0.012614284706710669,0.015303143101756142,0.009902801261641269
DOGEUSDT,1710701999999,LONG,-390443.9445866675,283483.74869833206,1710702000000,0.008960517066666014,0.004100633858154944,-0.019162341845232588
DOGEUSDT,1710727199999,SHORT,286092.93407624913,-34681.87648958418,1710727200000,-0.0011237070290412662,-0.009609762624891511,0.046362557636488506
DOGEUSDT,1710964799999,LONG,-291035.4497883345,228726.12919625113,1710964800000,0.007633624855070985,0.04069062300141134,0.051471165814342947
DOGEUSDT,1711029599999,SHORT,147887.76976291774,-190282.3619287489,1711029600000,-0.022964164295024878,0.0017076058267320392,0.002036326121595734
DOGEUSDT,1711040399999,LONG,-91064.06638499908,167502.62972750142,1711040400000,-0.027617468973086923,-0.02126158478448607,-0.00044769915365175833
DOGEUSDT,1711043999999,SHORT,167502.62972750142,-193473.383114581,1711044000000,0.017172641464306613,-0.005245225768153187,-0.03265833902817907
DOGEUSDT,1711202399999,LONG,-294679.8232658333,914911.2773591676,1711202400000,0.013953435024710732,0.04662187091514482,0.005616804741096741
DOGEUSDT,1711238399999,SHORT,508486.9610200003,-92103.95616999951,1711238400000,-0.02679492906993867,-0.04170544566339768,-0.06111100844531
DOGEUSDT,1711241999999,LONG,-92103.95616999951,636346.4325079167,1711242000000,-0.0023460774137970567,0.023515126628512923,0.04171806591998387
DOGEUSDT,1711303199999,SHORT,191691.78070041537,-162158.60037333518,1711303200000,-0.014314220899133848,-0.04329680575332426,-0.0163919038765851
DOGEUSDT,1711306799999,LONG,-162158.60037333518,149538.90576791516,1711306800000,0.005530923819140623,0.018942453134383568,-0.004110348219054156
DOGEUSDT,1711353599999,SHORT,161785.0764254164,-47751.50728333307,1711353600000,0.0022770408320521144,0.004559278414518465,-0.051267050385396945
DOGEUSDT,1711378799999,LONG,-229794.37972499957,444043.88261583354,1711378800000,0.004489222474155806,-0.005115944816118919,-0.019782874404849587
DOGEUSDT,1711411199999,SHORT,12450.65595500078,-312143.21966083255,1711411200000,-0.006761965703389927,-0.011225880447448528,-0.047543184672659854
DOGEUSDT,1711414799999,LONG,-312143.21966083255,308388.9603445837,1711414800000,0.0073913502637420305,0.01801547166476731,0.04674394262018846
DOGEUSDT,1711425599999,SHORT,104614.74241375022,-162100.4490808329,1711425600000,-0.01355155692070858,-0.011380003407200648,-0.007078681243298072
DOGEUSDT,1711432799999,LONG,-18826.07330291625,143152.6856487502,1711432800000,0.008917503498683912,0.024456471300784093,-0.006922761010533763
DOGEUSDT,1711465199999,SHORT,178786.63414708246,-1.3259252849904178e+06,1711465200000,0.005526880782010535,0.008329887438410089,-0.027618633055768567
DOGEUSDT,1711587599999,LONG,-888594.4926191665,393166.8821349985,1711587600000,-0.020836154131174657,-0.030760918838330077,0.06624623831687936
DOGEUSDT,1711594799999,SHORT,441172.92522208206,-246671.05016666712,1711594800000,0.0041982449538830804,-0.02855682177002944,-0.115799883272586
DOGEUSDT,1711616399999,LONG,-410894.95041625015,74647.14669041646,1711616400000,0.0015836883444611996,0.07502384780718388,0.09742420285634104
DOGEUSDT,1711673999999,SHORT,1.348953294502085e+06,-239145.1485016638,1711674000000,0.027304677874286074,0.04663275748489335,0.043501986954939155
DOGEUSDT,1712404799999,LONG,-105103.5652620839,70265.65062874959,1712404800000,-0.003179652917379684,0.003987659942298495,0.01709443335930004
DOGEUSDT,1712411999999,SHORT,39075.45333499958,-285125.862942917,1712412000000,-0.009534116473176932,-0.01609438491680871,-0.07538471524923487
DOGEUSDT,1712455199999,LONG,-187445.52407583347,168731.14574166635,1712455200000,0.00757153051852341,0.012401598123690212,0.02294633395683756
DOGEUSDT,1712458799999,SHORT,168731.14574166635,-12954.77380791741,1712458800000,0.002296212260350268,0.012153060893079003,-0.030864324190611813
DOGEUSDT,1712465999999,LONG,-13476.38949166766,91905.40389124893,1712466000000,-0.00015214910641752155,-0.010091828768592178,0.025682871418115084
DOGEUSDT,1712473199999,SHORT,19184.94779416577,-276298.4208858342,1712473200000,-0.007554963340529712,-0.015662909136809396,-0.02108242755516969
DOGEUSDT,1712498399999,LONG,-16585.074945000466,384648.27239624923,1712498400000,0.015438553651550129,0.0033069475973268913,-0.006091287177102173
DOGEUSDT,1712541599999,SHORT,185341.90047708215,-323775.02698291745,1712541600000,0.0044031753707325,-0.0151358575409681,-0.02749451006941684
DOGEUSDT,1712563199999,LONG,-277717.9889345837,87900.44536250054,1712563200000,0.00729665708044303,0.004210532536343458,-0.023157586873805553
DOGEUSDT,1712577599999,SHORT,92268.01356041727,-65227.220824582655,1712577600000,0.012440026309129848,0.019604646219626577,0.02098456857156093
DOGEUSDT,1713686399999,LONG,-127325.06883958355,41554.674154999666,1713686400000,-0.006215595874715871,-0.006400809642802013,-0.03712230286003375
DOGEUSDT,1713707999999,SHORT,136235.66577374967,-99031.80587708375,1713708000000,0.0008813901351248482,0.009039538149008115,0.006946226464503576
DOGEUSDT,1714283999999,LONG,-50909.04605583311,23990.771402500337,1714284000000,0.0009335823564176829,-0.0060896229943741,0.003662641859631199
DOGEUSDT,1714287599999,SHORT,23990.771402500337,-45235.26044249962,1714287600000,-0.00013328890389593896,0.006754297252985232,-0.005715440560116564
DOGEUSDT,1714305599999,LONG,-45308.24954124967,27314.22889958361,1714305600000,0.005438627566114317,0.009048015884045262,-0.013147383739501656
DOGEUSDT,1714345199999,SHORT,130374.79049708345,-95606.9888991667,1714345200000,0.007814397798652102,0.017066425554456664,0.04591424403092231
DOGEUSDT,1714769999999,LONG,-205080.75675125024,516352.73198958294,1714770000000,0.006160254815917766,0.05438508696921513,0.049837677412828726
DOGEUSDT,1714856399999,SHORT,476214.98713499896,-151683.2083545844,1714856400000,0.0025392513566391485,0.013074523191179204,0.004090745756668021
DOGEUSDT,1714971599999,LONG,-73866.35092541606,52631.777100416984,1714971600000,-0.0030720102802812284,0.02316378124938397,-0.04081943844311777
DOGEUSDT,1714982399999,SHORT,86004.17957291706,-30427.348644999944,1714982400000,-0.016133767885177612,0.013553916365066346,0.044659452930178596
DOGEUSDT,1714985999999,LONG,-30427.348644999944,196297.17743125014,1714986000000,0.005081767430273765,-0.05355455268596346,-0.05672131700194147
DOGEUSDT,1714993199999,SHORT,202195.9543441669,-225282.70497083306,1714993200000,-0.002596761691671731,0.02882731722633964,0.02723561918552014
DOGEUSDT,1715291999999,LONG,-141362.618010834,77798.44100124932,1715292000000,0.019903121741988508,0.0038533132982612865,0.006898866499775512
DOGEUSDT,1715302799999,SHORT,275531.06067374937,-61183.77796666728,1715302800000,0.0018549193791560622,-0.0016532755146259927,0.006041111080011674
DOGEUSDT,1715317199999,LONG,-113528.2597862507,180303.4907449993,1715317200000,-0.0023155049874560023,0.004022823376140645,-0.046321793030259455
DOGEUSDT,1715342399999,SHORT,393187.49332208233,-120822.4024462509,1715342400000,0.0072317449023699435,0.04329856080692786,0.05057333567581962
DOGEUSDT,1715655599999,LONG,-182679.60639791502,506532.9164454181,1715655600000,0.005150340805223199,0.00748266452267182,0.0020097816103740794
DOGEUSDT,1715669999999,SHORT,642686.335379585,-167171.94326416528,1715670000000,-0.013618244441163255,0.012929337706081715,0.026438011377342547
DOGEUSDT,1715673599999,LONG,-167171.94326416528,21652.81846958461,1715673600000,-0.011955623102488757,-0.0006568144735306159,-0.04190323106736603
DOGEUSDT,1715702399999,SHORT,178835.38312833212,-184215.09920375128,1715702400000,0.012978811616065311,0.014073727211661852,0.012021742907517044
DOGEUSDT,1715767199999,LONG,-192439.48389666784,50196.72187291575,1715767200000,-0.0013314694730500497,0.006696971619693833,0.0363224983558249
DOGEUSDT,1715774399999,SHORT,183461.84811249896,-546525.983314168,1715774400000,-0.017258974700683154,-0.012443185468005004,-0.03887299233095945
DOGEUSDT,1715806799999,LONG,-478669.9583816658,53751.96710625081,1715806800000,-0.0021149109046259755,-0.011137334679425995,-0.006551503939782385
DOGEUSDT,1715813999999,SHORT,34963.31228458408,-59617.75031874911,1715814000000,-0.001030994356418821,-0.001610461906355283,0.002259012804347162
DOGEUSDT,1715817599999,LONG,-59617.75031874911,42570.99069666754,1715817600000,-0.005165634266918711,0.014577331210205205,-0.0008376019303528459
DOGEUSDT,1715821199999,SHORT,42570.99069666754,-36928.689317499135,1715821200000,0.00019423133012414002,-0.01369488083054309,0.009823453423068448
DOGEUSDT,1715828399999,LONG,-20763.466400832636,35593.13702791751,1715828400000,0.013997863660268901,0.0018648923446025777,-0.03570989051879151
DOGEUSDT,1715846399999,SHORT,155422.44605541756,-98427.82606249908,1715846400000,0.00552665117265258,0.005784449575730288,0.04047759087578352
DOGEUSDT,1715986799999,LONG,-14857.405324999476,53459.39281875043,1715986800000,-0.0016707367978377496,0.00038515856170070063,0.00038515856170070063
DOGEUSDT,1715993999999,SHORT,36487.542908750394,-70032.49056291611,1715994000000,-0.0037992254076247996,-0.004762833229593239,0.008097210232619362
DOGEUSDT,1716242399999,LONG,-81023.68351708236,181217.5622208344,1716242400000,0.013171164562436773,0.02519584932812302,0.024768876861360343
DOGEUSDT,1716260399999,SHORT,150933.83947208352,-115600.10338541663,1716260400000,-0.003923737484548095,-0.0023928593802356097,-0.042454667986174435
DOGEUSDT,1716296399999,LONG,-121592.58984541653,478120.90082999994,1716296400000,-0.007851048266841288,-0.011353678818043406,0.003931814577838425
DOGEUSDT,1716321599999,SHORT,775426.8249474993,-296220.294782501,1716321600000,-0.014017509443856482,-0.03585684399674721,-0.022977072424430135
DOGEUSDT,1716339599999,LONG,-348154.4124533343,292065.67490374966,1716339600000,0.0054906679996956686,-0.018562840886360222,-0.050328862734287313
DOGEUSDT,1716379199999,SHORT,3180.9358874997124,-283289.0470733338,1716379200000,0.01800750627812361,-0.026918160131231186,-0.00645221884467283
DOGEUSDT,1716598799999,LONG,-127801.58697416664,53783.45547916647,1716598800000,-0.0001839644340617114,0.008608374536600101,0.01967157113361711
DOGEUSDT,1716602399999,SHORT,53783.45547916647,-11206.020547916725,1716602400000,-0.004100498416636172,-0.012735920602033764,-0.013764758408766843
DOGEUSDT,1716609599999,LONG,-49510.0291583334,14637.99343875004,1716609600000,0.0019471832853065264,0.008551466734272819,0.01721005008173626
DOGEUSDT,1716616799999,SHORT,83323.72780333336,-1.0617666054574994e+06,1716616800000,0.003943820905215824,-0.018300693750059,-0.02753316744952293
DOGEUSDT,1716681599999,LONG,-303405.7260420821,22305.790277917946,1716681600000,-0.013706370778372681,-0.001091922754392133,-0.01784933804633417
DOGEUSDT,1716685199999,SHORT,22305.790277917946,-2266.9799849986252,1716685200000,-0.003951885191989208,-0.0036038169671036425,0.012893573685909132
DOGEUSDT,1716688799999,LONG,-2266.9799849986252,175453.36439541783,1716688800000,-0.01301866076634865,-0.0019739904226935986,-0.02597090736563706
DOGEUSDT,1716692399999,SHORT,175453.36439541783,-174251.37334916563,1716692400000,-0.02162246401316571,-0.008425536941961503,0.0030600859517374507
DOGEUSDT,1716695999999,LONG,-174251.37334916563,27203.698035417667,1716696000000,-0.009010631056876873,-0.006808242314558173,-0.037972570551299385
DOGEUSDT,1716699599999,SHORT,27203.698035417667,-46799.848699582355,1716699600000,0.0016839419825710302,0.008155701736745092,0.029079687515726926
DOGEUSDT,1716724799999,LONG,-275503.0732645826,403638.2144950005,1716724800000,-0.008750606417947695,-0.02121515525935735,-0.028287829191845686
DOGEUSDT,1716739199999,SHORT,293257.5983600002,-141409.1815870835,1716739200000,5.972823654151728e-05,-0.006073616384109836,0.005570044047953288
DOGEUSDT,1717286399999,LONG,-52188.853570416686,42349.39368833342,1717286400000,0.004849850953602865,-0.000436395381134602,-0.006942517799434679
DOGEUSDT,1717297199999,SHORT,17560.808390416787,-15290.041599166541,1717297200000,-0.0026849006169737902,-0.0019363508970355935,0.003381978547629239
DOGEUSDT,1717552799999,LONG,-40661.61127874985,58647.418783333465,1717552800000,0.001166682150081533,0.00018430348692925237,-0.003138367549289742
DOGEUSDT,1717639199999,SHORT,110738.1845849998,-42804.20013958352,1717639200000,-0.0023275766970338747,0.006644951541139207,0.001534260327354129
DOGEUSDT,1717682399999,LONG,-12715.984865833578,4822.213365833236,1717682400000,0.005695578369529812,-0.005728203892417173,-0.014226750747115713
DOGEUSDT,1717685999999,SHORT,4822.213365833236,-90618.35396000017,1717686000000,0.003732375000090871,0.01383658270732648,0.02073380456941951
DOGEUSDT,1718200799999,LONG,-557715.2115950003,131998.55123624983,1718200800000,0.012502710937446121,0.025717728005616912,-0.014948785244265106
DOGEUSDT,1718323199999,SHORT,43291.30494125009,-31426.0668054166,1718323200000,-0.0007084160114912837,-0.0033958292272099643,-0.008538315287910303
DOGEUSDT,1718326799999,LONG,-31426.0668054166,20732.555780000013,1718326800000,0.007759632614407993,0.0040989456683058955,0.0075488029990937264
DOGEUSDT,1718359199999,SHORT,142865.08477583327,-81462.0350920835,1718359200000,-0.000280701756229185,0.0026002333776361792,0.049271049006782676
DOGEUSDT,1718503199999,LONG,-112965.67845291675,41688.55847958328,1718503200000,-0.004712821683134012,-0.0005143844034496349,0.003739692717691524
DOGEUSDT,1718506799999,SHORT,41688.55847958328,-60434.76129666673,1718506800000,0.0014773233592458956,-0.0072807823004516015,-0.0043454312531962325
DOGEUSDT,1718618399999,LONG,-148312.0477266664,13376.23017125018,1718618400000,0.0020970648787639614,-0.007903394419202178,-0.02666824708216118
DOGEUSDT,1718629199999,SHORT,16470.527360416832,-57337.04439374979,1718629200000,0.013957903327908422,0.03249178243631275,0.05704006364157395
DOGEUSDT,1718881199999,LONG,-8550.289513333235,88837.45831666685,1718881200000,-0.0023704183033506376,-0.02655093990037439,-0.017113483285073856
DOGEUSDT,1718931599999,SHORT,85512.71643874986,-10815.880736666653,1718931600000,-0.011418586593389955,-0.007011351605982212,0.0022670238840519735
DOGEUSDT,1719331199999,LONG,-179707.32813458284,3448.407920000609,1719331200000,-0.008697082017614413,0.004790522374673399,0.0010228570072324402
DOGEUSDT,1719374399999,SHORT,39672.95424333393,-14119.690456249597,1719374400000,0.011627578105855841,0.011070807361705466,0.026859554498883085
DOGEUSDT,1719381599999,LONG,-16227.161234166395,78169.07008916691,1719381600000,0.0011963154914034601,-0.0035174710501399377,-0.018362439105116084
DOGEUSDT,1719399599999,SHORT,25913.866580416838,-3453.1134129165052,1719399600000,0.0012052550573138391,0.002814524796310406,0.007981660465304083
DOGEUSDT,1719403199999,LONG,-3453.1134129165052,20673.8637570835,1719403200000,-0.0033824627561957615,-0.004754814132024333,-0.01327309871479225
DOGEUSDT,1719413999999,SHORT,45051.52138791684,-16073.724552499829,1719414000000,0.0031455443930278144,0.012968247879161133,0.013621095951965074
DOGEUSDT,1719511199999,LONG,-118884.08418416651,165927.53493208345,1719511200000,0.0004009140894817841,0.008385625946420169,0.005119601614936009
DOGEUSDT,1719583199999,SHORT,145019.1972375,-154562.37954249993,1719583200000,0.0072374754223262444,0.022114513908981885,0.017184613432571005
DOGEUSDT,1719705599999,LONG,-30227.468181666703,9808.50609624997,1719705600000,0.0020504415631723964,-0.00650716846583556,0.004505434612884042
DOGEUSDT,1719709199999,SHORT,9808.50609624997,-43401.64776833338,1719709200000,0.004022828790376755,0.011288382548108832,-0.0009827205769993815
DOGEUSDT,1719802799999,LONG,-27382.482813333278,175.35356125006606,1719802800000,-0.001341699423876131,-0.0046642244327438675,-0.023380279029941897
DOGEUSDT,1719806399999,SHORT,175.35356125006606,-32913.120490416615,1719806400000,0.0016597514183642856,0.0018970838034821254,0.015438791454022216
DOGEUSDT,1720234799999,LONG,-444804.4826291676,59840.19241499893,1720234800000,0.006526388736239025,0.027886152435754617,0.030190619510804862
DOGEUSDT,1720274399999,SHORT,178401.8977516667,-43974.0611658333,1720274400000,-0.00563225716772491,-0.041888092702252785,-0.02856946007333545
DOGEUSDT,1720277999999,LONG,-43974.0611658333,102176.42228750007,1720278000000,0.004959143233438385,0.038646918548917136,0.03314019888698264
DOGEUSDT,1720281599999,SHORT,102176.42228750007,-69813.80223999987,1720281600000,-0.02237716236433472,-0.030852167370759877,-0.023451661035049882
DOGEUSDT,1720288799999,LONG,-65432.73828708326,75300.58981208356,1720288800000,0.0023943610960111667,0.0015082290043532977,-0.017464955140879906
DOGEUSDT,1720313999999,SHORT,58331.615674583474,-233167.21615666672,1720314000000,0.0006296946189267482,0.010577325934660618,0.014858037421604476
DOGEUSDT,1720886399999,LONG,-53747.96984583347,78669.44066291646,1720886400000,-0.006705960789690843,0.01425841310558525,0.016393075483381814
DOGEUSDT,1720961999999,SHORT,10630.778009583242,-87616.41818083341,1720962000000,-0.0009842080157421464,-0.008823193462973552,-0.03966475907285951
DOGEUSDT,1721051999999,LONG,-156346.36125583327,43275.268170416784,1721052000000,0.013011335975945369,0.01803520989342791,0.06844278683376871
DOGEUSDT,1721134799999,SHORT,137229.94814291713,-33026.22098916629,1721134800000,0.0009860313042117201,-0.035974522042717824,-0.032800420028507936
DOGEUSDT,1721401199999,LONG,-162404.41145583347,43581.147781666405,1721401200000,0.0018683243321055561,0.009468005180589502,0.014368991168610951
DOGEUSDT,1721440799999,SHORT,73422.69964125026,-11105.99680749975,1721440800000,-0.002487663281858269,-0.01696913850766518,-0.025072719299129
DOGEUSDT,1721458799999,LONG,-45634.29829458318,81670.44609041698,1721458800000,-0.006181311493280333,-0.012796029682212856,0.05049734587929023
DOGEUSDT,1721465999999,SHORT,82113.24829375006,-12970.196415416585,1721466000000,-0.0008676790132225019,0.0027658162955263165,-0.05839397177260267
DOGEUSDT,1721469599999,LONG,-12970.196415416585,79477.49357125,1721469600000,-0.0019732434675285623,0.0062883401683154205,0.05633889433049494
DOGEUSDT,1721476799999,SHORT,14798.074751666747,-16628.309301249916,1721476800000,-0.0036467457569804057,-0.06800225576745872,-0.06376385852397241
DOGEUSDT,1721480399999,LONG,-16628.309301249916,23639.2856854167,1721480400000,0.009763857094891783,0.05195773572758922,0.048043836406452864
DOGEUSDT,1721487599999,SHORT,8773.99041541658,-30307.3193691667,1721487600000,-0.04282741725942912,-0.043346685844221175,-0.026217728213395804
DOGEUSDT,1721491199999,LONG,-30307.3193691667,353166.58325624984,1721491200000,-0.012318644708169558,-0.008420004292511976,-0.019631980730769723
DOGEUSDT,1721505599999,SHORT,82054.7911654169,-78994.82338166649,1721505600000,-0.005224282350162435,-0.004181607049025618,0.021021568046963132
DOGEUSDT,1721509199999,LONG,-78994.82338166649,55617.0352070836,1721509200000,-0.0012662472363379708,-0.013036822086956312,-0.026857377705588478
DOGEUSDT,1721537999999,SHORT,125459.08962666678,-24309.514038749814,1721538000000,0.0003811992574655402,0.0031301319598089766,-0.004790701531634771
DOGEUSDT,1722013199999,LONG,-175722.03106666624,29756.662407917163,1722013200000,0.005182938431612093,0.013359846499128681,0.02921894609092107
DOGEUSDT,1722099599999,SHORT,144475.51305958358,-122855.84831333304,1722099600000,0.005504670235899998,-0.004052538379270787,0.032015570069729916
DOGEUSDT,1722211199999,LONG,-59245.02715875014,179.75843999992745,1722211200000,0.005754859542677064,0.027550788209990597,0.025302417331033392
DOGEUSDT,1722247199999,SHORT,11027.530376250235,-264485.1996699998,1722247200000,0.006169876476430472,0.017342339258557823,0.04331385706925997
DOGEUSDT,1723157999999,LONG,-28669.669912500074,272704.5352529167,1723158000000,-0.0008375599577618318,-0.020677428427787563,-0.02954856973575713
DOGEUSDT,1723208399999,SHORT,111259.20071833325,-51212.827566250344,1723208400000,0.004139995322461211,0.014321901467580792,0.004912121603462445
DOGEUSDT,1723211999999,LONG,-51212.827566250344,85673.32692999991,1723212000000,-0.00464172576950414,-0.009986993367969835,-0.0013516124861297732
DOGEUSDT,1723219199999,SHORT,123326.64848708322,-21004.160912500072,1723219200000,-0.009499165586993973,-0.01581446469146699,-0.021512485806104882
DOGEUSDT,1723229999999,LONG,-15467.978363333425,66512.74567333313,1723230000000,0.00029059912056089325,0.005603338011207246,0.009449496598685408
DOGEUSDT,1723237199999,SHORT,21388.479073333165,-19420.113156666786,1723237200000,-0.0022118583812031803,0.0028924046389326927,-0.003747662100239749
DOGEUSDT,1723337999999,LONG,-52028.29781750011,55146.316739166505,1723338000000,0.014030723108859196,0.021341847248931334,0.00451128584650105
DOGEUSDT,1723370399999,SHORT,19678.863426249667,-21851.359499166992,1723370400000,-0.003771680107080881,0.01860518783103447,0.06462454634300945
DOGEUSDT,1723373999999,LONG,-21851.359499166992,55545.535970833036,1723374000000,-0.013497477723932729,-0.03856711595884117,-0.07254107154304873
DOGEUSDT,1723377599999,SHORT,55545.535970833036,-70559.9767854169,1723377600000,0.0074738763445288525,0.026980223454997464,0.06647636179765336
DOGEUSDT,1723741199999,LONG,-3124.7573245833823,30816.154554166656,1723741200000,-0.022660828653384896,-0.04776174807971351,-0.026010915538667037
DOGEUSDT,1723744799999,SHORT,30816.154554166656,-104217.14101541661,1723744800000,0.02409515214820553,0.024699990876322027,0.006910195315509156
DOGEUSDT,1723903199999,LONG,-72752.3996070834,108354.63056041663,1723903200000,0.004308663148266494,0.011416428820022164,0.0017648793678005587
DOGEUSDT,1723946399999,SHORT,41850.98256625003,-15108.002934583297,1723946400000,-0.010815129531143174,-0.0015661710327448761,-0.012267703262558763
DOGEUSDT,1723949999999,LONG,-15108.002934583297,19368.904641250032,1723950000000,-0.011305061440409304,-0.007978248195943602,-0.0017458782320208916
DOGEUSDT,1723953599999,SHORT,19368.904641250032,-11877.300981249971,1723953600000,-0.001077427990020353,-0.001566784495993278,-0.011207055854012268
DOGEUSDT,1723982399999,LONG,-31348.31258499995,94319.08445625012,1723982400000,0.00048292848767793106,-0.0030962772680358805,-0.034698060410234564
DOGEUSDT,1723989599999,SHORT,78574.81950833341,-51572.639683749876,1723989600000,0.0031016793306615047,0.01187708665881694,0.030659766156026145
DOGEUSDT,1724057999999,LONG,-14408.880402500063,4122.062084166585,1724058000000,-0.011545733396259396,-0.0012985068997284175,0.0029901347904176577
DOGEUSDT,1724061599999,SHORT,4122.062084166585,-134928.49427666678,1724061600000,-0.0005047700879473296,-0.0035280516409630733,-0.013440523292497515
DOGEUSDT,1724111999999,LONG,-59294.92701125017,132642.54712291656,1724112000000,0.01616018714260198,0.03282804254819571,0.03349665138918845
DOGEUSDT,1724198399999,SHORT,143505.6317341662,-22155.700789583847,1724198400000,0.0009727627226221707,-0.008808923909222274,-0.007555247097159882
DOGEUSDT,1724417999999,LONG,-342180.9257874998,276394.6468241668,1724418000000,-0.0001848941486268687,0.020947484440902893,0.04332579029555661
DOGEUSDT,1724504399999,SHORT,397937.45564958476,-193549.43949041527,1724504400000,-0.0037500043945405443,-0.023341171047389097,0.006101409686317049
DOGEUSDT,1725065999999,LONG,-74337.17839166631,222410.97140125046,1725066000000,-0.006198062047688482,-0.0033402133423288305,-0.006296754374440275
DOGEUSDT,1725152399999,SHORT,83986.16695916683,-198099.6596979166,1725152400000,0.006850361859783527,0.011143285140162088,0.023931054425415123
DOGEUSDT,1725328799999,LONG,-35952.85562374988,34906.912034583416,1725328800000,-0.0015029309977958758,-0.002405775017592665,-0.016047172833034456
DOGEUSDT,1725353999999,SHORT,9133.013265416803,-44091.96980874982,1725354000000,-0.002930627129070902,-0.012970872114303514,0.008639582122904345
DOGEUSDT,1725515999999,LONG,-237104.8347845832,18884.172121666645,1725516000000,0.004020831232847889,0.0033003330286566998,0.019944409498700084
DOGEUSDT,1725523199999,SHORT,48217.155439583235,-12469.073256666772,1725523200000,0.0011280317044985255,0.001435897682608754,0.002051914129193839
DOGEUSDT,1725530399999,LONG,-5683.204050833476,23213.879769166524,1725530400000,0.0014404776644517175,0.014515229804629003,0.0100400392601294
DOGEUSDT,1725551999999,SHORT,192835.93980583307,-289865.3247841667,1725552000000,-0.011703244140571062,-0.005458022920807158,-0.019531271711373695
DOGEUSDT,1725764399999,LONG,-6926.727005833411,54006.077097083245,1725764400000,-0.0027007391506852843,-0.01357723206515526,-0.013366949233973604
DOGEUSDT,1725771599999,SHORT,64395.74478708322,-66508.73014208344,1725771600000,0.004395151487099735,-0.0008349859581256765,0.013349649033830853
DOGEUSDT,1725807599999,LONG,-19321.023860416706,37263.96812916666,1725807600000,-0.00844599615341087,0.0025199509345131947,0.02152857313285296
DOGEUSDT,1725811199999,SHORT,37263.96812916666,-49418.17349333337,1725811200000,-0.0018005618379353119,-0.009810722710952412,-0.026880246234958844
DOGEUSDT,1725847199999,LONG,-182356.80032249994,82832.10814958326,1725847200000,0.0007204982041911572,-0.010453958475995064,0.010651473091467795
DOGEUSDT,1725854399999,SHORT,4718.722909999972,-21421.91241249997,1725854400000,0.004136510551780279,-0.002061856400558777,-0.01992403071990538
DOGEUSDT,1725857999999,LONG,-21421.91241249997,17032.954283333365,1725858000000,-0.004153261083851605,0.011128399234325017,0.0718554853164369
DOGEUSDT,1725861599999,SHORT,17032.954283333365,-13518.16592999996,1725861600000,-0.00890920634475744,-0.018250751461481262,-0.07195760170706576
DOGEUSDT,1725865199999,LONG,-13518.16592999996,76126.76114291673,1725865200000,0.0014428529762749995,0.01616403479481259,0.06652834087512173
DOGEUSDT,1725991199999,SHORT,6439.509958750258,-3163.622838749861,1725991200000,-0.0003899775812317413,-0.00048744821827951753,0.026881745170055787
DOGEUSDT,1725994799999,LONG,-3163.622838749861,18465.3610583335,1725994800000,0.0036001011882497453,0.0023366771414778946,-0.02557027611152998
DOGEUSDT,1726027199999,SHORT,57796.445682916754,-5289.0297337499605,1726027200000,0.013757569196122135,0.0013871001926802117,0.010750651023937336
DOGEUSDT,1726052399999,LONG,-30568.777849166847,6922.736761666446,1726052400000,0.0061882620875579894,-0.01117555049153654,0.013820751932621294
DOGEUSDT,1726063199999,SHORT,133839.04186083315,-28304.40455958356,1726063200000,-0.003245109834901511,-0.030805516227996755,-0.037285020538983214
DOGEUSDT,1726210799999,LONG,-44780.13700624998,18179.958764166648,1726210800000,0.004070561929942175,0.03257990564551206,0.0379237518597552
DOGEUSDT,1726311599999,SHORT,16061.902547917058,-211450.52316208303,1726311600000,0.004079121531461402,-0.005664132956851294,0.0022746668892255073
DOGEUSDT,1726347599999,LONG,-76204.28042666636,6938.047092083667,1726347600000,0.0006646095663576569,0.003791833152588163,0.001802913616418069
DOGEUSDT,1726351199999,SHORT,6938.047092083667,-69038.519310833,1726351200000,-0.0002846975108197408,-0.006056036677041609,0.0023756365997626098
DOGEUSDT,1726405199999,LONG,-58817.18333833312,51097.30521208354,1726405200000,0.0029413181222376285,-0.003903465707610651,-0.028529305749106112
DOGEUSDT,1726412399999,SHORT,79218.99564666684,-31421.202362916665,1726412400000,-0.002168891415547341,0.0026467545463390836,0.05451310771301092
DOGEUSDT,1726415999999,LONG,-31421.202362916665,44239.90770124999,1726416000000,-0.0126073995594708,-0.008513910098319128,-0.04557848463604773
DOGEUSDT,1726419599999,SHORT,44239.90770124999,-26600.891036250105,1726419600000,-0.004948149785716667,-0.0008581645341914664,0.035834294812644406
DOGEUSDT,1726765199999,LONG,-155868.18051833365,166157.9706366663,1726765200000,-0.0029084788528459062,-0.007239935719054237,-0.0005622715919852466
DOGEUSDT,1726811999999,SHORT,31999.49240874984,-31084.294498333475,1726812000000,-0.0015903460015000328,0.000561902992870226,0.023300921578394355
DOGEUSDT,1726927199999,LONG,-215752.16983583337,389.7352529166771,1726927200000,0.012384631490653775,0.008703758649691206,0.01504481743770279
DOGEUSDT,1727006399999,SHORT,4007.052984166483,-65236.61518166697,1727006400000,-0.0006568761086380142,0.008484213788035391,0.0024436102385024397
DOGEUSDT,1727175599999,LONG,-93564.88349958319,27977.32498333343,1727175600000,0.002293053057038119,-0.011173300598125302,0.011957606764535797
DOGEUSDT,1727189999999,SHORT,56099.691134166635,-132868.3295537503,1727190000000,0.002231106252270023,-0.011999405560430791,-0.025125106718250002
DOGEUSDT,1727218799999,LONG,-116745.98216250062,35352.141853332716,1727218800000,-0.004364833700742862,0.001994199355588902,-0.01067284931517344
DOGEUSDT,1727261999999,SHORT,101172.71410958278,-1570.2979200004677,1727262000000,-0.0066724803109481385,-0.007401011442342179,-0.0002750905523744666
DOGEUSDT,1727265599999,LONG,-1570.2979200004677,86099.67016166616,1727265600000,-0.005206204388420472,-0.008784025736304508,-0.012282464215134632
DOGEUSDT,1727272799999,SHORT,15093.01710166623,-84876.39623125049,1727272800000,-0.006667604735467378,-0.0033850267901815866,0.008651687651871002
DOGEUSDT,1727333999999,LONG,-596312.6204679162,162130.09729708367,1727334000000,0.0019415768167994475,0.015254087310512886,0.04449017019091048
DOGEUSDT,1727420399999,SHORT,754658.4690975003,-943.7469399997499,1727420400000,0.006248245263939083,0.005109292976808056,-0.006370218695272476
DOGEUSDT,1727427599999,LONG,-134346.2649691666,37930.73875958356,1727427600000,0.005894006001425915,0.0070204040608219725,0.0031531739752709642
DOGEUSDT,1727488799999,SHORT,117738.7595124999,-15195.066736666835,1727488800000,-0.013391989703302654,0.002651775429929517,0.004987942763025472
DOGEUSDT,1727492399999,LONG,-15195.066736666835,94349.59149499978,1727492400000,-0.0011091745710119871,-0.025583816467670932,0.03049088011639004
DOGEUSDT,1727495999999,SHORT,94349.59149499978,-3715.1449712501294,1727496000000,0.0031761182805902003,0.03484785582716658,-0.03772858317405235
DOGEUSDT,1728223199999,LONG,-158078.1146783332,12638.836301249996,1728223200000,0.02366601655459799,0.010146852776361957,0.046524154630648414
DOGEUSDT,1728230399999,SHORT,175401.38117833334,-159293.76915083345,1728230400000,0.011213394015793736,0.013200030031294769,-0.015929540375022255
DOGEUSDT,1728266399999,LONG,-58006.979405416794,58213.53008333306,1728266400000,-0.006715824814114247,-0.01242034684375579,-0.026245451835598007
DOGEUSDT,1728269999999,SHORT,58213.53008333306,-22237.662784583634,1728270000000,0.003243198705485849,-0.0009621693285478187,0.010822330782350294
DOGEUSDT,1729072799999,LONG,-187619.45900583328,547724.7329625003,1729072800000,-0.013626131766045354,-0.011076938957233077,-0.0033891658056948953
DOGEUSDT,1729155599999,SHORT,24872.927346667275,-199873.15666041555,1729155600000,-0.003504914538793062,0.0031895344970491266,-0.04728428922266473
DOGEUSDT,1729213199999,LONG,-245169.44916416612,10604.83495500063,1729213200000,0.009216655104924048,-0.017779585420309014,-0.0026917916657114146
DOGEUSDT,1729223999999,SHORT,2322.037459167031,-128088.20966666641,1729224000000,0.008477192757995272,-0.015109869337466662,-0.03648338319833877
DOGEUSDT,1729227599999,LONG,-128088.20966666641,17544.76584833379,1729227600000,0.012312728728542041,0.024253169100459934,0.05852557188367361
DOGEUSDT,1729360799999,SHORT,21957.355837499566,-626889.8450166672,1729360800000,0.0011433472733307472,-0.007754458520617944,-0.006478043654368062
DOGEUSDT,1730041199999,LONG,-117609.06222583314,292686.70730750024,1730041200000,0.009907775548997732,0.012599376550669004,0.04208194543431363
DOGEUSDT,1730260799999,SHORT,283820.3940466664,-8144.852802917051,1730260800000,-0.005983094289137328,0.013232272232189514,0.056489615283015514
DOGEUSDT,1730264399999,LONG,-8144.852802917051,191068.34168416634,1730264400000,0.0042518276021259885,-0.029870178972399977,-0.05362229507808333
DOGEUSDT,1730275199999,SHORT,11672.579758749343,-158950.7714595838,1730275200000,0.010654812451073147,0.02610961189004756,0.030518317273396288
DOGEUSDT,1730739599999,LONG,-164508.05667458288,107010.26361833389,1730739600000,0.013389482201217683,0.011159684825901258,0.044218991486121385
DOGEUSDT,1730753999999,SHORT,382750.06358916656,-70334.86844791689,1730754000000,0.030897240604648053,-0.04837092662877274,-0.07036965004311481
DOGEUSDT,1730771999999,LONG,-39668.9186608335,37655.299032083094,1730772000000,-0.0033310745748103116,0.015642503970908914,0.050554013920169255
DOGEUSDT,1730775599999,SHORT,37655.299032083094,-252084.7938120837,1730775600000,-0.002838106544726016,-0.04488416829768135,-0.08936675146695074
DOGEUSDT,1730786399999,LONG,-216472.5052470835,163247.01560416663,1730786400000,0.025972377264725274,0.01695261518845508,0.06427702823902404
DOGEUSDT,1730836799999,SHORT,816924.6457116645,-1.0882766900904176e+06,1730836800000,-0.007538693584446738,-0.012317322777579461,-0.17481565292246753
DOGEUSDT,1730854799999,LONG,-233292.70357958507,577198.6586429164,1730854800000,-0.01946493453800038,0.10959242597820641,0.07442984538110822
DOGEUSDT,1730876399999,SHORT,556393.9214262491,-680034.7976370826,1730876400000,0.01524170004847087,0.002565368945149143,0.043451170414414396
DOGEUSDT,1732334399999,LONG,-1.751266067983336e+06,347610.72908958356,1732334400000,0.05209511188340187,0.062369473052700915,0.048478392138127
DOGEUSDT,1732363199999,SHORT,1.0654783846758362e+06,-1.1884400466995805e+06,1732363200000,0.002685137468398705,0.03132314828475303,0.0875532481614092
DOGEUSDT,1732373999999,LONG,-1.2634887257766656e+06,564919.0734145852,1732374000000,-0.02363211738069933,-0.07580532251582123,-0.04428800391952728
DOGEUSDT,1732377599999,SHORT,564919.0734145852,-1.4012689579020825e+06,1732377600000,0.054814112917843376,0.07156225888634139,0.029459771154155993
DOGEUSDT,1732913999999,LONG,-60958.45729583564,306631.24969166453,1732914000000,-0.0019455259054914423,-0.02844460991216539,0.0027266232203169015
DOGEUSDT,1732921199999,SHORT,165092.4848712484,-390191.55209750094,1732921200000,0.0003280916811319707,0.02315845564686475,0.014538844717946637
DOGEUSDT,1733608799999,LONG,-140966.2087979183,87227.2981249985,1733608800000,-0.011746630331040016,0.008693250148510913,-0.019818343482804514
DOGEUSDT,1733612399999,SHORT,87227.2981249985,-784408.4472654179,1733612400000,-0.0011919215625879854,-0.018317013379568026,-0.006450285988481
DOGEUSDT,1733623199999,LONG,-460120.3347983339,395367.0807004152,1733623200000,-0.0021012279330898543,0.012344508250803457,0.007996163085662453
DOGEUSDT,1733641199999,SHORT,803365.8638208335,-84204.91507166624,1733641200000,0.006554170138075013,0.027487338479153713,0.012654181509033477
DOGEUSDT,1733947199999,LONG,-833104.9096683332,572257.806055416,1733947200000,0.002598841609976491,-0.0023882192590402155,-0.0029438754912508654
DOGEUSDT,1733954399999,SHORT,51162.53528791604,-19510.245346668176,1733954400000,0.0028780449174100092,0.02237760777837877,0.006776591511767657
DOGEUSDT,1735052399999,LONG,-133060.99030999793,143830.17392708533,1735052400000,0.01016238533322705,0.010043426225279919,0.00679633160469132
DOGEUSDT,1735059599999,SHORT,76213.1020129191,-831398.4380887481,1735059600000,-0.007037748228134186,0.007420624682368872,-0.0016515776316982772
DOGEUSDT,1735423199999,LONG,-49913.006182916615,50838.469120833404,1735423200000,0.005829661333498164,-0.005894962930635842,0.009145701094162207
DOGEUSDT,1735437599999,SHORT,220319.1058008337,-67105.45668833314,1735437600000,-0.00601869468036072,-0.013936538778446883,-0.010493665499682203
DOGEUSDT,1735459199999,LONG,-346554.2336208329,169257.28904958357,1735459200000,-0.0067662556223814455,-0.01117978532939878,-0.0407321369697241
DOGEUSDT,1735462799999,SHORT,169257.28904958357,-177414.80166375008,1735462800000,0.002326935314063797,0.006596835975678292,0.033712804885266394
LTCUSDT,1672581599999,SHORT,607202.9415024999,-79893.68251666655,1672581600000,-0.0012898604439705427,-0.01579317168171347,-0.005434795985956775
LTCUSDT,1672588799999,LONG,-106353.71322041668,35564.56215124993,1672588800000,0.004116108288126257,0.00807427008575535,0.00807427008575535
LTCUSDT,1672750799999,SHORT,18904.162482083386,-36471.607533333205,1672750800000,-0.0006659119910456564,0.007220247973487132,-0.007697450083381901
LTCUSDT,1672801199999,LONG,-69834.26633250022,73151.49833624973,1672801200000,0.007513962027196733,0.002727097333270808,-0.013616340250845472
LTCUSDT,1672883999999,SHORT,113612.27668000071,-48920.366673332755,1672884000000,-0.004370578442535226,-0.006219007804317576,0.01794610905972525
LTCUSDT,1672948799999,LONG,-108180.2287141664,50202.52755541684,1672948800000,-0.0017394799328212052,-0.00791897299838942,-0.020803127629763173
LTCUSDT,1672963199999,SHORT,30890.71921166698,-57631.83714541639,1672963200000,-0.007784229347980097,-0,0.006759522830829002
LTCUSDT,1673074799999,LONG,-25129.696616249857,211897.5818058333,1673074800000,0.0035580191716241645,0.0051353065648727745,0.006710110039939165
LTCUSDT,1673139599999,SHORT,11582.66681666649,-100037.46492125008,1673139600000,-0.0015894043081068363,-0.000662558826331293,-0.006737590716579905
LTCUSDT,1673146799999,LONG,-10063.573938750042,53797.89858249994,1673146800000,0.0014537767709435802,0.0034327997798050337,0.010001399330114224
LTCUSDT,1673153999999,SHORT,29404.698550416622,-24353.491360000044,1673154000000,-0.002910439943053687,-0.006865619785981516,-0.0027783308207265803
LTCUSDT,1673189999999,LONG,-17143.429489166592,29378.71232000009,1673190000000,0.00431232291922094,-0.00643764950756328,0.06881824475115443
LTCUSDT,1673197199999,SHORT,91479.05070833342,-3050.5235641666222,1673197200000,-0.0007923930684024075,-0.009336644851398885,-0.07689742681505515
LTCUSDT,1673200799999,LONG,-3050.5235641666222,7664.451235416734,1673200800000,0.001714926876334804,0.008938019545105173,0.07697082113505263
LTCUSDT,1673319599999,SHORT,1058.7257208335213,-53010.75984750005,1673319600000,-0.0011085792845613382,-0.0016008869868121757,0.003951598127973667
LTCUSDT,1673420399999,LONG,-268700.87314041686,107499.20747749934,1673420400000,-0.0007222824438238984,-0.010281312215921119,-0.015645216335795544
LTCUSDT,1673431199999,SHORT,21683.777719166206,-58497.37319000054,1673431200000,-0.002434572109381454,0.006971226177494742,-0.004013871471834807
LTCUSDT,1673434799999,LONG,-58497.37319000054,17951.629846249434,1673434800000,-0.0009731177023847954,-0.006709387779524035,0.005698021114637796
LTCUSDT,1673449199999,SHORT,14133.18050041628,-8000.44365750032,1673449200000,0.011200806374339919,-0.0013454836596495604,-0.03168367172059302
LTCUSDT,1673481599999,LONG,-16156.993770833904,217690.14840874946,1673481600000,0.032985446604562124,0.007582076365566155,-0.0014280616493348235
LTCUSDT,1673535599999,SHORT,822.0676904165497,-167412.57635666695,1673535600000,-0.0024073194100438498,-0.022167514791759827,-0.024757274920765585
LTCUSDT,1673539199999,LONG,-167412.57635666695,90497.46194916645,1673539200000,0.0008412956448373421,0.024232091959268332,0.025873743359853412
LTCUSDT,1673567999999,SHORT,143275.31458916664,-71564.85880125011,1673568000000,0.009220958243848632,0.008400469420933507,0.017936123522739166
LTCUSDT,1673618399999,LONG,-145703.9382608336,14715.993791666426,1673618400000,0.0016668654889289514,0.002499257474680445,0.07150005317446037
LTCUSDT,1673632799999,SHORT,6471.287144999874,-65179.73460333337,1673632800000,0.0016654774251864902,-0.029398381130013102,-0.05885408434933788
LTCUSDT,1673661599999,LONG,-113290.3417833335,1503.4242533331271,1673661600000,-0.009694209297143448,-0.010590367080878042,-0.026176858359832095
LTCUSDT,1673665199999,SHORT,1503.4242533331271,-60581.760589583544,1673665200000,0.010692881442043924,-0.011576264627845358,0.016366977464205245
LTCUSDT,1674151199999,LONG,-36057.689769166325,52808.87279791676,1674151200000,0.006340113348501183,0.005505040231079844,0.0016786574685299822
LTCUSDT,1674176399999,SHORT,55950.325568333385,-48611.47344749991,1674176400000,-0.0077275543549246255,0.002629064611850464,-0.008674524122660779
LTCUSDT,1674219599999,LONG,-12853.166469166483,32927.66860208346,1674219600000,-0.0021316919488591065,0.020607215579379844,0.05702038625393058
LTCUSDT,1674323999999,SHORT,94404.75710250081,-35846.24423249935,1674324000000,-0.0035464960146680885,-0.0017748202107580816,0.013750146769424671
LTCUSDT,1674953999999,LONG,-195901.81728083323,129082.37244875,1674954000000,0.013037720163727288,0.004856428463760475,0.0015862108755968155
LTCUSDT,1674961199999,SHORT,71229.42049916666,-20391.58239666652,1674961200000,0.0027420392628862288,0.00010532413512296879,-0.005880516788351279
LTCUSDT,1674971999999,LONG,-31995.459532083245,106524.88849375006,1674972000000,-0.004099443382314852,-0.004837023100701296,0.0033511393807751175
LTCUSDT,1674979199999,SHORT,32154.588523333427,-20596.58627666657,1674979200000,-0.00338230953458488,-0.009378855829161025,-0.028700117518874888
LTCUSDT,1674982799999,LONG,-20596.58627666657,826.1672554166677,1674982800000,0.0010546299226821174,-0.0013726838119721356,0.018815230496722953
LTCUSDT,1674986399999,SHORT,826.1672554166677,-16228.463177083293,1674986400000,-0.007456059745226674,-0.0009482168966269886,-0.021584697012444427
LTCUSDT,1674989999999,LONG,-16228.463177083293,78894.13899041673,1674990000000,-0.002409513501408564,-0.0006280092314419882,0.0049058080749643925
LTCUSDT,1675036799999,SHORT,123831.13636999996,-56068.99399708336,1675036800000,-0.002839865174427956,-0.0033648822495423512,0.02765940647792309
LTCUSDT,1675288799999,LONG,-69308.41254374998,38506.96500125007,1675288800000,0.02838354790176132,0.030960358049091054,0.025800080646098813
LTCUSDT,1675367999999,SHORT,84299.94683083317,-117137.54833291627,1675368000000,-0.0025948118351567114,0.01358238094528697,0.01947491044060727
LTCUSDT,1675720799999,LONG,-10163.088203749969,2578.487622500048,1675720800000,-0.0054597096733280896,-0.007320752394091213,0.018726376655679684
LTCUSDT,1675724399999,SHORT,2578.487622500048,-14038.487973333336,1675724400000,0.008714652102443888,-0.01892930107361197,-0.02297543242811159
LTCUSDT,1675738799999,LONG,-2279.6658075000937,188681.45234041664,1675738800000,0.009583932121928184,0.003238541439975313,0.001620581738247149
LTCUSDT,1675879199999,SHORT,7101.108697083236,-60426.25258583335,1675879200000,0.0020175533929388595,0.0038368383095243063,0.02810465494727487
LTCUSDT,1675882799999,LONG,-60426.25258583335,15645.470553750018,1675882800000,-0.000808162484636619,-0.0019204534128019824,-0.022052961094917795
LTCUSDT,1675886399999,SHORT,15645.470553750018,-54988.924629583336,1675886400000,0.010975719938584993,-0.0025235969583398293,0.02186661151703124
LTCUSDT,1676059199999,LONG,-892127.8235975007,91433.91465791687,1676059200000,-0.004475710796241634,-0.007899272501108744,-0.0017026714765832908
LTCUSDT,1676141999999,SHORT,128491.28979000037,-107032.665513333,1676142000000,-0.0024529420927251397,-0.006492492605487232,-0.00021353833094155448
LTCUSDT,1676329199999,LONG,-71610.89947916656,18180.605280416825,1676329200000,0.011163420712830613,0.004214735609210019,0.01740898969149231
LTCUSDT,1676591999999,SHORT,71080.62101208333,-72610.3538704166,1676592000000,-0.015497945293209065,-0.012697943463873484,-0.008382617383392658
LTCUSDT,1676595599999,LONG,-72610.3538704166,72772.78245374987,1676595600000,0.002194514596422816,-0.002800001829335447,-0.003601444468907368
LTCUSDT,1676602799999,SHORT,40883.59269416658,-25605.850542500073,1676602800000,0.0023005761584643045,0.004205052251562642,0.01287096702405608
LTCUSDT,1676620799999,LONG,-89552.61876500006,4160.142211666603,1676620800000,0.0026096572072339497,-0.000703765172564801,0.01476483326622259
LTCUSDT,1676624399999,SHORT,4160.142211666603,-15379.540537083367,1676624400000,0.0007019303371684512,-0.00020046106111018316,-0.016009888022527258
LTCUSDT,1677369599999,LONG,-1888.3584470832138,38219.83990000016,1677369600000,-0.0019354844751774372,0.0049292855916999315,0.008237543237872971
LTCUSDT,1677430799999,SHORT,43689.263695416776,-4038.7992437498565,1677430800000,-0.002768610010428522,-0.01691729920863793,-0.00881156505491269
LTCUSDT,1677437999999,LONG,-70893.03874541652,94438.60470083352,1677438000000,0.0001051690593596688,-0.00368790260454996,-0.005484088834205018
LTCUSDT,1677452399999,SHORT,92737.83734708354,-9676.156462083143,1677452400000,-0.0052642783185114315,-0.0037930716639097977,0.005716721052717396
LTCUSDT,1677639599999,LONG,-26459.20927458334,82112.8107095833,1677639600000,0.008574767586679823,0.018108518554631498,0.021197801209267085
LTCUSDT,1677725999999,SHORT,53633.652541249794,-19190.82153833351,1677726000000,0.0013405518893361266,-0.001235839498176912,0.024620479990011532
LTCUSDT,1678049999999,LONG,-70107.2078400002,5765.661553749815,1678050000000,-0.00144052326976926,-0.0028831246407423944,-0.023187821317460434
LTCUSDT,1678060799999,SHORT,42837.963313749875,-46465.56686666689,1678060800000,-0.0016671301443904028,0.010623527365730514,0.027402064045811136
LTCUSDT,1678787999999,LONG,-21737.297048749868,135796.11866083337,1678788000000,0.007843177461025879,0.0768360489479774,0.03644798804268925
LTCUSDT,1678805999999,SHORT,20359.748602083495,-151731.2601370834,1678806000000,-0.007550659371721106,0.027121490105787027,0.028420268256357396
LTCUSDT,1679443199999,LONG,-163210.5371825002,33490.43942666651,1679443200000,-0.012325496203395365,-0.011220998330788552,-0.02530225866573847
LTCUSDT,1679446799999,SHORT,33490.43942666651,-141243.25658416678,1679446800000,-0.0030650425515652024,-0.002452785139431568,0.0094997938533296
LTCUSDT,1679518799999,LONG,-182622.83718833374,21460.433512082556,1679518800000,-0.007222771381248336,-0.00011608334797414506,0.019996069602615164
LTCUSDT,1679522399999,SHORT,21460.433512082556,-209233.35556833376,1679522400000,-0.00965741405391616,-0.0038508712037242133,-0.05504516232117417
LTCUSDT,1679543999999,LONG,-28726.111033333855,66370.405287083,1679544000000,-0.00643902420198759,0.00708088842521541,0.0597275399700694
LTCUSDT,1679723999999,SHORT,146909.60530541683,-331087.0129191662,1679724000000,0.00215796372047323,0.00507862132153744,0.007247584323453468
LTCUSDT,1679738399999,LONG,-114812.87560541656,4808.067315416799,1679738400000,0.009379617037774747,0.009486918931756209,-0.013193235034022312
LTCUSDT,1679774399999,SHORT,37611.13200625001,-128105.82571999978,1679774400000,-0.003431674370103583,-0.013765979183397031,-0.03540481981192617
LTCUSDT,1679781599999,LONG,-9657.220414166417,3709.273278750324,1679781600000,0.0007680070595282367,0.026642251562054513,0.027176468146157554
LTCUSDT,1679785199999,SHORT,3709.273278750324,-155536.8194199996,1679785200000,-0.002738077391039778,-0.02137552226230214,-0.025446665661164176
LTCUSDT,1679795999999,LONG,-290810.6642362494,31632.494922500646,1679796000000,-0.004605588390472645,0.009148026779241923,0.010100558999222799
LTCUSDT,1679799599999,SHORT,31632.494922500646,-40838.647412082726,1679799600000,-0.0017161861983330624,-0.00396422011621535,0.006678180786658655
LTCUSDT,1679803199999,LONG,-40838.647412082726,161446.28525708398,1679803200000,0.00032149172435717675,0.0013923849515661607,-0.007746972250173614
LTCUSDT,1679846399999,SHORT,61094.45378708374,-4152.061664999618,1679846400000,0.0017299171791708046,-0.004096599088333149,0.0017299171791708046
LTCUSDT,1679853599999,LONG,-69040.96698416614,42576.5570016671,1679853600000,0.0033281473631921504,0.0009673779439850009,-0.018231649861857088
LTCUSDT,1679882399999,SHORT,151961.06608833326,-172437.90260625017,1679882400000,-0.0016236405580192222,0.01089216737381138,-0.006155859387575911
LTCUSDT,1680076799999,LONG,-11333.353311249599,63741.26668125042,1680076800000,0.007364920109534207,-0.00010871337728808413,0.004338872193587961
LTCUSDT,1680137999999,SHORT,70788.45939916663,-44817.49225624996,1680138000000,0.004551265002259559,0.0002215330093243804,0.0025505974459622566
LTCUSDT,1680314399999,LONG,-118631.46824458311,204440.78018000047,1680314400000,0.012365084161383906,0.004964396122743214,0.011295908393970823
LTCUSDT,1680404399999,SHORT,396941.0077095831,-103964.78465208369,1680404400000,-0.0010813149842524767,-0.013112827613411262,-0.011402877426537995
LTCUSDT,1680418799999,LONG,-109588.0746545837,23838.972317499534,1680418800000,0.00543161248045153,-0.0012823254588971399,-0.01951860099727917
LTCUSDT,1680451199999,SHORT,85577.12651874975,-133269.5989895833,1680451200000,-0.0016210086220983248,0.01756632371789917,0.0172361635872381
LTCUSDT,1680548399999,LONG,-230541.39597541696,36032.38672291639,1680548400000,-0.005872007477222553,-0.008874690698410565,-0.015339533815621713
LTCUSDT,1680559199999,SHORT,56872.66793916611,-110469.41633875058,1680559200000,-0.010689514947953924,-0.00271017565203426,-0.00821626243715152
LTCUSDT,1680681599999,LONG,-124024.63052250021,98896.60696666641,1680681600000,-0.0005271203537791926,-0.002427057594083327,-0.02367605526091296
LTCUSDT,1680692399999,SHORT,20294.395381249564,-18348.49694583371,1680692400000,0.000528122536700658,0.027404840684261716,0.025128293546783732
LTCUSDT,1681138799999,LONG,-144381.56996624984,255643.0561895835,1681138800000,-0.0065956880727257635,0.003120463069003018,0.02174693953054797
LTCUSDT,1681250399999,SHORT,200109.15798291666,-51711.387263333345,1681250400000,-0.00031913196377440474,0.010911533164443455,0.024229904463184147
LTCUSDT,1681433999999,LONG,-37184.885939999695,260346.37187875024,1681434000000,0.00020521239554886075,0.00807403844526247,-0.018539187701418998
LTCUSDT,1681473599999,SHORT,82854.27778000005,-15011.087986666631,1681473600000,0.01339514343651001,0.03132622189794891,0.006104203941990236
LTCUSDT,1681484399999,LONG,-8982.98585708323,77463.09904500011,1681484400000,-0.025014441411362803,-0.012113765509110247,-0.009385823412414136
LTCUSDT,1681487999999,SHORT,77463.09904500011,-289192.7296158332,1681488000000,-0.003930112871049758,-0.02147903167712423,-0.01772198279941194
LTCUSDT,1681660799999,LONG,-41070.591528750374,75502.99273041675,1681660800000,0.005019942625051093,-0.002865756198133731,-0.025079997659671196
LTCUSDT,1681685999999,SHORT,17336.152194583712,-51077.53439999962,1681686000000,0.008454817361510677,0.017888849594869253,0.018292278748096844
LTCUSDT,1681786799999,LONG,-229103.66693750035,39586.27006749999,1681786800000,-0.000980873055591948,-0.001471670611456362,-0.004027708180817508
LTCUSDT,1681797599999,SHORT,94354.50686458331,-13003.019033333403,1681797600000,-0.001670515791616027,-0.006860754148238538,0.010082125532984767
LTCUSDT,1681811999999,LONG,-48274.33800541699,46003.373888749746,1681812000000,-0.0038169853046697354,-0.008140891412431153,-0.00833787752554728
LTCUSDT,1681833599999,SHORT,93791.79643499987,-18727.4866645834,1681833600000,-0.0010860444371032648,0.004852215293155985,0.004157598544810227
LTCUSDT,1681837199999,LONG,-18727.4866645834,2835.3666154165985,1681837200000,-0.006831371549795031,0.0006904374688640115,9.866311487470372e-05
LTCUSDT,1681844399999,SHORT,21010.065738333273,-81201.12324458342,1681844400000,-0.002086749900175749,-0.009011300271586935,9.947774193737464e-05
LTCUSDT,1681855199999,LONG,-14354.13486208336,17287.435785416706,1681855200000,-0.0007883327172164291,-0.002070700340546134,-0.06427588160881256
LTCUSDT,1681865999999,SHORT,80626.55662500001,-20056.788236249977,1681866000000,0.0017751483951407203,0.0012817354478431946,0.06324530574203881
LTCUSDT,1681869599999,LONG,-20056.788236249977,25041.59075583339,1681869600000,-0.0016797593001585149,0.0017754985922856115,-0.06106281633860899
LTCUSDT,1681873199999,SHORT,25041.59075583339,-274265.98434958357,1681873200000,0.003070373332697102,0.005951217723155951,0.06158928790655416
LTCUSDT,1682193599999,LONG,-333045.59042333334,119500.59451166667,1682193600000,0.00023025558471521587,0.0011507481131781498,0.0008056627011149849
LTCUSDT,1682254799999,SHORT,52949.89586750008,-84007.35878958322,1682254800000,0.0004618404423390401,0.00485999568021531,-0.014326071614360506
LTCUSDT,1682377199999,LONG,-50776.30793333356,2246.497210416477,1682377200000,-0.001132502952299155,-0.00978169764753219,0.008116378678072755
LTCUSDT,1682380799999,SHORT,2246.497210416477,-2463.6499004168436,1682380800000,0.004883875912375159,0.009791721179911337,-0.009584557783227218
LTCUSDT,1682413199999,LONG,-50299.27053208327,164062.90918916676,1682413200000,0.006863599377839113,0.00798429881150932,0.029152042124082494
LTCUSDT,1682503199999,SHORT,49838.24921708364,-7572.1488037496265,1682503200000,-0.006791569538226418,-0.021099205760350445,0.02616930139155152
LTCUSDT,1682506799999,LONG,-7572.1488037496265,147068.68461125044,1682506800000,0.002725539981050012,0.007612869828721935,-0.0408902282891737
LTCUSDT,1682535599999,SHORT,72737.74190208327,-182705.6041262501,1682535600000,0.06050867306565264,0.041217685586211,0.031484697932886295
LTCUSDT,1682776799999,LONG,-117411.87626000009,184792.45142833318,1682776800000,-0.00022019156755278738,-0.00906784937257116,-0.007735699974855532
LTCUSDT,1682787599999,SHORT,104253.93800374978,-32638.675870833376,1682787600000,0.006532714369182606,-0,0.0011042403948897887
LTCUSDT,1682805599999,LONG,-32172.799351666723,3526.3624158332627,1682805600000,-0.0034075328382304503,-0.010923041245533135,-0.006384874178613009
LTCUSDT,1682809199999,SHORT,3526.3624158332627,-29085.790263333376,1682809200000,-0.0024194447082159765,0.006406737920056327,0.004856521686671398
LTCUSDT,1682812799999,LONG,-29085.790263333376,14000.149422916604,1682812800000,-0.004954593124683341,-0.008049886332210416,-0.006611594332312706
LTCUSDT,1682819999999,SHORT,53940.66111916659,-3118.9477991667227,1682820000000,-0.0011087704872464155,-0.007625610251619879,-0.002548336651362265
LTCUSDT,1682845199999,LONG,-17598.736052083394,14943.52775249995,1682845200000,-0.0028672273723145936,-0.006518279721487151,-0.026671223303639847
LTCUSDT,1682863199999,SHORT,49173.85796083332,-139385.86083374987,1682863200000,-0.0035343531379573873,0.0013286095842783643,0.03903484859490472
LTCUSDT,1683021599999,LONG,-11767.950816250019,37656.13448041662,1683021600000,-0.00011362990751390543,-0.002161179252149066,0.0031764065277707543
LTCUSDT,1683035999999,SHORT,23084.666965416673,-8533.988257916644,1683036000000,-0.006016933632134004,0.00011387576166710493,-0.0003415494995349278
LTCUSDT,1683039599999,LONG,-8533.988257916644,22331.861624166446,1683039600000,-0.001812826238588783,-0.0005661552548892897,-0.009439933620640616
LTCUSDT,1683104399999,SHORT,176812.207088333,-21993.906677083596,1683104400000,-0.00045428734455323636,0.02123953328512278,0.011424778671392449
LTCUSDT,1683179999999,LONG,-21591.466242916573,2043.1968533334632,1683180000000,-0.0018062773030236418,-0.005201866304161827,-0.0058823699030665245
LTCUSDT,1683183599999,SHORT,2043.1968533334632,-20818.448059999926,1683183600000,0.004643532892179484,0.00011300073462509029,0.00714410250613203
LTCUSDT,1683205199999,LONG,-28461.026203749934,254956.78292875012,1683205200000,-0.006029254371669875,-0.0022709218343525753,0.004752215325005318
LTCUSDT,1683241199999,SHORT,95110.81631625006,-22869.138794166618,1683241200000,-0.003856629099571633,-0.0027238695765440793,0.00011365573689559941
LTCUSDT,1683471599999,LONG,-110691.6653654168,202990.41853083344,1683471600000,-0.003929278139889661,-0.0030945037786118262,-0.026735696483091667
LTCUSDT,1683485999999,SHORT,9683.684284166608,-177739.15134958332,1683486000000,-0.0029753071636545734,0.0005961252039428019,0.02718379405668641
LTCUSDT,1683680399999,LONG,-55074.61445458342,37053.72508916666,1683680400000,0.0016196353132522303,-0.006253929076299456,0.015956798459659506
LTCUSDT,1683691199999,SHORT,18735.140852499946,-54306.49034750004,1683691200000,-0.001004268223998238,0.007311264132558725,-0.018171004011628047
LTCUSDT,1683957599999,LONG,-85436.2279466666,8762.76920250002,1683957600000,0.0002495944103810084,0.008203899337649154,0.0027421181335185855
LTCUSDT,1684022399999,SHORT,29605.694149166793,-2985.7561779165603,1684022400000,-0.00037394827484689625,-0.005594594066388933,-0.007452524866523273
LTCUSDT,1684029599999,LONG,-26516.89547999993,18158.713341250066,1684029600000,0.0036170915644642095,0.010317699833670002,0.021264245398408026
LTCUSDT,1684058399999,SHORT,10296.158864583509,-24377.286138333187,1684058400000,-0.0009888752350947097,-0.010946545564738014,-0.02455385064832645
LTCUSDT,1684069199999,LONG,-15928.580009583151,92439.94288625025,1684069200000,0.00024467824932445634,0.010830650440580108,0.011556603285529215
LTCUSDT,1684187999999,SHORT,10534.157277916753,-64529.5094929166,1684188000000,-0.0003429551333986714,-0.0067232889574407395,-0.02104388098718265
LTCUSDT,1684274399999,LONG,-894.7948745832933,23343.567475000087,1684274400000,0.0007829540134884445,0.03873859042649224,0.038092526012935675
LTCUSDT,1684407599999,SHORT,251.61660541702682,-20119.86000624982,1684407600000,0.004833781365312138,0.013811181986063925,0.0210078110181038
LTCUSDT,1684519199999,LONG,-214606.4237854164,98098.01143875036,1684519200000,-0.006692598382916564,-0.015504186535965312,-0.02164186472517252
LTCUSDT,1684533599999,SHORT,4935.104530416817,-46564.9184591665,1684533600000,-0.0005461794881528664,0.0024067400305649764,0.0027353811027018104
LTCUSDT,1684540799999,LONG,-28916.570028749877,50856.9245745835,1684540800000,-0.008981440440173759,-0.0028390497339780153,-0.006124923446180624
LTCUSDT,1684544399999,SHORT,50856.9245745835,-125983.94182624982,1684544400000,-0.004390786417489539,-0.0045003094448154675,-0.0045003094448154675
LTCUSDT,1684648799999,LONG,-34253.07554958342,22363.166692916577,1684648800000,0.0007590133191715234,0.007349000977414113,-0.007840615142229914
LTCUSDT,1684684799999,SHORT,81603.51366999967,-73424.83400541695,1684684800000,0.002621233479874304,-0.0017436796048268374,0.009424727296624528
LTCUSDT,1684814399999,LONG,-87872.56110499974,92959.06717208373,1684814400000,-0.004000221562115388,-0.008342862194157459,-0.011830604149279339
LTCUSDT,1684825199999,SHORT,40365.82398583352,-20594.867182916496,1684825200000,-0.00010880800837657833,0.000979805206032777,0.009511906844444038
LTCUSDT,1685059199999,LONG,-246053.181009167,28296.933763749472,1685059200000,0.0012704280740876489,0.0032306477850690624,0.004957068194306566
LTCUSDT,1685213999999,SHORT,108387.34001083323,-1131.1435416667955,1685214000000,-0.0026114122135289255,-0.0064593119363973075,-0.017691598959504354
LTCUSDT,1685221199999,LONG,-47703.4779650002,33689.25751499975,1685221200000,-0.002147014780343237,0.00775851420905975,0.00999615219798782
LTCUSDT,1685401199999,SHORT,138618.39876000045,-5326.545347083011,1685401200000,0.0024186467375469957,-0.00010979961581164039,-0.016876659472878832
LTCUSDT,1685411999999,LONG,-16429.054132499656,58507.512482083635,1685412000000,0.0017582422111963444,0.0007696113842568338,0.010938634556157805
LTCUSDT,1685501999999,SHORT,76211.6961541669,-34632.83962333315,1685502000000,0.0006540222600690283,0.026500391437621038,0.03357470088015842
LTCUSDT,1685606399999,LONG,-40165.950630000174,52994.44139124985,1685606400000,0.004753682244754794,-0.0013003903002833642,0.030082268355913905
LTCUSDT,1685714399999,SHORT,186514.2239725004,-44387.91996166614,1685714400000,-0.0024568724637531124,-0.006290334724032995,-0.007671036977253617
LTCUSDT,1685789999999,LONG,-278960.60532374977,172865.54609875052,1685790000000,0,0.0014471782554660718,-0.004146372686638933
LTCUSDT,1685854799999,SHORT,8914.736398750645,-69504.885909166,1685854800000,0.0006315124933590342,-0.007024930593480276,-0.007651627919193137
LTCUSDT,1685872799999,LONG,-68947.25287583265,14345.481223750743,1685872800000,0.0002076843205803879,-0.003224634822093106,-0.011069453046237914
LTCUSDT,1685876399999,SHORT,14345.481223750743,-436126.24605208304,1685876400000,0.00031157501420464524,0.0053100234092794095,0.010018869027400193
LTCUSDT,1686099599999,LONG,-14766.005554999612,7710.660917500422,1686099600000,-0.0078683843640681,-0.00209956428306556,-0.005534661017847873
LTCUSDT,1686131999999,SHORT,69986.85219250018,-143577.12043249968,1686132000000,-0.006388365800297301,-0.010847184914131105,0.009943584754942544
LTCUSDT,1686142799999,LONG,-5576.90532333303,70246.60258625029,1686142800000,-0.00200000066666711,-0.023927004976788256,-0.012172800931208759
LTCUSDT,1686146399999,SHORT,70246.60258625029,-84231.69525999979,1686146400000,0.018635474183275377,0.013436547464186025,0.007591864084621336
LTCUSDT,1686887999999,LONG,-64946.34734791665,26947.585136666738,1686888000000,-0.0043991272703947214,0.001196410910408466,0.006232202098332973
LTCUSDT,1686923999999,SHORT,8044.053445416619,-31069.28994583323,1686924000000,-0.0062545948791977975,-0.015629457228639818,-0.011810899688534422
LTCUSDT,1686927599999,LONG,-31069.28994583323,526.3676670833956,1686927600000,0.0037081223789863973,0.01029576148579239,0.011083369822647328
LTCUSDT,1686931199999,SHORT,526.3676670833956,-18509.023932499927,1686931200000,-0.002508748922587391,-0.011697577031572978,-0.00619441848904344
LTCUSDT,1686934799999,LONG,-18509.023932499927,9847.123392083487,1686934800000,0.003290992241664941,0.009056962875063237,0.00683314091078039
LTCUSDT,1686938399999,SHORT,9847.123392083487,-893.1055641665201,1686938400000,-0.0006568144735307536,0.0005257623675264916,-0.01951916232153291
LTCUSDT,1686949199999,LONG,-24874.25294916646,17903.466571250232,1686949200000,-0.006029642071938491,-0.009058151859207967,0.011176204700314793
LTCUSDT,1686952799999,SHORT,17903.466571250232,-27924.80193958311,1686952800000,-0.0021016689727241327,0.0032927260569758678,-0.018499745938509327
LTCUSDT,1687006799999,LONG,-14155.935506249682,9502.285796667004,1687006800000,-0.0016864504224071153,0.00025920166034171195,-0.007285058887667748
LTCUSDT,1687013999999,SHORT,6444.569360000295,-49051.149866666354,1687014000000,0.0007816571528783824,-0.00649015777632752,-0.0033801384236723836
LTCUSDT,1687078799999,LONG,-3787.9252624998626,27585.736133333423,1687078800000,0.0028427464550387824,0.00297177038915748,0.0018099552452393861
LTCUSDT,1687082399999,SHORT,27585.736133333423,-50563.79147124991,1687082400000,0.0023252820191712047,0.0032310205814464203,0.004655983579219549
LTCUSDT,1687103999999,LONG,-21198.050147083308,21774.427798333432,1687104000000,0.010389370690322133,0.0069382264711891975,-0.005689180072160867
LTCUSDT,1687125599999,SHORT,8389.995329583413,-11277.86236458328,1687125600000,0.001816530926397894,-0.0019426283386979111,-0.000259235257446613
LTCUSDT,1687294799999,LONG,-52703.37112500006,108428.51554249995,1687294800000,-0.011019395249610538,0.01335992162082787,0.0434983600436042
LTCUSDT,1687413599999,SHORT,173335.31685958375,-96978.55522458318,1687413600000,0.008629173950519684,0.003327790092674691,0.015586530400409453
LTCUSDT,1687521599999,LONG,-184176.66078624982,30118.139177916455,1687521600000,-0.005460367909123159,0.026186391379469032,0.05576710926769029
LTCUSDT,1687525199999,SHORT,30118.139177916455,-83868.23192000012,1687525200000,0.0020991261352182444,-0.0445429290459452,-0.04398567074230735
LTCUSDT,1687535999999,LONG,-13272.754267083597,153038.38354874964,1687536000000,0.012896169757352964,0.03526255135565216,0.037982753239730244
LTCUSDT,1687568399999,SHORT,108994.36362625037,-185675.21969916613,1687568400000,-0.010644296086772745,-0.02629269769006902,-0.013397753413150453
LTCUSDT,1687575599999,LONG,-42441.24719416618,18039.908387083677,1687575600000,0.006540958674430181,0.006540958674430181,-0.007685588994797698
LTCUSDT,1687593599999,SHORT,52164.57235041715,-61594.56012458288,1687593600000,-0.0015404932623943458,0.0009915717222950518,0.019010077224973408
LTCUSDT,1688068799999,LONG,-499933.6364929173,15858.571429166166,1688068800000,-0.005204033033763911,-0.001062260353649701,0.11540778438382125
LTCUSDT,1688072399999,SHORT,15858.571429166166,-45940.86399583371,1688072400000,-0.003078747251290408,-0.007090552042003339,-0.14359091961225615
LTCUSDT,1688090399999,LONG,-33321.79874958366,3642.003002499657,1688090400000,0.03845307253298675,0.09604176690376787,0.10248624539062125
LTCUSDT,1688137199999,SHORT,63920.205656249695,-149609.466686666,1688137200000,-0.01063565190973945,-0.08102442623862034,-0.10233507785894115
LTCUSDT,1688144399999,LONG,-129680.05833999906,533648.7735900016,1688144400000,-0.0018506528831491714,-0.008448270087419026,-0.018003377914074494
LTCUSDT,1688176799999,SHORT,302083.4915812497,-172254.16749958447,1688176800000,-0.0022516193019587734,-0.003656311203110479,0.008015508047727594
LTCUSDT,1688306399999,LONG,-77996.75506833522,9793.585811248204,1688306400000,-0.0028805492957812984,-0.005407854549290889,0.021167634883568102
LTCUSDT,1688320799999,SHORT,31259.35246083187,-35459.78573041828,1688320800000,-0.00765252440311476,-0.014801795247338758,-0.016136611908266024
LTCUSDT,1688349599999,LONG,-79743.06558583521,259567.8684558319,1688349600000,-0.0061799437436923,-0.010350868723656162,-0.038031489210354194
LTCUSDT,1688360399999,SHORT,330480.8731541652,-397406.46674166777,1688360400000,-0.00017787264365651967,0.015055396836423271,0.055313216447496774
LTCUSDT,1689123599999,LONG,-59689.136877917255,66334.99119499959,1689123600000,-0.00175375296406557,-0.0016505058419873202,-0.004027890805853344
LTCUSDT,1689127199999,SHORT,66334.99119499959,-75145.2053870837,1689127200000,0.0017566524796269567,0.00258438144566489,0.0026878957566107806
LTCUSDT,1689134399999,LONG,-17456.07281916701,40528.87092124962,1689134400000,-0.0014443415282997189,0.003293539411939074,-0.014747385353370657
LTCUSDT,1689145199999,SHORT,24405.83695041625,-14526.699262917158,1689145200000,-0.0039122874980919075,0.0037205499718341336,0.012247169167512121
LTCUSDT,1689263999999,LONG,-430403.0982841668,244339.79220374968,1689264000000,-0.008812355079923704,0.001169134973390101,-0.010387158554990244
LTCUSDT,1689314399999,SHORT,115229.78574333231,-201371.7502391675,1689314400000,-0.004436345817946602,0.005747142255567959,0.043105335783579814
LTCUSDT,1689843599999,LONG,-258257.89331499985,55773.61221291668,1689843600000,-0.0035956045505901343,-0.011786704015518578,-0.030873928226308595
LTCUSDT,1689847199999,SHORT,55773.61221291668,-64976.92754541679,1689847200000,0.0028642675923262837,0.005417188880998967,0.02098128774527506
LTCUSDT,1689965999999,LONG,-9341.49676833294,2978.7475479169902,1689966000000,-0.004882200315308572,-0.0008473679142769398,-0.0023319917288536496
LTCUSDT,1689969599999,SHORT,2978.7475479169902,-70230.13126874978,1689969600000,0.0023434182006762446,-0.00042548665677547964,-0.005411440867486995
LTCUSDT,1689987599999,LONG,-138796.2480087499,145820.28397208345,1689987600000,-0.002309954828062444,-0.01181572982776306,-0.02012779814485615
LTCUSDT,1689991199999,SHORT,145820.28397208345,-48842.82668208346,1689991200000,0.0030527946231122963,0.008762262448341978,0.017067250557675804
LTCUSDT,1690430399999,LONG,-68574.54737749994,35889.1171816667,1690430400000,0.0016466330083156056,-0.0033014226090539015,-0.00462504953956227
LTCUSDT,1690441199999,SHORT,35815.363366666716,-41498.17383166659,1690441200000,-0.0007719027785817445,-0.004402868972756701,0.008307995723285487
LTCUSDT,1690451999999,LONG,-5191.574212083321,60534.93311416672,1690452000000,-0.005804101055332422,-0.005145339503182246,-0.016292742614657227
LTCUSDT,1690455599999,SHORT,60534.93311416672,-225671.47713666654,1690455600000,-0.0012072656901753116,0.0027492182048990043,0.010376514342592342
LTCUSDT,1690671599999,LONG,-76694.08153416694,167955.42713458298,1690671600000,0.0076661363519521615,0.006604903099430266,0.009361770501333787
LTCUSDT,1690747199999,SHORT,281859.40143041586,-419912.7016787508,1690747200000,-0.0061136029963597726,-0.010913868227520595,-0.0027932979056126536
LTCUSDT,1691261999999,LONG,-308047.0218658331,146798.81146916692,1691262000000,-0.0021726019408928243,0.0033702487365599738,0.0027692510623608772
LTCUSDT,1691315999999,SHORT,35527.88941124993,-57846.86923250005,1691316000000,0.001561843292200812,0.004451670709684489,0.008559941350171275
LTCUSDT,1691405999999,LONG,-64192.40398833299,65758.00908791697,1691406000000,-0.0018051632557035213,-0.010029689538837512,-0.009301268965170117
LTCUSDT,1691413199999,SHORT,19454.877897083683,-43220.38120958294,1691413200000,0.004237037995450169,0.025943696875364335,0.001813675607493438
LTCUSDT,1691423999999,LONG,-89744.00949624956,4505.254770416922,1691424000000,-0.012933603951393952,0.0015897282467551,0.0069516713881404195
LTCUSDT,1691427599999,SHORT,4505.254770416922,-273749.0608191667,1691427600000,-0.003959911126805109,-0.016722386477101968,-0.025826048306124408
LTCUSDT,1691452799999,LONG,-13688.310412916704,18062.059683333344,1691452800000,0.0019382198678289284,-0.0023065260605075427,0.008812756981898956
LTCUSDT,1691459999999,SHORT,20190.10724875001,-206837.57409916676,1691460000000,-0.003537236108729773,-0.009969687440215251,-0.012748305960063697
LTCUSDT,1691470799999,LONG,-197696.97154666673,8206.977853749917,1691470800000,-0.0012090437937561022,-0.004480782549843677,0.025882534914575765
LTCUSDT,1691477999999,SHORT,15065.765452916618,-30652.756691666786,1691478000000,0.0018187334507109118,-0.003506866161246505,-0.021096311568447348
LTCUSDT,1691513999999,LONG,-51607.67549291707,254094.4583187499,1691514000000,-0.005194203627164652,-0.009464166229195799,-0.01112964365438227
LTCUSDT,1691521199999,SHORT,196931.16605416685,-23291.64998499991,1691521200000,0.0004746084569392511,0.004994658974090647,0.005948857519772397
LTCUSDT,1691917199999,LONG,-23497.39558916677,1404.0240166665753,1691917200000,-0.001684109624555478,-0.0014433488192514582,-0.0008417002841662512
LTCUSDT,1691920799999,SHORT,1404.0240166665753,-10511.616428333431,1691920800000,0.0009637393831099603,0.00048175359235959797,0.0012048194228503075
LTCUSDT,1692053999999,LONG,-101292.53097916643,227709.43319416675,1692054000000,0,-0.0018296034865294165,-0.0034179720775437622
LTCUSDT,1692071999999,SHORT,97674.1157670834,-57499.498927083296,1692072000000,-0.0006127826651706239,-0.0033045743308821977,0.003069558552343109
LTCUSDT,1692579599999,LONG,-133180.81999166662,73366.07529541686,1692579600000,0.011909389271930387,0,-0.003950772499412117
LTCUSDT,1692604799999,SHORT,21818.684461250396,-44637.48758374946,1692604800000,-0.005480299908816505,-0.0019824634781051525,-0.011987094448031786
LTCUSDT,1692629999999,LONG,-83687.82989541588,567.8059495841153,1692630000000,-0.023638157419987416,-0.004834576571736422,0.005111255865998513
LTCUSDT,1692633599999,SHORT,567.8059495841153,-101311.60611083265,1692633600000,-0.006152918965486082,-0.02272998475219209,-0.026193061314171585
LTCUSDT,1692644399999,LONG,-20785.106662499446,9917.369928750597,1692644400000,0.004080712985336842,0.00889564855905364,0.003024348290408154
LTCUSDT,1692658799999,SHORT,1312.4543016674386,-42845.21291708263,1692658800000,-0.004941239371647812,-0.0010501838786812518,0.007231125211886896
LTCUSDT,1692701999999,LONG,-126741.23820833338,18586.61297374991,1692702000000,0.0003023431617890865,-0.00560990024038711,-0.029459018892278914
LTCUSDT,1692705599999,SHORT,18586.61297374991,-17981.064709166803,1692705600000,0.0012099215027131982,0.005152307200242001,0.02061613827581111
LTCUSDT,1692709199999,LONG,-17981.064709166803,26660.491882499733,1692709200000,-0.005007217805720945,-0.002576344533332586,-0.020490013484375392
LTCUSDT,1692712799999,SHORT,26660.491882499733,-79005.41246666701,1692712800000,-0.00030413625538560447,0.017335710661521685,0.012549904537478472
LTCUSDT,1692820799999,LONG,-94579.97061875004,26456.148822083313,1692820800000,-0.006343473922175038,-0.012574970642956373,-0.012574970642956373
LTCUSDT,1692889199999,SHORT,93345.99279166677,-9095.030059166756,1692889200000,0.002175264996955684,-0.0007757350478216524,-0.0015508687971972567
LTCUSDT,1692979199999,LONG,-11740.578963333663,34571.7173774996,1692979200000,-0.006821731880924343,0.0030854698961542233,0.008768612448306009
LTCUSDT,1692982799999,SHORT,34571.7173774996,-1059.7846433337156,1692982800000,-0.005274601121208597,-0.013134701694491938,-0.015587938128789957
LTCUSDT,1692986399999,LONG,-1059.7846433337156,38129.964367499575,1692986400000,0.008473974134611479,0.008780769657803262,0.008934132130306796
LTCUSDT,1692993599999,SHORT,61026.83299624955,-1225.9274962504471,1692993600000,-0.00322903332769192,-0.0024611610639005397,-0.006294639652528618
LTCUSDT,1692997199999,LONG,-1225.9274962504471,77305.13662999954,1692997200000,0.0009206690845197697,-0.002613174955647828,0.002146910807764055
LTCUSDT,1693040399999,SHORT,39659.8136141662,-12807.732875417123,1693040400000,-0.0009185548716886213,-0.0007655209743819925,0.004143970322782942
LTCUSDT,1693047599999,LONG,-17312.281257083774,23675.106369166268,1693047600000,-0.00030567018425368893,-0.0026011796473655907,-0.006131227054936296
LTCUSDT,1693065599999,SHORT,36394.25076916657,-15419.032256666687,1693065600000,0.002611168060688697,0.002611168060688697,0.003534387083025547
LTCUSDT,1693097999999,LONG,-4772.16564708334,33244.01930166664,1693098000000,-0.00015390534851475438,0.0015377521098827905,0.004606180414897281
LTCUSDT,1693105199999,SHORT,21391.76291166662,-1679.1754695833758,1693105200000,-0.0016947850909696698,-0.002618004113306386,-0.01347853151303211
LTCUSDT,1693108799999,LONG,-1679.1754695833758,14309.165271249969,1693108800000,0.0018455864974145774,0.0029206077174318964,0.00904151435628631
LTCUSDT,1693173599999,SHORT,22036.28616249992,-7485.2124587500775,1693173600000,-0.0004602992026036075,0.005231586020443102,0.012975158863133529
LTCUSDT,1693259999999,LONG,-11800.226469166693,49411.15068416666,1693260000000,0.0022920019201757608,0.0016813148782959964,-0.0069076949782477725
LTCUSDT,1693403999999,SHORT,14913.03836666653,-72207.40082250016,1693404000000,0.011155020110634,0.005041529065072116,0.006231474170527945
LTCUSDT,1693695599999,LONG,-11332.786037500133,8296.6289345832,1693695600000,0.001085187301287205,0.001859600721852636,-0.004975908260883222
LTCUSDT,1693717199999,SHORT,23037.587120416487,-17155.361361250176,1693717200000,0.0009310987637294623,0.0034182755471995722,0.011544589996326017
LTCUSDT,1693814399999,LONG,-12989.068106249984,31015.151511250006,1693814400000,0.0017124624718845062,-0.004841868108213174,-0.008292310678295394
LTCUSDT,1693821599999,SHORT,31063.236733750033,-2642.646780416641,1693821600000,0.0006242197456121678,0.0032815093123723573,0.014140062773812526
LTCUSDT,1693825199999,LONG,-2642.646780416641,7068.553478750051,1693825200000,-0.0028142607692454385,-0.007050557996666687,-0.010200166899563023
LTCUSDT,1693828799999,SHORT,7068.553478750051,-17730.31196499996,1693828800000,0.0010965772227535526,0.005652393758614275,0.002351282531650002
LTCUSDT,1693929599999,LONG,-9856.718563333367,33956.30836958324,1693929600000,-0.0012694384440362055,-0.0007932101629507242,0.00031710797792291237
LTCUSDT,1693936799999,SHORT,18248.769104166557,-3847.624768750063,1693936800000,-0.003007997201942807,0.0019044601852036527,0.003971726565059394
LTCUSDT,1693940399999,LONG,-3847.624768750063,29123.955359166586,1693940400000,-0.0039597739235386915,-0.0039597739235386915,-0.007935290012670897
LTCUSDT,1693972799999,SHORT,40040.39261833336,-11140.598868749978,1693972800000,0.0014277784609999628,0.004289465628548154,0.0036528270585811803
LTCUSDT,1694123999999,LONG,-34800.84639624998,93410.30534958343,1694124000000,0.0047147659237033925,0.0020457950325045793,-0.006638241541293517
LTCUSDT,1694170799999,SHORT,108108.2313445834,-13055.340235833273,1694170800000,0.0006397952873393514,-0.00207651220688902,0.0016002563824639828
LTCUSDT,1694181599999,LONG,-2299.900199166577,8121.009893750073,1694181600000,-0.001912960889433881,-0.0036697288889624017,0.00031847134027132665
LTCUSDT,1694185199999,SHORT,8121.009893750073,-53413.39313291663,1694185200000,0.0020765122068889634,0.004317588861202132,-0.0019129608894338486
LTCUSDT,1694271599999,LONG,-61800.05472125006,934.1511029166189,1694271600000,0.0015878059861765997,0.0011117288526904154,-0.0025457452094018508
LTCUSDT,1694307599999,SHORT,7981.776466666653,-21432.197983333335,1694307600000,0.002229655327269092,0.019599020917506576,0.023988914968415962
LTCUSDT,1694314799999,LONG,-29112.579931250006,9063.029844999992,1694314800000,-0.001115804690565379,-0.015250315625470107,-0.03188746335731918
LTCUSDT,1694321999999,SHORT,23224.748989166663,-121902.07711166675,1694322000000,-0.003725002282771803,0.002436846303756776,0.01421708724657976
LTCUSDT,1694516399999,LONG,-73505.56118000024,120226.59348499974,1694516400000,-0.002136577359746176,-0.010065261115253438,-0.013221147797322553
LTCUSDT,1694523599999,SHORT,94591.04511833309,-4139.920359166844,1694523600000,-0.002144330718570486,0.0023144331706674627,0.008290546574009102
LTCUSDT,1694534399999,LONG,-28406.95363916703,35951.19107083303,1694534400000,-0.0009925559127515167,-0.0029806281381377893,-0.011474308978464475
LTCUSDT,1694602799999,SHORT,132420.63957166663,-8383.06460333344,1694602800000,-0.007035944922040935,-0.007524982343149464,-0.018546163592486644
LTCUSDT,1694606399999,LONG,-8383.06460333344,75014.38006666652,1694606400000,-0.0026126729427519355,0.004393465695338615,0.010221554071538227
LTCUSDT,1694739599999,SHORT,65911.66973499987,-74960.74499666684,1694739600000,-0.0025498021782714864,-0.008737842550887522,-0.006679414146134099
LTCUSDT,1694811599999,LONG,-7956.900340833546,44936.44054541644,1694811600000,0.0021535156761372516,0.010569141810931458,0.0039957022579074275
LTCUSDT,1694879999999,SHORT,26358.662139583106,-106754.31018583354,1694880000000,-0.004643252422142759,-0.003252539071209745,0.006693152856580811
LTCUSDT,1694887199999,LONG,-76655.96497458349,24515.56464916652,1694887200000,-0.0009229349986009506,-0.0013847221229466161,-0.021446043385608488
LTCUSDT,1694894399999,SHORT,4888.744757916526,-41976.03025833346,1694894400000,-0.00046385775860705947,-0.010461633875637096,0.014958209719169226
LTCUSDT,1695005999999,LONG,-48238.31119374978,10943.847709166885,1695006000000,0.0072874188697063195,0.008213916774153599,0.04339571048243538
LTCUSDT,1695009599999,SHORT,10943.847709166885,-1384.8398833331205,1695009600000,0.0009273570989174606,-0.0010808308008100373,-0.03162799737996717
LTCUSDT,1695041999999,LONG,-90749.15122958332,110255.89400333354,1695042000000,-0.008064559836730519,-0.0008928572021722188,-0.01937433883736042
LTCUSDT,1695049199999,SHORT,9082.353605416758,-14170.852467083352,1695049200000,0.004480294232761901,0.01834637924441939,0.006278047525933048
LTCUSDT,1695056399999,LONG,-10062.104820416716,65797.04171916663,1695056400000,-0.0174204735780937,-0.014546256335810612,-0.0034300234955926376
LTCUSDT,1695059999999,SHORT,65797.04171916663,-30508.83554875001,1695060000000,0.0019710414993184067,-0.004232170766769872,-0.01607727514974984
LTCUSDT,1695070799999,LONG,-13250.932151250017,64179.840805833286,1695070800000,0.0015094342488541186,-0.003935225299377599,0.01603390909455183
LTCUSDT,1695081599999,SHORT,39193.49434833325,-26240.083972916782,1695081600000,-0.0015176812747706289,-0.009523161684676125,-0.02697196766156506
LTCUSDT,1695085199999,LONG,-26240.083972916782,2243.3050141665153,1695085200000,0.0013641532998384372,0.01520312265797207,0.02012079891230591
LTCUSDT,1695088799999,SHORT,2243.3050141665153,-4779.042130000152,1695088800000,-0.010248770943535377,-0.01622875587411727,-0.015930604410966213
LTCUSDT,1695106799999,LONG,-13423.868353333362,3685.875986666613,1695106800000,-0.001045478401552834,0.012608636963471587,0.005953284437949502
LTCUSDT,1695110399999,SHORT,3685.875986666613,-6621.115013750076,1695110400000,-0.0052164959188911505,-0.010701647911756276,-0.009518215820976032
LTCUSDT,1695218399999,LONG,-120518.31604500012,42093.558856666576,1695218400000,-0.003716325119563211,0.003702565167845024,-0.002630969559106552
LTCUSDT,1695225599999,SHORT,22711.96631958324,-7048.181524583449,1695225600000,-0,0.010716884428904894,-0.002622851152625436
LTCUSDT,1695229199999,LONG,-7048.181524583449,72499.73464833316,1695229200000,0.0032389941172810592,-0.004335043172222478,-0.0007727378485126609
LTCUSDT,1695239999999,SHORT,119692.50190749973,-96411.15128083364,1695240000000,-0.006381841256682335,-0.0071573356732128075,-0.003273835646815099
LTCUSDT,1695257999999,LONG,-25783.727071250323,45220.59742583296,1695258000000,-0.002785517121426201,-0.0004637143602684187,-0.014946565030639042
LTCUSDT,1695279599999,SHORT,18567.41703041633,-17272.257926666975,1695279600000,0.003573374423043699,0.023696675697721645,-0.0038696743590460113
LTCUSDT,1695571199999,LONG,-10058.400099583314,20713.953071249965,1695571200000,0,-0.005893317304906013,-0.007449980134814668
LTCUSDT,1695578399999,SHORT,4465.687322499954,-6294.390135833349,1695578400000,0.0038619033090978093,0.008827002725576487,0.009605031240665706
LTCUSDT,1695689999999,LONG,-13066.268125416673,34997.33456166667,1695690000000,0.005122246356668934,0.004812552950663059,-0.0007783918817555433
LTCUSDT,1695715199999,SHORT,1747.5614308333315,-21464.750167916674,1695715200000,0.00015536394034209265,-0.0003106554855675379,0.006546158039672855
LTCUSDT,1695722399999,LONG,-29038.15690500001,19771.738043750025,1695722400000,-0.0012433946270883846,-0.005138997527918854,-0.013290790592220174
LTCUSDT,1695743999999,SHORT,39384.04669666666,-50241.96094583333,1695744000000,-0.00187558667049467,-0.00046922656683251484,-0.0015632330836977755
LTCUSDT,1695815999999,LONG,-5662.263150416674,84113.21575958337,1695816000000,-0.004449566221203757,-0.026527577411551442,-0.028100894287380804
LTCUSDT,1695826799999,SHORT,6564.49211541672,-137140.6121933333,1695826800000,-0.005201367231314317,-0.004257674176064609,-0.0011055833077496541
LTCUSDT,1695913199999,LONG,-57151.909806250034,188901.36179166668,1695913200000,0.004015449410805199,-0.00046436035197091046,0.0046317822500382706
LTCUSDT,1696028399999,SHORT,141641.02238541658,-27111.66768458346,1696028400000,0.0013728932062582364,0.00259482706839584,-0.0009142161234033101
LTCUSDT,1696114799999,LONG,-120111.8341183334,27626.742174999992,1696114800000,-0.004690936951795738,-0.0049943350123756594,0.01438873745209967
LTCUSDT,1696118399999,SHORT,27626.742174999992,-2266.061520416668,1696118400000,-0.001969548398209284,-0,-0.021603000334821782
LTCUSDT,1696125599999,LONG,-3990.4669245833356,11995.445140416667,1696125600000,-0.0033323266219424277,-0.0007563724738483087,0.014263435268437192
LTCUSDT,1696129199999,SHORT,11995.445140416667,-6919.771686666674,1696129200000,-0.00045506257895651733,-0.004390287878334068,-0.012963702805148887
LTCUSDT,1696136399999,LONG,-3361.665364166683,5498.403594999992,1696136400000,0.0021208915691376296,0.00574627318345457,0.010559760215002253
LTCUSDT,1696183199999,SHORT,17767.67166416677,-47260.55759499987,1696183200000,-0.0028655475456336563,-0.005873068609588757,-0.01632872771392755
LTCUSDT,1696190399999,LONG,-8554.609742916518,30881.643462916818,1696190400000,-0.00030111412452766547,0.02556239646539185,0.019232795587784624
LTCUSDT,1696226399999,SHORT,4150.468330416828,-27734.282359999856,1696226400000,-0.004004454739372557,-0.005779078097741163,0.0029766356254300012
LTCUSDT,1696363199999,LONG,-4415.8005712499435,51861.345735833405,1696363200000,0.004570391867944497,-0.0006109668740531236,-0.016473315326909342
LTCUSDT,1696373999999,SHORT,25705.5631337501,-15535.207891666563,1696374000000,0.0022892035941343403,0.021572485254127773,0.01768596656484678
LTCUSDT,1696467599999,LONG,-224458.99558416687,4929.555079166632,1696467600000,-0.002011294868479447,-0.0006184292095679321,-0.004958175636192939
LTCUSDT,1696471199999,SHORT,4929.555079166632,-19098.824497916725,1696471200000,-0.0023203661118606977,0.0009296560942251498,-0.001856723417518538
LTCUSDT,1696528799999,LONG,-46188.237799583265,23701.0367258334,1696528800000,0.006342352453679266,0.004490214248645254,0.011878273096337119
LTCUSDT,1696543199999,SHORT,10134.434244166701,-26166.95996541662,1696543200000,-0.001852138205033965,-0.007388058847691899,-0.005853374691351812
LTCUSDT,1696557599999,LONG,-20750.09628708326,10417.42431500007,1696557600000,-0.00046022858831831445,0.0001533624725035866,-0.0035338440401677046
LTCUSDT,1696561199999,SHORT,10417.42431500007,-38391.49458708325,1696561200000,0.0012283127599930779,-0.0016864703115626425,0.0016893192990835796
LTCUSDT,1696571999999,LONG,-16013.162844166567,8029.616740000104,1696572000000,0.0009195402946785818,-0.0016880231124023503,0.007332755129391791
LTCUSDT,1696575599999,SHORT,8029.616740000104,-4772.613904166578,1696575600000,-0.0016836309173330266,0.0039907957800923285,-0.0038223423955539996
LTCUSDT,1696647599999,LONG,-10997.138438333253,19376.195065416734,1696647600000,-0.0009139376112172311,0.004102414019150704,-0.003507972788263933
LTCUSDT,1696687199999,SHORT,24585.624412916764,-53598.669051249926,1696687200000,0.0003055300970910189,0.0036725366449952713,-0.003354684451381521
LTCUSDT,1697374799999,LONG,-1596.9866575000488,18306.25150499995,1697374800000,-0.0006513597364310532,0.004871721229968392,0.0051956603322504446
LTCUSDT,1697385599999,SHORT,19700.679086249947,-19165.163714583363,1697385600000,-0.0024328939094501465,-0.0035662219672907905,-0.003080667211453442
LTCUSDT,1697389199999,LONG,-19165.163714583363,19334.878225416647,1697389200000,0.00048586931071627215,0.004364348639287139,-0.0008103071507303861
LTCUSDT,1697425199999,SHORT,20702.046539583334,-8327.463527083333,1697425200000,-0.0009718173748322639,-0.021482070077953008,-0.03549915129871978
LTCUSDT,1697435999999,LONG,-14034.08626666666,32648.252416249892,1697436000000,0.00556661477205349,0.0031847160675196984,0.017078213943036463
LTCUSDT,1697443199999,SHORT,3887.3524370832215,-20496.078277083434,1697443200000,0.0012712539452392456,0.0027033490264983862,-0.017161721680360887
LTCUSDT,1697461199999,LONG,-23871.595823750104,57475.571341666546,1697461200000,0.00031338138771043234,-0.0034536926009390923,-0.015636423769755003
LTCUSDT,1697493599999,SHORT,74130.10690375003,-57144.00072249997,1697493600000,-0.005846583771211187,-0.00031690699045118726,0.0004755488716076305
LTCUSDT,1697756399999,LONG,-26591.987724999995,13610.976329583335,1697756400000,0.0034071583216143558,0.011473019117737314,0.03387446425101664
LTCUSDT,1697821199999,SHORT,24776.998500000045,-21484.017526666616,1697821200000,0.0014241635447711908,-0.002684565370668983,-0.008032171697264253
LTCUSDT,1697824799999,LONG,-21484.017526666616,26429.349275416713,1697824800000,0.0020561493997727815,0.004108079722759972,0.0075710140821449315
LTCUSDT,1697831999999,SHORT,9701.519576666702,-18886.307189583295,1697832000000,0.0014183281867057253,0.0023649991314978564,-0.009092396861457793
LTCUSDT,1697893199999,LONG,-3665.6865058334174,54355.51682208322,1697893200000,0.006978395381462057,0.0020209878623795785,0.010218388958678026
LTCUSDT,1697896799999,SHORT,54355.51682208322,-1892.2863233334017,1697896800000,-0.005239648294969185,-0.005239648294969185,-0.0010809977116296465
LTCUSDT,1697900399999,LONG,-1892.2863233334017,32129.42081749997,1697900400000,-0.0024622973351609927,-0.0004612191641449251,-0.0030788201660334807
LTCUSDT,1697907599999,SHORT,18258.397739999957,-11037.526252916752,1697907600000,-0.010351579495113299,-0.004184430747194836,-0.007426925674871876
LTCUSDT,1697911199999,LONG,-11037.526252916752,13014.62540916659,1697911200000,-0.00015376335849472301,-0.002771364360383371,0.000768462344740702
LTCUSDT,1697914799999,SHORT,13014.62540916659,-5087.919656250015,1697914800000,0.0044687646599081,0.0026171980145911107,0.001846722593164774
LTCUSDT,1697929199999,LONG,-3509.8922000000216,19463.204105833323,1697929200000,-0.002469518155789478,-0.00015416634579220847,-0.01334594607105204
LTCUSDT,1697961599999,SHORT,36736.668684583354,-161944.37787708323,1697961600000,0.0026552143674706194,0.0028116232205304325,-0.006529873948582538
LTCUSDT,1697993999999,LONG,-8513.46123208321,120707.1090129169,1697994000000,0.0041344519502025025,-0.00940421638259562,0.016285269732715102
LTCUSDT,1698001199999,SHORT,55231.14361000028,-26823.61000624976,1698001200000,0.0015484673270555985,-0.003860710532353492,-0.025511197917012764
LTCUSDT,1698004799999,LONG,-26823.61000624976,2267.117310416943,1698004800000,0.00046479201394500444,0.010789253860256344,0.02373589726497431
LTCUSDT,1698011999999,SHORT,28857.202862500253,-110913.91755791641,1698012000000,-0.013812588655788487,-0.025915379051512324,-0.03183659881127468
LTCUSDT,1698116399999,LONG,-32924.63875124996,36089.02145333324,1698116400000,-0.029991688266086065,-0.041492677601397576,-0.021735413608581302
LTCUSDT,1698119999999,SHORT,36089.02145333324,-84561.42761625,1698120000000,-0.003709520589884873,0.01135640753790786,0.026799604897174197
LTCUSDT,1698631199999,LONG,-52938.37028499998,54542.118408333365,1698631200000,-0.005390063308233568,-0.011396967312797756,0.003625556868204988
LTCUSDT,1698645599999,SHORT,31547.50146208338,-2522.603473333244,1698645600000,-0.0022015125938682103,-0.012846892015959628,-0.013136957282677915
LTCUSDT,1698667199999,LONG,-21425.628813749732,39494.77997333362,1698667200000,-0.006219735101111645,0.0033110229629555207,-0.0012986077865645702
LTCUSDT,1698670799999,SHORT,39494.77997333362,-65989.21615749972,1698670800000,-0.002318841618748852,-0.005642784270164418,-0.009530758064067125
LTCUSDT,1699142399999,LONG,-60322.46391874998,25095.061613749986,1699142400000,-0.0032700676044030725,0.01381471082219183,0.01479421135527274
LTCUSDT,1699145999999,SHORT,25095.061613749986,-18821.507912499994,1699146000000,-0.0018496128201117485,-0.015403399299926065,-0.019601558278562276
LTCUSDT,1699160399999,LONG,-3205.230235000063,33646.51960791662,1699160400000,-0.0033712632014085623,-0.0042158578462099475,-0.0049202320388883145
LTCUSDT,1699163999999,SHORT,33646.51960791662,-31745.23197166671,1699164000000,0.0021125280724551233,-0.002529156891239401,-0.007568361283836045
LTCUSDT,1699282799999,LONG,-87457.25164374994,63265.03973583328,1699282800000,0.0025809971537657695,0.0032591012009069243,-0.011353654550887516
LTCUSDT,1699318799999,SHORT,61173.65830041664,-13783.703030833334,1699318800000,0.0017637885313337024,0.008029985305150023,0.011177869927416161
LTCUSDT,1699322399999,LONG,-13783.703030833334,52457.970544583375,1699322400000,-0.012984532868333063,-0.0019029501460860756,-0.01160977323471049
LTCUSDT,1699325999999,SHORT,52457.970544583375,-55390.3372220833,1699326000000,-0.007675476278339337,-0.01149123451946111,-0.0021990113314368093
LTCUSDT,1699329599999,LONG,-55390.3372220833,17644.370805416704,1699329600000,-0.0008195602152490459,0.0029993205852111684,-0.017631310723977618
LTCUSDT,1699340399999,SHORT,20005.76892833332,-4838.251519583359,1699340400000,0.0006804109944751765,0.01204339176791962,0.0023152887428163566
LTCUSDT,1699347599999,LONG,-34515.798093750025,13253.25424291667,1699347600000,-0.01658773587706553,-0.01645064628880501,-0.000809388955558584
LTCUSDT,1699351199999,SHORT,13253.25424291667,-147097.14472624986,1699351200000,0.004259125762457344,0.0020586022503674855,-0.013075642573622004
LTCUSDT,1700823599999,LONG,-29957.573679166602,24745.66979083342,1700823600000,0.0008577555922618755,0.005846718972646747,0.00868641987280782
LTCUSDT,1700845199999,SHORT,71556.19141000001,-20745.36832416666,1700845200000,-0.006223499578083003,-0.004671252035758463,-0.014368468072037923
LTCUSDT,1700877599999,LONG,-126359.74222541675,11526.248505416579,1700877600000,-0.0012540933852940772,-0.006566562191480642,-0.00965515091657695
LTCUSDT,1700881199999,SHORT,11526.248505416579,-9101.493712083378,1700881200000,0.003351958445704818,0.005032160465178162,0.008119882216622942
LTCUSDT,1700938799999,LONG,-35245.038797083274,25617.938112916716,1700938800000,0.0008382230163884294,0.0033486845859318783,-0.0037807228399060443
LTCUSDT,1700963999999,SHORT,38619.34626791678,-123803.08046374988,1700964000000,-0.0032201637906595017,-0.001121233474156957,0.007036336376529706
LTCUSDT,1701201599999,LONG,-48680.00692749998,11101.636220000024,1701201600000,0.0012863576418263058,-0.0018609983182196707,0.0011435107020790205
LTCUSDT,1701212399999,SHORT,16721.483400000066,-20104.766300416628,1701212400000,-0.0024388506457673396,-0.0008614501609545223,-0.0008614501609545223
LTCUSDT,1701219599999,LONG,-20184.67101208326,9489.971311250081,1701219600000,-0.00028604119188183194,-0.0022906237646303828,-0.0022906237646303828
LTCUSDT,1701248399999,SHORT,18717.344342500117,-1631.8205120832329,1701248400000,0.000995803482245808,0.007994332368781725,0.009428641277899342
LTCUSDT,1701269999999,LONG,-60490.02360624998,345.12187375004095,1701270000000,-0.0015785322930497267,0.002005444018350784,0.003292537510300343
LTCUSDT,1701273599999,SHORT,345.12187375004095,-26991.220767499995,1701273600000,0.0014371948435288123,-0.003297730424230579,-0.005870998463195956
LTCUSDT,1701601199999,LONG,-72759.07076333337,27222.126837916643,1701601200000,-0.0020693944061518834,-0.015275953211617531,-0.00013782647668439879
LTCUSDT,1701608399999,SHORT,17610.629093749983,-4269.771434999992,1701608400000,-0.0002785903347171756,-0.0006963303672490751,-0.014247422687158458
LTCUSDT,1701658799999,LONG,-30607.535904999666,17921.332971667056,1701658800000,0.002572609908470372,0.0017609215522178172,-0.013375387064324723
LTCUSDT,1701723599999,SHORT,26298.665807083675,-25805.24987083301,1701723600000,-0.0022166814285909057,-0.020455102647604313,0.0016657416400185725
LTCUSDT,1702537199999,LONG,-34128.82519041662,3266.621811249992,1702537200000,-0.0015009895702015603,0.005845982253030863,-0.011933479521989941
LTCUSDT,1702540799999,SHORT,3266.621811249992,-16872.807653749984,1702540800000,-0.002999729546907839,-0.011135367640829282,0.007263788533504689
LTCUSDT,1702544399999,LONG,-16872.807653749984,34399.56131833334,1702544400000,0.000544439920893456,0.006243234176908944,-0.010538659091915816
LTCUSDT,1702562399999,SHORT,2477.4331033332855,-49213.31794500031,1702562400000,0.005093973980595923,0.0008242890973656831,0.0038525088925308554
LTCUSDT,1702573199999,LONG,-11743.349695000312,33480.12247791648,1702573200000,0.004960054258250799,0.0038599441362997112,0.0006903693750206325
LTCUSDT,1702591199999,SHORT,25723.592139166274,-58196.95749416697,1702591200000,-0.003974513557937275,0.0038525088925308554,0.010214029447204866
LTCUSDT,1702594799999,LONG,-58196.95749416697,3940.321997082928,1702594800000,-0.001642710841683633,-0.010311495778130182,-0.0114176905811968
LTCUSDT,1702598399999,SHORT,3940.321997082928,-26509.838535417086,1702598400000,0.007564852801066878,0.00466969671526376,0.01240881770821923
LTCUSDT,1704625199999,LONG,-4703.008444166568,1850.1273462500928,1704625200000,-0.00045882083851480455,0.001375200766808938,-0.019765930721800776
LTCUSDT,1704643199999,SHORT,21205.979792500013,-50866.49288583335,1704643200000,0.00725703794788877,-0.004451615302905056,0.04210486833314424
LTCUSDT,1705895999999,LONG,-89488.6829379165,806.1677683334759,1705896000000,-0.013797166814851517,0.001797691143054819,-0.049655590445860834
LTCUSDT,1705899599999,SHORT,806.1677683334759,-61808.71530291663,1705899600000,-0.006015266091795387,-0.0030820982649811895,0.03949576149897152
LTCUSDT,1706288399999,LONG,-30436.713815000083,2308.5839737499095,1706288400000,-0.0016328957832928966,-0.00505577285090658,-0.0046086456357667584
LTCUSDT,1706356799999,SHORT,23843.2687537499,-18489.850233750087,1706356800000,-0.000746101653651632,-0.002683364758597028,-0.015552413007485003
LTCUSDT,1706381999999,LONG,-70163.96057624999,8366.091945416681,1706382000000,0.000587716737457664,0.0016153906148806676,-0.0007351319892929431
LTCUSDT,1706389199999,SHORT,1031.5142595833167,-71036.38461791666,1706389200000,-0.0010266188479579497,0.0035278590168417467,0.0039697177765162335
LTCUSDT,1706551199999,LONG,-61834.075577916716,116309.10991041664,1706551200000,-0.00044023773548356956,0.0026373641660856714,-0.0011743982559415578
LTCUSDT,1706644799999,SHORT,80507.0303287501,-36272.26103124985,1706644800000,0.0005845389615513941,0.014568722100953807,0.0032192009071256578
LTCUSDT,1706691599999,LONG,-104795.08227958316,17320.408055833366,1706691600000,-0.002596280125631847,-0.022875624152762213,-0.03563165591346405
LTCUSDT,1706695199999,SHORT,17320.408055833366,-4920.768168333317,1706695200000,0.018512298949461572,0.0183651860400384,0.03887415276166506
LTCUSDT,1706709599999,LONG,-22492.503638750193,40002.304704166425,1706709600000,-0.002798852825095614,0.005281702419175763,-0.0324417417999422
LTCUSDT,1706713199999,SHORT,40002.304704166425,-38521.49369125024,1706713200000,-0.008080555244271547,-0.0007373000407732479,0.02011540669778024
LTCUSDT,1706932799999,LONG,-7530.130523333384,12821.381773333289,1706932800000,0.00044049629961237106,0.0013209072148818919,0.006441246102857075
LTCUSDT,1706943599999,SHORT,7584.558911666623,-10249.539026250044,1706943600000,0.001026167355312006,-0.0019029501460860636,0.0016130218322486234
LTCUSDT,1707159599999,LONG,-16731.450461250042,14229.629365833292,1707159600000,-0.0001475470308838147,-0.003843315891203636,-0.00029511583510624987
LTCUSDT,1707163199999,SHORT,14229.629365833292,-37454.01114708339,1707163200000,-0.0017691291655341783,0.0013289038500536407,-0.003093925119948426
LTCUSDT,1707209999999,LONG,-69391.16413875007,5975.252103333216,1707210000000,0.0013218772579156257,-0.002059732963010616,0.006007784206796804
LTCUSDT,1707217199999,SHORT,18999.312377916543,-10866.309901250128,1707217200000,0.0007367568299079713,0.00029463759788862597,-0.006752814856402751
LTCUSDT,1707249599999,LONG,-25172.857503750118,1676.6949554165476,1707249600000,0.0016083050473120078,-0.0008783487609059579,-0.005723106089993091
LTCUSDT,1707393599999,SHORT,32236.58699875001,-4470.0235770832705,1707393600000,0.0024779547698711613,-0.006963614386703127,-0.02615091550515911
LTCUSDT,1707443999999,LONG,-65259.416088749946,16406.136972500186,1707444000000,0.00489066858976724,-0.00266498509643904,-0.004211123572977425
LTCUSDT,1707447599999,SHORT,16406.136972500186,-19664.13484999974,1707447600000,0.004890668589767243,0.012201259281971756,0.015876694575880958
LTCUSDT,1707623999999,LONG,-70954.65331374989,86400.55893791706,1707624000000,0.0005505092349325582,-0.0033094349013671424,-0.004968268569010121
LTCUSDT,1707638399999,SHORT,43350.6620854171,-35598.70666041623,1707638400000,0.0023508273289153075,0.004429686091588285,0.0013821702269517587
LTCUSDT,1708268399999,LONG,-49914.076209583414,100484.87053708338,1708268400000,-0.0014206565821689393,0.0038257219881439116,0.012415509366934278
LTCUSDT,1708315199999,SHORT,124616.68363125005,-36528.801159166636,1708315200000,0.000563142349107313,-0.003792938451830045,-0.002530223447152967
LTCUSDT,1708318799999,LONG,-36528.801159166636,17608.78414708337,1708318800000,-0.0011272369800068678,-0.004941070263003235,-0.0026792655102447333
LTCUSDT,1708322399999,SHORT,17608.78414708337,-37257.61019208325,1708322400000,-0.004220009075985159,-0.0023935245499508476,-0.003236931965704109
LTCUSDT,1710172799999,LONG,-308766.7447399996,30147.00009416688,1710172800000,0.027463017225056976,0.037498943752842795,-0.02206228741092725
LTCUSDT,1710233999999,SHORT,283028.0848400009,-131086.58017249903,1710234000000,-0.0018416211466493323,-0.011303007154290817,0.0066786788193052135
LTCUSDT,1710248399999,LONG,-43311.90606999941,54576.16519541728,1710248400000,-0.010688756520727092,-0.026679193690081367,-0.013250627061618718
LTCUSDT,1710255599999,SHORT,62473.13026500043,-222807.78795749988,1710255600000,-0.003725169870722394,-0.009800460142038558,-0.0193024473429677
LTCUSDT,1711004399999,LONG,-39739.18254916746,1417.8747520824352,1711004400000,0.006134988567515929,0.008601950171078038,0.0027181958472446955
LTCUSDT,1711011599999,SHORT,33274.48131499925,-42481.71212125069,1711011600000,0.006437664885512677,0.006907479317457033,-0.006164602249895631
LTCUSDT,1711047599999,LONG,-174015.77688541697,19181.25812916644,1711047600000,0.02505812597525254,0.013946900550181874,0.013015368112070227
LTCUSDT,1711051199999,SHORT,19181.25812916644,-248948.55946750008,1711051200000,0.007393749024938265,0.012392306366595615,0.01800176363713182
LTCUSDT,1711195199999,LONG,-18933.721435833722,36592.54648916625,1711195200000,-0.004978302611576771,-0.0021966596496998973,-0.01465824291121645
LTCUSDT,1711198799999,SHORT,36592.54648916625,-12922.886465000454,1711198800000,-0.0025498391191172616,-0.003822324686158164,-0.00532408665037339
LTCUSDT,1711209599999,LONG,-99590.7273650001,68335.09098124993,1711209600000,0.0011567381278237332,0.007609860314141405,0.007609860314141405
LTCUSDT,1711231199999,SHORT,65667.76184666673,-9754.301214999947,1711231200000,0.00473086903234354,0.0016129035754647687,-0.008824766455436662
LTCUSDT,1711234799999,LONG,-9754.301214999947,9825.664547083356,1711234800000,-0.013040119580806147,0.007949808559996531,0.010700211393990309
LTCUSDT,1711238399999,SHORT,9825.664547083356,-159258.80596749997,1711238400000,-0.015237282298899172,-0.020188642521001814,-0.027969002134918135
LTCUSDT,1711292399999,LONG,-139620.7996837501,82983.89251499984,1711292400000,-0.00668898815079654,-0.001222969744957159,-0.0018906750891498534
LTCUSDT,1711303199999,SHORT,17793.360954166583,-288474.50378166675,1711303200000,-0.001335856816710864,0.0005571341165894635,-0.005221943981151625
LTCUSDT,1711324799999,LONG,-73533.58019125012,56358.826830416605,1711324800000,-0.008732702159643337,0.00322742475907294,-0.009857814789582543
LTCUSDT,1711375199999,SHORT,68402.6976016666,-2823.3731683335886,1711375200000,-0.012661881247114166,-0.008166013155609034,-0.007616351183874243
LTCUSDT,1711389599999,LONG,-193656.01067833355,130961.14114666637,1711389600000,-0.0005496619717348783,-0.005068322881250329,0.004277025766525927
LTCUSDT,1711403999999,SHORT,34347.69591958312,-40865.249669583594,1711404000000,-0.002537652379623684,-0.004629127631527966,-0.008032171697264253
LTCUSDT,1711436399999,LONG,-78070.58550166676,1099.0089524999105,1711436400000,-0.010169023171900904,-0.001524224573812795,0.0210987374423225
LTCUSDT,1711439999999,SHORT,1099.0089524999105,-134218.79258666676,1711440000000,-0.004385491076462854,-0.003181397011658338,-0.04543063102939752
LTCUSDT,1711490399999,LONG,-90899.02175625045,1888.1481887496,1711490400000,0.0004187604751312992,0.021853699700189123,-0.002411281767996603
LTCUSDT,1711583999999,SHORT,19406.087862916367,-76497.11315125017,1711584000000,-0.011573097264733054,-0.017362282424334696,-0.016312193070254537
LTCUSDT,1711706399999,LONG,-344487.48281499994,27693.117453750223,1711706400000,0.03258333416192595,0.06375720410227406,0.06623245289081704
LTCUSDT,1711835999999,SHORT,330683.85524416674,-60183.036820416724,1711836000000,0.0008836091095748466,-0.021456092257982295,0.0021613133474804556
LTCUSDT,1711850399999,LONG,-177567.37004749975,26536.613289166708,1711850400000,-0.009456791503551776,-0.009069044309860785,-0.020865427750230345
LTCUSDT,1711853999999,SHORT,26536.613289166708,-55817.54638999995,1711854000000,0.0008728966171826382,0.00038785998740866894,0.004761682385103761
LTCUSDT,1711886399999,LONG,-67341.98507958336,17014.203624583275,1711886400000,-0.0046966818234097886,0.008360114794268389,0.026110640817384387
LTCUSDT,1711897199999,SHORT,91028.21244708337,-2417.483989999979,1711897200000,-0.006117414814719504,-0.009982153924608366,-0.07981042050560858
LTCUSDT,1711900799999,LONG,-2417.483989999979,1022.59029791671,1711900800000,-0.0011624529062575588,0.014131453620969096,0.06384847771009218
LTCUSDT,1711904399999,SHORT,1022.59029791671,-10321.902832916589,1711904400000,-0.0011624529062574925,-0.026494783004096096,-0.07116813949267321
LTCUSDT,1711915199999,LONG,-3262.2492120832903,57494.85017750013,1711915200000,0.011105424751507042,0.0036204307838353473,0.03433733211921711
LTCUSDT,1711929599999,SHORT,29644.29763041681,-83645.30166791647,1711929600000,-0.017722937491856636,-0.04609624833733217,0.007733842911424008
LTCUSDT,1711933199999,LONG,-83645.30166791647,16473.687334583414,1711933200000,0.04011526881818859,0.03462396456604786,-0.016488808113276895
LTCUSDT,1711951199999,SHORT,131563.6293345834,-252518.1400166666,1711951200000,-0.02492165704797635,0.0038971581095744385,0.06790248808548684
LTCUSDT,1712069999999,LONG,-343908.840482501,158591.01796083184,1712070000000,-0.014995594960356646,-0.007094876661918745,-0.04636055991009449
LTCUSDT,1712109599999,SHORT,10737.330756248362,-151379.84713500147,1712109600000,0.023020520552090248,0.024288009631250367,0.0514837524397403
LTCUSDT,1712116799999,LONG,-47529.46237916779,5889.217663748811,1712116800000,-0.0014544046777635882,-0.016904012846760713,-0.044883455916685855
LTCUSDT,1712120399999,SHORT,5889.217663748811,-160115.9345120845,1712120400000,0.0054485443216154,0.013579068613008588,0.03615922923754988
LTCUSDT,1712455199999,LONG,-358602.8713966668,43988.040906666465,1712455200000,0.007729414883402391,-0.006535342818564236,-0.006631770184725346
LTCUSDT,1712465999999,SHORT,8425.018906666277,-6937.482192500339,1712466000000,0.0012527103541371198,-0.0008663426445505368,0.009385197812841164
LTCUSDT,1712469599999,LONG,-6937.482192500339,15826.273634582913,1712469600000,-0.0055112539788298685,-0.0023168269847836202,-0.017410350777789522
LTCUSDT,1712473199999,SHORT,15826.273634582913,-53307.29266875043,1712473200000,-0.0048360670710964355,0.0006789195741115922,0.015043753478431414
LTCUSDT,1712483999999,LONG,-9400.959398750487,56379.9447037495,1712484000000,-0.003873346568157963,0.00222039961862239,-0.027930670553686726
LTCUSDT,1712487599999,SHORT,56379.9447037495,-49471.03054791704,1712487600000,-0.0006788537330966109,-0.004549202057428887,0.022565462531712207
LTCUSDT,1712491199999,LONG,-49471.03054791704,27340.441707916285,1712491200000,-0.00048484849434667424,-0.0075905385855813655,-0.0180978282626232
LTCUSDT,1712512799999,SHORT,28670.81992708294,-34935.206707917074,1712512800000,0.0031446566794717194,0.012837146760680719,0.008275909303859822
LTCUSDT,1713632399999,LONG,-45275.55826875001,27150.882404583273,1713632400000,0.016993564474642914,0.013476974284042665,0.010537006270036056
LTCUSDT,1713700799999,SHORT,6933.724724166542,-3847.457971250134,1713700800000,0.00695798549833787,0.008497631683930537,0.011465169026966947
LTCUSDT,1713891599999,LONG,-15306.94778333352,1855.8970837498393,1713891600000,0.0011753644982643967,0.0008229001816271227,0.013201897450431982
LTCUSDT,1713895199999,SHORT,1855.8970837498393,-8470.03486625012,1713895200000,0.002469572608088321,0.0005874405385402843,-0.01526925172929323
LTCUSDT,1713902399999,LONG,-110833.11963625014,4990.595639583247,1713902400000,-0.010171362607024266,-0.011700145170902789,0.010184094500761217
LTCUSDT,1713905999999,SHORT,4990.595639583247,-76730.55127916677,1713906000000,0.00011751571786235975,-0.0024646453412749377,-0.023000200787018244
LTCUSDT,1713923999999,LONG,-45285.11228458345,3624.5168566665575,1713924000000,0.0066244649249393595,0.008013514806807709,0.007782140442054949
LTCUSDT,1713959999999,SHORT,1079.8363249999431,-24526.02349500003,1713960000000,0.0016164418714195918,0.021220336893979546,0.04109602837236208
LTCUSDT,1714096799999,LONG,-42976.934297916574,12474.152257916809,1714096800000,0.006726085891903694,0.012004380945149553,0.03809984623227038
LTCUSDT,1714107599999,SHORT,6808.781007500113,-67482.34886666654,1714107600000,-0.0031636326110824416,-0.003631468876925242,-0.015025616097969055
LTCUSDT,1714136399999,LONG,-85388.7879583331,174889.8385808336,1714136400000,0.003539422545268233,-0.01069405925496609,-0.0009154366127341334
LTCUSDT,1714172399999,SHORT,3449.8738891667067,-9798.570873749908,1714172400000,-0.006952783465461383,0.0016025644455411917,0.024898512775265252
LTCUSDT,1714193999999,LONG,-27456.594728333486,5675.754666249889,1714194000000,-0.0035471173984325467,-0.01472814564337349,-0.04736342687505099
LTCUSDT,1714197599999,SHORT,5675.754666249889,-47094.3891741668,1714197600000,0.006324404452879245,0.014315645079920529,0.03191140697030004
LTCUSDT,1714604399999,LONG,-16588.90897999995,16689.73217333341,1714604400000,0.005633112473527205,0.0003765296561586845,0.0012545479000848564
LTCUSDT,1714633199999,SHORT,4876.620467083431,-21460.133671666572,1714633200000,0.004430667416484843,-0.007424686470240617,-0.02013197095192445
LTCUSDT,1714647599999,LONG,-8666.470144166475,30528.471833333508,1714647600000,0.006622127029677929,0.008115407546089849,0.005625366418868639
LTCUSDT,1714690799999,SHORT,37741.630371250096,-717.5392674998924,1714690800000,0.0028708750916830923,-0.004477062570855333,0.007757796665077868
LTCUSDT,1714697999999,LONG,-8197.952394999875,11838.32122000012,1714698000000,0.004606868634538592,0.004606868634538592,0.013634321272883368
LTCUSDT,1714705199999,SHORT,27763.727910000092,-14490.48796458325,1714705200000,-0.0009920635734284695,0.010100466192392908,-0.012698191950682036
LTCUSDT,1714780799999,LONG,-52907.5975629166,10234.275761666728,1714780800000,0.0047546569304419434,0.0013433475794347076,0.00487627444351375
LTCUSDT,1714784399999,SHORT,10234.275761666728,-28515.85646666662,1714784400000,0.004754077339433058,0.0023132657786242797,-0.004005102750448441
LTCUSDT,1714982399999,LONG,-110443.08953708323,30373.321217083372,1714982400000,0.0002401248660835482,-0.011837316623689394,-0.027018803106550922
LTCUSDT,1714993199999,SHORT,8344.931554166717,-116001.7381291667,1714993200000,0.00036445362731049,0.02334832039435692,0.016533350706319547
LTCUSDT,1715295599999,LONG,-22496.85228333347,10560.683596249824,1715295600000,0.0012052550573138233,0.0019277114403327027,0.0036114159872162725
LTCUSDT,1715306399999,SHORT,27210.57048208317,-4054.875128750185,1715306400000,0.0028846173848596107,0.0031253781901636525,0.005656872520199299
LTCUSDT,1715324399999,LONG,-30348.3659583335,23073.94853083318,1715324400000,-0.0013234676779886598,0.0006009976741990699,-0.030643916435374095
LTCUSDT,1715335199999,SHORT,2571.0050774997994,-10120.085989583516,1715335200000,-0.001924465352187633,0.002531494330035655,0.03479037786070068
LTCUSDT,1715342399999,LONG,-159.4769900001314,12749.716362083234,1715342400000,-0.002402115015244625,-0.03131538251343945,-0.03889447079069575
LTCUSDT,1715345999999,SHORT,12749.716362083234,-34669.904290416765,1715346000000,0.00385496200802431,0.026314102038196268,0.033623804411468144
LTCUSDT,1715349599999,LONG,-34669.904290416765,24077.462635416556,1715349600000,-0.027529725353746166,-0.026042183242331603,-0.025794474546489816
LTCUSDT,1715353199999,SHORT,24077.462635416556,-102420.53643791679,1715353200000,-0.002230484196107785,-0.0006200781497124054,0.000992925488056051
LTCUSDT,1715475599999,LONG,-9755.59319541678,7632.650233749892,1715475600000,-0.0022026440623422947,-0.005024212517112151,-0.0046557300465669
LTCUSDT,1715486399999,SHORT,17474.56502749991,-873.9363687500881,1715486400000,-0.0007373725294162385,0.00036889025933235927,-0.007593422891620305
LTCUSDT,1715489999999,LONG,-873.9363687500881,8881.44168749991,1715490000000,-0.0014751078274052906,-0.0003685730123424653,0.0038006543635349214
LTCUSDT,1715493599999,SHORT,8881.44168749991,-12533.201790833418,1715493600000,0.0009844942956131627,-0.002579695552601232,-0.00857323071048831
LTCUSDT,1715504399999,LONG,-16683.481457500107,16340.0481449999,1715504400000,0.0015961695328223563,0.0006142129054962105,0.003924459292413424
LTCUSDT,1715507999999,SHORT,16340.0481449999,-17967.35002583344,1715508000000,-0.0004906169606566567,-0.003307002830130124,0.0002453987742377829
LTCUSDT,1715522399999,LONG,-63640.20677583335,5225.447049166668,1715522400000,0.00012225686181853025,0.002564260517370308,-0.008595337790416817
LTCUSDT,1715533199999,SHORT,30901.19922375001,-11709.961846249984,1715533200000,-0.0034204773148317573,0.000244768083464074,0.02465284343501718
LTCUSDT,1715590799999,LONG,-14239.477369999862,150479.4959275002,1715590800000,0.00048626307790144004,-0.004509178318498055,-0.01605721819924429
LTCUSDT,1715648399999,SHORT,34871.55977875014,-5496.074542916535,1715648400000,0.00410576004447504,0.004479848208947244,0.010358906983476421
LTCUSDT,1715655599999,LONG,-5841.908911666542,27943.42218125008,1715655600000,-0.0003746487711633789,-0.0021248679952928663,-0.014589618615279812
LTCUSDT,1715669999999,SHORT,46704.79439000011,-169625.10180333338,1715670000000,-0.01231282267807472,-0.013301209217643748,0.00841977955602129
LTCUSDT,1715813999999,LONG,-10136.113577083286,18533.480344583368,1715814000000,0.003403017382258873,0.0001217359548646719,0.001095090454391666
LTCUSDT,1715965199999,SHORT,113476.92547124987,-30953.73904916678,1715965200000,0.004442050644065087,-0.001436437881655817,-0.005971593047047152
LTCUSDT,1715983199999,LONG,-31140.61305083346,10385.744456249871,1715983200000,0.003575689149448703,0.0038136144420295604,0.009033699851215085
LTCUSDT,1716019199999,SHORT,25588.44233166661,-74465.87189416669,1716019200000,-0.0015411063449618891,0.00154348501999117,0.002970358032591082
LTCUSDT,1716231599999,LONG,-40466.653707916674,132440.08814791663,1716231600000,0.029887955713764895,0.047741485549979694,0.05000751869729181
LTCUSDT,1716296399999,SHORT,16707.950441249763,-38557.78153000023,1716296400000,0.0022570825517098476,-0.0020270277210880606,0.008831579141584686
LTCUSDT,1716389999999,LONG,-25228.200896666734,15939.719934999905,1716390000000,0.004357805061519725,-0.0093528769082857,-0.00541631978119436
LTCUSDT,1716397199999,SHORT,27450.5151333332,-70227.50373000011,1716397200000,0.0035782343252005943,0.01147240116223692,0.0033469937183198874
LTCUSDT,1716440399999,LONG,-30974.59167750001,3819.365917916623,1716440400000,-0.002894693157733449,-0.000809669814633272,-0.020677099025269423
LTCUSDT,1716443999999,SHORT,3819.365917916623,-79824.81455000002,1716444000000,-0.0018535686493230564,0.0019731884993038976,0.0219222189831515
LTCUSDT,1716595199999,LONG,-20237.66494124984,2823.9416937501906,1716595200000,-0.0008233841552052118,0.004575056370013973,0.0018794789979938134
LTCUSDT,1716598799999,SHORT,2823.9416937501906,-13288.772637499866,1716598800000,-0.003406357906999564,-0.010650226479674934,0.002473936586043762
LTCUSDT,1716602399999,LONG,-13288.772637499866,31594.036336250156,1716602400000,-0.0010560282588906557,0.005263477851418053,-0.007533879071943588
LTCUSDT,1716623999999,SHORT,18449.187920000084,-21522.85668666654,1716624000000,0.0021077291175388797,0.003280612198277745,0.0059834753514766996
LTCUSDT,1716627599999,LONG,-21522.85668666654,328.085900000151,1716627600000,0.003977078584075039,-0.006349227678658668,-0.005288219621564189
LTCUSDT,1716634799999,SHORT,6511.404565000121,-38318.2562570832,1716634800000,0.004916891198236123,0.009032849263921868,0.009386435218457312
LTCUSDT,1716825599999,LONG,-27505.668940416614,668.3054437500347,1716825600000,0.0020884100872706744,-0.01427091712795746,-0.02089032664063293
LTCUSDT,1716829199999,SHORT,668.3054437500347,-9373.667471249937,1716829200000,0.0005796765567225675,0.008146210532284837,0.03743278995602066
LTCUSDT,1716865199999,LONG,-32702.280953750003,13320.31369458336,1716865200000,-0.007914517717482705,-0.019965012523716904,-0.023813483900178224
LTCUSDT,1716868799999,SHORT,13320.31369458336,-37860.69809791663,1716868800000,0.014335450369649373,0.013854276295647562,0.015178062517005694
LTCUSDT,1717091999999,LONG,-7688.8498854165855,4358.234602083413,1717092000000,0.002349901210597007,-0.00471643369285799,-0.011952097785953918
LTCUSDT,1717099199999,SHORT,12441.320642083398,-2296.1709133332674,1717099200000,0.006283736367713881,0.0015376429784581549,0.009500130825594616
LTCUSDT,1717160399999,LONG,-15761.040439583341,20418.88558958333,1717160400000,-0.008444891103609695,-0.017925910218296214,-0.01527658304247187
LTCUSDT,1717163999999,SHORT,20418.88558958333,-45951.61379583329,1717164000000,0.00358980880899973,0.003949499478905004,0.007312866012864007
LTCUSDT,1717462799999,LONG,-1590.6381495834019,3838.6741820832635,1717462800000,0.001565605185208507,-0.010297504525461071,-0.015425094810236727
LTCUSDT,1717466399999,SHORT,3838.6741820832635,-26323.38671541672,1717466400000,0.002168414293823588,0.01222849550122759,0.011376136241099729
LTCUSDT,1717581599999,LONG,-58334.397710833226,16415.44846833339,1717581600000,-0.0008297280153612783,-0.005107809406439629,0.006966200908623282
LTCUSDT,1717585199999,SHORT,16415.44846833339,-19809.530254999943,1717585200000,0.002731106607647841,0.002612207612204283,-0.008736773401242657
LTCUSDT,1717685999999,LONG,-16437.934494999983,15855.021000833367,1717686000000,0.0008178048238957593,0.003150711515923711,-0.01649813522480525
LTCUSDT,1717703999999,SHORT,28898.709402916673,-10369.555312916686,1717704000000,-0.001058263371149524,0.00862532670605449,0.010763602645509796
LTCUSDT,1717743599999,LONG,-19330.26646333345,3157.384082916542,1717743600000,-0.0027314309482454435,-0.00023721978524242964,-0.06415908649063602
LTCUSDT,1717750799999,SHORT,5335.536035833201,-1597.1678129167994,1717750800000,-0.002498960067638569,-0.00011913981070852791,0.047331678652012585
LTCUSDT,1717754399999,LONG,-1597.1678129167994,14736.386742916502,1717754400000,0.0018997868454348817,-0.00035661218802890865,-0.05020547473328596
LTCUSDT,1717765199999,SHORT,15085.048980833186,-36549.226831666696,1717765200000,-0.0019040824507960406,0.005374751666740094,0.044576303326957195
LTCUSDT,1718283599999,LONG,-14329.249211250213,4861.676896666458,1718283600000,-0.0019029501460861868,-0.002665145304936686,0.004173787125321874
LTCUSDT,1718287199999,SHORT,4861.676896666458,-13599.658952916847,1718287200000,-0.0010153573660743214,-0.0031695747612790395,-0.010610179112015469
LTCUSDT,1718492399999,LONG,-2006.0847366666032,30086.735055416724,1718492400000,-0.0003786683541619381,0.006916961489839572,0.0062901201228587
LTCUSDT,1718517599999,SHORT,26.359585833386518,-13084.040435833294,1718517600000,-0.0033921761279512444,-0.0018859627140339922,0.009102464870861412
LTCUSDT,1718524799999,LONG,-6723.262824583294,9686.210902083374,1718524800000,0.0006291286775611392,-0.001763668887496704,-0.007580579573677736
LTCUSDT,1718539199999,SHORT,3838.3232041666924,-2592.857979999981,1718539200000,0.00214578813795009,0.0022721544741263642,0.004422828970002167
LTCUSDT,1718553599999,LONG,-26888.045049166645,5943.628076666675,1718553600000,-0.00012638230664520803,-0.0035447562120546512,-0.011438863924112586
LTCUSDT,1718557199999,SHORT,5943.628076666675,-10255.765837916659,1718557200000,0.004814401798865373,0.004306529771696921,0.012079745082217626
LTCUSDT,1718859599999,LONG,-10974.337046249953,22638.42459250003,1718859600000,0.0021566257179375017,0.002695056206110459,-0.0024317763942587126
LTCUSDT,1718956799999,SHORT,22708.18459041663,-10674.065251666723,1718956800000,0.006867215560255275,-0.0009576579157233742,-0.01332446633816043
LTCUSDT,1718963999999,LONG,-25979.083927083393,4039.405318749952,1718964000000,-0.004248618739274856,-0.008929244024704552,0.009798663048702222
LTCUSDT,1718967599999,SHORT,4039.405318749952,-73414.7141558334,1718967600000,-0.004385370876240093,-0.0061614489440486265,-0.016887232307187982
LTCUSDT,1719068399999,LONG,-198.3742187500126,13285.971754166661,1719068400000,-0.002693604322222845,-0.0005381407367860613,0.004964121014423243
LTCUSDT,1719075599999,SHORT,1527.6908233333136,-1991.2779966666956,1719075600000,-0.0014807837396505373,-0.00483806883761627,-0.00591002391815469
LTCUSDT,1719079199999,LONG,-1991.2779966666956,41147.23351874995,1719079200000,-0.0002691065678242033,0.004429834749235621,0.004429834749235621
LTCUSDT,1719082799999,SHORT,41147.23351874995,-2548.388001666681,1719082800000,-0.005770666218485327,-0.003761423026961239,-0.004163594759709456
LTCUSDT,1719248399999,LONG,-13805.13809583344,25664.002376249875,1719248400000,0.003758859420684893,-0.008436413673133414,0.02503170101092543
LTCUSDT,1719251999999,SHORT,25664.002376249875,-9407.262039166797,1719252000000,0.00361454886411735,-0.000721344617587367,-0.018729548859906287
LTCUSDT,1719410399999,LONG,-41368.98823083337,21.857518749961553,1719410400000,-0.0029442713172495912,-0.0022424676531019195,-0.007447515628799335
LTCUSDT,1719413999999,SHORT,21.857518749961553,-32111.46477500001,1719414000000,-0.001262892190580633,0.004644297982705455,0.004221196643624531
LTCUSDT,1719493199999,LONG,-15090.891399583265,7988.257795416721,1719493200000,0.010132642734054264,0.006812678417506831,0.017836629110853614
LTCUSDT,1719543599999,SHORT,19192.331408333208,-2915.6347200001087,1719543600000,-0.004890649606756241,0.002727398390540812,0.005051550096382774
LTCUSDT,1719547199999,LONG,-2915.6347200001087,2767.438337916528,1719547200000,-0.002170669689649951,-0.011997417251936478,-0.012683429489857652
LTCUSDT,1719550799999,SHORT,2767.438337916528,-3548.490134583437,1719550800000,0.004083304979370991,-0.0012217472503222913,0.0049019706002067795
LTCUSDT,1719554399999,LONG,-3548.490134583437,7441.1134420832195,1719554400000,-0.0012282498985257098,0.007879404982651985,-0.0019112633804432722
LTCUSDT,1719557999999,SHORT,7441.1134420832195,-1130.6720341667922,1719558000000,0.004379369254639592,-0.016656895371592387,-0.001909959652924471
LTCUSDT,1719561599999,LONG,-1130.6720341667922,34327.76790374983,1719561600000,0.010912671382858568,0.021036264626231843,0.006153024129870482
LTCUSDT,1719583199999,SHORT,3096.5684820831325,-48529.26641916684,1719583200000,-0.0001368831704281298,-0.0017780213943523302,-0.006821308850737953
LTCUSDT,1719734399999,LONG,-56957.38581499995,26116.336373750044,1719734400000,-0.00013245910344556914,-0.007711778679091286,-0.011188182768541312
LTCUSDT,1719777599999,SHORT,50117.140368750144,-46318.68131791657,1719777600000,-0.0014720645013573252,-0.008003243998830204,-0.0070728259081838385
LTCUSDT,1719788399999,LONG,-6369.6228841665825,62718.54850833339,1719788400000,-0.0030510072085384817,0.000662032463769582,-0.008112285993703302
LTCUSDT,1719820799999,SHORT,78040.01135458339,-18209.717997083266,1719820800000,0.001064254457242477,0.005198971918311653,0.007741629695015637
LTCUSDT,1719853199999,LONG,-21467.42995208333,1195.8788991666709,1719853200000,0.006261260713580765,-0.004151328358879504,-0.0024083501070677124
LTCUSDT,1719863999999,SHORT,2213.8359358333014,-51505.165620416694,1719864000000,0.0016090108057007738,0.003623921823879494,-0.008139347089896708
LTCUSDT,1719957599999,LONG,-110222.82761499991,3859.691612083426,1719957600000,0.0015801952195177915,-0.0025070937457373765,-0.015673052928041716
LTCUSDT,1719961199999,SHORT,3859.691612083426,-9636.217730416547,1719961200000,-0.00013157029161816626,0.007660848456120036,0.02289160380182606
LTCUSDT,1719971999999,LONG,-29538.296859999886,16235.707656666791,1719972000000,-0.0035735594908649134,-0.005033123207815681,-0.018535099597362575
LTCUSDT,1719975599999,SHORT,16235.707656666791,-25728.17554499987,1719975600000,-0.0007951232859937873,-0.0007951232859937873,0.014824979359956664
LTCUSDT,1720252799999,LONG,-2647.6611058333656,14353.787248749984,1720252800000,-0.0016028213080401506,0.011781699726707775,0.040335008569146215
LTCUSDT,1720259999999,SHORT,12780.134246666566,-53288.83244083342,1720260000000,-0.00794790386339564,-0.013159127658313039,-0.03527840952133163
LTCUSDT,1720627199999,LONG,-4211.021542499929,7.876817916733368,1720627200000,0,-0.0013500339558903012,0.003292430391127027
LTCUSDT,1720634399999,SHORT,716.9271466667415,-5763.592260833267,1720634400000,0.0024006013029030902,0.005861593396608829,-0.011028427723818696
LTCUSDT,1720659599999,LONG,-15263.722102083257,7163.291145833394,1720659600000,0.004604538398994419,0.0011902992031752057,0.023250017267907538
LTCUSDT,1720663199999,SHORT,7163.291145833394,-8760.633367916618,1720663200000,0.005050515786068368,0.0002963841159810368,-0.01762418947047507
LTCUSDT,1720753199999,LONG,-45339.15243666652,1680.5409045834676,1720753200000,-0.002932983478122666,0.0030704022951815366,0.00860251714647721
LTCUSDT,1720760399999,SHORT,5280.556598333448,-7001.289325833223,1720760400000,-0.001758242211196566,-0.01253295332273948,-0.0149919116746366
LTCUSDT,1720767599999,LONG,-44534.04809666654,3001.6273175001356,1720767600000,0.006112666391549378,0.005532114851295762,0.00944431284258772
LTCUSDT,1720771199999,SHORT,3001.6273175001356,-19335.62252124984,1720771200000,-0.001884468195572093,0.006842859925270989,-0.0007252157834709036
LTCUSDT,1720846799999,LONG,-15251.011820416481,24782.915817083547,1720846800000,0.009753376227737162,0.012604005296077409,0.005605476409541636
LTCUSDT,1720889999999,SHORT,47676.85173583337,-4593.294275833313,1720890000000,0.0017214177253303342,0.0007168972993249608,-0.0024336136840847015
LTCUSDT,1721102399999,LONG,-24093.57031958335,1206.5964524999727,1721102400000,-0.006561882738632529,-0.030154428562938186,0.004893308662957662
LTCUSDT,1721105999999,SHORT,1206.5964524999727,-19918.797957083385,1721106000000,0.011310465401851558,0.02584194927522926,-0.008195647567657487
LTCUSDT,1721141999999,LONG,-3434.920332500129,40526.46852041653,1721142000000,0.007348971561377963,-0.003146592650249635,0.007348971561377963
LTCUSDT,1721149199999,SHORT,13824.090749999837,-33140.98711541689,1721149200000,0.004773278752657548,0.004089985251525055,-0.0035311730295473644
LTCUSDT,1721401199999,LONG,-22448.39563291683,32606.874411666486,1721401200000,0.003201784596444787,0.018237587549781012,0.017141697029143723
LTCUSDT,1721422799999,SHORT,53249.818500833215,-4622.385680000084,1721422800000,-0.006144622323526646,-0.0031453017383153417,-0
LTCUSDT,1721426399999,LONG,-4622.385680000084,3159.2251995832776,1721426400000,-0.0020440151560259237,-0.0073780905810588385,-0.008064008709330231
LTCUSDT,1721429999999,SHORT,3159.2251995832776,-7458.198652500083,1721430000000,-0.0006818027127141427,0.004785679469419335,0.004785679469419335
LTCUSDT,1721444399999,LONG,-19431.48651958343,2573.5512924999057,1721444400000,0.00027408524222586407,0.004376374599799003,0.0023273335167839407
LTCUSDT,1721483999999,SHORT,14103.297047083304,-63281.04791124998,1721484000000,-0.004385370876240093,-0.011742352288102558,-0.004658819059513694
LTCUSDT,1721966399999,LONG,-3058.7517941665524,9828.33836875012,1721966400000,0.01049952891781306,0.013036885790842365,0.01753190670396917
LTCUSDT,1722016799999,SHORT,31866.534357083427,-14748.864368749948,1722016800000,-0.0023884802362982476,-0.00042191126425742965,-0.001405679174390163
LTCUSDT,1722031199999,LONG,-13397.354800000001,14296.801753750004,1722031200000,0.002948405084297607,0.00014059753977463315,0.004349357961232084
LTCUSDT,1722045599999,SHORT,3659.1531504166683,-12079.056507916675,1722045600000,-0.004208760421457523,-0.0008431703703582183,-0.012573510155847746
LTCUSDT,1722067199999,LONG,-22442.77970208338,10063.935909583306,1722067200000,0.00013998740136247863,-0.00014000700057880522,0.003214762709926535
LTCUSDT,1722077999999,SHORT,26.423804166644306,-12721.663472916674,1722078000000,0.00041996220957401175,-0.00627836035112469,-0.001957495032217234
LTCUSDT,1722088799999,LONG,-13415.054026666685,9682.686050416625,1722088800000,-0.001945255580754323,-0.004591312413272044,-0.006126446341155617
LTCUSDT,1722092399999,SHORT,9682.686050416625,-73698.3706791667,1722092400000,0.0033430871085748035,0.008519009694152467,0.006557400546159052
LTCUSDT,1722221999999,LONG,-53573.48594875004,31295.85515249994,1722222000000,0.0015061274839987305,0.007372047039129899,0.034741611625007274
LTCUSDT,1722333599999,SHORT,6926.711448333372,-40205.53792874993,1722333600000,0.00013608219385485436,0.005594611030973879,0.023404151952388035
LTCUSDT,1722337199999,LONG,-40205.53792874993,32085.90856916674,1722337200000,-0.002452651454319179,-0.0049113332010302805,-0.02480149168024983
LTCUSDT,1722344399999,SHORT,47993.94112583341,-14397.65799291661,1722344400000,0.005458528837118989,0.006279884119434253,0.022293478661552332
LTCUSDT,1722347999999,LONG,-14397.65799291661,27681.157465416723,1722348000000,0.0005471956360886392,-0.009486563204755926,-0.012253199358736295
LTCUSDT,1722351599999,SHORT,27681.157465416723,-77268.3446270833,1722351600000,-0.0015034513868656919,0.008516534992438225,0.010864440221303555
LTCUSDT,1722362399999,LONG,-10354.482180416622,44017.72402875001,1722362400000,0.0013804530077363168,-0.008322977716658277,-0.005818802785337179
LTCUSDT,1722365999999,SHORT,44017.72402875001,-56831.93507041666,1722366000000,0.0072002526523916284,0.011098893068048803,0.0042862146505420915
LTCUSDT,1723399199999,LONG,-24745.64804041667,5066.094493333328,1723399200000,0.0013061226346619038,-0.025984084966440786,-0.01001568178770975
LTCUSDT,1723402799999,SHORT,5066.094493333328,-38916.27270875001,1723402800000,0.014459666983639693,0.029299455776866917,0.013632468657044141
LTCUSDT,1723496399999,LONG,-12618.681593750118,4006.064449583258,1723496400000,0.0006567066399203942,0.020481860336237438,0.013214973290859423
LTCUSDT,1723499999999,SHORT,4006.064449583258,-1391.8378829167534,1723500000000,-0.0011481999129082717,-0.021111534320723543,-0.00931151055206924
LTCUSDT,1723507199999,LONG,-2123.086819583414,11004.229737083253,1723507200000,0.011164261254381504,0.007779617842718068,0.0043834797034658
LTCUSDT,1723532399999,SHORT,9181.030774583274,-12151.2799195834,1723532400000,-0.0008082114721035244,0.0038885337396924805,-0.016677743841784585
LTCUSDT,1723553999999,LONG,-14218.592419166729,17969.585336249933,1723554000000,-0.0009677420110100592,0.015040283515625042,0.021530215277748465
LTCUSDT,1723557599999,SHORT,17969.585336249933,-24601.258821666735,1723557600000,-0.0014514961019482875,-0.021080307910730536,-0.02187013497967101
LTCUSDT,1723571999999,LONG,-8870.893740833417,30708.263264166588,1723572000000,-0.0063411753384473545,0,0.00755671102256102
LTCUSDT,1723593599999,SHORT,11172.711791666594,-20100.87875958337,1723593600000,-0,-0.005036208315343013,-0.0036223364279382333
LTCUSDT,1723607999999,LONG,-3595.8985600000306,17827.922711666615,1723608000000,0.0017253553021379406,-0.002672327299675789,0.006103782938017886
LTCUSDT,1723618799999,SHORT,8780.754320416609,-13727.057800000039,1723618800000,0.002672327299675789,0.004247626932311909,-0.00485475857579447
LTCUSDT,1723755599999,LONG,-37583.37919041652,31558.985437916843,1723755600000,-0.001544163370450035,0.00952095644202289,0.00875648885643979
LTCUSDT,1723845599999,SHORT,28516.231736250087,-65121.92198541659,1723845600000,0.00045224995117699237,-0.000903886774405814,-0.001806957275274012
LTCUSDT,1723881599999,LONG,-44462.11169375002,646.0621737499605,1723881600000,0.005097462312091175,0.010615334786618715,0.012843665204329413
LTCUSDT,1723888799999,SHORT,30055.828686666617,-13080.392455000061,1723888800000,-0.0040531467331659955,-0.01611494139240658,-0.016410930738951002
LTCUSDT,1723895999999,LONG,-26346.604351666716,41276.03606124994,1723896000000,0.00814758969796001,0.0017833263754275445,0.0047484879252623555
LTCUSDT,1723910399999,SHORT,45089.547652916575,-15293.30685000011,1723910400000,0.0022299868008699435,-0.0007422252251970552,-0.002817529853822159
LTCUSDT,1723931999999,LONG,-36735.54783916675,3969.7343545832555,1723932000000,0.0011830820664185079,0.0007395903007047365,-0.0023703714802291776
LTCUSDT,1723942799999,SHORT,11915.474444583262,-60398.253711666744,1723942800000,-0.0035550326287228234,-0.002223375999296178,-0.0035550326287228234
LTCUSDT,1723996799999,LONG,-29904.581142916653,67085.1757104167,1723996800000,-0.0013455933853579207,-0.005543500599597722,-0.012176024159727397
LTCUSDT,1724079599999,SHORT,100281.31232375005,-24181.60955833335,1724079600000,0.003764214337030475,-0.00449843313686215,-0.002551596131093232
LTCUSDT,1724093999999,LONG,-20069.900816666643,1145.645090416685,1724094000000,0.0005981755823646931,-0.009921909417120676,0.0005981755823646931
LTCUSDT,1724097599999,SHORT,1145.645090416685,-7210.250828333325,1724097600000,0.0034444062507231277,0.009312173030181252,-0.003581558820343462
LTCUSDT,1724111999999,LONG,-11134.49596666667,9483.844990416643,1724112000000,0.011102889750802116,0.008862243507525142,-0.002568171212875444
LTCUSDT,1724115599999,SHORT,9483.844990416643,-14021.101196666694,1724115600000,0.0017921151749814655,-0.0013419818609837295,0.013519809356340753
LTCUSDT,1724133599999,LONG,-7809.849432916701,8547.95061583329,1724133600000,-0.0023891305973707515,-0.011399553474387267,-0.04718072176193403
LTCUSDT,1724144399999,SHORT,17372.46299166663,-33690.28841291671,1724144400000,-0.00105652413420009,0.0015112591662767541,0.027403168968549062
LTCUSDT,1724147999999,LONG,-33690.28841291671,33395.13382958333,1724148000000,-0.0018118682293321166,-0.0033242702115060686,-0.023505355673653108
LTCUSDT,1724212799999,SHORT,57077.23402750005,-271.6029874999658,1724212800000,-0.0012476607981552772,0.009880108599706998,0.024485861180897153
LTCUSDT,1724936399999,LONG,-36995.468745833314,7658.852584583346,1724936400000,0.003665634832099992,0.014267838741120413,-0.008498407597888462
LTCUSDT,1724939999999,SHORT,7658.852584583346,-14757.270084166637,1724940000000,-0.0006360311869686039,-0.00855247531697057,0.010553343868041281
LTCUSDT,1725044399999,LONG,-58548.408052500046,32432.7397320833,1725044400000,0.012627808303461033,0.01942110291706702,0.03544831006273703
LTCUSDT,1725119999999,SHORT,6900.371819166564,-24022.601129583414,1725120000000,0.0007638836212867549,0.007357482607297133,0.016786410952842085
LTCUSDT,1725199199999,LONG,-22937.861263333354,7501.140986666632,1725199200000,-0.0018682863911715002,0.0010882239705869705,-0.00608473677010633
LTCUSDT,1725202799999,SHORT,7501.140986666632,-482.0614887500803,1725202800000,-0.0023348131082868034,-0.006214094875951501,0.011914234050483748
LTCUSDT,1725299999999,LONG,-16481.742167916615,7222.887503750059,1725300000000,-0.0024741005352657674,0.007079130825463741,0.015782140181263716
LTCUSDT,1725307199999,SHORT,810.6973687500576,-13950.428280416623,1725307200000,-0.00782512623525696,-0.00598942126817532,-0.01710487640553694
LTCUSDT,1725310799999,LONG,-13950.428280416623,31673.327228333394,1725310800000,-0.003368037476536642,0.0013745706631663416,0.00852234651368265
LTCUSDT,1725353999999,SHORT,27323.06529000004,-10599.611690416621,1725354000000,0.0013647738868685117,0.0024275539155448837,0.009133873822145621
LTCUSDT,1725465599999,LONG,-50002.66452833337,7677.8549874999835,1725465600000,0.004855851726570431,-0.003046924965404593,-0.008708327891784197
LTCUSDT,1725569999999,SHORT,26877.646442916575,-2499.9154491667286,1725570000000,0.0016650272521439415,-0.003623192369420331,0.01324522675002068
LTCUSDT,1725616799999,LONG,-48512.15106041675,33527.643633333246,1725616800000,0.008560125642477509,-0.0015363346085322056,-0.038815514324041844
LTCUSDT,1725620399999,SHORT,33527.643633333246,-62417.146383750114,1725620400000,0.004882524194500337,0.020140583940472755,0.051693919367869906
LTCUSDT,1725757199999,LONG,-23193.229574166675,15087.816569166656,1725757200000,-0.0012940797664879348,0.0037111781198780076,-0.008441608570818073
LTCUSDT,1725785999999,SHORT,3234.672745833319,-16175.930229583415,1725786000000,-0.001617338214429721,0.007147528804330178,0.01862494615631941
LTCUSDT,1726585199999,LONG,-41491.78737833331,25147.237402083392,1726585200000,0.011027206888431628,0.0030051426332771644,0.017118596281833622
LTCUSDT,1726631999999,SHORT,28864.499504166655,-4502.327437083334,1726632000000,0.003592911777282416,0.0006239276446359887,0.023987263403552388
LTCUSDT,1727085599999,LONG,-8480.75359874989,38804.5084575001,1727085600000,-0.0074316632168842,-0.008476517405530851,-0.006387899609114533
LTCUSDT,1727096399999,SHORT,14663.281180000145,-688.9131624998603,1727096400000,-0.0010459470509031536,-0.00907811874816742,0.007051263181716111
LTCUSDT,1727099999999,LONG,-688.9131624998603,41444.17889000012,1727100000000,0.008180308872559506,0.008476517405530862,-0.006893478519411369
LTCUSDT,1727135999999,SHORT,65190.24284625005,-3989.393837499927,1727136000000,0.0074996601700226635,0.004643159693535207,0.004192878260036039
LTCUSDT,1727139599999,LONG,-3989.393837499927,5545.172809166688,1727139600000,0.0010531859846586405,-0.002713296810818306,0.005853675251460508
LTCUSDT,1727143199999,SHORT,5545.172809166688,-16957.66325291668,1727143200000,-0.0016530171319798143,0.0009027987372135658,-0.004501808323181289
LTCUSDT,1727146799999,LONG,-16957.66325291668,2336.5131354166565,1727146800000,0.00015013887874464526,-0.002104314619895284,-0.00677968698537858
LTCUSDT,1727164799999,SHORT,6736.892139583292,-10904.762820000053,1727164800000,-0.004337752669542045,0.0010498688628367036,-0.0005994305589349658
LTCUSDT,1727369999999,LONG,-9470.094846250015,26632.838954999967,1727370000000,-0.0025009207592040505,-0.00678168602384142,0.019929381692422397
LTCUSDT,1727423999999,SHORT,182.11163666659073,-23480.268885000096,1727424000000,-0.004780193067016893,-0.01470190793243073,-0.024809474942589435
LTCUSDT,1727427599999,LONG,-23480.268885000096,4357.0638599999265,1727427600000,0.0024536347735859953,0.014917086703237166,0.022434319464069277
LTCUSDT,1727431199999,SHORT,4357.0638599999265,-8817.316114166731,1727431200000,-0.0024479816386400372,-0.011040330076532679,-0.017861445055968962
LTCUSDT,1727438399999,LONG,-15446.121087500089,14082.926689583246,1727438400000,0.0049953718378233794,0.002429440280303207,0.017164759320157486
LTCUSDT,1727452799999,SHORT,17558.557869999942,-2022.2967225000418,1727452800000,-0.006687084746653445,-0.007820871716180296,-0.019088596562522837
LTCUSDT,1727456399999,LONG,-2022.2967225000418,15181.625829166616,1727456400000,-0.003125002543135166,0.003680638356743975,0.0105806164467408
LTCUSDT,1727459999999,SHORT,15181.625829166616,-2547.5316550000184,1727460000000,0.001993734639343992,-0.004542236340441401,-0.004258950219566847
LTCUSDT,1727485199999,LONG,-14647.094969166676,4125.676298333293,1727485200000,-0.003513460152835299,-0.0002806229848638515,-0.02773807020815482
LTCUSDT,1727499599999,SHORT,14538.481054583293,-38785.68561333336,1727499600000,0.009446668770309164,0.01855445906619987,0.02659239526623256
LTCUSDT,1727618399999,LONG,-57747.10031333336,1386.2367504166614,1727618400000,0.004179583802917956,0.0069084903438118295,-0.015280803775446957
LTCUSDT,1727621999999,SHORT,1386.2367504166614,-20210.968976666674,1727622000000,-0.0038756956574002672,-0.0038756956574002672,0.02431155475484237
LTCUSDT,1727629199999,LONG,-4052.5218483333397,37199.80852291671,1727629200000,0.0015789854712451657,0.004729496454654753,-0.029448192068312288
LTCUSDT,1727643599999,SHORT,1370.7426612500276,-19161.432027916628,1727643600000,0.0002860002879497556,0.012083000861605584,0.028718434831498534
LTCUSDT,1728007199999,LONG,-16765.579124583357,5478.743100833312,1728007200000,-0.004673633682366275,0.0018633545764113395,-0.002489886129169407
LTCUSDT,1728010799999,SHORT,5478.743100833312,-8175.346036666684,1728010800000,0.0001561889889938872,-0.0004684206503012558,-0.0028072382752461086
LTCUSDT,1728079199999,LONG,-1619.020009166726,443.2277916665965,1728079200000,0.001696091687148216,0.009063738214955704,0.011965168058273214
LTCUSDT,1728093599999,SHORT,6083.985059999929,-19024.538168750074,1728093600000,0.007059575052789117,-0,-0.0036635669124468377
LTCUSDT,1728100799999,LONG,-12616.245501666746,1249.015216666594,1728100800000,0.005994945323630959,0.00430769896891547,0.019240172073651616
LTCUSDT,1728104399999,SHORT,1249.015216666594,-1862.699216666743,1728104400000,-0.002296563820371492,-0.0032137146030960457,-0.008699024715214691
LTCUSDT,1728111599999,LONG,-11349.585439583409,12153.024304583267,1728111600000,-0.00551134279311883,0,0.006088298867255355
LTCUSDT,1728115199999,SHORT,12153.024304583267,-4902.2306841667305,1728115200000,-0.004747692507821638,-0.005358659381874803,-0.005358659381874803
LTCUSDT,1728118799999,LONG,-4902.2306841667305,4609.00763124994,1728118800000,0.0019842790605932906,0.004725258392015484,-0.005361943141385511
LTCUSDT,1728136799999,SHORT,8420.400274583299,-12272.093702916702,1728136800000,0.0001523809526756732,-0.003801996823808239,-0.014971924279902425
LTCUSDT,1728165599999,LONG,-26802.88574041668,12372.50440333332,1728165600000,0.010323455885349034,0.016496779714128208,0.025462769245554077
LTCUSDT,1728172799999,SHORT,6885.937452083323,-7845.392345833345,1728172800000,-0.00045265938155032026,-0.00015090922838552654,-0.017948432761754302
LTCUSDT,1728183599999,LONG,-3354.744788750002,4457.486227500005,1728183600000,-0.0028629568263126405,0.0024045698390855715,0.015230994751319513
LTCUSDT,1728233999999,SHORT,7180.475583749998,-3648.3888679166753,1728234000000,0.0014889818117264982,-0.0011895912183522198,-0.004897968975547376
LTCUSDT,1728266399999,LONG,-4059.243384583305,26549.536707500007,1728266400000,-0.004580047896897071,-0.0039878939195645445,-0.02568071853082419
LTCUSDT,1728287999999,SHORT,18454.37504041668,-11393.007745416655,1728288000000,0.0008911332833892529,0.013451107007623139,0.02647567398402802
LTCUSDT,1728302399999,LONG,-13515.614501666632,10472.894799166732,1728302400000,-0.011653556022066589,-0.009068985978229908,-0.0263754903690292
LTCUSDT,1728352799999,SHORT,11351.50513875013,-4545.446266666525,1728352800000,-0.0004595236352594089,0.0049147695305173855,-0.008695043721688389
LTCUSDT,1728359999999,LONG,-2914.652608333204,708.9925145834665,1728360000000,0.0016849203649194455,-0.003070783926944262,0.0042833169357803
LTCUSDT,1728363599999,SHORT,708.9925145834665,-18150.623580833202,1728363600000,0.005986663056315527,0.004755704291863704,-0.006407344575000474
LTCUSDT,1728669599999,LONG,-7910.033615833371,346.7101108333154,1728669600000,0.0003043676785025141,-0.0022857152808560626,-0.001828154074062701
LTCUSDT,1728705599999,SHORT,5055.089717499999,-3364.6470358333318,1728705600000,-0.003216668163768947,-0.011592564234169433,-0.017338837417623935
LTCUSDT,1728709199999,LONG,-3364.6470358333318,6730.985735833335,1728709200000,0.0029014298433175964,0.010799405284455886,0.012764190923703492
LTCUSDT,1728748799999,SHORT,10931.798954166612,-4503.151260000047,1728748800000,0.0015087510405764279,0.0018107746007099983,0.012897531034530405
LTCUSDT,1729141199999,LONG,-24129.74899458338,13199.596268333282,1729141200000,-0.003966010864243017,0.0029642198287172152,0.023195115614336383
LTCUSDT,1729144799999,SHORT,13199.596268333282,-75916.60135250003,1729144800000,-0.00650822897121594,-0.01115122007677151,-0.02453680755409131
LTCUSDT,1729151999999,LONG,-16494.383984166703,8201.232954166675,1729152000000,-0.0012676950778629527,-0.004373287636016065,0.026805299093614014
LTCUSDT,1729155599999,SHORT,8201.232954166675,-22863.975549166673,1729155600000,-0.004220009075985159,-0.008841542405030243,-0.026568083295737975
LTCUSDT,1729173599999,LONG,-6398.512734166677,65503.81862208331,1729173600000,-0.0015381391552423455,0.008764054148274547,0.040659902300606496
LTCUSDT,1729187999999,SHORT,31491.65577708338,-22895.50280041661,1729188000000,0.0018021769624309773,-0.012798633384079277,-0.007588860152821332
LTCUSDT,1729306799999,LONG,-76007.87103999995,8589.00443083333,1729306800000,-0.0014908181930374737,0.009032754371039436,0.018250640761197433
LTCUSDT,1729310399999,SHORT,8589.00443083333,-78257.80606875005,1729310400000,-0.0029798207068632765,-0.009047391401627542,-0.01668050512854404
LTCUSDT,1729331999999,LONG,-84140.84786583338,49025.740968333266,1729332000000,0.004260424497833741,-0.002538241961244571,0.0017329871697012525
LTCUSDT,1729443599999,SHORT,15914.41771416661,-37292.89144708338,1729443600000,-0.0016118203623861024,0.004986197245240154,0.006067570694764195
LTCUSDT,1729472399999,LONG,-7253.556993749972,8007.290870416687,1729472400000,-0.0009439687842754115,-0.00337541669294867,-0.022215564394553248
LTCUSDT,1729479599999,SHORT,27386.60817333337,-483.67097583328723,1729479600000,0.0028453376015043644,0.002574003995172766,0.033150687096833345
LTCUSDT,1729486799999,LONG,-28521.036838333286,16732.904799166707,1729486800000,-0.0014888004374116269,-0.013479678539691169,-0.0390259796130592
LTCUSDT,1729490399999,SHORT,16732.904799166707,-18700.880551666643,1729490400000,0.0014910202694516934,0.009526473788214399,0.03838129852796462
LTCUSDT,1730339999999,LONG,-3530.4503933332358,2835.416862916764,1730340000000,0.002368513820591838,-0.0058757863510015855,-0.006296809443319969
LTCUSDT,1730422799999,SHORT,12753.338267916639,-7036.9213008333945,1730422800000,0.0004339963901755786,0.0005787037198543165,-0.012647481033040994
LTCUSDT,1731211199999,LONG,-54409.56037333343,26968.04300041657,1731211200000,0.014867716799830018,0.009367441015968784,0.030032287098875076
LTCUSDT,1731221999999,SHORT,72505.05668333324,-45580.99108666679,1731222000000,-0.005398656867522196,-0.019999359471843853,-0.029786945655021085
LTCUSDT,1731340799999,LONG,-462387.45065833325,73586.7280833334,1731340800000,-0.005487157262828043,-0.002165743887483148,0.008742532718750787
LTCUSDT,1731347999999,SHORT,35136.9935866668,-3092.0122545830286,1731348000000,-0.005745307855989955,-0.007653098577717432,-0.00012803277656573355
LTCUSDT,1731351599999,LONG,-3092.0122545830286,10734.379957083534,1731351600000,-0.0017838944587996231,0.009124382147434301,0.0036851175828893673
LTCUSDT,1731427199999,SHORT,282109.9625433335,-226999.16029749997,1731427200000,-0.0017140224382220918,-0.01350043442013586,0.026746713421925195
LTCUSDT,1731769199999,LONG,-211732.92365749984,12868.85098999991,1731769200000,-0.044745029171825296,0.04303436104290348,-0.02041995574634022
LTCUSDT,1731790799999,SHORT,146346.03100583318,-156191.94660625004,1731790800000,-0.02718614030415678,-0.022931477112227615,0.0269616245200893
LTCUSDT,1731794399999,LONG,-156191.94660625004,62858.57644041674,1731794400000,-0.013341869785239414,-0.05370489304870782,-0.0664593265315313
LTCUSDT,1731808799999,SHORT,41749.986581250094,-384228.1749433332,1731808800000,0.004488976717460736,0.026567867707086308,0.017855649080115096
LTCUSDT,1732337999999,LONG,-47168.638519584354,3400.585419582358,1732338000000,-0.0007702677060988745,-0.007826504996888427,-0.049825348488555896
LTCUSDT,1732355999999,SHORT,24338.51163208244,-130878.0120379175,1732356000000,-0.003317076212209427,-0.0003908158330155014,0.027141127155115827
LTCUSDT,1732373999999,LONG,-35360.6517770843,46654.62046833243,1732374000000,0.002040123114944263,-0.029708575199636166,-0.005949785900965719
LTCUSDT,1732377599999,SHORT,46654.62046833243,-70481.30940208414,1732377600000,0.041513712739417674,0.042120877299660915,0.010732857444147936
LTCUSDT,1732719599999,LONG,-109481.0156341667,16808.910582500044,1732719600000,0.010945999417892021,0.004971527588224372,0.005900943672063758
LTCUSDT,1732762799999,SHORT,69793.75162291643,-19470.042273333605,1732762800000,0.002169982768322693,0.0008261049623055033,0.017703263551872326
LTCUSDT,1732917599999,LONG,-58150.27683583327,65297.73370375009,1732917600000,-0.004448319877405287,-0.01761859951033517,-0.006194367464273417
LTCUSDT,1732928399999,SHORT,145585.02382166678,-75535.39458624988,1732928400000,0.007338225777548322,0.01423616404704335,0.007927616757282282
LTCUSDT,1732953599999,LONG,-13821.085529999886,70544.80353750016,1732953600000,-0.0018611946402252817,-0.0038240964384033942,0.002541297428672548
LTCUSDT,1732960799999,SHORT,15412.718425000165,-16116.00466999982,1732960800000,0.013291829777672478,0.013882322856536893,-0.0012613400983419159
LTCUSDT,1733083199999,LONG,-123171.56092999999,108326.9218541667,1733083200000,0.03241397569438424,0.08551620565820595,0.11984376733903558
LTCUSDT,1733111999999,SHORT,95761.20998416825,-544746.3267224984,1733112000000,0.006188345555793467,-0.03215763928040502,-0.027220956248393425
LTCUSDT,1734170399999,LONG,-35836.75771749994,5620.0367983334,1734170400000,-0.004962385615489906,-0.042520804746715234,-0.051195066126346764
LTCUSDT,1734177599999,SHORT,29881.40539291668,-78593.21243874996,1734177600000,0.015099009265368718,0.01276119405683966,0.027209156424032373
LTCUSDT,1734335999999,LONG,-88253.76254041649,111465.62721875015,1734336000000,-0.00793887092739808,-0.03826229128114495,-0.0004162677494233634
LTCUSDT,1734353999999,SHORT,58388.704442083406,-44305.24033124974,1734354000000,-0.0006866953059543789,-0.04096623965480778,0.006893013678901693
LTCUSDT,1734433199999,LONG,-47038.714923750296,8184.716525416356,1734433200000,0.0010934018499646693,-0.0016844946289230225,0.04170017482571254
LTCUSDT,1734447599999,SHORT,63984.8807337496,-61788.56094833378,1734447600000,0.02527025368050844,-0.07172055919121247,-0.06542330916217619
LTCUSDT,1734454799999,LONG,-111396.68267958355,250917.86297416664,1734454800000,0.09364888941123313,0.07246877681354867,0.036686064807222335
LTCUSDT,1734533999999,SHORT,36922.0047933332,-107558.5890495833,1734534000000,-0.010667685471960857,-0.01757514482150749,0.06956757881916467
LTCUSDT,1735016399999,LONG,-91312.30175041647,69154.3300370836,1735016400000,-0.0008437632338585044,0.0034613440236781843,0.022424957496525042
LTCUSDT,1735073999999,SHORT,996.7526812499078,-23463.400117916754,1735074000000,-0.008727193075522456,-0.0048372187343501336,-0.009835840639186376
LTCUSDT,1735091999999,LONG,-42301.94485958355,10576.049707499798,1735092000000,0.0009228498255545869,0.0022134104766550135,0.0052488724955646986
LTCUSDT,1735099199999,SHORT,7034.306086249805,-73320.10196708352,1735099200000,-0.004625355147202567,0.001484643494375848,-0.004809925099738623
AVAXUSDT,1672534799999,SHORT,6621.148208333315,-9384.866375000021,1672534800000,-0.00027676553523217016,0.009642203389285283,0.007037066076694411
AVAXUSDT,1672599599999,LONG,-14367.86070833329,2439.6447916667094,1672599600000,0.0025768466311113067,0.0034037105672384987,0.0019332572189269196
AVAXUSDT,1672732799999,SHORT,56049.13524999999,-36366.81420833329,1672732800000,0.005605246225235683,-0.00017743080245251358,-0.002481170967167574
AVAXUSDT,1672754399999,LONG,-9270.086708333265,7506.942458333389,1672754400000,-0.007251535136973114,0.0010568032687655734,0.01443405193461592
AVAXUSDT,1672757999999,SHORT,7506.942458333389,-20652.02199999992,1672758000000,-0.011910679427361263,-0.004251179903471926,-0.03574299591154905
AVAXUSDT,1672761599999,LONG,-20652.02199999992,17719.748333333428,1672761600000,-0.006246446210960632,-0.00907455238228095,0.03549649027565346
AVAXUSDT,1672765199999,SHORT,17719.748333333428,-22793.97704166659,1672765200000,-0.0025558556194973142,0.0012362032479381194,-0.03511566314971671
AVAXUSDT,1672779599999,LONG,-11950.981291666636,4374.4189166666865,1672779600000,0.002118270871504247,0.005726635622747393,0.04610225099098672
AVAXUSDT,1672783199999,SHORT,4374.4189166666865,-32857.92116666666,1672783200000,-0.0007932660942183422,-0.015139208420424337,-0.04204512415703734
AVAXUSDT,1672790399999,LONG,-4759.888541666674,12064.089874999985,1672790400000,0.0005272407854999395,0.03769149532746405,0.033450247134168935
AVAXUSDT,1672837199999,SHORT,42340.576291666715,-17771.613708333316,1672837200000,-0.006937422070491421,-0.017003776681114656,-0.018671694672656777
AVAXUSDT,1672844399999,LONG,-13969.815833333307,5631.891583333355,1672844400000,0.019348447804898264,0.0237987600781575,0.01603910417075886
AVAXUSDT,1672891199999,SHORT,1117.0508750000251,-3883.0283749999944,1672891200000,0.000413445245067585,0.008551673187593168,0.02723594000683352
AVAXUSDT,1672919999999,LONG,-12113.559208333356,77074.47699999997,1672920000000,-0.0014305552151462472,-0.010227025705507587,-0.012608586752907137
AVAXUSDT,1673002799999,SHORT,6848.304749999913,-14849.270875000066,1673002800000,-0.000524109026672277,-0.0019203916516373214,-0.027150989065950898
AVAXUSDT,1673189999999,LONG,-11566.428666666669,16646.060458333304,1673190000000,0.0017597524128943594,-0.007999705833764203,0.03971091872693094
AVAXUSDT,1673204399999,SHORT,25994.380333333305,-15364.872833333366,1673204400000,-0.0037969922848838946,-0.013935752728057948,-0.04859288937910109
AVAXUSDT,1673207999999,LONG,-15364.872833333366,3416.973374999982,1673208000000,0.006965745088959192,0.01769662209088315,0.04664633408387035
AVAXUSDT,1673222399999,SHORT,21316.084541666667,-42605.87700000002,1673222400000,-0.02298199696774628,-0.03495722546856652,-0.02564661964331535
AVAXUSDT,1673225999999,LONG,-42605.87700000002,98594.58904166671,1673226000000,0.0024226774346614286,0.0065278065545826686,0.006045723948428039
AVAXUSDT,1673254799999,SHORT,105464.66433333332,-32307.161500000006,1673254800000,-0.0120283993112958,-0.010502600982759637,0.01159954191831461
AVAXUSDT,1673463599999,LONG,-116920.36704166653,106849.83537500002,1673463600000,0.04546397164717226,0.10990803204813704,0.10058998869951057
AVAXUSDT,1673564399999,SHORT,265993.52470833267,-224165.10725000067,1673564400000,-0.01002025431290571,0.002094789977855361,-0.03552417730871771
AVAXUSDT,1673589599999,LONG,-109210.46812500071,50587.64224999937,1673589600000,0.010518504191220317,0.04230782038498416,0.020605883616740078
AVAXUSDT,1673600399999,SHORT,113275.4828749994,-2058.19554166717,1673600400000,-0.013883388864850146,0.011880056242573954,-0.015015963075136621
AVAXUSDT,1674147599999,LONG,-91663.13704166647,18880.32241666676,1674147600000,-0.011357697468388203,0.011291843518599996,-0.00031202221851347735
AVAXUSDT,1674151199999,SHORT,18880.32241666676,-10835.418124999987,1674151200000,-0.00992221152096918,-0.014784457729003364,-0.006103142862847288
AVAXUSDT,1674158399999,LONG,-26140.090333333257,12408.784458333414,1674158400000,0.0040801243546460505,0.002227585847807208,-0.011588914747102004
AVAXUSDT,1674205199999,SHORT,138626.8236666667,-10329.111916666676,1674205200000,-0.0023160474814079854,-0.011526966473890338,-0.07814639622609684
AVAXUSDT,1674219599999,LONG,-38072.6879166667,38112.23654166659,1674219600000,-0.006275846242314296,0.018047264115055188,0.07123680062280473
AVAXUSDT,1674223199999,SHORT,38112.23654166659,-35457.061250000064,1674223200000,-0.008379157115392988,-0.028267827861144304,-0.08136511695062723
AVAXUSDT,1674233999999,LONG,-25632.943916666827,43126.786458333176,1674234000000,0.004007048042642478,0.04844827292807891,0.050937348335478055
AVAXUSDT,1674255599999,SHORT,102801.31133333326,-54335.81862500007,1674255600000,-0.00820688126609987,0.0002881761352471479,0.012992468592518864
AVAXUSDT,1674849599999,LONG,-66167.94887500016,161366.2893749999,1674849600000,0.010286720673501582,0.09768801049470356,0.06677349962892454
AVAXUSDT,1674935999999,SHORT,53457.43637499966,-85654.3551250004,1674936000000,0.017557462936971767,0.015364105490986211,0.022792180499495985
AVAXUSDT,1675814399999,LONG,-102835.27216666704,35741.742166666314,1675814400000,0.0037816277325247675,-0.0036997039197638718,-0.009977188438902948
AVAXUSDT,1675821599999,SHORT,29084.057333332952,-62963.08329166701,1675821600000,0.006496497909103285,0.009784861044435742,0.010657123166032097
AVAXUSDT,1675882799999,LONG,-13413.650708333647,18134.381541666517,1675882800000,0.00020026033910905506,0.002050769757125309,-0.011076540595484548
AVAXUSDT,1675889999999,SHORT,2129.562583333211,-74002.75295833341,1675890000000,-0.01300055956265883,-0.020057190743531197,-0.0007070707365288461
AVAXUSDT,1676203199999,LONG,-54888.92674999995,23619.832500000095,1676203200000,-0.0061314302620115,0.0030242235679670136,-0.021879787230150646
AVAXUSDT,1676213999999,SHORT,22803.44900000011,-27737.42433333327,1676214000000,-0.0022535530465025533,-0.01480213824533498,0.04180149055957964
AVAXUSDT,1676221199999,LONG,-2603.309291666645,13728.595583333294,1676221200000,0.003485462628892116,0.0010905126489659065,-0.044796512760574496
AVAXUSDT,1676235599999,SHORT,9153.640416666662,-5120.512666666657,1676235600000,0.031395319987762245,0.035284072880583314,0.054842786168791895
AVAXUSDT,1676336399999,LONG,-1106.8249583330082,40333.14175000034,1676336400000,-0.0048592349437053374,-0.01037585622084356,0.007556210142138581
AVAXUSDT,1676379599999,SHORT,15542.055041666996,-38640.09624999971,1676379600000,-0,-0.013828213602421518,-0.018228722026471182
AVAXUSDT,1676476799999,LONG,-50469.82579166655,29941.533166666555,1676476800000,-0.0017285155278655762,0.03484377409547832,0.0788422048967653
AVAXUSDT,1676483999999,SHORT,409.784041666581,-16630.929958333494,1676484000000,-0.009545332020207773,-0.0549317987371172,-0.07432732567743812
AVAXUSDT,1676487599999,LONG,-16630.929958333494,17149.585083333233,1676487600000,0.02368066777938056,0.04823851856104461,0.06598181382816157
AVAXUSDT,1676548799999,SHORT,50323.44729166684,-22824.787333333126,1676548800000,-0.0031398790102974755,-0.016599978764879803,0.05848703995255714
AVAXUSDT,1676559599999,LONG,-73571.92170833303,9781.11308333367,1676559600000,0.024390837226169224,0.030359519457030283,-0.03236562081470294
AVAXUSDT,1676566799999,SHORT,863.4020833336981,-45538.12241666624,1676566800000,-0.001050867061954259,0.015591808659355638,0.05141715346769929
AVAXUSDT,1677005999999,LONG,-51709.65666666642,84274.60225000039,1677006000000,-0.010723076837760035,-0.018829553923309962,-0.029902797876380154
AVAXUSDT,1677009599999,SHORT,84274.60225000039,-12000.40645833298,1677009600000,-0.005210071938032154,0.0029962212984108857,0.004760100381817727
AVAXUSDT,1677027599999,LONG,-120554.23187499936,2432.925833333827,1677027600000,-0.016324382475243697,-0.009715224499309621,-0.04994303196740196
AVAXUSDT,1677031199999,SHORT,2432.925833333827,-59875.04320833281,1677031200000,0.003297572822548235,0.00023858946024950142,0.02840673936866447
AVAXUSDT,1677038399999,LONG,-101266.16208333297,5778.422750000454,1677038400000,-0.013275781083578452,-0.020075778754748235,-0.08289170133070436
AVAXUSDT,1677041999999,SHORT,5778.422750000454,-20799.42687499958,1677042000000,0.006943481551247694,0.03398326771249908,0.06743687212014118
AVAXUSDT,1677707999999,LONG,-45569.25600000005,84500.48949999995,1677708000000,0.0006804650106622095,-0.0052323386164508795,-0.017972095449221032
AVAXUSDT,1677736799999,SHORT,26209.205499999905,-35353.22558333343,1677736800000,0.012975910500911956,0.003459213596470465,0.011577553342442787
AVAXUSDT,1677898799999,LONG,-35348.821333333464,3244.8694583332012,1677898800000,0.0026913087025972867,0.0029898963850883177,-0.001018604599890292
AVAXUSDT,1677927599999,SHORT,24017.70149999991,-17125.826166666735,1677927600000,-0.002093364800463101,0.0012581255591193306,0.03969502032636748
AVAXUSDT,1678147199999,LONG,-126537.44016666691,65719.07437499985,1678147200000,-0.0015765222765632752,0.0025414512045509405,-0.01970205677040795
AVAXUSDT,1678204799999,SHORT,29553.365083333512,-23115.53295833307,1678204800000,0.010366003252484183,0.010428399908043761,0.004331958009003242
AVAXUSDT,1678294799999,LONG,-35459.884250000025,2227.9279583333023,1678294800000,-0.012126747764681159,-0.013724958109664898,-0.03167134383765141
AVAXUSDT,1678298399999,SHORT,2227.9279583333023,-34198.72937500002,1678298400000,0.015124013218255856,0.013374684967561836,0.02019488613070647
AVAXUSDT,1678622399999,LONG,-17714.41041666669,18292.467624999972,1678622400000,-0.0034674098540594376,-0.010788341976422557,0.11318032835991684
AVAXUSDT,1678625999999,SHORT,18292.467624999972,-143.38083333333876,1678626000000,-0.0004167824455996624,0.002295413660455599,-0.12184311804384687
AVAXUSDT,1678629599999,LONG,-143.38083333333876,18633.666666666646,1678629600000,-0.006130287397394551,0.026589656665217197,0.11791420900214783
AVAXUSDT,1678633199999,SHORT,18633.666666666646,-10533.635875000056,1678633200000,0.001468480386962824,-0.04421780144073699,-0.11698302007943201
AVAXUSDT,1678647599999,LONG,-20501.546458333363,25376.937958333234,1678647600000,-0.014139745408385807,0.06715927330738249,0.07127681608908092
AVAXUSDT,1678744799999,SHORT,10733.937916666793,-5518.128041666564,1678744800000,-0.002122177543465811,0.0010323992050498857,0.006271521758414479
AVAXUSDT,1679104799999,LONG,-11917.393166667161,61733.94883333271,1679104800000,-0.0016805785144171504,-0.0025219280886850165,-0.01898576634650416
AVAXUSDT,1679126399999,SHORT,15898.505791665948,-16733.545125000684,1679126400000,0.010382777451906432,0.002995960523615352,0.026770459835808513
AVAXUSDT,1679133599999,LONG,-10353.163958334015,15238.259124999322,1679133600000,0.0041454955872039945,-0.0024499342795659142,-0.022734137868676046
AVAXUSDT,1679158799999,SHORT,35988.08495833267,-23274.278416667366,1679158800000,0.007499746702046342,0.004724055334565406,0.008310776754612552
AVAXUSDT,1679453999999,LONG,-12790.806708333586,38600.74295833311,1679454000000,-0.0032765240705969955,0.0009751341582062914,0.01712653166961847
AVAXUSDT,1679479199999,SHORT,851.3569583331313,-44387.36854166685,1679479200000,-0.008461212594031464,-0.005533793231658702,0.0434144657518741
AVAXUSDT,1679601599999,LONG,-94621.02154166682,33475.91562499993,1679601600000,-0.0005710696289055492,0.0011411618264533187,-0.00601255855469029
AVAXUSDT,1679655599999,SHORT,29322.756499999843,-2431.6292500001728,1679655600000,0.0020966810243570684,0.0072404847436991744,0.012116393948584393
AVAXUSDT,1679662799999,LONG,-23644.834541666885,15424.764291666428,1679662800000,-0.003952574315823246,-0.009852296443011707,-0.010555572566471692
AVAXUSDT,1679669999999,SHORT,24733.55891666641,-94243.29066666687,1679670000000,-0.003976845992165103,0.005229000487043125,-0.0025750584838410964
AVAXUSDT,1679835599999,LONG,-42361.61341666667,12022.082249999978,1679835600000,0.004584901099230835,-0.008939847438707708,-0.0068291524712416765
AVAXUSDT,1679882399999,SHORT,10945.098374999992,-47705.55529166668,1679882400000,0.00029562184269442036,0.006285972189718059,0.01063808207874129
AVAXUSDT,1680029999999,LONG,-49128.04662500005,38841.58325,1680030000000,-0.001013624389919246,-0.006217141020509878,0.02221855256222861
AVAXUSDT,1680037199999,SHORT,652.2130416666818,-15059.66345833333,1680037200000,0.006052452933076506,0.003111539130799476,-0.036775102585355046
AVAXUSDT,1680051599999,LONG,-1733.0660416666844,4325.798541666649,1680051600000,0.0026932415956437243,0.014044506022426444,0.03306817082938074
AVAXUSDT,1680055199999,SHORT,4325.798541666649,-12839.129875000004,1680055200000,-0.003877476746420402,-0.012296332423880691,-0.03043290865106031
AVAXUSDT,1680062399999,LONG,-3355.8901666666884,14090.062083333314,1680062400000,0.008605649714045767,0.024900483031143835,0.026933299180565102
AVAXUSDT,1680094799999,SHORT,51976.91404166674,-11123.898708333223,1680094800000,-0.00017394833778247592,0.007625404392941155,0.0065741866356796835
AVAXUSDT,1680292799999,LONG,-10232.358541666705,32334.71591666661,1680292800000,-0.0062838101982937425,-0.001129305597151414,-0.0034483767459476834
AVAXUSDT,1680296399999,SHORT,32334.71591666661,-23971.187250000094,1680296400000,-0.006114495639659235,-0.007129953246944104,-0.003514742847277388
AVAXUSDT,1680303599999,LONG,-1937.791833333419,53681.54074999995,1680303600000,-0.0009599910385168613,0.0009026798920418739,-0.0018643546543033768
AVAXUSDT,1680310799999,SHORT,25070.45533333327,-11071.62850000003,1680310800000,-0.004949669816129032,-0.0048374489653772,0.0039548074144766104
AVAXUSDT,1680314399999,LONG,-11071.62850000003,4895.681208333292,1680314400000,-0.0051185532345314625,-0.0039913480202130305,-0.01015008150218044
AVAXUSDT,1680317999999,SHORT,4895.681208333292,-25825.34195833337,1680318000000,-0.001915385634310937,0.004181505782001417,0.008551174795413544
AVAXUSDT,1680641999999,LONG,-117956.76300000002,8995.201750000075,1680642000000,-0.003129358759867851,0.02035607850164674,0.032967562650831186
AVAXUSDT,1680710399999,SHORT,35461.083208333235,-27802.989208333503,1680710400000,0.0057397040135931734,-0.003696447782160788,-0.004813891188191237
AVAXUSDT,1681117199999,LONG,-6410.797208333291,21922.48945833337,1681117200000,0.0039779560327002665,-0.004794529732451257,0.008335507988858225
AVAXUSDT,1681135199999,SHORT,11464.49675000004,-1543.8019999999572,1681135200000,-0.0031562965573506013,-0.025031814683781548,-0.034183153590136454
AVAXUSDT,1681138799999,LONG,-1543.8019999999572,2504.6770000000347,1681138800000,0.0014886067102499166,0.024283066670426966,0.0289695291643154
AVAXUSDT,1681142399999,SHORT,2504.6770000000347,-4786.408499999961,1681142400000,-0.012055875333527297,-0.015216327199478406,-0.03109233844128183
AVAXUSDT,1681145999999,LONG,-4786.408499999961,16247.884500000044,1681146000000,0.008274511763050057,0.0009604249205817154,0.030065731937302834
AVAXUSDT,1681239599999,SHORT,4811.504791666637,-34783.2369166667,1681239600000,0.00465588439992332,0.007074531137470148,0.023779045649025905
AVAXUSDT,1681682399999,LONG,-130095.99329166677,5790.548291666705,1681682400000,-0.0014174346809733935,-0.01144553818418112,0.005115349862832865
AVAXUSDT,1681689599999,SHORT,19411.750291666754,-5870.235749999953,1681689600000,0.0010408149032670906,-0.02374129472590071,-0.010005751712073121
AVAXUSDT,1681696799999,LONG,-31917.952249999973,32256.035666666652,1681696800000,0.0323737808110934,0.031033618833840586,0.0426049010108847
AVAXUSDT,1681714799999,SHORT,23310.08229166646,-3618.471125000195,1681714800000,0.0016967644356859258,0.004222999747323352,-0.00043584591115871415
AVAXUSDT,1681729199999,LONG,-37156.2430833334,85237.85874999997,1681729200000,-0.00820557500436636,0.01888848677741655,0.006980154370828262
AVAXUSDT,1681761599999,SHORT,57491.23458333345,-27075.783041666495,1681761600000,0.002467763089148194,0.007372947640856507,-0.03681630217331378
AVAXUSDT,1682200799999,LONG,-6411.79779166672,8454.672958333298,1682200800000,0.0035404430609266113,-0.010814708040662953,-0.002386705443581923
AVAXUSDT,1682207999999,SHORT,13908.289708333303,-22079.04695833333,1682208000000,0.008755601112284779,0.009224726787926501,0.0011629936764701147
AVAXUSDT,1682413199999,LONG,-209.6562499999612,12503.10420833338,1682413200000,-0.009225320297063857,-0.0032808043957165906,0.023355012633048212
AVAXUSDT,1682416799999,SHORT,12503.10420833338,-21380.306583333295,1682416800000,-0.0004721714069898538,-0.01004443229985729,-0.04270227303451146
AVAXUSDT,1682456399999,LONG,-81112.84612499988,4408.739666666816,1682456400000,0.010062906484735831,0.003934880044985395,0.008477761225285225
AVAXUSDT,1682463599999,SHORT,7983.278916666808,-24987.7929166665,1682463600000,-0.0032973310147745563,0.00233744868547217,-0.01984617203924746
AVAXUSDT,1682513999999,LONG,-15312.441666666438,45466.18525000019,1682514000000,-0.00407916336534244,-0.008951819739298884,-0.030439925270792305
AVAXUSDT,1682539199999,SHORT,52883.224916666804,-296981.2211666664,1682539200000,-0.01445180328688641,-0.02387451661207777,-0.03793033410338323
AVAXUSDT,1682877599999,LONG,-19634.89612499993,17253.02220833344,1682877600000,-0.002673874441906752,-0.02211653463245846,-0.03521307355230412
AVAXUSDT,1682884799999,SHORT,2814.3195833334466,-118753.88895833319,1682884800000,0.007939999405772627,0.013951281331883418,0.014361129401088236
AVAXUSDT,1683053999999,LONG,-21526.428083333292,20638.284666666714,1683054000000,0.0011250260238622072,-0.00017775144469846108,-0.008388662096108484
AVAXUSDT,1683115199999,SHORT,11851.264791666617,-17417.388375000068,1683115200000,0.010180672102937502,0.0024750246554362714,-0.03681542593641695
AVAXUSDT,1683147599999,LONG,-15070.336166666588,11314.28004166678,1683147600000,0.005779856706978576,0.004789728783111652,-0.0005856858548587974
AVAXUSDT,1683165599999,SHORT,4374.275333333411,-307.4124999999185,1683165600000,0.0020362458674908564,0.004893973878862446,0.021560535570984536
AVAXUSDT,1683172799999,LONG,-640.4575833332298,17801.91854166676,1683172800000,-0.0037381037629161482,-0.006022881698162091,-0.015569774881668377
AVAXUSDT,1683190799999,SHORT,23691.478458333393,-199.32216666660193,1683190800000,0.00017578296708314325,0.00593508426495123,0.011312871063661278
AVAXUSDT,1683194399999,LONG,-199.32216666660193,17319.288375000062,1683194400000,0.0022241741682963384,-0.013390555486221213,-0.012262858539102618
AVAXUSDT,1683208799999,SHORT,58009.32662500001,-19905.44479166664,1683208800000,0.00011878600714818822,-0.005921381583934929,-0.015030786058658657
AVAXUSDT,1683215999999,LONG,-37079.314708333324,13642.860958333456,1683216000000,0.004843768700115239,0.001420118581862106,0.007609533843279959
AVAXUSDT,1683219599999,SHORT,13642.860958333456,-1665.111166666553,1683219600000,0.0018874607467276921,0.005554584984042571,-0.003940370317270287
AVAXUSDT,1683309599999,LONG,-87698.68120833328,65260.83374999999,1683309600000,-0.0004067048250582313,0.007984305317879829,-0.004424528380051951
AVAXUSDT,1683359999999,SHORT,61927.918874999836,-4527.684083333491,1683360000000,0.0008833662716304072,0.0020624031352087504,0.02057759197278655
AVAXUSDT,1683946799999,LONG,-36806.32329166667,35580.827499999956,1683946800000,0.001392250034284372,-0.0009956524004616327,-0.007926241250668344
AVAXUSDT,1683961199999,SHORT,3837.644458333302,-10641.568000000028,1683961200000,-0.003910267765302605,-0.00265269735765022,0.008871160395486648
AVAXUSDT,1684007999999,LONG,-24047.08383333324,16388.960125000118,1684008000000,0.0013376138966037054,-0.0022109821073474263,0.0009365175612576973
AVAXUSDT,1684029599999,SHORT,16000.848958333421,-2924.7806249999267,1684029600000,-0.0026249384077725456,-0.00792109934753311,-0.01358834790574209
AVAXUSDT,1684119599999,LONG,-19984.901874999992,7254.879583333309,1684119600000,0.002384422907432397,0.01166905155125507,0.011472401162236781
AVAXUSDT,1684123199999,SHORT,7254.879583333309,-1476.2771666666765,1684123200000,-0.001454449549006881,-0.010071506651561967,-0.012426603906530451
AVAXUSDT,1684126799999,LONG,-1476.2771666666765,4941.427583333319,1684126800000,0.0004623055922249945,0.012538320296994589,0.006452909729381938
AVAXUSDT,1684169999999,SHORT,48968.85412499998,-1478.3553749999653,1684170000000,-0.0007872466456574828,0.006056236008017112,0.01888161033395591
AVAXUSDT,1684177199999,LONG,-13685.000874999989,10664.762041666681,1684177200000,-0.0015133075230687088,-0.0021719822932928317,-0.017977863211021284
AVAXUSDT,1684180799999,SHORT,10664.762041666681,-5894.172458333293,1684180800000,0.002769354268932247,0.007335723343243838,0.01052467103641042
AVAXUSDT,1684288799999,LONG,-50988.96625000006,34730.96429166666,1684288800000,-0.004202387533955404,-0.006008831005155012,-0.019424611819664758
AVAXUSDT,1684306799999,SHORT,10307.379999999996,-11828.085833333325,1684306800000,0.00719500128420067,0.0048357942312701975,-0.003678318810407512
AVAXUSDT,1684652399999,LONG,-7356.286125000013,159.73766666665324,1684652400000,-0.00020520537710099084,-0.00651870425132457,-0.021779821749108873
AVAXUSDT,1684666799999,SHORT,18475.484291666653,-3693.452708333333,1684666800000,0.004415932105319772,0.005038489452581214,0.01372543382673976
AVAXUSDT,1684681199999,LONG,-8830.239166666666,13033.849874999994,1684681200000,-0.0072914457966686596,-0.010222975780512901,-0.011621968733924173
AVAXUSDT,1684684799999,SHORT,13033.849874999994,-33831.792791666674,1684684800000,0.003770954189274807,-0.0009057025038252996,0.005731876450789503
AVAXUSDT,1684774799999,LONG,-24007.176916666718,29295.24187499993,1684774800000,0.0058707247595029075,0.009064638656702833,0.017307928578514327
AVAXUSDT,1684868399999,SHORT,21379.032541666646,-30539.259791666682,1684868400000,-0.0022520226530804367,-0.005450718680166055,0.02015112006848175
AVAXUSDT,1685113199999,LONG,-4529.532875000092,39840.59108333327,1685113200000,0.0026666682469152977,0.002175973904588977,0.01166662434558821
AVAXUSDT,1685221199999,SHORT,15215.158458333413,-936.1588333332717,1685221200000,-0.003319505122852713,-0.016215828733566858,-0.007453450654580972
AVAXUSDT,1685224799999,LONG,-936.1588333332717,27919.28104166673,1685224800000,0.004065186292178238,0.01813069197397055,0.0008281573972288588
AVAXUSDT,1685264399999,SHORT,25458.231083333307,-163628.02041666664,1685264400000,0.003305788134499544,0.0018581609558318843,-0.012164436201391042
AVAXUSDT,1685699999999,LONG,-3398.1826250000936,11208.207124999919,1685700000000,-6.922571045648564e-05,-0.007783222056927582,0.002281764170629467
AVAXUSDT,1685710799999,SHORT,48.32708333326931,-25443.398208333372,1685710800000,0.006189817029645668,0.0017348465542620076,-0.0024929034446161376
AVAXUSDT,1685717999999,LONG,-25629.255916666716,3581.231791666641,1685718000000,0.0031847160675199195,0.008080433482510451,0.0031847160675199195
AVAXUSDT,1685782799999,SHORT,29550.718249999994,-11393.654041666654,1685782800000,-0.0018570107472129108,-0.0009633249213967781,-0.00034415115458237214
AVAXUSDT,1685797199999,LONG,-7897.197333333334,14458.292625000002,1685797200000,-0.0017209930933433845,0.0008250258288530993,-0.0009633912113135425
AVAXUSDT,1685804399999,SHORT,11615.757416666669,-5880.410208333342,1685804400000,-0.0025400761949422156,0.004339895903428937,-0.004458016367772652
AVAXUSDT,1685807999999,LONG,-5880.410208333342,7980.36599999998,1685808000000,-0.002402444783899662,-0.006948533340727644,0.002054654513664154
AVAXUSDT,1685811599999,SHORT,7980.36599999998,-471.23270833337057,1685811600000,0.0026836417275953625,0.0014441428772623002,-0.005892445963214348
AVAXUSDT,1685843999999,LONG,-8967.45279166668,15477.626166666654,1685844000000,0.0011640249183139596,0.002736728582759121,0.010359961797696911
AVAXUSDT,1685851199999,SHORT,5045.266874999991,-21783.33170833334,1685851200000,-0.0015040681033297177,-0.006138754698324842,-0.012172466776467444
AVAXUSDT,1685861999999,LONG,-15786.89500000001,2109.8844166666677,1685862000000,0.0012928250023051713,0.0051613017802255474,0.011575691957889272
AVAXUSDT,1685879999999,SHORT,14689.063666666692,-10969.783624999973,1685880000000,-0.0006104799239963365,-0.0038600935073655473,-0.002981032017887469
AVAXUSDT,1685905199999,LONG,-37118.429124999966,975.0059583333399,1685905200000,-0.0001346166792098443,0.00013459855999853248,-0.010418875116283232
AVAXUSDT,1685908799999,SHORT,975.0059583333399,-26013.54204166666,1685908800000,-0.0024874798533258465,0.004993599687709597,0.0037090779953530147
AVAXUSDT,1686088799999,LONG,-18803.425458333357,23109.541416666645,1686088800000,0.0021219077744919312,-0.005841338809880221,-0.015815792912175428
AVAXUSDT,1686146399999,SHORT,35120.5200416666,-20124.161166666756,1686146400000,0.017123225389668036,0.017972963438248626,0.022517134847691765
AVAXUSDT,1686319199999,LONG,-9200.914458333398,1620.8205833332613,1686319200000,-0.0026885540462492723,-0.011440878035400842,-0.05385135002289882
AVAXUSDT,1686340799999,SHORT,21600.343416666583,-64972.255125000105,1686340800000,-0.0034782643763247925,0.0018891235727946983,0.204250135704476
AVAXUSDT,1686614399999,LONG,-2146.934541666628,12061.175208333376,1686614400000,-0.005227858904982296,0.011577803424782483,0.03055305899430952
AVAXUSDT,1686617999999,SHORT,12061.175208333376,-10718.323916666617,1686618000000,-0.012762251613851291,-0.01155379225228273,-0.03721918190287252
AVAXUSDT,1686621599999,LONG,-10718.323916666617,7211.9363750000675,1686621600000,0.008248178044411952,0.002670918746305998,0.02015611836237195
AVAXUSDT,1686661199999,SHORT,18819.921750000038,-46529.26050000007,1686661200000,0.0045554322071705,0.01646337252513043,0.006671476841173374
AVAXUSDT,1686905999999,LONG,-26686.223458333337,5430.850458333356,1686906000000,-8.750054693418498e-05,-0.0056155276109543465,0.01562667444043777
AVAXUSDT,1686913199999,SHORT,10322.652916666702,-6441.452624999966,1686913200000,0.005895050286371298,0.0011411017257513748,-0.012380280183626339
AVAXUSDT,1686938399999,LONG,-10641.476083333342,15843.104250000004,1686938400000,-0.0037054633289497992,-0.007511367066628141,0.01375325996527362
AVAXUSDT,1686970799999,SHORT,5490.574041666725,-27178.519749999938,1686970800000,0.004075091259513053,-0.014517284548719084,-0.011528001031377685
AVAXUSDT,1686999599999,LONG,-335.8106666666087,7328.246541666721,1686999600000,-0.002722479136042644,-0.006734606247503409,-0.009561281648827276
AVAXUSDT,1687010399999,SHORT,1436.0724166667205,-1048.0574999999565,1687010400000,0.005884627445798924,0.007425459799954654,0.02392335072503584
AVAXUSDT,1687222799999,LONG,-26760.433666666668,5695.534166666689,1687222800000,-0.0021719308307783305,-0.004784490010754016,-0.013278783389291587
AVAXUSDT,1687445999999,SHORT,18529.789208333514,-41815.50554166653,1687446000000,-0.0035401051800560365,-0.011050702212767653,-0.005814883585776125
AVAXUSDT,1687489199999,LONG,-7853.6377500000235,5011.339958333323,1687489200000,0.0014875712275364194,0.002972932873418862,0.0031291584634882386
AVAXUSDT,1687507199999,SHORT,14861.159749999972,-2640.339333333366,1687507200000,-0.0025790331203454924,-0.00413885249759254,-0.0371750048856495
AVAXUSDT,1687517999999,LONG,-11674.70820833341,1325.9499583332606,1687518000000,0.0023406424043470953,7.810974423040665e-05,0.03144840717640533
AVAXUSDT,1687525199999,SHORT,925.2919166666301,-51812.84566666671,1687525200000,0.0035392698866732906,-0.04212443560415434,-0.037446593967063437
AVAXUSDT,1687535999999,LONG,-30273.056416666677,9349.323874999924,1687536000000,0.009757650884966208,0.008100275185405336,0.01486315037501628
AVAXUSDT,1687546799999,SHORT,23364.815874999953,-918.0079583333767,1687546800000,-0.0006788098461807407,0.0032495777698179932,0.0017368326057611901
AVAXUSDT,1687553999999,LONG,-1052.8217083333682,37383.17699999997,1687554000000,-0.012609939663904213,-0.013819221044738303,-0.021105780798153683
AVAXUSDT,1687564799999,SHORT,13782.328041666615,-507.5322916667404,1687564800000,0.004451997543836028,-0.005331343583305066,0.009835896804697881
AVAXUSDT,1687568399999,LONG,-507.5322916667404,14975.252041666556,1687568400000,-0.0008321670866432584,0.006031381371903455,-0.008200501536321222
AVAXUSDT,1687597199999,SHORT,7984.039291666549,-1795.1434583334485,1687597200000,-0.0034221866928474255,0.0008383188388686025,0.017443866453643916
AVAXUSDT,1687600799999,LONG,-1795.1434583334485,10052.862291666563,1687600800000,-0.00030369751960695096,-0.008921482025938923,-0.020167075389138905
AVAXUSDT,1687607999999,SHORT,3529.440916666567,-1583.9454583334348,1687608000000,0.0027409793314222934,0.02361920775197707,0.010855545789410118
AVAXUSDT,1687697999999,LONG,-7176.036750000028,13473.237208333294,1687698000000,-0.00868376704087469,-0.0063755868716170744,-0.0186475157999401
AVAXUSDT,1687741199999,SHORT,6507.358958333333,-6971.752000000027,1687741200000,0.004603607994573468,-0.004657460342169974,-0.015762474781290066
AVAXUSDT,1688068799999,LONG,-44158.011541666456,26168.14795833344,1688068800000,-0.010022575315896919,-0.0055907858527093155,0.026194926148302697
AVAXUSDT,1688090399999,SHORT,9273.65125000012,-3270.706208333189,1688090400000,-0.014714204581948246,-0.03471333279157544,0.006010298836160266
AVAXUSDT,1688093999999,LONG,-3270.706208333189,11004.405125000116,1688094000000,0.011356296482954845,0.008741111545049366,-0.020724503418108452
AVAXUSDT,1688133599999,SHORT,72771.70129166677,-15201.977708333152,1688133600000,7.931786639103723e-05,-0.0328461091052712,-0.039730027983369776
AVAXUSDT,1688137199999,LONG,-15201.977708333152,17068.728458333546,1688137200000,-0.00039662079606125834,0.024829942149614502,0.03322720269437573
AVAXUSDT,1688140799999,SHORT,17068.728458333546,-1036.8063333331181,1688140800000,-0.019253276349051145,-0.022904758477953424,-0.03232131462896862
AVAXUSDT,1688144399999,LONG,-1036.8063333331181,1989.149791666908,1688144400000,0.01414516338519381,0.006208308005103055,0.008989521169923508
AVAXUSDT,1688147999999,SHORT,1989.149791666908,-21378.76508333311,1688148000000,0.007936855380090799,0.00015351550536759828,0.00453864389244191
AVAXUSDT,1688317199999,LONG,-11467.383250000034,5291.607875000006,1688317200000,-0.007766581390366757,-0.003452909626678217,0.019194156005138144
AVAXUSDT,1688320799999,SHORT,5291.607875000006,-16688.86904166666,1688320800000,-0.00416025253348471,-0.004544587062986067,-0.022971972117916226
AVAXUSDT,1688338799999,LONG,-6645.323333333324,7790.72212499999,1688338800000,-0.0007619047987619136,0.012112184410449051,0.011585333835661423
AVAXUSDT,1688396399999,SHORT,12727.967958333456,-10804.255374999892,1688396400000,-0.00983738542451412,-0.015169529784184347,-0.003946574642805365
AVAXUSDT,1688489999999,LONG,-2545.9789583334154,14606.88883333331,1688490000000,-0.007262305917870256,-0.011980731719107508,-0.014807210817132719
AVAXUSDT,1688493599999,SHORT,14606.88883333331,-18630.340666666667,1688493600000,0.001747920040722463,0.002432721284908455,0.006322144681846104
AVAXUSDT,1688774399999,LONG,-9301.70808333338,23195.86287499998,1688774400000,0.012490404381780834,0.04628075256400618,0.06198223226151904
AVAXUSDT,1688950799999,SHORT,43456.77937500016,-32204.53833333333,1688950800000,0.00753185755367968,0.0036082125893995114,0.004738454204650768
AVAXUSDT,1689267599999,LONG,-78759.13858333329,6673.372458333305,1689267600000,0.01394301731456189,0.009221303004919848,0.06663067136964065
AVAXUSDT,1689271199999,SHORT,6673.372458333305,-44323.8520833333,1689271200000,0.0007853496994521538,0.011917723079406688,-0.05862433539437416
AVAXUSDT,1689281999999,LONG,-2109.0582916665007,15732.632375000228,1689282000000,-0.007196346542985301,0.047676407106132336,0.12999366367420032
AVAXUSDT,1689285599999,SHORT,15732.632375000228,-7443.524583333104,1689285600000,-0.009773001039271362,-0.05745925439070996,-0.10856162580146406
AVAXUSDT,1689289199999,LONG,-7443.524583333104,10596.545291666911,1689289200000,0.00946659975430992,0.04447974647076524,0.0896836715441532
AVAXUSDT,1689332399999,SHORT,9443.561458334094,-42817.584458332545,1689332400000,-0.010084337760227075,0.0010467779824005566,0.05559413893889728
AVAXUSDT,1689447599999,LONG,-38127.84670833312,80457.3537500004,1689447600000,-0.0032485857455281184,-0.019651725259112976,-0.03146689631704495
AVAXUSDT,1689458399999,SHORT,103775.63241666695,-80062.47320833306,1689458400000,-0.0050756377364764805,0.00149375367264514,0.006944472352811046
AVAXUSDT,1690736399999,LONG,-15203.79504166671,10133.665124999936,1690736400000,0.0013456939829796736,-0.01613911350269447,-0.019337410472071284
AVAXUSDT,1690750799999,SHORT,1280.2819583332312,-24277.729000000152,1690750800000,0.005489492284771369,-0.00780100142716483,0.0031985405382156584
AVAXUSDT,1691297999999,LONG,-20761.5625,2558.1992499999956,1691298000000,-0.0001584283906989275,0.001741057736415808,-0.003173346574144223
AVAXUSDT,1691301599999,SHORT,2558.1992499999956,-6124.7277083333365,1691301600000,0.003809830784921687,0.0004754358251202874,0.0029354616659827072
AVAXUSDT,1691315999999,LONG,-4003.048833333334,5922.438583333326,1691316000000,-0.00253948235832498,-0.004766831938777354,-0.0041299399500488165
AVAXUSDT,1691323199999,SHORT,5963.016374999987,-2139.4993333333405,1691323200000,0.0015879320526039312,0.004452579511712168,0.0009524566161738647
AVAXUSDT,1691326799999,LONG,-2139.4993333333405,31052.68549999998,1691326800000,-0.0022273495804524417,0,0.0017465866618529913
AVAXUSDT,1691427599999,SHORT,276.2593749999651,-20920.255833333416,1691427600000,-0.003881615742175897,-0.007426575948270472,-0.010878869530009177
AVAXUSDT,1691513999999,LONG,-15093.597500000024,18101.478500000056,1691514000000,0.0003951475927655305,0.0034719517241093125,0.00023710729215998297
AVAXUSDT,1691549999999,SHORT,8666.700750000047,-15013.47716666662,1691550000000,-0.0015064423066930297,-0.0041965301699434954,-0.0021400555070450436
AVAXUSDT,1691557199999,LONG,-6651.013291666623,7813.826666666719,1691557200000,0.0009479422465119205,0.0013426531259210946,-0.004991493150870893
AVAXUSDT,1691564399999,SHORT,7830.3768750000645,-1496.9457499999455,1691564400000,-0.0033130897229601943,-0.0022887820259471507,0.0038791957761658315
AVAXUSDT,1691567999999,LONG,-1496.9457499999455,2809.6421666667156,1691568000000,-0.002207506415210569,-0.000866653589796996,-0.01164415706994905
AVAXUSDT,1691571599999,SHORT,2809.6421666667156,-17929.96524999995,1691571600000,0.0016587026432418714,-0.009113112012260166,0.006492501032648941
AVAXUSDT,1692979199999,LONG,-4206.261875000055,10250.975958333263,1692979200000,0.00040132437580894375,0.002905959257255206,0.01038244326871996
AVAXUSDT,1692982799999,SHORT,10250.975958333263,-26080.61804166676,1692982800000,-0.0015036843091908291,-0.00420463128203187,-0.008192672459987437
AVAXUSDT,1693079999999,LONG,-16273.18475,10266.013666666671,1693080000000,-0.0018944120526707847,0.004769958363308846,0.006948608462530967
AVAXUSDT,1693202399999,SHORT,27217.839416666695,-11144.648791666608,1693202400000,-0.0004000000053334674,-0.0001000150023337974,-0.038458732119757436
AVAXUSDT,1693238399999,LONG,-20213.331666666676,34840.35908333328,1693238400000,0.0073352321946425015,0.000677867648094017,0.018238171110240786
AVAXUSDT,1693256399999,SHORT,382.6636666666891,-7362.286541666632,1693256400000,0.00399124404259753,-0.015233615067944484,-0.01398894067679925
AVAXUSDT,1693263599999,LONG,-9864.690541666632,28600.929208333382,1693263600000,0.003769395078247838,0.01174445536270688,0.002128071996769084
AVAXUSDT,1693324799999,SHORT,53478.04474999977,-35454.34195833345,1693324800000,-0.007820086772345225,-0.0019377168692786358,0.017328549869166716
AVAXUSDT,1693328399999,LONG,-35454.34195833345,41972.264749999835,1693328400000,-0.0005498030011126224,-0.010776065595469475,-0.02363737987775401
AVAXUSDT,1693357199999,SHORT,33088.9075833332,-28722.73341666684,1693357200000,0.0029898181666227416,0.005425644741044372,0.01997616600274424
AVAXUSDT,1693465199999,LONG,-8495.326500000045,35915.01674999997,1693465200000,-0.00443673567300323,0.0025950324524901323,-0.03306894944722655
AVAXUSDT,1693490399999,SHORT,12840.066833333278,-21254.16941666672,1693490400000,-0.0008693552829590204,0.03141208402773574,0.0381157961607541
AVAXUSDT,1693799999999,LONG,-4367.841416666658,2664.3326666666544,1693800000000,0.0004016870911615349,-0.0014071768328646629,-0.010500904247054008
AVAXUSDT,1693810799999,SHORT,2523.8759999999797,-666.6580416666887,1693810800000,-0.004334465734810538,-0.0020183678261863963,0.00628295540704938
AVAXUSDT,1693814399999,LONG,-666.6580416666887,26220.0895833333,1693814400000,0.0017084572770215013,-0.006660636189547885,-0.01021087575563251
AVAXUSDT,1693832399999,SHORT,6995.733624999964,-5015.390250000026,1693832400000,-0.003146731521083472,-0.001219264528206216,0.009602688969595175
AVAXUSDT,1693835999999,LONG,-5015.390250000026,4830.480583333313,1693836000000,-0.00010135306348321073,-0.0004054739031732376,-0.013673682430673038
AVAXUSDT,1693843199999,SHORT,6562.778291666647,-13303.906291666683,1693843200000,0.00030458399138976686,0.0010156409566937747,0.013387354401194365
AVAXUSDT,1693853999999,LONG,-2922.6663333333563,2247.63387499999,1693854000000,0.0005082075629022195,-0.009705342565127591,-0.009910681374883948
AVAXUSDT,1693857599999,SHORT,2247.63387499999,-484.0423333333359,1693857600000,0.0011183977577731445,0.0036648722685388418,0.00570673106880878
AVAXUSDT,1693929599999,LONG,-10722.261166666663,17789.737250000017,1693929600000,-0.003436429498580987,-0.005869274084233917,0.0020159264966500795
AVAXUSDT,1693940399999,SHORT,3305.679166666688,-612.9689583333093,1693940400000,0.005566534286775638,-0,0.002627591203554811
AVAXUSDT,1693951199999,LONG,-295.1575416666553,72197.68075000001,1693951200000,-0.003123900358755474,-0.0009059339287872729,-0.0016111170537640377
AVAXUSDT,1694055599999,SHORT,5625.808541666697,-3073.3314166666387,1694055600000,-0.004008021397538647,0.0006025911601445004,0.00483092726966558
AVAXUSDT,1694059199999,LONG,-3073.3314166666387,5651.964125000023,1694059200000,-0.003706861931326512,-0.004409708488700184,-0.00904074465214907
AVAXUSDT,1694069999999,SHORT,8701.104916666687,-2485.6473333333124,1694070000000,-0.00030137124141906436,0.003926113665544357,0.00020096463090132357
AVAXUSDT,1694516399999,LONG,-16970.703833333315,57342.18533333333,1694516400000,-0.0034815670552928307,-0.015175120094481782,-0.027764730613045917
AVAXUSDT,1694591999999,SHORT,17144.098208333413,-2872.0687499998894,1694592000000,-0.008375531639269816,-0.010971811764901614,-0.01205160886798265
AVAXUSDT,1694595599999,LONG,-2872.0687499998894,11411.76845833342,1694595600000,0.005293589847512047,0.0021640346034490932,0.008198535674301594
AVAXUSDT,1694599199999,SHORT,11411.76845833342,-8071.551999999899,1694599200000,0.004968149326735128,0.006593549261979859,-0.002044880441345836
AVAXUSDT,1694653199999,LONG,-13420.200208333268,6096.505083333405,1694653200000,-0.01321558187445289,-0.01579373347975194,-0.010965138873556601
AVAXUSDT,1694685599999,SHORT,4896.152208333403,-3188.33704166661,1694685600000,-0.0036665629343716607,-0.013201157635425918,-0.012667909609139058
AVAXUSDT,1694689199999,LONG,-3188.33704166661,6169.745583333391,1694689200000,0.005046448676041651,0.012409230697109289,0.013578013702179053
AVAXUSDT,1694692799999,SHORT,6169.745583333391,-5805.626291666602,1694692800000,-0.0004282655311711519,-0.002673655408006807,-0.005979091056058231
AVAXUSDT,1694696399999,LONG,-5805.626291666602,19242.057541666727,1694696400000,0.004059834636089918,0.0018182795533131166,0.006402753705702186
AVAXUSDT,1694764799999,SHORT,8557.841875000004,-21420.164375000022,1694764800000,-0.0016074589540702351,0.006347861436187552,0.007751976804317824
AVAXUSDT,1694851199999,LONG,-25254.782875000044,664.2811249999698,1694851200000,-0.0025292457365545234,-0.004218970502305116,-0.01313717378712424
AVAXUSDT,1694905199999,SHORT,6557.841624999982,-16914.31629166666,1694905200000,-0,0.014183110858445334,0.009433020959679536
AVAXUSDT,1695506399999,LONG,-8595.934708333321,1575.2627916666727,1695506400000,-0.003151381336275164,0.0019085046488974769,0.0045966783106976905
AVAXUSDT,1695509999999,SHORT,1575.2627916666727,-8124.508541666665,1695510000000,-0.0030386608266591212,-0.006852034671636077,-0.006628120653682935
AVAXUSDT,1695560399999,LONG,-6375.192708333304,6663.635750000006,1695560400000,-0.00033346301648415046,-0.005237072530178474,-0.024639824474908773
AVAXUSDT,1695567599999,SHORT,1380.0690000000225,-5264.080249999989,1695567600000,-0,0.004686462493888539,0.023199238637089146
AVAXUSDT,1695571199999,LONG,-5264.080249999989,524.4641666666818,1695571200000,-0.0034573167767442646,-0.01164626825370268,-0.023087911055565707
AVAXUSDT,1695581999999,SHORT,1925.95650000001,-8875.016583333316,1695582000000,0.007071133341337578,0.006620682883270602,0.012152731990185928
AVAXUSDT,1695693599999,LONG,-14859.77574999998,4193.889333333344,1695693600000,0.0031083506376885176,0,-0.003118042615267996
AVAXUSDT,1695700799999,SHORT,1642.3162916666577,-5382.638625000011,1695700800000,0.0014435625181865484,0.006568350917979144,0.010261075978079997
AVAXUSDT,1695815999999,LONG,-22168.095624999998,4503.2339999999385,1695816000000,-0.0028527559395215307,-0.021820658646332657,-0.022268687327662132
AVAXUSDT,1695826799999,SHORT,21601.830958333234,-43581.500208333404,1695826800000,-0.00044802868132943027,0.003816370105128086,-0.0039134616950042625
AVAXUSDT,1696103999999,LONG,-37485.35420833332,145.24287499999627,1696104000000,-0.0005403945011270826,-0.002055054533211942,0.021062413299200493
AVAXUSDT,1696111199999,SHORT,3158.2668749999816,-1260.2867916666921,1696111200000,-0.0012994046224636647,-0.007771220976890439,-0.03398100819314408
AVAXUSDT,1696125599999,LONG,-5014.359125000027,3359.4531666666444,1696125600000,-0.0006453000869226493,0.008777620047582643,0.034241958913518035
AVAXUSDT,1696129199999,SHORT,3359.4531666666444,-5366.0389583333645,1696129200000,-0.0037583936858452387,-0.016220609613589843,-0.030096581227347412
AVAXUSDT,1696139999999,LONG,-30636.965541666697,13732.895583333311,1696140000000,0.006904270880730838,0.01753874857031733,0.009019107240487923
AVAXUSDT,1696226399999,SHORT,16204.61454166667,-42139.34483333333,1696226400000,-0.004228336109521105,-0.0047427658754828714,0.010493057681071253
AVAXUSDT,1696327199999,LONG,-22120.360791666793,2089.8459999998545,1696327200000,0.001493015100843596,0.0031965930256274942,0.006170888823554116
AVAXUSDT,1696330799999,SHORT,2089.8459999998545,-13471.056083333455,1696330800000,-0.0007456724713022286,0.008346757928717684,-0.007220247973487097
AVAXUSDT,1696402799999,LONG,-59163.49829166664,44613.133500000054,1696402800000,-0.007874872319187971,0.004325444436984758,0.030393151014659666
AVAXUSDT,1696406399999,SHORT,44613.133500000054,-32101.766708333278,1696406400000,-0.012919408676829959,-0.010142914528537878,-0.04066802448584885
AVAXUSDT,1696409999999,LONG,-32101.766708333278,6403.843958333407,1696410000000,0.004303726286216785,-0.0014387013066321911,0.0258490901191432
AVAXUSDT,1696413599999,SHORT,6403.843958333407,-25714.47095833327,1696413600000,0.0051250624685039515,0.011723704825887587,-0.025039167797715253
AVAXUSDT,1696435199999,LONG,-58952.94145833317,24458.41375000018,1696435200000,0.014080428524114086,0.028364948648251724,0.0312572859760232
AVAXUSDT,1696543199999,SHORT,32579.6481666667,-11473.981916666613,1696543200000,-0.0025706955031008917,-0.007594099319593896,-0.04689794458874853
AVAXUSDT,1696561199999,LONG,-78980.0957083333,122494.53133333354,1696561200000,-0.004410361894847651,-0.004410361894847651,0.017355454830203326
AVAXUSDT,1696571999999,SHORT,40185.21020833368,-2228.608583332932,1696572000000,-0.006072015186165967,-0.023125731966239606,-0.030748222173789568
AVAXUSDT,1696575599999,LONG,-2228.608583332932,9781.399666667063,1696575600000,0.01884513750473422,0.024111277190365342,0.028322991965928936
AVAXUSDT,1696586399999,SHORT,123717.26612500031,-56441.30266666637,1696586400000,-0.007153644964773578,-0.01127195853539361,-0.00902770848178266
AVAXUSDT,1696589999999,LONG,-56441.30266666637,86978.35216666704,1696590000000,-0.0034759770072910353,-0.0025353316552692473,0.0032770030730158487
AVAXUSDT,1696741199999,SHORT,158260.30474999998,-27986.019041666605,1696741200000,0.001928269012440717,0.02309256412725919,0.03399455515673583
AVAXUSDT,1697205599999,LONG,-23800.862625000096,15319.56874999991,1697205600000,-0.008330641184936918,-0.003718289498331265,0.005334507234144105
AVAXUSDT,1697212799999,SHORT,25700.488249999926,-4501.081791666734,1697212800000,-0.012336316817606321,-0.01441406921908681,-0.021706618544640493
AVAXUSDT,1697216399999,LONG,-4501.081791666734,17539.470374999946,1697216400000,-0.0007666612280669719,0.011754597685267421,0.008611815363987639
AVAXUSDT,1697245199999,SHORT,12144.85474999996,-3304.007375000025,1697245200000,-0.0045706902948319875,-0.004896370154411142,0.0005455239893074927
AVAXUSDT,1697248799999,LONG,-3304.007375000025,3825.7806249999753,1697248800000,-0.00380745632658151,-0.0033715840302616,-0.004134485271557494
AVAXUSDT,1697259599999,SHORT,10472.197916666637,-270.10625000002136,1697259600000,0.0038058002767713023,0.001194548657005485,0.0014118927135009993
AVAXUSDT,1697270399999,LONG,-7543.9837916666775,1994.3447499999893,1697270400000,0.0022844720296893704,0.000544395462298874,-0.0022897027939587657
AVAXUSDT,1697277599999,SHORT,5547.170708333336,-13922.753791666668,1697277600000,-0.0006519613400549868,0.0030481190593364227,0.004248141021922938
AVAXUSDT,1697637599999,LONG,-33405.90041666652,23274.06129166679,1697637600000,-0.0038787658758494647,-0.012689395558004427,-0.03100326938203155
AVAXUSDT,1697641199999,SHORT,23274.06129166679,-50628.78329166653,1697641200000,-0.0004440497408665212,0.00746729577366442,0.027580968195153197
AVAXUSDT,1697767199999,LONG,-80578.55625000004,74714.99412499995,1697767200000,0.004714662534998839,0.010169023171900708,0.012776586578981642
AVAXUSDT,1697824799999,SHORT,19227.69058333353,-12307.88708333318,1697824800000,0.0014143504506430725,-0.0032562711937749924,-0.004122822374516904
AVAXUSDT,1697889599999,LONG,-62517.03895833335,21660.195458333357,1697889600000,-0.0045118380929389645,0.018257768573564963,0.008132669159787992
AVAXUSDT,1697961599999,SHORT,6688.322041666465,-118321.37258333353,1697961600000,0.009062737045339206,0.016661089651553884,-0.0006080259611721952
AVAXUSDT,1698047999999,LONG,-79268.98245833321,14648.7637500001,1698048000000,-0.005332819274665807,-0.013585413961342966,0.005010571960479416
AVAXUSDT,1698055199999,SHORT,15310.915666666755,-91296.57545833323,1698055200000,-0.006428952328893126,-0.0018123242979036494,-0.023898379223524932
AVAXUSDT,1698062399999,LONG,-66168.35745833324,3012.0219583334206,1698062400000,-0.0007990411931327893,-0.004904178372423447,0.05553747000711195
AVAXUSDT,1698065999999,SHORT,3012.0219583334206,-18447.828583333234,1698066000000,0.006717153934601822,-0.0068708261336554366,-0.05586416694697746
AVAXUSDT,1698101999999,LONG,-1272.8662500000016,48965.14633333326,1698102000000,-0.003582543663896643,0.004507049883001673,-0.0026385239581810604
AVAXUSDT,1698105599999,SHORT,48965.14633333326,-34488.97033333344,1698105600000,0.00037789324965526973,0.0143654660867607,-0.006871585376455843
AVAXUSDT,1699541999999,LONG,-32454.070208333393,43418.88124999994,1699542000000,-0.00847125219416943,-0.08615967189015375,-0.024006114326053096
AVAXUSDT,1699549199999,SHORT,45801.61645833341,-293172.5792916665,1699549200000,-0.013320697447538324,0.029258870479583917,-0.03630673895321672
AVAXUSDT,1700614799999,LONG,-302254.5338333321,37419.42258333438,1700614800000,0.013070741455734891,0.025972840540133622,0.041436809094634035
AVAXUSDT,1700650799999,SHORT,13768.912458334118,-122447.70674999927,1700650800000,0.013380954246313569,0.01122993168160959,-0.03170855026090636
AVAXUSDT,1700661599999,LONG,-96986.14833333304,74352.97129166692,1700661600000,-0.016109793490979577,-0.013664255376987004,0.03863048147021738
AVAXUSDT,1700672399999,SHORT,97801.65883333336,-227084.22658333345,1700672400000,-0.008158407572783188,-0.05794266303135518,-0.0507554072655242
AVAXUSDT,1700693999999,LONG,-371257.1722916672,51537.43791666635,1700694000000,-0.004990413427856828,0.00720165268243416,0.001721664700735858
AVAXUSDT,1700697599999,SHORT,51537.43791666635,-194688.18087500017,1700697600000,0.0037592217387026235,-0.001970349293050646,-0.0015381660406273987
AVAXUSDT,1701241199999,LONG,-100795.85566666648,77885.04395833351,1701241200000,-0.008051459555501541,-0.018219750150335196,-0.010275838711616136
AVAXUSDT,1701255599999,SHORT,21468.834291666706,-122160.85008333332,1701255600000,-0.011915923470028315,-0.002813746282570142,-0.00614185281096349
AVAXUSDT,1701406799999,LONG,-68218.12729166642,15328.911875000378,1701406800000,-0.014452476439038346,-0.010000529794247558,-0.01242640699469487
AVAXUSDT,1701410399999,SHORT,15328.911875000378,-92679.12258333294,1701410400000,-0.00512452798154135,-0.012984869466003794,0.009463721608804158
AVAXUSDT,1701424799999,LONG,-14986.706166666389,41824.725625000276,1701424800000,-0.008981895627285328,-0.007591355559770561,-0.024680379024915333
AVAXUSDT,1701428399999,SHORT,41824.725625000276,-7143.188333333121,1701428400000,-0.0027345080358980654,0.0010779250987579363,0.020819438907171813
AVAXUSDT,1701442799999,LONG,-14886.705791666443,31417.582125000383,1701442800000,-0.0011690648813493859,-0.016766751311756072,-0.013390835696779199
AVAXUSDT,1701453599999,SHORT,46096.40237500041,-97088.8114999996,1701453600000,0.004468364173713717,0.002277282820568595,-0.001227579776336718
AVAXUSDT,1702349999999,LONG,-348781.0029583347,232699.43641666602,1702350000000,-0.006836984186297499,-0.02921510244112834,-0.07642555474370301
AVAXUSDT,1702353599999,SHORT,232699.43641666602,-31880.604916666634,1702353600000,0.009261208880124912,0.024157394610226753,0.10875138742253913
AVAXUSDT,1702364399999,LONG,-5976.92391666801,31017.37304166549,1702364400000,-0.0017067347001553284,-0.009939855622399279,-0.08492072145497262
AVAXUSDT,1702371599999,SHORT,101150.45620833275,-5445.043750000807,1702371600000,0.006045420112850145,0.01678188991142928,0.09226706095376264
AVAXUSDT,1703087999999,LONG,-52017.547624999344,22176.012708333943,1703088000000,-0.020125768727299514,-0.017425015065933414,0.010274919338329162
AVAXUSDT,1703091599999,SHORT,22176.012708333943,-93432.40245833264,1703091600000,-0.036716490629104225,0.012859499043197647,-0.04533231414278022
AVAXUSDT,1703095199999,LONG,-93432.40245833264,155530.94725000067,1703095200000,-0.00737661112331136,-0.04467552044735501,-0.0056121043879274095
AVAXUSDT,1703102399999,SHORT,148003.45308333402,-67360.42612499946,1703102400000,0.0156302611450512,-0.010753910831212314,-0.04231641303474042
AVAXUSDT,1704776399999,LONG,-53998.15587500025,23088.394291666413,1704776400000,-0.008583743691391442,-0.01928192954945017,-0.05487030956630573
AVAXUSDT,1704779999999,SHORT,23088.394291666413,-73212.48700000027,1704780000000,0.007465345319860728,0.022041786524048382,0.05814010669652711
AVAXUSDT,1706086799999,LONG,-234727.6988749994,36159.7513333341,1706086800000,0.015566030807583961,0.021821163554162724,-0.01604462244284834
AVAXUSDT,1706104799999,SHORT,510.6868333337673,-89506.5843749997,1706104800000,0.005404631353458582,-0.009700082481153182,0.006476077420991844
AVAXUSDT,1706212799999,LONG,-11744.342333333372,78152.33704166669,1706212800000,0.001635965420658842,-0.0009173110327415821,0.0024529455808044364
AVAXUSDT,1706227199999,SHORT,932.0469166665958,-23692.049291666674,1706227200000,0.004236946544952245,-0.007249721518212374,-0.05533774132861301
AVAXUSDT,1706234399999,LONG,-27706.74033333338,19606.26424999993,1706234400000,0.015344233671101246,0.007930047782965896,0.040269137419730115
AVAXUSDT,1706349599999,SHORT,34401.13745833348,-128912.01037499984,1706349600000,-0.003043386094881551,-0.006819194486555493,-0.02478970762828464
AVAXUSDT,1706558399999,LONG,-33175.91062500072,127274.15079166608,1706558400000,0.0014182230099209054,0.002973174175673416,-0.005861027104474806
AVAXUSDT,1706561999999,SHORT,127274.15079166608,-17445.751041667147,1706562000000,0.00022236428921162802,0.005126930341967018,-0.007227645935348406
AVAXUSDT,1706871599999,LONG,-81135.54837499994,46030.48037500012,1706871600000,0.006226584022458825,-0.001416765290109087,0.019654018381494276
AVAXUSDT,1706878799999,SHORT,86729.60225000007,-48343.99908333318,1706878800000,0.015235519880228953,-0.005440574598673415,-0.023049306831085123
AVAXUSDT,1706914799999,LONG,-29660.03174999946,61138.22645833382,1706914800000,0.0005986394736603872,-0.0142550181075037,-0.027288591985847068
AVAXUSDT,1706929199999,SHORT,33221.91854166717,-75495.2210833329,1706929200000,0.005204308059148902,0.004011569751512936,0.017772550581461714
AVAXUSDT,1706968799999,LONG,-230206.488833333,69080.55216666711,1706968800000,-0.0008989774737358121,0.023313666922455498,0.022380498198226746
AVAXUSDT,1706972399999,SHORT,69080.55216666711,-52001.51924999986,1706972400000,-0.005857065519979136,-0.01603201638729244,-0.019869309044335287
AVAXUSDT,1706983199999,LONG,-71674.68024999993,124751.14858333343,1706983200000,-0.00807155798805209,-0.00829285812726795,-0.01930888140069822
AVAXUSDT,1706997599999,SHORT,42158.47291666669,-1288.2581249999348,1706997600000,0.0017167386190544741,-0.007496865496204658,0.009199492347032448
AVAXUSDT,1707303599999,LONG,-173.54187500001476,114601.02570833336,1707303600000,0.00035138063668597303,0.006451541111500811,0.032586683612881674
AVAXUSDT,1707335999999,SHORT,55700.88374999998,-37883.159458333335,1707336000000,-0.009370543052817834,-0.00690863765383133,-0.005178852311344411
AVAXUSDT,1707487199999,LONG,-218360.63912500002,4790.650083333254,1707487200000,-0.004175596374236248,0.01690030894863954,0.04409637410646307
AVAXUSDT,1707490799999,SHORT,4790.650083333254,-19032.093458333362,1707490800000,-0.014392593966620298,-0.023583859487912737,-0.050866672068732896
AVAXUSDT,1707494399999,LONG,-19032.093458333362,64384.11949999991,1707494400000,-0.00613941014965143,0.0137167661036751,0.04787989646507229
AVAXUSDT,1707569999999,SHORT,27627.89908333309,-17136.473958333565,1707570000000,-0.003861659090111162,-0.017222941137718502,-0.05102579561632003
AVAXUSDT,1707760799999,LONG,-66925.55658333348,6896.365625000054,1707760800000,0.00044215181265659626,-0.001918253502484591,0.010606678449612307
AVAXUSDT,1707764399999,SHORT,6896.365625000054,-86099.90799999978,1707764400000,0.009524821552267167,-0.00906996891138066,-0.008826571076419674
AVAXUSDT,1707775199999,LONG,-2127.471291666501,10162.738916666829,1707775200000,0.011405757932995765,0.02034596212104626,0.01979104323353284
AVAXUSDT,1707796799999,SHORT,157196.85058333343,-66986.83370833324,1707796800000,-0.013317210275551853,-0.0129523754808593,0.027837183889420827
AVAXUSDT,1707922799999,LONG,-290481.96645833395,97386.53120833267,1707922800000,-0.0036608604417954107,-0.007431413800025188,0.00552566546715471
AVAXUSDT,1707937199999,SHORT,59665.8753749994,-1953.419500000581,1707937200000,-0.0075030615795718585,-0.016797493630988047,-0.004752883476157274
AVAXUSDT,1707940799999,LONG,-1953.419500000581,43150.69212499948,1707940800000,0.0025522692066229733,0.009105777168489926,0.02553691462114243
AVAXUSDT,1707973199999,SHORT,80205.31924999955,-62528.73237500045,1707973200000,0.010302100126598221,-0.012689056255817252,0.003024640004311953
AVAXUSDT,1707994799999,LONG,-234280.52875000014,36185.15383333317,1707994800000,-0.007638853476776754,-0.00484588063825795,-0.04411958764194067
AVAXUSDT,1707998399999,SHORT,36185.15383333317,-102935.76370833356,1707998400000,0.009271682630029641,0.023652579373956394,0.03158256906188125
AVAXUSDT,1708271999999,LONG,-13495.297124999963,7788.649208333382,1708272000000,0.002133043122362747,-0.0027100624485517553,-0.00470378289164284
AVAXUSDT,1708282799999,SHORT,53850.076166666695,-19065.003041666583,1708282800000,0.0043474548953563955,-0.008908909780514071,0.004322558526490296
AVAXUSDT,1708628399999,LONG,-100356.05987500011,23187.511499999866,1708628400000,-0.005078052391701931,-0.011178991828792487,-0.02046878712289777
AVAXUSDT,1708631999999,SHORT,23187.511499999866,-27920.145500000257,1708632000000,-0.009546739173672074,0.014031152185461158,0.024108661582801966
AVAXUSDT,1708635599999,LONG,-27920.145500000257,28707.113583332935,1708635600000,-0.014194114356801091,-0.021462354024222884,-0.03822534925926162
AVAXUSDT,1708639199999,SHORT,28707.113583332935,-68677.53254166711,1708639200000,0.001400862298054927,0.013742846908088878,0.015436466194031606
AVAXUSDT,1708873199999,LONG,-98134.59829166655,9648.329750000112,1708873200000,-0.010632943249566172,-0.010334545102845899,-0.0033072992327832307
AVAXUSDT,1708876799999,SHORT,9648.329750000112,-61638.76616666656,1708876800000,0.0032336545344172156,-0.006328279225418073,-0.004601442683844125
AVAXUSDT,1710320399999,LONG,-145428.0940416654,107188.91791666827,1710320400000,-0.006010467028603568,0.001437152474944777,-0.012916096198609617
AVAXUSDT,1710327599999,SHORT,4941.747708334898,-31633.230666665204,1710327600000,0.0006859028696802531,0.020349457778458285,-0.0051569848954592925
AVAXUSDT,1710334799999,LONG,-29345.8582916654,23127.206375001,1710334800000,-0.0029873337232140884,-0.007002920314365338,0.03577299650839372
AVAXUSDT,1710338399999,SHORT,23127.206375001,-280323.9459999998,1710338400000,0.023827336080557572,0.001570947049499251,-0.06273634417514036
AVAXUSDT,1710766799999,LONG,-27326.01695833231,96179.83379166729,1710766800000,-0.03216774822854666,-0.008028259709172293,-0.06193599987104935
AVAXUSDT,1710770399999,SHORT,96179.83379166729,-158086.4335416664,1710770400000,0.01271727280480759,-0.018349432477732373,0.06378577057421299
AVAXUSDT,1712386799999,LONG,-22707.79529166654,41502.36675000014,1712386800000,-0.0025854045087142607,-0.005709510463860036,0.01681064572167479
AVAXUSDT,1712397599999,SHORT,11111.775166666892,-3342.6025416664197,1712397600000,0.0007872592085063708,0.006893561676027105,-0.019065450724033862
AVAXUSDT,1712419199999,LONG,-15645.87533333335,21875.099499999837,1712419200000,0.0015777458120294046,-0.002850397760415842,0.013188637344280529
AVAXUSDT,1712422799999,SHORT,21875.099499999837,-24445.52029166683,1712422800000,0.004136489055982444,0.0011415407887550317,-0.012123359898545832
AVAXUSDT,1713142799999,LONG,-5721.77183333342,19540.086833333364,1713142800000,-0.0023725450527012984,-0.023396908918319817,0.03605922005511283
AVAXUSDT,1713149999999,SHORT,2659.546208333457,-6868.230208333193,1713150000000,-0.00011150447423243705,-0.06049506423898025,-0.02271133639147335
AVAXUSDT,1713160799999,LONG,-49780.365083333185,17248.42016666693,1713160800000,0.0391199519865496,0.032432372758744,-0.027555134997678376
AVAXUSDT,1713167999999,SHORT,18825.660916666966,-84697.7231666663,1713168000000,0.0028395162713132304,0.0076612419841910655,0.06568397233720329
AVAXUSDT,1713455999999,LONG,-111316.80800000031,18608.97258333307,1713456000000,-0.008894813608155994,-0.0038351506652416537,-0.04185565527149874
AVAXUSDT,1713459599999,SHORT,18608.97258333307,-94223.8637083337,1713459600000,0.009353034057139187,-0.006807534655509294,0.01970521447121436
AVAXUSDT,1713473999999,LONG,-3546.5150416669203,9259.121874999799,1713474000000,0.0012873512384252823,-0.017820223477855317,0.012856060339173647
AVAXUSDT,1713491999999,SHORT,34433.32816666636,-43174.404208333544,1713492000000,0.0013397888791993906,-0.025921648397126566,-0.0734883254194904
AVAXUSDT,1713581999999,LONG,-17086.900333333335,7167.65295833322,1713582000000,0.006620461929325742,0.021722438361331725,0.014439863189727347
AVAXUSDT,1713603599999,SHORT,48766.4106249999,-39530.27004166677,1713603600000,0.0061098552801206844,0.014219923835151766,-0.06309010426706149
AVAXUSDT,1713607199999,LONG,-39530.27004166677,10743.747124999916,1713607200000,-0.0023751637021381883,-0.004841116398009307,0.07448311964554111
AVAXUSDT,1713661199999,SHORT,78314.98320833319,-8398.101083333488,1713661200000,-0.006162817891974553,-0.011160329542446116,0.013005056783517538
AVAXUSDT,1713664799999,LONG,-8398.101083333488,19432.97383333316,1713664800000,0.013566454829226889,0.0030277921581676145,-0.027481012969064085
AVAXUSDT,1713675599999,SHORT,3048.943624999762,-5095.932666666883,1713675600000,0.001969719492304021,0.011823837933628789,0.03576340221868299
AVAXUSDT,1713783599999,LONG,-15444.578999999794,83278.60383333355,1713783600000,-0.01400229465320985,-0.018816866072811845,0.0020241385348847367
AVAXUSDT,1713787199999,SHORT,83278.60383333355,-58260.39891666651,1713787200000,-0.003128689016730398,-0.0013090854956747965,-0.00568590815737079
AVAXUSDT,1714269599999,LONG,-17358.506083333283,80156.44820833346,1714269600000,0.00935428404328664,0.0030991760343211253,-0.003252971562302752
AVAXUSDT,1714273199999,SHORT,80156.44820833346,-33919.72033333321,1714273200000,0.004737316584854485,0.00682772010654931,0.014135422803836437
AVAXUSDT,1714330799999,LONG,-20929.69554166653,17788.78195833343,1714330800000,-0.008168887129791738,-0.03276147614309384,-0.06294290920300219
AVAXUSDT,1714334399999,SHORT,17788.78195833343,-20460.334666666593,1714334400000,-0.0013994204685690128,0.03043858324798871,0.052843810658713145
AVAXUSDT,1714399199999,LONG,-205828.7661250001,3573.4589166664905,1714399200000,0.027281573065481197,0.034329908932177584,0.0255261011554644
AVAXUSDT,1714402799999,SHORT,3573.4589166664905,-21250.944375000156,1714402800000,-0.004532553156900887,-0.00516204186119763,-0.0047328880029553835
AVAXUSDT,1714431599999,LONG,-103473.79350000015,44648.24895833324,1714431600000,0.007370236683522188,-0.0019154629410992549,-0.04504134464695641
AVAXUSDT,1714442399999,SHORT,77568.27937499988,-4963.914791666786,1714442400000,-0.006488309395041849,0.0022491358962219883,0.06306682793578346
AVAXUSDT,1714445999999,LONG,-4963.914791666786,29384.758666666497,1714446000000,-0.0029233920679506277,-0.0020913617225722277,-0.05309941851206263
AVAXUSDT,1714474799999,SHORT,73963.82187500007,-23082.14645833328,1714474800000,0.00653479543706943,0.010029511734462824,0.021350330092213383
AVAXUSDT,1714679999999,LONG,-57203.50941666689,11791.840416666508,1714680000000,-0.008271887204145548,-0.005497049899828563,-0.006570267269712304
AVAXUSDT,1714683599999,SHORT,11791.840416666508,-38433.93858333351,1714683600000,-0.005482404531019787,-0.005363540867501499,-0.003906313207808613
AVAXUSDT,1714849199999,LONG,-19225.967458333278,41756.28675000017,1714849200000,0.002200220909602559,-0.0038485911349426588,-0.007143754012823121
AVAXUSDT,1714859999999,SHORT,8519.84041666678,-79974.60887499987,1714860000000,0.001455055225461743,-0.007243686768160497,-0.0007267344374756976
AVAXUSDT,1714978799999,LONG,-22144.33999999989,4201.414500000149,1714978800000,0.008928630744301398,0.015703018298574057,-0.018395545950728565
AVAXUSDT,1715000399999,SHORT,36320.04841666661,-128976.3377083335,1715000400000,-0.009026837200231595,0.0072859581175865554,0.01454444474121111
AVAXUSDT,1715867999999,LONG,-80658.67325000011,10875.524458333268,1715868000000,-0.02113021852608656,-0.01774392828030998,-0.004080279994270156
AVAXUSDT,1715882399999,SHORT,4347.393874999795,-15193.67541666686,1715882400000,-0.0006758841850619979,-0.009653996518338336,-0.026399003515688007
AVAXUSDT,1715889599999,LONG,-24020.203583333565,6384.4905833331095,1715889600000,-0.0020400438398577906,0.002936176651923497,0.0818058951131708
AVAXUSDT,1715893199999,SHORT,6384.4905833331095,-14215.663625000161,1715893200000,-0.002040043839857921,-0.008164259361658682,-0.06832750051810242
AVAXUSDT,1715914799999,LONG,-23955.669666666752,22208.926708333252,1715914800000,0.006982946195662585,0.03842967523691633,0.06243699494655012
AVAXUSDT,1715965199999,SHORT,34395.453750000124,-18783.873499999812,1715965200000,0.005334507234144056,0.01234516142729081,-0.015327105795037509
AVAXUSDT,1716253199999,LONG,-20038.301083333365,16059.22266666661,1716253200000,-0.013820751932621288,-0.007010792591591685,0.005269001479637627
AVAXUSDT,1716256799999,SHORT,16059.22266666661,-65331.81654166671,1716256800000,0.003887298461004274,-0.025479242726523244,-0.015128656094810239
AVAXUSDT,1716267599999,LONG,-61913.42320833328,12338.601875000051,1716267600000,0.018594533949026115,0.005552953112168324,0.016811675775688976
AVAXUSDT,1716289199999,SHORT,34558.46462500006,-12705.67366666665,1716289200000,0.0042222806218345545,0.0010847324979505653,-0.017439746385646146
AVAXUSDT,1717293599999,LONG,-2533.537833333326,9607.725791666715,1717293600000,-0.002949362182494008,-0.0001389255500213628,-0.004231985601697305
AVAXUSDT,1717315199999,SHORT,5773.634000000078,-45289.076708333254,1717315200000,-0.0032697576815569284,-0.007001520951791993,0.017393707091768427
AVAXUSDT,1718096399999,LONG,-19817.73216666652,22706.748875000067,1718096400000,-0.001213233727389304,-0.010909596957574133,-0.02139942458275989
AVAXUSDT,1718125199999,SHORT,41510.03566666654,-8546.903833333403,1718125200000,0.0025735899680155517,-0.011468125495332031,-0.02393613101656098
AVAXUSDT,1718164799999,LONG,-24684.885291667073,50923.320374999545,1718164800000,0.003204728141805582,0.01331685825275815,0.052832531472137595
AVAXUSDT,1718189999999,SHORT,16404.916541666316,-26588.185375000332,1718190000000,0.007339539795136928,-0.04434081487444069,-0.03669099421344427
AVAXUSDT,1718211599999,LONG,-2487.883500000365,13101.51087499955,1718211600000,0.008135056474839248,-0.015023026136715016,-0.02862330862476662
AVAXUSDT,1718222399999,SHORT,44769.11766666634,-10420.258250000285,1718222400000,-0.014640037933405941,-0.018071502380519158,0.008264636808185368
AVAXUSDT,1718225999999,LONG,-10420.258250000285,61311.05908333303,1718226000000,0.0019279437228528046,0.0053529132718669525,-0.029902305931253537
AVAXUSDT,1718247599999,SHORT,52482.08599999978,-13227.463666666881,1718247600000,0.005338254738634063,0.013151397645387364,0.02152616056091351
AVAXUSDT,1718499599999,LONG,-54277.80399999998,4906.3059166666935,1718499600000,0.0020984968479046324,-0.0010342125060675384,0.001466080497171211
AVAXUSDT,1718503199999,SHORT,4906.3059166666935,-2353.1484999999907,1718503200000,0.0001331114810618544,-0.009933198685744134,-0.0007982970088663479
AVAXUSDT,1718506799999,LONG,-2353.1484999999907,6095.399833333329,1718506800000,-0.002566112084158625,0.012075243903381957,-0.0009323699519962771
AVAXUSDT,1718510399999,SHORT,6095.399833333329,-1150.87579166668,1718510400000,0.00026699596327217775,-0.012337237370020617,-0.0072814645191142564
AVAXUSDT,1718513999999,LONG,-1150.87579166668,20409.58658333334,1718514000000,0.012999254543639597,0.0029995023321977817,0.003165877842106621
AVAXUSDT,1718517599999,SHORT,20409.58658333334,-2955.1116666666735,1718517600000,-0.0019090884966149525,0.01259880069059405,0.01259880069059405
AVAXUSDT,1718837999999,LONG,-10889.491458333176,5574.016708333492,1718838000000,0.0005200594470852602,0.0005571962031940157,0.05918759012177211
AVAXUSDT,1718931599999,SHORT,4023.840625000283,-18084.150374999637,1718931600000,-0.013874482545937839,-0.02256550510885859,-0.007941464635657303
AVAXUSDT,1719021599999,LONG,-11715.970708333227,17955.242458333436,1719021600000,-0.0016148570323997334,-0.08759496030770639,-0.057393571661054514
AVAXUSDT,1719032399999,SHORT,12620.086875000075,-19890.06054166658,1719032400000,0.04783282663867606,0.03973981298477971,0.007468866709641229
AVAXUSDT,1719241199999,LONG,-57849.87154166676,32998.160999999884,1719241200000,-0.023278499302251697,-0.008990761960501463,0.01978820258954202
AVAXUSDT,1719251999999,SHORT,32912.80258333322,-48018.31308333339,1719252000000,-0.0038425829741621617,-0.02275615917062588,-0.0372587735034428
AVAXUSDT,1719532799999,LONG,-6069.709333333575,1464.6101249997348,1719532800000,-0.004597544106377133,0.0021478440331543875,0.02365633173988201
AVAXUSDT,1719536399999,SHORT,1464.6101249997348,-25923.135250000323,1719536400000,-0.00670962851571884,-0.01020800783778454,-0.03206140817300076
AVAXUSDT,1719572399999,LONG,-24646.623875000474,70313.34091666616,1719572400000,0.000840306761396057,-0.011909936410713196,-0.0173481129223022
AVAXUSDT,1719658799999,SHORT,72919.61258333312,-6764.587875000201,1719658800000,-0.0013177344001273164,0.015081075774845618,0.011902341701064476
AVAXUSDT,1719662399999,LONG,-6764.587875000201,9662.494624999817,1719662400000,-0.010339429890900887,-0.01181496684009561,-0.012103130519058166
AVAXUSDT,1719665999999,SHORT,9662.494624999817,-38254.65275000009,1719666000000,0.0010074480037498194,-0.0016169895184950348,0.002124022038750364
AVAXUSDT,1719737999999,LONG,-18137.814958333387,24624.733249999972,1719738000000,0.00021169995139390084,-0.005165227644568357,0.009132804354677785
AVAXUSDT,1719820799999,SHORT,88068.1489583333,-6021.7615416666185,1719820800000,-0.006470778449511618,0.0016495265560416317,0.007359676715631854
AVAXUSDT,1719925199999,LONG,-39397.21883333354,25032.068541666453,1719925200000,-0.000530082175147413,-0.0030429575529116147,0.01653798948243157
AVAXUSDT,1720011599999,SHORT,17523.537208333146,-106085.07854166681,1720011600000,-0.010746636653874715,-0.0008907033433551457,0.014887684264871717
AVAXUSDT,1720234799999,LONG,-87340.19650000043,11867.649541666382,1720234800000,-0.0033854458302813844,0.01707017185260549,0.0242367069064491
AVAXUSDT,1720249199999,SHORT,6866.060666666289,-5856.975250000367,1720249200000,0.0021130075164970752,-0.006778366428521168,-0.05071852892099608
AVAXUSDT,1720252799999,LONG,-5856.975250000367,5688.302124999696,1720252800000,-0.004357476421977834,0.0077259632001089144,0.05735425035625137
AVAXUSDT,1720267199999,SHORT,28133.675166666468,-986.3636250001922,1720267200000,-0.0020192613260639875,-0.009863347992200908,-0.06260280760229278
AVAXUSDT,1720270799999,LONG,-986.3636250001922,10580.065958333143,1720270800000,0.0056861191786553075,0.028225829747724925,0.04790496222923585
AVAXUSDT,1720274399999,SHORT,10580.065958333143,-33062.59945833351,1720274400000,0.006113150663393735,-0.03632355999212829,-0.03244758614743538
AVAXUSDT,1720285199999,LONG,-18651.98779166678,14835.700624999881,1720285200000,0.013745277360798938,0.027854468017017332,0.0026739494324147873
AVAXUSDT,1720349999999,SHORT,25651.572541666625,-23.17025000010229,1720350000000,0.0028822835487913243,0.02854099121934584,0.02710026515583519
AVAXUSDT,1720353599999,LONG,-23.17025000010229,19639.139083333215,1720353600000,-0.004300918194701104,-0.01816629116953303,-0.022818183571492696
AVAXUSDT,1720360799999,SHORT,17356.480791666585,-19355.309166666662,1720360800000,0.003539689013928662,-0.01785624292402538,0.029394181172471397
AVAXUSDT,1720483199999,LONG,-3635.306999999797,14812.647541666907,1720483200000,-0.009774078968126676,0.0010316642451412461,0.017785241568443116
AVAXUSDT,1720515599999,SHORT,3239.4139166668756,-3283.9972083331472,1720515600000,0.005953904153095145,0.009355334468040367,-0.01478883920076113
AVAXUSDT,1720555199999,LONG,-38025.05412499991,25604.58875000007,1720555200000,0.002449668223404323,0.01260512891274496,0.028523173469885713
AVAXUSDT,1720558799999,SHORT,25604.58875000007,-27359.73266666662,1720558800000,-0.006401972936255253,0.002794634592604549,-0.022827899815836394
AVAXUSDT,1720569599999,LONG,-5146.167374999961,14537.05791666671,1720569600000,-0.012950095281945276,0.015918044557140822,0.016923163301602172
AVAXUSDT,1720580399999,SHORT,15700.476583333357,-21583.0569166667,1720580400000,-0.014292120163629119,-0.027464323788075447,0.011704929560815062
AVAXUSDT,1720828799999,LONG,-9867.34170833327,5207.150958333397,1720828800000,-0.0013493977951183251,-0.002855160516640836,-0.0071920501796414555
AVAXUSDT,1720839599999,SHORT,16534.88129166667,-16785.153374999994,1720839600000,0.0005794078613918841,0.008453922455051336,0.005420906948006235
AVAXUSDT,1720843199999,LONG,-16785.153374999994,14666.712666666639,1720843200000,-0.010565256560650195,-0.003522288869298037,0.011333851657785058
AVAXUSDT,1720846799999,SHORT,14666.712666666639,-7214.142625000018,1720846800000,-0.004441508061182926,-0.009946464781618711,-0.013150173012474776
AVAXUSDT,1720850399999,LONG,-7214.142625000018,20243.733500000013,1720850400000,-0.001712062675003122,0.01978585658759409,0.003725266240622573
AVAXUSDT,1720897199999,SHORT,37596.485541666545,-15410.629333333462,1720897200000,0.00011621825801914779,-0.008409245666633853,-0.007909754752746636
AVAXUSDT,1720900799999,LONG,-15410.629333333462,17302.089458333194,1720900800000,-0.00446489977469174,0.0007357639691417977,0.008102208758054369
AVAXUSDT,1720904399999,SHORT,17302.089458333194,-3890.388583333484,1720904400000,-0.0018661073761537513,-0.008987431689284063,-0.015752005105309122
AVAXUSDT,1720907999999,LONG,-3890.388583333484,16973.965958333207,1720908000000,0.011046848530087772,0.011699652731217406,0.018814397963330568
AVAXUSDT,1720911599999,SHORT,16973.965958333207,-30849.774708333407,1720911600000,0.007827451328003153,0.005584777740900166,0.002730718413858722
AVAXUSDT,1721087999999,LONG,-61457.26083333356,46318.36908333314,1721088000000,-0.00010784578063839348,0.00762747426778242,-0.02117961286547832
AVAXUSDT,1721159999999,SHORT,28651.16262499988,-109629.41254166677,1721160000000,3.545282116200358e-05,0.007544251290353796,-0.01586246220320077
AVAXUSDT,1721573999999,LONG,-118977.70570833345,76766.10045833331,1721574000000,0.01286985589470939,0.002939545507624875,0.05976995710479426
AVAXUSDT,1721584799999,SHORT,178618.76804166674,-130683.02187500025,1721584800000,0.0006846524026510024,-0.06400265748268891,-0.04763638627332373
AVAXUSDT,1721591999999,LONG,-104923.93137500055,32035.585541666176,1721592000000,0.016287463231653174,0.027971243660893864,0.005281038301613786
AVAXUSDT,1721595599999,SHORT,32035.585541666176,-20822.00566666713,1721595600000,-0.014224377764509064,-0.008429748394437305,0.015972333868442743
AVAXUSDT,1721707199999,LONG,-30216.726833333534,32834.7321666665,1721707200000,-0.019960993950229454,-0.05379017458613769,-0.0577453544290656
AVAXUSDT,1721710799999,SHORT,32834.7321666665,-208858.06366666674,1721710800000,0.017483243208490647,0.024530442951034286,0.0626957882888857
AVAXUSDT,1721725199999,LONG,-94212.57254166673,15770.81545833339,1721725200000,-0.004671302900264051,-0.01005560298253428,-0.021744284264330206
AVAXUSDT,1721739599999,SHORT,102503.16175000009,-21601.215374999796,1721739600000,0.011322749671412247,0.02807682217030263,0.03780743787024792
AVAXUSDT,1721746799999,LONG,-36679.32724999974,82129.63933333354,1721746800000,-0.013286507271812261,-0.027823629365895084,-0.06666777569187168
AVAXUSDT,1721750399999,SHORT,82129.63933333354,-116825.22658333303,1721750400000,0.02484537543048849,0.013633703016231733,0.04457487183045712
AVAXUSDT,1722031199999,LONG,-46855.54833333361,6613.663916666449,1722031200000,-0.0003155514287355148,0.00024536006712768684,0.005488660670188187
AVAXUSDT,1722056399999,SHORT,25247.149833333195,-4494.332375000212,1722056400000,0.006170694848512535,0.0013990908193371727,0.0004894591574135221
AVAXUSDT,1722092399999,LONG,-9363.855416666871,18069.64695833313,1722092400000,-0.015146067654282868,-0.03373546014473073,-0.04503581848282857
AVAXUSDT,1722095999999,SHORT,18069.64695833313,-90379.06550000019,1722096000000,0.008184349235034475,0.021172230446901506,0.03835951148110612
AVAXUSDT,1722229199999,LONG,-28108.013708333176,64665.00416666673,1722229200000,0.011105153699383466,0.013171523404088765,-0.03411183450686303
AVAXUSDT,1722243599999,SHORT,6654.035375000055,-22337.070166666603,1722243600000,-0.0071817349536274005,-0.0021669238172928647,0.04252766910916338
AVAXUSDT,1722247199999,LONG,-22337.070166666603,51099.48250000004,1722247200000,-0.003689142109059473,-0.014028321217789456,-0.05161148211001775
AVAXUSDT,1722254399999,SHORT,35129.84625000006,-4387.340708333261,1722254400000,-0.003462328812446154,0.036388405057365465,0.05642503735011086
AVAXUSDT,1722913199999,LONG,-49049.56495833269,23178.176291667198,1722913200000,-0.004256678883724086,0.020728884651416948,0.025737600729992805
AVAXUSDT,1722916799999,SHORT,23178.176291667198,-40791.55245833285,1722916800000,-0.0077654171569324516,-0.029516912320634154,-0.03388684280108158
AVAXUSDT,1722923999999,LONG,-14115.586083332853,3915.8663333337367,1722924000000,0.008211133503281592,-0.012420109201077225,0.018108906430856084
AVAXUSDT,1722992399999,SHORT,13697.10741666654,-7055.696041666903,1722992400000,-0.014100843395123375,-0.027539000793398057,-0.00912157999551594
AVAXUSDT,1723129199999,LONG,-79177.33124999993,97827.6812500001,1723129200000,0.025583220161017446,0.017112667465403294,0.04253622670903629
AVAXUSDT,1723179599999,SHORT,15389.769625000035,-4409.360208333237,1723179600000,-0.0027597644120093824,-0.005007935852824564,0.008232402427629293
AVAXUSDT,1723348799999,LONG,-19924.847333333328,70112.29620833334,1723348800000,-0.0011839709944082338,0.0037249066417733468,-0.03190579493446298
AVAXUSDT,1723377599999,SHORT,29324.56449999998,-20139.45616666674,1723377600000,0.007890224346150798,0.02207287401822406,0.06513311525266986
AVAXUSDT,1723571999999,LONG,-5434.49933333336,2529.1501249999856,1723572000000,-0.0074585466031859855,-0.001766374279749362,-0.013606924453962901
AVAXUSDT,1723579199999,SHORT,34582.15379166667,-20983.870791666657,1723579200000,0.003710056618986982,-0.0015925061913607667,0.0026284924779096555
AVAXUSDT,1723586399999,LONG,-33996.208916666685,29213.91679166669,1723586400000,-0.004008768711598642,-0.013629868386636114,-0.006534140675250143
AVAXUSDT,1723593599999,SHORT,15582.705125000057,-16709.530499999953,1723593600000,-0.002057132896188824,0.0034692955565897555,-0.008528140788905667
AVAXUSDT,1723633199999,LONG,-26300.871291666623,3880.274708333367,1723633200000,0.00041772064379415314,-0.017278541910221507,-0.02462646186068749
AVAXUSDT,1723643999999,SHORT,4563.503125000124,-60514.046958333194,1723644000000,-0.004022817133863104,-0.0028413145979701913,0.012214475060100179
AVAXUSDT,1723841999999,LONG,-27710.18516666679,6569.115041666509,1723842000000,-0.0026363340954038378,-0.007487738999380127,-0.0010244153192272005
AVAXUSDT,1723845599999,SHORT,6569.115041666509,-28935.054916666802,1723845600000,0.0007335142997410307,0.0014186134212280537,-0.00307489809594313
AVAXUSDT,1723859999999,LONG,-238.31591666683866,24384.968749999825,1723860000000,-0.0004896440385738907,0.0049807222454446645,0.0005383316742433756
AVAXUSDT,1723877999999,SHORT,17346.933249999827,-8516.298833333489,1723878000000,-0.0007785130794136617,0.0060051443736266205,0.0017051133159550144
AVAXUSDT,1723899599999,LONG,-5940.0572083334655,5291.74612499986,1723899600000,-0.0010269200638396902,0.004778399067249679,0.013978095965673412
AVAXUSDT,1723903199999,SHORT,5291.74612499986,-323.6479583334003,1723903200000,-0.003126529171192418,-0.006000164346447139,-0.006632229518821134
AVAXUSDT,1723906799999,LONG,-323.6479583334003,10548.143583333227,1723906800000,-0.0024901748665377365,0.00014628794369625094,0.01385077109128963
AVAXUSDT,1723921199999,SHORT,224.88279166659535,-1220.673708333401,1723921200000,-0.00228883199096377,-0.0018996133424771997,-0.012548310288254339
AVAXUSDT,1723942799999,LONG,-8717.64220833337,18983.92195833326,1723942800000,-0.00842171378031544,-0.004444022384867164,0.01743910801679221
AVAXUSDT,1723946399999,SHORT,18983.92195833326,-28200.618375000067,1723946400000,-0.010540154630350847,-0.009577783273234027,-0.028178977773131445
AVAXUSDT,1723985999999,LONG,-19809.69624999998,14054.529708333352,1723986000000,0.002318155976024068,0.005008042216016607,-0.02178631092150413
AVAXUSDT,1723993199999,SHORT,2704.9989166666637,-13282.386166666673,1723993200000,-0.0017458187367653908,-0.0017929607520952623,0.014843985390381129
AVAXUSDT,1724104799999,LONG,-20013.630500000145,5987.091499999864,1724104800000,0.010011047998570092,0.038534981144387,0.05757621760865526
AVAXUSDT,1724155199999,SHORT,36133.16495833315,-5772.564666666828,1724155200000,-0.005306736572130033,0.010055388897834404,-0.011664839744362889
AVAXUSDT,1724158799999,LONG,-5772.564666666828,15163.528166666472,1724158800000,0.0030713664613960636,-0.010184683834165504,0.010664008008585602
AVAXUSDT,1724165999999,SHORT,9949.952124999836,-28028.512833333498,1724166000000,-0.0002756592868689989,-0.029831339599471693,-0.040169297987171455
AVAXUSDT,1724176799999,LONG,-43980.46054166687,8762.836291666454,1724176800000,0.003842893151439862,0.005669784603071265,0.03480103956527288
AVAXUSDT,1724191199999,SHORT,18835.299583333097,-34157.81162500024,1724191200000,0.0015593329216070087,-0.0014680044452210976,-0.023320310596830804
AVAXUSDT,1724241599999,LONG,-22926.380000000045,8245.568791666612,1724241600000,0.010137794310790031,0.009314945040655213,0.028071262184266182
AVAXUSDT,1724263199999,SHORT,57822.03720833346,-5597.115916666575,1724263200000,-0.0005122076260182729,-0.007274306244630604,0.00788688185927544
AVAXUSDT,1724284799999,LONG,-45531.54449999988,3708.4601250000997,1724284800000,8.503401365680053e-05,-0.012794628850004383,-0.00012756457974134942
AVAXUSDT,1724288399999,SHORT,3708.4601250000997,-11701.206416666586,1724288400000,0.0032790405192239043,0.006954101277032926,-0.006610473667455855
AVAXUSDT,1724335199999,LONG,-68697.01187500004,228487.920583333,1724335200000,-0.003541536219340015,-0.027037477588270624,0.05730124292733494
AVAXUSDT,1724421599999,SHORT,99117.33808333283,-188951.1548333336,1724421600000,0.010410206694797816,-0.0005309466144146401,-0.00011379800865763212
AVAXUSDT,1724453999999,LONG,-7131.056666666991,3354.40320833299,1724454000000,-0.006060966847938991,-0.010261143299879733,0.0210940679318814
AVAXUSDT,1724457599999,SHORT,3354.40320833299,-31427.783875000354,1724457600000,0.0004910014639841011,0.009370504271504803,-0.037028227206588625
AVAXUSDT,1724486399999,LONG,-37965.40662499998,32975.78045833336,1724486400000,0.0004886024189061956,0.032620029121929184,0.0313456565778545
AVAXUSDT,1724489999999,SHORT,32975.78045833336,-36236.235791666666,1724490000000,-0.014142290594378628,-0.03137047948581534,-0.026844263553010922
AVAXUSDT,1724493599999,LONG,-36236.235791666666,53589.578708333276,1724493600000,0.008228676898837923,0.012884878598122993,-0.00643065128430388
AVAXUSDT,1724507999999,SHORT,35794.5762916666,-88813.80916666675,1724508000000,-0.005508047995054844,-0.005580799077259383,0.02305161731870989
AVAXUSDT,1724785199999,LONG,-3200.841624999923,36540.04666666675,1724785200000,-0.007409174433931789,-0.06492452100506199,-0.07345966035579027
AVAXUSDT,1724792399999,SHORT,25235.37425000007,-8580.758041666626,1724792400000,0.028289241173498497,0.06179902007237656,0.0575692673416387
AVAXUSDT,1725116399999,LONG,-55271.95941666647,4263.415708333516,1725116400000,0.002129648543780008,-0.01605227222785338,-0.024398973144871574
AVAXUSDT,1725152399999,SHORT,3756.175833333303,-26381.22291666671,1725152400000,0.010242462947273866,0.017233785704355947,0.02256569788141239
AVAXUSDT,1725317999999,LONG,-68690.15083333338,37170.09674999993,1725318000000,-0.0045086342919947175,0.002313374107602787,-0.005224742275870951
AVAXUSDT,1725379199999,SHORT,4933.299000000018,-18511.379749999982,1725379200000,0.0012982799616499487,-0.01046357699485027,0.00697482600678785
AVAXUSDT,1725501599999,LONG,-49716.500375000236,27848.61179166658,1725501600000,-0.008048241692319408,-0.011478149246186994,-0.008093896496354195
AVAXUSDT,1725519599999,SHORT,19033.596583333292,-4832.847875000017,1725519600000,-0.0022990629953886124,0.003412343069499921,0.005631997160018264
AVAXUSDT,1725742799999,LONG,-9712.791208333278,5906.885333333358,1725742800000,-0.0018917989261930219,0.005057947144986489,0.05841762776554851
AVAXUSDT,1725854399999,SHORT,18586.310500000294,-314.00191666635993,1725854400000,0.006107606488796535,-0.008395571701638155,-0.003824909040562856
AVAXUSDT,1725857999999,LONG,-314.00191666635993,12743.095958333657,1725858000000,-0.004895655230206571,0.03589017694176501,0.03382158160729285
AVAXUSDT,1725861599999,SHORT,12743.095958333657,-65992.62112499971,1725861600000,-0.010875257038982055,-0.02478815721844746,-0.035273892980200894
AVAXUSDT,1725879599999,LONG,-9890.573291666456,11598.468333333576,1725879600000,-0.008609700188304214,-0.020490355886359946,0.001754826221189512
AVAXUSDT,1725883199999,SHORT,11598.468333333576,-32352.93862499972,1725883200000,-0.000885384884028832,0.005625715406070468,-0.005090782393512987
AVAXUSDT,1725886799999,LONG,-32352.93862499972,54379.69266666697,1725886800000,0.000252855157485248,0.017547241671284214,0.0007583737460583465
AVAXUSDT,1725904799999,SHORT,46938.79354166713,-57792.987083332846,1725904800000,0.0028297979765827294,0.0015387497577743668,0.01208233933597534
AVAXUSDT,1726016399999,LONG,-23605.647583333543,6409.229333333089,1726016400000,-0.01972564733468086,-0.034917304405349514,-0.038783480224805544
AVAXUSDT,1726019999999,SHORT,6409.229333333089,-59769.62387500028,1726020000000,-0,0.023837822032448,0.036276382195577564
AVAXUSDT,1726145999999,LONG,-7847.716916666657,16879.064916666695,1726146000000,4.242951397610542e-05,0.0082398894299779,0.013277049054276222
AVAXUSDT,1726192799999,SHORT,3527.1856249998673,-30761.09625000012,1726192800000,0.005576417460931289,0.0057025606335994,-0.006709057356106869
AVAXUSDT,1726264799999,LONG,-63565.69691666672,9000.519624999937,1726264800000,0.002038736689848309,-0.005175434311845813,-0.005094990260640095
AVAXUSDT,1726268399999,SHORT,9000.519624999937,-59744.165875000064,1726268400000,0.005766936287161838,0.006088298867255293,0.013144068487833416
AVAXUSDT,1726286399999,LONG,-805.3181666667418,15192.001416666588,1726286400000,-0.0013993565244552874,-0.004524985196148074,0.01691631900738382
AVAXUSDT,1726289999999,SHORT,15192.001416666588,-7122.362708333414,1726290000000,0.005375494330518605,0.009082933596249943,-0.02094338114056677
AVAXUSDT,1726315199999,LONG,-25441.767458333477,15593.788874999775,1726315200000,0.0027132662888394955,0.03176897385923278,0.026293609107740968
AVAXUSDT,1726340399999,SHORT,31044.530291666666,-15493.343374999977,1726340400000,0.003163183215564499,0.0054230711830020465,0.016759612839024246
AVAXUSDT,1726743599999,LONG,-12731.93762500002,21728.25124999999,1726743600000,0.004546417504692034,0.0024477007669435895,0.021629221431966963
AVAXUSDT,1726793999999,SHORT,12376.728333333624,-77195.45479166652,1726794000000,-0.0015350346524944404,-0.05059238561380113,-0.05066362336984175
AVAXUSDT,1726804799999,LONG,-16259.416541666607,54951.73091666672,1726804800000,0.00862151404305181,0.012780410999955178,-0.023336330873716053
AVAXUSDT,1726840799999,SHORT,32803.331791666686,-44841.34466666662,1726840800000,0.0010887712478607119,0.024231149926886502,0.012078895921725594
AVAXUSDT,1726844399999,LONG,-44841.34466666662,49257.33466666669,1726844400000,-0.012789767266545089,-0.01352557540099031,-0.0117605446063099
AVAXUSDT,1726855199999,SHORT,12503.369708333514,-8211.029333333136,1726855200000,-0.009689424919316465,-0.021179598171018933,-0.007773786094416336
AVAXUSDT,1726862399999,LONG,-1106.8467916663892,4116.477125000286,1726862400000,0.007868844838065166,0.020678802021378246,0.006072557902365965
AVAXUSDT,1726891199999,SHORT,12287.757791666974,-37383.133958333055,1726891200000,0.0018423675943473117,-0.0033077320760840174,-0.01436401955821009
AVAXUSDT,1726927199999,LONG,-76912.93983333308,21825.76854166693,1726927200000,0.0060081848632872895,-0.008843841621594704,-0.01380735546149272
AVAXUSDT,1726930799999,SHORT,21825.76854166693,-60252.40658333306,1726930800000,0.011617130433556886,0.014524426154351795,0.026717689761383074
AVAXUSDT,1726977599999,LONG,-34854.31266666675,5838.858708333243,1726977600000,0.002967633019333578,0.004502945501061274,-0.014785513677112738
AVAXUSDT,1726988399999,SHORT,19915.628249999932,-8614.907458333395,1726988400000,-0.007148255295534846,0.009351216707684221,0.004535322388366865
AVAXUSDT,1727369999999,LONG,-18773.546666666633,63406.990708333346,1727370000000,-0.011369631520298646,-0.0136244239073877,0.0075425691619464535
AVAXUSDT,1727495999999,SHORT,14261.647541666869,-50120.361041666474,1727496000000,0.0031855614939740443,0.024719945325423383,0.02421068526926278
AVAXUSDT,1728219599999,LONG,-60744.70054166665,2822.393958333356,1728219600000,-0.007044006901354564,0.0028861130624101513,0.020839117505351522
AVAXUSDT,1728327599999,SHORT,33277.93979166658,-32238.515041666764,1728327600000,-0.010155758154662443,0.005903469543812955,0.00924425078951257
AVAXUSDT,1728331199999,LONG,-32238.515041666764,12751.64070833323,1728331200000,-0.009149736926029507,-0.02135551203201062,-0.02263712855181396
AVAXUSDT,1728345599999,SHORT,12069.442874999912,-10153.419625000059,1728345600000,-0.013432563110028236,-0.01995255360730953,-0.005746818452880987
AVAXUSDT,1728349199999,LONG,-10153.419625000059,28388.045916666626,1728349200000,0.001559830963223398,-0.0007808288336635215,-0.018190843847203732
AVAXUSDT,1728352799999,SHORT,28388.045916666626,-4480.85062500004,1728352800000,-0.0072103697545726495,0.014126851273218824,0.006926370135017341
AVAXUSDT,1728356399999,LONG,-4480.85062500004,1806.411583333315,1728356400000,-0.0021761991510818642,-0.02028467117150566,-0.02190276405686455
AVAXUSDT,1728363599999,SHORT,2830.4663333332865,-30252.490291666705,1728363600000,0.011786191476331911,0.012388578452869874,0.013368231884648104
AVAXUSDT,1728665999999,LONG,-46614.83983333345,6929.8160833332995,1728666000000,0.00662944699881221,0.021807487501286266,0.0617296586334562
AVAXUSDT,1728784799999,SHORT,65641.03937500033,-62869.639624999756,1728784800000,-0.011937539824740006,-0.011868545758202351,-0.00962364333205932
AVAXUSDT,1728788399999,LONG,-62869.639624999756,108244.30433333351,1728788400000,-0.006784145641725208,-0.002383050394717181,-0.01732819975635609
AVAXUSDT,1728925199999,SHORT,63133.81212500009,-79862.14583333326,1728925200000,-0.00020604395677283584,-0.0003777148297975776,0.008900293332586231
AVAXUSDT,1729421999999,LONG,-29406.956541666743,30.106749999938376,1729422000000,0.005884152990014903,0.01491028368244349,0.030642673610956878
AVAXUSDT,1729429199999,SHORT,39825.22858333329,-30765.949250000045,1729429200000,-0.006726562984852548,-0.012522237797269539,-0.04811467045619261
AVAXUSDT,1729450799999,LONG,-11598.26562499998,15905.157250000027,1729450800000,-0.0009891547067156009,0.01777824602128397,0.012631303690476065
AVAXUSDT,1729457999999,SHORT,9131.027875000029,-6366.95279166666,1729458000000,-0.00021073335284507884,-0.02631137794857065,-0.0015443476446959585
AVAXUSDT,1729461599999,LONG,-6366.95279166666,24507.104833333357,1729461600000,0.012355315624610936,0.02147108607927169,0.0006670294617938682
AVAXUSDT,1729504799999,SHORT,59659.259083333505,-7931.449124999887,1729504800000,0.006337156822734289,0.027142617790886458,0.01984895391146015
AVAXUSDT,1730041199999,LONG,-50393.06799999998,15645.923708333334,1730041200000,0.004859946192024172,-0.00206776891263492,-0.006373059320029452
AVAXUSDT,1730055599999,SHORT,35112.768499999955,-1236.815375000054,1730055600000,-0.002184684674961459,-0.006656181520104956,0.01004836338715907
AVAXUSDT,1730059199999,LONG,-1236.815375000054,14467.872791666605,1730059200000,-0.002457818461506908,0.0031123585659233494,0.0028015582526211835
AVAXUSDT,1730062799999,SHORT,14467.872791666605,-1092.7377500000584,1730062800000,-0.0044428928455224346,-0.005880651744032681,-0.008246506979078085
AVAXUSDT,1730066399999,LONG,-1092.7377500000584,10091.595666666602,1730066400000,0.0022915746147617417,-0.004091260163301205,0.01505122578352208
AVAXUSDT,1730073599999,SHORT,10899.761249999923,-7715.884875000086,1730073600000,-0.000349534927923128,0.021635412097820408,-0.017443310144167327
AVAXUSDT,1730077199999,LONG,-7715.884875000086,1733.5868749999015,1730077200000,-0.005490133521394982,-0.018735360271415563,0.017742494019403227
AVAXUSDT,1730080799999,SHORT,1733.5868749999015,-5199.5593333334355,1730080800000,0.004617680585263908,0.010518563168070406,-0.015573259649883807
AVAXUSDT,1730102399999,LONG,-52506.669833333464,3627.369166666506,1730102400000,0.0029873351540580695,0.017715255135256992,0.004535682602818209
AVAXUSDT,1730127599999,SHORT,69487.22408333316,-67364.08225000023,1730127600000,0.013022282719118743,0.009546056193424047,-0.03551073012652349
AVAXUSDT,1730159999999,LONG,-3933.6276250001974,9164.31187499982,1730160000000,0.004029657610221316,0.020473126335337398,0.018530580242776155
AVAXUSDT,1730199599999,SHORT,25713.51649999987,-2644.3313333334713,1730199600000,-0.0029584158488138524,0.005566016626293621,-0.004788994486464918
AVAXUSDT,1730203199999,LONG,-2644.3313333334713,10460.341041666494,1730203200000,-0.00494827820287597,-0.0005984888336047087,0.004737842516110493
AVAXUSDT,1730206799999,SHORT,10460.341041666494,-388.5385833334876,1730206800000,-0.0010517222920387063,-0.014624397929251217,-0.0012769475182159114
AVAXUSDT,1730213999999,LONG,-959.2045833334947,104478.72695833321,1730214000000,0.007850837611948606,0.020048831920081542,0.003125179040732813
AVAXUSDT,1730242799999,SHORT,59469.81349999978,-19369.195916666842,1730242800000,-0.0028698702166807346,0.007192119704250035,0.017964216686161227
AVAXUSDT,1730797199999,LONG,-1938.7846666665475,76614.86675000006,1730797200000,-0.0022367524810707317,0.0045440983580370955,0.028380912864512588
AVAXUSDT,1730858399999,SHORT,18146.544375000132,-16393.35941666648,1730858400000,-0.03527857186006127,-0.0623348912314747,-0.07113048950550206
AVAXUSDT,1730861999999,LONG,-16393.35941666648,54829.42666666685,1730862000000,0.025576051227382057,0.022864107470962635,0.01918551957748645
AVAXUSDT,1730883599999,SHORT,2745.8567083336916,-32796.98137499953,1730883600000,-0.008745456698777326,-0.018897053248026215,-0.026989976441315018
AVAXUSDT,1730887199999,LONG,-32796.98137499953,4140.7540000005,1730887200000,0.005050129334369494,0.016018605619514327,0.02570991428559166
AVAXUSDT,1730905199999,SHORT,4444.147666667239,-81847.7121249995,1730905200000,-0.0038311287377544414,-0.01727658177433194,-0.07164557596277857
AVAXUSDT,1730944799999,LONG,-9033.121083332808,42410.22333333389,1730944800000,0.018536412455409965,-0.01009703109006271,-0.030639719640590774
AVAXUSDT,1730948399999,SHORT,42410.22333333389,-29329.23449999944,1730948400000,0.010055388897834404,0.03697924798188309,0.04326518488000373
AVAXUSDT,1732280399999,LONG,-312577.5691249997,34584.27695833341,1732280400000,-0.03018259912057106,0.00731713669394252,0.09549035540672593
AVAXUSDT,1732283999999,SHORT,34584.27695833341,-327744.72237499966,1732284000000,-2.619206642440725e-05,-0.0386372581663029,-0.15009762089742068
AVAXUSDT,1732291199999,LONG,-204840.17162499976,74078.86891666679,1732291200000,0.0025764096090433028,0.00010116082050047048,0.10712935424506212
AVAXUSDT,1732298399999,SHORT,86547.17479166672,-87175.8739166668,1732298400000,0.01608286802892966,-0.036137179639786444,-0.09879601812743109
AVAXUSDT,1732319999999,LONG,-73006.03654166653,1854.341541666848,1732320000000,0.0020114916091746268,0.01839121753241,-0.02026977953495679
AVAXUSDT,1732323599999,SHORT,1854.341541666848,-169899.10587499975,1732323600000,-0.024369189850934052,-0.015311567128218337,0.011686257175762048
AVAXUSDT,1734022799999,LONG,-119635.78308333333,160953.0734166669,1734022800000,0.015835863640578787,-0.00871894146662825,-0.010415294714806686
AVAXUSDT,1734058799999,SHORT,84638.25650000013,-118364.70874999992,1734058800000,0.008901742525474253,0.028284018336958948,0.009948633830057715
AVAXUSDT,1734062399999,LONG,-118364.70874999992,55374.056916666836,1734062400000,0.008468124826654528,-0.01568464105292393,-0.026917657177157835
AVAXUSDT,1734073199999,SHORT,50978.50995833349,-55074.98266666647,1734073200000,-0.003698007099089946,-0.005879411977509643,0.012118758480769133
AVAXUSDT,1734087599999,LONG,-119016.0079166664,7499.687791666947,1734087600000,-0.0007523366192989175,0.012475369478252039,0.002580646593491713
AVAXUSDT,1734098399999,SHORT,247852.08408333347,-104900.77970833331,1734098400000,-0.009471670362249688,0.0112912533277336,-0.029457629439619163
AVAXUSDT,1735048799999,LONG,-132777.1105833332,24435.727041666785,1735048800000,-0.0010423389041207334,0.022636553230537922,0.023824072303747813
AVAXUSDT,1735052399999,SHORT,24435.727041666785,-20620.128083333297,1735052400000,-0.014640178674428505,-0.029527224300252335,-0.019765141082704017
AVAXUSDT,1735091999999,LONG,-114898.82620833348,907.3490416664475,1735092000000,-0.005001952930793548,-0.0014542989207875212,-0.014491592956179595
AVAXUSDT,1735099199999,SHORT,63320.11695833318,-25004.029291666888,1735099200000,7.295631136124752e-05,0.0065385223675251515,0.013958156926361565
AVAXUSDT,1735405199999,LONG,-4607.037625000036,30191.908874999965,1735405200000,0.005082839763450104,0.0017859289575849519,-0.004170682978550075
AVAXUSDT,1735408799999,SHORT,30191.908874999965,-43138.402916666666,1735408800000,0.004042881268058735,-0.0025979549101278645,0.010486667685547532
UNIUSDT,1672581599999,SHORT,12547.818875000003,-1698.3776666666624,1672581600000,-0.00809877160916017,-0.005983996236751199,-0.006368833647696801
UNIUSDT,1672585199999,LONG,-1698.3776666666624,13909.664875000002,1672585200000,-0.00019206760838829705,0.0023019384805143474,-0.0023072496295712783
UNIUSDT,1672642799999,SHORT,11993.321916666673,-3175.8880833333337,1672642800000,-0.006649592280113998,-0.008352364425525964,-0.030043566409573747
UNIUSDT,1672646399999,LONG,-3175.8880833333337,1577.8900416666486,1672646400000,0.006417538069115286,0.0034026497858291277,0.02782366022104807
UNIUSDT,1672653599999,SHORT,8912.79787499998,-3388.9740833333612,1672653600000,0.002454452284784935,-0.005078540022760223,-0.022745201271530367
UNIUSDT,1672667999999,LONG,-8423.275041666697,8497.780541666632,1672668000000,0.006732772768016769,0.012679640321860584,0.00524051358417807
UNIUSDT,1672671599999,SHORT,8497.780541666632,-2600.437916666701,1672671600000,-0.00520447271410588,-0.007426695850823544,0.0018653241745062309
UNIUSDT,1672678799999,LONG,-9935.944500000027,13413.98766666663,1672678800000,0.0011123471669742067,0.005364918982023116,-0.0065134686406055926
UNIUSDT,1672685999999,SHORT,8740.382499999963,-390.2570000000317,1672686000000,-0.004429686091588258,0.01003912502832843,0.0035208041558592385
UNIUSDT,1672797599999,LONG,-12100.631541666682,15152.643291666647,1672797600000,0.006009305163843936,0.017561780214994903,0.017382295336113976
UNIUSDT,1672901999999,SHORT,2237.906541666666,-989.4071666666617,1672902000000,0.0025552121951619806,0.00713439411387398,0.018767800172984725
UNIUSDT,1673053199999,LONG,-25368.753833333318,29995.361500000017,1673053200000,-0.0028922652121467973,-0.009977407031998791,-0.015461881474158296
UNIUSDT,1673139599999,SHORT,6771.065916666656,-41182.70133333334,1673139600000,-0.010188103313417607,-0.011477356646063627,-0.016617812246694248
UNIUSDT,1673189999999,LONG,-18276.103458333335,1411.5663749999949,1673190000000,0.002904867692630207,-0.01299313731511116,0.03589350581101947
UNIUSDT,1673197199999,SHORT,448.5574166666532,-1802.6335000000206,1673197200000,0.001838911882676873,-0.004948236981826993,-0.05138515127458528
UNIUSDT,1673211599999,LONG,-5427.4185416666805,1636.1233749999883,1673211600000,0.002008582798905274,0.03396247713340272,0.047126335499645226
UNIUSDT,1673254799999,SHORT,5089.597791666648,-8891.125291666684,1673254800000,-0.011272121433125594,-0.024633060169335367,-0.007644234582865415
UNIUSDT,1673261999999,LONG,-1276.0425833333502,4412.3786666666465,1673262000000,-0.0025713565209295633,0.01140534961096104,-0.011710138979375903
UNIUSDT,1673265599999,SHORT,4412.3786666666465,-1763.326000000018,1673265600000,-0.008544139469576315,-0.01261953991409453,0.007406803304473588
UNIUSDT,1673287199999,LONG,-4942.215125000024,124.7572916666395,1673287200000,-0.009135573602376887,-0.02818050026277155,-0.01887008818063091
UNIUSDT,1673290799999,SHORT,124.7572916666395,-6282.865958333355,1673290800000,0.006309169193264721,0.018874959803522464,0.01558918079890373
UNIUSDT,1673380799999,LONG,-1700.4155416666715,9769.523291666663,1673380800000,0.003968601533449463,-0.0005188067561245312,-0.008159059236729525
UNIUSDT,1673409599999,SHORT,11324.654541666685,-7969.832041666651,1673409600000,0.0005300821751473019,-0.013335870565211254,0.0072688911489230896
UNIUSDT,1673438399999,LONG,-2282.116708333335,4784.204374999998,1673438400000,-0.006101300196176857,-0.02356360122375632,0.027427156300929272
UNIUSDT,1673445599999,SHORT,560.0050000000023,-2700.3380000000056,1673445600000,0.0012316355916027295,0.01131753901459803,-0.047055383913126796
UNIUSDT,1673477999999,LONG,-39296.92054166666,16085.457166666674,1673478000000,0.009343480867633962,0.020441627399888928,0.023613848108304327
UNIUSDT,1673564399999,SHORT,17699.58366666677,-22485.139249999895,1673564400000,-0.0032430707846890236,0.007826552261443244,0.0030906897315286183
UNIUSDT,1673647199999,LONG,-6879.794708333337,5272.398041666679,1673647200000,-0.007617875278189257,0.0635498903106318,0.04271111809304987
UNIUSDT,1673650799999,SHORT,5272.398041666679,-17290.95579166665,1673650800000,-0.0049265097653972655,-0.06998011699316498,-0.05244763823152436
UNIUSDT,1673657999999,LONG,-13947.507208333313,1817.536250000024,1673658000000,0.04304999395656801,0.04349499878479722,0.028704260783400732
UNIUSDT,1673668799999,SHORT,13145.893500000058,-569.5707499999504,1673668800000,0.00014829094710931587,-0.007386649038837791,0.01886001120013388
UNIUSDT,1673672399999,LONG,-569.5707499999504,8659.973250000048,1673672400000,0.007976408612056196,0.013258886046196365,-0.02401436126670524
UNIUSDT,1673690399999,SHORT,18332.350958333438,-28238.564999999897,1673690400000,-0.0021186448602853766,0.005316333627232894,0.0071456024300108455
UNIUSDT,1674053999999,LONG,-36144.819541666686,32909.09970833331,1674054000000,-0.0753225081403388,-0.09005927972173454,-0.10567189153198969
UNIUSDT,1674057599999,SHORT,32909.09970833331,-78201.08408333341,1674057600000,0.02040067538689015,0.014736771581395849,0.03264672604957895
UNIUSDT,1674172799999,LONG,-4340.032625000003,4572.020583333331,1674172800000,-0.009617809895201205,0.002754153219267008,-0.013556761319896561
UNIUSDT,1674176399999,SHORT,4572.020583333331,-4547.823875000002,1674176400000,-0.011560822401076006,-0.003922855635433955,-0.005227061884858362
UNIUSDT,1674179999999,LONG,-4547.823875000002,21423.652708333324,1674180000000,-0.0003238341997211802,-0.008780544217944598,-0.011069623046132147
UNIUSDT,1674305999999,SHORT,10246.955083333442,-928.3521249998981,1674306000000,0.008278816005988222,-0.005680134853372624,-0.006127195437526592
UNIUSDT,1674399599999,LONG,-8396.357541666663,28892.222208333344,1674399600000,0.014984226129744503,0.011863213523987219,-0.006925435268570409
UNIUSDT,1674406799999,SHORT,35722.5415833333,-6006.099000000041,1674406800000,-0.014846810901812524,0.0228390173071952,0.009102136091313683
UNIUSDT,1674410399999,LONG,-6006.099000000041,823.1882083332797,1674410400000,-0.002837686353684806,-0.030643266512666138,-0.03035112511415235
UNIUSDT,1674413999999,SHORT,823.1882083332797,-15434.719416666723,1674414000000,0.013158084577511199,0.029121273646048905,0.022269435483166324
UNIUSDT,1674997199999,LONG,-5674.4630833333795,7518.4811666666255,1674997200000,-0.00014500108776230907,0.001593625835278026,0.015109288083319615
UNIUSDT,1675011599999,SHORT,14414.6308333333,-999.1249166667016,1675011600000,-0.0021690414114562337,-0.00043418482482498636,0.004352248274357774
UNIUSDT,1675015199999,LONG,-999.1249166667016,10025.031041666633,1675015200000,0.00389245788081235,-0.00014445648273586802,-0.00783066646414383
UNIUSDT,1675022399999,SHORT,10320.797708333304,-4055.879833333369,1675022400000,0.008644341395004492,0.006043183859017462,0.02557163890115464
UNIUSDT,1675299599999,LONG,-12134.737166666702,21720.274249999973,1675299600000,-0.002586951715791541,0.014392838409468117,0.026626696960432367
UNIUSDT,1675349999999,SHORT,8982.52087499995,-15749.717625000028,1675350000000,-0.018609813295604547,-0.06535371788251293,-0.012964067883031347
UNIUSDT,1675360799999,LONG,-21854.06995833343,10285.467874999924,1675360800000,0.026817097395294143,-0.02218128186779766,-0.014732719568421496
UNIUSDT,1675367999999,SHORT,26291.102416666563,-13252.273083333479,1675368000000,-0.00919893903530943,0.017812884010997426,0.03852578225990495
UNIUSDT,1675814399999,LONG,-18868.143083333347,22162.430749999996,1675814400000,0.007842059152355956,0.0032868911335475997,-0.007759774531280525
UNIUSDT,1675835999999,SHORT,1057.7790833333274,-4607.04316666667,1675836000000,0.0017204305318825118,0.00805412091486214,0.029362574539435762
UNIUSDT,1676073599999,LONG,-9581.33404166667,1038.4692499999899,1676073600000,0.004864662398494167,0.01560824569005813,0.0075223673944259505
UNIUSDT,1676087999999,SHORT,3731.5080833333,-3440.9426250000347,1676088000000,0.0034124432059467183,0.007616419813993791,0.004967411642416797
UNIUSDT,1676105999999,LONG,-12003.233375000045,523.1191666666224,1676106000000,0.00046893318561547833,-0.0006255865077341985,0.001874414794350352
UNIUSDT,1676123999999,SHORT,429.9301249999601,-914.5075833333782,1676124000000,0.00046652671711559714,0.004206596527967753,-0.003724399090982494
UNIUSDT,1676131199999,LONG,-300.4817083333667,14598.144124999968,1676131200000,-0.004679465721958902,-0.003898032533800438,0.003727870114014391
UNIUSDT,1676138399999,SHORT,5124.257208333317,-3875.1145416666745,1676138400000,0.0032840752011898846,-0.009633387115758089,-0.01503088653301596
UNIUSDT,1676181599999,LONG,-4692.986541666658,1295.3580000000122,1676181600000,0.0032250661447957418,0.005522333408260861,0.00030759766468309454
UNIUSDT,1676188799999,SHORT,793.2066250000111,-10191.293374999988,1676188800000,0.0016882821905873796,-0.00045994634770214586,0.0039950882885022975
UNIUSDT,1676235599999,LONG,-393.6118333333434,3826.512708333323,1676235600000,-0.02103700486380702,-0.020407281921082855,-0.03947363642326193
UNIUSDT,1676239199999,SHORT,3826.512708333323,-4050.3363333333377,1676239200000,-0.0001574927162872713,0.010768116716069224,0.030382893483406677
UNIUSDT,1676383199999,LONG,-37484.37704166669,5409.665916666626,1676383200000,0.017852024363337042,0.018782834235072085,0.03432280385399219
UNIUSDT,1676390399999,SHORT,4554.212833333299,-6809.460416666702,1676390400000,0.0001561402142293817,-0.02162246401316571,-0.018408749410069935
UNIUSDT,1676685599999,LONG,-57997.59799999996,75477.05666666669,1676685600000,-0.014819348968502222,-0.014094868751347038,-0.0055854065720642165
UNIUSDT,1676771999999,SHORT,131393.33766666663,-18717.080083333425,1676772000000,0.0017167386190545851,-0.012076583513281334,-0.03662796313964411
UNIUSDT,1676818799999,LONG,-32673.892833333422,2408.033499999981,1676818800000,0.006937060903418752,-0.018919483246165825,-0.03155007400317514
UNIUSDT,1676822399999,SHORT,2408.033499999981,-23354.341583333327,1676822400000,0.016079671117123277,0.0377914545569176,0.035447434179974785
UNIUSDT,1677441599999,LONG,-15207.157083333326,1205.0227083333473,1677441600000,0.004230252569130193,0.0003027550734600106,-0.013566247234489999
UNIUSDT,1677524399999,SHORT,3324.811666666695,-14053.641249999986,1677524400000,-0.0006234414167021109,-0.003424127859173581,-0.012087548381381572
UNIUSDT,1677610799999,LONG,-13730.123583333369,7399.8399583332985,1677610800000,-0.009600073729019342,-0.019911823430745018,0.032231975511881526
UNIUSDT,1677621599999,SHORT,5755.746499999975,-49579.7615416667,1677621600000,-0.007921141052068512,-0.019762878812349824,-0.05461694006604063
UNIUSDT,1677646799999,LONG,-19173.584541666685,63765.048583333286,1677646800000,-0.005028852485305218,0.0019161329467947714,0.004563193315970124
UNIUSDT,1677700799999,SHORT,2107.055666666662,-15866.575500000006,1677700800000,-0.0074316632168841545,-0.020232544258638335,-0.008615620732720259
UNIUSDT,1677707999999,LONG,-14551.606625000015,35085.10025000001,1677708000000,0.0022015125938682103,-0.005303489154530464,-0.013014084888612963
UNIUSDT,1677733199999,SHORT,5474.153708333314,-64196.446375,1677733200000,0.006054806949312695,0.006795712369587628,0.033992941254286584
UNIUSDT,1677981599999,LONG,-6525.2828333333355,6246.905250000006,1677981600000,-0.004014457418661959,0.004158010148663677,0.008934328733765774
UNIUSDT,1677985199999,SHORT,6246.905250000006,-11629.069958333319,1677985200000,-0.003854807214755884,-0.0051364478900311344,-0.010087348364538977
UNIUSDT,1678057199999,LONG,-14253.138749999964,500.3683750000394,1678057200000,-0.003931131723468912,-0.012952321335452958,-0.002514143373332571
UNIUSDT,1678067999999,SHORT,6982.979291666726,-5812.523916666629,1678068000000,0.00015896987554353688,-0.001588310372025804,-0.014048056768805923
UNIUSDT,1678089599999,LONG,-699.3781249999496,1529.4050000000377,1678089600000,0.0007888302057698606,-0.0026866867208066004,0.004723674347776266
UNIUSDT,1678132799999,SHORT,7277.809750000044,-4016.2792499999537,1678132800000,0.007409192876122196,0.005038587261785925,-0.004857040492438001
UNIUSDT,1678273199999,LONG,-32454.762708333397,389.6321249999358,1678273200000,-0.0009354537632580268,-0.024770533656371073,-0.04771547303966643
UNIUSDT,1678276799999,SHORT,389.6321249999358,-1311.8523750000652,1678276800000,0.005318329444664772,0.007673673235911566,0.049570499753313145
UNIUSDT,1678373999999,LONG,-9907.367791666751,15481.718916666612,1678374000000,-0.005045173041833846,-0.030325329714912294,-0.0804215673105742
UNIUSDT,1678377599999,SHORT,15481.718916666612,-912.7854166666948,1678377600000,0.007699276300317448,0.04012190239216593,0.07803211060985618
UNIUSDT,1678636799999,LONG,-26418.067958333355,3891.906416666665,1678636800000,0.008116628215913028,0.038693411004064544,0.10320965819435729
UNIUSDT,1678661999999,SHORT,3308.189458333373,-4902.308874999969,1678662000000,-0.013138999697506752,-0.03211362656729641,-0.012291038992071545
UNIUSDT,1679014799999,LONG,-1912.6405000000086,12673.332083333322,1679014800000,0.028175630168571875,0.03497330203765623,0.054769449523305716
UNIUSDT,1679104799999,SHORT,7866.59600000002,-24950.59033333328,1679104800000,-0.007816730734948657,-0.005064856196007003,-0.000615289974803114
UNIUSDT,1679414399999,LONG,-37968.768250000016,8769.58991666663,1679414400000,-0.00030978934572409815,-0.012467046311195346,-0.008866823278703643
UNIUSDT,1679421599999,SHORT,11619.684499999965,-3308.6700833333985,1679421600000,0.010216198874721154,-0.002186817491283801,-0.006546158039672863
UNIUSDT,1679428799999,LONG,-3402.0601666667403,10082.440041666589,1679428800000,0.006252951435243806,0.006876101478776714,-0.0010982977490625657
UNIUSDT,1679439599999,SHORT,17108.71795833326,-5430.2274166667485,1679439600000,-0.0034321406545882497,0.0010945196933495975,0.011631693543739299
UNIUSDT,1679443199999,LONG,-5430.2274166667485,10650.099416666597,1679443200000,-0.01128008200530795,-0.0029643519640148437,-0.022688857311793435
UNIUSDT,1679446799999,SHORT,10650.099416666597,-10330.748916666751,1679446800000,-0.0031461407105550575,-0.008159467832989986,0.008385461682118052
UNIUSDT,1679453999999,LONG,-3452.21833333342,1000.4247083332544,1679454000000,0.0012507819016526766,0.004526660347937699,-0.011644506084080257
UNIUSDT,1679457599999,SHORT,1000.4247083332544,-8112.038250000071,1679457600000,-0,0.00454225857325119,0.017021687569430524
UNIUSDT,1679587199999,LONG,-15045.248250000092,2520.6883333332858,1679587200000,-0.0025027386753637784,-0.022913224916856288,-0.025153584311278634
UNIUSDT,1679590799999,SHORT,2520.6883333332858,-11727.89075000003,1679590800000,0.007388228215773615,0.028112706603584975,0.026503177847940533
UNIUSDT,1679594399999,LONG,-11727.89075000003,29169.389999999967,1679594400000,-0.017029137542018024,-0.024925399664243546,-0.014784467688194294
UNIUSDT,1679615999999,SHORT,4345.424000000028,-5057.7564166666225,1679616000000,0.0027289526527288686,-0.0006410256629760179,0.05740362052211628
UNIUSDT,1679619599999,LONG,-5057.7564166666225,1465.1120833333891,1679619600000,0.0049699501097155725,-0.0006430868388832358,-0.041176980910589925
UNIUSDT,1679626799999,SHORT,5946.2800416667205,-1737.9096666666057,1679626800000,0.00032035880459796017,0.0033688970661047532,0.045879605750693546
UNIUSDT,1680033599999,LONG,-27555.66858333332,3479.643666666685,1680033600000,-0.006499082222300742,-0.010970284856047039,0.01572971120958253
UNIUSDT,1680148799999,SHORT,23863.31683333336,-14286.410708333313,1680148800000,-0.0008463817686811172,-0.002705903900313521,-0.012453880249441667
UNIUSDT,1680271199999,LONG,-1342.1462500000005,17075.814958333347,1680271200000,0.007915608612661218,0.0057779772798886315,0.009064750986511232
UNIUSDT,1680328799999,SHORT,20104.893083333318,-7715.933375000012,1680328800000,0.006433011875751424,-0.011931170381244078,0.0027990468591593065
UNIUSDT,1680335999999,LONG,-9655.646916666688,5090.65949999999,1680336000000,0.008204837626685375,0.011793748493544087,0.0031257737056665184
UNIUSDT,1680339599999,SHORT,5090.65949999999,-8087.353416666699,1680339600000,-0.005866075156013407,-0.008786258931355432,0.007710644387074628
UNIUSDT,1680551999999,LONG,-8306.345958333297,3879.0225000000305,1680552000000,-0.022623503637821073,-0.018226405398121315,-0.016708826487863534
UNIUSDT,1680555599999,SHORT,3879.0225000000305,-21900.688333333313,1680555600000,0.0028860048891349867,-0.0028776998276151956,-0.012466468729230785
UNIUSDT,1680587999999,LONG,-6476.030166666645,4323.587541666692,1680588000000,0.0069368351930943544,0.01833679100746069,0.039286010747088235
UNIUSDT,1680595199999,SHORT,9714.276500000027,-6742.2573749999765,1680595200000,-0.006382285688537573,-0.022656308086665643,-0.03493443564666167
UNIUSDT,1680609599999,LONG,-5797.520041666692,5352.660124999956,1680609600000,0.003616640470188515,0.003944778291016325,0.012926630132902324
UNIUSDT,1680616799999,SHORT,9839.119749999954,-9730.206916666706,1680616800000,-0.006071066313062037,-0.008195423677057102,-0.03381925730868442
UNIUSDT,1680645599999,LONG,-7328.976916666706,13515.491208333298,1680645600000,-0.0008103071507304971,0.017980898630451814,0.019411855230456156
UNIUSDT,1680667199999,SHORT,1686.7173333333146,-2320.5420833333533,1680667200000,0.0009543503189745014,-0.00507454308107675,0.017481000035212916
UNIUSDT,1680674399999,LONG,-127.3722500000149,2012.6207916666463,1680674400000,0,-0.003964169149103106,-0.01885039842357735
UNIUSDT,1680677999999,SHORT,2012.6207916666463,-9127.222833333353,1680678000000,-0.0004746460021078066,0.0006332119888637041,0.017400071845930766
UNIUSDT,1681009199999,LONG,-2424.8924166666598,4073.9031666666756,1681009200000,-0.005414564835870475,-0.011882672492363128,-0.011882672492363128
UNIUSDT,1681012799999,SHORT,4073.9031666666756,-16729.304749999992,1681012800000,-0.002710947102503764,0.008690520743203046,0.009032869257330605
UNIUSDT,1681181999999,LONG,-22628.672125000023,2016.2124583333014,1681182000000,-0.0006596306307779166,0,-0.011940440371917863
UNIUSDT,1681185599999,SHORT,2016.2124583333014,-9306.282458333357,1681185600000,0.0016512553289635761,0.0001650028879248964,0.006787543648418345
UNIUSDT,1681379999999,LONG,-18490.017083333358,3225.3031249999767,1681380000000,-0.003953225375716311,0.0029546968311470884,0.01711393737225125
UNIUSDT,1681383599999,SHORT,3225.3031249999767,-9607.449250000025,1681383600000,0.0011557831716728633,-0.01636697746420541,-0.022516859284333647
UNIUSDT,1681390799999,LONG,-12141.679291666698,13731.31845833332,1681390800000,-0.00767413350663402,0.007131310611076616,0.034215967650603106
UNIUSDT,1681444799999,SHORT,9190.779041666703,-19345.6799583333,1681444800000,-0.001250390910021679,0.007220247973487132,0.036471914021342075
UNIUSDT,1681462799999,LONG,-17159.983958333305,2163.2691250000303,1681462800000,-0.0023646263087130507,-0.01939647454882927,-0.0007875876598340035
UNIUSDT,1681466399999,SHORT,2163.2691250000303,-26967.978999999963,1681466400000,-0,0.006649802845069392,0.006332140834774336
UNIUSDT,1681498799999,LONG,-50182.12074999998,28070.71212500002,1681498800000,0.005856763872332748,0.00031746032012655356,-0.009090246791204286
UNIUSDT,1681509599999,SHORT,20225.84341666671,-24898.891666666634,1681509600000,-0.0006350214533127773,0.004296974861776276,-0.0007937138284771903
UNIUSDT,1681531199999,LONG,-1883.107916666709,11234.812666666627,1681531200000,0.0017601412656889242,0.006544839389025236,0.009880558469683519
UNIUSDT,1681538399999,SHORT,6907.604833333297,-2480.608791666707,1681538400000,0.0011208070983569343,-0.008445592388138206,-0.009080110175924474
UNIUSDT,1681541999999,LONG,-2480.608791666707,2557.29933333329,1681542000000,0.006705005962603645,0.008930054560184994,0.012732942996869199
UNIUSDT,1681552799999,SHORT,141.86445833329344,-3070.764125000045,1681552800000,0.00031746032012642075,0.006847705713228099,0.007647002374757529
UNIUSDT,1681563599999,LONG,-7857.380166666699,3817.2734583332785,1681563600000,-0.008116540141982077,0.006005074935660679,-0.009395721640362294
UNIUSDT,1681567199999,SHORT,3817.2734583332785,-38456.41408333336,1681567200000,-0.002074855105542246,-0.0074811331803046974,0.011408495231744795
UNIUSDT,1681577999999,LONG,-27729.16112500003,2423.5482083333095,1681578000000,-0.006480699201464046,-0.015080847765103026,-0.018284951755885893
UNIUSDT,1681581599999,SHORT,2423.5482083333095,-7254.967416666691,1681581600000,-0.0026922179536071665,0.008440212537708177,0.007800724106642644
UNIUSDT,1681635599999,LONG,-79998.82470833336,24365.627166666633,1681635600000,-0.010631744922575598,-0.025676767006989537,-0.019790185693949924
UNIUSDT,1681646399999,SHORT,9915.409916666627,-73974.68000000004,1681646400000,-0.007206372767093227,-0.006088786636561692,-0.014994697917950345
UNIUSDT,1681851599999,LONG,-7303.576375000052,7050.0338749999355,1681851600000,0.002050312207885033,-0.0015800287692223915,-0.06894776447054733
UNIUSDT,1681883999999,SHORT,6935.737666666634,-58585.06795833336,1681884000000,0.014144057803995023,0.06925215350268699,0.07196172332301277
UNIUSDT,1682240399999,LONG,-20439.28591666668,7965.540499999978,1682240400000,-0.001996189756412079,-0.002177859300012927,-0.024221367588628643
UNIUSDT,1682261999999,SHORT,10460.372499999989,-3894.476458333355,1682262000000,0.0031275897079519766,0.01797842882262506,-0.004947330292469362
UNIUSDT,1682276399999,LONG,-13802.70000000002,1223.1816249999974,1682276400000,0.003920475477964578,0.01651090285644549,0.012639573475382125
UNIUSDT,1682323199999,SHORT,246.6382500000133,-5173.501916666656,1682323200000,0.005936937660956412,-0.0066371925067987645,0.010412886946340655
UNIUSDT,1682344799999,LONG,-10592.797916666663,8366.242749999996,1682344800000,-0.007355678623243342,-0.01867830538732343,-0.024481934894406327
UNIUSDT,1682355599999,SHORT,17873.607666666678,-59.79995833333427,1682355600000,-0.007494882376621922,-0.00898714156046027,-0.004316418449901904
UNIUSDT,1682629199999,LONG,-11018.964999999997,16800.032791666657,1682629200000,-0.0005385513100277674,-0.0026956616197750033,-0.012460657839937538
UNIUSDT,1682636399999,SHORT,1264.9768333333293,-2615.4954166666625,1682636400000,0.000720331383568949,0.005596187544547536,0.007045463160537915
UNIUSDT,1682668799999,LONG,-25675.06416666665,10888.43679166669,1682668800000,-0.007603222724708616,-0.0110618591022624,-0.007421520171287849
UNIUSDT,1682690399999,SHORT,13429.561750000028,-3953.9618749999645,1682690400000,0.00018286550293257535,-0.0036503052031163228,-0.008738449925658162
UNIUSDT,1682816399999,LONG,-6533.137083333345,4356.907749999984,1682816400000,-0.0025053699575918963,0.001785714760234753,-0.0021470754356650713
UNIUSDT,1682819999999,SHORT,4356.907749999984,-605.5550000000172,1682820000000,-0.002684084996938151,-0.009096647049444647,-0.0014324084812645675
UNIUSDT,1682870399999,LONG,-2168.3047916666787,1979.856083333303,1682870400000,0.000714413318472706,-0.018938252003497986,-0.03675814119912474
UNIUSDT,1682873999999,SHORT,1979.856083333303,-157.56329166670426,1682874000000,0.0032188868994718184,0.024032234365992146,0.03580573312974281
UNIUSDT,1682877599999,LONG,-157.56329166670426,1485.1677499999641,1682877600000,-0.0016130481138888482,-0.01916529461918492,-0.03758880761339832
UNIUSDT,1682884799999,SHORT,1350.0661249999685,-33769.10545833337,1682884800000,0.004197469435032418,0.008412631911811616,0.01949307768838371
UNIUSDT,1683057599999,LONG,-5834.779458333399,3496.966499999932,1683057600000,0.0007499062968603522,-0.0018772297609647825,-0.01454639798754773
UNIUSDT,1683061199999,SHORT,3496.966499999932,-2411.52425000007,1683061200000,0.003378381591627195,0.01187460942071274,0.014912971044118277
UNIUSDT,1683158399999,LONG,-1636.5482916666467,5386.04091666669,1683158400000,-0.0011144131911139824,-0.00614469860023579,-0.011575932102907834
UNIUSDT,1683212399999,SHORT,8214.753125000017,-9553.063291666642,1683212400000,-0.00018959143103531128,0.0070402726337442595,-0.007932052919903993
UNIUSDT,1683219599999,LONG,-878.2217499999679,482.2427916667075,1683219600000,-0.0036036075032985443,-0.011232864420778806,0.0032133096356846747
UNIUSDT,1683223199999,SHORT,482.2427916667075,-20780.832916666637,1683223200000,0.005142378725665422,0.0043788742029869385,-0.00341361985192438
UNIUSDT,1683295199999,LONG,-40372.71291666664,45489.46729166666,1683295200000,0.004188297117697634,0.007272759329079657,0.006729133330369553
UNIUSDT,1683385199999,SHORT,3240.2698333333924,-107046.93849999997,1683385200000,0.006426028538866122,-0.00018837713157333322,0.009654594632650122
UNIUSDT,1683687599999,LONG,-985.4078333333067,2591.3810416666965,1683687600000,-0.00040346984610275166,0.0034229369975572006,0.022732783521925946
UNIUSDT,1683701999999,SHORT,3808.436333333351,-1629.0164999999786,1683702000000,0.003220614700042172,-0.0008035355996833948,-0.015751497035556332
UNIUSDT,1683737999999,LONG,-11252.392583333363,1340.538749999973,1683738000000,-0.01012415595395027,0.006104183569493231,0.016260520871780326
UNIUSDT,1683741599999,SHORT,1340.538749999973,-14693.390708333332,1683741600000,-0.00834331419106824,-0.00992465470640573,-0.025990831004646497
UNIUSDT,1683748799999,LONG,-7826.457749999991,13838.199625,1683748800000,0.0037368516294141734,0.01058418347928032,0.013893188931701305
UNIUSDT,1683813599999,SHORT,8349.817166666646,-3196.3089583333444,1683813600000,0.005138351226427756,0.014494446150452605,0.011299555253933394
UNIUSDT,1683820799999,LONG,-13680.801541666666,2123.589416666684,1683820800000,-0.0049120837543624495,-0.01600350266705133,-0.02963916611351897
UNIUSDT,1683824399999,SHORT,2123.589416666684,-3169.0812916666523,1683824400000,0.015085637418040762,0.0067207210864131,0.014285957247476541
UNIUSDT,1683899999999,LONG,-21644.31608333335,1583.1676666666463,1683900000000,-0.006686357260727123,-0.008859197621773632,0.010722395349202251
UNIUSDT,1683903599999,SHORT,1583.1676666666463,-3201.1560416667003,1683903600000,0.000986874648337192,-0.0029547938369951527,-0.015076154369340027
UNIUSDT,1683968399999,LONG,-2654.1902083333503,3034.968499999983,1683968400000,0.003289158426292764,-0.007782140442054963,-0.008954702624476528
UNIUSDT,1683971999999,SHORT,3034.968499999983,-5210.30554166669,1683972000000,0.004646668573677108,0.012048338516174368,0.014985198189484227
UNIUSDT,1684288799999,LONG,-3266.004291666686,38977.446500000005,1684288800000,-0.004431179584705323,-0.008494259567306723,-0.01140660023368069
UNIUSDT,1684306799999,SHORT,307.0121666666916,-3411.776708333307,1684306800000,0.0034999063531037686,0.0001941182186043729,-0.014069809048822041
UNIUSDT,1684335599999,LONG,-11264.508875,1872.959291666688,1684335600000,0.00019464720256101185,0.016985546365743807,0.049929702085098074
UNIUSDT,1684339199999,SHORT,1872.959291666688,-18946.377291666646,1684339200000,-0.004272680805779547,-0.028965293396150893,-0.05066055240347976
UNIUSDT,1684353599999,LONG,-28513.766499999987,2877.8517083333572,1684353600000,-0.002460957228774733,0.008659692669873965,0.012027959327401451
UNIUSDT,1684371599999,SHORT,21700.582083333342,-5863.051958333293,1684371600000,0.002781642961876914,0.0024103098718321146,0.018692133012152633
UNIUSDT,1684389599999,LONG,-7621.057874999999,4898.067541666678,1684389600000,-0.004675090328994014,-0.006551263487221815,-0.024935179320735166
UNIUSDT,1684411199999,SHORT,8203.408583333337,-3347.3542499999844,1684411200000,0.004705891037412728,0.004517229589819812,0.003762939529542384
UNIUSDT,1684522799999,LONG,-2436.692874999979,805.998458333362,1684522800000,-0.0024392544227022023,-0.004696167173060524,-0.011876848064989986
UNIUSDT,1684529999999,SHORT,9860.059000000037,-4840.032833333292,1684530000000,0.002443839922934254,0.008674389673570248,0.008295673516799981
UNIUSDT,1684558799999,LONG,-3530.177166666627,84.84254166670628,1684558800000,-0.003975395675644419,-0.002080379000910023,-0.007014911693541131
UNIUSDT,1684562399999,SHORT,84.84254166670628,-11136.1799583333,1684562400000,-0,-0.0015160131764633778,-0.0003792188137975183
UNIUSDT,1684792799999,LONG,-48129.88758333334,13621.909583333327,1684792800000,-0.002560316514325612,0.0049053370214532715,0.006665384410389584
UNIUSDT,1684868399999,SHORT,16274.60741666666,-32843.31895833334,1684868400000,-0.0045639527579147115,-0.011076062599206637,0.013011894122697086
UNIUSDT,1684954799999,LONG,-32865.57483333335,1843.7958333333324,1684954800000,0.004862246208034336,0.009097404297976376,0.005468368057078836
UNIUSDT,1684961999999,SHORT,4021.7815833333348,-12784.705291666658,1684962000000,0.0010059351014238584,0.006860398174113686,0.004231744350306498
UNIUSDT,1685192399999,LONG,-3547.8275000000067,5075.532416666659,1685192400000,-0.004395611473038109,-0.0053973144517192985,0.011102413804305322
UNIUSDT,1685210399999,SHORT,2245.1242083333323,-5390.320000000002,1685210400000,-0,-0.005797117684325915,-0.016503008995091818
UNIUSDT,1685213999999,LONG,-5390.320000000002,5218.446458333327,1685214000000,0.003801905530017522,0.008583743691391435,0.017291497110061043
UNIUSDT,1685325599999,SHORT,14129.746041666693,-861.6903749999619,1685325600000,0.004075697053814357,0.003492436611499272,0.008168073417098768
UNIUSDT,1685620799999,LONG,-700.9082916666715,1408.1733333333298,1685620800000,0.0027794339910252558,-0.0005965994012096882,-0.010391780166247621
UNIUSDT,1685649599999,SHORT,16078.591666666638,-2286.539125000027,1685649600000,0.0011992805754821268,0.005608989064182312,-0.009147011478662063
UNIUSDT,1685653199999,LONG,-2286.539125000027,1228.4886666666378,1685653200000,-0.0008001600746988183,-0.00160096091829446,0.015673369153623846
UNIUSDT,1685660399999,SHORT,4695.265249999975,-7713.452666666705,1685660400000,0.0040096284673605065,-0.006382151698887271,-0.013908430046131931
UNIUSDT,1685674799999,LONG,-2624.8043750000193,7785.944291666642,1685674800000,0.0009935420588777356,0.004364220376596694,0.0011921320704527548
UNIUSDT,1685761199999,SHORT,1254.3308750000142,-4052.1922499999832,1685761200000,-0.0009900010708594664,-0.0027695368840204198,-0.008089222367783576
UNIUSDT,1685768399999,LONG,-4581.615333333318,1428.0855000000156,1685768400000,-0.0009896091851662782,0.0015813405153374215,0.006899978089996616
UNIUSDT,1685771999999,SHORT,1428.0855000000156,-5796.79516666666,1685772000000,-0.002373418835663855,-0.0033606832065042583,-0.004346973847656346
UNIUSDT,1685775599999,LONG,-5796.79516666666,160.23037500000405,1685775600000,0.0003950227189428171,0.0015791554801595198,0.0015791554801595198
UNIUSDT,1685822399999,SHORT,11350.86187499999,-2521.182666666677,1685822400000,-0.0009868746483372775,-0.003548200056097177,-0.009825192027119704
UNIUSDT,1685825999999,LONG,-2521.182666666677,12625.876374999987,1685826000000,0.0003944773226697263,0.0001972581128796106,0.007468588175294553
UNIUSDT,1685829599999,SHORT,12625.876374999987,-2262.29750000001,1685829600000,-0.0001971803220428061,-0.0017732247775086632,-0.010592488211589878
UNIUSDT,1685843999999,LONG,-5073.856125000016,1544.6509999999835,1685844000000,0.0015732549951008852,0.00118017322903304,0.001769737950836516
UNIUSDT,1685858399999,SHORT,9086.242541666667,-275.37358333333395,1685858400000,-0.0023557136924589835,-0.007245698986650819,0.01186253530982017
UNIUSDT,1685876399999,LONG,-95.1994999999976,4059.5223750000027,1685876400000,-0.0033238861377732592,-0.013164548112508995,-0.014946197598939984
UNIUSDT,1685879999999,SHORT,4059.5223750000027,-7148.721749999994,1685880000000,-0.0013697292034879148,0.019176232568733558,0.018577609384140617
UNIUSDT,1686149999999,LONG,-28800.58329166666,6917.006166666625,1686150000000,-0.0015225669064249385,-0.01643512396198599,-0.009609158891585971
UNIUSDT,1686268799999,SHORT,307.5635833333411,-18846.371791666654,1686268800000,0.004329948310762162,0.0019461569554858657,0.0012970170430449273
UNIUSDT,1686362399999,LONG,-483.78891666667187,4091.3372083333284,1686362400000,-0.006631324035381339,-0.17455273768237284,-0.13318524664186665
UNIUSDT,1686373199999,SHORT,23829.661541666665,-78686.69600000004,1686373200000,0.022053040564616436,-0.010719857632196645,-0.029082843743116937
UNIUSDT,1686506399999,LONG,-13122.334624999989,1291.877458333358,1686506400000,0.004166162134283667,-0.0012286523231340946,-0.002705030544060876
UNIUSDT,1686513599999,SHORT,1273.798833333339,-2169.319749999995,1686513600000,0.001956947786960924,0.00834360668575704,0.009823261702943092
UNIUSDT,1686531599999,LONG,-1339.330791666672,8369.771916666665,1686531600000,-0.0017277555822117908,-0.0022219488218223836,0.021710817389805816
UNIUSDT,1686538799999,SHORT,8890.81975,-5749.136416666671,1686538800000,-0.013241917414882601,-0.024594457898498574,-0.040419499042895296
UNIUSDT,1686563999999,LONG,-144.49054166667338,4303.767916666664,1686564000000,0.003365387791699894,-0.008463356043018608,0.02614217313445679
UNIUSDT,1686589199999,SHORT,55.4117916666631,-2705.3425833333363,1686589200000,-0.01083173425764624,-0.029333210767945345,-0.04565058912645061
UNIUSDT,1686628799999,LONG,-1774.393749999969,3652.705000000036,1686628800000,0.002778422718136641,0.0020845404189881534,-0.021798589617785656
UNIUSDT,1686664799999,SHORT,19393.719791666652,-32516.97145833344,1686664800000,0.009168067883987262,0.03057917206001901,0.022146233820832143
UNIUSDT,1686761999999,LONG,-12773.350249999989,10781.934875000006,1686762000000,0.007364122515135259,-0.05519104092488882,-0.008953002263744807
UNIUSDT,1686776399999,SHORT,43712.19045833326,-5491.4982916666295,1686776400000,-0.016853052034034675,-0.030980431293245195,-0.0022941051584685706
UNIUSDT,1686779999999,LONG,-5491.4982916666295,13480.243750000023,1686780000000,-0.0011298159602007348,0.0013540963477292301,-0.01938266129370557
UNIUSDT,1686819599999,SHORT,64412.51116666677,-18736.698541666556,1686819600000,0.004823714418139488,-0.0011450819984743918,-0.024446667881973864
UNIUSDT,1686909599999,LONG,-8645.986500000008,19038.40895833336,1686909600000,-0.002477757771748259,-0.01153989500344947,0.020706517391782035
UNIUSDT,1687067999999,SHORT,32109.916541666662,-9838.488208333327,1687068000000,0.003988483018389018,-0.000663203296111444,-0.010121098497930792
UNIUSDT,1687103999999,LONG,-2838.689291666635,6134.271416666699,1687104000000,0.0017406444777841182,-0.007870613432329468,-0.029839765052846464
UNIUSDT,1687114799999,SHORT,7566.976666666708,-1195.1305416666291,1687114800000,0.0015352563603297706,0.017687836771963016,0.020368204693421817
UNIUSDT,1687157999999,LONG,-18200.519749999963,739.9950000000293,1687158000000,-0.0035850363290709977,-0.01102001481658916,-0.015098878391410086
UNIUSDT,1687161599999,SHORT,739.9950000000293,-8215.679999999973,1687161600000,0.002247191956904721,-0,0.006982796702738902
UNIUSDT,1687287599999,LONG,-1598.655375000002,15406.131958333319,1687287600000,0.002181025946360146,-0.006352009091588644,0.003922428214896081
UNIUSDT,1687427999999,SHORT,12817.962499999965,-2224.6124583333635,1687428000000,-0.00020744736097606616,0.0083333815591443,0.01294651618174307
UNIUSDT,1687431599999,LONG,-2224.6124583333635,4294.62937499996,1687431600000,-0.016518932863534553,-0.02307633340969382,-0.02137998016151531
UNIUSDT,1687435199999,SHORT,4294.62937499996,-18490.774458333344,1687435200000,-0.00902514259073682,0.002321900779304387,0.004225655981464721
UNIUSDT,1687438799999,LONG,-18490.774458333344,3038.693874999997,1687438800000,-0.0010454784015529453,-0.006710027273045225,-0.00776254815749597
UNIUSDT,1687442399999,SHORT,3038.693874999997,-10106.345375000004,1687442400000,0.014328100154079143,-0.001463363907007308,0.007770699607919936
UNIUSDT,1687535999999,LONG,-13858.266791666663,3660.781374999972,1687536000000,0.0006157003786086149,0,-0.003908263742601897
UNIUSDT,1687597199999,SHORT,4731.808999999936,-6341.936583333406,1687597200000,-0.0012455887016287366,0.0006233766435635591,0.021628139642976135
UNIUSDT,1687604399999,LONG,-4340.309791666737,1843.8708333332663,1687604400000,-0.0018689653451923886,-0.004783205542582161,-0.023935637757338223
UNIUSDT,1687615199999,SHORT,12349.32208333326,-1023.1731250000739,1687615200000,-0.0018779348242001143,0.013668596781746723,0.009442940800282072
UNIUSDT,1687665599999,LONG,-15809.828166666664,6116.870874999998,1687665600000,0.02276649849107953,0.04999088474595095,0.05833691194732796
UNIUSDT,1687687199999,SHORT,12406.533958333288,-14641.50962500003,1687687200000,0.007272759329079697,0.01648594849980458,0.010647340709225175
UNIUSDT,1687733999999,LONG,-41757.841125000035,99251.58674999991,1687734000000,-0.004600247325063685,-0.027358177843461333,0.0012842860218592492
UNIUSDT,1687766399999,SHORT,28368.55212499987,-5090.249958333385,1687766400000,-0.006440357158524301,-0.010284755486019271,0.022779177622391986
UNIUSDT,1687769999999,LONG,-5090.249958333385,45308.31025000004,1687770000000,0.000550004597236571,-0.003490404939768491,-0.035654733325823654
UNIUSDT,1687802399999,SHORT,1435.077791666806,-3796.71791666653,1687802400000,-0.011062481688896173,-0.0028727396946835473,-0.012578782206860185
UNIUSDT,1687805999999,LONG,-3796.71791666653,9852.069208333482,1687806000000,0.004353181853163708,-0.002849275362895234,-0.0009488566989537794
UNIUSDT,1687820399999,SHORT,13914.79558333345,-113395.17354166649,1687820400000,-0.0017102141935628006,-0.00833338155914424,-0.014912971044118158
UNIUSDT,1687885199999,LONG,-47056.79429166667,37884.83354166666,1687885200000,-0.0037636476493037216,-0.009056665677797055,-0.03458833374008608
UNIUSDT,1687906799999,SHORT,13716.058833333353,-661.9895416666453,1687906800000,-0.005318151185756773,0.02389784185415884,0.028393988613233525
UNIUSDT,1688093999999,LONG,-21721.916833333325,7626.601875000018,1688094000000,0.024210475750599474,0.012178504477959474,-0.01674012786249576
UNIUSDT,1688331599999,SHORT,4258.1030416666035,-10217.75425000008,1688331600000,0.0016359178418923483,-0.00615609403877691,-0.028997915108018364
UNIUSDT,1688345999999,LONG,-12454.085208333432,4601.02295833323,1688346000000,0.01824411182061214,0.02776967335048216,0.018775696842432726
UNIUSDT,1688360399999,SHORT,63948.0580416666,-11700.634625000084,1688360400000,0.0033406624474791365,0.005103398669824477,0.016459092023497907
UNIUSDT,1688641199999,LONG,-11202.507250000062,18340.216291666646,1688641200000,-0.015179185552498097,-0.05359905413602174,-0.03745756253490033
UNIUSDT,1688651999999,SHORT,1506.2953749999626,-21779.82754166669,1688652000000,0.016327659338790167,-0.0009303191665498572,0.003729955835063789
UNIUSDT,1688738399999,LONG,-266.93962500001845,8246.385624999995,1688738400000,0.00036068530598438715,-0.0032520353863772318,-0.019121041446778283
UNIUSDT,1688781599999,SHORT,1506.734916666678,-9400.548291666637,1688781600000,0.0003677822770400286,0.01034938086200352,0.024003385186976325
UNIUSDT,1689155999999,LONG,-2411.7508333333535,9740.020999999979,1689156000000,-0.006582064195640556,-0.006959493903838671,-0.02179148285916936
UNIUSDT,1689213599999,SHORT,1388.7382083333116,-2930.8311250000456,1689213600000,0.0037957912342719323,0.005889634199691159,-0.016346066161953096
UNIUSDT,1689235199999,LONG,-20866.64504166671,2469.92591666665,1689235200000,0.0035704256664913165,0.007315047155034851,0.07783916952473943
UNIUSDT,1689238799999,SHORT,2469.92591666665,-3962.2477916666926,1689238800000,-0.006728997352918601,-0,-0.06866773736626379
UNIUSDT,1689242399999,LONG,-3962.2477916666926,15876.985958333296,1689242400000,-0.0011183598556131229,-0.000372647665948349,0.06403774375758452
UNIUSDT,1689353999999,SHORT,9572.50549999995,-8843.585916666721,1689354000000,0.021474231198078085,0.05423066002196742,0.0507859442491852
UNIUSDT,1689469199999,LONG,-14207.792749999993,5818.132916666665,1689469200000,-0.00034536349851133107,-0.006756197202258821,0.0008628872741805984
UNIUSDT,1689472799999,SHORT,5818.132916666665,-22150.730083333317,1689472800000,0.008848847537694418,0.0046749284345308844,-0.002932300505570585
UNIUSDT,1689569999999,LONG,-11253.620833333358,7346.575708333267,1689570000000,0.004108131650624605,-0.01142680314422287,-0.04032126914393774
UNIUSDT,1689577199999,SHORT,18562.70016666666,-10047.72695833329,1689577200000,0.0033173027601302646,0.04141553597860554,0.05374529189879882
UNIUSDT,1689677999999,LONG,-40162.899999999885,40842.39850000007,1689678000000,-0.010573502330463684,-0.03339950162748213,-0.046196443394567625
UNIUSDT,1689681599999,SHORT,40842.39850000007,-5624.88104166659,1689681600000,0.012671937854488571,0.028698992098719813,0.034775985817404834
UNIUSDT,1689706799999,LONG,-21279.280666666436,25221.226500000223,1689706800000,-0.011135596761755379,-0.009948653002226698,-0.007409936228705004
UNIUSDT,1689713999999,SHORT,20981.204375000223,-12539.790583333117,1689714000000,-0.0028923882350836896,-0.017397618100746536,0.008899596647572939
UNIUSDT,1689843599999,LONG,-47147.45829166673,48495.82899999994,1689843600000,0.008422145398878705,0.004467617259716052,-0.024850170607290833
UNIUSDT,1689879599999,SHORT,13076.827166666664,-5008.628250000009,1689879600000,-0.007271529461247426,-0.014992279462036028,-0.04399414732868925
UNIUSDT,1689901199999,LONG,-4522.207458333268,17735.0811666667,1689901200000,0.014970339458865462,0.03394065487181416,0.056683467262509814
UNIUSDT,1689929999999,SHORT,7433.159458333433,-41253.62770833323,1689930000000,0.004893175641477055,-0.02712629209416161,-0.012932608311123469
UNIUSDT,1689944399999,LONG,-40407.05387499983,44674.7847916669,1689944400000,-0.020800749958003354,-0.019023833247832314,-0.014836357327009159
UNIUSDT,1689947999999,SHORT,44674.7847916669,-5189.517249999782,1689948000000,-0.007409827717633665,-0.005160469442749311,-0.0001616684184266122
UNIUSDT,1689951599999,LONG,-5189.517249999782,67911.86795833359,1689951600000,-0.0028929624805280963,0.00512246998119082,-0.0061172116061611655
UNIUSDT,1690030799999,SHORT,18634.218541666847,-46496.24762499988,1690030800000,0.0003257329019028567,-0.003089182198166287,0.023228126119207194
UNIUSDT,1690034399999,LONG,-46496.24762499988,18134.643541666795,1690034400000,-0.0009776764669911482,-0.00424351869040829,-0.014931773034273755
UNIUSDT,1690037999999,SHORT,18134.643541666795,-15340.13137499989,1690038000000,-0.002279388808457969,0.0011416457245845115,0.01577164283711064
UNIUSDT,1690059599999,LONG,-13463.082958333272,1305.7322083333856,1690059600000,-0.004726599949493755,-0.02469261259037152,-0.007999389648711192
UNIUSDT,1690063199999,SHORT,1305.7322083333856,-20953.297208333282,1690063200000,0.0009805524564048909,0.011995871398443448,0.008694993669502698
UNIUSDT,1690117199999,LONG,-25909.83354166671,10672.205249999912,1690117200000,-0.0014757729988405252,0.00815931419599533,0.00815931419599533
UNIUSDT,1690120799999,SHORT,10672.205249999912,-848.4343333334351,1690120800000,-0.0040933335910000096,-0.015304759823989754,0.004769353666845472
UNIUSDT,1690124399999,LONG,-848.4343333334351,10400.375791666573,1690124400000,-0.002617802542078823,0.012341826030387441,-0.015312722023327606
UNIUSDT,1690189199999,SHORT,7506.422750000017,-4349.036666666633,1690189200000,0.021815357400857296,0.01908358175630724,0.03749587167176192
UNIUSDT,1690333199999,LONG,-8247.494250000032,4671.9863333333005,1690333200000,0.0012136975915535688,0.003463806719187743,0.005191221209882975
UNIUSDT,1690473599999,SHORT,4903.796583333315,-7409.579416666694,1690473600000,-0.0046149983626964965,-0.0020537402392347527,-0.0242036017408864
UNIUSDT,1690487999999,LONG,-14450.229750000066,9451.853124999936,1690488000000,0.0008546278616065241,0.003754911392527759,0.009191554073270292
UNIUSDT,1690491599999,SHORT,9451.853124999936,-11446.616125000039,1690491600000,-0.0011952532798375785,-0.008845099340241826,-0.009183738016014303
UNIUSDT,1690502399999,LONG,-7571.146583333379,10325.714958333294,1690502400000,0.006115188073128287,0.018736306386342976,0.011688114765370652
UNIUSDT,1690523999999,SHORT,14677.50629166666,-1613.379500000049,1690524000000,0.0005065428559133424,-0.0020236094595269924,-0.001349527870133398
UNIUSDT,1690527599999,LONG,-1613.379500000049,15652.056374999947,1690527600000,-0.0032140770288913855,0.0048858660078993,0.010918055880868098
UNIUSDT,1690534799999,SHORT,4686.631541666614,-13686.69570833337,1690534800000,-0.004897417539981115,-0.00910016391269139,-0.01595465869307726
UNIUSDT,1690570799999,LONG,-2640.356958333354,10414.480958333326,1690570800000,-0.0006683375353203529,0.0026688923264910286,0.014756132790311422
UNIUSDT,1690574399999,SHORT,10414.480958333326,-564.5915833333371,1690574400000,-0.003170632610280566,-0.004169800053938854,-0.017561750218542456
UNIUSDT,1690646399999,LONG,-34779.16183333335,18024.672958333318,1690646400000,0.002934465750999534,0.020522656128439478,0.03843547557857919
UNIUSDT,1690649999999,SHORT,18024.672958333318,-3511.357000000018,1690650000000,-0.010042196474780218,-0.02380681840610225,-0.034715155170240465
UNIUSDT,1690653599999,LONG,-3511.357000000018,48584.17141666665,1690653600000,0.0008053475509774628,0.015984995096680506,0.029843484611461215
UNIUSDT,1690995599999,SHORT,3883.4906249997825,-68673.52145833349,1690995600000,0.00822784346433162,0.00871394895879402,0.010660737373781771
UNIUSDT,1691085599999,LONG,-37585.77333333308,4257.2766250002505,1691085600000,-0.0019550348358034616,-0.0021181270648201267,-0.002770762101853566
UNIUSDT,1691089199999,SHORT,4257.2766250002505,-3171.6215833331225,1691089200000,-0.0009781546264089037,0.005069097601285385,0.00539702021448793
UNIUSDT,1691099999999,LONG,-5297.822249999833,2601.0915000001746,1691100000000,-0.004905978768854518,-0.005725987014885189,-0.00016314544452534707
UNIUSDT,1691103599999,SHORT,2601.0915000001746,-42215.44816666646,1691103600000,0.0009839292364805527,0.00016392099044986605,-0.0034361483535052867
UNIUSDT,1691297999999,LONG,-24625.75074999998,21510.39054166668,1691298000000,-0.0011459443015512643,-0.001637465569741466,-0.016330259806787806
UNIUSDT,1691323199999,SHORT,987.1697916666841,-22444.664249999973,1691323200000,0.0023167311371477158,0.008298802814695066,0.01616297787149691
UNIUSDT,1691485199999,LONG,-62.57479166669267,16281.990541666644,1691485200000,0.0032509225311747507,0.01934887246724924,0.04474232055595858
UNIUSDT,1691711999999,SHORT,56451.092708333315,-2092.7520833333983,1691712000000,-0.004030638266169639,0.002426204182463937,0.001131496120073175
UNIUSDT,1691787599999,LONG,-10880.068833333338,10574.538166666665,1691787600000,0.0024250274595337944,0.011106754015042887,-0.00828936075287252
UNIUSDT,1691794799999,SHORT,4726.759874999999,-11034.915833333333,1691794800000,-0.0033922978981414296,-0.0006470398155215375,0.0030791694371657473
UNIUSDT,1691798399999,LONG,-11034.915833333333,23012.022416666674,1691798400000,0.007552056460386972,-0.0037165753372838516,-0.007772059847702973
UNIUSDT,1691942399999,SHORT,1723.1310000000037,-16055.175958333333,1691942400000,0.002457204938540261,-0.009768882636695028,-0.004244904333325036
UNIUSDT,1691974799999,LONG,-25962.91883333334,2965.8294583333386,1691974800000,0.00212470456657119,0.006523180339123476,0.014133936855562863
UNIUSDT,1691985599999,SHORT,850.8541666666666,-17984.620124999998,1691985600000,-0.0022782760057984924,-0.007951360351307455,-0.023507764195830345
UNIUSDT,1692028799999,LONG,-21373.278499999997,15738.364125000002,1692028800000,0.008556540875354237,-0.0067060765447869534,-0.003666803630201301
UNIUSDT,1692097199999,SHORT,8656.192041666663,-5668.345791666662,1692097200000,0.0033846434116633446,-0.007214460149332734,0.04223087067158387
UNIUSDT,1692104399999,LONG,-2430.5833333333235,5063.890000000014,1692104400000,0.003998405966695202,0.0019212301778938723,-0.05450357001779879
UNIUSDT,1692115199999,SHORT,18561.187708333367,-16212.626041666625,1692115200000,-0.0016007687106425344,0.045056355308642874,0.06059458381836505
UNIUSDT,1692399599999,LONG,-41627.995166666624,1338.2746666666596,1692399600000,-0.005085963562122472,-0.004678133213892206,-0.0012182742623545986
UNIUSDT,1692406799999,SHORT,803.2657500000254,-11134.026083333296,1692406800000,0.00974824941366059,0.00770951272381236,0.01097348950976163
UNIUSDT,1692413999999,LONG,-523.7991666666397,3821.3651666666797,1692414000000,-0.00020389438341616095,-0.006134988567515944,0.002443495412475845
UNIUSDT,1692421199999,SHORT,2613.604083333334,-3530.9690833333348,1692421200000,0.010441286382663268,-0.0034563417553968205,-0.016963250051152096
UNIUSDT,1692691199999,LONG,-22833.49179166668,2782.852083333322,1692691200000,-0.0014757038621957606,-0.010163119448502315,-0.033632815496727225
UNIUSDT,1692860399999,SHORT,15147.100708333348,-35374.791958333306,1692860400000,0.0018826488146166764,0.0050282946925358325,0.030771658666753774
UNIUSDT,1693047599999,LONG,-13146.930708333335,1956.2124166666642,1693047600000,0.001314636473298488,0.006338126342890447,0.010469016008807926
UNIUSDT,1693065599999,SHORT,4063.3247083333285,-4597.38200000001,1693065600000,0.004144405539421862,0.0021791248544681683,-0.004127300308776955
UNIUSDT,1693112399999,LONG,-936.0572499999931,9099.729083333339,1693112400000,-0.0017256259674697252,0.002797806624347536,0.009864973847440051
UNIUSDT,1693202399999,SHORT,3416.856791666738,-1536.357083333268,1693202400000,-0.002606996914280167,0.0023957323883782287,-0.017039126785731072
UNIUSDT,1693483199999,LONG,-4989.232333333304,6973.620666666703,1693483200000,-0.00215100104445491,-0.023259390037226498,-0.06342182643749594
UNIUSDT,1693486799999,SHORT,6973.620666666703,-597.573958333281,1693486800000,0.004532218829556646,0.050568229779721766,0.05215499198503165
UNIUSDT,1693490399999,LONG,-597.573958333281,6955.516083333369,1693490400000,0.0008650519570585044,-0.04491408570358612,-0.05240986185649248
UNIUSDT,1693497599999,SHORT,11359.947875000022,-8356.395958333344,1693497600000,0.029239891374428124,0.0358300754346551,0.02991962403909551
UNIUSDT,1693652399999,LONG,-2788.2858749999673,148.25991666670598,1693652400000,-0.002749142624921998,-0.001373626589611979,0.0006861063733983648
UNIUSDT,1693655999999,SHORT,148.25991666670598,-14498.952583333288,1693656000000,-0.0016045848714965943,-0.0020625651863485457,-0.008679816942417507
UNIUSDT,1693681199999,LONG,-5066.782374999976,2850.1769583333466,1693681200000,0.0043693297062143,0.00803401543836225,0.02346081865602201
UNIUSDT,1693706399999,SHORT,1744.6768750000217,-1658.407541666643,1693706400000,-0.000686734604075,-0.007528266420791588,-0.012063421586182869
UNIUSDT,1693709999999,LONG,-1658.407541666643,3186.948708333359,1693710000000,0.004338401598598141,0.016341716364736997,0.013185005738891599
UNIUSDT,1693738799999,SHORT,1392.7187500000098,-11680.227499999999,1693738800000,-0.004519781705619336,-0.0029401807904670947,0.0049954690622808695
UNIUSDT,1693789199999,LONG,-5325.775041666678,156.33124999998836,1693789200000,-0.0027106409188102755,0.005623679200760703,-0.007017572658646535
UNIUSDT,1693807199999,SHORT,14602.397291666668,-13124.095583333348,1693807200000,-0.0018111845566959476,-0.008574059746306886,0.0024957471831402777
UNIUSDT,1693825199999,LONG,-3309.501458333349,8055.232666666653,1693825200000,-0.00902329605215512,-0.00879671850502083,-0.009476605216762855
UNIUSDT,1693886399999,SHORT,5536.878291666663,-12483.604041666686,1693886400000,-0.0006940428271656775,0.006734032181344068,-0.008296890185509002
UNIUSDT,1693893599999,LONG,-7973.1757916666875,16976.30845833333,1693893600000,-0.006522268637293877,0.003013796184045387,0.01291828806949907
UNIUSDT,1693904399999,SHORT,8889.616541666668,-4023.5619583333223,1693904400000,-0.0011580777206276467,-0.0016209335493028345,-0.006237746920708588
UNIUSDT,1693915199999,LONG,-4159.844499999987,97.04500000001765,1693915200000,0.0018527101177295087,0.009918199168340544,0.014726451133706539
UNIUSDT,1693922399999,SHORT,1357.7628333333462,-1910.6724166666438,1693922400000,-0.0034726276360516417,-0.011758060534776658,-0.014504686202881631
UNIUSDT,1693994399999,LONG,-13974.743333333341,263.2309999999852,1693994400000,0.0024878447752096455,0.0024878447752096455,0.008343717364771108
UNIUSDT,1693997999999,SHORT,263.2309999999852,-3406.140708333342,1693998000000,-0.0020309157381166927,0.00657226161743453,-0.004507557778555467
UNIUSDT,1694023199999,LONG,-1589.6574583333374,14089.339083333345,1694023200000,-0.011042365722930544,-0.0020190696707753503,0.0017913126151366107
UNIUSDT,1694026799999,SHORT,14089.339083333345,-4393.9166249999735,1694026800000,-0.0018107746007100058,-0.007448403694014917,-0.01350155523339337
UNIUSDT,1694123999999,LONG,-13677.714125000004,20468.602083333342,1694124000000,0.010254213791814348,-0.0053920597952346605,-0.013762202542862933
UNIUSDT,1694213999999,SHORT,3566.05308333325,-33164.35875000007,1694214000000,0.00022917382935173358,0.0016053208355192986,0.005053996514724333
UNIUSDT,1694253599999,LONG,-2205.882916666742,1423.4630833332583,1694253600000,0.001152206602870975,-0.004853817457340912,-0.0002306007158839319
UNIUSDT,1694257199999,SHORT,1423.4630833332583,-8348.67320833335,1694257200000,0.0016134612235948406,0.0067013537903939805,0.0016134612235948406
UNIUSDT,1694491199999,LONG,-24073.33116666667,3999.357208333318,1694491200000,-0.006217141020509878,-0.006936997080389243,0.010669929324696776
UNIUSDT,1694501999999,SHORT,338.29974999999104,-4849.420166666678,1694502000000,-0.002643914531368849,-0.028003728354476273,-0.01741663970057964
UNIUSDT,1694509199999,LONG,-8102.291583333349,2723.1027916666403,1694509200000,0.010283481749807855,0.01834039737125024,0.01479387515295701
UNIUSDT,1694584799999,SHORT,6752.864749999996,-641.1132916666611,1694584800000,-0.005712941031981609,-0.019854114696989895,-0.013515321316166519
UNIUSDT,1694588399999,LONG,-641.1132916666611,4060.66341666667,1694588400000,0.0014231501453220846,0.010624583474408289,0.008979266379773698
UNIUSDT,1694703599999,SHORT,2148.738749999992,-19665.179166666687,1694703600000,0.0030026584518503033,0.01229856550411109,0.0083372414378284
UNIUSDT,1694775599999,LONG,-1810.0714583333513,2850.774249999978,1694775600000,-0.005125826693653537,-0.009339316073389272,0.01270078266596557
UNIUSDT,1694779199999,SHORT,2850.774249999978,-5797.783458333353,1694779200000,0.0025727999222759264,-0.00140056045303102,-0.015989217937783577
UNIUSDT,1694811599999,LONG,-5292.176166666689,2956.0516249999805,1694811600000,0.006754421859462283,0.014385398882776837,0.013694074970002896
UNIUSDT,1694908799999,SHORT,86.32970833333577,-18183.960208333327,1694908800000,0.00880858732155374,0.003467810665156866,-0.0009227220954568015
UNIUSDT,1694944799999,LONG,-8095.698166666664,10483.435958333328,1694944800000,-0.005490748180416623,-0.010320009031989472,-0.03152057010553804
UNIUSDT,1694951999999,SHORT,4231.629374999994,-21453.915125000003,1694952000000,-0.004371340217484808,-0.0006914832590842547,0.013463527418549316
UNIUSDT,1694966399999,LONG,-1062.3632500000094,3914.431583333324,1694966400000,-0.009024705471918313,-0.012517548701616473,-0.002075407178712418
UNIUSDT,1694969999999,SHORT,3914.431583333324,-9339.833833333361,1694970000000,0.007232038986208835,0.012396369712863758,-0.005794430397209564
UNIUSDT,1695268799999,LONG,-9458.19008333335,1980.1470833333199,1695268800000,-0.00022938410468751222,-0.01176619872724198,-0.029561095822156432
UNIUSDT,1695283199999,SHORT,5872.330833333326,-2039.7721666666719,1695283200000,0.0011613054376794919,0.010266072430598634,0.014967538542405465
UNIUSDT,1695373199999,LONG,-8411.559875,674.1290416666646,1695373200000,0.00046948357669841334,-0.001644930461375032,-0.00801513013193946
UNIUSDT,1695412799999,SHORT,3532.958499999979,-1820.961666666689,1695412800000,0.0007098071988540113,-0.006600684031352093,-0.009650539767833975
UNIUSDT,1695419999999,LONG,-1669.6982916666893,887.8805416666437,1695420000000,0.001174950199791296,0.0025830705920470457,0.005627212973275117
UNIUSDT,1695427199999,SHORT,452.3887083333102,-575.9626666666882,1695427200000,0.0007049700679699324,0.003294120625827323,-0.003049140394517799
UNIUSDT,1695430799999,LONG,-575.9626666666882,23766.447583333298,1695430800000,0.0023479700854981862,0,0.0030512874278175724
UNIUSDT,1695481199999,SHORT,409.0342499999897,-5642.080500000014,1695481200000,0.004465867100232764,0.0016430000175282477,-0.003978940299265448
UNIUSDT,1695488399999,LONG,-7831.215041666682,864.4731666666461,1695488400000,-0.0007039775017942694,-0.0016433857437299034,0.0004690431605691949
UNIUSDT,1695517199999,SHORT,9727.114208333316,-13961.715625000004,1695517200000,-0.0032748567279841296,0.0007031524958645101,-0.0037418191459953486
UNIUSDT,1695524399999,LONG,-8585.264583333344,2734.760916666648,1695524400000,-0.0016360877787674841,-0.007030729687789574,-0.000467180573785542
UNIUSDT,1695535199999,SHORT,1415.235916666649,-2644.789000000013,1695535200000,-0,-0.001644930461375086,-0.010527644313156517
UNIUSDT,1695560399999,LONG,-2210.6418333333386,2768.283624999995,1695560400000,-0.0021035417362781327,-0.0032740908574089614,-0.005854132161946333
UNIUSDT,1695599999999,SHORT,2602.3032499999877,-8498.431458333345,1695600000000,-0.00588860493250108,-0.0002362111738869302,0.002128415134826176
UNIUSDT,1695607199999,LONG,-4530.41083333334,447.5797916666609,1695607200000,0.0016491934471841265,-0.0011796627532935963,0.002825525779042861
UNIUSDT,1695610799999,SHORT,447.5797916666609,-3510.0485833333296,1695610800000,0.003536488420001073,0.002120391888808037,0.0028281894882522364
UNIUSDT,1695614399999,LONG,-3510.0485833333296,2100.4598333333392,1695614400000,0.0021228926477187956,0.004711433921319663,0.00588583217726113
UNIUSDT,1695643199999,SHORT,638.6506666666706,-3672.108249999995,1695643200000,-0.0026007817000574403,-0.008486613877318505,-0.010597061371864738
UNIUSDT,1695653999999,LONG,-4672.451916666658,1936.628166666674,1695654000000,0.005177700435171679,0.005177700435171679,0.014756093955491953
UNIUSDT,1695740399999,SHORT,9481.325416666647,-8064.77658333335,1695740400000,0.002833532002102061,0.0011796627532935963,-0.010321461557289593
UNIUSDT,1695920399999,LONG,-14495.79758333331,36797.59737500002,1695920400000,-0.00022474435424416414,-0.007669787203354601,-0.006312013742894357
UNIUSDT,1696006799999,SHORT,4369.504416666673,-38500.856374999996,1696006800000,0.004500457641056114,0.016753844446821042,0.007210486399921302
UNIUSDT,1696057199999,LONG,-350.9934583333258,3383.9598333333392,1696057200000,-0.0027100287588652412,0.0006763612026527606,0.004051322219178724
UNIUSDT,1696060799999,SHORT,3383.9598333333392,-14108.541416666667,1696060800000,-0.001581742505806638,-0.002935533326288192,-0.009229103211878427
UNIUSDT,1696064399999,LONG,-14108.541416666667,4885.319208333339,1696064400000,0.0020299995693409305,0.0009027308218551869,0.005404201398504202
UNIUSDT,1696175999999,SHORT,1099.9165416666801,-3114.3202083333163,1696176000000,0.0054963313041125434,0.006819958234620681,-0.019540352512396574
UNIUSDT,1696334399999,LONG,-16006.828791666638,4044.191500000037,1696334400000,-0.0074383302499586345,-0.014932404155488535,-0.021335353083309905
UNIUSDT,1696337999999,SHORT,4044.191500000037,-3638.7602083332968,1696338000000,-0.006765925675301859,0.006812015442505771,0.03640955163082778
UNIUSDT,1696341599999,LONG,-3638.7602083332968,9260.748541666691,1696341600000,-0.00926037108843139,-0.01654803713870354,-0.03756740436277903
UNIUSDT,1696345199999,SHORT,9260.748541666691,-1671.860249999959,1696345200000,0.00432162619607451,0.014401894827466498,0.02295784943797997
UNIUSDT,1696550399999,LONG,-4753.881208333351,1806.2669583333143,1696550400000,0.001393728448603883,0.006025510698642346,0.009024705471918245
UNIUSDT,1696553999999,SHORT,1806.2669583333143,-4431.4203750000115,1696554000000,-0.0018548579396394079,-0.0018548579396394079,-0.00023204548195534546
UNIUSDT,1696564799999,LONG,-658.9287500000113,1684.1812916666483,1696564800000,-0.0027758518865029064,0.003919313374394526,0.01353697395314026
UNIUSDT,1696568399999,SHORT,1684.1812916666483,-2212.1745000000133,1696568400000,-0.002775851886502981,-0.008993488497373508,-0.013117205681235566
UNIUSDT,1696575599999,LONG,-181.10662500001004,3107.383416666659,1696575600000,0.0020730169810087716,0.0016127177784053006,0.010322376320045673
UNIUSDT,1696586399999,SHORT,3615.9842083333156,-1217.7032500000157,1696586400000,0.0018399269220071826,-0.0013777269687864858,-0.012785562296971925
UNIUSDT,1696607999999,LONG,-14263.562583333338,2600.8477916666598,1696608000000,-0.003195620158407758,-0.0006839165888375225,-0.0009119927672693508
UNIUSDT,1696611599999,SHORT,2600.8477916666598,-11688.273458333328,1696611600000,-0.002055499182096181,-0.002511703569570334,-0.002283627391138537
UNIUSDT,1697000399999,LONG,-10596.193291666661,4290.145625000005,1697000400000,-0.0009746589465528782,0.0038891638715253542,-0.010527701591152225
UNIUSDT,1697007599999,SHORT,4113.02070833334,-2820.4684583333315,1697007600000,-0.0009756098334810227,-0.009230087389420133,0.005137625979591592
UNIUSDT,1697288399999,LONG,-20542.607750000006,7460.099124999993,1697288400000,-0.0019622277573931378,0.0004899559137700884,-0.0034364294985812097
UNIUSDT,1697374799999,SHORT,9793.082999999993,-12676.73245833334,1697374800000,0.0034179720775436508,-0.0012178786062628049,-0.002191114692815113
UNIUSDT,1697435999999,LONG,-9693.087124999991,12597.576000000017,1697436000000,-0.0021482285382896063,-0.008380271718953657,-0.017559080123047802
UNIUSDT,1697443199999,SHORT,3300.895458333352,-170.65091666664375,1697443200000,0.0016853260278934233,0.004339447503905039,0.005790124740905085
UNIUSDT,1697450399999,LONG,-2090.6182916666417,4812.151083333362,1697450400000,-0.002649008171576953,-0.004338401598598353,-0.008695706967554045
UNIUSDT,1697464799999,SHORT,5680.991625000034,-4617.695291666595,1697464800000,-0.0009654840238280953,0.004841452206749797,0.008975196694961801
UNIUSDT,1697475599999,LONG,-537.4501249999157,7708.762041666746,1697475600000,0.00024268899524539862,0.00024268899524539862,-0.006086446056402328
UNIUSDT,1697482799999,SHORT,2594.364625000082,-2621.029041666586,1697482800000,0.001933769033834897,0.001691843303853574,0.018031677638342736
UNIUSDT,1697497199999,LONG,-291.3152499999148,2893.4693750000806,1697497200000,-0.004363643287773464,-0.007527047799527604,-0.02448702172755666
UNIUSDT,1697500799999,SHORT,2893.4693750000806,-5390.396541666589,1697500800000,0.00536063661876724,0.004139784312325196,0.024601486730308233
UNIUSDT,1697770799999,LONG,-12929.289374999978,10054.41295833337,1697770800000,0.005008775810929481,0.004009025665174074,0.008500051177638036
UNIUSDT,1697781599999,SHORT,409.5091250000308,-9795.655416666637,1697781600000,0.00025003125520928253,-0.02078253918252841,-0.0007497188905459742
UNIUSDT,1697785199999,LONG,-9795.655416666637,4490.476333333364,1697785200000,-0.0037579901423295905,0.014892307992079475,0.00025003125520938217
UNIUSDT,1697810399999,SHORT,4689.461166666704,-4343.676374999962,1697810400000,0.005214164513500589,0.008705439880209269,0.016228043058183917
UNIUSDT,1698026399999,LONG,-6086.419333333305,2.954416666723167,1698026400000,-0.004624285697113792,-0.009735820990081552,-0.02854662723562572
UNIUSDT,1698029999999,SHORT,2.954416666723167,-4582.210791666604,1698030000000,0.004179249175569477,0.014469330617842899,0.020363488905536683
UNIUSDT,1698307199999,LONG,-7791.654250000011,38194.34170833331,1698307200000,-0.007828729830076138,-0.02743720121845232,-0.06515032904897684
UNIUSDT,1698314399999,SHORT,1195.6919583333267,-14170.147666666666,1698314400000,0.0030292461705755417,0.019500206766499995,0.04570047962357687
UNIUSDT,1698587999999,LONG,-5976.335666666705,10421.451666666675,1698588000000,0.008175087606945188,0.006977052241415809,0.0033743102635884286
UNIUSDT,1698595199999,SHORT,17227.424291666688,-8083.827041666649,1698595200000,0.0033629625737291893,-0.0028735651957317787,0.008912500281114762
UNIUSDT,1698620399999,LONG,-11954.83233333331,1384.6441666666894,1698620400000,-0.009097501098229457,-0.008376260533246548,0.005229391522532144
UNIUSDT,1698638399999,SHORT,5754.762958333343,-318.86854166666063,1698638400000,-0.004585503389039822,0.002906978791309384,-0.014886229274474017
UNIUSDT,1698641999999,LONG,-318.86854166666063,2329.4927916666734,1698642000000,-0.007979730409643927,0.005284662791421485,0.007677580899034332
UNIUSDT,1698645599999,SHORT,2329.4927916666734,-14030.406499999992,1698645600000,-0.007736982502152401,-0.018755058037006195,-0.004601049405160428
UNIUSDT,1700326799999,LONG,-15066.658666666617,13403.65804166667,1700326800000,0.0031496089028962013,-0.0025663818251256865,-0.004148973649009307
UNIUSDT,1700337599999,SHORT,22480.386208333348,-3613.4101249999853,1700337600000,0.005126194190724223,0.0037434779210398185,-0.001964637174164816
UNIUSDT,1700377199999,LONG,-2542.7769999999728,25838.309125000018,1700377200000,0,-0.004130205497597933,0.009571320260630256
UNIUSDT,1700391599999,SHORT,4157.666583333349,-6933.954749999994,1700391600000,-0,0.003553102830004999,-0.013893188931701305
UNIUSDT,1700675999999,LONG,-49036.993916666695,8164.8051250000135,1700676000000,0.010547903170003906,0.057652372357477506,0.049710033824464574
UNIUSDT,1700855999999,SHORT,2770.082166666747,-39630.60229166655,1700856000000,0.0035877403128575067,-0.004061414079238158,-0.011974253105410131
UNIUSDT,1704261599999,LONG,-47679.10450000007,3221.2809166666025,1704261600000,-0.001637554951089765,-0.0005455537505740944,-0.12704656259879865
UNIUSDT,1704265199999,SHORT,3221.2809166666025,-20557.67358333338,1704265200000,0.007679686674228074,-0.0008193363834024275,0.14879165887242826
UNIUSDT,1704607199999,LONG,-12297.687291666667,11935.213791666654,1704607200000,0.004209876023522901,-0.01289528798573284,-0.03692335410459781
UNIUSDT,1704639599999,SHORT,1904.6769166666443,-4786.3601666666755,1704639600000,0.012169885989294414,0.014589437133383988,0.08154258517715726
UNIUSDT,1705733999999,LONG,-11658.34275000003,2087.140791666636,1705734000000,0.0025991911276978855,-0.009227995352028097,-0.011083857313708222
UNIUSDT,1705737599999,SHORT,2087.140791666636,-19335.5242916667,1705737600000,0.004898968769089833,0.008434985982538676,0.012601980205647114
UNIUSDT,1705769999999,LONG,-11026.861375000022,19219.46687500003,1705770000000,0.0030907148695505492,0.00478654507631629,0.005094569104625723
UNIUSDT,1705802399999,SHORT,35905.17058333336,-14512.415875,1705802400000,-0.0072829019512521,-0.009287992466470722,-0.006665141313845161
UNIUSDT,1705809599999,LONG,-5603.231041666663,1488.941458333337,1705809600000,-0.000615763566254455,-0.005246116028114254,-0.009121188690862135
UNIUSDT,1705813199999,SHORT,1488.941458333337,-2389.506833333328,1705813200000,0.0007701194065641862,0.006487511168860192,0.009280809074472969
UNIUSDT,1706263199999,LONG,-11987.318958333335,4077.7128333333335,1706263200000,0.011204116170777132,0.007942030695875348,0.024147076143254363
UNIUSDT,1706302799999,SHORT,13500.49358333332,-7363.559250000025,1706302800000,0.0011837322765501808,-0.007073118070284784,0.010533566644876301
UNIUSDT,1706461199999,LONG,-14011.738000000012,19033.008791666663,1706461200000,-0.003504968955755357,-0.006351350115683277,0.004654263720918785
UNIUSDT,1706471999999,SHORT,5938.242333333328,-16469.569333333347,1706472000000,-0.007067167223092573,-0.003203239694204816,-0.006731765576480085
UNIUSDT,1706525999999,LONG,-1852.6549166666955,5982.021833333303,1706526000000,-0.0068797989288172465,-0.013807257569456038,0.02330491390639233
UNIUSDT,1706536799999,SHORT,6751.290208333313,-223.3754583333551,1706536800000,-0.0013573127295891314,-0.029113650676575228,-0.04530767431661087
UNIUSDT,1706543999999,LONG,-858.9286666666885,1055.8822499999806,1706544000000,0.010445257861538604,0.009455158770755197,0.027290860235903675
UNIUSDT,1706547599999,SHORT,1055.8822499999806,-5262.636708333346,1706547600000,-0.00016492125047691243,-0.0034576473074527077,-0.018142198990373976
UNIUSDT,1706558399999,LONG,-5837.487791666688,11692.756833333324,1706558400000,0.004612858261898654,0.01426370604664264,0.018325120125880695
UNIUSDT,1706576399999,SHORT,10491.398291666652,-5593.295166666678,1706576400000,-0.002274205008773416,-0.0040574591086350005,0.0009762447895423304
UNIUSDT,1706630399999,LONG,-63494.95258333333,15425.033166666699,1706630400000,0.008765694823650066,0.009717320589359039,0.001759296735257552
UNIUSDT,1706633999999,SHORT,15425.033166666699,-25443.46437499997,1706634000000,0.0036557300508657234,-0.0015852888545153795,0.013095044998090256
UNIUSDT,1706785199999,LONG,-4434.127333333377,16134.618041666638,1706785200000,-0.007036383529449334,0.002334501643857354,0.007484442422136813
UNIUSDT,1706788799999,SHORT,16134.618041666638,-8409.536541666685,1706788800000,-0.004026175544400353,-0.005866102466407486,-0.016173758151497703
UNIUSDT,1706878799999,LONG,-16680.549708333387,143.76599999994747,1706878800000,-0.008078893512986438,-0.002094241603114848,-0.010840653045983306
UNIUSDT,1706882399999,SHORT,143.76599999994747,-19272.939625000046,1706882400000,-0.0009727627226221415,0.004552113209347719,-0.003400537646570316
UNIUSDT,1706907599999,LONG,-1252.7245416666653,12526.766916666676,1706907600000,-0.0013097578820635294,0.005710106060652965,0.00895844414513633
UNIUSDT,1706990399999,SHORT,7479.250541666668,-8216.210583333343,1706990400000,-0.0009770396478266119,0.004899568841158425,0.016591756383255274
UNIUSDT,1707127199999,LONG,-8362.606041666666,7306.56179166667,1707127200000,0.0024738200131491942,0.0034616370180704857,-0.020350994266517545
UNIUSDT,1707137999999,SHORT,5848.89279166667,-1700.1953333333295,1707138000000,-0.0037919425536912144,0.006795418542095293,0.004303929835278007
UNIUSDT,1707141599999,LONG,-1700.1953333333295,4042.827000000012,1707141600000,-0.005446007354104845,-0.014589118176144323,-0.00395778880741692
UNIUSDT,1707148799999,SHORT,1130.8923750000129,-2386.1153749999867,1707148800000,-0.0016644477877254837,0.0013335557902284302,-0.024030122701626633
UNIUSDT,1707159599999,LONG,-2046.2165833333202,9484.617666666678,1707159600000,-0.0028316834112503977,-0.00717806270421516,0.018294700605089472
UNIUSDT,1707170399999,SHORT,3493.6179166666698,-19937.732583333334,1707170400000,-0.005880887317882678,-0.01969027405747922,-0.03851397414072575
UNIUSDT,1707389999999,LONG,-38968.45704166665,308.550291666698,1707390000000,-0.0028266350478638597,-0.0037706250487384023,-0.009295064953241108
UNIUSDT,1707393599999,SHORT,308.550291666698,-9607.175374999968,1707393600000,0.0037819143721629566,-0.0051768881795337274,0.007102863103122327
UNIUSDT,1707447599999,LONG,-6935.795333333338,8288.050499999998,1707447600000,-0.008399489419976359,-0.0074627212015896,0.018568783351566163
UNIUSDT,1707555599999,SHORT,2978.679666666678,-30641.25758333332,1707555600000,-0.004104908842738443,-0.005166399578545119,-0.013167046074439685
UNIUSDT,1707562799999,LONG,-10683.429916666651,3554.47808333335,1707562800000,0.007302634004817382,0.006847778413622741,0.01349834706186622
UNIUSDT,1707569999999,SHORT,823.6121250000239,-17501.880666666635,1707570000000,-0.0006060606246116708,-0.0018170810572052584,0.0007580926752270151
UNIUSDT,1707674399999,LONG,-2557.263833333316,45072.479291666685,1707674400000,0.005184812740778347,-0.001932655028085683,-0.018437155699548805
UNIUSDT,1707703199999,SHORT,18187.28966666671,-395.81145833329356,1707703200000,0.008854263593644322,0.012478550254910136,0.026801513378706444
UNIUSDT,1708106399999,LONG,-2488.602583333423,11234.84416666659,1708106400000,0.0074269465686724895,0.006215396309415633,0.01879754596750242
UNIUSDT,1708127999999,SHORT,270.4988333332876,-14458.930750000067,1708128000000,-0.012805297025672934,-0.005221943981151846,-0.02033157537291773
UNIUSDT,1708347599999,LONG,-2137.018458333274,23094.819833333386,1708347600000,-0.007340444547082959,-0.01261680555485356,-0.006682852624918539
UNIUSDT,1708354799999,SHORT,22062.432708333377,-9296.795833333288,1708354800000,-0.0018401687632218816,-0.003808027712462184,-0.0014461318499997134
UNIUSDT,1708700399999,LONG,-112669.83662499992,366924.8759583351,1708700400000,0.024767144083249808,-0.030850306375617854,0.0831766625390083
UNIUSDT,1708847999999,SHORT,433884.60570833413,-43432.08162499949,1708848000000,-0.0018018877273238403,-0.02650836619308284,-0.018806384074591898
UNIUSDT,1708851599999,LONG,-43432.08162499949,45271.31520833386,1708851600000,0.008397464075431259,0.01821475576976855,0.0122423602642382
UNIUSDT,1708858799999,SHORT,24490.879666666966,-51711.91399999972,1708858800000,-0.015276004954427868,0.012847333327654866,-0.023194285899424027
UNIUSDT,1708862399999,LONG,-51711.91399999972,219623.57149999976,1708862400000,-0.006491722695990496,-0.03126574909535192,0.03022808445689266
UNIUSDT,1708912799999,SHORT,59912.58037500025,-71686.84799999988,1708912800000,-0.03163993701975561,0.003302452318004763,0.03808206319071197
UNIUSDT,1708916399999,LONG,-71686.84799999988,435375.3798333335,1708916400000,-0.014930320702242657,-0.035129351542415664,-0.0565896019369657
UNIUSDT,1708934399999,SHORT,198346.0051250003,-180196.91804166618,1708934400000,-0.007477369169079673,0.009047276865974627,0.011511733089609212
UNIUSDT,1709755199999,LONG,-214101.85616666535,105196.37445833448,1709755200000,0.00958023669923509,-0.030470882839785454,-0.06002709054619911
UNIUSDT,1709783999999,SHORT,11012.392375001218,-106412.65229166548,1709784000000,-0.014658134392862097,-0.004620492366586404,-0.014790409525330122
UNIUSDT,1709816399999,LONG,-115821.70874999936,56854.988625000464,1709816400000,-0.0065702813659300995,0.012479195827831429,0.027106984201296314
UNIUSDT,1709819999999,SHORT,56854.988625000464,-130116.03612499947,1709820000000,-0.008660991957191784,-0.014505229865662802,-0.03091374229247272
UNIUSDT,1709827199999,LONG,-136419.47920833342,85685.16137500014,1709827200000,-0.008233778256880542,-0.019565914143146186,0.01919042420203551
UNIUSDT,1709830799999,SHORT,85685.16137500014,-25590.37741666644,1709830800000,0.0045442473280985825,0.007361339539248,-0.0062479432228663805
UNIUSDT,1709863199999,LONG,-23068.079708333145,25479.87658333365,1709863200000,-0.01173092287569859,-0.017145555577197526,-0.017480754856305607
UNIUSDT,1709888399999,SHORT,31601.32833333366,-51308.329791666416,1709888400000,-0.004140520522197962,0.00833283043964143,0.039015254809237614
UNIUSDT,1711033199999,LONG,-25409.71362500005,997.6426666666133,1711033200000,-0.004302861417458083,-0.028815127057121744,-0.011042496696642867
UNIUSDT,1711047599999,SHORT,22445.63837500002,-10812.24495833336,1711047600000,-0.012163339416972018,-0.02343365113973754,-0.030794835696772813
UNIUSDT,1711054799999,LONG,-19056.88625000002,20741.677708333318,1711054800000,0.009271589595557782,0.013711291042506768,-0.005922359554829421
UNIUSDT,1711061999999,SHORT,17784.204999999976,-17150.5864583334,1711062000000,-0.012458393059173593,0.005578002224563997,0.019787683447690243
UNIUSDT,1711342799999,LONG,-4463.759708333382,9871.434833333295,1711342800000,0.0020474189208611205,-0.00790127567413485,0.04056618216705902
UNIUSDT,1711349999999,SHORT,556.0215416666178,-8048.617458333388,1711350000000,0.008581618800956094,0.0008219628935574227,-0.03844302701475095
UNIUSDT,1711382399999,LONG,-1546.1665833333973,102010.6419166666,1711382400000,0.010923015045768245,0.007216240029742626,0.00903191055025541
UNIUSDT,1711468799999,SHORT,16797.419541666673,-87233.90829166665,1711468800000,0.0074219246564855195,0.0013525880249658678,-0.005313045288352901
UNIUSDT,1711551599999,LONG,-61329.81179166657,15840.22000000003,1711551600000,-0.010851760363756196,-0.027641070790282753,-0.02321265613973125
UNIUSDT,1711555199999,SHORT,15840.22000000003,-22776.44137499992,1711555200000,-0.012849518267122134,0.012280071366959626,0.010318164418692181
UNIUSDT,1711587599999,LONG,-9184.364666666594,11208.990333333408,1711587600000,-0.010987779939322106,0.0012942891306890764,0.000809126996162498
UNIUSDT,1711609199999,SHORT,10529.481375000056,-17453.676791666596,1711609200000,0.0007188785804216556,0.005524654750015456,-0.0071605047773003905
UNIUSDT,1711709999999,LONG,-15951.90408333327,15009.620291666739,1711710000000,0.02173323665243709,0.010770415516951523,-0.00922319415120403
UNIUSDT,1711749599999,SHORT,24250.62762500004,-28458.754208333285,1711749600000,-0.009388993223939018,-0.019161314668800448,-0.00930979471282941
UNIUSDT,1711756799999,LONG,-3565.475916666619,8686.036375000074,1711756800000,0.005044942120523395,0.0003160556284211323,0.006930252969603957
UNIUSDT,1711763999999,SHORT,6213.704583333408,-28338.024458333257,1711764000000,0.0023557136924590365,0.0026702285558789208,-0.0077347156969084195
UNIUSDT,1712325599999,LONG,-32292.226999999973,7136.552500000049,1712325600000,0.009669919251087638,0.004340004042003867,0.010586005793717304
UNIUSDT,1712476799999,SHORT,6620.9002083333135,-712.4695833333244,1712476800000,-0.0014188172992868322,-0.004427136680070853,0.0019541665483276452
UNIUSDT,1712480399999,LONG,-712.4695833333244,17138.245250000018,1712480400000,-0.001063829887565102,0.005037794029957302,0.0011512066801608939
UNIUSDT,1712541599999,SHORT,24840.425041666644,-13704.054041666657,1712541600000,0.0011409014357915558,0.0026348162089969017,-0.020574535382895574
UNIUSDT,1712721599999,LONG,-26558.27641666663,5366.7889583333745,1712721600000,0.003762433892830701,0.003494157566607375,-0.001706714988731552
UNIUSDT,1712732399999,SHORT,7850.946458333366,-6400.519541666649,1712732400000,0.006863077876603797,0.010536752542696788,0.0917545968581674
UNIUSDT,1712768399999,LONG,-15688.989833333326,6973.045291666688,1712768400000,-0.004788941397905279,-0.13021288227648967,-0.18085399754087797
UNIUSDT,1712775599999,SHORT,3.412000000020877,-565032.8766666669,1712775600000,0.009096751730672384,0.025242910032713912,0.09150050329491759
UNIUSDT,1713128399999,LONG,-250532.30137500065,15031.902749999737,1713128400000,-0.002795249898304512,0.024811748345705403,0.08183400587800271
UNIUSDT,1713193199999,SHORT,25149.947999999935,-45883.07470833339,1713193200000,-0.010175479415533057,0.04472094157649683,0.030191487878474463
UNIUSDT,1713232799999,LONG,-32856.348875,3691.6710833333004,1713232800000,0.0069589703243035225,-0.01832327514998065,-0.0068671000711734405
UNIUSDT,1713239999999,SHORT,6817.238041666627,-8113.838375000031,1713240000000,0.017530556547865422,-0.02593925937572053,0.030264052284732296
UNIUSDT,1713254399999,LONG,-17645.767875000078,4909.60574999993,1713254400000,-0.0019291724324087907,0.005080683774956534,-0.028910609280298986
UNIUSDT,1713319199999,SHORT,3712.6225416665548,-23622.14750000008,1713319200000,0.004071038120622582,0.003367951541705182,0.028419076520410702
UNIUSDT,1713376799999,LONG,-22951.92599999986,9974.26666666676,1713376800000,0.0180727810596946,0.005485002204085963,0.013085239548655534
UNIUSDT,1713383999999,SHORT,10938.069083333443,-1662.6694583332282,1713384000000,0.013591880728665207,0.011265283779791586,0.009668882599017728
UNIUSDT,1713394799999,LONG,-909.4161666665847,1961.6319583334262,1713394800000,-0.005937313799612062,0.01731954836465514,0.004897028366098134
UNIUSDT,1713463199999,SHORT,19796.754666666635,-17733.516500000045,1713463200000,-0.010654804288431973,-0.02409083992191872,-0.012466020387892624
UNIUSDT,1713470399999,LONG,-15779.662375000034,23458.859958333294,1713470400000,0.00647429770272956,0.008120614441700313,0.035167564021512464
UNIUSDT,1713491999999,SHORT,2425.191874999999,-43676.857333333326,1713492000000,-0.004495041281411616,-0.043092340779555635,-0.09688112685382402
UNIUSDT,1713549599999,LONG,-507.07975000018877,5661.91641666651,1713549600000,-0.004362489567863119,-0.0010558269424812438,0.0026347005097363723
UNIUSDT,1713560399999,SHORT,6350.1553749998275,-8641.369666666831,1713560400000,-0.005561455012471099,0.013501976389546892,0.0007970244842751175
UNIUSDT,1713571199999,LONG,-7990.845375000179,13630.109291666487,1713571200000,-0.007775880445623211,0.011155494171785452,0.0006675122068828015
UNIUSDT,1713574799999,SHORT,13630.109291666487,-8811.144250000178,1713574800000,-0.01946468598914376,-0.023417781135723344,-0.013107048680786156
UNIUSDT,1713578399999,LONG,-8811.144250000178,44199.793416666456,1713578400000,0.0002640612637471855,0.003690527452217599,-0.005030458053226876
UNIUSDT,1713596399999,SHORT,24431.206874999887,-6018.574833333386,1713596400000,0.0011875702391953846,0.01087255473129926,-0.030647769423578483
UNIUSDT,1713614399999,LONG,-12931.60416666668,16398.20091666665,1713614400000,0.004527907589403441,0.02712477027971241,0.04909520497100431
UNIUSDT,1713707999999,SHORT,124.14187500011758,-21349.589166666545,1713708000000,-0.0002605523725005714,0.0007820646905386898,-0.009079180395571063
UNIUSDT,1713758399999,LONG,-32015.476875000004,8498.957041666677,1713758400000,0.00440834519567297,0.008547060578458568,0.014909754366287283
UNIUSDT,1713761999999,SHORT,8498.957041666677,-8233.876291666675,1713762000000,-0.0071379678185549324,-0.0048893722427560266,-0.0046392158937340585
UNIUSDT,1713776399999,LONG,-9879.496416666681,3972.91770833331,1713776400000,0.009458689063125615,0.0021235408641998525,0.012797590328640189
UNIUSDT,1713815999999,SHORT,11002.591166666622,-7128.625416666696,1713816000000,-0.004330350101220896,-0.016234522093721407,-0.0004958472891975498
UNIUSDT,1713819599999,LONG,-7128.625416666696,7511.04462499998,1713819600000,0.005540180375615351,0.018712708932154164,-0.00992563979996993
UNIUSDT,1713833999999,SHORT,6668.020874999968,-2006.7872916667063,1713834000000,0.006808536939653646,0.0192066580654375,0.029261984549030826
UNIUSDT,1713934799999,LONG,-599.7937083333867,23080.190541666612,1713934800000,-0.006028932441835447,-0.003194498354888715,-0.0512158220515916
UNIUSDT,1713949199999,SHORT,2313.128500000001,-655.8084583333208,1713949200000,0.00641977513478585,0.0017243507167075652,0.045828764618820426
UNIUSDT,1713959999999,LONG,-16173.612791666636,20346.43154166669,1713960000000,-0.006512279573600941,-0.05604236238574351,-0.05720884557160466
UNIUSDT,1713963599999,SHORT,20346.43154166669,-16659.444499999972,1713963600000,0.022691411202070765,0.04629697297999536,0.04243098878352944
UNIUSDT,1713992399999,LONG,-7425.755208333256,15445.64358333341,1713992400000,0.0027018350305367234,0.0016734251185833513,0.0016734251185833513
UNIUSDT,1714010399999,SHORT,1926.4932916667603,-10399.430999999895,1714010400000,-0.009599243511423368,-0.008436677986180379,-0.008048855603968312
UNIUSDT,1714057199999,LONG,-12054.491458333301,53324.12316666678,1714057200000,0.023177760060989074,0.016556460337878696,0.0017825316662831252
UNIUSDT,1714071599999,SHORT,54217.189916666684,-12358.522291666624,1714071600000,0.0031381435406451067,0.008053396993168462,0.024614285040182274
UNIUSDT,1714226399999,LONG,-13130.451791666652,10152.961416666667,1714226400000,-0.0011661808901825075,0.034492760801837365,0.04060441063303755
UNIUSDT,1714327199999,SHORT,5769.220750000027,-54353.14104166665,1714327200000,-0.0088623185044587,-0.0013781872757146951,0.03651624914198451
UNIUSDT,1714460399999,LONG,-15035.95458333329,2832.7940833333705,1714460400000,-0.00941675805011854,-0.04867952202182013,-0.08457653151037792
UNIUSDT,1714463999999,SHORT,2832.7940833333705,-7199.620083333303,1714464000000,0.032724121959000894,0.05872104711709949,0.10960370001822377
UNIUSDT,1714640399999,LONG,-16117.054625000028,12366.743541666685,1714640400000,0.0035650661644961446,0.016154524470950102,0.010515941727975455
UNIUSDT,1714719599999,SHORT,8201.306250000014,-5636.2938333333195,1714719600000,0.0021430110351624452,0.00357424070555249,-0.05699982967900231
UNIUSDT,1714730399999,LONG,-2658.3664583333302,963.2192500000043,1714730400000,-0.005855068494039057,0.03758737963953327,0.071959656125848
UNIUSDT,1714791599999,SHORT,11720.84341666669,-2238.4150833333065,1714791600000,-0.005701798912143972,-0.005966209278570921,-0.005966209278570921
UNIUSDT,1714795199999,LONG,-2238.4150833333065,6753.694208333366,1714795200000,-0.0017203736129590924,-0.00783172516996891,-0.0035763995998305564
UNIUSDT,1714823999999,SHORT,11759.1029166667,-30006.93416666666,1714824000000,-0.004363066351549015,0.001458596028669449,0.002520731019652842
UNIUSDT,1714877999999,LONG,-2908.0210833333695,736.465666666622,1714878000000,0.004849800695362029,0.0009448607033511467,0.005118545658011465
UNIUSDT,1714881599999,SHORT,736.465666666622,-9.874250000037136,1714881600000,-0.0004030362115415549,0.0024216344405313182,-0.011489772358647747
UNIUSDT,1714885199999,LONG,-9.874250000037136,4975.596624999962,1714885200000,-0.009040066961488416,0.0037538588121807976,0.01161794465893359
UNIUSDT,1714892399999,SHORT,1363.066374999956,-15287.73695833337,1714892400000,-0.0016176870607862498,-0.0006743543313076777,-0.01046848910601472
UNIUSDT,1714895999999,LONG,-15287.73695833337,14193.098624999955,1714896000000,0.006578529464253556,0.001615074375298056,0.011117923106965742
UNIUSDT,1714906799999,SHORT,19112.361333333294,-5150.796166666706,1714906800000,-0.002423590791798411,-0.003364514310374565,-0.015516630202450114
UNIUSDT,1714910399999,LONG,-5150.796166666706,17247.62833333331,1714910400000,-0.005663445558400081,0.01216186056191531,0.01957322323155741
UNIUSDT,1715011199999,SHORT,13918.233583333262,-6025.232166666731,1715011200000,0.006499127591273269,0.004239540001305049,0.01317471980505741
UNIUSDT,1715093999999,LONG,-28677.843624999983,14437.168541666697,1715094000000,-0.005529239995218247,-0.012949440994761181,-0.026473112323251963
UNIUSDT,1715155199999,SHORT,8753.212374999988,-23798.385791666664,1715155200000,-0.003568001589548116,-0.010393966659947892,-0.0156860612417133
UNIUSDT,1715165999999,LONG,-12536.865958333321,49726.68100000004,1715166000000,-0.00040807998933988925,0.017525387884136275,-0.003678728857462657
UNIUSDT,1715205599999,SHORT,17281.213625000044,-5329.450874999951,1715205600000,-0.0030075210639551007,-0.006822239586412965,0.0023302046045223066
UNIUSDT,1715212799999,LONG,-1043.4763749999402,12039.486125000054,1715212800000,0.002454658262378334,0.005175008144565139,-0.0063005276222961966
UNIUSDT,1715252399999,SHORT,28876.743333333405,-66815.62387499995,1715252400000,-0.0143927200798772,-0.019463655361996898,-0.04829885175789439
UNIUSDT,1715453999999,LONG,-6011.60841666668,5457.774458333331,1715454000000,-0.00014091453556758983,-0.005935574238068663,0.00084507047282694
UNIUSDT,1715515199999,SHORT,4467.341916666676,-3300.5383333333157,1715515200000,0.00014067665494119457,-0.010077062180834354,0.007199861694267699
UNIUSDT,1715529599999,LONG,-15000.977749999998,7580.635708333345,1715529600000,-0.007687507284157569,-0.01416275513425417,-0.03831886430213666
UNIUSDT,1715533199999,SHORT,7580.635708333345,-4802.722166666642,1715533200000,-0,0.008314005474927066,0.03353385480857344
UNIUSDT,1715547599999,LONG,-14383.347541666662,4025.5824583333474,1715547600000,-0.00368585617172111,0.001979078960919573,0.016281061383947228
UNIUSDT,1715551199999,SHORT,4025.5824583333474,-12329.040124999994,1715551200000,-0.0018448880560909926,0.004127825945120466,-0.018297484441578037
UNIUSDT,1715597999999,LONG,-2554.4245416667204,15780.27487499995,1715598000000,-0.003799343203934706,-0.007188698235067438,-0.019715552435620027
UNIUSDT,1715612399999,SHORT,4030.9622083332943,-1196.340583333377,1715612400000,-0.006064471022786375,0.006670949442576426,0.017985069417680723
UNIUSDT,1715623199999,LONG,-11762.173291666715,8478.315499999948,1715623200000,-0.0018496128201118288,-0.003702653048164685,-0.0097129745183706
UNIUSDT,1715677199999,SHORT,812.1411666666439,-4300.720000000016,1715677200000,0.0008651766941982404,0.0018754964741558007,0.017447374831846683
UNIUSDT,1715680799999,LONG,-4300.720000000016,2124.381624999985,1715680800000,-0.0011547345393967956,-0.0018771213366857455,-0.015116566921165503
UNIUSDT,1715684399999,SHORT,2124.381624999985,-3201.178916666681,1715684400000,-0.0021640346034488716,0.005067700702904019,0.020574155350020388
UNIUSDT,1715687999999,LONG,-3201.178916666681,1926.5789999999834,1715688000000,-0.0020196198440096905,-0.003898640415657309,-0.02303308821570686
UNIUSDT,1715709599999,SHORT,18041.501666666623,-484.72733333336754,1715709600000,-0.0038145586160285507,-0.0036681135692705987,-0.00907234785701071
UNIUSDT,1715738399999,LONG,-18676.813250000047,14990.0928333333,1715738400000,0.002192182098221051,0.004379569044021513,0.03874229137315107
UNIUSDT,1715774399999,SHORT,6225.794749999972,-1688.5161250000237,1715774400000,-0.027607792219719263,-0.056680419785519305,-0.07049827422360054
UNIUSDT,1715777999999,LONG,-1688.5161250000237,14978.09216666664,1715778000000,0.007771144724886742,0.02604095070887139,0.04357564654665405
UNIUSDT,1715824799999,SHORT,27241.176458333342,-16309.457583333337,1715824800000,0.0012275797763369493,-0.0038095284166676487,0.007800244818042931
UNIUSDT,1715932799999,LONG,-42104.292875000014,502.4877499999905,1715932800000,-0.0018716583003950801,-0.012364087085785095,0.006257926021301159
UNIUSDT,1715939999999,SHORT,9640.899541666653,-31307.325375000015,1715940000000,0.0035139919927418737,0.0014851822077839778,-0.012602392289715672
UNIUSDT,1716040799999,LONG,-32622.23612499997,13345.330875000005,1716040800000,0.028969120158241206,0.02218346959244813,0.004373559839986661
UNIUSDT,1716123599999,SHORT,3719.4996250002587,-47866.028083333076,1716123600000,-0.006457467873596825,0.009503423734401464,-0.006843593111678084
UNIUSDT,1716166799999,LONG,-43233.63212500001,56812.06641666666,1716166800000,0.011133264909162905,0.010751415480479445,-0.01517046922359462
UNIUSDT,1716177599999,SHORT,28713.38212500011,-3983.1277916665713,1716177600000,-0.01578271036150008,0.00012934100774682675,0.0016827393783676071
UNIUSDT,1716195599999,LONG,-11050.225624999895,23774.747583333432,1716195600000,-0.006420155591063996,-0.020560626011096744,0.13698121397223192
UNIUSDT,1716245999999,SHORT,12304.128208333364,-56969.426541666566,1716246000000,-0.016320275771260433,0.0018541751508371741,-0.020706013132175148
UNIUSDT,1716332399999,LONG,-30433.79320833318,17897.955375000078,1716332400000,0.006229902819885743,-0.0034430625072109293,-0.024460892746435637
UNIUSDT,1716335999999,SHORT,17897.955375000078,-9512.566208333263,1716336000000,0.005917484176365776,0.007793461797932926,0.04856764467865276
UNIUSDT,1716346799999,LONG,-5881.795666666527,6170.42091666682,1716346800000,0.0017749939403136508,0.0060429439987036235,-0.029267278221923664
UNIUSDT,1716350399999,SHORT,6170.42091666682,-9220.117124999835,1716350400000,0.007224027647233303,0.011752496235879524,0.03254991836639733
UNIUSDT,1716353999999,LONG,-9220.117124999835,20710.810583333467,1716354000000,0.004716742668486995,-0.003473139311941367,-0.026293494074073345
UNIUSDT,1716361199999,SHORT,11568.086083333454,-9202.83741666656,1716361200000,0.01622817375658681,0.02737301128909571,0.04938749696647863
UNIUSDT,1716368399999,LONG,-7385.332583333249,12467.326166666733,1716368400000,-0.006877242362478889,-0.04639951918939216,-0.03312377426252496
UNIUSDT,1716379199999,SHORT,7621.802291666759,-36553.73987499991,1716379200000,0.016322868842952937,-0.008224264514322375,-0.011666979049673034
UNIUSDT,1716389999999,LONG,-19524.31970833341,43191.73862499994,1716390000000,-0.0016152482917443833,-0.013977149371118356,0.0092107323553468
UNIUSDT,1716497999999,SHORT,90469.64962499989,-31352.93116666687,1716498000000,-0.01580193091185956,-0.019496784061227918,-0.008371014847536442
UNIUSDT,1716580799999,LONG,-149022.37029166683,16296.647791666464,1716580800000,0.014676451565469532,0.0135023980111791,0.07647949518053926
UNIUSDT,1716616799999,SHORT,38308.55170833337,-11394.084958333386,1716616800000,-0.019966619971541175,-0.01576723457805995,-0.025961188331355422
UNIUSDT,1716620399999,LONG,-11394.084958333386,59770.66979166665,1716620400000,-0.0089678492662339,-0.008049069341255632,0.035703698355705436
UNIUSDT,1716623999999,SHORT,59770.66979166665,-8501.941291666648,1716624000000,0.004145370037338623,-0.00887755796046602,-0.01614041330864063
UNIUSDT,1716652799999,LONG,-32790.10474999986,35382.49791666683,1716652800000,-0.010313166915722918,0.012653211463317535,0.042418374446121836
UNIUSDT,1716699599999,SHORT,24190.365291666745,-22557.26233333322,1716699600000,0.0004472472009791668,-0.009434871946059204,-0.019746513131897646
UNIUSDT,1716703199999,LONG,-22557.26233333322,75277.57950000011,1716703200000,0.005976557640810929,0.009616314866024666,0.021420539316036536
UNIUSDT,1716749999999,SHORT,67940.55508333309,-1519.068500000246,1716750000000,0.008157582187804772,0.020386356644104937,0.024675140916322575
UNIUSDT,1716753599999,LONG,-1519.068500000246,11252.171374999569,1716753600000,-0.0019395227802642403,-0.015622543901027967,-0.01741337532519789
UNIUSDT,1716760799999,SHORT,4897.754541666286,-22646.158166667057,1716760800000,0.009936206659129719,0.0065539159402767,0.028746102910109227
UNIUSDT,1716771599999,LONG,-57694.64154166705,9630.456958332952,1716771600000,-0.0014207070405977068,-0.01573990641864216,-0.016190702080606068
UNIUSDT,1716796799999,SHORT,19063.68162499966,-10066.44583333373,1716796800000,0.007556711022561115,0.002872017770235139,0.0029619013710326957
UNIUSDT,1716854399999,LONG,-12364.09408333335,14178.55124999998,1716854400000,-0.013830975711877901,-0.025350247906715088,-0.0218343301471569
UNIUSDT,1716857999999,SHORT,14178.55124999998,-2494.3715833333554,1716858000000,0.011148592920830943,0.02261030345037814,0.010222495429192173
UNIUSDT,1716861599999,LONG,-2494.3715833333554,50059.91979166664,1716861600000,0.007291554756958204,-0.001297738409789722,0.004067676866842243
UNIUSDT,1716991199999,SHORT,38116.87804166676,-13870.67395833323,1716991200000,0.006149789948223798,-0.000282925451031482,0.00047172037291545336
UNIUSDT,1716994799999,LONG,-13870.67395833323,745.9958750000806,1716994800000,-0.0015196127912398179,-0.0009494873482029413,0.00794030072201191
UNIUSDT,1716998399999,SHORT,745.9958750000806,-16842.90566666659,1716998400000,-0.005213529037300354,0.002759935132841507,-0.00964728942546266
UNIUSDT,1717005599999,LONG,-3944.390333333266,9727.925875000054,1717005600000,-0.007382202747458181,-0.0025492153728576598,-0.0034950207966216364
UNIUSDT,1717009199999,SHORT,9727.925875000054,-23059.260624999937,1717009200000,0.0032350170934136997,9.499833760053454e-05,0.0058114773191717305
UNIUSDT,1717016399999,LONG,-18690.252291666617,1695.9978333333856,1717016400000,0.006449187754928452,0.003514274405617425,0.008809795054801483
UNIUSDT,1717023599999,SHORT,16836.99800000006,-48750.69016666667,1717023600000,0.007150719319220504,-0.008984786407815477,-0.029025537291261595
UNIUSDT,1717513199999,LONG,-51259.24883333337,79262.59720833351,1717513200000,0.038266220809123466,0.1503426784323866,0.12832934771319499
UNIUSDT,1717516799999,SHORT,79262.59720833351,-79830.14662500005,1717516800000,0.007439288451508319,-0.10342390296752205,-0.09172479974007344
UNIUSDT,1718035199999,LONG,-40373.99712500005,55278.07920833308,1718035200000,-0.016265133988871076,-0.034448327732747835,-0.0814585235880482
UNIUSDT,1718045999999,SHORT,24341.353374999784,-3624.22804166688,1718046000000,0.0070623812141007445,0.008811482816378025,0.09711456388460774
UNIUSDT,1718287199999,LONG,-15734.187250000075,59019.67766666653,1718287200000,0.00534248536476002,0.017433564467552523,0.0348612688853461
UNIUSDT,1718575199999,SHORT,30081.977333333383,-10476.652666666641,1718575200000,-0.004048762906823898,0.03970766812302351,0.054820394106267684
UNIUSDT,1718578799999,LONG,-10476.652666666641,42704.00637500002,1718578800000,0.02939270585267415,-0.04591027823275759,-0.06151150169697545
UNIUSDT,1718668799999,SHORT,196016.70187499994,-134909.7204583333,1718668800000,0.01291198039299761,0.055666881749172475,0.08985391038828584
UNIUSDT,1718740799999,LONG,-62223.15316666651,30475.337125000195,1718740800000,0.010107937881108793,0.02196069194841753,0.08258531376485226
UNIUSDT,1718751599999,SHORT,1841.3983333335102,-26310.7569166665,1718751600000,-0.005239110036993221,-0.052662219994892276,-0.059769985666647936
UNIUSDT,1718755199999,LONG,-26310.7569166665,3932.5515416668495,1718755200000,0.008365688454246336,0.06696233064508664,0.03414056965438566
UNIUSDT,1718809199999,SHORT,57699.308833333176,-6283.576000000215,1718809200000,0.0004998750416511535,-0.007567496036107579,0.00762519998423973
UNIUSDT,1719089999999,LONG,-2679.7069583333505,947.7464999999889,1719090000000,0.0011157885217058182,0.006272784631421731,0.020691778811863636
UNIUSDT,1719093599999,SHORT,947.7464999999889,-6258.015000000004,1719093600000,0.0020296333332338336,-0.00898224740188328,-0.01947657188772983
UNIUSDT,1719104399999,LONG,-24019.742958333343,2941.215958333322,1719104400000,0.0036235570599383454,0.008534616792724048,0.010133018731437222
UNIUSDT,1719107999999,SHORT,2941.215958333322,-18661.044458333345,1719108000000,0.0031198133290582107,-0.0027093489053517717,-0.004511511988219977
UNIUSDT,1719421199999,LONG,-26409.403041666705,18609.177624999953,1719421200000,-0.0011861758009123666,0.022379450620579257,0.010932584772771597
UNIUSDT,1719431999999,SHORT,8139.305583333306,-5437.142625000037,1719432000000,-0.0023211658448674443,0.008273275870343903,0.0279566217517046
UNIUSDT,1720249199999,LONG,-5883.571416666702,472.0155416666627,1720249200000,0.0060160181444829436,0.010091418589001215,0.04971289613239972
UNIUSDT,1720263599999,SHORT,22391.068041666673,-19721.756124999985,1720263600000,0.0019080333970283656,-0.003298658154759162,-0.04400411643591234
UNIUSDT,1720270799999,LONG,-7776.701208333291,5281.877208333404,1720270800000,0.002547772078798783,0.043064376460781734,0.03188421209135727
UNIUSDT,1720274399999,SHORT,5281.877208333404,-7384.158624999924,1720274400000,-0.004570275823567407,-0.04296246832609643,-0.02921654742146125
UNIUSDT,1720288799999,LONG,-902.4163749999813,3785.72629166669,1720288800000,-0.0021964621399230308,0,-0.024430579639752315
UNIUSDT,1720292399999,SHORT,3785.72629166669,-4703.198333333295,1720292400000,0.010933098277988584,-0.004631895165660173,0.019367779889006505
UNIUSDT,1720414799999,LONG,-28308.224416666624,12840.312666666714,1720414800000,0.000783801477096461,0.06672509903664917,0.0360642227418593
UNIUSDT,1720515599999,SHORT,18918.576583333255,-15090.46541666676,1720515600000,0.005138254515019282,0.011166445249410887,0.010672983606039323
UNIUSDT,1720569599999,LONG,-21186.901791666663,26170.48345833333,1720569600000,-0.016541544925273762,-0.005647651598258279,-0.010213587833294067
UNIUSDT,1720713599999,SHORT,15049.164083333308,-12804.916208333345,1720713600000,-0.00966191091173689,-0.009282284206766406,-0.003697804659854684
UNIUSDT,1720799999999,LONG,-9771.10391666664,14726.99266666671,1720800000000,0.0033179753941819726,-0.004564809604453275,-0.0009852217545700476
UNIUSDT,1720803599999,SHORT,14726.99266666671,-663.8926249999544,1720803600000,-0.0033070028301303454,0.010234999020355117,0.007264699806821253
UNIUSDT,1720807199999,LONG,-663.8926249999544,3828.584166666711,1720807200000,0.0010999084518602646,-0.015030466526189596,-0.005517762757812647
UNIUSDT,1720810799999,SHORT,3828.584166666711,-4115.897249999955,1720810800000,0.012167543956526241,0.013404861610051944,-0.00024428972883198816
UNIUSDT,1720814399999,LONG,-4115.897249999955,790.9432916666992,1720814400000,-0.0022285511266138605,0.0032102756302481894,0.013268007906100191
UNIUSDT,1720817999999,SHORT,790.9432916666992,-3925.2490833333045,1720818000000,0.0012405410349153987,-0.010605599469247124,-0.007041847617640152
UNIUSDT,1720821599999,LONG,-3925.2490833333045,3625.7732500000325,1720821600000,0.002727499831221665,0.007297948155317947,0.020398839541058745
UNIUSDT,1720861199999,SHORT,14197.307083333368,-6167.258166666637,1720861200000,-0.011869212451858074,-0.010530279746198712,0.003946724412639198
UNIUSDT,1720864799999,LONG,-6167.258166666637,2344.1705416666905,1720864800000,0.007030331986672472,-0.009778833578155642,-0.013347409321168978
UNIUSDT,1720875599999,SHORT,10618.644750000036,-631.1642499999531,1720875600000,0.008318090774288352,0.00672250896906743,0.0010969590959217762
UNIUSDT,1720936799999,LONG,-20788.68337499994,13453.403791666744,1720936800000,-0.002507014982267893,0.0004768148856578289,-0.02609158759970421
UNIUSDT,1720954799999,SHORT,23325.588291666736,-23718.842708333283,1720954800000,-0.0007243752580417016,0.009708814126960938,-0.017360507841257283
UNIUSDT,1720958399999,LONG,-23718.842708333283,6563.910041666711,1720958400000,-0.011285842742226047,-0.00848284291785461,0.01556544836253341
UNIUSDT,1720961999999,SHORT,6563.910041666711,-10682.09279166662,1720962000000,0.0034234047372493238,-0.0019509822064514614,-0.03407648246659085
UNIUSDT,1720969199999,LONG,-1118.3793333333015,13036.00783333336,1720969200000,0.0019490808947766867,-0.002808476111823504,0.03698584453100857
UNIUSDT,1721023199999,SHORT,703.2197499999942,-26600.20929166669,1721023200000,-0.00118511509485831,0.014332026043553374,0.007020912995552892
UNIUSDT,1721041199999,LONG,-50283.804374999985,1647.5656666666957,1721041200000,0.008133043275821757,0.013834448433680547,0.023968874083290195
UNIUSDT,1721044799999,SHORT,1647.5656666666957,-21736.373666666626,1721044800000,-0.003448894421827511,0.0022660872002690183,-0.02249932943803977
UNIUSDT,1721048399999,LONG,-21736.373666666626,4061.6584166667067,1721048400000,-0.002139546756982154,-0.0009503445714070107,0.018470026851092225
UNIUSDT,1721051999999,SHORT,4061.6584166667067,-7622.282458333284,1721052000000,-0.004748910741281653,0.0034571173491296145,-0.02677158829143933
UNIUSDT,1721077199999,LONG,-22135.88112499997,266.87529166670475,1721077200000,-0.003185279635287178,0.01042835626757235,-0.06408318704794817
UNIUSDT,1721080799999,SHORT,266.87529166670475,-18638.230249999946,1721080800000,-0.007768400649003632,-0.019656652549551807,0.051647841457387364
UNIUSDT,1721973599999,LONG,-23182.609666666704,18303.70083333329,1721973600000,0.0018379944783064135,0.0034107339899066415,-0.0006572461623382686
UNIUSDT,1722005999999,SHORT,20315.574041666627,-6477.444291666703,1722006000000,-0.005138012752424926,-0.006976007230731436,-0.011033869988477659
UNIUSDT,1722023999999,LONG,-6465.5031250000275,1177.4028333332972,1722024000000,-0.004579661259024606,0.001565353828637018,0.007154502062624238
UNIUSDT,1722038399999,SHORT,3654.1546249999956,-2100.574958333338,1722038400000,0.003002809228059208,0.001043432988891951,-0.013466473088138564
UNIUSDT,1722049199999,LONG,-14257.666875,4290.480958333336,1722049200000,0.0011751649847567248,0.0057321678580439794,0.016713480973740747
UNIUSDT,1722059999999,SHORT,10573.358875,-35693.434166666666,1722060000000,-0.004948571109054459,-0.010777225652086534,-0.00013053978218383264
UNIUSDT,1722113999999,LONG,-73826.04566666667,88871.56699999988,1722114000000,0.010124697080809078,-0.004576667027411867,-0.01776947051197518
UNIUSDT,1722200399999,SHORT,95491.55649999983,-63577.6676666667,1722200400000,0.0003991750435547382,-0.01045467075470762,-0.03746930056553301
UNIUSDT,1722229199999,LONG,-659.5963333333735,9416.238666666628,1722229200000,0.0030876134139597926,0.005525230888863051,-0.011794576492836929
UNIUSDT,1722239999999,SHORT,1225.0772499999778,-5537.628708333355,1722240000000,0.0033260872418468795,0.008593652579168422,0.012853647403381062
UNIUSDT,1722243599999,LONG,-5537.628708333355,224.08354166664745,1722243600000,0.0046018232813896595,-0.0015386591059714056,-0.010043865015948483
UNIUSDT,1722247199999,SHORT,224.08354166664745,-6869.037166666686,1722247200000,0.0035778213478839666,0.005243314013955454,0.016072348547192358
UNIUSDT,1722448799999,LONG,-2695.161458333377,13080.4528333333,1722448800000,0.0005469711609089223,-0.014466050985277333,-0.03196492264154188
UNIUSDT,1722452399999,SHORT,13080.4528333333,-3786.3416666666794,1722452400000,0.018068210997631083,0.013901538302785068,0.04515408180688946
UNIUSDT,1722459599999,LONG,-10791.092249999992,2720.8244583333485,1722459600000,0.0044506332158106765,0.011503141185908878,-0.006853652955376711
UNIUSDT,1722481199999,SHORT,1529.9295000000275,-3886.171916666635,1722481200000,0.004745298506709544,0.026668247082161294,0.01925975045324764
UNIUSDT,1722733199999,LONG,-5798.8820000000605,18572.489124999964,1722733200000,-0.006033200804167809,-0.0037664827954768934,-0.02050964409095446
UNIUSDT,1722761999999,SHORT,8360.926749999888,-13500.104875000097,1722762000000,0.003062320568010515,0.003982848402267341,0.04151657396122806
UNIUSDT,1722772799999,LONG,-13735.12900000014,13471.715458333152,1722772800000,-0.0021465816276879882,-0.04912717913915002,-0.060615049186498314
UNIUSDT,1722776399999,SHORT,13471.715458333152,-50767.40454166683,1722776400000,-0,0.05635516107449968,0.11590452487759617
UNIUSDT,1722779999999,LONG,-50767.40454166683,30548.679333333177,1722780000000,-0.0297552912295828,-0.06631036365112931,-0.20338606972580958
UNIUSDT,1722783599999,SHORT,30548.679333333177,-50933.516875000125,1722783600000,0.01738342154823765,0.024163108533616327,0.16647933071387183
UNIUSDT,1722992399999,LONG,-20082.242041666654,1414.21920833336,1722992400000,0.023413869719833086,0.025438845099604562,0.011690007630017782
UNIUSDT,1722995999999,SHORT,1414.21920833336,-13578.764541666655,1722996000000,0.0045720171082040545,0.005420985662463728,0.02030959815621434
UNIUSDT,1723024799999,LONG,-4964.834041666691,25100.581833333297,1723024800000,0.0008435259884392802,-0.021322769468821196,-0.048942074441390246
UNIUSDT,1723039199999,SHORT,8392.931708333252,-12898.394166666729,1723039200000,0.023551023072403976,0.028151172727328477,-0.01097404703197665
UNIUSDT,1723154399999,LONG,-6754.395374999988,6445.398291666676,1723154400000,0.019573864141300645,0.006942790461759967,0.001618909209010347
UNIUSDT,1723161599999,SHORT,9510.589833333366,-31.575916666629684,1723161600000,0.009601610010220042,0.010245007169297923,0.017836095870943963
UNIUSDT,1723204799999,LONG,-13245.608874999967,22867.732666666703,1723204800000,-0.012726554539222777,-0.03061967605327209,-0.004712773815669056
UNIUSDT,1723208399999,SHORT,22867.732666666703,-409.7669999999489,1723208400000,0.0006570302470262544,0.004113539325792142,-0.0027875725191921193
UNIUSDT,1723211999999,LONG,-409.7669999999489,1624.2070833333855,1723212000000,-0.006263412597547476,0.005244194253932335,0.0036083358816065953
UNIUSDT,1723215599999,SHORT,1624.2070833333855,-6515.077916666589,1723215600000,0.011138008917020954,-0.01150571535562613,-0.01117881113565053
UNIUSDT,1723337999999,LONG,-5383.778624999999,14229.955500000004,1723338000000,0.004663512512421244,0.0028971531611530084,0
UNIUSDT,1723406399999,SHORT,1721.2699999999993,-9260.353708333327,1723406400000,0.013089631430903076,0.01613480380606965,0.0026711201190610812
UNIUSDT,1723564799999,LONG,-34642.70158333335,14460.715458333298,1723564800000,0.016584656954723945,0.015635289794811026,0.018322825994695705
UNIUSDT,1723597199999,SHORT,8182.667791666667,-442.2713749999918,1723597200000,0.012383076156721884,-0.005507055063428026,-0.011763918897996873
UNIUSDT,1723611599999,LONG,-221.26416666665077,12888.03575000002,1723611600000,0.0028208763416412634,0.01773261583732421,-0.0020422597625313252
UNIUSDT,1723640399999,SHORT,7217.431458333343,-4314.979374999976,1723640400000,0.019207139578833313,0.008456047881455143,0.0034364294985812097
UNIUSDT,1723762799999,LONG,-413.9388333333142,5974.262625000008,1723762800000,-0.009465058228983449,0.011746166798104044,0.03143430273748264
UNIUSDT,1723766399999,SHORT,5974.262625000008,-28131.183124999985,1723766400000,-0.004663512512421244,-0.014084739881739023,-0.03531362107485678
UNIUSDT,1723867199999,LONG,-7928.686374999951,1534.0386666667134,1723867200000,-0.00491250604143118,-0.012792036959856581,-0.030790801269573998
UNIUSDT,1723870799999,SHORT,1534.0386666667134,-418.38829166661407,1723870800000,0.003083091697613901,0.006485507599788082,0.018956440853904088
UNIUSDT,1723899599999,LONG,-19598.486666666606,23693.2719583334,1723899600000,-0.00607715154315265,-0.009678502025988994,-0.006546158039672855
UNIUSDT,1723906799999,SHORT,8230.761500000031,-2602.832791666646,1723906800000,0.006767949025724189,-0.0031323439863162024,-0.006254907023109973
UNIUSDT,1723910399999,LONG,-2602.832791666646,8303.877458333358,1723910400000,0.006767949025724157,0.013334576749612588,0.0033110002656304843
UNIUSDT,1723921199999,SHORT,12283.771749999994,-470.1554583333539,1723921200000,-0.0034342837375723845,0.0001563843931561819,0.009584486914357978
UNIUSDT,1723931999999,LONG,-5405.944000000013,4381.827499999985,1723932000000,0.0014085611531471681,-0.002666040942420621,-0.0017242734893579768
UNIUSDT,1723939199999,SHORT,2672.8471249999807,-2388.487541666691,1723939200000,0.002810745135920008,0.009400037882329768,0.0035929117772825273
UNIUSDT,1723993199999,LONG,-3238.9850416666595,1730.394416666677,1723993200000,-0.00047314881412611944,-0.01221558776812391,-0.021194323733399835
UNIUSDT,1723996799999,SHORT,1730.394416666677,-10297.40558333332,1723996800000,0.0028431546557085305,0.0194304568125725,0.015257765795948897
UNIUSDT,1724111999999,LONG,-5496.578416666734,1220.5619166665856,1724112000000,0.01824926585907324,0.035392093470221056,0.028664382887567282
UNIUSDT,1724180399999,SHORT,6148.979874999971,-341.85191666667623,1724180400000,-0.005645631577275707,-0.015887359762318927,-0.048620687006074116
UNIUSDT,1724183999999,LONG,-341.85191666667623,1932.8179166666669,1724184000000,0.0001607846293357545,0.005612136913897143,0.044500699759961265
UNIUSDT,1724187599999,SHORT,1932.8179166666669,-1340.804041666682,1724187600000,-0.005451352284561478,-0.004331441760344879,-0.0294651444358784
UNIUSDT,1724191199999,LONG,-1340.804041666682,3922.7139583333096,1724191200000,0.004307944436594093,0.009548131100150351,0.02213879160200027
UNIUSDT,1724201999999,SHORT,11630.171958333332,-20266.088041666644,1724202000000,-0.010668041624367105,-0.02372778195656773,-0.026693522052780607
UNIUSDT,1724209199999,LONG,-4373.910041666638,11981.652291666687,1724209200000,0.0003128421736761185,0.015215322252025165,0.016908802758358103
UNIUSDT,1724212799999,SHORT,11981.652291666687,-48398.14950000001,1724212800000,-0.0004690798303508933,-0.016749771244063943,-0.030648429493512847
UNIUSDT,1724241599999,LONG,-839.2122083333088,9176.394416666686,1724241600000,-0.005750268389489301,0.02146334117745987,0.09526791527060205
UNIUSDT,1724349599999,SHORT,26015.48112500005,-38169.79204166667,1724349600000,-0.0014513790646469855,-0.0040585647825097946,-0.010403214760886088
UNIUSDT,1724374799999,LONG,-41575.22287500002,9031.271833333303,1724374800000,-0.0015897105739693838,-0.007246408520767198,-0.005502475510841062
UNIUSDT,1724536799999,SHORT,39246.37733333334,-73787.66937500004,1724536800000,-0.005247060573516264,0.014276495330902056,0.017245618652282777
UNIUSDT,1724918399999,LONG,-10614.51791666662,915.1785833333901,1724918400000,0,0.01461865231123779,-0.007735320048420661
UNIUSDT,1724921999999,SHORT,915.1785833333901,-7744.645749999952,1724922000000,-0.0008557980838960213,-0.01731498020028029,0.0017137964777346304
UNIUSDT,1724939999999,LONG,-4652.099333333332,4605.452541666654,1724940000000,-0.005222823766800664,0.002517413429841773,-0.01763056346918148
UNIUSDT,1724943599999,SHORT,4605.452541666654,-11202.88933333336,1724943600000,-0.007907839644030457,0.02844118376655822,0.01566256056295581
UNIUSDT,1725080399999,LONG,-5026.3693333333185,756.8367500000144,1725080400000,-0.002014437478253932,-0.013506874258649925,0.0013407074238865912
UNIUSDT,1725094799999,SHORT,7093.644666666667,-20693.205500000004,1725094800000,-0.010315471533139097,-0.012164366924944435,-0.007113851138875921
UNIUSDT,1725267599999,LONG,-28010.63129166665,15308.901833333215,1725267600000,0.006368380832598375,0.006034212074267348,0.038910282687212076
UNIUSDT,1725404399999,SHORT,938.4728333334109,-33960.57620833325,1725404400000,0.008412420745095628,0.015560651664913333,-0.011107595417248034
UNIUSDT,1725497999999,LONG,-30703.83250000029,7978.596666666407,1725498000000,-0.0026366824116012275,-0.015453363013376001,-0.03386950501574181
UNIUSDT,1725526799999,SHORT,10306.067583333022,-5855.25808333365,1725526800000,-0.0015959147977103237,0.00319949081126755,-0.002233568254674153
UNIUSDT,1725530399999,LONG,-5855.25808333365,3149.9779166663357,1725530400000,-0.0025550956091798136,-0.006079046076382115,0.0001594769160544067
UNIUSDT,1725533999999,SHORT,3149.9779166663357,-7169.039916666981,1725534000000,-0.003989473096322785,0.011741188358513172,-0.007169631604142514
UNIUSDT,1725703199999,LONG,-11131.005666666673,6279.420166666649,1725703200000,0.0004687866325401973,0.007629464801156942,-0.00015631105932565495
UNIUSDT,1725785999999,SHORT,28727.485791666626,-2539.9829583333726,1725786000000,0.007343209311326061,0.01505674617910786,0.016480008853142464
UNIUSDT,1725865199999,LONG,-44719.019083333325,22216.830083333338,1725865200000,0.01084838121483569,0.004986787818226984,0.007094904846513271
UNIUSDT,1725955199999,SHORT,3465.4205000000707,-42330.315958333296,1725955200000,0.006427937651398639,-0.00880929147686226,-0.025901161827805583
UNIUSDT,1726073999999,LONG,-39291.810166666575,5140.0205833334285,1726074000000,-0.008096039595248303,-0.005921022425180264,-0.012023031770049148
UNIUSDT,1726077599999,SHORT,5140.0205833334285,-15593.00074999991,1726077600000,-0.007519919746387741,0.00874768663210668,0.011093384819527742
UNIUSDT,1726106399999,LONG,-12963.52604166659,8495.11425000008,1726106400000,0.010161342125469697,0.00840155284597741,-0.008920665758379489
UNIUSDT,1726124399999,SHORT,11370.720583333392,-20846.765166666602,1726124400000,0.008875797913968291,0.012597424836962868,0.00976772602423555
UNIUSDT,1726135199999,LONG,-18588.355041666586,1496.418083333391,1726135200000,-0.0014903132415589736,-0.0028334967880266765,0.0075662403833158766
UNIUSDT,1726138799999,SHORT,1496.418083333391,-22158.868416666603,1726138800000,0.001940733609064285,0.011097894346911249,-0.0181782881985523
UNIUSDT,1726282799999,LONG,-4612.741375000066,34108.193916666605,1726282800000,-0.008524449032876667,-0.011036827506543015,-0.0223464718640764
UNIUSDT,1726286399999,SHORT,34108.193916666605,-16769.228583333417,1726286400000,-0.0014751440940219992,0.007557270908680395,0.011432089467666804
UNIUSDT,1726401599999,LONG,-10289.651124999975,13343.56070833336,1726401600000,0.00280256839532643,0.004715599660820064,-0.03624729471968718
UNIUSDT,1726423199999,SHORT,13178.053375000038,-396.70833333331393,1726423200000,0.004491025512463827,0.014139826436502086,0.03387579938694528
UNIUSDT,1726430399999,LONG,-3926.843541666652,146.89933333334434,1726430400000,-0.001354911761661999,-0.017911832854948476,-0.02082616883896704
UNIUSDT,1726433999999,SHORT,146.89933333334434,-8545.165791666659,1726434000000,0.005589560591149164,0.01885700644374109,0.01916408459754371
UNIUSDT,1726549199999,LONG,-12860.77674999997,23073.567291666677,1726549200000,0.007751387697665781,0.013488118406481245,0.0652630068797328
UNIUSDT,1726559999999,SHORT,21119.752875000006,-18355.309958333342,1726560000000,-0.0028642516001455348,0.006208848597218862,-0.028426648065537574
UNIUSDT,1726585199999,LONG,-11955.834000000023,11190.175624999983,1726585200000,0.014765757560485562,0.0033486236430247986,-0.024955152519826905
UNIUSDT,1726711199999,SHORT,19243.434124999912,-15450.278541666767,1726711200000,-0.008358432707786521,-0.006604559121690023,-0.0019124684019609555
UNIUSDT,1726714799999,LONG,-15450.278541666767,9322.820416666567,1726714800000,0.004371273170633553,-0.0017538735860964589,-0.00924234555260852
UNIUSDT,1726718399999,SHORT,9322.820416666567,-13267.918625000108,1726718400000,-0.0014528551153551912,0.0017462169745741702,0.018489154716418564
UNIUSDT,1726739999999,LONG,-4911.46508333346,6481.777166666531,1726740000000,0.002944642881556704,0.003238630830168593,-0.001180289307866893
UNIUSDT,1726768799999,SHORT,28313.586249999964,-12826.25383333335,1726768800000,-0.0005856515540744451,0.007940050536614212,-0.008748962193235545
UNIUSDT,1727164799999,LONG,-21917.222333333364,8418.070541666622,1727164800000,0.007302960788437519,-0.00489843941578739,-0.00489843941578739
UNIUSDT,1727171999999,SHORT,7201.376458333277,-31003.385125000055,1727172000000,-0.005777023576922301,0.005664914561192447,-0.002025756733850158
UNIUSDT,1727240399999,LONG,-5054.021208333336,22356.595583333343,1727240400000,-0.0024479816386401127,-0.009247284505821943,-0.005624879617448051
UNIUSDT,1727247599999,SHORT,11466.198791666675,-15929.509041666655,1727247600000,-0.0037862284928350974,-0.00029175784306161945,-0.002040519582812088
UNIUSDT,1727380799999,LONG,-13584.309791666708,30067.40233333329,1727380800000,-0.005511933480958757,0.010253695688436539,0.010117669027001152
UNIUSDT,1727384399999,SHORT,30067.40233333329,-149.952083333376,1727384400000,-0.013997758400041704,-0.018213444251813603,-0.020923840273462002
UNIUSDT,1727391599999,LONG,-1891.476125000035,34204.25945833328,1727391600000,-0.0036657430228435378,-0.011723144074133517,0.004327254892992295
UNIUSDT,1727402399999,SHORT,23283.88499999997,-1818.0720000000438,1727402400000,0.006832494467377438,-0.011778380260194262,-0.014600773102117034
UNIUSDT,1727409599999,LONG,-2642.1144166667073,5621.104791666633,1727409600000,0.0004057618233800339,-0.005561975947432486,0.015570784384879195
UNIUSDT,1727413199999,SHORT,5621.104791666633,-156.32783333336315,1727413200000,-0.004856998215227634,0.0006764527079296506,-0.03964196396235747
UNIUSDT,1727719199999,LONG,-5745.739666666782,14422.438708333217,1727719200000,-0.007677072781475172,-0.008474626990972232,0.010884639624036624
UNIUSDT,1727726399999,SHORT,3831.287958333225,-3187.389875000105,1727726400000,-0.018217377682433818,0.008625390402348533,-0.0395974124974799
UNIUSDT,1727729999999,LONG,-3187.389875000105,7968.836916666561,1727730000000,-0.009133692460027393,-0.007406461578218082,0.028833166206384347
UNIUSDT,1727751599999,SHORT,24047.570499999925,-7892.447625000078,1727751600000,-0.019975530258752646,-0.039688268183005866,0.03342248327029247
UNIUSDT,1727758799999,LONG,-10674.418125000075,7885.065833333239,1727758800000,-0.0006519330043797336,0.017955659047023228,-0.0803034298755086
UNIUSDT,1727794799999,SHORT,1101.6066249999665,-29743.264833333407,1727794800000,0.0072082374763124055,0.026309941862001328,0.027871000860628856
UNIUSDT,1728028799999,LONG,-18626.65258333337,9565.501333333325,1728028800000,-0.0029590197652011735,-0.010693700598557503,-0.0016263772343723614
UNIUSDT,1728035999999,SHORT,29827.47570833334,-4078.7664999999834,1728036000000,0.00419225048783315,0.006746146565358105,-0.004472279368394498
UNIUSDT,1728043199999,LONG,-5569.470666666646,2246.4923333333427,1728043200000,0.004470280130903732,0.0035778213478839024,0.0028334967880267597
UNIUSDT,1728215999999,SHORT,3399.248375000005,-4173.063499999999,1728216000000,-0.001899613342476978,-0.016680349031434078,-0.03407705185163196
UNIUSDT,1728248399999,LONG,-11143.686291666652,7291.98212500001,1728248400000,-0.007490671729157514,0.03441806579086921,0.054188067191873066
UNIUSDT,1728251999999,SHORT,7291.98212500001,-6643.3399999999865,1728252000000,-0.01164391794271549,-0.0616787389210305,-0.0485422610156605
UNIUSDT,1728259199999,LONG,-3659.0985416666567,14679.178666666683,1728259200000,0.01932021455778186,0.024437437535451863,0.03664023514980153
UNIUSDT,1728262799999,SHORT,14679.178666666683,-1717.3659999999945,1728262800000,-0.019908668807452054,-0.004427847278566616,-0.011170218881794048
UNIUSDT,1728266399999,LONG,-1717.3659999999945,37543.255833333336,1728266400000,-0.006273032980387607,-0.014101130360799241,0.0012227431725189203
UNIUSDT,1728273599999,SHORT,215.67433333334338,-18099.95999999999,1728273600000,0.0008280431055515875,-0.008106110197019702,-0.016554177882504507
UNIUSDT,1728277199999,LONG,-18099.95999999999,11054.949083333346,1728277200000,0.0013796911680862523,0.015480821528885495,0.025086523473970213
UNIUSDT,1728295199999,SHORT,7241.422875000023,-24242.37783333333,1728295200000,0.005524875931969916,-0.01435922107788888,-0.009322798535124582
UNIUSDT,1728302399999,LONG,-24795.728249999996,401.5322083333449,1728302400000,-0.006288469116673732,0.004351380268155022,-0.015242313632246287
UNIUSDT,1728313199999,SHORT,11174.948666666722,-123.20695833325347,1728313200000,0.002439356135748222,0.012530809564963174,0.017339501938883745
UNIUSDT,1728320399999,LONG,-3607.2556666666155,16264.181041666714,1728320400000,0.0022866376228851256,-0.018072371752792377,-0.022056714455896177
UNIUSDT,1728327599999,SHORT,17889.020083333384,-2606.1970833332743,1728327600000,-0.0021908813364300045,0.006049791585293284,0.01839991039850803
UNIUSDT,1728331199999,LONG,-2606.1970833332743,5107.554500000057,1728331200000,-0.0026018501497529012,-0.011692821851004872,-0.030549445939887534
UNIUSDT,1728334799999,SHORT,5107.554500000057,-5663.558583333273,1728334800000,-0.00465053498534076,0.0077071672449376665,0.021899697108780175
UNIUSDT,1728338399999,LONG,-5663.558583333273,15601.01395833339,1728338400000,-0.010426764788371148,-0.013465441159666738,-0.022358093897691632
UNIUSDT,1728345599999,SHORT,11349.73808333338,-777.8212916666138,1728345600000,-0.0015209128407067448,-0,0.011271252699625997
UNIUSDT,1728349199999,LONG,-777.8212916666138,13423.88704166672,1728349200000,-0.0012442111233906116,0.003585716157441414,-0.021223918698270432
UNIUSDT,1728352799999,SHORT,13423.88704166672,-21967.00895833327,1728352800000,-0.004416846379949587,0.010848506951901267,0.006522818214268911
UNIUSDT,1728356399999,LONG,-21967.00895833327,8764.332791666713,1728356400000,-0.004555816535860691,-0.0135905572604638,-0.01666705248521176
UNIUSDT,1728431999999,SHORT,2451.665208333332,-6784.484791666681,1728432000000,-0.00027882336720438684,0.005452652446985347,-0.00985092947030261
UNIUSDT,1728496799999,LONG,-11428.746750000015,8212.905749999982,1728496800000,-0.005361206050337254,-0.015752709326355606,0.0414908138598111
UNIUSDT,1728568799999,SHORT,266247.3867916668,-20768.348666667123,1728568800000,-0.014928458885914164,-0.0501614609813397,-0.01579970170659846
UNIUSDT,1728575999999,LONG,-3674.124291667094,251389.91291666604,1728576000000,-0.0026499654148694827,-0.03190004677140607,-0.03202424723110743
UNIUSDT,1728669599999,SHORT,23106.066791667447,-9372.386416665977,1728669600000,0.010546237107391878,0.009915362062809895,0.028374291113245544
UNIUSDT,1729083599999,LONG,-7523.465333333355,2036.4594166666502,1729083600000,-0.0007751938372690744,-0.011038356349483695,-0.022199919272900905
UNIUSDT,1729087199999,SHORT,2036.4594166666502,-32027.296500000037,1729087200000,0.0006462871032167498,0.011697559948593053,0.013005775729099417
UNIUSDT,1729090799999,LONG,-32027.296500000037,9430.190624999988,1729090800000,-0.017083286938805797,-0.013145240368772036,-0.018794601777566776
UNIUSDT,1729094399999,SHORT,9430.190624999988,-31755.97495833336,1729094400000,-0.007207946808803348,-0.0026270867598372147,-0.00590126950280059
UNIUSDT,1729101599999,LONG,-12433.788416666657,24818.04420833335,1729101600000,-0.0019632229327668197,-0.006295928456814812,-0.017144030607113954
UNIUSDT,1729115999999,SHORT,11410.645958333344,-9999.611083333313,1729116000000,-0.0014461318499997134,-0.004986886975319251,0.021140187659472558
UNIUSDT,1729263599999,LONG,-26266.68179166665,18094.252416666674,1729263600000,0.010339132047717466,0.005250062540246144,0.017924503436973913
UNIUSDT,1729335599999,SHORT,64145.97291666667,-61626.783458333324,1729335600000,0.00958883706013834,-0.006163760637236655,0.012034490453049917
UNIUSDT,1729429199999,LONG,-9291.452750000006,2929.453666666668,1729429200000,0.013652541567865701,0.023738421813354393,0.03294909859210221
UNIUSDT,1729468799999,SHORT,19221.57637500014,-9733.96029166654,1729468800000,0.002192841897725945,0.009840814881442676,0.01754773043662977
UNIUSDT,1729789199999,LONG,-76165.19633333337,8924.539249999982,1729789200000,0.0015084855154655743,0.006645375844067779,0.010262918615349675
UNIUSDT,1729792799999,SHORT,8924.539249999982,-17333.718708333337,1729792800000,-0.004511285846501271,-0.009997583896956846,-0.003134995357126567
UNIUSDT,1729796399999,LONG,-17333.718708333337,43590.09812500005,1729796400000,0.005238225996070927,-0.0006254300035004852,-0.001877464723210666
UNIUSDT,1729843199999,SHORT,13718.10041666674,-47488.289958333255,1729843200000,0.0005081946494839106,-0.021611596242016296,-0.0013962050881436085
UNIUSDT,1729987199999,LONG,-70220.0544583333,58689.67137499997,1729987200000,-0.006335533761667706,0.028350024226222396,0
UNIUSDT,1730019599999,SHORT,10840.099250000087,-18913.435041666584,1730019600000,0.010943656530507268,0.013227529357730996,0.009200678278695633
UNIUSDT,1730041199999,LONG,-31414.987541666575,27643.53408333342,1730041200000,0.014663611099061476,0.021053409197832263,0.009844324663112526
UNIUSDT,1730055599999,SHORT,9781.814208333351,-2900.1271249999895,1730055600000,-0.002915067653235428,-0.0013260842680568653,0.02403929632393451
UNIUSDT,1730059199999,LONG,-2900.1271249999895,26907.946458333336,1730059200000,-0.012381173936143559,-0.0033132360837394496,-0.005838657775519981
UNIUSDT,1730062799999,SHORT,26907.946458333336,-9223.271500000003,1730062800000,-0.01079362867476944,-0.011588541276245664,-0.0030767197035054747
UNIUSDT,1730066399999,LONG,-9223.271500000003,306.51700000000227,1730066400000,0.00013252932230643148,-0.004383350313850514,-0.0010608673584794179
UNIUSDT,1730080799999,SHORT,387.12087499999325,-2125.5571250000016,1730080800000,0.007886159964532728,0.015023756760460862,0.004804493427124664
UNIUSDT,1730300399999,LONG,-6509.471375000071,29049.452916666643,1730300400000,-0.0028188020380110167,0.00622218807311631,-0.01653542117198881
UNIUSDT,1730307599999,SHORT,29989.420625,-11145.42087500002,1730307600000,-0.008289697599379356,-0.015306421282675507,0.018408080481309177
UNIUSDT,1730325599999,LONG,-1420.3148749999527,17321.368000000046,1730325600000,-0.015790441048311808,-0.027737131568440963,-0.04902518817007992
UNIUSDT,1730329199999,SHORT,17321.368000000046,-19998.133624999988,1730329200000,0.006263453083325548,0.01616820163178281,0.03500824644651059
UNIUSDT,1730491199999,LONG,-5735.4705833332455,10670.781041666749,1730491200000,0.0036788899723907502,-0.006205869260151296,-0.014585249272536464
UNIUSDT,1730516399999,SHORT,23911.39075000006,-16295.669624999902,1730516400000,0.006183823402664668,0.013868015956011101,0.0356489254017735
UNIUSDT,1730563199999,LONG,-9870.472333333213,21744.92066666673,1730563200000,0.011123283433133195,0.008015802718660692,-0.019559852239715087
UNIUSDT,1730566799999,SHORT,21744.92066666673,-5066.84641666659,1730566800000,0.008669791503795182,0.003513042391547008,0.02776246679391794
UNIUSDT,1730728799999,LONG,-28744.73941666656,178.7062916667734,1730728800000,0.0005806358125097186,-0.011096624303379808,-0.002762633527332021
UNIUSDT,1730743199999,SHORT,5289.556875000048,-10507.67129166661,1730743200000,-0.0004403669795935318,0.026331011734320522,-0.013562001521945597
UNIUSDT,1730926799999,LONG,-42382.49270833307,66649.37425000015,1730926800000,0.00839492736396463,-0.0026713698634521768,-0.04484958715484747
UNIUSDT,1731052799999,SHORT,103016.17924999986,-20205.116208333424,1731052800000,0.0027494575689118077,-0.0013718991519501324,0.00263474578215001
UNIUSDT,1731074399999,LONG,-12209.060333333464,29674.96983333318,1731074400000,-0.022705028027904337,-0.032049273211596806,-0.016523689664793267
UNIUSDT,1731081599999,SHORT,7496.00366666655,-72216.04437500007,1731081600000,0.01454862707914726,0.00856609658066413,0.012358550703796623
UNIUSDT,1731113999999,LONG,-38744.44929166659,12056.212333333437,1731114000000,-0.0063701728323302415,-0.00136162508272137,0.015415213830464528
UNIUSDT,1731157199999,SHORT,3976.1082500000484,-117630.91949999992,1731157200000,-0.009667279021834632,0.0029073038481006582,-0.020008405279975144
UNIUSDT,1731185999999,LONG,-200.8991666667474,24857.02833333332,1731186000000,0.0019988901713871216,0.015552069919414347,0.02784351742726445
UNIUSDT,1731268799999,SHORT,21998.443625000073,-104151.49162499979,1731268800000,0.028910763406124855,-0.0031492668695455917,0.026674126374412212
UNIUSDT,1731614399999,LONG,-218145.091625,51071.63066666672,1731614400000,-0.020255356404189722,-0.04129603587824417,-0.05445816697289766
UNIUSDT,1731617999999,SHORT,51071.63066666672,-34314.28412499991,1731618000000,-0.015084317131278429,0.026189663679870332,0.020432313300008356
UNIUSDT,1731992399999,LONG,-70311.30412500026,25024.062249999708,1731992400000,0.01591890240697372,0.012259442936197486,0.02841039030100294
UNIUSDT,1732082399999,SHORT,4432.729666666593,-62209.14983333341,1732082400000,0.016139935963899305,0.009783750180683903,0.05881427532976094
UNIUSDT,1732247999999,LONG,-216505.0835833331,12202.853166666891,1732248000000,0.008531565026137255,-0.0036480727153671575,0.01720152840625663
UNIUSDT,1732251599999,SHORT,12202.853166666891,-10231.204166666372,1732251600000,0.0017004999315123127,0.0009561753716550845,-0.009722152029381034
UNIUSDT,1732255199999,LONG,-10231.204166666372,27912.67475000028,1732255200000,-0.00758105173716132,0.005939141436961418,-0.0030895459508645633
UNIUSDT,1732265999999,SHORT,2865.494083333644,-7479.841999999674,1732266000000,-0.005407424510518939,-0.01246714510175998,0.0049024930333556255
UNIUSDT,1732269599999,LONG,-7479.841999999674,2005.7700000002903,1732269600000,-0.01792430362799143,-0.02105115937528715,0.005798951355105496
UNIUSDT,1732273199999,SHORT,2005.7700000002903,-50415.95195833306,1732273200000,-0.02119693784998579,-0.00558240848532775,-0.019931381891155397
UNIUSDT,1732280399999,LONG,-26785.80141666644,150337.71675000025,1732280400000,-0.028215872354676718,-0.0016812024554574932,0.04304943319564529
UNIUSDT,1732298399999,SHORT,137822.16183333364,-98652.02695833302,1732298400000,0.014832602113145521,-0.014720943624132026,-0.09363083678007367
UNIUSDT,1732319999999,LONG,-130154.11658333322,27570.699125000025,1732320000000,0.00030173497840195343,0.021298575802339858,0.05337341492033292
UNIUSDT,1732413599999,SHORT,42034.00316666676,-78435.0370416665,1732413600000,0.004934220537221456,-0.007355979225816284,0.0421673526682013
UNIUSDT,1732712399999,LONG,-7369.745333333422,191273.16612499976,1732712400000,0.03621455059718412,0.044834958889807104,0.059648907504307846
UNIUSDT,1732766399999,SHORT,33185.66799999983,-33116.98933333345,1732766400000,-0.003429167202606095,-0.014513122019672593,-0.007322541474318475
UNIUSDT,1732769999999,LONG,-33116.98933333345,28255.07833333321,1732770000000,-0.0018327428533391412,0.03987576241253103,-0.00031849669828909374
UNIUSDT,1732791599999,SHORT,11329.85758333304,-146130.50441666692,1732791600000,-0.00898338268055446,-0.000549127293657463,-0.011158478698506797
UNIUSDT,1734267599999,LONG,-102995.08179166708,78662.48337499968,1734267600000,-0.0023909156637730313,0.008027395566455695,0.03945030791952924
UNIUSDT,1734289199999,SHORT,128413.61958333291,-36180.8943750003,1734289200000,-0.0057926171945514165,0.008299301906472684,0.00938691530673582
UNIUSDT,1734296399999,LONG,-7845.672958333705,11974.063583332949,1734296400000,-0.021301864476204965,0.042379968321124194,-0.0013781122046867499
UNIUSDT,1734299999999,SHORT,11974.063583332949,-21562.414750000364,1734300000000,-0.012824194958316338,-0.05092009042725716,-0.006402265702482102
UNIUSDT,1734310799999,LONG,-66415.01083333365,3421.770541666483,1734310800000,-0.012765516311480284,-0.04184367602876188,-0.06822243016630264
UNIUSDT,1734314399999,SHORT,3421.770541666483,-19007.60750000014,1734314400000,0.022516456383992158,0.028001475799416205,0.05361517964891902
UNIUSDT,1734317999999,LONG,-19007.60750000014,13068.832374999862,1734318000000,-0.011060406298799919,-0.016667052485211647,-0.02370463537462154
UNIUSDT,1734321599999,SHORT,13068.832374999862,-26688.58137500005,1734321600000,-0.004618945856294458,-0.008084118399958838,0.0076045993852194155
UNIUSDT,1734335999999,LONG,-11166.340250000008,80429.74729166662,1734336000000,-0.005381822473838,-0.025917420089945267,0.001192037332712691
UNIUSDT,1734353999999,SHORT,2389.818083333259,-78341.49537500004,1734354000000,-0.0017802883857359617,-0.021457833295758226,0.026271431233542083
UNIUSDT,1734969599999,LONG,-108856.14570833331,6402.383583333421,1734969600000,0.022897017276498084,0.013815622450724574,0.03668736725641595
UNIUSDT,1734973199999,SHORT,6402.383583333421,-267927.6637083331,1734973200000,0.021713760223784247,-0.018274183690460615,-0.01699513853634035
UNIUSDT,1735113599999,LONG,-43648.02583333353,63399.53883333318,1735113600000,-0.005108930434041889,-0.01734828445258912,-0.01893387037036569
UNIUSDT,1735167599999,SHORT,2868.4481249999567,-5305.036291666697,1735167600000,-0.01106822164736312,0.010897895385015038,0.05556361604762405
UNIUSDT,1735171199999,LONG,-5305.036291666697,74021.66624999995,1735171200000,-0.007655125127546591,-0.02956959366667823,-0.06317733765653631
UNIUSDT,1735185599999,SHORT,49660.60749999989,-53101.384500000124,1735185600000,0.008183960565216798,0.019377406512033474,0.046562357118968264
UNIUSDT,1735304399999,LONG,-6398.096458333409,33270.750916666584,1735304400000,-0.012442175684545665,-0.043383464456299974,-0.05162815214197792
UNIUSDT,1735315199999,SHORT,16665.01087499996,-35016.23020833335,1735315200000,0.007066115904555087,0.00602165147060084,0.02134992513773647
UNIUSDT,1735441199999,LONG,-2909.1209583334276,15509.190124999906,1735441200000,0.0001483459430106229,-0.003194772210968683,-0.008866429205641468
UNIUSDT,1735444799999,SHORT,15509.190124999906,-1713.841541666751,1735444800000,0.005279804047955386,0.0006677301134694412,0.01916943760802723
UNIUSDT,1735455599999,LONG,-7836.242833333429,48943.45737499991,1735455600000,0.0027498066451954314,-0.006720455401258329,-0.023645679979123115
UNIUSDT,1735466399999,SHORT,10101.43791666659,-6901.268458333419,1735466400000,0.0028430364803014373,0.001869508863816211,0.03134148852724426
UNIUSDT,1735469999999,LONG,-6901.268458333419,114.34933333324928,1735470000000,-0.0014994754646408435,0.0010482966141578552,-0.03282228763924919
UNIUSDT,1735473599999,SHORT,114.34933333324928,-9941.319000000076,1735473600000,0.008438232846211516,0.007681917577970923,0.02506968119599904
ZECUSDT,1672639199999,LONG,-7333.347886249995,2737.607448750006,1672639200000,0.0013385091009244922,0.010393164838764242,0.052444520034420565
ZECUSDT,1672646399999,SHORT,2439.11881041667,-583.1356050000031,1672646400000,-0.002113048858069266,-0.0010570825508652622,-0.038640876203457485
ZECUSDT,1672682399999,LONG,-9914.45988541666,14799.112685833328,1672682400000,-0.005352376738591954,0.017886860553455026,0.011876324051312776
ZECUSDT,1672685999999,SHORT,14799.112685833328,-2557.3654750000037,1672686000000,-0.004589503211447888,-0.00941123568475504,-0.020238484852808773
ZECUSDT,1672797599999,LONG,-1906.0074291667115,20214.48667208328,1672797600000,0.009343564410266006,0.02271437257826579,0.008119124438504412
ZECUSDT,1672819199999,SHORT,26359.686322499954,-1187.3831737500295,1672819200000,0.004606627130543461,0.018801677035266376,0.02003487487313962
ZECUSDT,1672844399999,LONG,-2987.0440454166674,11496.101933750004,1672844400000,0.0022175689757814206,0.012745270566933642,0.00393895142469536
ZECUSDT,1672847999999,SHORT,11496.101933750004,-11079.94671291665,1672848000000,-0.00393024332983169,0.0027110306191527648,0.0032047358871419938
ZECUSDT,1672851599999,LONG,-11079.94671291665,11356.253592083342,1672851600000,0.005622799314767664,-0.013823967367770269,-0.0017175810871998271
ZECUSDT,1672862399999,SHORT,3666.4287650000188,-1172.0114933333145,1672862400000,0.006935871252902336,-0.005416064445722017,0.003709661729190979
ZECUSDT,1672905599999,LONG,-4343.257662916662,5356.640318333341,1672905600000,-0.0024807752737627782,0.002721763402366082,-0.004718747114217281
ZECUSDT,1672973999999,SHORT,4576.766939166676,-4716.39933374999,1672974000000,0.0037712175430792915,0.012626430372811802,-0.019876430757595494
ZECUSDT,1672999199999,LONG,-10466.89176249998,6733.51794208334,1672999200000,-0.008419490991529,0.000761904798761809,0.04252785578441455
ZECUSDT,1673002799999,SHORT,6733.51794208334,-9303.371084583332,1673002800000,0.0020512827705573607,-0.04041207444892787,-0.05627573842209523
ZECUSDT,1673009999999,LONG,-4502.076351250008,1923.5045845833254,1673010000000,0.00892521543792291,0.04825333001388789,0.062070056903074544
ZECUSDT,1673171999999,SHORT,12437.153940416669,-5691.190896249987,1673172000000,0.00507186209796034,0.00507186209796034,-0.00720118330352635
ZECUSDT,1673197199999,LONG,-14822.835741249992,8056.245563749998,1673197200000,-0.002174701835688098,0.009369437911177168,0.062000908755348624
ZECUSDT,1673326799999,SHORT,5825.0378445833485,-21559.43155791666,1673326800000,-0.0006972690578840509,-0.0016262054925428458,0.007936549595736303
ZECUSDT,1673427599999,LONG,-9193.088725833331,6387.245372916676,1673427600000,-0.0031724477094553657,-0.011605546120308003,-0.01527443351944633
ZECUSDT,1673575199999,SHORT,210.09349458335296,-3565.5319995833074,1673575200000,0.0002223951971802963,0.004457328529741713,0.022942976651429973
ZECUSDT,1673643599999,LONG,-9255.897453333324,4351.320935833341,1673643600000,0.005320340636670669,0.03193622240676664,0.07367921356205676
ZECUSDT,1673647199999,SHORT,4351.320935833341,-8703.778614166653,1673647200000,-0.0015464489992365106,-0.04665065248974524,-0.016228426328384775
ZECUSDT,1673650799999,LONG,-8703.778614166653,9737.507605000015,1673650800000,0.0015437206726488777,0.04213651307971491,0.019019045247302503
ZECUSDT,1673657999999,SHORT,3456.7033558333546,-884.8905187499768,1673658000000,-0.020034770719649254,-0.015593608719681445,-0.0023653381633349166
ZECUSDT,1673661599999,LONG,-884.8905187499768,13048.60145833336,1673661600000,-0.003168905155265128,-0.0004219409345299148,-0.01852101903988118
ZECUSDT,1673668799999,SHORT,9656.61781000003,-2890.046913749975,1673668800000,-0.0036097289434898114,-0.024791185616202232,0.007687417742686282
ZECUSDT,1673672399999,LONG,-2890.046913749975,48.0427970833504,1673672400000,0.004441161999968057,0.026149382435608767,-0.017101742152143294
ZECUSDT,1673675999999,SHORT,48.0427970833504,-3544.046785833319,1673676000000,-0.023761017823306967,0.03084416709589035,0.028888282521487757
ZECUSDT,1674179999999,LONG,-10627.389226666637,2455.119096666686,1674180000000,-0.004233989612007206,-0.006917354370604223,0.007752835377189611
ZECUSDT,1674183599999,SHORT,2455.119096666686,-6808.128633749987,1674183600000,-0.0028988759290377443,0.003355332529430206,-0.014851209452879044
ZECUSDT,1674187199999,LONG,-6808.128633749987,18120.220097083336,1674187200000,-0.0035698386862250187,-0.007601199129179981,0.03243053707917702
ZECUSDT,1674323999999,SHORT,12976.841245833348,-484.1587237500062,1674324000000,-0.0028676791466980293,-0.008375087253977868,0.00989494777145453
ZECUSDT,1674327599999,LONG,-484.1587237500062,4660.0229220833235,1674327600000,-0.0028676791466979846,-0.013177048805559278,-0.01338432417162415
ZECUSDT,1674334799999,SHORT,12372.825327499988,-12348.414872083356,1674334800000,-0.005302888217007627,0.015248595480260805,0.017743399269043485
ZECUSDT,1674971999999,LONG,-10863.06108624998,5221.487824166684,1674972000000,0.0054910380841003735,0.00506971935025058,0.0023268122607897164
ZECUSDT,1674982799999,SHORT,10995.454766250017,-2242.5069149999813,1674982800000,-0.009739649297558835,-0.012054708734131593,-0.007419217922028647
ZECUSDT,1674989999999,LONG,-7131.979462499988,4621.474909583335,1674990000000,-0.0008385744726210274,-0.0023077740232880055,-0.011804521560545289
ZECUSDT,1674993599999,SHORT,4621.474909583335,-2283.9371512500074,1674993600000,0.002519421865942828,-0.001676095091737696,0.009904200652766138
ZECUSDT,1675007999999,LONG,-14332.883886666654,3532.624495416681,1675008000000,-0.004616038410471288,-0.003775172268851335,-0.024153716581640994
ZECUSDT,1675011599999,SHORT,3532.624495416681,-8775.544667916658,1675011600000,0.004427118013891254,0.004004642299960524,0.01739912341207629
ZECUSDT,1676080799999,LONG,-9412.597617083316,564.4422962500103,1676080800000,-0.0009184845651445755,0.00686187504877186,0.06379231670033986
ZECUSDT,1676167199999,SHORT,2781.8195625001586,-5861.990131249836,1676167200000,0.0033337068323144024,0.01340203217995187,-0.051038103186933366
ZECUSDT,1676487599999,LONG,-11299.72536833332,8893.04859666669,1676487600000,0.01412737925921049,0.04201369608591306,0.05428114789425975
ZECUSDT,1676494799999,SHORT,13647.509949166706,-5679.389932499937,1676494800000,-0.0017490166242615523,-0.007846596492380137,-0.01390722110407123
ZECUSDT,1676811599999,LONG,-17861.345157916658,4863.599699166662,1676811600000,-0.012770513410664382,-0.03096994889393405,-0.004307257197580332
ZECUSDT,1676815199999,SHORT,4863.599699166662,-82959.19681875003,1676815200000,0.0008295313623753225,0.027744528633655334,-0.0024844733276619658
ZECUSDT,1677430799999,LONG,-4558.028082083319,2092.4193141666815,1677430800000,0.0006760563637775557,0.01853766094102207,0.002251746053884272
ZECUSDT,1677441599999,SHORT,4915.86173750001,-9367.677712083321,1677441600000,-0.0011070520337985532,0.00044316419958619275,0.018332728950361234
ZECUSDT,1677445199999,LONG,-9367.677712083321,4895.139045833336,1677445200000,-0.0017718720028836905,-0.006438028674979737,-0.02691348806255985
ZECUSDT,1677452399999,SHORT,3269.4157908333364,-10927.229684166661,1677452400000,-0.006002018684998196,0.0008922597067534587,0.018452368737142667
ZECUSDT,1678607999999,LONG,-40422.425666249976,9950.19623791665,1678608000000,-0.0012812301560484619,0,0.028090848156281926
ZECUSDT,1678640399999,SHORT,2521.360525416642,-1001.9733675000267,1678640400000,-0.02436017893552624,-0.06682743105654662,-0.09466103989188406
ZECUSDT,1678643999999,LONG,-1001.9733675000267,4867.131637083313,1678644000000,0.022852771008911067,0.05122996115975145,0.07413059019160798
ZECUSDT,1678672799999,SHORT,13541.519608749984,-1258.3324933333545,1678672800000,0.002923978691435312,0.0070319656891302575,0.023335869149556345
ZECUSDT,1678676399999,LONG,-1258.3324933333545,22.37226833331321,1678676400000,-0.007937716232945308,-0.004402061400637653,0.015112173680133017
ZECUSDT,1678694399999,SHORT,5524.1400308333,-20143.30362291669,1678694400000,0.017536487444447448,0.019637643853072366,-0.039855115929679066
ZECUSDT,1678719599999,LONG,-10555.475492499982,13115.438197500034,1678719600000,0.005465280394942653,0.020837060442796686,0.0077575450089782845
ZECUSDT,1678733999999,SHORT,3489.5201141666817,-3085.4256216666545,1678734000000,0.002544890388053048,-0.006474336478796344,0.008508275943471463
ZECUSDT,1678985999999,LONG,-21694.610130833393,11137.733703749962,1678986000000,0.002649008171577084,-0.015145055628891062,0.019843078851114172
ZECUSDT,1679000399999,SHORT,4488.706013749955,-2750.7594812500465,1679000400000,-0.0047775546232785935,-0.0032870192452173347,-0.03932431564213605
ZECUSDT,1679025599999,LONG,-8842.138048750057,1274.3651187499443,1679025600000,-0.006049276692790076,-0.0008619451761923008,0.023837678094951277
ZECUSDT,1679029199999,SHORT,1274.3651187499443,-6453.281790000056,1679029200000,0.003184255114928962,-0.00432588994712244,-0.029614920538929865
ZECUSDT,1679036399999,LONG,-13166.259625833394,136.00248708327612,1679036400000,-0.00801607498823606,0.027838153623084432,0.017804624633506686
ZECUSDT,1679043599999,SHORT,336.85377166661783,-4594.134701250044,1679043600000,-0.016269803724958166,-0.024166065847183747,-0.021916346113168266
ZECUSDT,1679093999999,LONG,-21648.218837916676,981.8554733333198,1679094000000,0.012466286105754124,0.016229731407932435,0.024513011902084585
ZECUSDT,1679101199999,SHORT,8270.17392541666,-10335.483444583331,1679101200000,-0.0010732493651609833,-0.001877431153574565,-0.013598396451731306
ZECUSDT,1679241599999,LONG,-18306.530945416675,4355.182937500009,1679241600000,0.009530364850694062,0.014935783417601958,-0.011004237591013816
ZECUSDT,1679295599999,SHORT,972.1137245833137,-6945.581261666685,1679295600000,-0.02291335579558803,-0.008065681328493874,0.029759883613150177
ZECUSDT,1680285599999,LONG,-3799.158897083364,29349.381732499987,1680285600000,0.006422629656467192,0,-0.009842089288817019
ZECUSDT,1680303599999,SHORT,5780.415310833327,-5002.825725833347,1680303600000,-0.0028434813006598322,-0.0012934939069035565,0.01040862896986863
ZECUSDT,1680836399999,LONG,-6494.5249366666585,686.0743612500131,1680836400000,-0.006109728130370445,-0.010649727916658039,-0.005843310118937135
ZECUSDT,1680839999999,SHORT,686.0743612500131,-10657.416976666655,1680840000000,-0.0029259230875398052,0.01990918598347759,-0.003987776120681155
ZECUSDT,1680850799999,LONG,-3908.2556587499857,2186.8198741666806,1680850800000,-0.015370398322507342,-0.006712335579392681,0.006933361107953479
ZECUSDT,1680854399999,SHORT,2186.8198741666806,-17005.29169708333,1680854400000,-0.00298386224372168,0.001903467603950158,-0.02495099254947435
ZECUSDT,1680965999999,LONG,-8891.743245833337,4635.501437916646,1680966000000,-0.00026024723634190467,-0.002605525184288888,0.0033770651655924476
ZECUSDT,1681156799999,SHORT,26213.722167083328,-3090.222366666681,1681156800000,0.0030840425369613334,-0.013255355947940318,-0.016541921919787008
ZECUSDT,1681167599999,LONG,-4450.022925000029,6497.7547099999765,1681167600000,0.003043370342912007,0.0038027679240210505,-0.002543236365727804
ZECUSDT,1681174799999,SHORT,8435.090464999974,-6751.287183333356,1681174800000,-0.0027823465527585657,0.0002533248905250227,0.0043152751315117385
ZECUSDT,1681178399999,LONG,-6751.287183333356,11018.278034166646,1681178400000,-0.0015170672947524663,-0.008882179952958473,-0.001264062865825431
ZECUSDT,1681214399999,SHORT,7997.8960358333325,-2651.8329187500008,1681214400000,-0.0020371792123078736,-0.02392759916532727,-0.0124130789555106
ZECUSDT,1681221599999,LONG,-10402.606377916678,1278.7212258333213,1681221600000,0.009065788608721051,0.012069545560549432,-0.0145243985342598
ZECUSDT,1681246799999,SHORT,1012.1751404167007,-1782.954827083299,1681246800000,0.0020120731134201197,0.01238797285662289,0.026736156491035994
ZECUSDT,1681351199999,LONG,-17724.608773749995,1368.4923229166695,1681351200000,0.004514680354526613,0.013235303703248229,0.040158124131649604
ZECUSDT,1681448399999,SHORT,9600.156508333312,-1006.364460833361,1681448400000,-0.0037585198109679244,0.0016488049901837822,0.03667277339546787
ZECUSDT,1681988399999,LONG,-1480.214271250011,5006.643369999991,1681988400000,-0.006511287492313904,-0.004683849312426314,-0.0223135652259751
ZECUSDT,1681995599999,SHORT,5280.93184541665,-18589.934781250035,1681995600000,0.0030967766683934876,0.036205423464477395,0.020302623440646646
ZECUSDT,1682193599999,LONG,-40198.71050000001,1791.5221404166562,1682193600000,-0.0018664183527667593,0.004783426606894075,0.005313508782041424
ZECUSDT,1682197199999,SHORT,1791.5221404166562,-9347.763445833343,1682197200000,-0.0016000003413334314,0.002672369308203565,-0.0066498449596607565
ZECUSDT,1682225999999,LONG,-2793.491127916675,3757.34731083332,1682226000000,0.006916760749314225,0.006916760749314225,-0.015062145969460974
ZECUSDT,1682269199999,SHORT,15485.780860833309,-2113.059860000028,1682269200000,0.007071011240551979,0.010351495319713706,-0.004056800695614248
ZECUSDT,1682427599999,LONG,-4587.600741666669,1329.2039954166637,1682427600000,-0.002187586324953638,-0.016524749471360966,0.014103841056843938
ZECUSDT,1682431199999,SHORT,1329.2039954166637,-4489.1885279166745,1682431200000,0.018237587549781015,0.00935357575961871,-0.015217684970886497
ZECUSDT,1682805599999,LONG,-1234.8460399999847,1370.2005220833453,1682805600000,0.00208387676348724,-0.005490927640992219,-0.006277812927496384
ZECUSDT,1682859599999,SHORT,4180.042654583335,-4751.732578333332,1682859600000,0.002094241603114848,-0.0018288705293570584,0.012631746905900687
ZECUSDT,1683079199999,LONG,-1450.9951720833499,3650.278289583321,1683079200000,-0.0038240964384035057,-0.006290188933596864,-0.007937635764195655
ZECUSDT,1683082799999,SHORT,3650.278289583321,-10031.991004583344,1683082800000,-0.0019138761822841976,0.0005474952230928634,0.006865329724881702
ZECUSDT,1683658799999,LONG,-19291.539716666648,12887.28790250002,1683658800000,0.0096999851183703,0.006376217139276064,0.0006090134171182637
ZECUSDT,1683734399999,SHORT,3024.666097083335,-7177.746991250002,1683734400000,0.0008996851708976849,0.0018001805041479657,0.020594307498743858
ZECUSDT,1683993599999,LONG,-4138.258936666699,1050.5094166666338,1683993600000,0.0021508688580851422,0.0009223674750779126,-0.002772218008283811
ZECUSDT,1684004399999,SHORT,3674.557230416632,-8500.526426250033,1684004400000,-0.0009223674750779126,-0.006133107234478726,-0.0006150061694462856
ZECUSDT,1684040399999,LONG,-4342.007875416668,2151.0282745833297,1684040400000,0.0006167129396820761,0.003694585483361607,0.01560858008074277
ZECUSDT,1684043999999,SHORT,2151.0282745833297,-578.4163779166751,1684044000000,-0.0027705112380480216,-0.005226760554015623,-0.011645856414732795
ZECUSDT,1684047599999,LONG,-578.4163779166751,602.8899033333267,1684047600000,-0.0003075503637960317,0.0033768259256193108,0.004295802862709043
ZECUSDT,1684054799999,SHORT,329.4672587499954,-1633.0891129166728,1684054800000,-0.0024562493159675856,-0.006129348027828822,-0.0021495478874017904
ZECUSDT,1684115999999,LONG,-1402.0232324999863,6049.360015416678,1684116000000,-0.0024198438910351793,0.0015094342488541186,0.006624534915624735
ZECUSDT,1684119599999,SHORT,6049.360015416678,-7791.846699583322,1684119600000,-0.003023891025076919,-0.011143015463581065,-0.009044378806659991
ZECUSDT,1684346399999,LONG,-8138.414103333339,14823.48997,1684346400000,-0.004719772773351572,-0.005311313754812862,-0.0017673053200835294
ZECUSDT,1684418399999,SHORT,10350.147423333336,-1888.2688962500094,1684418400000,0.003275274626610134,0.022243177333421186,0.005066319881512125
ZECUSDT,1684641599999,LONG,-4082.4212816666477,5960.612819583344,1684641600000,0.0018110478840769714,0.0006040471340415661,-0.014301171777787966
ZECUSDT,1684659599999,SHORT,4947.108281250011,-9176.654407499986,1684659600000,-0,0.005447955363288243,0.02630121024793403
ZECUSDT,1684990799999,LONG,-2453.64286458331,13230.581804583371,1684990800000,-0.0003201536764979885,-0.0009607686887970926,-0.0009607686887970926
ZECUSDT,1685030399999,SHORT,12291.00885791672,-9115.259388749953,1685030400000,0.0016007687106425336,-0.008600148563638806,0.0012804099060445813
ZECUSDT,1685127599999,LONG,-19585.09504291666,32024.89092958334,1685127600000,0.0027527162205489898,0.0027527162205489898,0.0033634032624286457
ZECUSDT,1685213999999,SHORT,40172.71658,-5745.2286158333445,1685214000000,-0.0012368585373962004,-0.011994607897397841,-0.03047158364574723
ZECUSDT,1685221199999,LONG,-6217.648638333335,7000.185478750002,1685221200000,0.0030797683720797608,0.016519188733740836,0.025579957457251397
ZECUSDT,1685264399999,SHORT,6703.277831249997,-2242.300189583339,1685264400000,0.00030070666291838406,0.009364212816265255,-0.013142363593534602
ZECUSDT,1685271599999,LONG,-614.3667170833409,2823.91005708332,1685271600000,-0.006316760363215869,-0.008431245367931307,0.028379084508725706
ZECUSDT,1685332799999,SHORT,472.46360999999644,-1083.2644091666687,1685332800000,-0.0029585820397452626,-0.005319161477600027,0.007136515569319867
ZECUSDT,1685336399999,LONG,-1083.2644091666687,1000.895743749997,1685336400000,0.003538782814208531,-0.0008866558878497555,-0.010095097609065027
ZECUSDT,1685339999999,SHORT,1000.895743749997,-329.8467337500042,1685340000000,-0.0008824827753181223,0.003537739538796593,0.00590320486413187
ZECUSDT,1685365199999,LONG,-5454.377044166664,11879.605130416674,1685365200000,0.002365465325335269,-0.008025009630435046,-0.007428350901516842
ZECUSDT,1685386799999,SHORT,10337.673006666671,-3827.2702841666637,1685386800000,-0.0008871803036440923,0.005934735519814466,0.004447746398236254
ZECUSDT,1685390399999,LONG,-3827.2702841666637,1918.3804954166674,1685390400000,-0.0008871803036440924,-0.006226854812147579,-0.00890742231447987
ZECUSDT,1685397599999,SHORT,3473.5121054166643,-2569.3221279166705,1685397600000,0.0038615821044001956,-0.002073153415414314,-0.004437220710294934
ZECUSDT,1685609999999,LONG,-4054.3929995833046,114.21915708336019,1685610000000,0.005316666159440619,0.0037558729598052647,-0.005660392471710255
ZECUSDT,1685613599999,SHORT,114.21915708336019,-418.5720216666402,1685613600000,0.0034380405798125502,0.0034380405798125502,0.013507351585352987
ZECUSDT,1685653199999,LONG,-11330.689709166667,5274.577304166666,1685653200000,-0.0028422567689300286,-0.004108079722759994,0.011912366571509575
ZECUSDT,1685725199999,SHORT,4250.122392500013,-5866.851997916652,1685725200000,-0.00031392246373004883,-0.002508624708518224,-0.001882058271979845
ZECUSDT,1686041999999,LONG,-10576.410679999948,680.7988883333795,1686042000000,0.005087343514097243,-0.003747236542882006,0.02319041918892635
ZECUSDT,1686052799999,SHORT,1619.4485400000474,-4889.485199583286,1686052800000,0.007141672931826425,-0.005070147754937965,-0.01780063794108584
ZECUSDT,1686059999999,LONG,-10587.671993749953,1274.2493662500456,1686060000000,0.006745388139531435,0.014446748822344476,0.011774736544533537
ZECUSDT,1686117599999,SHORT,10410.902720416643,-625.5365658333467,1686117600000,0.010094298363632596,0.030593820446759443,0.035438120577707705
ZECUSDT,1686139199999,LONG,-7823.382926666683,597.0340420833139,1686139200000,0.0006821282665586063,-0.017900650098716497,-0.01929098747944156
ZECUSDT,1686149999999,SHORT,5733.041169583317,-2376.2443195833525,1686150000000,0.0010414859472915425,-0.001386962774348806,0.0031277175801777846
ZECUSDT,1686153599999,LONG,-2376.2443195833525,1329.0650241666542,1686153600000,0.0006946856826784135,0.008993488497373508,-0.011884096524181592
ZECUSDT,1686157199999,SHORT,1329.0650241666542,-7444.247189583349,1686157200000,-0.0010411245084105101,-0.0013879252748480759,0.0052219439811517126
ZECUSDT,1686167999999,LONG,-1614.6615620833425,3327.7840983333203,1686168000000,-0.0069108775398470275,-0.010036422713235812,-0.008298802814695066
ZECUSDT,1686189599999,SHORT,3980.534714166662,-5927.701800000003,1686189600000,0.002780676105238856,0.002780676105238856,-0.011389251670621794
ZECUSDT,1686196799999,LONG,-3764.8075925000035,3369.4848758333223,1686196800000,0.007708517497840059,0.012930461478991887,0.028092709218669205
ZECUSDT,1686239999999,SHORT,2923.5435308333304,-2763.167289166675,1686240000000,0.00858669194801361,0.003425834114518862,0.011004237591013705
ZECUSDT,1686459599999,LONG,-6756.213146249931,29349.497525,1686459600000,0.007563061260404145,0.002106594417130178,0.03481495416321553
ZECUSDT,1686495599999,SHORT,4634.160805833334,-2284.0505366666744,1686495600000,-0.003749223304521683,-0.03687431283531631,-0.003749223304521683
ZECUSDT,1686502799999,LONG,-2525.117861666673,1716.5703574999982,1686502800000,0.004065046248169372,0.020960057929672333,-0.0032639767859493425
ZECUSDT,1686506399999,SHORT,1716.5703574999982,-7413.80915458333,1686506400000,-0.00807758834636673,-0.007675254806439612,0.013061410176817147
ZECUSDT,1686563999999,LONG,-5074.016794583324,325.59510666667967,1686564000000,0.003662262485909608,0.00040758101236740464,0.022970987867340253
ZECUSDT,1686632399999,SHORT,6311.617383333342,-744.3343320833252,1686632400000,-0.003927734821647318,-0.012514828961580023,0.010682594169971285
ZECUSDT,1687103999999,LONG,-5791.867991666669,294.9265079166653,1687104000000,0.00723399309225179,0.012908303758879757,-0.01617908943230938
ZECUSDT,1687107599999,SHORT,294.9265079166653,-1793.2924712499953,1687107600000,-0.0030303053491790633,0.01644711008373349,0.01106248168889604
ZECUSDT,1687111199999,LONG,-1793.2924712499953,5438.98039,1687111200000,-0.0011348592101290053,-0.01677507884374808,-0.017159620282826284
ZECUSDT,1687114799999,SHORT,5438.98039,-1821.3900570833357,1687114800000,-0.0034007212067548977,0.023359285363656872,0.016409450440780505
ZECUSDT,1687118399999,LONG,-1821.3900570833357,8380.553853750002,1687118400000,-0.02212142075036124,-0.029864394007281355,-0.014820715892703909
ZECUSDT,1687121999999,SHORT,8380.553853750002,-978.0888137499933,1687122000000,-0.003466207976486329,0.009302392662313561,-0.006920442844573757
ZECUSDT,1687125599999,LONG,-978.0888137499933,15331.960149583341,1687125600000,-0.007334524290959589,-0.01472324155289383,0.004987541511038968
ZECUSDT,1687132799999,SHORT,3281.609340833345,-3134.5579154166553,1687132800000,0.0019451474718923936,-0.0007770008160922242,-0.018101784473398393
ZECUSDT,1687150799999,LONG,-468.60603791665443,6827.749785000017,1687150800000,-0.0026886899239283745,0.00115008638323731,0.006118565933371949
ZECUSDT,1687312799999,SHORT,3581.629433750017,-1391.3854633333128,1687312800000,-0.0070619137564612924,-0.01444202105408367,-0.006320898531742038
ZECUSDT,1687327199999,LONG,-1177.2972458333145,7461.751877083351,1687327200000,0.006595846558351173,-0.00036771465757217634,0.01024149405219692
ZECUSDT,1687363199999,SHORT,1868.9641062500134,-1088.4800416666524,1687363200000,-0.008823586658515244,-0.0033179753941821937,-0.022997910830812818
ZECUSDT,1687366799999,LONG,-1088.4800416666524,3307.664470833348,1687366800000,0.005473467414172128,-0.008820343842972882,0.018129575597822783
ZECUSDT,1687370399999,SHORT,3307.664470833348,-411.46370749998215,1687370400000,0.008404946244895576,0.015401844611506703,-0.0029069787913090896
ZECUSDT,1687521599999,LONG,-8350.699304583331,18024.38459958334,1687521600000,-0.0018251510815806705,0.018428705822917005,0.04701720651671048
ZECUSDT,1687589999999,SHORT,6822.553441666668,-2424.959297499998,1687590000000,0.0141259885517785,0.006521389166559224,0.01899556339173499
ZECUSDT,1687834799999,LONG,-6479.751879166703,14665.818683333295,1687834800000,-0.008165977110286418,-0.028710105882431253,-0.01375717733627879
ZECUSDT,1687849199999,SHORT,9420.138933333294,-8157.869131250042,1687849200000,-0.006671138817022601,-0.010983635133964196,-0.014288330805095185
ZECUSDT,1687863599999,LONG,-13079.447785833378,717.7890733332994,1687863600000,0.00725357614889158,0.00330360392957752,-0.0053085725197650315
ZECUSDT,1687870799999,SHORT,5980.5982858333155,-7446.926485833345,1687870800000,0.012537280681673089,0.003942186445739182,0.011873490415016548
ZECUSDT,1688119199999,LONG,-7679.547452500022,1857.2047037500015,1688119200000,0.008141157583699645,-0.03230553199689014,0.005133636519744684
ZECUSDT,1688122799999,SHORT,1857.2047037500015,-15893.221590416671,1688122800000,-0.019625964456748444,0.028943376039488423,-0.0020998957768845494
ZECUSDT,1688126399999,LONG,-15893.221590416671,10937.50815291667,1688126400000,-0.00472395327850665,-0.04827483305779562,-0.0053160196072287854
ZECUSDT,1688133599999,SHORT,3928.876249999996,-35542.54518249997,1688133600000,-0.011503313541101465,-0.0738175699446242,-0.06769956105823915
ZECUSDT,1688144399999,LONG,-19346.449687083328,12285.153095000016,1688144400000,0.02350975159825415,-0.025294934895621433,-0.0068626257695236495
ZECUSDT,1688158799999,SHORT,1301.788812083328,-20945.08792583334,1688158800000,-0.012731302606759224,-0.032415803389305484,-0.026194482775053044
ZECUSDT,1688169599999,LONG,-9775.408019583343,5811.642761666667,1688169600000,0.002661542307512908,0.00472674439866239,-0.013415017098834517
ZECUSDT,1688173199999,SHORT,5811.642761666667,-7244.48629125001,1688173200000,-0.010280601634367198,0.01397376684702557,0.00770602509266598
ZECUSDT,1688245199999,LONG,-30323.560802500044,230.13566583329035,1688245200000,-0.0058360247345419225,-0.01968625350342634,-0.03343012087449492
ZECUSDT,1688248799999,SHORT,230.13566583329035,-3051.9942266667153,1688248800000,0.006457316244298268,0.02758591058558169,0.02278542131877979
ZECUSDT,1688507999999,LONG,-11353.071496249971,7798.210458750029,1688508000000,-0.00029722098598939387,-0.02314848590275756,0.005334926701880277
ZECUSDT,1688565599999,SHORT,2841.6079487500247,-8694.482694166654,1688565600000,0.003731347612858024,0.00685147494910171,0.020063368921332266
ZECUSDT,1688741999999,LONG,-29928.576581249978,2224.1303012499993,1688742000000,-0.006420567802922695,-0.039822494187171556,-0.05289457575452438
ZECUSDT,1688745599999,SHORT,2224.1303012499993,-5526.517234583332,1688745600000,0.018850086902095477,0.027086008929174232,0.05254802097093766
ZECUSDT,1688878799999,LONG,-14374.205583750057,1065.867469999944,1688878800000,-0.000695168606375856,-0.008023765357202572,-0.002086957279198436
ZECUSDT,1688893199999,SHORT,1000.8525004166344,-16370.88962833336,1688893200000,-0.0007005254226932939,-0.0034977300437545834,0.000701016502595186
ZECUSDT,1688903999999,LONG,-7537.596651666696,4734.902885833314,1688904000000,0.0038481768670362865,0.009071939398675892,-0.00035056967931347625
ZECUSDT,1688950799999,SHORT,8467.552542083311,-23945.41972541667,1688950800000,-0.0035587226169939328,-0.030544765321858607,-0.019418085857101516
ZECUSDT,1688983199999,LONG,-5611.948415833329,3716.040733333335,1688983200000,0.00484933406143765,-0.01222722656956033,0.0038121688863543782
ZECUSDT,1688990399999,SHORT,1043.5763433333439,-3768.0075495833203,1688990400000,0.008009793824503852,-0.0003468007664374897,-0.0010400416954139326
ZECUSDT,1689058799999,LONG,-7747.94627125002,107.47863333331286,1689058800000,-0.0020611481017402643,-0.010001807812950205,-0.02185689784247816
ZECUSDT,1689062399999,SHORT,107.47863333331286,-3460.0530183333517,1689062400000,0.004480448646314346,0.004480448646314346,0.017693436422636842
ZECUSDT,1689130799999,LONG,-6855.2802616666695,1925.6124554166647,1689130800000,-0.0030986425206362476,0.008216410482249284,0.0037742367671257633
ZECUSDT,1689134399999,SHORT,1925.6124554166647,-8499.230404583332,1689134400000,-0.003787231243882765,-0.018117056798707756,0.003109347815177651
ZECUSDT,1689137999999,LONG,-8499.230404583332,4121.416610416665,1689138000000,0.005483221414531401,0.007531702841003887,-0.005859055189403193
ZECUSDT,1689145199999,SHORT,89.9559183333331,-8186.352794999999,1689145200000,-0.006457116742912039,-0.0006816632847458644,0.014769287870973195
ZECUSDT,1689155999999,LONG,-4262.829321666674,3569.1409508333213,1689156000000,0.004096967150951008,-0.001369394257131189,-0.017253706131956384
ZECUSDT,1689170399999,SHORT,1184.3485966666437,-4001.5896333333512,1689170400000,-0,0.011365715599392305,0.0010279253946059396
ZECUSDT,1689227999999,LONG,-17658.031877083366,12729.181759999978,1689228000000,0.007737633222060285,0.02600146481520193,0.05646396285060048
ZECUSDT,1689314399999,SHORT,21672.838776666755,-6063.138934999923,1689314400000,0.0006108735681719222,0.013216728428366336,0.02067017908294722
ZECUSDT,1689454799999,LONG,-2466.959039166691,1593.7698508333124,1689454800000,-0.0009635459232711786,0.0009626183961684145,-0.0019280211627996922
ZECUSDT,1689458399999,SHORT,1593.7698508333124,-3755.4957566666853,1689458400000,0.0009644752395284331,-0.0028878569724972787,0.0012861738107442296
ZECUSDT,1689487199999,LONG,-8510.08066916668,1711.1550349999936,1689487200000,-0.002576490958304783,-0.00032169857121575496,0.0035318707447741533
ZECUSDT,1689490799999,SHORT,1711.1550349999936,-4107.268232500006,1689490800000,-0.0016105656565632888,-0,0.00032242463603510314
ZECUSDT,1689508799999,LONG,-3310.7087866666675,6123.391687083332,1689508800000,0.002564926061525038,0.004484312447328586,-0.010974932624885627
ZECUSDT,1689526799999,SHORT,6727.441257083333,-960.4470045833344,1689526800000,-0.0032102756302481894,0.004834820054583405,-0.018477747761036518
ZECUSDT,1689537599999,LONG,-3697.0219520833343,760.8777691666643,1689537600000,0.0025881606165371923,-0.0019455259054914423,0.03062440277993347
ZECUSDT,1689541199999,SHORT,760.8777691666643,-1363.7178441666692,1689541200000,-0.0067600450577193615,0.003883500026397633,-0.029596432300439936
ZECUSDT,1689548399999,LONG,-2771.2685312500034,733.3693220833351,1689548400000,-0.013219602478709474,0.006703935722190355,0.0006404098841992446
ZECUSDT,1689551999999,SHORT,733.3693220833351,-11924.51587166667,1689552000000,-0.0006487188031591277,-0.026574318698215346,-0.014815085785140682
ZECUSDT,1689566399999,LONG,-1385.3859583333324,7817.981333333337,1689566400000,0.0006315124933591015,0.005355186841135206,0.005355186841135206
ZECUSDT,1689627599999,SHORT,798.5724658333105,-2447.2363120833566,1689627600000,-0.02434577172904144,-0.033248363144361054,0.005068113477251931
ZECUSDT,1689631199999,LONG,-2447.2363120833566,462.6392379166452,1689631200000,-0.00247066215856916,0.009822055635458857,-0.03356124922860034
ZECUSDT,1689634799999,SHORT,462.6392379166452,-3502.7192516666933,1689634800000,-0.0015444018513739856,0.0015467907182987934,0.028533053385903777
ZECUSDT,1689638399999,LONG,-3502.7192516666933,8383.650126666646,1689638400000,0.009828088936262693,-0.010861239431604703,-0.04546237407675729
ZECUSDT,1689649199999,SHORT,9239.338887083315,-15030.033741666683,1689649200000,0.007770046861931788,0.03496969960889889,0.03176867254781998
ZECUSDT,1689796799999,LONG,-3341.1021395833327,3962.1890966666638,1689796800000,-0.005685422768800319,-0.014594167657909867,-0.0060022293610271634
ZECUSDT,1689800399999,SHORT,3962.1890966666638,-1152.9733737499967,1689800400000,-0.0034793645728749554,0.005082603063465779,-0.007261278945037785
ZECUSDT,1689854399999,LONG,-5343.7889679166865,9511.096212083314,1689854400000,-0.0028270789993029067,-0.02477103473682573,-0.022522760142768487
ZECUSDT,1689865199999,SHORT,8939.925984583315,-8224.226731249999,1689865200000,0.0054513522845613975,0.018070837017018893,-0.01617798963882002
ZECUSDT,1690441199999,LONG,-2870.7481229166683,5692.232870416666,1690441200000,0.00465117117573088,0.005313861723508567,-0.00903167203034782
ZECUSDT,1690462799999,SHORT,5318.217518333336,-1972.848720833333,1690462800000,-0.0013262601413533159,0.00465581153619404,-0.008260413730352368
ZECUSDT,1690505999999,LONG,-831.9513566666598,11413.3914925,1690506000000,-0.000987979662119469,-0.000987979662119469,0.0006581112445491024
ZECUSDT,1690538399999,SHORT,1019.6506366666703,-1197.8451083333323,1690538400000,0.0019874137048381275,-0.005938651567582547,-0.014781021281566763
ZECUSDT,1690541999999,LONG,-1197.8451083333323,9086.070047916668,1690542000000,-0.0026560440581162963,0.01872283300263804,0.01904819497069441
ZECUSDT,1690567199999,SHORT,6098.302895416663,-3862.0359600000033,1690567200000,-0.00032770768767782587,-0.005230479397581842,-0.00457816365364195
ZECUSDT,1690703999999,LONG,-8154.165283333332,2133.7977325000015,1690704000000,0.000664231176862766,-0.0023282897595911845,-0.02217087789415452
ZECUSDT,1690747199999,SHORT,14966.117049583327,-2991.4522983333422,1690747200000,-0.005759799084633379,-0.015174798019235132,-0.023174840686311527
ZECUSDT,1690750799999,LONG,-2991.4522983333422,986.2616879166575,1690750800000,0.0010126583143861855,0.017077260818193024,0.02270548292564609
ZECUSDT,1690790399999,SHORT,6537.07970833332,-6370.210556250012,1690790400000,-0.005296271896936084,-0.003313455649156967,0.009336513303598639
ZECUSDT,1690833599999,LONG,-6838.088293333344,10364.599642916657,1690833600000,0.0036770892175275855,0.013967636458203769,-0.007394991683158108
ZECUSDT,1690844399999,SHORT,59.24050124999243,-14230.616577083341,1690844400000,-0.00033030553562079113,0.023396789169241396,0.02035778632384126
ZECUSDT,1690988399999,LONG,-5484.464227500001,1136.466606666664,1690988400000,0.00504287503386196,-0.005746170956956384,-0.0003370975929444257
ZECUSDT,1690995599999,SHORT,1062.9661254166665,-3576.5652924999936,1690995600000,-0.002705446357668496,-0.003718104672054825,-0.00033858134740239994
ZECUSDT,1691031599999,LONG,-7494.765819166661,3959.7126720833426,1691031600000,-0.0043911571994967955,-0.00472973854689915,0.008390718803546119
ZECUSDT,1691042399999,SHORT,2627.3142145833394,-167.01434291665282,1691042400000,0.005066722543348362,0.003374961016526046,-0.0006736275094742743
ZECUSDT,1691405999999,LONG,-1235.1734033333316,3530.09541291667,1691406000000,0.002369268327805477,-0.0027146267094667175,-0.011245645860208526
ZECUSDT,1691427599999,SHORT,8826.367604166668,-543.0234320833333,1691427600000,-0.0003448870529099869,-0.004130814823967657,-0.022173857494322075
ZECUSDT,1691431199999,LONG,-543.0234320833333,2498.2187329166677,1691431200000,0.002754822678844462,0.0037859277710578488,0.01912626609352699
ZECUSDT,1691456399999,SHORT,1717.4561049999986,-3469.4449158333323,1691456400000,0.004796172263493055,-0.012903404835907782,-0.011215070820140003
ZECUSDT,1691467199999,LONG,-1652.3112220833343,5320.184256666663,1691467200000,0.01666988763138489,0.0010286302981382426,0.01430542106788458
ZECUSDT,1691488799999,SHORT,2746.6212858333297,-12557.035985000004,1691488800000,-0.008484693697282551,-0.0010219724956931895,-0.01488525454102728
ZECUSDT,1691546399999,LONG,-5975.007996666667,2562.4008670833355,1691546400000,0.0023813584990666514,0.005434795985956995,0.008141157583699866
ZECUSDT,1691553599999,SHORT,3431.0958450000035,-617.6070624999944,1691553600000,-0.0006786562866516908,-0.0013568523112898034,-0.00033938571511905603
ZECUSDT,1691575199999,LONG,-9928.177359166664,2646.4856479166715,1691575200000,0.0006754475096379729,0,-0.0047409502955304845
ZECUSDT,1691578799999,SHORT,2646.4856479166715,-4189.86385458333,1691578800000,0.0016894749752669256,0.0037206198848046376,0.006095514978977174
ZECUSDT,1691582399999,LONG,-4189.86385458333,5274.25437708334,1691582400000,0.0037143382227295507,-0.0030492993303976525,-0.0023708732528161976
ZECUSDT,1691625599999,SHORT,780.2929312500019,-184.75311999999758,1691625600000,0.0003390405185893715,-0.000677736386497595,-0.000677736386497595
ZECUSDT,1691665199999,LONG,-3529.9647429166653,4702.899047499998,1691665200000,-0.008097210232619475,-0.005390848634876423,-0.011490494791599703
ZECUSDT,1691668799999,SHORT,4702.899047499998,-681.2983337500021,1691668800000,-0.004056800695614469,-0.0037193618532022155,0.002374089634676061
ZECUSDT,1691675999999,LONG,-1045.6126104166663,4452.933583750001,1691676000000,-0.007069546359965302,-0.012149997592384392,-0.01282934544459867
ZECUSDT,1691690399999,SHORT,3029.6391675,-137.57807499999763,1691690400000,0.0003395009368885229,0.0016986584685805609,0.0013586958611927365
ZECUSDT,1691697599999,LONG,-1387.0235374999975,2832.856752500001,1691697600000,-0.004073325387635898,-0.002374089634676061,-0.0013559324111358441
ZECUSDT,1691701199999,SHORT,2832.856752500001,-2869.8347833333305,1691701200000,-0.0003400782212676992,-0.0037345146102121976,-0.003056548482548874
ZECUSDT,1691953199999,LONG,-3699.8574325000022,18067.531282083335,1691953200000,0.013843332475394429,-0.009671577806649758,-0.010006754615552725
ZECUSDT,1691967599999,SHORT,9921.742902500004,-2444.0586012499916,1691967600000,-0.0026773777707163942,0.001341381824201336,-0.0026773777707163942
ZECUSDT,1691971199999,LONG,-2444.0586012499916,4490.897418750009,1691971200000,-0.0016725208782580984,-0.0013377928416600535,-0.006034212074267559
ZECUSDT,1691974799999,SHORT,4490.897418750009,-1198.3193624999913,1691974800000,0.003352333008753561,-0.004674465940699397,0.007052925961885984
ZECUSDT,1691989199999,LONG,-1681.7001183333243,682.4937991666739,1691989200000,0.0009988347759006372,-0.005344034094271545,-0.008362651177630917
ZECUSDT,1691992799999,SHORT,682.4937991666739,-2131.448737499993,1691992800000,0.007348062454559475,0.006342868870172343,0.013063324271430515
ZECUSDT,1692395999999,LONG,-25201.853163749995,10937.009083333352,1692396000000,-0.0016413626992300952,0.005723646042568943,0.013843869305495955
ZECUSDT,1692406799999,SHORT,3872.4216212500214,-1684.32758958332,1692406800000,-0.0008156607303766942,-0.008126822460497384,-0.0077220460939103185
ZECUSDT,1692536399999,LONG,-1197.4190412500004,1089.4347891666682,1692536400000,-0.00958856727165915,-0.010391780166247509,0
ZECUSDT,1692539999999,SHORT,1089.4347891666682,-1872.025852083333,1692540000000,0.0032154368539744657,-0.004404411524430392,-0.006001218250949667
ZECUSDT,1692565199999,LONG,-2039.8258041666668,4033.6045,1692565200000,-0.0071118434877173635,-0.009891277478742667,-0.027945930390559336
ZECUSDT,1692601199999,SHORT,3354.4781408333324,-1685.9977304166684,1692601200000,-0,0.008531435049468756,0.0028357321007908888
ZECUSDT,1692673199999,LONG,-491.3967954166674,2284.536582499999,1692673200000,-0.002402884616310315,0.007174203748000453,0.006379606964038988
ZECUSDT,1692730799999,SHORT,1022.5644433333267,-323.5031491666741,1692730800000,0.004884014592425236,-0.007281585571263053,-0.026443848549427235
ZECUSDT,1692745199999,LONG,-2691.6178995833448,266.2830558333226,1692745200000,0.006428306587972163,0.02192633186531549,-0.003229716170384776
ZECUSDT,1692748799999,SHORT,266.2830558333226,-1538.0139091666813,1692748800000,-0.009565636908146739,-0.008771986072837041,0.0068314511207452615
ZECUSDT,1692752399999,LONG,-1538.0139091666813,4639.1193312499845,1692752400000,0.00632913505164753,0.006723379093812859,-0.022067094028678545
ZECUSDT,1692770399999,SHORT,3906.2981179166527,-808.6845120833483,1692770400000,0.001580403331710084,0.019534206948305804,-0.008647852636129756
ZECUSDT,1692813599999,LONG,-17191.04972125,1645.6673608333392,1692813600000,-0.003921573653181802,-0.0066758543634719385,-0.01577942010396534
ZECUSDT,1692817199999,SHORT,1645.6673608333392,-621.9309604166629,1692817200000,-0.010946160897497077,-0.0019634799161026093,0.01027270985572037
ZECUSDT,1692968399999,LONG,-313.93801125000147,676.0046637499981,1692968400000,-0.002420331960065696,0.005624763724765788,0.0072260450917396276
ZECUSDT,1692971999999,SHORT,676.0046637499981,-5083.9415283333365,1692972000000,0.002022245380767809,-0.004836768800614021,-0.0088496152769826
ZECUSDT,1692989999999,LONG,-744.1461166666704,4446.483222083322,1692990000000,-0.002371542613480901,-0.014314359721901988,-0.01752334763408311
ZECUSDT,1693000799999,SHORT,1458.764920416647,-1818.3693429166851,1693000800000,0.0027994419402159205,0.0027994419402159205,0.00842194671182252
ZECUSDT,1693101599999,LONG,-7322.413577916668,650.6882445833302,1693101600000,-0.0024115767314512437,-0.003619549497627899,-0.008466085640157607
ZECUSDT,1693108799999,SHORT,42.62712708333129,-57.667976250001935,1693108800000,-0.0012055456553484675,0.003625381614316857,-0.0008038585641873019
ZECUSDT,1693112399999,LONG,-57.667976250001935,1494.0490674999999,1693112400000,-0.002816336603039502,-0.009689215890801626,0.010789315452739185
ZECUSDT,1693119599999,SHORT,72.83213291666682,-5456.78834875,1693119600000,-0.0008074283846010674,0.0032362487792084163,-0.008045095684831438
ZECUSDT,1693281599999,LONG,-442.6405012500042,5530.545395416663,1693281600000,-0.0027640688871513773,-0.008315233023277021,0.03220452895059548
ZECUSDT,1693313999999,SHORT,800.834676666674,-6175.374189583319,1693314000000,-0.0032167297540139687,-0.06546942078085911,-0.052943160961678594
ZECUSDT,1693321199999,LONG,-5094.828179999985,21904.600009166712,1693321200000,-0.014781394765478633,-0.0037693222162917535,-0.030560055774057824
ZECUSDT,1693407599999,SHORT,12243.361638333372,-15046.725763333323,1693407600000,0.00039039625715442335,-0.021240420073466434,-0.016644471730787647
ZECUSDT,1693414799999,LONG,-3266.0244454166605,2013.9896150000106,1693414800000,0.0003863241307464729,0.010761056956298238,0.011907188886920873
ZECUSDT,1693493999999,SHORT,10672.026628333335,-696.1022162500085,1693494000000,0.013056565302427848,0.02871010588243148,0.033982882243820234
ZECUSDT,1693673999999,LONG,-16776.686600000005,1560.6416825000003,1693674000000,-0.007395267886156882,0,0.012609481694692715
ZECUSDT,1693684799999,SHORT,4050.980548750003,-3789.48819291666,1693684800000,-0.004924096941617111,-0.016320231672486793,-0.021567468737246125
ZECUSDT,1693688399999,LONG,-3789.48819291666,808.1865141666725,1693688400000,0.002453988961566566,0.015844329021150957,0.012614612850766128
ZECUSDT,1693735199999,SHORT,2736.9933899999996,-6266.795042083336,1693735200000,-0,-0.008881770134780408,0.0008113590708792473
ZECUSDT,1693745999999,LONG,-2859.4628300000018,2592.2930320833307,1693746000000,0.0012065153283407697,-0.0036283047262423594,-0.0024174064955386574
ZECUSDT,1693864799999,SHORT,2636.3774899999994,-555.3662375000004,1693864800000,-0.009474839161214669,-0.009064750986511232,-0.021699930290473977
ZECUSDT,1693868399999,LONG,-555.3662375000004,1369.8486687500001,1693868400000,0.004089985251525066,0.002047083621724823,0.011815171057932025
ZECUSDT,1693871999999,SHORT,1369.8486687500001,-203.3256904166677,1693872000000,0.005320249913566396,0.00040824658660504467,-0.007725185806406926
ZECUSDT,1693893599999,LONG,-5266.672708333333,2675.8050062499956,1693893600000,-0.003248074313164226,0.0008103728158228557,0
ZECUSDT,1693897199999,SHORT,2675.8050062499956,-4000.6601000000032,1693897200000,-0.0024370442605978404,-0.004058447128986959,-0.0036533428090857537
ZECUSDT,1693900799999,LONG,-4000.6601000000032,2898.5397770833274,1693900800000,0.0012162985484879924,0.0016214028683890767,-0.003657797209757414
ZECUSDT,1694051999999,SHORT,7742.7170912499905,-2927.453915000007,1694052000000,0.0015987213636969929,-0.003189795368100302,0.01286191364240781
ZECUSDT,1694055599999,LONG,-2927.453915000007,111.08063166666034,1694055600000,0.013897384679497441,0.007171345474991121,-0.005211477018549138
ZECUSDT,1694080799999,SHORT,3776.0851108333263,-1631.6028725000058,1694080800000,0.0012031282782752344,0.009261189608037615,-0.005595538180803342
ZECUSDT,1694091599999,LONG,-5280.063157083342,301.3871666666564,1694091600000,-0.00040444894383492077,0.013654830636877243,0.025944380752916676
ZECUSDT,1694095199999,SHORT,301.3871666666564,-434.0088912500105,1694095200000,-0.006451635281488595,-0.014059279580712012,-0.016051709010508043
ZECUSDT,1694098799999,LONG,-434.0088912500105,4546.859099583323,1694098800000,0.0028084271217261856,0.006806833088421472,0.008800056789992964
ZECUSDT,1694145599999,SHORT,10978.06015583333,-3681.5119450000057,1694145600000,-0.004737474316484291,-0.0007911392817710103,0.0035678927839016992
ZECUSDT,1694149199999,LONG,-3681.5119450000057,87.96862999999333,1694149200000,0.0015735644474305383,-0.007508432824662361,-0.01547342913496312
ZECUSDT,1694239199999,SHORT,16539.192428749997,-2707.7552700000037,1694239200000,-0.004763804165868076,-0.011080445776571959,-0.005555569844601964
ZECUSDT,1694253599999,LONG,-3545.3679587500105,3285.3025637499886,1694253600000,0,-0.0075054667952992775,-0.002364067294880507
ZECUSDT,1694257199999,SHORT,3285.3025637499886,-5602.6338866666765,1694257200000,0.0007874016154856732,0.0063166416107038525,0.001969667763047546
ZECUSDT,1694422799999,LONG,-1384.445472083343,795.6619524999891,1694422800000,-0.006920442844573683,-0.0012177797323915927,-0.016772739287585426
ZECUSDT,1694444399999,SHORT,5944.862333749989,-533.5717466666756,1694444400000,-0.004081638319648678,0.003687773079184736,-0.011386865612443887
ZECUSDT,1694473199999,LONG,-2411.295807500006,764.1489949999935,1694473200000,0.007766235641826735,0.014664213896209945,0.03269716097908623
ZECUSDT,1694577599999,SHORT,14135.258131666667,-6543.068085000002,1694577600000,-0.003621005766952362,-0.007228947143151292,-0.027823734450010528
ZECUSDT,1694588399999,LONG,-5088.175709999999,2208.04907666667,1694588400000,0.0012012013456339273,0.013134517180646763,0.01944119949530471
ZECUSDT,1694721599999,SHORT,3579.3594274999937,-2300.454232500005,1694721600000,0.006718065179813591,0.0031558211595544847,-0.013302230577065779
ZECUSDT,1694728799999,LONG,-1922.1646750000061,1904.3649741666607,1694728800000,0.001574183717441141,-0.0015766656793948371,0.011357083105173313
ZECUSDT,1694735999999,SHORT,82.8381816666606,-528.6972108333399,1694736000000,0.003165811904066266,-0.00982905495230142,-0.00590901857222785
ZECUSDT,1694739599999,LONG,-528.6972108333399,466.67678999999225,1694739600000,0.004744967384225733,0.01884625862483172,0.006715411371524455
ZECUSDT,1694746799999,SHORT,862.8665233333262,-2462.2583570833417,1694746800000,-0.0011743982559414398,-0.010132588639860924,0.008259633977417033
ZECUSDT,1694750399999,LONG,-2462.2583570833417,768.5991308333256,1694750400000,0.005851391768464087,0.006628996784318897,-0.00549236374802592
ZECUSDT,1694779199999,SHORT,3840.845598749996,-2484.961349583337,1694779200000,0.0023594191047696398,0.00157232736795241,-0.02329297856743848
ZECUSDT,1694782799999,LONG,-2484.961349583337,3489.6696479166617,1694782800000,0.0027521149668746476,0.004713284452098357,0.027569208686546706
ZECUSDT,1694804399999,SHORT,6033.9967824999985,-3067.3632245833337,1694804400000,-0.010176213060452457,-0.02869526082768991,-0.02907745078074653
ZECUSDT,1694811599999,LONG,-255.14352916666698,1987.7300512500005,1694811600000,0.0007724990727922891,0.008847913078337669,0.014195519404932994
ZECUSDT,1694815199999,SHORT,1987.7300512500005,-4173.4938274999995,1694815200000,-0.009602532014979301,-0.010366765907735338,-0.009984721968035898
ZECUSDT,1694818799999,LONG,-4173.4938274999995,5121.08432583333,1694818800000,-0.004212144845355494,0.009886012074143233,0.004194477074355337
ZECUSDT,1694822399999,SHORT,5121.08432583333,-4366.108636666668,1694822400000,-0.0015331547656271182,0.0003836562487113583,-0.004210532536343458
ZECUSDT,1694833199999,LONG,-3679.928664583333,2294.5601408333328,1694833200000,-0.014098156919498782,-0.009886012074143248,-0.022576049701796722
ZECUSDT,1694836799999,SHORT,2294.5601408333328,-1033.836112083336,1694836800000,-0.006120906638854709,-0.012583578818533624,0.004615392808401169
ZECUSDT,1694840399999,LONG,-1033.836112083336,1325.6099149999961,1694840400000,0.002665145304936535,0.0007621951588503767,-0.011888922394708363
ZECUSDT,1694861999999,SHORT,0.9992633333337532,-50.252933750000615,1694862000000,0.0038124331346559197,0.01688451470200872,0.010327114155849517
ZECUSDT,1694865599999,LONG,-50.252933750000615,690.6173262499991,1694865600000,-0.002677377770716403,-0.009209581593456004,-0.005746041475279823
ZECUSDT,1694869199999,SHORT,690.6173262499991,-1462.3891879166695,1694869200000,0.002683536208854429,0.007686432924156294,0.02677172497420204
ZECUSDT,1694912399999,LONG,-3631.84723041667,3690.036198333337,1694912400000,0.004316271170365051,0.0163810215204099,0.0175408901986715
ZECUSDT,1694919599999,SHORT,6002.490396666671,-17494.011816666665,1694919600000,-0.011334887821731445,-0.016761257726016433,-0.009389740349838917
ZECUSDT,1695016799999,LONG,-3377.46785625001,4499.698062916661,1695016800000,-0.009356793410881156,-0.005057392611804347,-0.0054474842882939346
ZECUSDT,1695020399999,SHORT,4499.698062916661,-1073.0786237500033,1695020400000,-0.0027391916951082272,-0.013234914867122331,-0.0015661710327448761
ZECUSDT,1695023999999,LONG,-1073.0786237500033,4523.820098333331,1695024000000,-0.0027381202321242882,0.01780922021118214,0.0003905487259169503
ZECUSDT,1695085199999,SHORT,2815.5996779166744,-3071.2935724999893,1695085200000,-0.007874056430905866,-0.01529741538831779,-0.0176302313762705
ZECUSDT,1695203999999,LONG,-8561.00677333334,2977.5514424999915,1695204000000,0.004246290881451004,0.005401247698960741,0.01039070345379212
ZECUSDT,1695214799999,SHORT,6249.751764166663,-1745.5692829166692,1695214800000,-0.005788169738997747,-0.0034769206361718458,-0.012690037627653425
ZECUSDT,1695218399999,LONG,-1745.5692829166692,57.138771666666194,1695218400000,-0.0011545123468249872,-0.0019249284095843938,0.00537017017459378
ZECUSDT,1695293999999,SHORT,3525.957731250013,-2805.944302916659,1695294000000,-0.007770046861931858,-0.015096086954004821,-0.019313076143606608
ZECUSDT,1695301199999,LONG,-1.8508474999919902,5675.417182083339,1695301200000,-0.005035842522954585,0.005010609827860392,0.008847913078337669
ZECUSDT,1695304799999,SHORT,5675.417182083339,-1159.747265416662,1695304800000,-0.011203516838493483,-0.007354397382592367,-0.016567514374073965
ZECUSDT,1695311999999,LONG,-2278.047629999995,1550.2938158333382,1695312000000,-0.004220224947670074,0,0.008007669099987624
ZECUSDT,1695322799999,SHORT,1930.6743637500065,-2227.72352791666,1695322800000,-0,-0.0007654037878455252,0.000382921697192919
ZECUSDT,1695416399999,LONG,-1125.4682983333344,496.9011045833322,1695416400000,0.0037551677623236424,0.0063754200569162995,0.004504512121104508
ZECUSDT,1695423599999,SHORT,362.3873649999975,-2045.9373091666687,1695423600000,-0.0018751177442443815,-0.0018751177442443815,-0.001500375375234492
ZECUSDT,1695427199999,LONG,-2045.9373091666687,2076.136569166663,1695427200000,0.0022455099255828236,-0.0018751177442444145,-0.0003747423690098073
ZECUSDT,1695430799999,SHORT,2076.136569166663,-1189.6458483333408,1695430800000,-0.0011208669210109072,-0,0.007881444437954088
ZECUSDT,1695545999999,LONG,-4088.0270420833335,334.65490458333323,1695546000000,-0.002266718008690921,-0.0030234338979971747,-0.015592633843539502
ZECUSDT,1695549599999,SHORT,334.65490458333323,-1002.0393754166689,1695549600000,-0,-0.0022675746677805605,0.011415649083676769
ZECUSDT,1695563999999,LONG,-5138.519355833336,1385.400950416665,1695564000000,0.0003775722151708866,-0.007962127371358967,-0.02060355218050955
ZECUSDT,1695567599999,SHORT,1385.400950416665,-822.464132500003,1695567600000,0.0003775722151708456,0.015982075338567926,0.014065998875747903
ZECUSDT,1695571199999,LONG,-822.464132500003,1621.4308249999965,1695571200000,-0.008720434409328067,-0.019440292041524754,-0.014448920572940819
ZECUSDT,1695574799999,SHORT,1621.4308249999965,-6927.440664583337,1695574800000,-0.0007616146598157249,0.006113889888995747,0.007648220838256845
ZECUSDT,1695704399999,LONG,-2556.9418616666676,978.0764537499996,1695704400000,-0.004987541511039051,-0.007683479981948102,0.005724114083888643
ZECUSDT,1695707999999,SHORT,978.0764537499996,-315.9077150000003,1695708000000,0.001539053785903172,0.003852084886541643,-0.008422714418222087
ZECUSDT,1695722399999,LONG,-799.9123537500009,2718.203995833332,1695722400000,-0.0038654860655775764,0.0007713074042238268,0.009216655104924048
ZECUSDT,1695826799999,SHORT,1867.453987500004,-2414.512036249995,1695826800000,-0.0007707129475913023,-0.009591479631322761,-0.006149135440349832
ZECUSDT,1695841199999,LONG,-2302.7955104166663,3842.4066262500005,1695841200000,0.0015267178537998873,-0.004210532536343494,-0.0011465699708219997
ZECUSDT,1695851999999,SHORT,2738.5225854166656,-7446.049649583336,1695852000000,-0.004613618333512715,-0.01111335446399066,-0.0015402390415011717
ZECUSDT,1695866399999,LONG,-1446.2773912500004,309.4371554166646,1695866400000,-0.004968479550134558,-0.00842271441822212,-0.011117614990484444
ZECUSDT,1696039199999,SHORT,1234.990257916664,-2662.9515425000013,1696039200000,-0.0015020656222556356,-0.0018772297609647311,-0.010095430665350935
ZECUSDT,1696046399999,LONG,-756.1160170833342,946.9511516666656,1696046400000,-0.0015037596818663988,-0.002256488358732504,0.016393809775676352
ZECUSDT,1696053599999,SHORT,509.5623629166651,-2437.1304770833344,1696053600000,-0.0007501875820695093,-0.0033714210619434906,-0.018219503794869654
ZECUSDT,1696139999999,LONG,-3978.8233687499974,2069.1714816666663,1696140000000,-0.0018231545615151365,-0.0021881846805527827,-0.010989121575595206
ZECUSDT,1696143599999,SHORT,2069.1714816666663,-1015.832361666667,1696143600000,0.008429589955768053,-0.0032792887831298166,0.006591016170704553
ZECUSDT,1696168799999,LONG,-1047.609490000005,3339.985847499995,1696168800000,-0.004021208123780327,-0.00953086393475006,0.024861666025005644
ZECUSDT,1696175999999,SHORT,932.2115054166619,-1743.6328170833397,1696176000000,0.0025598843746892116,0.0014619885644992772,-0.029154485265718535
ZECUSDT,1696269599999,LONG,-5721.5416249999935,169.5350200000054,1696269600000,-0.01791310921253026,-0.015334364000106687,-0.0021762794225956283
ZECUSDT,1696273199999,SHORT,169.5350200000054,-2675.2734920833295,1696273200000,-0.007350271975039476,-0.005150857598678963,-0.02116867367229639
ZECUSDT,1696276799999,LONG,-2675.2734920833295,756.6313470833411,1696276800000,0.002194587566974067,-0.0010991025103521787,0.007296639450869531
ZECUSDT,1696287599999,SHORT,2767.7147287500084,-33.52730999999403,1696287600000,-0.0014673516939497444,-0.010589837873204465,-0.0054915019936751614
ZECUSDT,1696291199999,LONG,-33.52730999999403,2980.8982512500093,1696291200000,0.0018311669647151816,0.009122486179254697,-0.0022018357519414463
ZECUSDT,1696355999999,SHORT,3211.554621666665,-1699.0138258333343,1696356000000,0.005173699640927077,0.00888565639006707,0.017850976058986816
ZECUSDT,1696467599999,LONG,-4421.8450966666605,3287.676938750005,1696467600000,-0.004421525257877374,0.0003675794932034021,-0.005529968009461086
ZECUSDT,1696546799999,SHORT,533.6069529166695,-6150.461799999997,1696546800000,0.0018433184942891127,-0.007705046374405403,-0.006973784915859106
ZECUSDT,1696633199999,LONG,-971.009991249996,7090.648606666672,1696633200000,-0.005229746697277265,-0.005229746697277265,-0.000372647665948349
ZECUSDT,1696741199999,SHORT,5072.4828091666695,-345.67127999999775,1696741200000,-0.0014814817524428803,-0.0003705762503034397,0.03010009029785593
ZECUSDT,1696780799999,LONG,-54.0041741666646,6462.656290416668,1696780800000,-0.0026702285558789208,0.0007616146598157249,-0.0038167985267008537
ZECUSDT,1696845599999,SHORT,6379.327247083325,-6775.9137287500025,1696845600000,-0.0054837583562562875,-0.009382398771913518,-0.0015698590351200523
ZECUSDT,1697011199999,LONG,-21326.636173750005,370.48691749999125,1697011200000,0.0007964954622596354,0.003976148379639417,-0.0031923410989732072
ZECUSDT,1697021999999,SHORT,4326.778490416657,-374.7207033333422,1697022000000,0.004750602758597865,0.007134394113874092,0.005544568659774406
ZECUSDT,1697173199999,LONG,-847.4088354166621,4667.350691666671,1697173200000,0.0004052684959217598,0.004448945659731116,0.004045312960002671
ZECUSDT,1697219999999,SHORT,861.4862450000049,-4535.193838749994,1697220000000,-0.0008080808520535348,-0.014844806205151778,-0.013250545205860331
ZECUSDT,1697230799999,LONG,-1139.4112274999904,965.7088187500079,1697230800000,0.0031910677258107285,0,0.002792740694055351
ZECUSDT,1697234399999,SHORT,965.7088187500079,-962.2773237499902,1697234400000,0.006790519402470324,0.002790514069124163,0.0007964954622597524
ZECUSDT,1697349599999,LONG,-1026.9540354166638,1099.7766241666689,1697349600000,-0.001990050408009925,-0.005182391506983042,0.001986097971629546
ZECUSDT,1697360399999,SHORT,2665.0872975,-1986.8215504166658,1697360400000,0.0011983224921087556,0.005203133611621326,-0.006763503005899652
ZECUSDT,1697389199999,LONG,-755.4708924999983,4427.314192500004,1697389200000,0.0011911853701530102,0.0019845213895489603,0.0023809535057418754
ZECUSDT,1697489999999,SHORT,2005.0813549999973,-306.3480345833371,1697490000000,-0.002737049607040557,0.007072721035367996,0.013005109404564737
ZECUSDT,1697518799999,LONG,-1087.9124912500072,262.58237666666054,1697518800000,-0.0035552081689222952,-0.00593238836919668,-0.02434764055432583
ZECUSDT,1697522399999,SHORT,262.58237666666054,-4962.96859500001,1697522400000,0.003170831035583939,0.0015841587471364324,0.024435423663904624
ZECUSDT,1697623199999,LONG,-3216.7443008333344,781.366612500003,1697623200000,0.006037450417984245,0,-0.0012118765369264236
ZECUSDT,1697637599999,SHORT,1005.564579583337,-989.0292574999961,1697637600000,0.000807428384601044,-0,0.00525997571229733
ZECUSDT,1697680799999,LONG,-545.3125095833306,662.382408750004,1697680800000,0.0012158056208899498,0.01289300696123329,0.00566115543473828
ZECUSDT,1697687999999,SHORT,1861.872117083336,-3143.548523749998,1697688000000,-0.002822013564009816,-0.003224509041369595,-0.0068396967506223665
ZECUSDT,1697785199999,LONG,-3621.6648375,803.4478645833327,1697785200000,-0.0019634799161025846,0.0027424111213098933,-0.008272649109367248
ZECUSDT,1697795999999,SHORT,6840.5848720833355,-672.8971537500025,1697796000000,0.0039047296781563713,0.0058628270337703165,0.013733784630457773
ZECUSDT,1697799599999,LONG,-672.8971537500025,1518.66643833333,1697799600000,0.00039131285962046986,-0.0062819209331263955,-0.008253141756720525
ZECUSDT,1697813999999,SHORT,4222.141750833333,-1786.2154520833355,1697814000000,-0.0003937783079037609,0.004341826437930396,0.00394633503471336
ZECUSDT,1697878799999,LONG,-4293.250749999998,1462.5949762500004,1697878800000,0.001962709167848689,-0.0003930045246102828,0.008607251886517495
ZECUSDT,1697961599999,SHORT,6329.041707499998,-4593.448615833339,1697961600000,0.007097821596428828,0.007097821596428828,-0.005876608488985191
ZECUSDT,1698026399999,LONG,-9895.638590416667,2687.257488749999,1698026400000,0.002287458107599062,0.004949562741166868,-0.0030581063588207735
ZECUSDT,1698044399999,SHORT,2065.8462754166635,-1067.0275441666697,1698044400000,-0.0019116809492327514,-0.0015296370095334146,-0.014815085785140682
ZECUSDT,1698047999999,LONG,-1067.0275441666697,11033.925636250004,1698048000000,0.0049533345704473545,0.003812433134655939,0.018543577712169104
ZECUSDT,1698069599999,SHORT,4196.376696666671,-206.34727624999505,1698069600000,-0.002294456073523404,-0.0076278020488860674,-0.046380788346119306
ZECUSDT,1698073199999,LONG,-206.34727624999505,3701.1855529166714,1698073200000,-0.0015284680086886896,0.012521506798041185,0.06289054311977697
ZECUSDT,1698076799999,SHORT,3701.1855529166714,-1462.643402916663,1698076800000,-0.009139439093092493,-0.020072629997847105,-0.041586812913177125
ZECUSDT,1698314399999,LONG,-7373.971637083353,98.96386041664907,1698314400000,-0.008456710018223398,-0.020919039726374013,-0.018056783747242726
ZECUSDT,1698325199999,SHORT,3507.2661529166508,-486.3805445833471,1698325200000,0.011400194717167206,0.03606593557972973,0.017509827378712466
ZECUSDT,1698591599999,LONG,-2988.8867425000003,388.7014791666649,1698591600000,-0.002851035430839194,-0.003922272812337997,0.008151737502724977
ZECUSDT,1698595199999,SHORT,388.7014791666649,-7021.03958541667,1698595200000,0.0028591870800451333,0.0014285716715258013,-0.006757984105044099
ZECUSDT,1700078399999,LONG,-7517.602808333319,3607.0409633333497,1700078400000,-0.004914014802429152,-0.007215511790708377,0.009756174945364656
ZECUSDT,1700081999999,SHORT,3607.0409633333497,-8243.921868333315,1700082000000,0.00725118536453927,-0.008176660437245539,-0
ZECUSDT,1700452799999,LONG,-6969.039089583337,1968.4408874999936,1700452800000,0.0030954452919467724,0.011303425709776146,0.014364132061057104
ZECUSDT,1700477999999,SHORT,3256.940437083329,-2136.975386250009,1700478000000,0.007148966617341369,-0.0030482665432500088,0.016761124387571793
ZECUSDT,1700488799999,LONG,-3266.899927083341,714.0665479166528,1700488800000,0.012249217464736156,0.01021807255519844,0.0003422899229037016
ZECUSDT,1700492399999,SHORT,714.0665479166528,-2536.3914633333493,1700492400000,0.004066423766790211,0.011222698982808187,0.028122566621026388
ZECUSDT,1700755199999,LONG,-9000.29057333334,1509.2798224999945,1700755200000,0.0052863559231480246,0.01159331446083165,0.02477879348412075
ZECUSDT,1700881199999,SHORT,1417.6416458333285,-10428.276686250007,1700881200000,-0.003318954258063717,-0.0026560440581162104,0.001663617086400032
ZECUSDT,1701287999999,LONG,-1803.5873045833287,4541.515745000007,1701288000000,-0.006198366952339019,-0.0017179183060246272,0.012960617983504879
ZECUSDT,1701298799999,SHORT,2732.85193291667,-1221.7298199999968,1701298800000,-0,-0.006512448038475895,-0.015356043090512675
ZECUSDT,1701514799999,LONG,-4.719275833327022,1476.2309495833372,1701514800000,-0.0026220926199866917,0.000981514883311872,0.03442514616372164
ZECUSDT,1701518399999,SHORT,1476.2309495833372,-4158.375799999993,1701518400000,-0.010447368938791278,-0.004584159959703466,-0.031020257811858618
ZECUSDT,1701521999999,LONG,-4158.375799999993,7006.151832500008,1701522000000,-0.0009748172989657342,-0.004557299554188571,0.026599869844916985
ZECUSDT,1701529199999,SHORT,1633.4606866666738,-1282.9035204166612,1701529200000,-0.0006535947945090159,-0.027725824983637324,-0.03847861675989922
ZECUSDT,1701532799999,LONG,-1282.9035204166612,1389.0857870833388,1701532800000,0.0013059094248993371,0.025799560593234083,0.041906019624286854
ZECUSDT,1701547199999,SHORT,2183.026469166673,-1607.2781974999878,1701547200000,-0.0060308070423112144,-0.0006365372589210018,0.002550208586454834
ZECUSDT,1701550799999,LONG,-1607.2781974999878,5363.9185887500125,1701550800000,0.0018975337761914111,0.0009492169673321553,-0.014026369580531767
ZECUSDT,1701561599999,SHORT,729.122060833346,-1735.0699845833199,1701561600000,-0.00602698097184978,-0.015469921772131951,0.008948605576014144
ZECUSDT,1701565199999,LONG,-1735.0699845833199,233.6851241666809,1701565200000,-0.0018999372403041383,0.010072480499164206,-0.024336775876129476
ZECUSDT,1701568799999,SHORT,233.6851241666809,-2816.3125195833186,1701568800000,-0.00757818593548909,-0,0.015974780607734385
ZECUSDT,1701572399999,LONG,-2816.3125195833186,2498.39928666668,1701572400000,0.004080997658896722,-0.014256537994836551,-0.027425188225733078
ZECUSDT,1701575999999,SHORT,2498.39928666668,-5326.575085416658,1701576000000,-0.000313234145082514,0.0186566676175078,0.029890937592885455
ZECUSDT,1703044799999,LONG,-964.3240912499872,25663.168142916675,1703044800000,0.004602592653273946,0.01339463100084941,0.04033926624430154
ZECUSDT,1703066399999,SHORT,24947.06037666668,-135.8703504166527,1703066400000,0.0028001418366102333,-0.011122811926024939,-0.014228940394022886
ZECUSDT,1705690799999,LONG,-6869.666519999999,10487.317260000002,1705690800000,0.001730852876943732,0.015470871525884439,0.015470871525884439
ZECUSDT,1705708799999,SHORT,2552.190806666675,-8085.993657916658,1705708800000,0.009365755987642164,-0.007177569340538085,0.00851068966790873
ZECUSDT,1706407199999,LONG,-3344.9062099999937,1705.6070812500038,1706407200000,-0.003061450018489823,-0.004376374599798777,-0.016289156116040832
ZECUSDT,1706428799999,SHORT,1811.2356404166687,-3033.7379745833314,1706428800000,-0.00308302380295218,0.002650178229559253,0.03318690208964094
ZECUSDT,1706432399999,LONG,-3033.7379745833314,6557.892042083336,1706432400000,0.002196354935202995,-0.01194440212515218,-0.026739561041899087
ZECUSDT,1706439599999,SHORT,3908.3026624999998,-2926.021412083331,1706439600000,0.007490671729157626,0.021744810621258725,0.03121073661014166
ZECUSDT,1706579999999,LONG,-3078.1023737500036,503.5979204166615,1706580000000,0,-0.010890981098194672,-0.0073929451744945964
ZECUSDT,1706583599999,SHORT,503.5979204166615,-2899.054383333336,1706583600000,0.003907102864808599,0.010015324299685022,0.004777424938891889
ZECUSDT,1707771599999,LONG,-13055.640826666655,3335.945500000009,1707771600000,0,0.01143414077111977,0.010012002584052007
ZECUSDT,1707789599999,SHORT,2694.8778379166783,-2776.040591249994,1707789600000,0.004276556767260194,0.000948766674585529,0.020599530799190694
ZECUSDT,1707793199999,LONG,-2776.040591249994,4510.920885833334,1707793200000,-0.004294924282880729,0.0014275519911855453,-0.02020270731751958
ZECUSDT,1707803999999,SHORT,3196.8522312500013,-1641.0454762499965,1707804000000,0.0014255169912209499,-0.007097261870761685,0.014829260029122023
ZECUSDT,1707958799999,LONG,-8472.800346666661,2279.1490441666683,1707958800000,-0.008855802457762768,0.007857678515977753,0.012451163855167962
ZECUSDT,1707962399999,SHORT,2279.1490441666683,-13194.458531250004,1707962400000,-0.006997929187644637,-0.007462721201589594,-0.033152207316900335
ZECUSDT,1708174799999,LONG,-10619.503452083327,1630.3180600000026,1708174800000,0.003912197991291906,0.022395423508529955,0.07628330474963078
ZECUSDT,1708178399999,SHORT,1630.3180600000026,-21981.678015416564,1708178400000,-0.01379332213233577,-0.040405241023912665,-0.09119820184532196
ZECUSDT,1708181999999,LONG,-21981.678015416564,842.7613404167909,1708182000000,0.004699859110423121,0.0513361200229824,0.09004033253480716
ZECUSDT,1708185599999,SHORT,842.7613404167909,-18600.80994166657,1708185600000,-0.0012785000676072934,-0.04339437607178792,-0.10629824216616372
ZECUSDT,1708196399999,LONG,-13718.388590416573,17184.480556250095,1708196400000,-0.0036682331738123754,0.0012197602650758396,0.04727792052638499
ZECUSDT,1708199999999,SHORT,17184.480556250095,-2480.0819041665723,1708200000000,0.003681738664920226,-0.014592881578561508,-0.05520559866862351
ZECUSDT,1708570799999,LONG,-54803.03625375001,2515.857881249996,1708570800000,-0.08221651884097857,0.002640016619140454,0.03924976223170135
ZECUSDT,1708574399999,SHORT,2515.857881249996,-36597.18307916669,1708574400000,0.0016413626992300952,-0.15115903659293106,-0.12073980083731403
ZECUSDT,1709362799999,LONG,-2883.1739708333334,2244.148479166664,1709362800000,-0.0045205114113182066,-0.01886234784800218,0.03575764593591696
ZECUSDT,1709366399999,SHORT,2244.148479166664,-6124.7178454166715,1709366400000,0.01795380361659582,-0.006449554765520731,-0.04584333604626592
ZECUSDT,1709423999999,LONG,-17598.273601666675,1796.6082649999735,1709424000000,-0.025348738529752404,-0.016112219661864772,-0.030620885956328572
ZECUSDT,1709427599999,SHORT,1796.6082649999735,-17600.98475416668,1709427600000,-0.0055504305306490415,-0.011070223754246893,0.007137346047538292
ZECUSDT,1709884799999,LONG,-11515.833262499975,1978.5702475000387,1709884800000,0.008548320293221086,0.020220469149120027,-0.0020743821336846524
ZECUSDT,1709888399999,SHORT,1978.5702475000387,-1958.5029133332962,1709888400000,-0.022916158726444875,-0.011088529138668547,0.0014682134483005192
ZECUSDT,1711040399999,LONG,-20217.038687083335,2885.3061558333284,1711040400000,-0.019299735658726818,-0.007067167223092443,-0.01998373021343779
ZECUSDT,1711043999999,SHORT,2885.3061558333284,-16185.040365000003,1711044000000,0.015157024581428466,-0.010880760186520268,-0.0006835270259289343
ZECUSDT,1711065599999,LONG,-3933.2488424999997,2373.345346249999,1711065600000,-0.003062789530545767,-0.003744685226930674,-0.033514969583675086
ZECUSDT,1711069199999,SHORT,2373.345346249999,-4365.774642499993,1711069200000,0.01754129241798362,0.0034153038662050415,0.018235495847459367
ZECUSDT,1711083599999,LONG,-6947.7161812499935,1156.8869641666727,1711083600000,0.0010254658222167022,0.0027322421368730716,-0.03232253575776955
ZECUSDT,1711090799999,SHORT,234.91509541667378,-3800.8644737499903,1711090800000,-0.008858660998582544,0.022496190079871668,0.014825301698468962
ZECUSDT,1711094399999,LONG,-3800.8644737499903,14056.028440833345,1711094400000,-0.00578134580873405,-0.03555163016547845,-0.022981632255808793
ZECUSDT,1711105199999,SHORT,10191.805479166671,-1530.6524962500068,1711105200000,0.0035075448096772025,0.020517168234048446,0.008792038347575373
ZECUSDT,1711501199999,LONG,-7127.838607499997,13116.515258333333,1711501200000,-0.006920442844573795,-0.01994683832104893,-0.021547094703512903
ZECUSDT,1711515599999,SHORT,9223.130386249997,-1343.6168195833404,1711515600000,-0.006693252079452593,0.030192197549363694,0.012226664539259541
ZECUSDT,1711519199999,LONG,-1343.6168195833404,7324.174241666663,1711519200000,-0.0019077907217273263,-0.0205398748540738,-0.02248729513846932
ZECUSDT,1711522799999,SHORT,7324.174241666663,-3647.381627916664,1711522800000,0.022856298374744125,0.01281247507908238,0.03135863867156916
ZECUSDT,1711846799999,LONG,-3097.398329583322,117.66783750000953,1711846800000,0.0016498931312416867,0.0016498931312416867,0.013449440062396834
ZECUSDT,1711868399999,SHORT,4358.657475416676,-641.4834995833262,1711868400000,0.0016315878966225118,0.0029387776252440424,0.0022849691678250464
ZECUSDT,1711871999999,LONG,-641.4834995833262,3965.193490833341,1711872000000,-0.0013071897286214885,0.00032653061514616464,-0.00032663727221665016
ZECUSDT,1711897199999,SHORT,4640.969240416681,-1739.396252499989,1711897200000,0.0026195168875502465,-0.0006538084574189426,0.0068909214432587495
ZECUSDT,1712354399999,LONG,-968.4735937499985,709.6259820833366,1712354400000,-0.000730994184597445,0,0.009454615882737464
ZECUSDT,1712386799999,SHORT,3760.196152083343,-9693.833828333321,1712386800000,0.00036251586403904625,-0.0028954055696398216,0.005451585371510157
ZECUSDT,1712501999999,LONG,-2113.207811666665,702.6128454166707,1712502000000,-0.007150548879934251,-0.011825975487105686,-0.014714064137179031
ZECUSDT,1712505599999,SHORT,702.6128454166707,-2312.7732749999973,1712505600000,-0.003581665720011463,0.009010693512710756,0.010459969128701221
ZECUSDT,1712509199999,LONG,-2312.7732749999973,5963.316140000005,1712509200000,-0.004298000885675512,-0.007533667918626946,-0.01875956889751014
ZECUSDT,1712573999999,SHORT,10531.507269166665,-1558.4764254166682,1712574000000,-0.0007037297968118593,-0.0007037297968118593,-0.010504298266875975
ZECUSDT,1712631599999,LONG,-6778.064629166671,389.44722624999605,1712631600000,-0.003521130398578825,-0.0017590154051795588,-0.017373243206730362
ZECUSDT,1712649599999,SHORT,3223.2754687500005,-4693.857432499996,1712649600000,-0.01194673379654794,-0.007746517611104868,0.009946796041458619
ZECUSDT,1713128399999,LONG,-36825.78673083333,13820.339545833353,1713128400000,0.008101068845332531,0.03710216586801778,0.07864312731911313
ZECUSDT,1713146399999,SHORT,821.8442683333438,-7391.210884583324,1713146400000,0.006436803833479311,-0.013203014464430214,-0.01861574757118035
ZECUSDT,1713265199999,LONG,-3192.2399537500337,3737.010047916636,1713265200000,0.006554330580097502,-0.02569123222868073,0.007487166468637823
ZECUSDT,1713344399999,SHORT,4019.78393,-3182.145689583335,1713344400000,-0.0028409110016036497,0.024479264084779725,0.010486273401573817
ZECUSDT,1713430799999,LONG,-6926.010732916661,145.92780041666992,1713430800000,0.009560302261982116,0.02373153611082087,0.0496589143669575
ZECUSDT,1713452399999,SHORT,2115.929621666665,-1775.1705825000051,1713452400000,-0.0018331810816609117,0.002296212260350268,0.04503575290987716
ZECUSDT,1713473999999,LONG,-3625.056512083344,4228.427701249991,1713474000000,0.0036496390875495523,-0.01102952357549962,0.04250248298792374
ZECUSDT,1713481199999,SHORT,3015.4290983333244,-2081.7143116666753,1713481200000,-0,0.054168236473149695,-0.03132247112904107
ZECUSDT,1713632399999,LONG,-1329.9286120833287,808.1581266666653,1713632400000,0.012931214672248784,0.008209162541052853,0.010358314453591963
ZECUSDT,1713643199999,SHORT,3577.959631666666,-5010.202645833339,1713643200000,-0.0025850940721048555,-0.0021547088707121083,-0.003015294121759736
ZECUSDT,1713646799999,LONG,-5010.202645833339,1997.2563070833312,1713646800000,-0.0038801514514673675,-0.009511528689973806,-0.00907721815111654
ZECUSDT,1713653999999,SHORT,2709.7896729166664,-766.4213820833307,1713654000000,-0.008646832949723805,-0.016792644336977445,0.003915602131369178
ZECUSDT,1713657599999,LONG,-766.4213820833307,11761.408668750004,1713657600000,-0.00865057297600882,0.003868476777920332,-0.009954637494655263
ZECUSDT,1713718799999,SHORT,12864.765087500004,-4139.245674166661,1713718800000,-0.003988483018388876,-0.005314450063492667,-0.03533628276184881
ZECUSDT,1713725999999,LONG,-864.7308070833315,543.9795408333375,1713726000000,0.0013324452337786948,0.0101703286540773,0.061617592709907534
ZECUSDT,1713733199999,SHORT,3069.7468816666733,-3608.3802095833234,1713733200000,-0.000441598594060845,-0.00748078296131431,-0.03728216781513114
ZECUSDT,1713740399999,LONG,-2528.5342654166575,1960.7489770833417,1713740400000,-0.00044004401150133103,0.00351339843184469,0.044317856629992367
ZECUSDT,1713743999999,SHORT,1960.7489770833417,-986.2421212499952,1713744000000,-0.003953442443346016,-0.010943422848056227,-0.03800111817861384
ZECUSDT,1713931199999,LONG,-2946.362407916679,4567.806145833322,1713931200000,0.011551283556516113,-0.0029087907482317566,-0.03935350205232445
ZECUSDT,1713938399999,SHORT,9354.947822499991,-596.1850125000104,1713938400000,-0,0.006222795438268962,0.03364488914272424
ZECUSDT,1713941999999,LONG,-596.1850125000104,645.283188333325,1713942000000,-0.0058091449670140925,0.0037167088005125187,-0.04788035888770126
ZECUSDT,1713945599999,SHORT,645.283188333325,-2869.72091708334,1713945600000,-0,-0.011996007349588597,0.037740327982847086
ZECUSDT,1714172399999,LONG,-5672.210925000002,286.00915041666786,1714172400000,0.0030654720742946395,-0.004395611473038109,-0.00925320548048327
ZECUSDT,1714175999999,SHORT,286.00915041666786,-103.23005208333173,1714176000000,0.000874508144932509,0.00262582207766755,0.009661910911736859
ZECUSDT,1714179599999,LONG,-103.23005208333173,1983.6983308333402,1714179600000,-0.017199983009199463,0.00349192847186433,0.0021838838118490344
ZECUSDT,1714197599999,SHORT,4851.886400000007,-1259.5787249999933,1714197600000,0.002635047638005225,0.005277057100843781,-0.012205905679503545
ZECUSDT,1714204799999,LONG,-227.33213458332588,1656.7441958333413,1714204800000,0.0022050725583139755,0.00044140367081732046,0.020105572357246304
ZECUSDT,1714208399999,SHORT,1656.7441958333413,-4264.984182499993,1714208400000,0.0013218772579158245,-0.009204535729071706,-0.01962129658732731
ZECUSDT,1714755599999,LONG,-1463.4935045833226,3720.7140545833427,1714755600000,-0.0034364294985812097,-0.0034364294985812097,-0.012079525654601238
ZECUSDT,1714769999999,SHORT,2084.8717450000113,-235.30020333332263,1714770000000,0.002586208338032856,0.007345031941404895,0.013871050316913677
ZECUSDT,1714777199999,LONG,-609.6906041666565,5228.793794166678,1714777200000,-0.0039037134804732923,-0.008695706967554045,0.007332359786452382
ZECUSDT,1714795199999,SHORT,141.355651250006,-290.8708074999934,1714795200000,-0.004785738957877389,0.0030574385031484365,-0.01256787939993227
ZECUSDT,1714946399999,LONG,-4958.191919583339,1184.423423749995,1714946400000,0.0008688097853192257,0.009946027936435784,0.036274512622495356
ZECUSDT,1714949999999,SHORT,1184.423423749995,-753.0299887500065,1714950000000,-0.0013018010083189842,0.0026086971315870816,-0.012942372200744562
ZECUSDT,1715101199999,LONG,-5006.013082083336,766.8189666666646,1715101200000,0.0008703220740832486,-0.009184407442876644,-0.022898402512743537
ZECUSDT,1715104799999,SHORT,766.8189666666646,-14731.6310875,1715104800000,-0.0021715535135079325,0.010489606671019436,0.02197890671877523
ZECUSDT,1715144399999,LONG,-4409.904034166663,3371.636195000005,1715144400000,0.0017793599000773578,-0.0040151738082588985,0.01896418465417827
ZECUSDT,1715151599999,SHORT,1919.324260416671,-1784.8435845833253,1715151600000,0.006261201134339449,-0.004892160079513212,-0.03073112771123091
ZECUSDT,1715158799999,LONG,-4909.484332083327,2891.037362500003,1715158800000,0.0035682464265180975,0.001785714760234753,0.029498066558878336
ZECUSDT,1715180399999,SHORT,2997.165243333328,-4036.5844004166697,1715180400000,0.0013086152358205403,-0.00824836454212302,-0.02539409103804648
ZECUSDT,1715183999999,LONG,-4036.5844004166697,2737.842999166665,1715184000000,-0.0013097578820635294,0.01472525524397952,0.0228606030457495
ZECUSDT,1715187599999,SHORT,2737.842999166665,-3486.49033416667,1715187600000,-0.008699489401928525,-0.006965635478182176,-0.01775322660717958
ZECUSDT,1715191199999,LONG,-3486.49033416667,896.315274999996,1715191200000,0.001730852876943732,0.0060449234159137945,0.011197360748502505
ZECUSDT,1715209199999,SHORT,2916.8235095833347,-3012.239379583329,1715209200000,0.003404258606801154,0.000424899092859448,0.026255004962317512
ZECUSDT,1715637599999,LONG,-1231.7065995833339,4969.83562333333,1715637600000,0.009491596681571391,0.006788892333686348,0.009491596681571391
ZECUSDT,1715644799999,SHORT,5724.268552916664,-1861.2209104166675,1715644800000,-0.006743113884890101,0.001354096347729369,-0.00539812376955731
ZECUSDT,1715878799999,LONG,-210.5895037500001,880.3150324999964,1715878800000,-0.00300364954420961,0.008957193604016972,-0.003433479767891519
ZECUSDT,1715885999999,SHORT,435.39335666666375,-99.05935541666865,1715886000000,-0.010265274059594843,-0.020426242091003476,-0.007708817618293449
ZECUSDT,1715889599999,LONG,-99.05935541666865,5058.4595808333315,1715889600000,0.0021253993123135366,0.007630388865691733,0.007630388865691733
ZECUSDT,1715961599999,SHORT,6834.87322624999,-576.066775000009,1715961600000,0.002110150603632045,0.0004216740522105283,0.006343857181484901
ZECUSDT,1716130799999,LONG,-2804.137588749995,816.3599133333373,1716130800000,0.006003448562722414,0.0012894908298719137,0.005148016517401237
ZECUSDT,1716134399999,SHORT,816.3599133333373,-1399.6189766666623,1716134400000,-0.0012817775734836009,0.005143603281887306,-0.0004274417675679304
ZECUSDT,1716235199999,LONG,-3995.759141666662,1502.84760416668,1716235200000,0.0008196721770397751,0.025102532661698866,0.014248154736512735
ZECUSDT,1716238799999,SHORT,1502.84760416668,-432.0959912499893,1716238800000,-0.007343974255758505,-0.03144152583481888,-0.008968669982760316
ZECUSDT,1716245999999,LONG,-95.16562916665619,14456.033900833341,1716246000000,0.00601565880696275,-0.0020132883788554195,-0.006456842448633552
ZECUSDT,1716314399999,SHORT,1370.0886383333345,-333.0927466666617,1716314400000,-0.0024479816386400372,0.004093333590999964,0.0016353233407307532
ZECUSDT,1716620399999,LONG,-3544.079450833337,5571.503341250001,1716620400000,-0.003999278189918143,-0.007648917277467482,-0.025355023518057865
ZECUSDT,1716623999999,SHORT,5571.503341250001,-12790.741512083338,1716624000000,-0.0032733253449691085,0.009516909311160273,0.022100347000665856
ZECUSDT,1716785999999,LONG,-544.5875233333294,2788.036409583338,1716786000000,0.0052611921433615375,0.01644282187554834,0.0358965460324219
ZECUSDT,1716796799999,SHORT,4400.39189083334,-874.4645124999939,1716796800000,-0.01193153602904712,-0.02920185320497691,-0.024820685189413952
ZECUSDT,1716800399999,LONG,-874.4645124999939,6280.806822916674,1716800400000,0.0025911545128807605,0.0018515095087465175,0.016541454169902076
ZECUSDT,1716825599999,SHORT,6656.8987733333315,-2534.2992416666652,1716825600000,0.013718626702914362,0.020283201699421043,0.03837488953591659
ZECUSDT,1716836399999,LONG,-5114.915274583327,59.85874791667205,1716836400000,-0.01164072802836716,-0.023418560163819484,-0.028615305340943857
ZECUSDT,1716839999999,SHORT,59.85874791667205,-6070.339053749992,1716840000000,-0.004018270246922543,0.011411866898065018,0.016980843607497843
ZECUSDT,1717088399999,LONG,-2553.714579166661,7751.086201250005,1717088400000,-0.000371126372788108,-0.012696212365408367,-0.008945270233136616
ZECUSDT,1717091999999,SHORT,7751.086201250005,-3160.526808749996,1717092000000,-0.0018535686493228347,0.009319731948802366,0.01194489752916535
ZECUSDT,1717099199999,LONG,-2625.572624999997,4207.57160875,1717099200000,-0.007114802527213241,-0.0029895388483660483,-0.0029895388483660483
ZECUSDT,1717149599999,SHORT,4613.440474166667,-2853.358705,1717149600000,-0.0007473841902455946,-0.0011208669210109072,-0.007077697640202456
ZECUSDT,1717153199999,LONG,-2853.358705,3887.7383937499967,1717153200000,0.0018653241745062534,-0.0011208669210109189,0.004099130017746835
ZECUSDT,1717163999999,SHORT,3583.4625570833305,-1124.4906850000032,1717164000000,0.0007473841902455826,-0.0014930947156067808,-0.004844429075532207
ZECUSDT,1717167599999,LONG,-1124.4906850000032,1151.8937904166621,1717167600000,-0.007504725654067693,0.002613404511516942,0.0063350314345115765
ZECUSDT,1717171199999,SHORT,1151.8937904166621,-5204.7305341666715,1717171200000,-0.009002311358964999,-0.016813398125851756,-0.015330268450944814
ZECUSDT,1717178399999,LONG,-1979.982116666671,4800.039118333328,1717178400000,0.0007459903367213952,0.005210283465406847,-0.0026153573659833187
ZECUSDT,1717221599999,SHORT,322.36801458332775,-720.5599654166726,1717221600000,0.007136180518796616,0.0037495357014793633,-0.00745715610808222
ZECUSDT,1717228799999,LONG,-1124.5910729166717,1509.2169337499934,1717228800000,0.005287021378906993,0.009046424302812607,0.014659161207770135
ZECUSDT,1717307999999,SHORT,6241.536880833336,-800.0031266666616,1717308000000,0.004862549322888046,0.010879867215876837,0.011634584232832708
ZECUSDT,1717311599999,LONG,-800.0031266666616,7755.358308750006,1717311600000,-0.00941803909974362,-0.0022522532043251315,-0.005640172876261197
ZECUSDT,1717318799999,SHORT,1369.8255704166768,-7805.918550416659,1717318800000,-0.0011322892321267426,-0.007899232347625311,0.0022684319746281542
ZECUSDT,1717405199999,LONG,-6018.809177083331,2257.4990320833326,1717405200000,-0.005251324895899165,-0.010152371464017962,-0.04436674084773241
ZECUSDT,1717408799999,SHORT,2257.4990320833326,-6997.975415416666,1717408800000,-0.0003760105327249878,0.005657190271442872,0.042641374550965845
ZECUSDT,1717419599999,LONG,-2189.531637916669,2235.064726249999,1717419600000,-0.0007561437033240652,-0.03265125847537585,-0.03265125847537585
ZECUSDT,1717426799999,SHORT,3386.1113133333324,-11779.480505416659,1717426800000,-0.0026990569691649835,0.007362947427693893,0.0124321725547955
ZECUSDT,1717567199999,LONG,-1243.2742362499896,3240.0043825000103,1717567200000,-0.0014668136109940405,-0.015882143625155623,-0.023731184108393633
ZECUSDT,1717592399999,SHORT,9046.446706666675,-5128.135750833321,1717592400000,0.005606443390109749,0.012375931445356151,0.006731513825679183
ZECUSDT,1717613999999,LONG,-1798.3305033333236,126.46988541667572,1717614000000,0.0015048911794203067,-0.0037721659214234125,-0.01670502020000266
ZECUSDT,1717617599999,SHORT,126.46988541667572,-2473.936703749998,1717617600000,0.0022581868835919784,0.003012050469991721,0.017062025276721553
ZECUSDT,1717624799999,LONG,-2439.5430099999962,8119.419466249995,1717624800000,0.0007561437033240965,0.0037750139205757296,-0.00568937624169575
ZECUSDT,1717646399999,SHORT,4817.798812916663,-175.33500958333875,1717646400000,0.0011409014357915558,0.006099904541269438,-0.015088932069668201
ZECUSDT,1717649999999,LONG,-175.33500958333875,1468.0081262499953,1717650000000,-0.0034305350967892482,-0.004959003105477925,0.020712470821122885
ZECUSDT,1717657199999,SHORT,403.26823499999836,-7148.970501250002,1717657200000,-0.0011478861027015177,-0.01255485389607811,-0.0379388222626099
ZECUSDT,1717664399999,LONG,-75.27758916666546,2872.754272083335,1717664400000,0.005721930545713855,0.015186320707985519,0.026053956241456868
ZECUSDT,1717671599999,SHORT,2694.565437499999,-3025.9237095833355,1717671600000,0.0015134319952674867,-0.0011335727644991723,-0.012399181958718046
ZECUSDT,1717678799999,LONG,-2000.4628900000014,6835.649935833332,1717678800000,-0.004153300287863555,0.010867635533471313,0.009375654652455875
ZECUSDT,1717689599999,SHORT,702.3955170833348,-672.4657241666633,1717689600000,-0.00448263731566315,-0.0037369251259983262,0.0007490637054367108
ZECUSDT,1717693199999,LONG,-672.4657241666633,619.9442854166713,1717693200000,0.010013063448122549,0,-0.005231701021099944
ZECUSDT,1717696799999,SHORT,619.9442854166713,-9776.753857083333,1717696800000,-0.0011063987851850344,0.011505044329137914,0.014870162479451506
ZECUSDT,1717973999999,LONG,-3011.0826029166615,4171.305031250001,1717974000000,0.004640379556502301,0.008421102396408345,0.00042274361229879365
ZECUSDT,1717984799999,SHORT,500.51937666666953,-514.6715374999973,1717984800000,-0.0008389262236995628,0.00969857907908623,0.004205220662978473
ZECUSDT,1718243999999,LONG,-3469.6444483333253,3517.891559583341,1718244000000,-0.014511564941045958,-0.024448998198970538,-0.020116235788216676
ZECUSDT,1718247599999,SHORT,3517.891559583341,-1441.7781791666614,1718247600000,-0.0017189518628842985,0.013423020332140661,0.0038784793285708565
ZECUSDT,1718265599999,LONG,-2176.032253333331,2863.8763445833342,1718265600000,0.00043057051257231073,-0.00734820682708784,-0.010824959568738513
ZECUSDT,1718283599999,SHORT,2847.2186949999996,-4175.648122083334,1718283600000,-0.0021640346034490932,0.007829531079704782,0.014840953317508818
ZECUSDT,1718290799999,LONG,-754.7427845833336,928.4364787499981,1718290800000,-0.017422043446664235,-0.005628938872200648,-0.006063249411057968
ZECUSDT,1718294399999,SHORT,928.4364787499981,-204.6173729166682,1718294400000,-0.006132301302063693,-0.009184407442876562,-0.010924294789144287
ZECUSDT,1718297999999,LONG,-204.6173729166682,3626.117842916665,1718298000000,0.007832938221186891,0.004359204810614783,0.007399380876437479
ZECUSDT,1718312399999,SHORT,3676.4028599999947,-2040.7551858333416,1718312400000,-0.003907102864808642,0.010933850452700216,-0.019384625933721738
ZECUSDT,1718413199999,LONG,-5711.992393333345,50.77009249999173,1718413200000,-0.007051593785769794,-0.0013183917532583356,0.003069504712161151
ZECUSDT,1718416799999,SHORT,50.77009249999173,-1605.5990983333406,1718416800000,-0.004413069827588641,-0.011870880221718746,-0.005293351574573295
ZECUSDT,1718427599999,LONG,-151.60312583334112,993.0575545833259,1718427600000,0.006137678189207145,0.002196354935202995,-0.009277733878236764
ZECUSDT,1718431199999,SHORT,993.0575545833259,-2082.7905025000073,1718431200000,-0.00261780254207888,0.008335209477118341,0.009657669445037619
ZECUSDT,1718434799999,LONG,-2082.7905025000073,3698.1030954166577,1718434800000,-0.006118900210257514,-0.006996093248961321,-0.016696345677109814
ZECUSDT,1718441999999,SHORT,2345.497326666658,-3621.6064700000097,1718442000000,0.004395611473038109,-0.0017528488274143868,0.013689769989170871
ZECUSDT,1718467199999,LONG,-4582.6192025000055,2443.220948333328,1718467200000,-0.00531209748488983,-0.00044159859406071086,-0.007978765731805199
ZECUSDT,1718470799999,SHORT,2443.220948333328,-4967.497344999993,1718470800000,-0.006638661247948192,0.0013330373002654024,-0.005314450063492667
ZECUSDT,1718477999999,LONG,-134.5408966666631,3470.6390762500014,1718478000000,0.003539826705124208,0.003981425299184822,0.013210231736806482
ZECUSDT,1718485199999,SHORT,2072.831407083333,-961.3257183333335,1718485200000,-0.0026631174194836284,-0.011928570865273812,-0.013245226750020723
ZECUSDT,1718488799999,LONG,-961.3257183333335,4050.273838333332,1718488800000,0.003538261099598604,0.005302707962305998,0.01364157568215275
ZECUSDT,1718499599999,SHORT,3866.415952500001,-614.7723829166704,1718499600000,0.004397544465842464,0.0066035899226106615,-0.004815067302601058
ZECUSDT,1718513999999,LONG,-4395.732086666671,2248.219133333331,1718514000000,0.005725626740666105,0.007042282625412951,0.0022060454567681903
ZECUSDT,1718549999999,SHORT,3376.976584583339,-6454.915955416662,1718550000000,-0.0044189201380354145,-0.002211900923930074,-0.0008853475567243344
ZECUSDT,1718805599999,LONG,-2835.1237274999935,11.877142500004993,1718805600000,-0.01717833653508463,-0.02562979126451665,-0.02015305365182733
ZECUSDT,1718809199999,SHORT,11.877142500004993,-2932.6838558333316,1718809200000,0.01045045589485039,0.018486661875454485,0.008451454729432087
ZECUSDT,1718819999999,LONG,-1917.0702808333288,2113.6114258333387,1718820000000,-0.009535831355369985,-0.005007521730622293,0.023693112257288044
ZECUSDT,1718827199999,SHORT,3951.9908025000054,-3.0864287499971397,1718827200000,-0.0020140993717011856,-0.011027680677062645,-0.03856137673208713
ZECUSDT,1718830799999,LONG,-3.0864287499971397,258.78632541666474,1718830800000,0.0020100509280243217,0.014977813697034964,0.030222761022380418
ZECUSDT,1718834399999,SHORT,258.78632541666474,-2039.269753333335,1718834400000,0.002513195592726726,-0.010983635133963977,-0.025280156673078393
ZECUSDT,1718848799999,LONG,-885.5700483333336,5572.179961249997,1718848800000,-0.004980089973973135,0.01821364649266236,0.0064372591688374135
ZECUSDT,1718877599999,SHORT,3069.513405416668,-552.7980075000014,1718877600000,-0.006343031757433644,0.008355910008993285,0.022272635609123178
ZECUSDT,1718899199999,LONG,-706.8007670833322,3271.2050804166697,1718899200000,0.0015026298845350965,0.005997019472374266,0.01985176855273153
ZECUSDT,1718906399999,SHORT,417.17572375000356,-2464.5688099999948,1718906400000,-0.0004996252914324798,0.0015003753752346762,-0.010934502584011938
ZECUSDT,1719305999999,LONG,-2998.6048741666636,11588.188414166667,1719306000000,0.00760074599143895,0.009113987137706144,0.02709648968813851
ZECUSDT,1719370799999,SHORT,7572.0433029166625,-975.3291000000075,1719370800000,0.002965894413378399,0.009920716286747991,0.01994084020351085
ZECUSDT,1719374399999,LONG,-975.3291000000075,6142.410556666659,1719374400000,-0.010945382903221062,-0.0064532365920013145,-0.01999067070507019
ZECUSDT,1719377999999,SHORT,6142.410556666659,-1979.098282916674,1719378000000,-0.002998502996256633,0.002004008686715143,0.012084739215071999
ZECUSDT,1719381599999,LONG,-1979.098282916674,801.4714691666608,1719381600000,0.0009975063171253381,-0.005002511682971687,-0.015083242211328588
ZECUSDT,1719388799999,SHORT,1552.2879095833268,-1094.777270416672,1719388800000,0.006996530289836057,0.01758397478900434,0.009507201957647494
ZECUSDT,1719406799999,LONG,-1709.2799625000018,732.2376458333287,1719406800000,0.011613359505418105,0.0025361413543011535,0.008596765965992218
ZECUSDT,1719421199999,SHORT,176.4158341666613,-3782.8076345833374,1719421200000,-0,-0.008072697725111261,-0.012585114506973149
ZECUSDT,1719446399999,LONG,-3658.3353133333317,5312.648571666669,1719446400000,-0.0010065426114013946,0.00701757265864654,0.018440592324120316
ZECUSDT,1719500399999,SHORT,1493.0818675000035,-7370.117475416663,1719500400000,-0.0077745775471300006,-0.010674531246919824,-0.014047215725559073
ZECUSDT,1719507599999,LONG,-4822.717787499994,3162.9105970833407,1719507600000,0.0019277114403327027,0.005292290437477963,0.007688649120786139
ZECUSDT,1719532799999,SHORT,3630.13347166667,-7936.109313333333,1719532800000,0.009629347395432447,0.0033597343818371384,-0.0004790419253285486
ZECUSDT,1719853199999,LONG,-2986.1687587499932,475.73140875000536,1719853200000,0.010211613170196462,0.01214491488401236,0.005361943141385373
ZECUSDT,1719917999999,SHORT,1961.8371466666613,-930.980797083339,1719918000000,0.0019398648178265917,-0.00048437879367966766,-0.0067600450577193615
ZECUSDT,1720223999999,LONG,-8243.247568750026,904.6150220833078,1720224000000,0.01250356055940222,0.01573980933861046,0.032295594691350626
ZECUSDT,1720274399999,SHORT,11331.479413333343,-1573.0619520833231,1720274400000,-0.008926286625285735,-0.04284526278759855,-0.034727511461493776
ZECUSDT,1720331999999,LONG,-2761.1833416666536,721.3052912500134,1720332000000,-0.0015193722851978898,0.003536250211982596,-0.01375817880025243
ZECUSDT,1720335599999,SHORT,721.3052912500134,-129.06197249998755,1720335600000,0.0025374284104165983,-0.0025310061600420626,0.012752021820134974
ZECUSDT,1720342799999,LONG,-342.6938874999881,5807.29805125001,1720342800000,-0.0060332008041679205,0.005000010416705839,-0.02384084512148332
ZECUSDT,1720349999999,SHORT,4700.126144583344,-4283.61131624999,1720350000000,-0.0015170672947524924,0.004565059918754055,0.06049811160056625
ZECUSDT,1720357199999,LONG,-4196.26533124999,328.2359800000074,1720357200000,-0.0004986287812112197,-0.026264135919152772,-0.10891173457134773
ZECUSDT,1720364399999,SHORT,1010.1730683333444,-8255.42258041665,1720364400000,0.007142887512380114,0.009706334186578725,0.03676313557409202
ZECUSDT,1720468799999,LONG,-1279.205587083372,1860.481827083296,1720468800000,-0.005465852117216072,0.012801750410040945,0.05869890710234295
ZECUSDT,1720544399999,SHORT,5598.628888333337,-5762.859068333327,1720544400000,-0.002242656243834021,-0.027459652695199104,-0.038754299262966786
ZECUSDT,1720547999999,LONG,-5762.859068333327,2745.1071500000057,1720548000000,0.01687429026540071,0.008028589066574596,0.029997838195208064
ZECUSDT,1720663199999,SHORT,8346.059019583363,-6960.1553945833175,1720663200000,-0.0029997879791117,-0,-0.027932412675593758
ZECUSDT,1720713599999,LONG,-5935.599668749991,6893.6029204166725,1720713600000,-0.0004200798213423291,0.016246972663869347,-0.002523130018121093
ZECUSDT,1720781999999,SHORT,6029.163304166704,-2091.702551249958,1720782000000,-0.0067911975780017555,-0.005097717071668801,-0.014376568967258304
ZECUSDT,1720785599999,LONG,-2091.702551249958,629.6481925000408,1720785600000,0.009263224131872541,-0.005939771387784171,0.01761051800863537
ZECUSDT,1720789199999,SHORT,629.6481925000408,-2249.53731666662,1720789200000,0.007150398499075876,0.014777554117791789,-0.016213200713722214
ZECUSDT,1720828799999,LONG,-5948.454364166649,2123.988960000017,1720828800000,0.008281620831722018,0.004977198163621457,0.06518799833127896
ZECUSDT,1721062799999,SHORT,7532.832312500007,-28488.095822500007,1721062800000,0.0003484927723019569,0.006993035490970525,0.02148348164942313
ZECUSDT,1721102399999,LONG,-16527.696596666658,5917.6809916666925,1721102400000,0.005354287287336412,0.04308143005081437,0.06779912656782493
ZECUSDT,1721228399999,SHORT,52190.94940750006,-22139.02271749994,1721228400000,-0.0041820874850693876,-0.014084739881739023,-0.009624713374209693
ZECUSDT,1721239199999,LONG,-19288.725310416612,8238.865422083385,1721239200000,-0.002222575926837717,-0.007960557879859142,-0.030266315394157348
ZECUSDT,1721242799999,SHORT,8238.865422083385,-390.92095124995103,1721242800000,-0.009175827708568934,-0.006337156822734371,0.02641055275774123
ZECUSDT,1721246399999,LONG,-390.92095124995103,15772.609473750044,1721246400000,0.013137505185302094,-0.022286818658394044,-0.046400075604764154
ZECUSDT,1721289599999,SHORT,13874.33056625002,-1270.9125266666524,1721289600000,-0.02282459697422177,-0.03244931034843141,-0.008211575128572275
ZECUSDT,1721293199999,LONG,-1270.9125266666524,16677.152440000016,1721293200000,0.01662974044461194,0.01726385587486449,-0.012656342882819931
ZECUSDT,1721303999999,SHORT,8017.936938750015,-7712.707742916643,1721304000000,-0.007636053648907891,0.01902362705884295,0.01739734600436383
ZECUSDT,1721404799999,LONG,-3066.862214583273,11513.681248750063,1721404800000,-0.007848530307268033,0.012162312082571366,-0.0034048381548407373
ZECUSDT,1721447999999,SHORT,4056.496442916672,-8796.046517083329,1721448000000,-0.008493341357199875,-0.01085860686267284,0.0020491810449355693
ZECUSDT,1721451599999,LONG,-8796.046517083329,4049.4332779166675,1721451600000,-0.0013554729286464815,-0.0030524018951557717,-0.019836491736827087
ZECUSDT,1721455199999,SHORT,4049.4332779166675,-4460.954524166659,1721455200000,-0.009113987137706362,0.003737052081453556,0.01193942206012599
ZECUSDT,1721458799999,LONG,-4460.954524166659,2101.9448137500053,1721458800000,-0.004377848379417379,-0.01626052087178029,-0.025179962508849362
ZECUSDT,1721465999999,SHORT,9451.322225000002,-6238.285324583344,1721466000000,0.0017003914996501957,0.01886524822075598,0.012996078947461126
ZECUSDT,1721469599999,LONG,-6238.285324583344,3109.556066249992,1721469600000,-0.0034094816526203217,-0.004092775153752924,-0.009575996568284362
ZECUSDT,1721476799999,SHORT,926.9722979166545,-11032.820624166687,1721476800000,0.002075407178712418,-0.010654852474527599,-0.023225087636314822
ZECUSDT,1721541599999,LONG,-12598.25768,2242.458202916663,1721541600000,-0.0033761004383446136,0.028900865487755764,0.07466152876901956
ZECUSDT,1721545199999,SHORT,2242.458202916663,-10148.15177916667,1721545200000,-0.0020270277210880606,-0.049482389540570215,-0.07144730251454913
ZECUSDT,1721555999999,LONG,-2783.762657500008,2392.245066666665,1721556000000,0.01687803778735173,0.024892185504998,0.057249335329305207
ZECUSDT,1721570399999,SHORT,12148.13225249999,-13939.680542500006,1721570400000,-0.03235714982430731,-0.020541091949147647,-0.013320843975660555
ZECUSDT,1721573999999,LONG,-13939.680542500006,27346.003338749983,1721574000000,-0.009947237755570047,-0.017787955358406635,-0.009947237755570047
ZECUSDT,1721606399999,SHORT,17818.68648416671,-2158.393725833288,1721606400000,0.0018744147943503039,0.012246973609973252,0.0028129413766146126
ZECUSDT,1721609999999,LONG,-2158.393725833288,2079.7230450000498,1721610000000,-0.007220247973487132,-0.001878522781597932,-0.0003128421736760684
ZECUSDT,1721710799999,SHORT,3373.904677500012,-26909.33778333332,1721710800000,0.008541444833031358,-0.012999858082368313,0.03325880203835723
ZECUSDT,1721854799999,LONG,-2997.5307854166845,10796.893684166651,1721854800000,-0.01257461969403433,-0.00494479332906342,-0.01657862904741663
ZECUSDT,1721872799999,SHORT,13476.445297499986,-133.25374458335622,1721872800000,-0.005721031925884937,0.0033806658296424478,-0.0050496656703891436
ZECUSDT,1721876399999,LONG,-133.25374458335622,2091.0048712499724,1721876400000,-0.01623302470062037,0.005352973638591754,0.007019918515335845
ZECUSDT,1721879999999,SHORT,2091.0048712499724,-3651.6165812500235,1721880000000,-0.007475400084782868,-0.012877168790203206,-0.016909432318141522
ZECUSDT,1721883599999,LONG,-3651.6165812500235,566.2822395833185,1721883600000,-0.0006770480962759133,0.012109128789749396,0.009095565484485115
ZECUSDT,1721923199999,SHORT,615.7777895833302,-5605.661585000002,1721923200000,0.00033528919006471414,0.024776424349210208,-0.0664642553953572
ZECUSDT,1721930399999,LONG,-699.9383883333358,2665.448502083333,1721930400000,-0.028246666121304585,-0.03680982856897077,0.07195047401370057
ZECUSDT,1721933999999,SHORT,2665.448502083333,-2218.4367412499996,1721934000000,0.007531702841003893,-0.015231298009234187,-0.09214257366517764
ZECUSDT,1721937599999,LONG,-2218.4367412499996,3160.6012720833437,1721937600000,0.001030043009526921,0.03477143544081753,0.09715102524078185
ZECUSDT,1721941199999,SHORT,3160.6012720833437,-11656.56223374999,1721941200000,0.0024050861962741955,-0.0695875242044264,-0.08986705315495537
ZECUSDT,1722009599999,LONG,-8801.824204999944,9428.255362500058,1722009600000,0.0050188311119427655,0.01001259929242977,-0.012339976235576026
ZECUSDT,1722157199999,SHORT,2217.55266958333,-10940.185805833336,1722157200000,0.00032087277669823734,-0.01622947316697922,-0.041476255901763286
ZECUSDT,1722164399999,LONG,-24045.3349725,4982.275112499997,1722164400000,0.014288225296897293,0.04134632137972027,0.01617798963882002
ZECUSDT,1722362399999,SHORT,10736.831239166635,-2066.8720708333517,1722362400000,-0.00695105484404263,-0.0025332502464336074,-0.00695105484404263
ZECUSDT,1722441599999,LONG,-17255.427708749976,2263.928664166689,1722441600000,0.001263025112644271,-0.012398823596854546,0.04025311235833108
ZECUSDT,1722567599999,SHORT,522.2217641667521,-14656.424792083242,1722567600000,0.027654602578864967,0.011900966908441963,-0.08289512848399856
ZECUSDT,1722574799999,LONG,-938.6947749999332,11660.39841833339,1722574800000,-0.01229864263698661,0.04394891428393018,0.09479949291938068
ZECUSDT,1722578399999,SHORT,11660.39841833339,-9115.349894166604,1722578400000,-0.006004020704591216,-0.06633516649101996,-0.11163054687140128
ZECUSDT,1722585599999,LONG,-12305.825665416574,4099.25527125011,1722585600000,0.03375983681664132,0.10277378511804386,0.08069651613095538
ZECUSDT,1722589199999,SHORT,4099.25527125011,-16802.81125499991,1722589200000,-0.009436999887413344,-0.07458194325035866,-0.04238840296564847
ZECUSDT,1722596399999,LONG,-18637.60858708325,5494.635500416732,1722596400000,0.023586703235942634,-0.001209189990139109,-0.014914292581789517
ZECUSDT,1723042799999,SHORT,40592.69120125003,-12763.28241333331,1723042800000,0.008261883664991703,0.000949818022966149,-0.049091505139016646
ZECUSDT,1723118399999,LONG,-19879.924954999995,1663.7659720833472,1723118400000,0.012206437795497412,0.025762903879105483,0.0948355647221993
ZECUSDT,1723125599999,SHORT,6393.515118750016,-1879.0651249999744,1723125600000,-0.009670670713590148,-0.02489257333948344,-0.08607460877124298
ZECUSDT,1723129199999,LONG,-1879.0651249999744,35969.502956666685,1723129200000,0.005099756065384581,0.023775265493658052,0.08831378663122948
ZECUSDT,1723395599999,SHORT,23890.81727333333,-7258.739880000018,1723395600000,0.0019507443396575023,0.02416291125038401,-0.01210668540302005
ZECUSDT,1723399199999,LONG,-7258.739880000018,8501.913279583308,1723399200000,-0.002688502169303699,-0.017978565767295878,0.003411309351007323
ZECUSDT,1723406399999,SHORT,7520.702302499975,-6068.061771666728,1723406400000,-0.0024987519248210357,-0.026418028139282047,-0.021532820573232758
ZECUSDT,1723409999999,LONG,-6068.061771666728,8549.08245041657,1723410000000,0.004233601143430556,0.016091447594214155,0.019034068648411784
ZECUSDT,1723589999999,SHORT,62516.63879291655,-3566.4776720834197,1723590000000,-0.01879754596750242,-0.037248253880618996,-0.053792540584843666
ZECUSDT,1723593599999,LONG,-3566.4776720834197,4309.087682083249,1723593600000,0.01936883238304263,0.035901877977079694,0.02460742766805118
ZECUSDT,1723640399999,SHORT,9075.152009166564,-4027.6915225001285,1723640400000,0.011900735483718453,0.010024562325490614,0.024895602340086278
ZECUSDT,1723647599999,LONG,-34.8870908334308,31451.981645833275,1723647600000,-0.003962247346653514,-0.006066280852256666,-0.01547147597535789
ZECUSDT,1723697999999,SHORT,19087.43772666667,-2205.280210833332,1723698000000,0.003990147296123442,0.019395120738818775,0.02059000676938307
ZECUSDT,1723730399999,LONG,-12183.468532916644,23473.527246666665,1723730400000,-0.013641470365776938,-0.012437376300972339,-0.004287762643485977
ZECUSDT,1723733999999,SHORT,23473.527246666665,-18174.06021458335,1723734000000,-0.006006024060211949,0.005315306063345306,-0.010546598237121247
ZECUSDT,1723744799999,LONG,-1281.497784166694,7474.686342916631,1723744800000,-0.006760045057719325,0.00695363070445774,0.020953147514755667
ZECUSDT,1723849199999,SHORT,21592.584362500045,-3063.5229424999416,1723849200000,0.0047136547327099355,0.007789488223576052,-0.01817384596099327
ZECUSDT,1723863599999,LONG,-9105.09749624996,786.7540508333623,1723863600000,0.0004739336581601461,0.0063792301388629095,0.03516487596529728
ZECUSDT,1724147999999,SHORT,19142.826907083334,-2548.0744283333283,1724148000000,0.009852296443011707,0.0009569378720678076,0.007199455142854232
ZECUSDT,1724151599999,LONG,-2548.0744283333283,18112.74675583334,1724151600000,0.006738894335229643,0.010808319460377797,0.003615768673550981
ZECUSDT,1724169599999,SHORT,614.2747650000092,-3895.0562958333226,1724169600000,-0.0031000382523164206,0.006469412763834278,-0.008087579763355479
ZECUSDT,1724234399999,LONG,-8669.164933750004,9287.976917499996,1724234400000,0.002129422311801659,0.013644060167576575,-0.030298061688922195
ZECUSDT,1724324399999,SHORT,10706.899487083361,-4545.213298749979,1724324400000,-0.00024099289187597798,-0.002166848085090293,0.007499732745133171
ZECUSDT,1724327999999,LONG,-4545.213298749979,4290.334569166684,1724328000000,0.011497132631154537,0.0016849203649194455,-0.002653481233678644
ZECUSDT,1724335199999,SHORT,5070.144956666673,-6234.736622916654,1724335200000,-0.0009624639819005275,0.002168936866662229,0.008704116848322821
ZECUSDT,1724389199999,LONG,-14287.955178749988,1832.005595833347,1724389200000,-0.006605528605308049,-0.017216362274893312,-0.020944464020494182
ZECUSDT,1724392799999,SHORT,1832.005595833347,-6543.476649583315,1724392800000,0.0061568966811110975,0.01409344627684741,0.012849200751138516
ZECUSDT,1724435999999,LONG,-1005.63696874999,12709.472661250009,1724436000000,0.0017393469411789762,0.039498064544924244,0.030130877042044837
ZECUSDT,1724464799999,SHORT,16309.568271666678,-327.7601712499939,1724464800000,0.003856355707070263,0.00313215531331853,-0.05019815561067718
ZECUSDT,1724468399999,LONG,-327.7601712499939,2629.8908458333462,1724468400000,0.0007240256138659976,0.004095897787382206,0.04968649959676796
ZECUSDT,1724547599999,SHORT,269.76975333338487,-3917.1489562499532,1724547600000,0.011112538990988371,0.001411764940362436,0.04619536756733584
ZECUSDT,1724551199999,LONG,-3917.1489562499532,5574.227122500054,1724551200000,0.010171583852166405,0.010877383199193564,-0.03977245829907878
ZECUSDT,1724572799999,SHORT,5873.115520833376,-14903.95376499996,1724572800000,-0.006303051170487502,0.0021911146928148316,0.03187422395335681
ZECUSDT,1724662799999,LONG,-8551.201483333329,14187.605140000009,1724662800000,-0.002939017545388849,-0.022506205304297058,-0.09403928316244625
ZECUSDT,1724695199999,SHORT,3579.36950416667,-48720.82555749998,1724695200000,0.01609321106295976,0.03678453100183478,0.03542786277041544
ZECUSDT,1725281999999,LONG,-2626.520327083325,446.9249445833363,1725282000000,-0.0020811662038245117,-0.018182319083190474,0.036070599760551665
ZECUSDT,1725289199999,SHORT,7846.034146666668,-11843.301562499997,1725289200000,0.008313175690204644,-0,-0.036244441391264225
ZECUSDT,1725299999999,LONG,-22775.433398333338,118.10684124998322,1725300000000,-0.002067540364356188,0.01706526055418693,0.03849226042082726
ZECUSDT,1725303599999,SHORT,118.10684124998322,-3977.1115620833493,1725303600000,0.002071823945520363,-0.013363227812167158,-0.034912883271751786
ZECUSDT,1725310799999,LONG,-5949.48321625002,375.06007999998593,1725310800000,0,0.012443409254169407,0.006409197179901733
ZECUSDT,1725314399999,SHORT,375.06007999998593,-17221.527428333342,1725314400000,0.005769573106375984,-0.012109128789749396,-0.015113637810048106
ZECUSDT,1725897599999,LONG,-3800.1040649999873,3679.9307275000124,1725897600000,0.014680445404215764,0.02434902901028655,0.02159610228888151
ZECUSDT,1725901199999,SHORT,3679.9307275000124,-7219.549767083324,1725901200000,-0.008634141015007701,-0.013436894672242647,-0.01138139549014675
ZECUSDT,1725915599999,LONG,-2802.0930962499892,770.3466012500115,1725915600000,0.006143364031176339,0.0006844627235049445,0.016299172376018783
ZECUSDT,1725976799999,SHORT,15062.111333750014,-506.16958624998614,1725976800000,0.0013205680360844536,0.0013205680360844536,0.018648559078072977
ZECUSDT,1725987599999,LONG,-4183.139462083321,2171.831425416681,1725987600000,0.004967720101934447,0.02102574170575038,-0.017415041601678123
ZECUSDT,1725991199999,SHORT,2171.831425416681,-2873.211563333316,1725991200000,-0.006583302249197396,-0.008549871221238261,0.025419428836976385
ZECUSDT,1725994799999,LONG,-2873.211563333316,1187.9238625000144,1725994800000,0.005561931563774724,0.012066019532951422,-0.026597312519265854
ZECUSDT,1726001999999,SHORT,2604.612752083347,-183.6344541666549,1726002000000,0.006852694462040507,0.013093476747019545,0.04932689354873236
ZECUSDT,1726196399999,LONG,-5977.901620833341,959.566541666661,1726196400000,-0.004424033079144922,-0.0016992357529598016,0.016835414463862584
ZECUSDT,1726199999999,SHORT,959.566541666661,-3410.903166666669,1726200000000,-0.0010230179920347083,-0.0074779410330302575,-0.043397998234520195
ZECUSDT,1726210799999,LONG,-1573.0853437500045,3791.635034166657,1726210800000,0.00441202141119539,0.026516069374111568,0.034105612486511054
ZECUSDT,1726282799999,SHORT,3001.8015641666607,-1632.869032500008,1726282800000,-0.002289453166834845,0.011526556071738912,-0.002942621054197578
ZECUSDT,1726286399999,LONG,-1632.869032500008,916.3470587499911,1726286400000,-0.00458265941109224,-0.009845829455366778,0.001631587896622598
ZECUSDT,1726293599999,SHORT,1036.4857587499907,-1903.2609995833438,1726293600000,-0.0023213407870546036,-0.017443259450527562,-0.022325287047835936
ZECUSDT,1726473599999,LONG,-2585.9184912499927,1244.2923366666764,1726473600000,-0.004758676553079286,-0.008171649149319336,-0.013313048649737926
ZECUSDT,1726477199999,SHORT,1244.2923366666764,-3668.65778499999,1726477200000,0.006494639133648106,0.010274062976185229,0.01510499024585082
ZECUSDT,1726628399999,LONG,-6693.424512083341,687.5994941666613,1726628400000,0,0.009607494804555746,-0.026308431303955652
ZECUSDT,1726639199999,SHORT,1875.8029495833264,-371.8470233333398,1726639200000,-0.011273328939571916,0.012414183921264869,0.019189277587626168
ZECUSDT,1726642799999,LONG,-371.8470233333398,2535.29175041666,1726642800000,0.0029639409151023424,-0.018642350809279718,-0.0036345653755902444
ZECUSDT,1726649999999,SHORT,2880.461399166661,-822.4983479166713,1726650000000,0.018066734300102562,0.012008149628396496,0.0016592006461129051
ZECUSDT,1726736399999,LONG,-2600.091099583334,7269.605895000003,1726736400000,0.0015855402084901328,0.014493007302566824,0.006011725114051671
ZECUSDT,1726822799999,SHORT,10255.886919166673,-189.72703708333088,1726822800000,-0.0028261912358350447,0.011385322225125352,0.033576295533604326
ZECUSDT,1726826399999,LONG,-189.72703708333088,5073.72067041667,1726826400000,0.0006273525927211256,-0.03090894452554536,-0.03058537228522013
ZECUSDT,1726837199999,SHORT,1331.21450333334,-1732.42062749999,1726837200000,0.01764279924274979,0.02641906230176564,0.005739811676699582
ZECUSDT,1726847999999,LONG,-4679.801287083327,5453.414804166674,1726848000000,-0.0032594552977094527,-0.001954398016233103,-0.004239367184058178
ZECUSDT,1726855199999,SHORT,2973.8916016666785,-5609.532833749995,1726855200000,-0.005572871331665136,-0.015979469312878188,-0.00785858661252131
ZECUSDT,1726858799999,LONG,-5609.532833749995,459.7031554166715,1726858800000,0.0026118199633481647,0.018782935616433755,0.012668676825910491
ZECUSDT,1726891199999,SHORT,1046.5141087500015,-2057.2921816666617,1726891200000,0.0016353233407307532,-0.014598799421152631,-0.01813521204421236
ZECUSDT,1727243999999,LONG,-790.7396775000016,978.7246166666664,1727244000000,-0.006485771156589972,0.002718316318777403,-0.025152058030800194
ZECUSDT,1727261999999,SHORT,3771.4603404166687,-1599.7358591666634,1727262000000,0.0003375527458211257,0.002365265505472906,0.03573035525125343
ZECUSDT,1728050399999,LONG,-3989.4596191666656,605.0909725000032,1728050400000,-0.0011246486658701782,-0.0014998128045793603,0.007093552238516036
ZECUSDT,1728079199999,SHORT,3220.9349233333305,-1523.2432845833343,1728079200000,-0,-0.005221943981151625,-0.018158735011871267
ZECUSDT,1728082799999,LONG,-1523.2432845833343,137.86384124999677,1728082800000,0.0014947685892295046,-0.004497758706831407,0.018158735011871267
ZECUSDT,1728093599999,SHORT,2063.606885416664,-2237.8102279166665,1728093600000,0.010091657313807748,-0.0018577007014446817,-0.02279510465570996
ZECUSDT,1728100799999,LONG,-981.9211266666656,1383.1751866666661,1728100800000,0.008609448649879234,0.0130720815673527,0.052364149389043484
ZECUSDT,1728104399999,SHORT,1383.1751866666661,-493.38355833333236,1728104400000,-0.004464293128685528,-0.009278225772677416,-0.037325957612686346
ZECUSDT,1728125999999,LONG,-475.12403833333155,2995.02121125,1728126000000,0.007682496172016211,0.02717066255166695,0.006953367448500186
ZECUSDT,1728154799999,SHORT,2838.904302083338,-1394.7748099999965,1728154800000,0.006225986051666896,-0.0010946908591815748,-0.023454078891402542
ZECUSDT,1728158399999,LONG,-1394.7748099999965,3723.393677500005,1728158400000,-0.00885614644371015,0.005130095531029621,0.04173267450857651
ZECUSDT,1728190799999,SHORT,10321.903847916672,-160.216175833335,1728190800000,-0.001791152189418123,-0.020231391022308812,-0.02233739390669763
ZECUSDT,1728194399999,LONG,-160.216175833335,1492.509232499998,1728194400000,0.003214862565281174,0.026131430392165294,0.01878488694266682
ZECUSDT,1728219599999,SHORT,8339.194219166657,-2916.4773162500146,1728219600000,0.010355632757109266,0.02081962778239007,-0.004454350349380153
ZECUSDT,1728223199999,LONG,-2916.4773162500146,23903.38692208333,1728223200000,0.0020804445784067768,-0.01152046255266201,0.013446160177799028
ZECUSDT,1728431999999,SHORT,2832.3598854166617,-968.856029583334,1728432000000,0.0017268179044926642,-0.001723841144002275,0.008664063901338158
ZECUSDT,1728478799999,LONG,-2709.4374949999897,5744.878567500007,1728478800000,-0.0010454784015530563,0.01658069073305074,0.013148978374137648
ZECUSDT,1728485999999,SHORT,1717.5158325000048,-3528.965200416658,1728486000000,-0.010713771047888468,-0.0072702414743422575,-0.020973778971604188
ZECUSDT,1728489599999,LONG,-3528.965200416658,6185.175294166675,1728489600000,0.0034317123589131084,-0.0003438198417917351,0.01535080459612353
ZECUSDT,1728496799999,SHORT,5634.119100000007,-3458.3763858333273,1728496800000,0.007217766340671977,0.0058389312376975295,-0.021345889252421094
ZECUSDT,1728503999999,LONG,-297.40499208332403,2012.1698604166752,1728504000000,-0.012461220437812002,-0.0010325246141892643,0.04572224933809515
ZECUSDT,1728737999999,SHORT,30711.225583749965,-523.2009554166822,1728738000000,0.00619371349393251,0.027024827705403667,0.02760169533028484
ZECUSDT,1728784799999,LONG,-3380.2286737500494,17171.091391666636,1728784800000,0.011087533626933268,0.048817390241119966,0.003994299176459858
ZECUSDT,1728899999999,SHORT,1753.7567416667055,-9757.573750416632,1728900000000,-0.005865119452397837,-0.00836824967051658,-0.01776837418243167
ZECUSDT,1728903599999,LONG,-9757.573750416632,86.33566000002611,1728903600000,-0.001951764177370738,0.00638624966531588,0.013006963504664414
ZECUSDT,1728935999999,SHORT,8961.307895000034,-1653.948416666637,1728936000000,0.021943180311597643,0.030470257147417586,0.013759828588213233
ZECUSDT,1728939599999,LONG,-1653.948416666637,1147.568201666693,1728939600000,-0.004940992758742633,-0.0068691024319567666,0.013868339198753533
ZECUSDT,1729004399999,SHORT,7212.527861249978,-5968.960644166679,1729004400000,-0.006188638075294577,-0.028733022127376617,-0.007796786371480889
ZECUSDT,1729256399999,LONG,-10103.630500416637,14665.5001254167,1729256400000,0.011645358415816728,-0.01703337885404569,-0.027618435902385805
ZECUSDT,1729263599999,SHORT,16793.960788750013,-11427.195725416668,1729263600000,-0.010273587514862957,-0.008891417287911173,0.0016759780459359329
ZECUSDT,1729731599999,LONG,-1801.9835404166686,3751.2533566666607,1729731600000,-0.004962789342129125,-0.015491973218156362,-0.043670410792574305
ZECUSDT,1729735199999,SHORT,3751.2533566666607,-1655.0999241666748,1729735200000,0.027602601666891897,0.01796139147450558,0.03625130422542342
ZECUSDT,1730019599999,LONG,-3744.941700416663,2768.3524491666635,1730019600000,0.005057276880179018,-0.004783267714854622,0.09142551930884248
ZECUSDT,1730221199999,SHORT,5802.505941666653,-7801.91763041669,1730221200000,0.01110979002214951,0.017887709609482987,-0.011749815893175159
ZECUSDT,1730365199999,LONG,-40675.60530958333,8883.108002916671,1730365200000,-0.0039344313048347845,-0.018227951518733618,-0.033540540841435755
ZECUSDT,1730368799999,SHORT,8883.108002916671,-384.6321733333316,1730368800000,0.004743091896012737,0.016700189317134902,0.030697726068605213
ZECUSDT,1730458799999,LONG,-3031.2446474999983,450.12952208333445,1730458800000,0.005389395960466553,0.024817818108803635,0.020856370963333065
ZECUSDT,1730473199999,SHORT,373.05009499999625,-1568.7007020833382,1730473200000,0.0034323466040265807,0.004755623229568159,-0.012832440069884578
ZECUSDT,1730476799999,LONG,-1568.7007020833382,44.38104291666483,1730476800000,-0.00424066365693898,-0.0005291005414439254,0.010523643555966956
ZECUSDT,1730480399999,SHORT,44.38104291666483,-3822.8055012499995,1730480400000,-0.004506303185662704,-0.0074113626696422335,-0.007675040983628624
ZECUSDT,1730483999999,LONG,-3822.8055012499995,367.23135458333854,1730484000000,-0.0010587613482419878,0.0010576415581356672,0.00738010729762268
ZECUSDT,1730487599999,SHORT,367.23135458333854,-2215.2620595833237,1730487600000,-0.0005293806370319676,-0.0005293806370319676,-0.0021158431590921696
ZECUSDT,1730491199999,LONG,-2215.2620595833237,1427.1674058333447,1730491200000,0.0034341600254236197,0.0015864625220603104,-0.00717039322337358
ZECUSDT,1730494799999,SHORT,1427.1674058333447,-1271.9325858333239,1730494800000,0.0015843679047029804,-0.0018452621553302416,0.010610179112015459
ZECUSDT,1730498399999,LONG,-1271.9325858333239,991.7402516666747,1730498400000,-0.0010579212835402784,0.0034305350967892222,-0.0023818987045336045
ZECUSDT,1730512799999,SHORT,3035.5702641666735,-701.124976249995,1730512800000,-0.012305430835025359,-0.00315623618143741,0.030491797936795285
ZECUSDT,1730516399999,LONG,-701.124976249995,2452.597880000005,1730516400000,-0.005741143117943918,-0.015207424693294728,-0.046061649516227876
ZECUSDT,1730530799999,SHORT,2556.801793750008,-919.4343633333228,1730530800000,0.009021021643152757,0.008488114622814086,0.04345576448049298
ZECUSDT,1730534399999,LONG,-919.4343633333228,296.6680450000119,1730534400000,-0.000533191161658835,-0.0034708351490016203,-0.03003066195068203
ZECUSDT,1730552399999,SHORT,1596.3382800000097,-3892.501877083323,1730552400000,0.004065597143608718,-0.0035101966648490752,0.00923919615781742
ZECUSDT,1730555999999,LONG,-3892.501877083323,4789.63651375001,1730556000000,-0.003535975396449219,-0.003535975396449219,-0.009274480008617518
ZECUSDT,1730624399999,SHORT,2791.887238333335,-6485.004377916665,1730624400000,0.015559205655122997,0.012811951179984253,-0.0024347367634131875
ZECUSDT,1730631599999,LONG,-1354.6068112499986,15120.532851250004,1730631600000,-0.011176346402453746,-0.025533302005164762,0.018531482376734985
ZECUSDT,1730653199999,SHORT,5259.548789999991,-7496.1512041666765,1730653200000,-0.009685975822825014,-0.028780936794645006,-0.03604978021397086
ZECUSDT,1730678399999,LONG,-2989.1108541666786,1140.564424583322,1730678400000,-0.016542750132008063,0.008569950683067257,-0.007559431246816474
ZECUSDT,1730685599999,SHORT,431.45643624998775,-2773.369086250013,1730685600000,-0.0035026305512020745,0.0056841403549895845,-0.0016181233304102998
ZECUSDT,1730815199999,LONG,-10545.59344583335,9829.723507916651,1730815200000,0.01421450624684998,0.02176564224408175,0.02435631726817415
ZECUSDT,1730966399999,SHORT,834.3423783334098,-19904.371447499918,1730966400000,-0.010473633347248962,0.005841400568607595,0.012851039219159916
ZECUSDT,1730995199999,LONG,-40328.60657874995,72.90857500004738,1730995200000,0.004058630148525646,-0.004302055769007873,-0.04600372004420496
ZECUSDT,1730998799999,SHORT,72.90857500004738,-19649.616837083293,1730998800000,0.0031559990127103307,0.0031559990127103307,0.05007390475990648
ZECUSDT,1731074399999,LONG,-11103.034459166645,13263.082157916671,1731074400000,-0.004916211019006791,0.01328628933233491,0.04148160751180547
ZECUSDT,1731081599999,SHORT,8860.85447333334,-11502.74682208333,1731081600000,-0.0006674825033671009,-0.02375304108530858,-0.01939668481658216
ZECUSDT,1731088799999,LONG,-865.1205041666786,24308.312897083335,1731088800000,0.008106080096635451,0.0126777654292847,0.03331478328566146
ZECUSDT,1731139199999,SHORT,8430.711045416649,-17798.203375833353,1731139200000,0.015449435516213795,0.015671880184020066,0.021025450855760127
ZECUSDT,1731167999999,LONG,-8335.75165875002,11508.225942083323,1731168000000,-0.004006237274627059,-0.006909645232696991,0.000444148352848627
ZECUSDT,1731171599999,SHORT,11508.225942083323,-744.9749795833292,1731171600000,-0.0015602365808605988,-0.0006689709247141184,-0.01461496341456474
ZECUSDT,1731193199999,LONG,-20255.695018333325,6436.729843333327,1731193200000,0.007184095337052113,0.0021824539435297712,0.0292808862700887
ZECUSDT,1731250799999,SHORT,4916.135891250019,-15873.490013749984,1731250800000,-0.01583598255082108,-0.023660914091675783,-0.020918585614286944
ZECUSDT,1731369599999,LONG,-4846.556572916656,3920.4364975000112,1731369600000,-0.019370526618818773,-0.06443562308739835,-0.11039583486293925
ZECUSDT,1731373199999,SHORT,3920.4364975000112,-11191.140001249985,1731373200000,0.007674981241149125,0.05524223609315062,0.09277236388238784
ZECUSDT,1731765599999,LONG,-22764.133707916666,1178.083297083341,1731765600000,0.034738191680945246,0.02456179336451569,0.05432380258230083
ZECUSDT,1731772799999,SHORT,3350.6204470833495,-16955.719466666633,1731772800000,0.00048355900361970983,-0.10586800107851241,-0.0462892552784979
ZECUSDT,1731783599999,LONG,-7004.658296666635,16007.325273333363,1731783600000,0.04605418435055733,0.012220111334775397,0.002728514653203914
ZECUSDT,1731790799999,SHORT,12338.84618583334,-5280.939080833302,1731790800000,0.020402155511512334,0.01091713899534853,0.04781344262019021
ZECUSDT,1732208399999,LONG,-8092.083822083373,7763.08987999997,1732208400000,-0.001313485302675531,-0.010777625493829266,0.01174437161478126
ZECUSDT,1732211999999,SHORT,7763.08987999997,-2417.304279166701,1732212000000,-0.0034988008576733913,0.02214929971846943,-0.014354313451683122
ZECUSDT,1732219199999,LONG,-3558.6986229167037,623.0324574999637,1732219200000,-0.015579031487878325,-0.011606393290399815,-0.022903445543861277
ZECUSDT,1732222799999,SHORT,623.0324574999637,-10764.0298579167,1732222800000,0.012906276167243696,0.00022111663992791528,-0.0035312329786224297
ZECUSDT,1732233599999,LONG,-2331.548281250039,715.1419770832945,1732233600000,-0.004192878260035927,0.01377823874382222,-0.005077834070002465
ZECUSDT,1732294799999,SHORT,4451.969458749988,-14860.886353333352,1732294800000,-0.017757783300706046,0.014481705687485203,-0.054660765620225385
ZECUSDT,1732309199999,LONG,-14982.564510833354,8031.482056666668,1732309200000,0.02505952176803843,0.061825997602049355,0.07919590172294372
ZECUSDT,1732316399999,SHORT,3219.1893020833304,-14979.264411666669,1732316400000,-0.024246283638529976,-0.05891699355926687,-0.0832298794456704
ZECUSDT,1732327199999,LONG,-2557.0712837499887,25156.359017500017,1732327200000,-0.022669162483646674,0.0028747453062667855,0.010229221764862469
ZECUSDT,1732334399999,SHORT,6500.651065000027,-1506.9936333333123,1732334400000,-0.0035665620519277,-0.01439774479758999,-0.04399476176769883
ZECUSDT,1732359599999,LONG,-21205.12002791664,5446.788685416686,1732359600000,-0.0016433857437300147,0.017699577099401075,0.015276801837975746
ZECUSDT,1732363199999,SHORT,5446.788685416686,-6994.212328749975,1732363200000,-0.012666155034480207,-0.02196102898459876,-0.004717473624151909
ZECUSDT,1732370399999,LONG,-42.89281416663531,241.8088541666948,1732370400000,0.009522916662155566,-0.007355979225816251,0.06597529385973347
ZECUSDT,1732377599999,SHORT,1800.8577979166923,-10082.188023333307,1732377600000,0.025250781609386142,0.02216213506873558,-0.09926920817312329
ZECUSDT,1732694399999,LONG,-12338.16308541689,20064.857790833124,1732694400000,0.004987541511039188,0.007649241245899472,-0.013664362194057861
ZECUSDT,1732831199999,SHORT,10461.161432916697,-7734.444697916634,1732831200000,-0.008828090844957667,-0.007032758226283363,0.0025366927898673483
ZECUSDT,1732849199999,LONG,-1766.792867916641,5247.434720416684,1732849200000,-0.008032171697264267,-0.024292692569044587,-0.018661944788576273
ZECUSDT,1732852799999,SHORT,5247.434720416684,-8416.949229583313,1732852800000,0.009181809037423662,0.02100765412473056,0.0016142053545411135
ZECUSDT,1733191199999,LONG,-10649.76756041691,9606.348740833075,1733191200000,0.0033813517035056044,0.013189962421615384,-0.05171409326972753
ZECUSDT,1733234399999,SHORT,82444.72557041638,-12252.21179958361,1733234400000,-0.004979027285897295,-0.04148349843926657,-0.06153022150266959
ZECUSDT,1733248799999,LONG,-37610.34020541699,12287.68108083304,1733248800000,0.003414137833257897,0.004640379556502301,0.0021863905949356037
ZECUSDT,1733255999999,SHORT,5322.2593516663765,-61879.61961250027,1733256000000,-0.003466688627518433,-0.01776049988466337,-0.05696546719681444
ZECUSDT,1733997599999,LONG,-9194.869193749959,16311.871694583358,1733997600000,-0.024730543821054815,-0.08086487330399733,-0.10500656020195262
ZECUSDT,1734001199999,SHORT,16311.871694583358,-11904.09150374997,1734001200000,0.013309520827002978,0.042904578454643544,0.08518891786137836
ZECUSDT,1734289199999,LONG,-6187.2063958333265,1854.741420000001,1734289200000,-0.00563670465012578,-0.019608471388376313,0.012189079302474589
ZECUSDT,1734296399999,SHORT,1965.4968754166669,-1490.4270041666653,1734296400000,0.019967674438144137,-0.04306805198681385,-0.005656996315140666
ZECUSDT,1734983999999,LONG,-25717.925014166645,18171.270761666685,1734984000000,0.003923727862236952,0.034163613051954936,0.06822725898580215
ZECUSDT,1735059599999,SHORT,29576.84381874996,-1931.2417170833407,1735059600000,0.0023198502501966143,0.019449322590366518,-0.02953771135034805
ZECUSDT,1735444799999,LONG,-19177.530788333304,4773.866284166691,1735444800000,-0.00979199990461765,-0.045157913730365394,-0.07244627848249728
ZECUSDT,1735448399999,SHORT,4773.866284166691,-9316.0780958333,1735448400000,0.015026229588625116,0.04336211827375767,0.08049125023813383
