strategy,symbol,entry_time,year,side,exit_reason,raw_net_pnl,norm_return
ID121,ADAUSDT,1725152460000,2024,SHORT,take_profit,79.44968908,0.019862422269
ID121,ADAUSDT,1725213660000,2024,SHORT,stop_loss,-73.20067851,-0.016953239982
ID121,ADAUSDT,1725264060000,2024,SHORT,stop_loss,-71.13561337,-0.017673461692
ID121,ADAUSDT,1727200860000,2024,LONG,take_profit,75.67159123,0.020230592208
ID121,ADAUSDT,1727366460000,2024,LONG,stop_loss,-67.43625768,-0.016679179660
ID121,ADAUSDT,1727402460000,2024,LONG,take_profit,73.05527485,0.019360622553
ID121,ADAUSDT,1731024060000,2024,LONG,take_profit,78.22451481,0.019240507314
ID121,ADAUSDT,1731038460000,2024,LONG,take_profit,88.63203171,0.020242490958
ID121,ADAUSDT,1731045660000,2024,LONG,stop_loss,-88.31268774,-0.018658757698
ID121,ADAUSDT,1731211260000,2024,LONG,take_profit,90.98934321,0.020774811790
ID121,ADAUSDT,1731715260000,2024,LONG,take_profit,91.13977484,0.019212605494
ID121,ADAUSDT,1731718500000,2024,LONG,take_profit,96.90000971,0.018969101128
ID121,ADAUSDT,1732294920000,2024,LONG,stop_loss,-94.72892523,-0.017236264831
ID121,ADAUSDT,1732298160000,2024,LONG,take_profit,113.83269710,0.022246017025
ID121,ADAUSDT,1732316460000,2024,LONG,stop_loss,-106.48118005,-0.019108938764
ID121,ADAUSDT,1738872060000,2025,SHORT,stop_loss,-88.66815593,-0.017229166914
ID121,ADAUSDT,1740470460000,2025,SHORT,stop_loss,-85.47200438,-0.017837415895
ID121,ADAUSDT,1740473880000,2025,SHORT,take_profit,92.15067761,0.020708772754
ID121,ADAUSDT,1740686460000,2025,SHORT,take_profit,95.10158580,0.019737005712
ID121,ADAUSDT,1745398860000,2025,LONG,stop_loss,-87.66222163,-0.016861859154
ID121,ADAUSDT,1746777660000,2025,LONG,take_profit,105.68436300,0.021798690156
ID121,ADAUSDT,1746780060000,2025,LONG,stop_loss,-96.73975758,-0.018353432897
ID121,ADAUSDT,1746860460000,2025,LONG,take_profit,98.98830337,0.020267973803
ID121,ADAUSDT,1746900060000,2025,LONG,stop_loss,-88.82007396,-0.016822208329
ID121,ADAUSDT,1750514460000,2025,SHORT,take_profit,96.77679244,0.019651509882
ID121,ADAUSDT,1750536060000,2025,SHORT,take_profit,166.47567295,0.031340984287
ID121,ADAUSDT,1750586460000,2025,SHORT,stop_loss,-100.78372506,-0.016860065790
ID121,ADAUSDT,1750600860000,2025,SHORT,take_profit,110.39200171,0.019802946135
ID121,ADAUSDT,1752184860000,2025,LONG,take_profit,118.77240892,0.019742451674
ID121,ADAUSDT,1752200280000,2025,LONG,take_profit,128.56113525,0.019805505240
ID121,ADAUSDT,1752224460000,2025,LONG,take_profit,135.15841518,0.019293388940
ID121,ADAUSDT,1752238860000,2025,LONG,take_profit,229.43249966,0.030404277128
ID121,ADAUSDT,1752800460000,2025,LONG,stop_loss,-137.22653458,-0.016213367120
ID121,ADAUSDT,1752818460000,2025,LONG,stop_loss,-142.52177070,-0.018006805040
ID121,ADAUSDT,1752821820000,2025,LONG,take_profit,144.31130264,0.019648100128
ID121,ADAUSDT,1755154860000,2025,LONG,stop_loss,-136.52480275,-0.017233536864
ID121,ADAUSDT,1757401260000,2025,LONG,stop_loss,-127.25241087,-0.017252358729
ID121,ADAUSDT,1760644860000,2025,SHORT,stop_loss,-129.92968751,-0.018921064885
ID121,ADAUSDT,1762275660000,2025,SHORT,take_profit,140.19811825,0.022088133413
ID121,ADAUSDT,1763164860000,2025,SHORT,stop_loss,-114.91208297,-0.016634622005
ID121,ADAUSDT,1763406060000,2025,SHORT,take_profit,116.94828096,0.018136131916
ID121,ADAUSDT,1763712060000,2025,SHORT,stop_loss,-120.81925885,-0.017469145396
ID121,ADAUSDT,1763820060000,2025,SHORT,stop_loss,-109.42013852,-0.017009524511
ID121,ADAUSDT,1765810920000,2025,SHORT,take_profit,115.71524539,0.019301334390
ID121,ADAUSDT,1765947660000,2025,SHORT,stop_loss,-111.79129810,-0.017310366246
ID121,ADAUSDT,1766764860000,2025,SHORT,stop_loss,-102.19132556,-0.017001031133
ID121,ADAUSDT,1769835660000,2026,SHORT,take_profit,106.37286198,0.018987950194
ID121,ADAUSDT,1769878860000,2026,SHORT,take_profit,286.57954289,0.047544426000
ID121,ADAUSDT,1770289260000,2026,SHORT,stop_loss,-119.74121750,-0.016691150856
ID121,ADAUSDT,1770307260000,2026,SHORT,stop_loss,-126.00000028,-0.018820101272
ID121,ADAUSDT,1770309840000,2026,SHORT,stop_loss,-102.11012584,-0.016493398832
ID121,ADAUSDT,1770325320000,2026,SHORT,stop_loss,-114.02889229,-0.019719554590
ID121,ADAUSDT,1770325920000,2026,SHORT,stop_loss,-98.67052385,-0.018524759462
ID121,ADAUSDT,1778158860000,2026,LONG,stop_loss,-81.33199789,-0.016491571762
ID121,ADAUSDT,1780516860000,2026,SHORT,take_profit,90.09078639,0.019557729452
ID121,ADAUSDT,1780532220000,2026,SHORT,take_profit,101.70237760,0.020476578065
ID121,ADAUSDT,1780621260000,2026,SHORT,take_profit,100.20915332,0.018648504665
ID121,ADAUSDT,1785664860000,2026,LONG,stop_loss,-116.70316278,-0.020210396224
ID121,ADAUSDT,1787274060000,2026,LONG,take_profit,100.77069076,0.018986113370
ID121,ADAUSDT,1787328060000,2026,LONG,stop_loss,-104.34295438,-0.018271538292
ID121,ADAUSDT,1787328540000,2026,LONG,stop_loss,-87.88116299,-0.016602305794
ID121,ADAUSDT,1787349660000,2026,LONG,take_profit,96.58747789,0.019545054531
V54,ADAUSDT,1724518860000,2024,LONG,stop_loss,-77.34332859,-0.019335832147
V54,ADAUSDT,1725152460000,2024,SHORT,take_profit,73.30478567,0.019862422269
V54,ADAUSDT,1725213660000,2024,SHORT,stop_loss,-67.53909438,-0.016953239982
V54,ADAUSDT,1725264060000,2024,SHORT,stop_loss,-65.63374825,-0.017673461692
V54,ADAUSDT,1727200860000,2024,LONG,take_profit,69.81889848,0.020230592208
V54,ADAUSDT,1727366460000,2024,LONG,stop_loss,-62.22051304,-0.016679179660
V54,ADAUSDT,1727402460000,2024,LONG,take_profit,67.40493672,0.019360622553
V54,ADAUSDT,1731024060000,2024,LONG,take_profit,72.17437046,0.019240507314
V54,ADAUSDT,1731038460000,2024,LONG,take_profit,81.77693536,0.020242490958
V54,ADAUSDT,1731045660000,2024,LONG,stop_loss,-81.48229052,-0.018658757698
V54,ADAUSDT,1731211260000,2024,LONG,take_profit,83.95192454,0.020774811790
V54,ADAUSDT,1731715260000,2024,LONG,take_profit,84.09072129,0.019212605494
V54,ADAUSDT,1731718500000,2024,LONG,take_profit,89.40544042,0.018969101128
V54,ADAUSDT,1732294920000,2024,LONG,stop_loss,-87.40227484,-0.017236264831
V54,ADAUSDT,1732298160000,2024,LONG,take_profit,105.02849741,0.022246017025
V54,ADAUSDT,1732316460000,2024,LONG,stop_loss,-98.24557115,-0.019108938764
V54,ADAUSDT,1738872060000,2025,SHORT,stop_loss,-81.81026561,-0.017229166914
V54,ADAUSDT,1740470460000,2025,SHORT,stop_loss,-78.86131506,-0.017837415895
V54,ADAUSDT,1740473880000,2025,SHORT,take_profit,85.02343747,0.020708772754
V54,ADAUSDT,1740686460000,2025,SHORT,take_profit,87.74611260,0.019737005712
V54,ADAUSDT,1745398860000,2025,LONG,stop_loss,-80.88213362,-0.016861859154
V54,ADAUSDT,1746777660000,2025,LONG,take_profit,97.51038259,0.021798690156
V54,ADAUSDT,1746780060000,2025,LONG,stop_loss,-89.25758272,-0.018353432897
V54,ADAUSDT,1746860460000,2025,LONG,take_profit,91.33221849,0.020267973803
V54,ADAUSDT,1746900060000,2025,LONG,stop_loss,-81.95043379,-0.016822208329
V54,ADAUSDT,1750514460000,2025,SHORT,take_profit,89.29175318,0.019651509882
V54,ADAUSDT,1750536060000,2025,SHORT,take_profit,153.59989028,0.031340984287
V54,ADAUSDT,1750586460000,2025,SHORT,stop_loss,-92.98877630,-0.016860065790
V54,ADAUSDT,1750600860000,2025,SHORT,take_profit,101.85391685,0.019802946135
V54,ADAUSDT,1752184860000,2025,LONG,take_profit,109.58615547,0.019742451674
V54,ADAUSDT,1752200280000,2025,LONG,take_profit,118.61778912,0.019805505240
V54,ADAUSDT,1752224460000,2025,LONG,take_profit,124.70481346,0.019293388940
V54,ADAUSDT,1752238860000,2025,LONG,take_profit,211.68742645,0.030404277128
V54,ADAUSDT,1752800460000,2025,LONG,stop_loss,-126.61297763,-0.016213367120
V54,ADAUSDT,1752818460000,2025,LONG,stop_loss,-131.49866256,-0.018006805040
V54,ADAUSDT,1752821820000,2025,LONG,take_profit,133.14978614,0.019648100128
V54,ADAUSDT,1755126060000,2025,LONG,take_profit,155.56939801,0.021283689013
V54,ADAUSDT,1755154860000,2025,LONG,stop_loss,-136.68956389,-0.017233536864
V54,ADAUSDT,1757401260000,2025,LONG,stop_loss,-127.40598188,-0.017252358729
V54,ADAUSDT,1760644860000,2025,SHORT,stop_loss,-130.08648952,-0.018921064885
V54,ADAUSDT,1762275660000,2025,SHORT,take_profit,140.36731243,0.022088133413
V54,ADAUSDT,1763164860000,2025,SHORT,stop_loss,-115.05076141,-0.016634622005
V54,ADAUSDT,1763406060000,2025,SHORT,take_profit,117.08941673,0.018136131916
V54,ADAUSDT,1763712060000,2025,SHORT,stop_loss,-120.96506619,-0.017469145396
V54,ADAUSDT,1763820060000,2025,SHORT,stop_loss,-109.55218915,-0.017009524511
V54,ADAUSDT,1765810920000,2025,SHORT,take_profit,115.85489310,0.019301334390
V54,ADAUSDT,1765947660000,2025,SHORT,stop_loss,-111.92621031,-0.017310366246
V54,ADAUSDT,1766764860000,2025,SHORT,stop_loss,-102.31465230,-0.017001031133
V54,ADAUSDT,1769835660000,2026,SHORT,take_profit,106.50123510,0.018987950194
V54,ADAUSDT,1769878860000,2026,SHORT,take_profit,286.92539340,0.047544426000
V54,ADAUSDT,1770289260000,2026,SHORT,stop_loss,-119.88572384,-0.016691150856
V54,ADAUSDT,1770307260000,2026,SHORT,stop_loss,-126.15205986,-0.018820101272
V54,ADAUSDT,1770309840000,2026,SHORT,stop_loss,-102.23335459,-0.016493398832
V54,ADAUSDT,1770325320000,2026,SHORT,stop_loss,-114.16650488,-0.019719554590
V54,ADAUSDT,1770325920000,2026,SHORT,stop_loss,-98.78960162,-0.018524759462
V54,ADAUSDT,1778158860000,2026,LONG,stop_loss,-81.43015114,-0.016491571762
V54,ADAUSDT,1780516860000,2026,SHORT,take_profit,90.19950993,0.019557729452
V54,ADAUSDT,1780532220000,2026,SHORT,take_profit,101.82511428,0.020476578065
V54,ADAUSDT,1780621260000,2026,SHORT,take_profit,100.33008794,0.018648504665
V54,ADAUSDT,1785664860000,2026,LONG,stop_loss,-116.84400273,-0.020210396224
V54,ADAUSDT,1787274060000,2026,LONG,take_profit,100.89230305,0.018986113370
V54,ADAUSDT,1787328060000,2026,LONG,stop_loss,-104.46887776,-0.018271538292
V54,ADAUSDT,1787328540000,2026,LONG,stop_loss,-87.98721991,-0.016602305794
V54,ADAUSDT,1787349660000,2026,LONG,take_profit,96.70404179,0.019545054531
ID121,AVAXUSDT,1724374860000,2024,LONG,take_profit,75.82132742,0.018955331855
ID121,AVAXUSDT,1724497260000,2024,LONG,take_profit,86.20597286,0.020032595252
ID121,AVAXUSDT,1726822860000,2024,LONG,stop_loss,-76.86199943,-0.016536186243
ID121,AVAXUSDT,1727420460000,2024,LONG,take_profit,86.57466559,0.019945040981
ID121,AVAXUSDT,1731247260000,2024,LONG,stop_loss,-79.22540757,-0.016903368033
ID121,AVAXUSDT,1736179260000,2025,LONG,stop_loss,-74.19662906,-0.016978407394
ID121,AVAXUSDT,1738098180000,2025,SHORT,take_profit,74.39765705,0.018264840202
ID121,AVAXUSDT,1741399260000,2025,SHORT,stop_loss,-88.20029929,-0.020179152825
ID121,AVAXUSDT,1742893260000,2025,LONG,take_profit,79.38845681,0.019757901596
ID121,AVAXUSDT,1742906100000,2025,LONG,take_profit,84.08850482,0.019394827552
ID121,AVAXUSDT,1745380080000,2025,LONG,take_profit,92.66709186,0.019834697517
ID121,AVAXUSDT,1745385300000,2025,LONG,stop_loss,-93.46694509,-0.018535329498
ID121,AVAXUSDT,1746856860000,2025,LONG,take_profit,96.81017401,0.020735693263
ID121,AVAXUSDT,1746910860000,2025,LONG,take_profit,106.29735778,0.021023959979
ID121,AVAXUSDT,1746921720000,2025,LONG,stop_loss,-107.23460459,-0.019564075429
ID121,AVAXUSDT,1747969260000,2025,LONG,stop_loss,-90.50465471,-0.017913692398
ID121,AVAXUSDT,1747994460000,2025,LONG,stop_loss,-77.47882245,-0.016519150039
ID121,AVAXUSDT,1750600860000,2025,SHORT,take_profit,104.48401233,0.023853014435
ID121,AVAXUSDT,1750624620000,2025,SHORT,stop_loss,-85.04653192,-0.017724439915
ID121,AVAXUSDT,1752152460000,2025,LONG,take_profit,85.48343350,0.019174955399
ID121,AVAXUSDT,1752199620000,2025,LONG,take_profit,91.60830558,0.019085019768
ID121,AVAXUSDT,1752242460000,2025,LONG,stop_loss,-108.08628289,-0.020920826279
ID121,AVAXUSDT,1752818460000,2025,LONG,stop_loss,-79.82608917,-0.016861938664
ID121,AVAXUSDT,1753679040000,2025,LONG,take_profit,86.90976180,0.019686025344
ID121,AVAXUSDT,1753696860000,2025,LONG,stop_loss,-78.84695108,-0.016556020312
ID121,AVAXUSDT,1757523660000,2025,LONG,stop_loss,-81.37256583,-0.018298116441
ID121,AVAXUSDT,1757541660000,2025,LONG,stop_loss,-67.85885760,-0.016464379389
ID121,AVAXUSDT,1758200460000,2025,LONG,stop_loss,-64.41232706,-0.016729951705
ID121,AVAXUSDT,1761012060000,2025,SHORT,take_profit,68.93113261,0.019187665629
ID121,AVAXUSDT,1761170460000,2025,SHORT,stop_loss,-65.76532158,-0.017001550417
ID121,AVAXUSDT,1762279260000,2025,SHORT,take_profit,70.80018722,0.019638710276
ID121,AVAXUSDT,1762281900000,2025,SHORT,take_profit,74.24880998,0.019095270813
ID121,AVAXUSDT,1765990860000,2025,SHORT,take_profit,76.49115946,0.018276015257
ID121,AVAXUSDT,1765998240000,2025,SHORT,stop_loss,-77.02332271,-0.017149469067
ID121,AVAXUSDT,1767412860000,2026,LONG,stop_loss,-70.47707662,-0.016847640504
ID121,AVAXUSDT,1767535320000,2026,LONG,take_profit,77.06271630,0.019753120467
ID121,AVAXUSDT,1768892460000,2026,SHORT,take_profit,79.14142515,0.018800473939
ID121,AVAXUSDT,1770289260000,2026,SHORT,take_profit,84.94467235,0.018767700098
ID121,AVAXUSDT,1773406860000,2026,LONG,stop_loss,-80.48314529,-0.016540277192
ID121,AVAXUSDT,1773640860000,2026,LONG,stop_loss,-78.29640021,-0.017230888869
ID121,AVAXUSDT,1780520460000,2026,SHORT,stop_loss,-71.49908784,-0.016899779882
ID121,AVAXUSDT,1780668120000,2026,SHORT,stop_loss,-68.04484244,-0.017249363909
ID121,AVAXUSDT,1780689720000,2026,SHORT,stop_loss,-78.78976269,-0.021453432902
ID121,AVAXUSDT,1787216460000,2026,LONG,stop_loss,-58.08562211,-0.017300591644
ID121,AVAXUSDT,1787241660000,2026,LONG,take_profit,58.63271979,0.018761911371
ID121,AVAXUSDT,1787292060000,2026,LONG,take_profit,64.23167296,0.019118708921
ID121,AVAXUSDT,1787349660000,2026,LONG,take_profit,69.43630244,0.019199593406
ID121,AVAXUSDT,1787367660000,2026,LONG,take_profit,76.18052142,0.019562078417
ID121,AVAXUSDT,1787374860000,2026,LONG,stop_loss,-110.08775130,-0.026217499462
V54,AVAXUSDT,1724374860000,2024,LONG,take_profit,75.82132742,0.018955331855
V54,AVAXUSDT,1724497260000,2024,LONG,take_profit,86.20597286,0.020032595252
V54,AVAXUSDT,1726801260000,2024,LONG,take_profit,91.87073227,0.019765183712
V54,AVAXUSDT,1726822860000,2024,LONG,stop_loss,-82.93876558,-0.016536186243
V54,AVAXUSDT,1727420460000,2024,LONG,take_profit,93.41932227,0.019945040981
V54,AVAXUSDT,1731247260000,2024,LONG,stop_loss,-85.48902651,-0.016903368033
V54,AVAXUSDT,1736179260000,2025,LONG,stop_loss,-80.06266907,-0.016978407394
V54,AVAXUSDT,1738098180000,2025,SHORT,take_profit,80.27959049,0.018264840202
V54,AVAXUSDT,1741399260000,2025,SHORT,stop_loss,-95.17347976,-0.020179152825
V54,AVAXUSDT,1742893260000,2025,LONG,take_profit,85.66496655,0.019757901596
V54,AVAXUSDT,1742906100000,2025,LONG,take_profit,90.73660380,0.019394827552
V54,AVAXUSDT,1745380080000,2025,LONG,take_profit,99.99342024,0.019834697517
V54,AVAXUSDT,1745385300000,2025,LONG,stop_loss,-100.85651045,-0.018535329498
V54,AVAXUSDT,1746856860000,2025,LONG,take_profit,104.46405751,0.020735693263
V54,AVAXUSDT,1746910860000,2025,LONG,take_profit,114.70130500,0.021023959979
V54,AVAXUSDT,1746921720000,2025,LONG,stop_loss,-115.71265123,-0.019564075429
V54,AVAXUSDT,1747969260000,2025,LONG,stop_loss,-97.66001922,-0.017913692398
V54,AVAXUSDT,1747994460000,2025,LONG,stop_loss,-83.60435509,-0.016519150039
V54,AVAXUSDT,1750600860000,2025,SHORT,take_profit,112.74459512,0.023853014435
V54,AVAXUSDT,1750624620000,2025,SHORT,stop_loss,-91.77037323,-0.017724439915
V54,AVAXUSDT,1752152460000,2025,LONG,take_profit,92.24181657,0.019174955399
V54,AVAXUSDT,1752199620000,2025,LONG,take_profit,98.85092554,0.019085019768
V54,AVAXUSDT,1752242460000,2025,LONG,stop_loss,-116.63166384,-0.020920826279
V54,AVAXUSDT,1752818460000,2025,LONG,stop_loss,-86.13719844,-0.016861938664
V54,AVAXUSDT,1753679040000,2025,LONG,take_profit,93.78091144,0.019686025344
V54,AVAXUSDT,1753696860000,2025,LONG,stop_loss,-85.08064897,-0.016556020312
V54,AVAXUSDT,1755140460000,2025,LONG,stop_loss,-79.20534737,-0.016505815639
V54,AVAXUSDT,1757523660000,2025,LONG,stop_loss,-82.00870601,-0.018298116441
V54,AVAXUSDT,1757541660000,2025,LONG,stop_loss,-68.38935268,-0.016464379389
V54,AVAXUSDT,1758200460000,2025,LONG,stop_loss,-64.91587846,-0.016729951705
V54,AVAXUSDT,1761012060000,2025,SHORT,take_profit,69.47001033,0.019187665629
V54,AVAXUSDT,1761170460000,2025,SHORT,stop_loss,-66.27945018,-0.017001550417
V54,AVAXUSDT,1762279260000,2025,SHORT,take_profit,71.35367650,0.019638710276
V54,AVAXUSDT,1762281900000,2025,SHORT,take_profit,74.82925931,0.019095270813
V54,AVAXUSDT,1765990860000,2025,SHORT,take_profit,77.08913864,0.018276015257
V54,AVAXUSDT,1765998240000,2025,SHORT,stop_loss,-77.62546213,-0.017149469067
V54,AVAXUSDT,1767412860000,2026,LONG,stop_loss,-71.02803995,-0.016847640504
V54,AVAXUSDT,1767535320000,2026,LONG,take_profit,77.66516369,0.019753120467
V54,AVAXUSDT,1768892460000,2026,SHORT,take_profit,79.76012311,0.018800473939
V54,AVAXUSDT,1770289260000,2026,SHORT,take_profit,85.60873791,0.018767700098
V54,AVAXUSDT,1773406860000,2026,LONG,stop_loss,-81.11233231,-0.016540277192
V54,AVAXUSDT,1773640860000,2026,LONG,stop_loss,-78.90849208,-0.017230888869
V54,AVAXUSDT,1780520460000,2026,SHORT,stop_loss,-72.05804087,-0.016899779882
V54,AVAXUSDT,1780668120000,2026,SHORT,stop_loss,-68.57679148,-0.017249363909
V54,AVAXUSDT,1780689720000,2026,SHORT,stop_loss,-79.40571148,-0.021453432902
V54,AVAXUSDT,1787216460000,2026,LONG,stop_loss,-58.53971370,-0.017300591644
V54,AVAXUSDT,1787241660000,2026,LONG,take_profit,59.09108838,0.018761911371
V54,AVAXUSDT,1787292060000,2026,LONG,take_profit,64.73381207,0.019118708921
V54,AVAXUSDT,1787349660000,2026,LONG,take_profit,69.97912938,0.019199593406
V54,AVAXUSDT,1787367660000,2026,LONG,take_profit,76.77607214,0.019562078417
V54,AVAXUSDT,1787374860000,2026,LONG,stop_loss,-110.94837602,-0.026217499462
ID121,BNBUSDT,1725152460000,2024,SHORT,take_profit,95.06085378,0.023765213444
ID121,BNBUSDT,1725260460000,2024,SHORT,stop_loss,-73.95952749,-0.016884798510
ID121,BNBUSDT,1725447660000,2024,SHORT,stop_loss,-76.79172874,-0.018801201889
ID121,BNBUSDT,1725555660000,2024,SHORT,stop_loss,-67.87503954,-0.017969487899
ID121,BNBUSDT,1725638460000,2024,SHORT,take_profit,65.62296126,0.018718728243
ID121,BNBUSDT,1725656460000,2024,SHORT,stop_loss,-64.49400009,-0.017115196994
ID121,BNBUSDT,1726963260000,2024,LONG,stop_loss,-57.55260154,-0.016395565756
ID121,BNBUSDT,1738468860000,2025,SHORT,stop_loss,-54.89698661,-0.016736663327
ID121,BNBUSDT,1738497660000,2025,SHORT,take_profit,57.38635974,0.018750919768
ID121,BNBUSDT,1738656060000,2025,SHORT,stop_loss,-56.10248121,-0.017052419873
ID121,BNBUSDT,1738706460000,2025,SHORT,stop_loss,-52.07584947,-0.016987212393
ID121,BNBUSDT,1739412060000,2025,LONG,stop_loss,-51.75044702,-0.018111737393
ID121,BNBUSDT,1740668460000,2025,SHORT,take_profit,50.96975646,0.019231794401
ID121,BNBUSDT,1741618860000,2025,SHORT,stop_loss,-49.66793610,-0.017401914304
ID121,BNBUSDT,1741629660000,2025,SHORT,take_profit,56.63159566,0.021326205169
ID121,BNBUSDT,1745366460000,2025,LONG,stop_loss,-47.43257400,-0.016458101842
ID121,BNBUSDT,1746774060000,2025,LONG,take_profit,50.93716957,0.018919648529
ID121,BNBUSDT,1746921720000,2025,LONG,stop_loss,-51.15974247,-0.017665424530
ID121,BNBUSDT,1747864860000,2025,LONG,take_profit,51.14106536,0.019001665272
ID121,BNBUSDT,1747969260000,2025,LONG,stop_loss,-51.40760843,-0.017751470411
ID121,BNBUSDT,1752170460000,2025,LONG,take_profit,52.29953202,0.019439799039
ID121,BNBUSDT,1752213660000,2025,LONG,stop_loss,-48.13553684,-0.016601145301
ID121,BNBUSDT,1752699660000,2025,LONG,take_profit,51.06614916,0.018864557759
ID121,BNBUSDT,1754661660000,2025,LONG,take_profit,57.24062910,0.019661849590
ID121,BNBUSDT,1754733660000,2025,LONG,stop_loss,-54.55664851,-0.017373533425
ID121,BNBUSDT,1757235660000,2025,LONG,take_profit,56.32892952,0.019277595066
ID121,BNBUSDT,1757584860000,2025,LONG,take_profit,59.22860494,0.018818831243
ID121,BNBUSDT,1758419100000,2025,LONG,stop_loss,-56.51037557,-0.016698199983
ID121,BNBUSDT,1759402860000,2025,LONG,take_profit,59.87104996,0.018957464786
ID121,BNBUSDT,1759431660000,2025,LONG,take_profit,67.82031607,0.019960876112
ID121,BNBUSDT,1759446060000,2025,LONG,take_profit,75.85390687,0.020674590850
ID121,BNBUSDT,1759507260000,2025,LONG,stop_loss,-65.54596667,-0.016500513586
ID121,BNBUSDT,1759509420000,2025,LONG,stop_loss,-68.88696819,-0.018567038567
ID121,BNBUSDT,1759518060000,2025,LONG,stop_loss,-58.13531518,-0.016926236145
ID121,BNBUSDT,1763409660000,2025,SHORT,stop_loss,-57.21098076,-0.017866783554
ID121,BNBUSDT,1763683260000,2025,SHORT,take_profit,59.75011116,0.020095944403
ID121,BNBUSDT,1763709900000,2025,SHORT,take_profit,76.78856548,0.023904969996
ID121,BNBUSDT,1766037660000,2025,SHORT,stop_loss,-60.88204797,-0.017298999955
ID121,BNBUSDT,1767614460000,2026,LONG,stop_loss,-58.95792651,-0.017997645989
ID121,BNBUSDT,1769943660000,2026,SHORT,take_profit,66.24362709,0.021790401101
ID121,BNBUSDT,1769957460000,2026,SHORT,take_profit,63.44014224,0.019195134651
ID121,BNBUSDT,1770206460000,2026,SHORT,take_profit,67.13324682,0.018864159903
ID121,BNBUSDT,1770228060000,2026,SHORT,take_profit,98.46030708,0.025725753148
ID121,BNBUSDT,1770243780000,2026,SHORT,take_profit,84.54092408,0.020027953745
ID121,BNBUSDT,1770292860000,2026,SHORT,take_profit,83.78574933,0.018376848308
ID121,BNBUSDT,1770307260000,2026,SHORT,stop_loss,-85.95559382,-0.017561838441
ID121,BNBUSDT,1770326040000,2026,SHORT,take_profit,89.87782783,0.019750631098
ID121,BNBUSDT,1771916460000,2026,SHORT,stop_loss,-82.76841860,-0.016856624258
ID121,BNBUSDT,1772989260000,2026,SHORT,stop_loss,-79.02561755,-0.017258012346
ID121,BNBUSDT,1773633660000,2026,LONG,stop_loss,-69.67972613,-0.016345363447
ID121,BNBUSDT,1778068860000,2026,LONG,stop_loss,-65.71964519,-0.016494872466
ID121,BNBUSDT,1778140860000,2026,LONG,stop_loss,-63.09753554,-0.016955466219
ID121,BNBUSDT,1778666460000,2026,LONG,stop_loss,-70.13640504,-0.020218173942
ID121,BNBUSDT,1780196460000,2026,LONG,stop_loss,-57.14573058,-0.017922828475
ID121,BNBUSDT,1787216460000,2026,LONG,take_profit,57.15862476,0.019311326926
V54,BNBUSDT,1725152460000,2024,SHORT,take_profit,95.06085378,0.023765213444
V54,BNBUSDT,1725260460000,2024,SHORT,stop_loss,-73.95952749,-0.016884798510
V54,BNBUSDT,1725447660000,2024,SHORT,stop_loss,-76.79172874,-0.018801201889
V54,BNBUSDT,1725555660000,2024,SHORT,stop_loss,-67.87503954,-0.017969487899
V54,BNBUSDT,1725638460000,2024,SHORT,take_profit,65.62296126,0.018718728243
V54,BNBUSDT,1725656460000,2024,SHORT,stop_loss,-64.49400009,-0.017115196994
V54,BNBUSDT,1726963260000,2024,LONG,stop_loss,-57.55260154,-0.016395565756
V54,BNBUSDT,1738468860000,2025,SHORT,stop_loss,-54.89698661,-0.016736663327
V54,BNBUSDT,1738497660000,2025,SHORT,take_profit,57.38635974,0.018750919768
V54,BNBUSDT,1738656060000,2025,SHORT,stop_loss,-56.10248121,-0.017052419873
V54,BNBUSDT,1738706460000,2025,SHORT,stop_loss,-52.07584947,-0.016987212393
V54,BNBUSDT,1739412060000,2025,LONG,stop_loss,-51.75044702,-0.018111737393
V54,BNBUSDT,1740668460000,2025,SHORT,take_profit,50.96975646,0.019231794401
V54,BNBUSDT,1741618860000,2025,SHORT,stop_loss,-49.66793610,-0.017401914304
V54,BNBUSDT,1741629660000,2025,SHORT,take_profit,56.63159566,0.021326205169
V54,BNBUSDT,1745366460000,2025,LONG,stop_loss,-47.43257400,-0.016458101842
V54,BNBUSDT,1746774060000,2025,LONG,take_profit,50.93716957,0.018919648529
V54,BNBUSDT,1746921720000,2025,LONG,stop_loss,-51.15974247,-0.017665424530
V54,BNBUSDT,1747864860000,2025,LONG,take_profit,51.14106536,0.019001665272
V54,BNBUSDT,1747969260000,2025,LONG,stop_loss,-51.40760843,-0.017751470411
V54,BNBUSDT,1752170460000,2025,LONG,take_profit,52.29953202,0.019439799039
V54,BNBUSDT,1752213660000,2025,LONG,stop_loss,-48.13553684,-0.016601145301
V54,BNBUSDT,1752699660000,2025,LONG,take_profit,51.06614916,0.018864557759
V54,BNBUSDT,1752804060000,2025,LONG,take_profit,55.48458476,0.019058657762
V54,BNBUSDT,1754661660000,2025,LONG,take_profit,61.60434734,0.019661849590
V54,BNBUSDT,1754733660000,2025,LONG,stop_loss,-58.71575448,-0.017373533425
V54,BNBUSDT,1757235660000,2025,LONG,take_profit,60.62314468,0.019277595066
V54,BNBUSDT,1757584860000,2025,LONG,take_profit,63.74387579,0.018818831243
V54,BNBUSDT,1758419100000,2025,LONG,stop_loss,-60.81842320,-0.016698199983
V54,BNBUSDT,1759402860000,2025,LONG,take_profit,64.43529737,0.018957464786
V54,BNBUSDT,1759431660000,2025,LONG,take_profit,72.99057285,0.019960876112
V54,BNBUSDT,1759446060000,2025,LONG,take_profit,81.63660147,0.020674590850
V54,BNBUSDT,1759507260000,2025,LONG,stop_loss,-70.54283926,-0.016500513586
V54,BNBUSDT,1759509420000,2025,LONG,stop_loss,-74.13854080,-0.018567038567
V54,BNBUSDT,1759518060000,2025,LONG,stop_loss,-62.56723949,-0.016926236145
V54,BNBUSDT,1763409660000,2025,SHORT,stop_loss,-61.57243877,-0.017866783554
V54,BNBUSDT,1763683260000,2025,SHORT,take_profit,64.30513884,0.020095944403
V54,BNBUSDT,1763709900000,2025,SHORT,take_profit,82.64251343,0.023904969996
V54,BNBUSDT,1766037660000,2025,SHORT,stop_loss,-65.52336843,-0.017298999955
V54,BNBUSDT,1767614460000,2026,LONG,stop_loss,-63.45256229,-0.017997645989
V54,BNBUSDT,1769943660000,2026,SHORT,take_profit,71.29368556,0.021790401101
V54,BNBUSDT,1769957460000,2026,SHORT,take_profit,68.27647808,0.019195134651
V54,BNBUSDT,1770206460000,2026,SHORT,take_profit,72.25112512,0.018864159903
V54,BNBUSDT,1770228060000,2026,SHORT,take_profit,105.96639226,0.025725753148
V54,BNBUSDT,1770243780000,2026,SHORT,take_profit,90.98587024,0.020027953745
V54,BNBUSDT,1770292860000,2026,SHORT,take_profit,90.17312501,0.018376848308
V54,BNBUSDT,1770307260000,2026,SHORT,stop_loss,-92.50838680,-0.017561838441
V54,BNBUSDT,1770326040000,2026,SHORT,take_profit,96.72963087,0.019750631098
V54,BNBUSDT,1771916460000,2026,SHORT,stop_loss,-89.07823846,-0.016856624258
V54,BNBUSDT,1772989260000,2026,SHORT,stop_loss,-85.05010634,-0.017258012346
V54,BNBUSDT,1773633660000,2026,LONG,stop_loss,-74.99173434,-0.016345363447
V54,BNBUSDT,1778054460000,2026,LONG,take_profit,82.19437236,0.019168532823
V54,BNBUSDT,1778068860000,2026,LONG,stop_loss,-76.15290085,-0.016494872466
V54,BNBUSDT,1778140860000,2026,LONG,stop_loss,-73.11452084,-0.016955466219
V54,BNBUSDT,1778666460000,2026,LONG,stop_loss,-81.27083893,-0.020218173942
V54,BNBUSDT,1780196460000,2026,LONG,stop_loss,-66.21784312,-0.017922828475
V54,BNBUSDT,1787216460000,2026,LONG,take_profit,66.23278430,0.019311326926
V54,BNBUSDT,1787353320000,2026,LONG,take_profit,78.56229272,0.021263690481
ID121,BTCUSDT,1725651480000,2024,SHORT,stop_loss,-69.19684546,-0.017299211365
ID121,BTCUSDT,1726750860000,2024,LONG,take_profit,75.95388595,0.020400093612
ID121,BTCUSDT,1727427660000,2024,LONG,stop_loss,-69.05476036,-0.017147821564
ID121,BTCUSDT,1730210520000,2024,LONG,take_profit,71.64694784,0.019101731262
ID121,BTCUSDT,1730228580000,2024,LONG,stop_loss,-66.32876040,-0.016428595415
ID121,BTCUSDT,1730923260000,2024,LONG,stop_loss,-61.93972718,-0.016420568086
ID121,BTCUSDT,1731261660000,2024,LONG,stop_loss,-57.89505295,-0.016427283647
ID121,BTCUSDT,1731362460000,2024,LONG,stop_loss,-59.44251903,-0.018052585200
ID121,BTCUSDT,1731365760000,2024,LONG,take_profit,60.58468822,0.019831499229
ID121,BTCUSDT,1732190460000,2024,LONG,stop_loss,-53.85398610,-0.016332696288
ID121,BTCUSDT,1734364860000,2024,LONG,stop_loss,-52.66497977,-0.017088502863
ID121,BTCUSDT,1740409260000,2025,SHORT,take_profit,52.37917035,0.018242728330
ID121,BTCUSDT,1740574860000,2025,SHORT,take_profit,56.25044363,0.018258671639
ID121,BTCUSDT,1740596460000,2025,SHORT,take_profit,71.06686265,0.021497928232
ID121,BTCUSDT,1740675660000,2025,SHORT,take_profit,75.65143770,0.021072697849
ID121,BTCUSDT,1741539660000,2025,SHORT,take_profit,72.63185268,0.018658825664
ID121,BTCUSDT,1741618860000,2025,SHORT,stop_loss,-71.48580060,-0.017088969187
ID121,BTCUSDT,1741626060000,2025,SHORT,take_profit,80.71337085,0.020710544534
ID121,BTCUSDT,1743343260000,2025,SHORT,stop_loss,-70.05037046,-0.016599358522
ID121,BTCUSDT,1745326860000,2025,LONG,take_profit,74.89542865,0.019009650963
ID121,BTCUSDT,1752314460000,2025,LONG,take_profit,86.57742758,0.020421877066
ID121,BTCUSDT,1752465660000,2025,LONG,stop_loss,-79.34057473,-0.017301529897
ID121,BTCUSDT,1754870460000,2025,LONG,take_profit,81.76987802,0.019157066025
ID121,BTCUSDT,1755115260000,2025,LONG,stop_loss,-76.28308217,-0.016599618284
ID121,BTCUSDT,1759363260000,2025,LONG,take_profit,80.68161849,0.018805414812
ID121,BTCUSDT,1762246860000,2025,SHORT,take_profit,86.79696340,0.018815460126
ID121,BTCUSDT,1762276020000,2025,SHORT,take_profit,91.55386411,0.018457494893
ID121,BTCUSDT,1763125260000,2025,SHORT,stop_loss,-90.75108243,-0.017037754938
ID121,BTCUSDT,1763154060000,2025,SHORT,stop_loss,-82.96644589,-0.016715428162
ID121,BTCUSDT,1763240460000,2025,SHORT,take_profit,85.26306576,0.018408989683
ID121,BTCUSDT,1763402460000,2025,SHORT,take_profit,91.47212653,0.018395040017
ID121,BTCUSDT,1763434860000,2025,SHORT,stop_loss,-94.25522834,-0.017655618421
ID121,BTCUSDT,1763694240000,2025,SHORT,take_profit,125.75356650,0.025345778128
ID121,BTCUSDT,1763712060000,2025,SHORT,take_profit,100.03410773,0.018306065311
ID121,BTCUSDT,1763809260000,2025,SHORT,stop_loss,-97.99693115,-0.016709709458
ID121,BTCUSDT,1764594060000,2025,SHORT,stop_loss,-95.43593564,-0.017438603500
ID121,BTCUSDT,1765116060000,2025,SHORT,stop_loss,-85.61102737,-0.016816354673
ID121,BTCUSDT,1767625260000,2026,LONG,stop_loss,-78.42097132,-0.016514912925
ID121,BTCUSDT,1769331660000,2026,SHORT,take_profit,83.25037842,0.018772026088
ID121,BTCUSDT,1769738460000,2026,SHORT,stop_loss,-80.66577857,-0.016918825305
ID121,BTCUSDT,1769850060000,2026,SHORT,take_profit,81.95962069,0.018437992184
ID121,BTCUSDT,1769871660000,2026,SHORT,take_profit,106.55640698,0.022324887626
ID121,BTCUSDT,1769983260000,2026,SHORT,stop_loss,-88.72896260,-0.017065844851
ID121,BTCUSDT,1770213660000,2026,SHORT,take_profit,90.78495720,0.018740583862
ID121,BTCUSDT,1770260700000,2026,SHORT,take_profit,103.31637277,0.019840158022
ID121,BTCUSDT,1770296460000,2026,SHORT,stop_loss,-105.04818769,-0.018689512217
ID121,BTCUSDT,1773633660000,2026,LONG,take_profit,101.86998375,0.019588461332
ID121,BTCUSDT,1773709260000,2026,LONG,stop_loss,-91.36657914,-0.016292216034
ID121,BTCUSDT,1775750520000,2026,LONG,take_profit,100.24019679,0.019120600926
ID121,BTCUSDT,1780322460000,2026,SHORT,take_profit,103.47824838,0.018335880086
ID121,BTCUSDT,1780367100000,2026,SHORT,take_profit,110.23316143,0.018198107055
ID121,BTCUSDT,1780405260000,2026,SHORT,take_profit,118.43304145,0.018225151008
ID121,BTCUSDT,1780441260000,2026,SHORT,stop_loss,-117.99605192,-0.016924125592
ID121,BTCUSDT,1780516860000,2026,SHORT,take_profit,124.32318629,0.019126415313
ID121,BTCUSDT,1780628460000,2026,SHORT,stop_loss,-121.64501154,-0.017384389167
ID121,BTCUSDT,1780639260000,2026,SHORT,take_profit,122.17245821,0.018764612298
ID121,BTCUSDT,1782687660000,2026,SHORT,stop_loss,-123.63251373,-0.017663099124
ID121,BTCUSDT,1787274060000,2026,LONG,take_profit,138.39224325,0.021274911996
V54,BTCUSDT,1725651480000,2024,SHORT,stop_loss,-69.19684546,-0.017299211365
V54,BTCUSDT,1726750860000,2024,LONG,take_profit,75.95388595,0.020400093612
V54,BTCUSDT,1727427660000,2024,LONG,stop_loss,-69.05476036,-0.017147821564
V54,BTCUSDT,1729076460000,2024,LONG,stop_loss,-67.95027338,-0.018116164059
V54,BTCUSDT,1730210520000,2024,LONG,take_profit,66.45507639,0.019101731262
V54,BTCUSDT,1730228580000,2024,LONG,stop_loss,-61.52226958,-0.016428595415
V54,BTCUSDT,1730923260000,2024,LONG,stop_loss,-57.45128614,-0.016420568086
V54,BTCUSDT,1731261660000,2024,LONG,stop_loss,-53.69970784,-0.016427283647
V54,BTCUSDT,1731362460000,2024,LONG,stop_loss,-55.13503732,-0.018052585200
V54,BTCUSDT,1731365760000,2024,LONG,take_profit,56.19443962,0.019831499229
V54,BTCUSDT,1732161660000,2024,LONG,take_profit,60.57823799,0.019807342079
V54,BTCUSDT,1732190460000,2024,LONG,stop_loss,-53.90909936,-0.016332696288
V54,BTCUSDT,1734307260000,2024,LONG,take_profit,59.92733691,0.019425081522
V54,BTCUSDT,1734366180000,2024,LONG,stop_loss,-56.47476185,-0.016986123030
V54,BTCUSDT,1740409260000,2025,SHORT,take_profit,56.53165641,0.018242728330
V54,BTCUSDT,1740574860000,2025,SHORT,take_profit,60.70983429,0.018258671639
V54,BTCUSDT,1740596460000,2025,SHORT,take_profit,76.70086095,0.021497928232
V54,BTCUSDT,1740675660000,2025,SHORT,take_profit,81.64888933,0.021072697849
V54,BTCUSDT,1741539660000,2025,SHORT,take_profit,78.38991937,0.018658825664
V54,BTCUSDT,1741618860000,2025,SHORT,stop_loss,-77.15301122,-0.017088969187
V54,BTCUSDT,1741626060000,2025,SHORT,take_profit,87.11211954,0.020710544534
V54,BTCUSDT,1743343260000,2025,SHORT,stop_loss,-75.60378387,-0.016599358522
V54,BTCUSDT,1745326860000,2025,LONG,take_profit,80.83294583,0.019009650963
V54,BTCUSDT,1752314460000,2025,LONG,take_profit,93.44106362,0.020421877066
V54,BTCUSDT,1752465660000,2025,LONG,stop_loss,-85.63049166,-0.017301529897
V54,BTCUSDT,1754870460000,2025,LONG,take_profit,88.25238388,0.019157066025
V54,BTCUSDT,1755115260000,2025,LONG,stop_loss,-82.33060895,-0.016599618284
V54,BTCUSDT,1757631660000,2025,LONG,take_profit,85.42515659,0.018448497596
V54,BTCUSDT,1759363260000,2025,LONG,take_profit,93.50367195,0.018805414812
V54,BTCUSDT,1762246860000,2025,SHORT,take_profit,100.59087738,0.018815460126
V54,BTCUSDT,1762276020000,2025,SHORT,take_profit,106.10375246,0.018457494893
V54,BTCUSDT,1763125260000,2025,SHORT,stop_loss,-105.17339141,-0.017037754938
V54,BTCUSDT,1763154060000,2025,SHORT,stop_loss,-96.15160782,-0.016715428162
V54,BTCUSDT,1763240460000,2025,SHORT,take_profit,98.81321024,0.018408989683
V54,BTCUSDT,1763402460000,2025,SHORT,take_profit,106.00902500,0.018395040017
V54,BTCUSDT,1763434860000,2025,SHORT,stop_loss,-109.23442185,-0.017655618421
V54,BTCUSDT,1763694240000,2025,SHORT,take_profit,145.73852693,0.025345778128
V54,BTCUSDT,1763712060000,2025,SHORT,take_profit,115.93169013,0.018306065311
V54,BTCUSDT,1763809260000,2025,SHORT,stop_loss,-113.57076214,-0.016709709458
V54,BTCUSDT,1764594060000,2025,SHORT,stop_loss,-110.60276908,-0.017438603500
V54,BTCUSDT,1765116060000,2025,SHORT,stop_loss,-99.21647047,-0.016816354673
V54,BTCUSDT,1767625260000,2026,LONG,stop_loss,-90.88375907,-0.016514912925
V54,BTCUSDT,1769331660000,2026,SHORT,take_profit,96.48066338,0.018772026088
V54,BTCUSDT,1769738460000,2026,SHORT,stop_loss,-93.48531472,-0.016918825305
V54,BTCUSDT,1769850060000,2026,SHORT,take_profit,94.98477633,0.018437992184
V54,BTCUSDT,1769871660000,2026,SHORT,take_profit,123.49052373,0.022324887626
V54,BTCUSDT,1769983260000,2026,SHORT,stop_loss,-102.82991302,-0.017065844851
V54,BTCUSDT,1770213660000,2026,SHORT,take_profit,105.21264961,0.018740583862
V54,BTCUSDT,1770260700000,2026,SHORT,take_profit,119.73557803,0.019840158022
V54,BTCUSDT,1770296460000,2026,SHORT,stop_loss,-121.74261578,-0.018689512217
V54,BTCUSDT,1773633660000,2026,LONG,take_profit,118.05932653,0.019588461332
V54,BTCUSDT,1773709260000,2026,LONG,stop_loss,-105.88670385,-0.016292216034
V54,BTCUSDT,1775750520000,2026,LONG,take_profit,116.17053119,0.019120600926
V54,BTCUSDT,1780322460000,2026,SHORT,take_profit,119.92317918,0.018335880086
V54,BTCUSDT,1780367100000,2026,SHORT,take_profit,127.75159395,0.018198107055
V54,BTCUSDT,1780405260000,2026,SHORT,take_profit,137.25461218,0.018225151008
V54,BTCUSDT,1780441260000,2026,SHORT,stop_loss,-136.74817557,-0.016924125592
V54,BTCUSDT,1780516860000,2026,SHORT,take_profit,144.08082838,0.019126415313
V54,BTCUSDT,1780628460000,2026,SHORT,stop_loss,-140.97703376,-0.017384389167
V54,BTCUSDT,1780639260000,2026,SHORT,take_profit,141.58830311,0.018764612298
V54,BTCUSDT,1782687660000,2026,SHORT,stop_loss,-143.28039302,-0.017663099124
V54,BTCUSDT,1787274060000,2026,LONG,take_profit,160.38576266,0.021274911996
ID121,DOGEUSDT,1729267260000,2024,LONG,take_profit,81.04415707,0.020261039268
ID121,DOGEUSDT,1730164680000,2024,LONG,stop_loss,-74.48450297,-0.017225129632
ID121,DOGEUSDT,1730217660000,2024,LONG,take_profit,78.93772158,0.019605822978
ID121,DOGEUSDT,1731340860000,2024,LONG,take_profit,89.51845903,0.020616922030
ID121,DOGEUSDT,1732330860000,2024,LONG,take_profit,112.33338424,0.023900397962
ID121,DOGEUSDT,1735963260000,2025,LONG,stop_loss,-84.57825145,-0.016424884989
ID121,DOGEUSDT,1737162060000,2025,LONG,stop_loss,-83.09359827,-0.017271284500
ID121,DOGEUSDT,1740427260000,2025,SHORT,stop_loss,-79.21760595,-0.017687596473
ID121,DOGEUSDT,1743354060000,2025,SHORT,stop_loss,-72.79823661,-0.017491843314
ID121,DOGEUSDT,1743415260000,2025,SHORT,stop_loss,-70.77696884,-0.018285569614
ID121,DOGEUSDT,1743685260000,2025,SHORT,stop_loss,-63.09251510,-0.017586576374
ID121,DOGEUSDT,1743692460000,2025,SHORT,stop_loss,-58.92412320,-0.017667511856
ID121,DOGEUSDT,1746749040000,2025,LONG,stop_loss,-53.73877195,-0.017338042586
ID121,DOGEUSDT,1746871260000,2025,LONG,stop_loss,-50.98367662,-0.017674946571
ID121,DOGEUSDT,1746896460000,2025,LONG,take_profit,53.20611705,0.019848719177
ID121,DOGEUSDT,1746899580000,2025,LONG,take_profit,60.31359605,0.020845186852
ID121,DOGEUSDT,1746914460000,2025,LONG,take_profit,61.54400147,0.019633385124
ID121,DOGEUSDT,1747958460000,2025,LONG,take_profit,67.10430567,0.019848431256
ID121,DOGEUSDT,1747969260000,2025,LONG,stop_loss,-68.67116362,-0.018817863673
ID121,DOGEUSDT,1749978060000,2025,SHORT,stop_loss,-62.63875723,-0.018562000502
ID121,DOGEUSDT,1750172460000,2025,SHORT,take_profit,57.39130133,0.018371011193
ID121,DOGEUSDT,1750244580000,2025,SHORT,stop_loss,-56.55402750,-0.016863780246
ID121,DOGEUSDT,1750514460000,2025,SHORT,take_profit,58.53304757,0.018716420357
ID121,DOGEUSDT,1752166860000,2025,LONG,take_profit,65.37959086,0.019449554391
ID121,DOGEUSDT,1752184860000,2025,LONG,take_profit,68.87360524,0.019010030478
ID121,DOGEUSDT,1752202860000,2025,LONG,stop_loss,-65.04683644,-0.016685057612
ID121,DOGEUSDT,1752242460000,2025,LONG,take_profit,89.54379912,0.024611297073
ID121,DOGEUSDT,1752256860000,2025,LONG,stop_loss,-66.01140834,-0.016517320422
ID121,DOGEUSDT,1752813000000,2025,LONG,take_profit,89.63601419,0.024015325197
ID121,DOGEUSDT,1752818460000,2025,LONG,stop_loss,-66.68308821,-0.016299969644
ID121,DOGEUSDT,1752819300000,2025,LONG,take_profit,74.88001188,0.019580250135
ID121,DOGEUSDT,1752821820000,2025,LONG,stop_loss,-70.37321845,-0.017065211736
ID121,DOGEUSDT,1754719260000,2025,LONG,take_profit,76.50623921,0.019911628281
ID121,DOGEUSDT,1754744460000,2025,LONG,stop_loss,-72.04588530,-0.017367508414
ID121,DOGEUSDT,1757422860000,2025,LONG,stop_loss,-72.73888228,-0.018843631182
ID121,DOGEUSDT,1757563260000,2025,LONG,stop_loss,-61.80637832,-0.017316711159
ID121,DOGEUSDT,1757739660000,2025,LONG,take_profit,83.78020457,0.025220189684
ID121,DOGEUSDT,1761930060000,2025,SHORT,stop_loss,-62.74443332,-0.017157019793
ID121,DOGEUSDT,1762275660000,2025,SHORT,take_profit,64.35359476,0.018893669832
ID121,DOGEUSDT,1762276980000,2025,SHORT,take_profit,67.85765454,0.018522593048
ID121,DOGEUSDT,1763406060000,2025,SHORT,take_profit,75.29542559,0.019135098818
ID121,DOGEUSDT,1768996860000,2026,SHORT,stop_loss,-87.82026872,-0.020731300558
ID121,DOGEUSDT,1770289260000,2026,SHORT,take_profit,84.61907482,0.021781876952
ID121,DOGEUSDT,1776366060000,2026,LONG,stop_loss,-74.34300689,-0.017602999045
ID121,DOGEUSDT,1780520460000,2026,SHORT,stop_loss,-66.23656712,-0.016871505897
ID121,DOGEUSDT,1780538460000,2026,SHORT,take_profit,80.00146841,0.021852374809
ID121,DOGEUSDT,1780539540000,2026,SHORT,stop_loss,-66.78431804,-0.016775754253
ID121,DOGEUSDT,1780686060000,2026,SHORT,stop_loss,-71.47106289,-0.019244388343
ID121,DOGEUSDT,1780722060000,2026,SHORT,stop_loss,-83.51122861,-0.024361637791
ID121,DOGEUSDT,1783494060000,2026,SHORT,stop_loss,-52.05342155,-0.016824337053
ID121,DOGEUSDT,1786838460000,2026,SHORT,stop_loss,-47.49447999,-0.016458437559
ID121,DOGEUSDT,1787216460000,2026,LONG,take_profit,51.06824760,0.018944024633
ID121,DOGEUSDT,1787238060000,2026,LONG,take_profit,61.43235499,0.021183443933
ID121,DOGEUSDT,1787346060000,2026,LONG,take_profit,70.06741657,0.022273698949
ID121,DOGEUSDT,1787371260000,2026,LONG,take_profit,69.55177750,0.020301063568
V54,DOGEUSDT,1724518860000,2024,LONG,stop_loss,-68.38428129,-0.017096070323
V54,DOGEUSDT,1727413260000,2024,LONG,take_profit,71.86228609,0.019284315583
V54,DOGEUSDT,1729267260000,2024,LONG,take_profit,81.32602904,0.020261039268
V54,DOGEUSDT,1730164680000,2024,LONG,stop_loss,-74.74356043,-0.017225129632
V54,DOGEUSDT,1730217660000,2024,LONG,take_profit,79.21226735,0.019605822978
V54,DOGEUSDT,1731340860000,2024,LONG,take_profit,89.82980466,0.020616922030
V54,DOGEUSDT,1732330860000,2024,LONG,take_profit,112.72408029,0.023900397962
V54,DOGEUSDT,1735963260000,2025,LONG,stop_loss,-84.87241501,-0.016424884989
V54,DOGEUSDT,1737162060000,2025,LONG,stop_loss,-83.38259820,-0.017271284500
V54,DOGEUSDT,1740427260000,2025,SHORT,stop_loss,-79.49312516,-0.017687596473
V54,DOGEUSDT,1743354060000,2025,SHORT,stop_loss,-73.05142923,-0.017491843314
V54,DOGEUSDT,1743415260000,2025,SHORT,stop_loss,-71.02313147,-0.018285569614
V54,DOGEUSDT,1743685260000,2025,SHORT,stop_loss,-63.31195117,-0.017586576374
V54,DOGEUSDT,1743692460000,2025,SHORT,stop_loss,-59.12906158,-0.017667511856
V54,DOGEUSDT,1746749040000,2025,LONG,stop_loss,-53.92567566,-0.017338042586
V54,DOGEUSDT,1746871260000,2025,LONG,stop_loss,-51.16099809,-0.017674946571
V54,DOGEUSDT,1746896460000,2025,LONG,take_profit,53.39116818,0.019848719177
V54,DOGEUSDT,1746899580000,2025,LONG,take_profit,60.52336702,0.020845186852
V54,DOGEUSDT,1746914460000,2025,LONG,take_profit,61.75805180,0.019633385124
V54,DOGEUSDT,1747846860000,2025,LONG,stop_loss,-55.39257982,-0.016327494082
V54,DOGEUSDT,1747958460000,2025,LONG,take_profit,62.93987151,0.019848431256
V54,DOGEUSDT,1747969260000,2025,LONG,stop_loss,-64.40949164,-0.018817863673
V54,DOGEUSDT,1749978060000,2025,SHORT,stop_loss,-58.75145108,-0.018562000502
V54,DOGEUSDT,1750172460000,2025,SHORT,take_profit,53.82964768,0.018371011193
V54,DOGEUSDT,1750244580000,2025,SHORT,stop_loss,-53.04433432,-0.016863780246
V54,DOGEUSDT,1750514460000,2025,SHORT,take_profit,54.90053815,0.018716420357
V54,DOGEUSDT,1752166860000,2025,LONG,take_profit,61.32219099,0.019449554391
V54,DOGEUSDT,1752184860000,2025,LONG,take_profit,64.59936991,0.019010030478
V54,DOGEUSDT,1752202860000,2025,LONG,stop_loss,-61.01008702,-0.016685057612
V54,DOGEUSDT,1752242460000,2025,LONG,take_profit,83.98678975,0.024611297073
V54,DOGEUSDT,1752256860000,2025,LONG,stop_loss,-61.91479843,-0.016517320422
V54,DOGEUSDT,1752813000000,2025,LONG,take_profit,84.07328203,0.024015325197
V54,DOGEUSDT,1752818460000,2025,LONG,stop_loss,-62.54479444,-0.016299969644
V54,DOGEUSDT,1752819300000,2025,LONG,take_profit,70.23302424,0.019580250135
V54,DOGEUSDT,1752821820000,2025,LONG,stop_loss,-66.00591844,-0.017065211736
V54,DOGEUSDT,1754719260000,2025,LONG,take_profit,71.75832933,0.019911628281
V54,DOGEUSDT,1754744460000,2025,LONG,stop_loss,-67.57478107,-0.017367508414
V54,DOGEUSDT,1757368860000,2025,LONG,stop_loss,-63.83318888,-0.017630679389
V54,DOGEUSDT,1757422860000,2025,LONG,stop_loss,-63.41337499,-0.018843631182
V54,DOGEUSDT,1757563260000,2025,LONG,stop_loss,-53.88247553,-0.017316711159
V54,DOGEUSDT,1757739660000,2025,LONG,take_profit,73.03914168,0.025220189684
V54,DOGEUSDT,1761930060000,2025,SHORT,stop_loss,-54.70026695,-0.017157019793
V54,DOGEUSDT,1762275660000,2025,SHORT,take_profit,56.10312543,0.018893669832
V54,DOGEUSDT,1762276980000,2025,SHORT,take_profit,59.15794632,0.018522593048
V54,DOGEUSDT,1763406060000,2025,SHORT,take_profit,65.64215600,0.019135098818
V54,DOGEUSDT,1768996860000,2026,SHORT,stop_loss,-76.56124836,-0.020731300558
V54,DOGEUSDT,1770289260000,2026,SHORT,take_profit,73.77046436,0.021781876952
V54,DOGEUSDT,1776366060000,2026,LONG,stop_loss,-64.81184239,-0.017602999045
V54,DOGEUSDT,1777255260000,2026,LONG,stop_loss,-57.32468377,-0.016748790691
V54,DOGEUSDT,1780520460000,2026,SHORT,stop_loss,-53.87607587,-0.016871505897
V54,DOGEUSDT,1780538460000,2026,SHORT,take_profit,65.07229117,0.021852374809
V54,DOGEUSDT,1780539540000,2026,SHORT,stop_loss,-54.32161029,-0.016775754253
V54,DOGEUSDT,1780686060000,2026,SHORT,stop_loss,-58.13375563,-0.019244388343
V54,DOGEUSDT,1780722060000,2026,SHORT,stop_loss,-67.92709049,-0.024361637791
V54,DOGEUSDT,1783494060000,2026,SHORT,stop_loss,-42.33966539,-0.016824337053
V54,DOGEUSDT,1786838460000,2026,SHORT,stop_loss,-38.63147380,-0.016458437559
V54,DOGEUSDT,1787216460000,2026,LONG,take_profit,41.53833602,0.018944024633
V54,DOGEUSDT,1787238060000,2026,LONG,take_profit,49.96838396,0.021183443933
V54,DOGEUSDT,1787346060000,2026,LONG,take_profit,56.99204556,0.022273698949
V54,DOGEUSDT,1787371260000,2026,LONG,take_profit,56.57263056,0.020301063568
ID121,ETHUSDT,1725123660000,2024,SHORT,take_profit,72.98816569,0.018247041422
ID121,ETHUSDT,1725408060000,2024,SHORT,take_profit,128.83044296,0.030016743679
ID121,ETHUSDT,1725638460000,2024,SHORT,take_profit,103.64716149,0.021560483575
ID121,ETHUSDT,1725645660000,2024,SHORT,take_profit,94.87845181,0.018169463724
ID121,ETHUSDT,1725656460000,2024,SHORT,stop_loss,-98.51614039,-0.017587843555
ID121,ETHUSDT,1727946060000,2024,SHORT,stop_loss,-87.70731373,-0.016843106046
ID121,ETHUSDT,1727967660000,2024,SHORT,stop_loss,-81.94358449,-0.016873029987
ID121,ETHUSDT,1728586860000,2024,SHORT,stop_loss,-80.20395238,-0.017710114980
ID121,ETHUSDT,1729465260000,2024,LONG,stop_loss,-69.87177694,-0.016604932256
ID121,ETHUSDT,1729900860000,2024,SHORT,stop_loss,-65.16802271,-0.016588923284
ID121,ETHUSDT,1731074460000,2024,LONG,stop_loss,-64.36735351,-0.017549625553
ID121,ETHUSDT,1731182460000,2024,LONG,take_profit,65.13231763,0.019098906034
ID121,ETHUSDT,1731193260000,2024,LONG,take_profit,72.81902589,0.019837406889
ID121,ETHUSDT,1731216180000,2024,LONG,stop_loss,-71.01156540,-0.017922846150
ID121,ETHUSDT,1733004720000,2024,LONG,stop_loss,-61.94681916,-0.016842421058
ID121,ETHUSDT,1735995660000,2025,LONG,take_profit,65.91981385,0.019217281558
ID121,ETHUSDT,1738515840000,2025,SHORT,take_profit,79.52000298,0.021527294026
ID121,ETHUSDT,1738537260000,2025,SHORT,take_profit,99.26244296,0.024741414859
ID121,ETHUSDT,1738540020000,2025,SHORT,take_profit,82.10834844,0.018622705137
ID121,ETHUSDT,1740574860000,2025,SHORT,take_profit,88.88457683,0.018762000784
ID121,ETHUSDT,1740592920000,2025,SHORT,take_profit,127.89256602,0.025111357149
ID121,ETHUSDT,1740690060000,2025,SHORT,stop_loss,-94.66245217,-0.016890173997
ID121,ETHUSDT,1743249660000,2025,SHORT,take_profit,96.16997355,0.018402435247
ID121,ETHUSDT,1743269280000,2025,SHORT,stop_loss,-95.61004626,-0.017040914078
ID121,ETHUSDT,1743858060000,2025,SHORT,take_profit,100.80580420,0.019281252950
ID121,ETHUSDT,1746864060000,2025,LONG,take_profit,118.40268350,0.021025442670
ID121,ETHUSDT,1746896460000,2025,LONG,take_profit,117.92217973,0.019315637545
ID121,ETHUSDT,1746899340000,2025,LONG,take_profit,143.92916257,0.021884709453
ID121,ETHUSDT,1746914460000,2025,LONG,take_profit,143.22890754,0.020025247425
ID121,ETHUSDT,1749654060000,2025,LONG,stop_loss,-133.22277282,-0.017244925238
ID121,ETHUSDT,1752685260000,2025,LONG,take_profit,139.26579360,0.019362799825
ID121,ETHUSDT,1752737700000,2025,LONG,stop_loss,-139.35341102,-0.017982235958
ID121,ETHUSDT,1754676060000,2025,LONG,take_profit,180.96840919,0.025162143145
ID121,ETHUSDT,1754773260000,2025,LONG,stop_loss,-134.49337526,-0.016990144718
ID121,ETHUSDT,1755057660000,2025,LONG,take_profit,139.41979048,0.018896715715
ID121,ETHUSDT,1757696460000,2025,LONG,take_profit,152.03437291,0.019158354356
ID121,ETHUSDT,1757710740000,2025,LONG,stop_loss,-152.79297752,-0.017883476698
ID121,ETHUSDT,1760648460000,2025,SHORT,stop_loss,-136.56157633,-0.017215158748
ID121,ETHUSDT,1760684460000,2025,SHORT,take_profit,151.79084533,0.020550074606
ID121,ETHUSDT,1761022860000,2025,SHORT,stop_loss,-138.70012566,-0.017351500157
ID121,ETHUSDT,1761170460000,2025,SHORT,stop_loss,-126.09110332,-0.016950572506
ID121,ETHUSDT,1762275660000,2025,SHORT,take_profit,146.56418001,0.021135850921
ID121,ETHUSDT,1762516860000,2025,SHORT,stop_loss,-128.88317920,-0.017137252577
ID121,ETHUSDT,1763654460000,2025,SHORT,take_profit,136.74643502,0.019520950572
ID121,ETHUSDT,1763712060000,2025,SHORT,take_profit,152.61077818,0.020207734839
ID121,ETHUSDT,1769360460000,2026,SHORT,take_profit,164.79251154,0.020188875614
ID121,ETHUSDT,1769367720000,2026,SHORT,take_profit,172.01858654,0.019499459751
ID121,ETHUSDT,1769738460000,2026,SHORT,take_profit,172.97481526,0.018189140995
ID121,ETHUSDT,1769850060000,2026,SHORT,take_profit,191.92467853,0.018813038978
ID121,ETHUSDT,1769943660000,2026,SHORT,stop_loss,-192.96403639,-0.017591148162
ID121,ETHUSDT,1773684060000,2026,LONG,take_profit,218.08540730,0.021386108293
ID121,ETHUSDT,1773698460000,2026,LONG,stop_loss,-182.50709874,-0.016486835764
ID121,ETHUSDT,1779940860000,2026,SHORT,stop_loss,-175.92117606,-0.017013917004
ID121,ETHUSDT,1780412460000,2026,SHORT,take_profit,190.54657165,0.019774128779
ID121,ETHUSDT,1780441260000,2026,SHORT,take_profit,206.83028838,0.019890699961
ID121,ETHUSDT,1780516860000,2026,SHORT,stop_loss,-266.61367538,-0.023750373281
ID121,ETHUSDT,1780538460000,2026,SHORT,take_profit,186.82867621,0.018390083104
ID121,ETHUSDT,1780539660000,2026,SHORT,stop_loss,-214.51973472,-0.019668939764
ID121,ETHUSDT,1780628460000,2026,SHORT,take_profit,195.14568816,0.019420488989
ID121,ETHUSDT,1782309660000,2026,SHORT,take_profit,359.59396894,0.033206491283
ID121,ETHUSDT,1783180980000,2026,LONG,stop_loss,-204.44698144,-0.016665874140
ID121,ETHUSDT,1787241660000,2026,LONG,take_profit,235.57649908,0.020575059823
V54,ETHUSDT,1725123660000,2024,SHORT,take_profit,72.98816569,0.018247041422
V54,ETHUSDT,1725408060000,2024,SHORT,take_profit,128.83044296,0.030016743679
V54,ETHUSDT,1725638460000,2024,SHORT,take_profit,103.64716149,0.021560483575
V54,ETHUSDT,1725645660000,2024,SHORT,take_profit,94.87845181,0.018169463724
V54,ETHUSDT,1725656460000,2024,SHORT,stop_loss,-98.51614039,-0.017587843555
V54,ETHUSDT,1727946060000,2024,SHORT,stop_loss,-87.70731373,-0.016843106046
V54,ETHUSDT,1727967660000,2024,SHORT,stop_loss,-81.94358449,-0.016873029987
V54,ETHUSDT,1728586860000,2024,SHORT,stop_loss,-80.20395238,-0.017710114980
V54,ETHUSDT,1729465260000,2024,LONG,stop_loss,-69.87177694,-0.016604932256
V54,ETHUSDT,1729900860000,2024,SHORT,stop_loss,-65.16802271,-0.016588923284
V54,ETHUSDT,1731074460000,2024,LONG,stop_loss,-64.36735351,-0.017549625553
V54,ETHUSDT,1731182460000,2024,LONG,take_profit,65.13231763,0.019098906034
V54,ETHUSDT,1731193260000,2024,LONG,take_profit,72.81902589,0.019837406889
V54,ETHUSDT,1731216180000,2024,LONG,stop_loss,-71.01156540,-0.017922846150
V54,ETHUSDT,1733004720000,2024,LONG,stop_loss,-61.94681916,-0.016842421058
V54,ETHUSDT,1735995660000,2025,LONG,take_profit,65.91981385,0.019217281558
V54,ETHUSDT,1738515840000,2025,SHORT,take_profit,79.52000298,0.021527294026
V54,ETHUSDT,1738537260000,2025,SHORT,take_profit,99.26244296,0.024741414859
V54,ETHUSDT,1738540020000,2025,SHORT,take_profit,82.10834844,0.018622705137
V54,ETHUSDT,1740574860000,2025,SHORT,take_profit,88.88457683,0.018762000784
V54,ETHUSDT,1740592920000,2025,SHORT,take_profit,127.89256602,0.025111357149
V54,ETHUSDT,1740690060000,2025,SHORT,stop_loss,-94.66245217,-0.016890173997
V54,ETHUSDT,1743249660000,2025,SHORT,take_profit,96.16997355,0.018402435247
V54,ETHUSDT,1743269280000,2025,SHORT,stop_loss,-95.61004626,-0.017040914078
V54,ETHUSDT,1743858060000,2025,SHORT,take_profit,100.80580420,0.019281252950
V54,ETHUSDT,1746864060000,2025,LONG,take_profit,118.40268350,0.021025442670
V54,ETHUSDT,1746896460000,2025,LONG,take_profit,117.92217973,0.019315637545
V54,ETHUSDT,1746899340000,2025,LONG,take_profit,143.92916257,0.021884709453
V54,ETHUSDT,1746914460000,2025,LONG,take_profit,143.22890754,0.020025247425
V54,ETHUSDT,1749654060000,2025,LONG,stop_loss,-133.22277282,-0.017244925238
V54,ETHUSDT,1751551260000,2025,LONG,stop_loss,-124.22262455,-0.017271274953
V54,ETHUSDT,1752170460000,2025,LONG,take_profit,172.63583972,0.025783666627
V54,ETHUSDT,1752685260000,2025,LONG,take_profit,143.01545518,0.019362799825
V54,ETHUSDT,1752737700000,2025,LONG,stop_loss,-143.10543165,-0.017982235958
V54,ETHUSDT,1753682460000,2025,LONG,stop_loss,-125.18003429,-0.016948895881
V54,ETHUSDT,1754676060000,2025,LONG,take_profit,173.24170099,0.025162143145
V54,ETHUSDT,1754773260000,2025,LONG,stop_loss,-128.75098591,-0.016990144718
V54,ETHUSDT,1755057660000,2025,LONG,take_profit,133.46706070,0.018896715715
V54,ETHUSDT,1757696460000,2025,LONG,take_profit,145.54304527,0.019158354356
V54,ETHUSDT,1757710740000,2025,LONG,stop_loss,-146.26926016,-0.017883476698
V54,ETHUSDT,1760648460000,2025,SHORT,stop_loss,-130.73088214,-0.017215158748
V54,ETHUSDT,1760684460000,2025,SHORT,take_profit,145.30991545,0.020550074606
V54,ETHUSDT,1761022860000,2025,SHORT,stop_loss,-132.77812301,-0.017351500157
V54,ETHUSDT,1761170460000,2025,SHORT,stop_loss,-120.70746114,-0.016950572506
V54,ETHUSDT,1762275660000,2025,SHORT,take_profit,140.30641018,0.021135850921
V54,ETHUSDT,1762516860000,2025,SHORT,stop_loss,-123.38032529,-0.017137252577
V54,ETHUSDT,1763654460000,2025,SHORT,take_profit,130.90784803,0.019520950572
V54,ETHUSDT,1763712060000,2025,SHORT,take_profit,146.09484008,0.020207734839
V54,ETHUSDT,1769360460000,2026,SHORT,take_profit,157.75645671,0.020188875614
V54,ETHUSDT,1769367720000,2026,SHORT,take_profit,164.67400397,0.019499459751
V54,ETHUSDT,1769738460000,2026,SHORT,take_profit,165.58940512,0.018189140995
V54,ETHUSDT,1769850060000,2026,SHORT,take_profit,183.73017655,0.018813038978
V54,ETHUSDT,1769943660000,2026,SHORT,stop_loss,-184.72515752,-0.017591148162
V54,ETHUSDT,1773684060000,2026,LONG,take_profit,208.77393513,0.021386108293
V54,ETHUSDT,1773698460000,2026,LONG,stop_loss,-174.71469396,-0.016486835764
V54,ETHUSDT,1779940860000,2026,SHORT,stop_loss,-168.40996678,-0.017013917004
V54,ETHUSDT,1780412460000,2026,SHORT,take_profit,182.41090994,0.019774128779
V54,ETHUSDT,1780441260000,2026,SHORT,take_profit,197.99936981,0.019890699961
V54,ETHUSDT,1780516860000,2026,SHORT,stop_loss,-255.23021856,-0.023750373281
V54,ETHUSDT,1780538460000,2026,SHORT,take_profit,178.85175543,0.018390083104
V54,ETHUSDT,1780539660000,2026,SHORT,stop_loss,-205.36050410,-0.019668939764
V54,ETHUSDT,1780628460000,2026,SHORT,take_profit,186.81366051,0.019420488989
V54,ETHUSDT,1782309660000,2026,SHORT,take_profit,344.24058389,0.033206491283
V54,ETHUSDT,1783180980000,2026,LONG,stop_loss,-195.71782161,-0.016665874140
V54,ETHUSDT,1787241660000,2026,LONG,take_profit,225.51821943,0.020575059823
ID121,LTCUSDT,1724756460000,2024,SHORT,stop_loss,-69.13003091,-0.017282507729
ID121,LTCUSDT,1729195260000,2024,LONG,take_profit,74.80511899,0.020090109647
ID121,LTCUSDT,1729216860000,2024,LONG,stop_loss,-66.27743785,-0.016475857520
ID121,LTCUSDT,1729281660000,2024,LONG,take_profit,80.81490519,0.021507107552
ID121,LTCUSDT,1729335240000,2024,LONG,stop_loss,-68.89668118,-0.016882923273
ID121,LTCUSDT,1731783960000,2024,LONG,stop_loss,-63.67286695,-0.016732840447
ID121,LTCUSDT,1731785640000,2024,LONG,stop_loss,-70.45764572,-0.019844026580
ID121,LTCUSDT,1733169780000,2024,LONG,take_profit,68.41779397,0.020930928644
ID121,LTCUSDT,1737050460000,2025,LONG,stop_loss,-58.16942670,-0.016420850110
ID121,LTCUSDT,1737086460000,2025,LONG,take_profit,65.38756138,0.019756132455
ID121,LTCUSDT,1739635260000,2025,LONG,stop_loss,-58.57583474,-0.016401892346
ID121,LTCUSDT,1743944460000,2025,SHORT,take_profit,63.97789080,0.019172382174
ID121,LTCUSDT,1746777660000,2025,LONG,take_profit,72.38608845,0.020147018209
ID121,LTCUSDT,1746780180000,2025,LONG,take_profit,79.56267944,0.020492969828
ID121,LTCUSDT,1746838860000,2025,LONG,stop_loss,-70.65609976,-0.016820123769
ID121,LTCUSDT,1746921780000,2025,LONG,stop_loss,-80.82501658,-0.020628814484
ID121,LTCUSDT,1750514460000,2025,SHORT,take_profit,72.88722955,0.020275942936
ID121,LTCUSDT,1750600860000,2025,SHORT,take_profit,71.82551790,0.018481661043
ID121,LTCUSDT,1752167160000,2025,LONG,take_profit,82.07390486,0.019664943994
ID121,LTCUSDT,1752202860000,2025,LONG,take_profit,87.48693850,0.019433290944
ID121,LTCUSDT,1752804060000,2025,LONG,take_profit,97.34836548,0.020064140041
ID121,LTCUSDT,1752812940000,2025,LONG,take_profit,104.36060221,0.019911388704
ID121,LTCUSDT,1752821700000,2025,LONG,take_profit,112.22017130,0.019831460551
ID121,LTCUSDT,1752832860000,2025,LONG,stop_loss,-114.14165272,-0.018688539133
ID121,LTCUSDT,1752991260000,2025,LONG,take_profit,112.32190986,0.019876436894
ID121,LTCUSDT,1753002060000,2025,LONG,stop_loss,-100.11645451,-0.016411737317
ID121,LTCUSDT,1754352060000,2025,LONG,take_profit,115.84069486,0.020323534632
ID121,LTCUSDT,1754373660000,2025,LONG,stop_loss,-107.58421183,-0.017455921559
ID121,LTCUSDT,1757754060000,2025,LONG,stop_loss,-108.91754727,-0.018998828204
ID121,LTCUSDT,1760104860000,2025,LONG,stop_loss,-120.31466727,-0.022712940485
ID121,LTCUSDT,1768896060000,2026,SHORT,take_profit,87.28878156,0.018125021003
ID121,LTCUSDT,1769846460000,2026,SHORT,take_profit,97.28035202,0.018834230701
ID121,LTCUSDT,1769868180000,2026,SHORT,take_profit,104.01001059,0.018726358567
ID121,LTCUSDT,1770289260000,2026,SHORT,take_profit,109.02619716,0.018261598912
ID121,LTCUSDT,1773633660000,2026,LONG,take_profit,123.05474175,0.019208249535
ID121,LTCUSDT,1779494460000,2026,SHORT,stop_loss,-117.01771702,-0.016962610942
ID121,LTCUSDT,1780380060000,2026,SHORT,take_profit,142.17831176,0.022110004763
ID121,LTCUSDT,1780520460000,2026,SHORT,stop_loss,-124.53577913,-0.017792833877
ID121,LTCUSDT,1780628460000,2026,SHORT,take_profit,120.57652942,0.018547191303
ID121,LTCUSDT,1780776060000,2026,SHORT,stop_loss,-122.82750628,-0.017588564710
ID121,LTCUSDT,1784469660000,2026,LONG,stop_loss,-124.64284919,-0.019199267082
ID121,LTCUSDT,1787288460000,2026,LONG,take_profit,117.15449048,0.019546952017
ID121,LTCUSDT,1787367660000,2026,LONG,stop_loss,-203.74069563,-0.031528512057
V54,LTCUSDT,1724756460000,2024,SHORT,stop_loss,-69.13003091,-0.017282507729
V54,LTCUSDT,1727481660000,2024,LONG,stop_loss,-67.02159280,-0.017999719356
V54,LTCUSDT,1729195260000,2024,LONG,take_profit,69.41923439,0.020090109647
V54,LTCUSDT,1729216860000,2024,LONG,stop_loss,-61.50553673,-0.016475857520
V54,LTCUSDT,1729281660000,2024,LONG,take_profit,74.99632274,0.021507107552
V54,LTCUSDT,1729335240000,2024,LONG,stop_loss,-63.93619748,-0.016882923273
V54,LTCUSDT,1731783960000,2024,LONG,stop_loss,-59.08849201,-0.016732840447
V54,LTCUSDT,1731785640000,2024,LONG,stop_loss,-65.38477432,-0.019844026580
V54,LTCUSDT,1733169780000,2024,LONG,take_profit,63.49178961,0.020930928644
V54,LTCUSDT,1737050460000,2025,LONG,stop_loss,-53.98129327,-0.016420850110
V54,LTCUSDT,1737086460000,2025,LONG,take_profit,60.67973036,0.019756132455
V54,LTCUSDT,1739635260000,2025,LONG,stop_loss,-54.35844040,-0.016401892346
V54,LTCUSDT,1743944460000,2025,SHORT,take_profit,59.37155448,0.019172382174
V54,LTCUSDT,1745632860000,2025,LONG,stop_loss,-54.42560031,-0.016323391475
V54,LTCUSDT,1746777660000,2025,LONG,take_profit,62.78831710,0.020147018209
V54,LTCUSDT,1746780180000,2025,LONG,take_profit,69.01335399,0.020492969828
V54,LTCUSDT,1746838860000,2025,LONG,stop_loss,-61.28770999,-0.016820123769
V54,LTCUSDT,1746921780000,2025,LONG,stop_loss,-70.10831610,-0.020628814484
V54,LTCUSDT,1747969260000,2025,LONG,stop_loss,-51.01133528,-0.016359596031
V54,LTCUSDT,1750514460000,2025,SHORT,take_profit,59.08579952,0.020275942936
V54,LTCUSDT,1750600860000,2025,SHORT,take_profit,58.22512636,0.018481661043
V54,LTCUSDT,1752167160000,2025,LONG,take_profit,66.53294847,0.019664943994
V54,LTCUSDT,1752202860000,2025,LONG,take_profit,70.92100688,0.019433290944
V54,LTCUSDT,1752804060000,2025,LONG,take_profit,78.91514112,0.020064140041
V54,LTCUSDT,1752812940000,2025,LONG,take_profit,84.59958840,0.019911388704
V54,LTCUSDT,1752821700000,2025,LONG,take_profit,90.97092294,0.019831460551
V54,LTCUSDT,1752832860000,2025,LONG,stop_loss,-92.52856571,-0.018688539133
V54,LTCUSDT,1752991260000,2025,LONG,take_profit,91.05339698,0.019876436894
V54,LTCUSDT,1753002060000,2025,LONG,stop_loss,-81.15908364,-0.016411737317
V54,LTCUSDT,1754352060000,2025,LONG,take_profit,93.90588879,0.020323534632
V54,LTCUSDT,1754373660000,2025,LONG,stop_loss,-87.21279722,-0.017455921559
V54,LTCUSDT,1757754060000,2025,LONG,stop_loss,-88.29366134,-0.018998828204
V54,LTCUSDT,1760104860000,2025,LONG,stop_loss,-97.53270021,-0.022712940485
V54,LTCUSDT,1768896060000,2026,SHORT,take_profit,70.76037159,0.018125021003
V54,LTCUSDT,1769846460000,2026,SHORT,take_profit,78.86000623,0.018834230701
V54,LTCUSDT,1769868180000,2026,SHORT,take_profit,84.31538242,0.018726358567
V54,LTCUSDT,1770289260000,2026,SHORT,take_profit,88.38173803,0.018261598912
V54,LTCUSDT,1773633660000,2026,LONG,take_profit,99.75393283,0.019208249535
V54,LTCUSDT,1779494460000,2026,SHORT,stop_loss,-94.86003804,-0.016962610942
V54,LTCUSDT,1780380060000,2026,SHORT,take_profit,115.25639369,0.022110004763
V54,LTCUSDT,1780520460000,2026,SHORT,stop_loss,-100.95453104,-0.017792833877
V54,LTCUSDT,1780628460000,2026,SHORT,take_profit,97.74497793,0.018547191303
V54,LTCUSDT,1780776060000,2026,SHORT,stop_loss,-99.56972512,-0.017588564710
V54,LTCUSDT,1783800060000,2026,LONG,stop_loss,-86.94649269,-0.016521051176
V54,LTCUSDT,1784469660000,2026,LONG,stop_loss,-94.36409131,-0.019199267082
V54,LTCUSDT,1786287660000,2026,LONG,stop_loss,-76.58028004,-0.016877093763
V54,LTCUSDT,1787288460000,2026,LONG,take_profit,82.70719152,0.019546952017
V54,LTCUSDT,1787367660000,2026,LONG,stop_loss,-143.83418564,-0.031528512057
ID121,NEARUSDT,1724493900000,2024,LONG,take_profit,76.87862321,0.019219655803
ID121,NEARUSDT,1724514660000,2024,LONG,take_profit,82.37872258,0.019124421454
ID121,NEARUSDT,1724529660000,2024,LONG,stop_loss,-76.47453559,-0.016492139530
ID121,NEARUSDT,1725123660000,2024,SHORT,take_profit,78.99883696,0.018239769835
ID121,NEARUSDT,1725170460000,2024,SHORT,stop_loss,-79.97622879,-0.017209823591
ID121,NEARUSDT,1727103660000,2024,LONG,take_profit,80.75147878,0.018661276189
ID121,NEARUSDT,1730712780000,2024,SHORT,stop_loss,-82.86033971,-0.017818555787
ID121,NEARUSDT,1736751660000,2025,SHORT,take_profit,90.07955094,0.020857608167
ID121,NEARUSDT,1740466860000,2025,SHORT,take_profit,85.16071260,0.018200216262
ID121,NEARUSDT,1740596700000,2025,SHORT,stop_loss,-82.60322505,-0.016455654116
ID121,NEARUSDT,1741539660000,2025,SHORT,take_profit,92.78829689,0.019787093284
ID121,NEARUSDT,1741557660000,2025,SHORT,stop_loss,-88.62296082,-0.017512731644
ID121,NEARUSDT,1743926460000,2025,SHORT,take_profit,93.21273502,0.019807228991
ID121,NEARUSDT,1746748860000,2025,LONG,take_profit,112.04577994,0.022061264548
ID121,NEARUSDT,1746777660000,2025,LONG,take_profit,124.58001384,0.022540137944
ID121,NEARUSDT,1746780180000,2025,LONG,stop_loss,-101.46799817,-0.016840183693
ID121,NEARUSDT,1746860460000,2025,LONG,stop_loss,-96.44160720,-0.017162022837
ID121,NEARUSDT,1746910860000,2025,LONG,take_profit,111.10830674,0.021229352898
ID121,NEARUSDT,1747969260000,2025,LONG,stop_loss,-92.96721342,-0.016372815272
ID121,NEARUSDT,1752130860000,2025,LONG,stop_loss,-87.11605351,-0.016417551005
ID121,NEARUSDT,1752167160000,2025,LONG,take_profit,118.34823262,0.023871063006
ID121,NEARUSDT,1752199260000,2025,LONG,take_profit,106.80316634,0.019664729272
ID121,NEARUSDT,1752213360000,2025,LONG,stop_loss,-100.27300559,-0.017116057557
ID121,NEARUSDT,1752242460000,2025,LONG,stop_loss,-106.87422350,-0.019583627597
ID121,NEARUSDT,1757509260000,2025,LONG,stop_loss,-81.32079250,-0.016167707581
ID121,NEARUSDT,1757552460000,2025,LONG,stop_loss,-78.34981046,-0.016654067281
ID121,NEARUSDT,1758207660000,2025,LONG,take_profit,86.89904086,0.019789604776
ID121,NEARUSDT,1760684460000,2025,SHORT,take_profit,87.95949867,0.018561782524
ID121,NEARUSDT,1761930060000,2025,SHORT,stop_loss,-86.24248512,-0.016941583280
ID121,NEARUSDT,1763712060000,2025,SHORT,stop_loss,-94.97678159,-0.020013608423
ID121,NEARUSDT,1763713740000,2025,SHORT,take_profit,80.49393770,0.018437795428
ID121,NEARUSDT,1763758860000,2025,SHORT,stop_loss,-88.17602026,-0.018810167266
ID121,NEARUSDT,1763766060000,2025,SHORT,stop_loss,-77.58668967,-0.017897841778
ID121,NEARUSDT,1763802060000,2025,SHORT,stop_loss,-72.38426515,-0.017985331273
ID121,NEARUSDT,1764954060000,2025,SHORT,stop_loss,-64.08991221,-0.017158863280
ID121,NEARUSDT,1767412860000,2026,LONG,stop_loss,-63.93023755,-0.018377458605
ID121,NEARUSDT,1767578460000,2026,LONG,stop_loss,-53.95708140,-0.016741207193
ID121,NEARUSDT,1768892460000,2026,SHORT,take_profit,59.83705188,0.019898048923
ID121,NEARUSDT,1768924860000,2026,SHORT,take_profit,63.63199421,0.019600001471
ID121,NEARUSDT,1769756460000,2026,SHORT,stop_loss,-66.02542693,-0.018858706706
ID121,NEARUSDT,1769882460000,2026,SHORT,take_profit,73.32983978,0.022653947729
ID121,NEARUSDT,1769885580000,2026,SHORT,stop_loss,-67.70858854,-0.019179405312
ID121,NEARUSDT,1769961660000,2026,SHORT,stop_loss,-54.07456373,-0.016590132470
ID121,NEARUSDT,1770289260000,2026,SHORT,stop_loss,-58.39873120,-0.019190267898
ID121,NEARUSDT,1770321660000,2026,SHORT,take_profit,60.77963373,0.021633241399
ID121,NEARUSDT,1771941660000,2026,SHORT,stop_loss,-60.24201424,-0.019734225878
ID121,NEARUSDT,1772488860000,2026,LONG,take_profit,55.72283415,0.019818209977
ID121,NEARUSDT,1772491860000,2026,LONG,stop_loss,-49.85286843,-0.016428205695
ID121,NEARUSDT,1773302460000,2026,LONG,stop_loss,-48.39852061,-0.017070713700
ID121,NEARUSDT,1773356460000,2026,LONG,take_profit,53.05620451,0.020084992926
ID121,NEARUSDT,1774782060000,2026,SHORT,stop_loss,-74.24542038,-0.026016251976
ID121,NEARUSDT,1775635260000,2026,LONG,take_profit,51.74847452,0.020239329111
ID121,NEARUSDT,1778227260000,2026,LONG,take_profit,55.68129609,0.020146488074
ID121,NEARUSDT,1779289260000,2026,LONG,stop_loss,-57.35460652,-0.019204323032
ID121,NEARUSDT,1779314640000,2026,LONG,stop_loss,-44.05985937,-0.015980344717
ID121,NEARUSDT,1779339660000,2026,LONG,stop_loss,-47.21523669,-0.018294177194
ID121,NEARUSDT,1779436860000,2026,LONG,take_profit,46.33078493,0.019368831857
ID121,NEARUSDT,1779454860000,2026,LONG,stop_loss,-50.78923163,-0.019705981892
ID121,NEARUSDT,1780372860000,2026,LONG,stop_loss,-42.92608306,-0.018080275748
ID121,NEARUSDT,1787349660000,2026,LONG,take_profit,42.50180236,0.019297162687
ID121,NEARUSDT,1787364060000,2026,LONG,take_profit,49.15018920,0.020716650330
V54,NEARUSDT,1724493900000,2024,LONG,take_profit,76.87862321,0.019219655803
V54,NEARUSDT,1724514660000,2024,LONG,take_profit,82.37872258,0.019124421454
V54,NEARUSDT,1724529660000,2024,LONG,stop_loss,-76.47453559,-0.016492139530
V54,NEARUSDT,1725123660000,2024,SHORT,take_profit,78.99883696,0.018239769835
V54,NEARUSDT,1725170460000,2024,SHORT,stop_loss,-79.97622879,-0.017209823591
V54,NEARUSDT,1727103660000,2024,LONG,take_profit,80.75147878,0.018661276189
V54,NEARUSDT,1730712780000,2024,SHORT,stop_loss,-82.86033971,-0.017818555787
V54,NEARUSDT,1736751660000,2025,SHORT,take_profit,90.07955094,0.020857608167
V54,NEARUSDT,1740466860000,2025,SHORT,take_profit,85.16071260,0.018200216262
V54,NEARUSDT,1740596700000,2025,SHORT,stop_loss,-82.60322505,-0.016455654116
V54,NEARUSDT,1741539660000,2025,SHORT,take_profit,92.78829689,0.019787093284
V54,NEARUSDT,1741557660000,2025,SHORT,stop_loss,-88.62296082,-0.017512731644
V54,NEARUSDT,1743926460000,2025,SHORT,take_profit,93.21273502,0.019807228991
V54,NEARUSDT,1745629260000,2025,LONG,stop_loss,-84.43774564,-0.016625377996
V54,NEARUSDT,1746748860000,2025,LONG,take_profit,104.59456617,0.022061264548
V54,NEARUSDT,1746777660000,2025,LONG,take_profit,116.29525456,0.022540137944
V54,NEARUSDT,1746780180000,2025,LONG,stop_loss,-94.72022288,-0.016840183693
V54,NEARUSDT,1746860460000,2025,LONG,stop_loss,-90.02809450,-0.017162022837
V54,NEARUSDT,1746910860000,2025,LONG,take_profit,103.71943635,0.021229352898
V54,NEARUSDT,1747969260000,2025,LONG,stop_loss,-86.78475316,-0.016372815272
V54,NEARUSDT,1752091260000,2025,LONG,take_profit,93.52665030,0.018881302166
V54,NEARUSDT,1752132000000,2025,LONG,stop_loss,-96.22237814,-0.018061426771
V54,NEARUSDT,1752167160000,2025,LONG,take_profit,117.98553424,0.023871063006
V54,NEARUSDT,1752199260000,2025,LONG,take_profit,106.47584979,0.019664729272
V54,NEARUSDT,1752213360000,2025,LONG,stop_loss,-99.96570183,-0.017116057557
V54,NEARUSDT,1752242460000,2025,LONG,stop_loss,-106.54668918,-0.019583627597
V54,NEARUSDT,1755126060000,2025,LONG,stop_loss,-84.21227730,-0.016794043298
V54,NEARUSDT,1757509260000,2025,LONG,stop_loss,-75.62549314,-0.016167707581
V54,NEARUSDT,1757552460000,2025,LONG,stop_loss,-72.86258374,-0.016654067281
V54,NEARUSDT,1758207660000,2025,LONG,take_profit,80.81306903,0.019789604776
V54,NEARUSDT,1760684460000,2025,SHORT,take_profit,81.79925771,0.018561782524
V54,NEARUSDT,1761930060000,2025,SHORT,stop_loss,-80.20249516,-0.016941583280
V54,NEARUSDT,1762603260000,2025,LONG,stop_loss,-86.02926683,-0.019493398177
V54,NEARUSDT,1762604820000,2025,LONG,stop_loss,-95.16037988,-0.023385902765
V54,NEARUSDT,1763712060000,2025,SHORT,stop_loss,-73.82005087,-0.020013608423
V54,NEARUSDT,1763713740000,2025,SHORT,take_profit,62.56335998,0.018437795428
V54,NEARUSDT,1763758860000,2025,SHORT,stop_loss,-68.53420585,-0.018810167266
V54,NEARUSDT,1763766060000,2025,SHORT,stop_loss,-60.30372142,-0.017897841778
V54,NEARUSDT,1763802060000,2025,SHORT,stop_loss,-56.26017271,-0.017985331273
V54,NEARUSDT,1764954060000,2025,SHORT,stop_loss,-49.81344388,-0.017158863280
V54,NEARUSDT,1767412860000,2026,LONG,stop_loss,-49.68933785,-0.018377458605
V54,NEARUSDT,1767578460000,2026,LONG,stop_loss,-41.93777076,-0.016741207193
V54,NEARUSDT,1768892460000,2026,SHORT,take_profit,46.50793741,0.019898048923
V54,NEARUSDT,1768924860000,2026,SHORT,take_profit,49.45753026,0.019600001471
V54,NEARUSDT,1769756460000,2026,SHORT,stop_loss,-51.31780939,-0.018858706706
V54,NEARUSDT,1769882460000,2026,SHORT,take_profit,56.99511409,0.022653947729
V54,NEARUSDT,1769885580000,2026,SHORT,stop_loss,-52.62603519,-0.019179405312
V54,NEARUSDT,1769961660000,2026,SHORT,stop_loss,-42.02908309,-0.016590132470
V54,NEARUSDT,1770289260000,2026,SHORT,stop_loss,-45.39001254,-0.019190267898
V54,NEARUSDT,1770321660000,2026,SHORT,take_profit,47.24055268,0.021633241399
V54,NEARUSDT,1771941660000,2026,SHORT,stop_loss,-46.82269162,-0.019734225878
V54,NEARUSDT,1772488860000,2026,LONG,take_profit,43.31018995,0.019818209977
V54,NEARUSDT,1772491860000,2026,LONG,stop_loss,-38.74779943,-0.016428205695
V54,NEARUSDT,1773302460000,2026,LONG,stop_loss,-37.61741758,-0.017070713700
V54,NEARUSDT,1773356460000,2026,LONG,take_profit,41.23757039,0.020084992926
V54,NEARUSDT,1774782060000,2026,SHORT,stop_loss,-57.70674283,-0.026016251976
V54,NEARUSDT,1775635260000,2026,LONG,take_profit,40.22114623,0.020239329111
V54,NEARUSDT,1778227260000,2026,LONG,take_profit,43.27790478,0.020146488074
V54,NEARUSDT,1779289260000,2026,LONG,stop_loss,-44.57847381,-0.019204323032
V54,NEARUSDT,1779314640000,2026,LONG,stop_loss,-34.24522294,-0.015980344717
V54,NEARUSDT,1779339660000,2026,LONG,stop_loss,-36.69771828,-0.018294177194
V54,NEARUSDT,1779379260000,2026,LONG,stop_loss,-35.59929095,-0.019147771128
V54,NEARUSDT,1779386460000,2026,LONG,stop_loss,-35.72334948,-0.020808222772
V54,NEARUSDT,1779436860000,2026,LONG,take_profit,30.48453931,0.019368831857
V54,NEARUSDT,1779454860000,2026,LONG,stop_loss,-33.41808973,-0.019705981892
V54,NEARUSDT,1780372860000,2026,LONG,stop_loss,-28.24432758,-0.018080275748
V54,NEARUSDT,1787349660000,2026,LONG,take_profit,27.96516111,0.019297162687
V54,NEARUSDT,1787364060000,2026,LONG,take_profit,32.33963934,0.020716650330
ID121,SOLUSDT,1730995260000,2024,LONG,take_profit,75.93341320,0.018983353301
ID121,SOLUSDT,1731027660000,2024,LONG,stop_loss,-70.68199169,-0.016423412180
ID121,SOLUSDT,1731060060000,2024,LONG,stop_loss,-74.09796270,-0.018427718956
ID121,SOLUSDT,1731927660000,2024,LONG,stop_loss,-64.86021973,-0.017413944802
ID121,SOLUSDT,1737190860000,2025,LONG,take_profit,66.36302050,0.019151430920
ID121,SOLUSDT,1737198060000,2025,LONG,stop_loss,-61.16772525,-0.016396106450
ID121,SOLUSDT,1737284460000,2025,LONG,take_profit,76.24013448,0.021870664811
ID121,SOLUSDT,1737287760000,2025,LONG,stop_loss,-80.49798571,-0.021234449363
ID121,SOLUSDT,1739808060000,2025,SHORT,take_profit,64.26958340,0.018527245591
ID121,SOLUSDT,1739858460000,2025,SHORT,take_profit,91.69184933,0.024608648176
ID121,SOLUSDT,1739898060000,2025,SHORT,stop_loss,-69.90126261,-0.017079212577
ID121,SOLUSDT,1740412860000,2025,SHORT,stop_loss,-67.01055212,-0.017573480301
ID121,SOLUSDT,1740427260000,2025,SHORT,stop_loss,-64.55814650,-0.018210420118
ID121,SOLUSDT,1743249660000,2025,SHORT,stop_loss,-60.70856014,-0.018469917051
ID121,SOLUSDT,1746777660000,2025,LONG,take_profit,59.01142685,0.019385799175
ID121,SOLUSDT,1746780240000,2025,LONG,take_profit,62.87110752,0.019167435714
ID121,SOLUSDT,1746914460000,2025,LONG,take_profit,77.06375854,0.021821298120
ID121,SOLUSDT,1747990860000,2025,LONG,stop_loss,-71.36082968,-0.018584325923
ID121,SOLUSDT,1752170760000,2025,LONG,stop_loss,-58.11536625,-0.016350277932
ID121,SOLUSDT,1753110060000,2025,LONG,take_profit,64.06456044,0.019285315624
ID121,SOLUSDT,1753149660000,2025,LONG,stop_loss,-60.99141898,-0.017045312775
ID121,SOLUSDT,1753229160000,2025,LONG,stop_loss,-55.63868545,-0.016687130156
ID121,SOLUSDT,1755079260000,2025,LONG,stop_loss,-52.52690299,-0.016880600859
ID121,SOLUSDT,1755997260000,2025,LONG,take_profit,60.52140217,0.020858192951
ID121,SOLUSDT,1757638860000,2025,LONG,take_profit,63.26673777,0.020125244850
ID121,SOLUSDT,1757655060000,2025,LONG,take_profit,64.81361107,0.019081248398
ID121,SOLUSDT,1763712060000,2025,SHORT,stop_loss,-61.74503892,-0.016888816223
ID121,SOLUSDT,1763714100000,2025,SHORT,take_profit,62.36907198,0.018295459526
ID121,SOLUSDT,1764604860000,2025,SHORT,stop_loss,-65.58557462,-0.017927059242
ID121,SOLUSDT,1769158860000,2026,SHORT,stop_loss,-72.05720817,-0.021217473108
ID121,SOLUSDT,1769356860000,2026,SHORT,take_profit,57.60686998,0.018535643330
ID121,SOLUSDT,1770303480000,2026,SHORT,take_profit,64.78465366,0.019406338235
ID121,SOLUSDT,1773694860000,2026,LONG,stop_loss,-59.34621915,-0.016496686102
ID121,SOLUSDT,1778040060000,2026,LONG,take_profit,64.16508337,0.019096306553
ID121,SOLUSDT,1778068860000,2026,LONG,stop_loss,-62.25104037,-0.017211927205
ID121,SOLUSDT,1780394460000,2026,SHORT,take_profit,82.43421343,0.024477647078
ID121,SOLUSDT,1780412460000,2026,SHORT,take_profit,69.26846242,0.018734009862
ID121,SOLUSDT,1782986460000,2026,LONG,take_profit,78.44793526,0.019737588517
ID121,SOLUSDT,1787173260000,2026,LONG,take_profit,103.36959454,0.024104821739
ID121,SOLUSDT,1787216460000,2026,LONG,stop_loss,-78.63695141,-0.016724806940
ID121,SOLUSDT,1787274060000,2026,LONG,take_profit,83.16720840,0.018956494101
ID121,SOLUSDT,1787292060000,2026,LONG,take_profit,91.78679272,0.019446617153
ID121,SOLUSDT,1787349660000,2026,LONG,take_profit,105.22047146,0.020683850314
ID121,SOLUSDT,1787367900000,2026,LONG,take_profit,119.59405491,0.021712928246
ID121,SOLUSDT,1787850060000,2026,LONG,stop_loss,-101.54204021,-0.016962286601
V54,SOLUSDT,1727449260000,2024,LONG,stop_loss,-71.85795275,-0.017964488187
V54,SOLUSDT,1729458180000,2024,LONG,take_profit,74.25868813,0.020001972852
V54,SOLUSDT,1730995260000,2024,LONG,take_profit,76.11570923,0.018983353301
V54,SOLUSDT,1731027660000,2024,LONG,stop_loss,-70.85168045,-0.016423412180
V54,SOLUSDT,1731060060000,2024,LONG,stop_loss,-74.27585230,-0.018427718956
V54,SOLUSDT,1731902460000,2024,LONG,stop_loss,-62.14255604,-0.016644336366
V54,SOLUSDT,1731927660000,2024,LONG,stop_loss,-60.68734380,-0.017413944802
V54,SOLUSDT,1737190860000,2025,LONG,take_profit,62.09345970,0.019151430920
V54,SOLUSDT,1737198060000,2025,LONG,stop_loss,-57.23241128,-0.016396106450
V54,SOLUSDT,1737284460000,2025,LONG,take_profit,71.33511529,0.021870664811
V54,SOLUSDT,1737287760000,2025,LONG,stop_loss,-75.31903151,-0.021234449363
V54,SOLUSDT,1739808060000,2025,SHORT,take_profit,60.13470690,0.018527245591
V54,SOLUSDT,1739858460000,2025,SHORT,take_profit,85.79272174,0.024608648176
V54,SOLUSDT,1739898060000,2025,SHORT,stop_loss,-65.40406390,-0.017079212577
V54,SOLUSDT,1740412860000,2025,SHORT,stop_loss,-62.69933144,-0.017573480301
V54,SOLUSDT,1740427260000,2025,SHORT,stop_loss,-60.40470488,-0.018210420118
V54,SOLUSDT,1743249660000,2025,SHORT,stop_loss,-56.80278722,-0.018469917051
V54,SOLUSDT,1746777660000,2025,LONG,take_profit,55.21484145,0.019385799175
V54,SOLUSDT,1746780240000,2025,LONG,take_profit,58.82620399,0.019167435714
V54,SOLUSDT,1746914460000,2025,LONG,take_profit,72.10575031,0.021821298120
V54,SOLUSDT,1747990860000,2025,LONG,stop_loss,-66.76972761,-0.018584325923
V54,SOLUSDT,1752091380000,2025,LONG,take_profit,66.21738472,0.019910697337
V54,SOLUSDT,1752170760000,2025,LONG,stop_loss,-58.70712078,-0.016350277932
V54,SOLUSDT,1753110060000,2025,LONG,take_profit,64.71689211,0.019285315624
V54,SOLUSDT,1753149660000,2025,LONG,stop_loss,-61.61245866,-0.017045312775
V54,SOLUSDT,1753229160000,2025,LONG,stop_loss,-56.20522140,-0.016687130156
V54,SOLUSDT,1754719260000,2025,LONG,take_profit,59.42991668,0.018906512439
V54,SOLUSDT,1755079260000,2025,LONG,stop_loss,-57.07460430,-0.016880600859
V54,SOLUSDT,1755997260000,2025,LONG,take_profit,65.76125535,0.020858192951
V54,SOLUSDT,1757638860000,2025,LONG,take_profit,68.74427805,0.020125244850
V54,SOLUSDT,1757655060000,2025,LONG,take_profit,70.42507734,0.019081248398
V54,SOLUSDT,1763712060000,2025,SHORT,stop_loss,-67.09083276,-0.016888816223
V54,SOLUSDT,1763714100000,2025,SHORT,take_profit,67.76889368,0.018295459526
V54,SOLUSDT,1764604860000,2025,SHORT,stop_loss,-71.26387634,-0.017927059242
V54,SOLUSDT,1769158860000,2026,SHORT,stop_loss,-78.29581432,-0.021217473108
V54,SOLUSDT,1769356860000,2026,SHORT,take_profit,62.59438730,0.018535643330
V54,SOLUSDT,1770303480000,2026,SHORT,take_profit,70.39361284,0.019406338235
V54,SOLUSDT,1773694860000,2026,LONG,stop_loss,-64.48432674,-0.016496686102
V54,SOLUSDT,1778040060000,2026,LONG,take_profit,69.72040107,0.019096306553
V54,SOLUSDT,1778068860000,2026,LONG,stop_loss,-67.64064307,-0.017211927205
V54,SOLUSDT,1780394460000,2026,SHORT,take_profit,89.57124530,0.024477647078
V54,SOLUSDT,1780412460000,2026,SHORT,take_profit,75.26562311,0.018734009862
V54,SOLUSDT,1782986460000,2026,LONG,take_profit,85.23984108,0.019737588517
V54,SOLUSDT,1783142220000,2026,LONG,stop_loss,-93.98685835,-0.020170521665
V54,SOLUSDT,1787173260000,2026,LONG,take_profit,103.25703477,0.024104821739
V54,SOLUSDT,1787216460000,2026,LONG,stop_loss,-78.55132317,-0.016724806940
V54,SOLUSDT,1787274060000,2026,LONG,take_profit,83.07664713,0.018956494101
V54,SOLUSDT,1787292060000,2026,LONG,take_profit,91.68684554,0.019446617153
V54,SOLUSDT,1787349660000,2026,LONG,take_profit,105.10589626,0.020683850314
V54,SOLUSDT,1787367900000,2026,LONG,take_profit,119.46382823,0.021712928246
V54,SOLUSDT,1787850060000,2026,LONG,stop_loss,-101.43147048,-0.016962286601
ID121,UNIUSDT,1724745660000,2024,SHORT,take_profit,74.48771490,0.018621928725
ID121,UNIUSDT,1724770860000,2024,SHORT,take_profit,78.88048449,0.018353044756
ID121,UNIUSDT,1728576120000,2024,LONG,stop_loss,-74.17319469,-0.016077518595
ID121,UNIUSDT,1728576900000,2024,LONG,stop_loss,-80.34647046,-0.018612593209
ID121,UNIUSDT,1732431660000,2024,LONG,stop_loss,-70.36001038,-0.017610280229
ID121,UNIUSDT,1740409260000,2025,SHORT,take_profit,75.59444253,0.020354167174
ID121,UNIUSDT,1740427260000,2025,SHORT,stop_loss,-68.95176357,-0.017167845159
ID121,UNIUSDT,1740466860000,2025,SHORT,take_profit,70.98360380,0.018976910294
ID121,UNIUSDT,1740467820000,2025,SHORT,take_profit,82.88416476,0.020595106098
ID121,UNIUSDT,1740469740000,2025,SHORT,stop_loss,-77.52630445,-0.017797607364
ID121,UNIUSDT,1740708060000,2025,SHORT,take_profit,86.01010481,0.021258632987
ID121,UNIUSDT,1740727740000,2025,SHORT,stop_loss,-80.86869042,-0.018421403166
ID121,UNIUSDT,1741420860000,2025,SHORT,stop_loss,-71.36821870,-0.017550469743
ID121,UNIUSDT,1743264120000,2025,SHORT,take_profit,70.21631788,0.018570913839
ID121,UNIUSDT,1743343260000,2025,SHORT,stop_loss,-72.55769043,-0.017863218302
ID121,UNIUSDT,1745960460000,2025,SHORT,stop_loss,-68.42245348,-0.018141406209
ID121,UNIUSDT,1746018120000,2025,SHORT,take_profit,66.79414062,0.019095343823
ID121,UNIUSDT,1746270060000,2025,SHORT,stop_loss,-63.56085150,-0.016881562776
ID121,UNIUSDT,1746403260000,2025,SHORT,stop_loss,-59.32547682,-0.016897698799
ID121,UNIUSDT,1746619260000,2025,SHORT,take_profit,61.01254958,0.018637984595
ID121,UNIUSDT,1746774060000,2025,LONG,take_profit,68.34269003,0.019428730849
ID121,UNIUSDT,1746896460000,2025,LONG,stop_loss,-62.29481910,-0.016432377191
ID121,UNIUSDT,1746918060000,2025,LONG,take_profit,92.13418717,0.026013371488
ID121,UNIUSDT,1749596460000,2025,LONG,take_profit,78.18898574,0.019995455434
ID121,UNIUSDT,1751997660000,2025,LONG,stop_loss,-68.77462082,-0.016285364375
ID121,UNIUSDT,1754676060000,2025,LONG,take_profit,79.68640271,0.020184016682
ID121,UNIUSDT,1758686460000,2025,SHORT,stop_loss,-74.31162448,-0.017416483980
ID121,UNIUSDT,1758823260000,2025,SHORT,stop_loss,-69.31265224,-0.017461330153
ID121,UNIUSDT,1760684460000,2025,SHORT,take_profit,67.74297438,0.018347373097
ID121,UNIUSDT,1760774460000,2025,SHORT,take_profit,77.73031947,0.019612942015
ID121,UNIUSDT,1760792580000,2025,SHORT,stop_loss,-71.70901776,-0.016777426260
ID121,UNIUSDT,1761170460000,2025,SHORT,stop_loss,-78.62644495,-0.019719215336
ID121,UNIUSDT,1761930060000,2025,SHORT,stop_loss,-62.91282954,-0.017129414405
ID121,UNIUSDT,1762236060000,2025,SHORT,stop_loss,-66.40962713,-0.019411527573
ID121,UNIUSDT,1762768860000,2025,LONG,take_profit,61.34261879,0.019439871969
ID121,UNIUSDT,1769850060000,2026,SHORT,take_profit,68.26676829,0.020073290838
ID121,UNIUSDT,1769868060000,2026,SHORT,take_profit,95.82756657,0.026083031457
ID121,UNIUSDT,1769950860000,2026,SHORT,take_profit,81.66753460,0.020128774948
ID121,UNIUSDT,1770289260000,2026,SHORT,take_profit,106.26279391,0.024239200386
ID121,UNIUSDT,1780045260000,2026,SHORT,stop_loss,-88.41856715,-0.018386158772
ID121,UNIUSDT,1781658060000,2026,LONG,stop_loss,-81.70650153,-0.018339168814
ID121,UNIUSDT,1781659800000,2026,LONG,take_profit,80.33323808,0.019458336257
ID121,UNIUSDT,1783083660000,2026,LONG,stop_loss,-73.08313570,-0.016423888532
ID121,UNIUSDT,1783688460000,2026,LONG,stop_loss,-68.32602890,-0.016434503220
ID121,UNIUSDT,1787360460000,2026,LONG,take_profit,79.19401809,0.020388914287
ID121,UNIUSDT,1788091260000,2026,LONG,take_profit,87.04744457,0.020720912396
V54,UNIUSDT,1724745660000,2024,SHORT,take_profit,74.48771490,0.018621928725
V54,UNIUSDT,1724770860000,2024,SHORT,take_profit,78.88048449,0.018353044756
V54,UNIUSDT,1727431260000,2024,LONG,take_profit,91.70680851,0.019878042536
V54,UNIUSDT,1728576120000,2024,LONG,stop_loss,-80.07086637,-0.016077518595
V54,UNIUSDT,1728576900000,2024,LONG,stop_loss,-86.73499269,-0.018612593209
V54,UNIUSDT,1732431660000,2024,LONG,stop_loss,-75.95448749,-0.017610280229
V54,UNIUSDT,1733205660000,2024,LONG,stop_loss,-74.52832957,-0.018589055024
V54,UNIUSDT,1740409260000,2025,SHORT,take_profit,75.53727239,0.020354167174
V54,UNIUSDT,1740427260000,2025,SHORT,stop_loss,-68.89961712,-0.017167845159
V54,UNIUSDT,1740466860000,2025,SHORT,take_profit,70.92992071,0.018976910294
V54,UNIUSDT,1740467820000,2025,SHORT,take_profit,82.82148159,0.020595106098
V54,UNIUSDT,1740469740000,2025,SHORT,stop_loss,-77.46767329,-0.017797607364
V54,UNIUSDT,1740708060000,2025,SHORT,take_profit,85.94505757,0.021258632987
V54,UNIUSDT,1740727740000,2025,SHORT,stop_loss,-80.80753150,-0.018421403166
V54,UNIUSDT,1741420860000,2025,SHORT,stop_loss,-71.31424474,-0.017550469743
V54,UNIUSDT,1743264120000,2025,SHORT,take_profit,70.16321508,0.018570913839
V54,UNIUSDT,1743343260000,2025,SHORT,stop_loss,-72.50281691,-0.017863218302
V54,UNIUSDT,1745960460000,2025,SHORT,stop_loss,-68.37070734,-0.018141406209
V54,UNIUSDT,1746018120000,2025,SHORT,take_profit,66.74362592,0.019095343823
V54,UNIUSDT,1746270060000,2025,SHORT,stop_loss,-63.51278205,-0.016881562776
V54,UNIUSDT,1746403260000,2025,SHORT,stop_loss,-59.28061048,-0.016897698799
V54,UNIUSDT,1746619260000,2025,SHORT,take_profit,60.96640736,0.018637984595
V54,UNIUSDT,1746774060000,2025,LONG,take_profit,68.29100421,0.019428730849
V54,UNIUSDT,1746896460000,2025,LONG,stop_loss,-62.24770712,-0.016432377191
V54,UNIUSDT,1746918060000,2025,LONG,take_profit,92.06450844,0.026013371488
V54,UNIUSDT,1749027660000,2025,LONG,stop_loss,-64.12150226,-0.016410355132
V54,UNIUSDT,1749596460000,2025,LONG,take_profit,73.00129885,0.019995455434
V54,UNIUSDT,1751997660000,2025,LONG,stop_loss,-64.21155870,-0.016285364375
V54,UNIUSDT,1754676060000,2025,LONG,take_profit,74.39936512,0.020184016682
V54,UNIUSDT,1758686460000,2025,SHORT,stop_loss,-69.38119295,-0.017416483980
V54,UNIUSDT,1758823260000,2025,SHORT,stop_loss,-64.71389278,-0.017461330153
V54,UNIUSDT,1760684460000,2025,SHORT,take_profit,63.24835999,0.018347373097
V54,UNIUSDT,1760774460000,2025,SHORT,take_profit,72.57306419,0.019612942015
V54,UNIUSDT,1760792580000,2025,SHORT,stop_loss,-66.95126412,-0.016777426260
V54,UNIUSDT,1761170460000,2025,SHORT,stop_loss,-73.40973349,-0.019719215336
V54,UNIUSDT,1761930060000,2025,SHORT,stop_loss,-58.73868586,-0.017129414405
V54,UNIUSDT,1762236060000,2025,SHORT,stop_loss,-62.00347774,-0.019411527573
V54,UNIUSDT,1762768860000,2025,LONG,take_profit,57.27265553,0.019439871969
V54,UNIUSDT,1769850060000,2026,SHORT,take_profit,63.73740120,0.020073290838
V54,UNIUSDT,1769868060000,2026,SHORT,take_profit,89.46959420,0.026083031457
V54,UNIUSDT,1769950860000,2026,SHORT,take_profit,76.24905277,0.020128774948
V54,UNIUSDT,1770289260000,2026,SHORT,take_profit,99.21246454,0.024239200386
V54,UNIUSDT,1780045260000,2026,SHORT,stop_loss,-82.55216746,-0.018386158772
V54,UNIUSDT,1781658060000,2026,LONG,stop_loss,-76.28543432,-0.018339168814
V54,UNIUSDT,1781659800000,2026,LONG,take_profit,75.00328422,0.019458336257
V54,UNIUSDT,1783083660000,2026,LONG,stop_loss,-68.23421201,-0.016423888532
V54,UNIUSDT,1783688460000,2026,LONG,stop_loss,-63.79272998,-0.016434503220
V54,UNIUSDT,1787360460000,2026,LONG,take_profit,73.93964926,0.020388914287
V54,UNIUSDT,1788091260000,2026,LONG,take_profit,81.27201619,0.020720912396
ID121,XRPUSDT,1731675660000,2024,LONG,take_profit,80.28715546,0.020071788865
ID121,XRPUSDT,1731708060000,2024,LONG,stop_loss,-73.47079926,-0.017002608724
ID121,XRPUSDT,1731733260000,2024,LONG,take_profit,118.75263056,0.029487162636
ID121,XRPUSDT,1731734100000,2024,LONG,take_profit,93.73608716,0.020819711688
ID121,XRPUSDT,1731747840000,2024,LONG,take_profit,113.76262760,0.023325300212
ID121,XRPUSDT,1731765660000,2024,LONG,take_profit,105.92386456,0.019864682124
ID121,XRPUSDT,1731766800000,2024,LONG,take_profit,116.05306639,0.020162221434
ID121,XRPUSDT,1731767700000,2024,LONG,take_profit,137.58915437,0.022119807929
ID121,XRPUSDT,1732924860000,2024,LONG,take_profit,151.41687883,0.022364093167
ID121,XRPUSDT,1732926720000,2024,LONG,stop_loss,-125.63042324,-0.017031856225
ID121,XRPUSDT,1732927980000,2024,LONG,stop_loss,-114.57702194,-0.016668946733
ID121,XRPUSDT,1732946460000,2024,LONG,take_profit,125.06533457,0.019494632171
ID121,XRPUSDT,1733079660000,2024,LONG,take_profit,150.74450743,0.021797640337
ID121,XRPUSDT,1733151660000,2024,LONG,take_profit,218.01164083,0.028996260690
ID121,XRPUSDT,1733154120000,2024,LONG,take_profit,173.11904477,0.020632354220
ID121,XRPUSDT,1735873260000,2025,LONG,stop_loss,-165.45453525,-0.018215575943
ID121,XRPUSDT,1735959660000,2025,LONG,stop_loss,-143.18649466,-0.017002862757
ID121,XRPUSDT,1736956860000,2025,LONG,stop_loss,-134.76406680,-0.017170523015
ID121,XRPUSDT,1736978640000,2025,LONG,take_profit,142.75726914,0.019530335028
ID121,XRPUSDT,1741539720000,2025,SHORT,take_profit,144.69758511,0.018361370858
ID121,XRPUSDT,1745395260000,2025,LONG,stop_loss,-139.45583106,-0.016485438533
ID121,XRPUSDT,1746777660000,2025,LONG,take_profit,151.33883446,0.019153151877
ID121,XRPUSDT,1746780300000,2025,LONG,take_profit,170.99619024,0.020100961918
ID121,XRPUSDT,1746860460000,2025,LONG,take_profit,172.87282340,0.018809229658
ID121,XRPUSDT,1746921780000,2025,LONG,stop_loss,-161.03307060,-0.016295030988
ID121,XRPUSDT,1751529660000,2025,LONG,stop_loss,-150.34780716,-0.016274560794
ID121,XRPUSDT,1752058860000,2025,LONG,take_profit,164.43099490,0.019038375460
ID121,XRPUSDT,1752112860000,2025,LONG,take_profit,178.22327923,0.019175045796
ID121,XRPUSDT,1752167100000,2025,LONG,take_profit,220.22307578,0.022005944670
ID121,XRPUSDT,1752184860000,2025,LONG,take_profit,209.85238086,0.019273150227
ID121,XRPUSDT,1752228060000,2025,LONG,take_profit,259.52294764,0.022128986736
ID121,XRPUSDT,1752238920000,2025,LONG,take_profit,246.46362788,0.019306511329
ID121,XRPUSDT,1752775260000,2025,LONG,take_profit,268.75427201,0.019543371985
ID121,XRPUSDT,1760644860000,2025,SHORT,stop_loss,-464.96660988,-0.031360085648
ID121,XRPUSDT,1762243260000,2025,SHORT,stop_loss,-237.57605361,-0.018321823608
ID121,XRPUSDT,1763654460000,2025,SHORT,take_profit,242.23451445,0.020158440884
ID121,XRPUSDT,1763712060000,2025,SHORT,stop_loss,-252.57007723,-0.019450209377
ID121,XRPUSDT,1764928860000,2025,SHORT,stop_loss,-221.00163241,-0.018454961428
ID121,XRPUSDT,1767488460000,2026,LONG,take_profit,235.38644545,0.021222846848
ID121,XRPUSDT,1767528120000,2026,LONG,take_profit,227.65335802,0.018919514544
ID121,XRPUSDT,1768892460000,2026,SHORT,take_profit,236.31170341,0.018257396556
ID121,XRPUSDT,1768946460000,2026,SHORT,stop_loss,-250.28402352,-0.018020840764
ID121,XRPUSDT,1769180460000,2026,SHORT,stop_loss,-216.60302136,-0.016807281345
ID121,XRPUSDT,1769328060000,2026,SHORT,take_profit,220.98659056,0.018383318192
ID121,XRPUSDT,1770285660000,2026,SHORT,take_profit,234.09193953,0.018139651259
ID121,XRPUSDT,1773684060000,2026,LONG,take_profit,263.08975507,0.019007516604
ID121,XRPUSDT,1773702060000,2026,LONG,take_profit,297.96882388,0.020006349991
ID121,XRPUSDT,1776333660000,2026,LONG,stop_loss,-280.44077034,-0.017434288062
ID121,XRPUSDT,1778512320000,2026,LONG,stop_loss,-248.91555115,-0.016634487291
ID121,XRPUSDT,1780380060000,2026,SHORT,take_profit,260.05098873,0.018617408663
ID121,XRPUSDT,1780516860000,2026,SHORT,stop_loss,-261.79665832,-0.017443381321
ID121,XRPUSDT,1782298920000,2026,SHORT,take_profit,264.37761242,0.018936624027
ID121,XRPUSDT,1787227260000,2026,LONG,take_profit,284.67957825,0.018955020307
ID121,XRPUSDT,1787234460000,2026,LONG,take_profit,309.24253623,0.019139364797
ID121,XRPUSDT,1787237280000,2026,LONG,take_profit,359.18705833,0.020649605532
ID121,XRPUSDT,1787353260000,2026,LONG,take_profit,382.95632433,0.020336346623
ID121,XRPUSDT,1787355780000,2026,LONG,stop_loss,-373.95018827,-0.018364242292
ID121,XRPUSDT,1787367660000,2026,LONG,take_profit,508.54986295,0.026954247118
ID121,XRPUSDT,1787370240000,2026,LONG,take_profit,396.18149603,0.018954827257
V54,XRPUSDT,1731675660000,2024,LONG,take_profit,80.28715546,0.020071788865
V54,XRPUSDT,1731708060000,2024,LONG,stop_loss,-73.47079926,-0.017002608724
V54,XRPUSDT,1731733260000,2024,LONG,take_profit,118.75263056,0.029487162636
V54,XRPUSDT,1731734100000,2024,LONG,take_profit,93.73608716,0.020819711688
V54,XRPUSDT,1731747840000,2024,LONG,take_profit,113.76262760,0.023325300212
V54,XRPUSDT,1731765660000,2024,LONG,take_profit,105.92386456,0.019864682124
V54,XRPUSDT,1731766800000,2024,LONG,take_profit,116.05306639,0.020162221434
V54,XRPUSDT,1731767700000,2024,LONG,take_profit,137.58915437,0.022119807929
V54,XRPUSDT,1732924860000,2024,LONG,take_profit,151.41687883,0.022364093167
V54,XRPUSDT,1732926720000,2024,LONG,stop_loss,-125.63042324,-0.017031856225
V54,XRPUSDT,1732927980000,2024,LONG,stop_loss,-114.57702194,-0.016668946733
V54,XRPUSDT,1732946460000,2024,LONG,take_profit,125.06533457,0.019494632171
V54,XRPUSDT,1733079660000,2024,LONG,take_profit,150.74450743,0.021797640337
V54,XRPUSDT,1733151660000,2024,LONG,take_profit,218.01164083,0.028996260690
V54,XRPUSDT,1733154120000,2024,LONG,take_profit,173.11904477,0.020632354220
V54,XRPUSDT,1735873260000,2025,LONG,stop_loss,-165.45453525,-0.018215575943
V54,XRPUSDT,1735959660000,2025,LONG,stop_loss,-143.18649466,-0.017002862757
V54,XRPUSDT,1736956860000,2025,LONG,stop_loss,-134.76406680,-0.017170523015
V54,XRPUSDT,1736978640000,2025,LONG,take_profit,142.75726914,0.019530335028
V54,XRPUSDT,1741539720000,2025,SHORT,take_profit,144.69758511,0.018361370858
V54,XRPUSDT,1745395260000,2025,LONG,stop_loss,-139.45583106,-0.016485438533
V54,XRPUSDT,1745827260000,2025,LONG,stop_loss,-143.28233854,-0.018133537245
V54,XRPUSDT,1746777660000,2025,LONG,take_profit,140.36160090,0.019153151877
V54,XRPUSDT,1746780300000,2025,LONG,take_profit,158.59312710,0.020100961918
V54,XRPUSDT,1746860460000,2025,LONG,take_profit,160.33364027,0.018809229658
V54,XRPUSDT,1746921780000,2025,LONG,stop_loss,-149.35267387,-0.016295030988
V54,XRPUSDT,1751529660000,2025,LONG,stop_loss,-139.44245691,-0.016274560794
V54,XRPUSDT,1752040860000,2025,LONG,take_profit,152.19405810,0.018999666247
V54,XRPUSDT,1752112860000,2025,LONG,take_profit,165.27222257,0.019175045796
V54,XRPUSDT,1752167100000,2025,LONG,take_profit,204.21999501,0.022005944670
V54,XRPUSDT,1752184860000,2025,LONG,take_profit,194.60291353,0.019273150227
V54,XRPUSDT,1752228060000,2025,LONG,take_profit,240.66403979,0.022128986736
V54,XRPUSDT,1752238920000,2025,LONG,take_profit,228.55370936,0.019306511329
V54,XRPUSDT,1752775260000,2025,LONG,take_profit,249.22454605,0.019543371985
V54,XRPUSDT,1760644860000,2025,SHORT,stop_loss,-431.17860566,-0.031360085648
V54,XRPUSDT,1762243260000,2025,SHORT,stop_loss,-220.31197372,-0.018321823608
V54,XRPUSDT,1763654460000,2025,SHORT,take_profit,224.63191542,0.020158440884
V54,XRPUSDT,1763712060000,2025,SHORT,stop_loss,-234.21641774,-0.019450209377
V54,XRPUSDT,1764928860000,2025,SHORT,stop_loss,-204.94197581,-0.018454961428
V54,XRPUSDT,1767488460000,2026,LONG,take_profit,218.28147911,0.021222846848
V54,XRPUSDT,1767528120000,2026,LONG,take_profit,211.11033653,0.018919514544
V54,XRPUSDT,1767628860000,2026,LONG,take_profit,229.43607435,0.019115245669
V54,XRPUSDT,1768892460000,2026,SHORT,take_profit,235.89512238,0.018257396556
V54,XRPUSDT,1768946460000,2026,SHORT,stop_loss,-249.84281145,-0.018020840764
V54,XRPUSDT,1769180460000,2026,SHORT,stop_loss,-216.22118369,-0.016807281345
V54,XRPUSDT,1769328060000,2026,SHORT,take_profit,220.59702534,0.018383318192
V54,XRPUSDT,1770285660000,2026,SHORT,take_profit,233.67927159,0.018139651259
V54,XRPUSDT,1773684060000,2026,LONG,take_profit,262.62596847,0.019007516604
V54,XRPUSDT,1773702060000,2026,LONG,take_profit,297.44355087,0.020006349991
V54,XRPUSDT,1776333660000,2026,LONG,stop_loss,-279.94639658,-0.017434288062
V54,XRPUSDT,1778050860000,2026,LONG,take_profit,286.41137705,0.019174053038
V54,XRPUSDT,1778512320000,2026,LONG,stop_loss,-267.53397712,-0.016634487291
V54,XRPUSDT,1780380060000,2026,SHORT,take_profit,279.50232498,0.018617408663
V54,XRPUSDT,1780516860000,2026,SHORT,stop_loss,-281.37856745,-0.017443381321
V54,XRPUSDT,1782298920000,2026,SHORT,take_profit,284.15257218,0.018936624027
V54,XRPUSDT,1787227260000,2026,LONG,take_profit,305.97308776,0.018955020307
V54,XRPUSDT,1787234460000,2026,LONG,take_profit,332.37330988,0.019139364797
V54,XRPUSDT,1787237280000,2026,LONG,take_profit,386.05359048,0.020649605532
V54,XRPUSDT,1787353260000,2026,LONG,take_profit,411.60075392,0.020336346623
V54,XRPUSDT,1787355780000,2026,LONG,stop_loss,-401.92097542,-0.018364242292
V54,XRPUSDT,1787367660000,2026,LONG,take_profit,546.58845851,0.026954247118
V54,XRPUSDT,1787370240000,2026,LONG,take_profit,425.81514416,0.018954827257
ID121,ZECUSDT,1727287260000,2024,SHORT,take_profit,73.51921334,0.018379803335
ID121,ZECUSDT,1727895660000,2024,SHORT,take_profit,89.03387313,0.020734112632
ID121,ZECUSDT,1727946060000,2024,SHORT,stop_loss,-80.37869492,-0.017284951512
ID121,ZECUSDT,1728622860000,2024,LONG,stop_loss,-86.34764133,-0.019947718688
ID121,ZECUSDT,1735110060000,2024,LONG,take_profit,78.32198185,0.019662552205
ID121,ZECUSDT,1738497660000,2025,SHORT,stop_loss,-73.72464284,-0.017158853481
ID121,ZECUSDT,1738500420000,2025,SHORT,stop_loss,-75.10909237,-0.018769313228
ID121,ZECUSDT,1738515840000,2025,SHORT,take_profit,96.82216601,0.026159244781
ID121,ZECUSDT,1741536060000,2025,SHORT,take_profit,86.79518424,0.021228849560
ID121,ZECUSDT,1741705260000,2025,SHORT,stop_loss,-81.47402216,-0.018367671927
ID121,ZECUSDT,1744678860000,2025,SHORT,stop_loss,-77.66962937,-0.018898486557
ID121,ZECUSDT,1744959660000,2025,SHORT,stop_loss,-65.17804402,-0.017155932768
ID121,ZECUSDT,1746655260000,2025,LONG,stop_loss,-59.95210805,-0.016943077709
ID121,ZECUSDT,1748289660000,2025,LONG,stop_loss,-53.27901271,-0.016151840398
ID121,ZECUSDT,1750957260000,2025,SHORT,stop_loss,-52.21282618,-0.016921899044
ID121,ZECUSDT,1751086860000,2025,SHORT,stop_loss,-52.73297371,-0.018331276103
ID121,ZECUSDT,1751385660000,2025,SHORT,stop_loss,-48.55983269,-0.018216302100
ID121,ZECUSDT,1757253660000,2025,LONG,stop_loss,-48.12686027,-0.019472767991
ID121,ZECUSDT,1757296860000,2025,LONG,take_profit,56.64775332,0.024856536999
ID121,ZECUSDT,1757847660000,2025,LONG,stop_loss,-47.53512602,-0.018971711884
ID121,ZECUSDT,1759136460000,2025,LONG,stop_loss,-46.81279043,-0.020217676771
ID121,ZECUSDT,1759158060000,2025,LONG,stop_loss,-41.61483585,-0.019554120988
ID121,ZECUSDT,1759341660000,2025,LONG,take_profit,38.19502231,0.019470089267
ID121,ZECUSDT,1760058060000,2025,LONG,take_profit,48.97099975,0.023159521778
ID121,ZECUSDT,1760058480000,2025,LONG,take_profit,47.69968349,0.020645707937
ID121,ZECUSDT,1760059740000,2025,LONG,stop_loss,-44.91532565,-0.017957575426
ID121,ZECUSDT,1760060100000,2025,LONG,take_profit,46.29070947,0.019939744884
ID121,ZECUSDT,1760060760000,2025,LONG,take_profit,47.37638491,0.018899958673
ID121,ZECUSDT,1760076060000,2025,LONG,stop_loss,-104.41178216,-0.038725560995
ID121,ZECUSDT,1761433260000,2025,LONG,stop_loss,-41.24135179,-0.018099815699
ID121,ZECUSDT,1761451260000,2025,LONG,take_profit,40.54492069,0.019183004593
ID121,ZECUSDT,1761462960000,2025,LONG,take_profit,45.10447308,0.019819475698
ID121,ZECUSDT,1761469260000,2025,LONG,take_profit,55.35276878,0.022536092262
ID121,ZECUSDT,1761471780000,2025,LONG,stop_loss,-52.67787961,-0.019673586181
ID121,ZECUSDT,1761483660000,2025,LONG,stop_loss,-49.14969886,-0.019923809057
ID121,ZECUSDT,1761484800000,2025,LONG,take_profit,49.69062900,0.021887408012
ID121,ZECUSDT,1761494460000,2025,LONG,stop_loss,-42.26932699,-0.017119697511
ID121,ZECUSDT,1761495960000,2025,LONG,stop_loss,-38.78660112,-0.016863966464
ID121,ZECUSDT,1762416060000,2025,LONG,stop_loss,-35.31867875,-0.016466945943
ID121,ZECUSDT,1762418280000,2025,LONG,take_profit,38.97399384,0.019452488767
ID121,ZECUSDT,1762430460000,2025,LONG,take_profit,41.11599187,0.019040083207
ID121,ZECUSDT,1762477260000,2025,LONG,stop_loss,-40.92702766,-0.017611295149
ID121,ZECUSDT,1762488060000,2025,LONG,take_profit,54.70291325,0.025323080716
ID121,ZECUSDT,1762495260000,2025,LONG,stop_loss,-41.74409733,-0.017546825061
ID121,ZECUSDT,1762498380000,2025,LONG,take_profit,66.45858951,0.030044094407
ID121,ZECUSDT,1762502460000,2025,LONG,take_profit,62.01298400,0.025026736317
ID121,ZECUSDT,1762509660000,2025,LONG,stop_loss,-46.78967738,-0.017164720358
ID121,ZECUSDT,1762510860000,2025,LONG,stop_loss,-61.42249512,-0.024193870895
ID121,ZECUSDT,1769886060000,2026,SHORT,stop_loss,-41.26641524,-0.017996122095
ID121,ZECUSDT,1770141660000,2026,SHORT,stop_loss,-45.03800089,-0.021164404670
ID121,ZECUSDT,1770228060000,2026,SHORT,stop_loss,-35.15487787,-0.018047995499
ID121,ZECUSDT,1770242460000,2026,SHORT,stop_loss,-31.72719004,-0.017555648192
ID121,ZECUSDT,1770244680000,2026,SHORT,take_profit,30.67750954,0.018256871972
ID121,ZECUSDT,1770264060000,2026,SHORT,take_profit,35.67469591,0.019785895115
ID121,ZECUSDT,1770296460000,2026,SHORT,take_profit,43.17885341,0.022191532607
ID121,ZECUSDT,1770321660000,2026,SHORT,stop_loss,-36.87487381,-0.017406527144
ID121,ZECUSDT,1770322620000,2026,SHORT,take_profit,55.14407839,0.027978405304
ID121,ZECUSDT,1770323280000,2026,SHORT,stop_loss,-67.10631916,-0.030620793583
ID121,ZECUSDT,1770336180000,2026,SHORT,take_profit,39.78631968,0.020688611261
ID121,ZECUSDT,1770338340000,2026,SHORT,stop_loss,-36.13147409,-0.017352149325
ID121,ZECUSDT,1770339120000,2026,SHORT,stop_loss,-37.12909176,-0.019161208027
ID121,ZECUSDT,1771880460000,2026,SHORT,take_profit,38.74596682,0.021655403393
ID121,ZECUSDT,1773770460000,2026,LONG,take_profit,43.29007363,0.022266387420
ID121,ZECUSDT,1773772020000,2026,LONG,stop_loss,-42.75575409,-0.020193053087
ID121,ZECUSDT,1773773280000,2026,LONG,stop_loss,-37.43028898,-0.019231247282
ID121,ZECUSDT,1775595660000,2026,LONG,take_profit,40.96580356,0.022801780265
ID121,ZECUSDT,1777849260000,2026,LONG,take_profit,41.36317245,0.021098614025
ID121,ZECUSDT,1777858140000,2026,LONG,stop_loss,-35.06588552,-0.016494441259
ID121,ZECUSDT,1779300060000,2026,LONG,take_profit,46.75295961,0.023545325098
ID121,ZECUSDT,1779307500000,2026,LONG,stop_loss,-37.11803027,-0.017084065045
ID121,ZECUSDT,1783796460000,2026,LONG,take_profit,39.59016531,0.019558449210
ID121,ZECUSDT,1784116860000,2026,LONG,take_profit,41.22899275,0.018890214343
ID121,ZECUSDT,1785934860000,2026,LONG,stop_loss,-38.27202594,-0.016303491620
ID121,ZECUSDT,1787245260000,2026,LONG,stop_loss,-37.31863347,-0.017006411746
ID121,ZECUSDT,1787331660000,2026,LONG,stop_loss,-33.28781476,-0.016276772074
ID121,ZECUSDT,1787333580000,2026,LONG,stop_loss,-31.81808787,-0.016641604861
ID121,ZECUSDT,1787346060000,2026,LONG,take_profit,34.19914241,0.019162533364
ID121,ZECUSDT,1788105660000,2026,LONG,take_profit,39.40604122,0.020508123169
V54,ZECUSDT,1727287260000,2024,SHORT,take_profit,73.51921334,0.018379803335
V54,ZECUSDT,1727895660000,2024,SHORT,take_profit,89.03387313,0.020734112632
V54,ZECUSDT,1727946060000,2024,SHORT,stop_loss,-80.37869492,-0.017284951512
V54,ZECUSDT,1728622860000,2024,LONG,stop_loss,-86.34764133,-0.019947718688
V54,ZECUSDT,1735030860000,2024,LONG,stop_loss,-65.81479300,-0.016522651402
V54,ZECUSDT,1735031940000,2024,LONG,stop_loss,-84.31997461,-0.022666368414
V54,ZECUSDT,1735110060000,2024,LONG,take_profit,66.51385103,0.019662552205
V54,ZECUSDT,1738497660000,2025,SHORT,stop_loss,-62.60962497,-0.017158853481
V54,ZECUSDT,1738500420000,2025,SHORT,stop_loss,-63.78534943,-0.018769313228
V54,ZECUSDT,1738515840000,2025,SHORT,take_profit,82.22487447,0.026159244781
V54,ZECUSDT,1741536060000,2025,SHORT,take_profit,73.70960001,0.021228849560
V54,ZECUSDT,1741705260000,2025,SHORT,stop_loss,-69.19067731,-0.018367671927
V54,ZECUSDT,1744678860000,2025,SHORT,stop_loss,-65.95984978,-0.018898486557
V54,ZECUSDT,1744959660000,2025,SHORT,stop_loss,-55.35154509,-0.017155932768
V54,ZECUSDT,1746655260000,2025,LONG,stop_loss,-50.91349183,-0.016943077709
V54,ZECUSDT,1748289660000,2025,LONG,stop_loss,-45.24645867,-0.016151840398
V54,ZECUSDT,1750957260000,2025,SHORT,stop_loss,-44.34101462,-0.016921899044
V54,ZECUSDT,1751086860000,2025,SHORT,stop_loss,-44.78274265,-0.018331276103
V54,ZECUSDT,1751385660000,2025,SHORT,stop_loss,-41.23876083,-0.018216302100
V54,ZECUSDT,1757253660000,2025,LONG,stop_loss,-40.87106504,-0.019472767991
V54,ZECUSDT,1757296860000,2025,LONG,take_profit,48.10731465,0.024856536999
V54,ZECUSDT,1757847660000,2025,LONG,stop_loss,-40.36854298,-0.018971711884
V54,ZECUSDT,1759136460000,2025,LONG,stop_loss,-39.75510955,-0.020217676771
V54,ZECUSDT,1759158060000,2025,LONG,stop_loss,-35.34081910,-0.019554120988
V54,ZECUSDT,1759341660000,2025,LONG,take_profit,32.43659014,0.019470089267
V54,ZECUSDT,1760058060000,2025,LONG,take_profit,41.58793873,0.023159521778
V54,ZECUSDT,1760058480000,2025,LONG,take_profit,40.50829112,0.020645707937
V54,ZECUSDT,1760059740000,2025,LONG,stop_loss,-38.14371404,-0.017957575426
V54,ZECUSDT,1760060100000,2025,LONG,take_profit,39.31173958,0.019939744884
V54,ZECUSDT,1760060760000,2025,LONG,take_profit,40.23373431,0.018899958673
V54,ZECUSDT,1760076060000,2025,LONG,stop_loss,-88.67025016,-0.038725560995
V54,ZECUSDT,1761433260000,2025,LONG,stop_loss,-35.02364297,-0.018099815699
V54,ZECUSDT,1761451260000,2025,LONG,take_profit,34.43220857,0.019183004593
V54,ZECUSDT,1761462960000,2025,LONG,take_profit,38.30434486,0.019819475698
V54,ZECUSDT,1761469260000,2025,LONG,take_profit,47.00756709,0.022536092262
V54,ZECUSDT,1761471780000,2025,LONG,stop_loss,-44.73595476,-0.019673586181
V54,ZECUSDT,1761483660000,2025,LONG,stop_loss,-41.73969646,-0.019923809057
V54,ZECUSDT,1761484800000,2025,LONG,take_profit,42.19907384,0.021887408012
V54,ZECUSDT,1761494460000,2025,LONG,stop_loss,-35.89663658,-0.017119697511
V54,ZECUSDT,1761495960000,2025,LONG,stop_loss,-32.93898019,-0.016863966464
V54,ZECUSDT,1761531240000,2025,LONG,stop_loss,-33.07811908,-0.018160215277
V54,ZECUSDT,1762416060000,2025,LONG,stop_loss,-27.81511308,-0.016466945943
V54,ZECUSDT,1762418280000,2025,LONG,take_profit,30.69384485,0.019452488767
V54,ZECUSDT,1762430460000,2025,LONG,take_profit,32.38076858,0.019040083207
V54,ZECUSDT,1762477260000,2025,LONG,stop_loss,-32.23195042,-0.017611295149
V54,ZECUSDT,1762488060000,2025,LONG,take_profit,43.08110528,0.025323080716
V54,ZECUSDT,1762495260000,2025,LONG,stop_loss,-32.87543104,-0.017546825061
V54,ZECUSDT,1762498380000,2025,LONG,take_profit,52.33925072,0.030044094407
V54,ZECUSDT,1762502460000,2025,LONG,take_profit,48.83812825,0.025026736317
V54,ZECUSDT,1762509660000,2025,LONG,stop_loss,-36.84906155,-0.017164720358
V54,ZECUSDT,1762510860000,2025,LONG,stop_loss,-48.37309061,-0.024193870895
V54,ZECUSDT,1769886060000,2026,SHORT,stop_loss,-32.49923403,-0.017996122095
V54,ZECUSDT,1770141660000,2026,SHORT,stop_loss,-35.46953430,-0.021164404670
V54,ZECUSDT,1770228060000,2026,SHORT,stop_loss,-27.68611221,-0.018047995499
V54,ZECUSDT,1770242460000,2026,SHORT,stop_loss,-24.98664757,-0.017555648192
V54,ZECUSDT,1770244680000,2026,SHORT,take_profit,24.15997503,0.018256871972
V54,ZECUSDT,1770264060000,2026,SHORT,take_profit,28.09549326,0.019785895115
V54,ZECUSDT,1770296460000,2026,SHORT,take_profit,34.00536862,0.022191532607
V54,ZECUSDT,1770321660000,2026,SHORT,stop_loss,-29.04068955,-0.017406527144
V54,ZECUSDT,1770322620000,2026,SHORT,take_profit,43.42854349,0.027978405304
V54,ZECUSDT,1770323280000,2026,SHORT,stop_loss,-52.84936814,-0.030620793583
V54,ZECUSDT,1770336180000,2026,SHORT,take_profit,31.33358948,0.020688611261
V54,ZECUSDT,1770338340000,2026,SHORT,stop_loss,-28.45522746,-0.017352149325
V54,ZECUSDT,1770339120000,2026,SHORT,stop_loss,-29.24089808,-0.019161208027
V54,ZECUSDT,1771880460000,2026,SHORT,take_profit,30.51426289,0.021655403393
V54,ZECUSDT,1773770460000,2026,LONG,take_profit,34.09295975,0.022266387420
V54,ZECUSDT,1773772020000,2026,LONG,stop_loss,-33.67215810,-0.020193053087
V54,ZECUSDT,1773773280000,2026,LONG,stop_loss,-29.47810499,-0.019231247282
V54,ZECUSDT,1775595660000,2026,LONG,take_profit,32.26248825,0.022801780265
V54,ZECUSDT,1777028460000,2026,LONG,stop_loss,-25.14664623,-0.016287100546
V54,ZECUSDT,1777849260000,2026,LONG,take_profit,30.45319733,0.021098614025
V54,ZECUSDT,1777858140000,2026,LONG,stop_loss,-25.81688657,-0.016494441259
V54,ZECUSDT,1779300060000,2026,LONG,take_profit,34.42137100,0.023545325098
V54,ZECUSDT,1779307500000,2026,LONG,stop_loss,-27.32775639,-0.017084065045
V54,ZECUSDT,1783796460000,2026,LONG,take_profit,29.14783961,0.019558449210
V54,ZECUSDT,1784116860000,2026,LONG,take_profit,30.35440894,0.018890214343
V54,ZECUSDT,1785934860000,2026,LONG,stop_loss,-28.17737347,-0.016303491620
V54,ZECUSDT,1787245260000,2026,LONG,stop_loss,-27.47544837,-0.017006411746
V54,ZECUSDT,1787292060000,2026,LONG,take_profit,34.23805363,0.022739086201
V54,ZECUSDT,1787331660000,2026,LONG,stop_loss,-26.73694079,-0.016276772074
V54,ZECUSDT,1787333580000,2026,LONG,stop_loss,-25.55644874,-0.016641604861
V54,ZECUSDT,1787346060000,2026,LONG,take_profit,27.46892376,0.019162533364
V54,ZECUSDT,1788105660000,2026,LONG,take_profit,31.65113116,0.020508123169
ID121,1000PEPEUSDT,1746777660000,2025,LONG,take_profit,81.69325769,0.020423314423
ID121,1000PEPEUSDT,1746860460000,2025,LONG,take_profit,88.31267583,0.020410748428
ID121,1000PEPEUSDT,1746861900000,2025,LONG,take_profit,94.20528166,0.020129231604
ID121,1000PEPEUSDT,1749654060000,2025,LONG,stop_loss,-97.70858440,-0.019322045088
ID121,1000PEPEUSDT,1750600860000,2025,SHORT,stop_loss,-81.35361154,-0.017435368209
ID121,1000PEPEUSDT,1752185400000,2025,LONG,take_profit,93.19746773,0.021471121955
ID121,1000PEPEUSDT,1752202860000,2025,LONG,take_profit,102.70087583,0.021789192943
ID121,1000PEPEUSDT,1757754120000,2025,LONG,stop_loss,-87.89963080,-0.017153860457
ID121,1000PEPEUSDT,1763766060000,2025,SHORT,stop_loss,-95.64900606,-0.020041316656
ID121,1000PEPEUSDT,1767326460000,2026,LONG,take_profit,84.86847479,0.019332249046
ID121,1000PEPEUSDT,1767499260000,2026,LONG,stop_loss,-81.13909052,-0.017156068451
ID121,1000PEPEUSDT,1767517260000,2026,LONG,take_profit,91.92512583,0.020868774820
ID121,1000PEPEUSDT,1770789660000,2026,SHORT,take_profit,91.33570352,0.019137462977
ID121,1000PEPEUSDT,1770808620000,2026,SHORT,stop_loss,-91.87491124,-0.017881608088
ID121,1000PEPEUSDT,1778014860000,2026,LONG,stop_loss,-79.06268381,-0.016573401354
ID121,1000PEPEUSDT,1780059660000,2026,SHORT,stop_loss,-78.76454586,-0.017683186825
ID121,1000PEPEUSDT,1780520460000,2026,SHORT,stop_loss,-72.33610412,-0.017476088846
ID121,1000PEPEUSDT,1780722060000,2026,SHORT,stop_loss,-100.97507539,-0.026228635909
ID121,1000PEPEUSDT,1782385260000,2026,SHORT,take_profit,70.12597954,0.020350540973
ID121,1000PEPEUSDT,1784631660000,2026,LONG,stop_loss,-65.24726589,-0.017509433748
ID121,1000PEPEUSDT,1787288460000,2026,LONG,take_profit,66.25521258,0.019118970748
ID121,1000PEPEUSDT,1787306340000,2026,LONG,take_profit,77.66130717,0.020818280156
V54,1000PEPEUSDT,1746777660000,2025,LONG,take_profit,81.69325769,0.020423314423
V54,1000PEPEUSDT,1746860460000,2025,LONG,take_profit,88.31267583,0.020410748428
V54,1000PEPEUSDT,1746861900000,2025,LONG,take_profit,94.20528166,0.020129231604
V54,1000PEPEUSDT,1747846860000,2025,LONG,stop_loss,-82.53805149,-0.016322045418
V54,1000PEPEUSDT,1749654060000,2025,LONG,stop_loss,-91.32936859,-0.019322045088
V54,1000PEPEUSDT,1750600860000,2025,SHORT,stop_loss,-76.04218217,-0.017435368209
V54,1000PEPEUSDT,1752185400000,2025,LONG,take_profit,87.11277452,0.021471121955
V54,1000PEPEUSDT,1752202860000,2025,LONG,take_profit,95.99572239,0.021789192943
V54,1000PEPEUSDT,1757754120000,2025,LONG,stop_loss,-82.16082374,-0.017153860457
V54,1000PEPEUSDT,1763766060000,2025,SHORT,stop_loss,-89.40425637,-0.020041316656
V54,1000PEPEUSDT,1767326460000,2026,LONG,take_profit,79.32756639,0.019332249046
V54,1000PEPEUSDT,1767499260000,2026,LONG,stop_loss,-75.84166684,-0.017156068451
V54,1000PEPEUSDT,1767517260000,2026,LONG,take_profit,85.92350151,0.020868774820
V54,1000PEPEUSDT,1770789660000,2026,SHORT,take_profit,85.37256152,0.019137462977
V54,1000PEPEUSDT,1770808620000,2026,SHORT,stop_loss,-85.87656534,-0.017881608088
V54,1000PEPEUSDT,1777989660000,2026,LONG,stop_loss,-74.02263663,-0.016600719505
V54,1000PEPEUSDT,1778014860000,2026,LONG,stop_loss,-68.99359748,-0.016573401354
V54,1000PEPEUSDT,1780059660000,2026,SHORT,stop_loss,-68.73342911,-0.017683186825
V54,1000PEPEUSDT,1780520460000,2026,SHORT,stop_loss,-63.12368630,-0.017476088846
V54,1000PEPEUSDT,1780722060000,2026,SHORT,stop_loss,-88.11532029,-0.026228635909
V54,1000PEPEUSDT,1782385260000,2026,SHORT,take_profit,61.19503376,0.020350540973
V54,1000PEPEUSDT,1784631660000,2026,LONG,stop_loss,-56.93765228,-0.017509433748
V54,1000PEPEUSDT,1787288460000,2026,LONG,take_profit,57.81723119,0.019118970748
V54,1000PEPEUSDT,1787306340000,2026,LONG,take_profit,67.77069419,0.020818280156
ID121,SUIUSDT,1747036860000,2025,LONG,stop_loss,-70.53874116,-0.017634685289
ID121,SUIUSDT,1747039920000,2025,LONG,stop_loss,-63.21048898,-0.017001915998
ID121,SUIUSDT,1750172460000,2025,SHORT,take_profit,63.54639405,0.018339491364
ID121,SUIUSDT,1750510860000,2025,SHORT,take_profit,68.46098196,0.018407504512
ID121,SUIUSDT,1750528860000,2025,SHORT,take_profit,136.67675966,0.034228811512
ID121,SUIUSDT,1750543260000,2025,SHORT,stop_loss,-80.52237364,-0.017737222912
ID121,SUIUSDT,1750600860000,2025,SHORT,take_profit,82.47884872,0.019555640280
ID121,SUIUSDT,1750603740000,2025,SHORT,take_profit,85.89222578,0.018887518026
ID121,SUIUSDT,1750622460000,2025,SHORT,take_profit,92.48573489,0.018908851575
ID121,SUIUSDT,1750624620000,2025,SHORT,stop_loss,-90.49688646,-0.017201208075
ID121,SUIUSDT,1752184860000,2025,LONG,stop_loss,-107.92404845,-0.022029407999
ID121,SUIUSDT,1757765160000,2025,LONG,stop_loss,-92.02790690,-0.020599910064
ID121,SUIUSDT,1760644860000,2025,SHORT,take_profit,76.46369832,0.018652949068
ID121,SUIUSDT,1760655660000,2025,SHORT,stop_loss,-78.85996581,-0.017901819976
ID121,SUIUSDT,1760684460000,2025,SHORT,take_profit,80.80492858,0.019758170349
ID121,SUIUSDT,1761170460000,2025,SHORT,stop_loss,-75.19476490,-0.017039697552
ID121,SUIUSDT,1762138860000,2025,SHORT,take_profit,84.12663881,0.020458128435
ID121,SUIUSDT,1762153260000,2025,SHORT,stop_loss,-76.31935932,-0.017155644945
ID121,SUIUSDT,1762236060000,2025,SHORT,stop_loss,-71.77085632,-0.017321869268
ID121,SUIUSDT,1762279260000,2025,SHORT,take_profit,72.01564686,0.018674885043
ID121,SUIUSDT,1762281840000,2025,SHORT,take_profit,87.62719768,0.021143794602
ID121,SUIUSDT,1763164860000,2025,SHORT,stop_loss,-79.95668242,-0.017788491193
ID121,SUIUSDT,1763406060000,2025,SHORT,take_profit,78.25664183,0.018743980461
ID121,SUIUSDT,1763408160000,2025,SHORT,take_profit,85.40333100,0.019029031658
ID121,SUIUSDT,1763694060000,2025,SHORT,take_profit,224.42780303,0.046468579542
ID121,SUIUSDT,1763802060000,2025,SHORT,take_profit,104.47398730,0.018241151285
ID121,SUIUSDT,1767405660000,2026,LONG,stop_loss,-100.21161848,-0.016307100800
ID121,SUIUSDT,1769180460000,2026,SHORT,stop_loss,-104.68194171,-0.018223212572
ID121,SUIUSDT,1769360460000,2026,SHORT,take_profit,99.89390430,0.018756950354
ID121,SUIUSDT,1769373180000,2026,SHORT,stop_loss,-96.68892163,-0.016888079400
ID121,SUIUSDT,1769882520000,2026,SHORT,take_profit,107.15020232,0.020071141242
ID121,SUIUSDT,1769885280000,2026,SHORT,stop_loss,-109.41681155,-0.018972517228
ID121,SUIUSDT,1769950860000,2026,SHORT,take_profit,100.90539578,0.018933532673
ID121,SUIUSDT,1769961660000,2026,SHORT,stop_loss,-119.09575649,-0.020773448735
ID121,SUIUSDT,1770274860000,2026,SHORT,take_profit,97.38024755,0.018525002602
ID121,SUIUSDT,1770289260000,2026,SHORT,take_profit,108.57552630,0.019229793732
ID121,SUIUSDT,1770291420000,2026,SHORT,take_profit,111.33294620,0.018309786268
ID121,SUIUSDT,1770300960000,2026,SHORT,stop_loss,-111.86355050,-0.017141612280
ID121,SUIUSDT,1770303600000,2026,SHORT,take_profit,126.02229666,0.020732829717
ID121,SUIUSDT,1770307260000,2026,SHORT,stop_loss,-134.00636478,-0.020358027795
ID121,SUIUSDT,1770309840000,2026,SHORT,take_profit,117.51863620,0.019435949427
ID121,SUIUSDT,1770326220000,2026,SHORT,stop_loss,-126.42691331,-0.019400951060
ID121,SUIUSDT,1770327900000,2026,SHORT,stop_loss,-109.88954428,-0.018281943165
ID121,SUIUSDT,1770786060000,2026,SHORT,take_profit,101.33700664,0.018189224556
ID121,SUIUSDT,1770804060000,2026,SHORT,stop_loss,-104.71728799,-0.017521173220
ID121,SUIUSDT,1773396060000,2026,LONG,stop_loss,-96.40402613,-0.017345889370
ID121,SUIUSDT,1778032860000,2026,LONG,take_profit,102.54614388,0.019826680713
ID121,SUIUSDT,1778058060000,2026,LONG,stop_loss,-107.91556969,-0.019331693656
ID121,SUIUSDT,1778410860000,2026,LONG,stop_loss,-92.48910140,-0.017956779031
ID121,SUIUSDT,1780394460000,2026,SHORT,stop_loss,-80.30320650,-0.016797393216
ID121,SUIUSDT,1780412460000,2026,SHORT,take_profit,97.22262383,0.021801327924
ID121,SUIUSDT,1780520460000,2026,SHORT,stop_loss,-85.96834365,-0.017731382707
ID121,SUIUSDT,1780621260000,2026,SHORT,take_profit,81.71308164,0.018140326845
ID121,SUIUSDT,1780628460000,2026,SHORT,stop_loss,-81.98361434,-0.016969086106
ID121,SUIUSDT,1780639260000,2026,SHORT,take_profit,131.83429552,0.029274282920
ID121,SUIUSDT,1782079260000,2026,SHORT,stop_loss,-89.28046272,-0.017746935002
ID121,SUIUSDT,1782309660000,2026,SHORT,take_profit,160.77640113,0.034400739930
ID121,SUIUSDT,1786114860000,2026,SHORT,stop_loss,-93.56749312,-0.017598666508
ID121,SUIUSDT,1787288760000,2026,LONG,take_profit,93.88545957,0.018995664790
V54,SUIUSDT,1747036860000,2025,LONG,stop_loss,-70.53874116,-0.017634685289
V54,SUIUSDT,1747039920000,2025,LONG,stop_loss,-63.21048898,-0.017001915998
V54,SUIUSDT,1749625260000,2025,LONG,stop_loss,-57.20856739,-0.016510394385
V54,SUIUSDT,1750172460000,2025,SHORT,take_profit,59.34968994,0.018339491364
V54,SUIUSDT,1750510860000,2025,SHORT,take_profit,63.93971071,0.018407504512
V54,SUIUSDT,1750528860000,2025,SHORT,take_profit,127.65041084,0.034228811512
V54,SUIUSDT,1750543260000,2025,SHORT,stop_loss,-75.20454906,-0.017737222912
V54,SUIUSDT,1750600860000,2025,SHORT,take_profit,77.03181544,0.019555640280
V54,SUIUSDT,1750603740000,2025,SHORT,take_profit,80.21976769,0.018887518026
V54,SUIUSDT,1750622460000,2025,SHORT,take_profit,86.37783105,0.018908851575
V54,SUIUSDT,1750624620000,2025,SHORT,stop_loss,-84.52032931,-0.017201208075
V54,SUIUSDT,1752184860000,2025,LONG,stop_loss,-100.79657404,-0.022029407999
V54,SUIUSDT,1757765160000,2025,LONG,stop_loss,-85.95023875,-0.020599910064
V54,SUIUSDT,1760644860000,2025,SHORT,take_profit,71.41391506,0.018652949068
V54,SUIUSDT,1760655660000,2025,SHORT,stop_loss,-73.65192926,-0.017901819976
V54,SUIUSDT,1760684460000,2025,SHORT,take_profit,75.46844362,0.019758170349
V54,SUIUSDT,1761170460000,2025,SHORT,stop_loss,-70.22878401,-0.017039697552
V54,SUIUSDT,1762138860000,2025,SHORT,take_profit,78.57078287,0.020458128435
V54,SUIUSDT,1762153260000,2025,SHORT,stop_loss,-71.27910843,-0.017155644945
V54,SUIUSDT,1762236060000,2025,SHORT,stop_loss,-67.03099574,-0.017321869268
V54,SUIUSDT,1762279260000,2025,SHORT,take_profit,67.25961994,0.018674885043
V54,SUIUSDT,1762281840000,2025,SHORT,take_profit,81.84015931,0.021143794602
V54,SUIUSDT,1763164860000,2025,SHORT,stop_loss,-74.67621698,-0.017788491193
V54,SUIUSDT,1763406060000,2025,SHORT,take_profit,73.08844975,0.018743980461
V54,SUIUSDT,1763408160000,2025,SHORT,take_profit,79.76316029,0.019029031658
V54,SUIUSDT,1763694060000,2025,SHORT,take_profit,209.60623687,0.046468579542
V54,SUIUSDT,1763802060000,2025,SHORT,take_profit,97.57436037,0.018241151285
V54,SUIUSDT,1767405660000,2026,LONG,stop_loss,-93.59348511,-0.016307100800
V54,SUIUSDT,1767488460000,2026,LONG,take_profit,107.26835890,0.019993888464
V54,SUIUSDT,1767549720000,2026,LONG,stop_loss,-109.11615889,-0.018832187660
V54,SUIUSDT,1769180460000,2026,SHORT,stop_loss,-97.63388973,-0.018223212572
V54,SUIUSDT,1769360460000,2026,SHORT,take_profit,93.16822250,0.018756950354
V54,SUIUSDT,1769373180000,2026,SHORT,stop_loss,-90.17902571,-0.016888079400
V54,SUIUSDT,1769882520000,2026,SHORT,take_profit,99.93596667,0.020071141242
V54,SUIUSDT,1769885280000,2026,SHORT,stop_loss,-102.04996907,-0.018972517228
V54,SUIUSDT,1769950860000,2026,SHORT,take_profit,94.11161203,0.018933532673
V54,SUIUSDT,1769961660000,2026,SHORT,stop_loss,-111.07724758,-0.020773448735
V54,SUIUSDT,1770274860000,2026,SHORT,take_profit,90.82380586,0.018525002602
V54,SUIUSDT,1770289260000,2026,SHORT,take_profit,101.26532608,0.019229793732
V54,SUIUSDT,1770291420000,2026,SHORT,take_profit,103.83709372,0.018309786268
V54,SUIUSDT,1770300960000,2026,SHORT,stop_loss,-104.33197337,-0.017141612280
V54,SUIUSDT,1770303600000,2026,SHORT,take_profit,117.53743592,0.020732829717
V54,SUIUSDT,1770307260000,2026,SHORT,stop_loss,-124.98395070,-0.020358027795
V54,SUIUSDT,1770309840000,2026,SHORT,take_profit,109.60631204,0.019435949427
V54,SUIUSDT,1770326220000,2026,SHORT,stop_loss,-117.91481044,-0.019400951060
V54,SUIUSDT,1770327900000,2026,SHORT,stop_loss,-102.49087353,-0.018281943165
V54,SUIUSDT,1770786060000,2026,SHORT,take_profit,94.51416329,0.018189224556
V54,SUIUSDT,1770804060000,2026,SHORT,stop_loss,-97.66685621,-0.017521173220
V54,SUIUSDT,1773396060000,2026,LONG,stop_loss,-89.91331172,-0.017345889370
V54,SUIUSDT,1776322860000,2026,LONG,stop_loss,-79.46783742,-0.016473779594
V54,SUIUSDT,1778032860000,2026,LONG,take_profit,89.33955767,0.019826680713
V54,SUIUSDT,1778058060000,2026,LONG,stop_loss,-94.01747250,-0.019331693656
V54,SUIUSDT,1778410860000,2026,LONG,stop_loss,-80.57772917,-0.017956779031
V54,SUIUSDT,1780394460000,2026,SHORT,stop_loss,-69.96121626,-0.016797393216
V54,SUIUSDT,1780412460000,2026,SHORT,take_profit,84.70163655,0.021801327924
V54,SUIUSDT,1780520460000,2026,SHORT,stop_loss,-74.89675872,-0.017731382707
V54,SUIUSDT,1780621260000,2026,SHORT,take_profit,71.18951814,0.018140326845
V54,SUIUSDT,1780628460000,2026,SHORT,stop_loss,-71.42520981,-0.016969086106
V54,SUIUSDT,1780639260000,2026,SHORT,take_profit,114.85578299,0.029274282920
V54,SUIUSDT,1782079260000,2026,SHORT,stop_loss,-77.78232069,-0.017746935002
V54,SUIUSDT,1782309660000,2026,SHORT,take_profit,140.07052843,0.034400739930
V54,SUIUSDT,1786114860000,2026,SHORT,stop_loss,-81.51723831,-0.017598666508
V54,SUIUSDT,1787288760000,2026,LONG,take_profit,81.79425489,0.018995664790
V54,SUIUSDT,1787349660000,2026,LONG,take_profit,99.81490509,0.021543775886
ID121,ONDOUSDT,1768892460000,2026,SHORT,take_profit,72.37227411,0.018093068528
ID121,ONDOUSDT,1769000460000,2026,SHORT,stop_loss,-76.66868169,-0.017873616174
ID121,ONDOUSDT,1769356860000,2026,SHORT,take_profit,72.06905150,0.018095006398
ID121,ONDOUSDT,1769367660000,2026,SHORT,take_profit,101.70519481,0.023812464993
ID121,ONDOUSDT,1769958060000,2026,SHORT,take_profit,87.13314346,0.018626505902
ID121,ONDOUSDT,1770289260000,2026,SHORT,take_profit,120.11795306,0.023897203423
ID121,ONDOUSDT,1773698460000,2026,LONG,stop_loss,-89.53679838,-0.016258973733
ID121,ONDOUSDT,1777924860000,2026,LONG,stop_loss,-91.44174948,-0.017759926211
ID121,ONDOUSDT,1778230860000,2026,LONG,take_profit,91.21087003,0.019069797300
ID121,ONDOUSDT,1778252460000,2026,LONG,stop_loss,-85.95363187,-0.016697012317
ID121,ONDOUSDT,1778254500000,2026,LONG,take_profit,100.38920491,0.020896870838
ID121,ONDOUSDT,1778288460000,2026,LONG,stop_loss,-84.72341460,-0.016275476592
ID121,ONDOUSDT,1778290020000,2026,LONG,stop_loss,-79.19293498,-0.016272430618
ID121,ONDOUSDT,1779328860000,2026,LONG,stop_loss,-78.39684585,-0.017230371679
ID121,ONDOUSDT,1784170860000,2026,LONG,stop_loss,-70.07014757,-0.016540277192
ID121,ONDOUSDT,1784206860000,2026,LONG,take_profit,81.70352091,0.020652782279
ID121,ONDOUSDT,1784628060000,2026,LONG,stop_loss,-71.86584852,-0.016779841909
ID121,ONDOUSDT,1784718120000,2026,LONG,stop_loss,-65.30165541,-0.016344190716
ID121,ONDOUSDT,1787367660000,2026,LONG,take_profit,76.59832833,0.020512658398
V54,ONDOUSDT,1768892460000,2026,SHORT,take_profit,72.37227411,0.018093068528
V54,ONDOUSDT,1769000460000,2026,SHORT,stop_loss,-76.66868169,-0.017873616174
V54,ONDOUSDT,1769356860000,2026,SHORT,take_profit,72.06905150,0.018095006398
V54,ONDOUSDT,1769367660000,2026,SHORT,take_profit,101.70519481,0.023812464993
V54,ONDOUSDT,1769958060000,2026,SHORT,take_profit,87.13314346,0.018626505902
V54,ONDOUSDT,1770289260000,2026,SHORT,take_profit,120.11795306,0.023897203423
V54,ONDOUSDT,1773633660000,2026,LONG,take_profit,104.58512341,0.018991596808
V54,ONDOUSDT,1773698460000,2026,LONG,stop_loss,-96.33858548,-0.016258973733
V54,ONDOUSDT,1777924860000,2026,LONG,stop_loss,-98.38824883,-0.017759926211
V54,ONDOUSDT,1778230860000,2026,LONG,take_profit,98.13983031,0.019069797300
V54,ONDOUSDT,1778252460000,2026,LONG,stop_loss,-92.48321875,-0.016697012317
V54,ONDOUSDT,1778254500000,2026,LONG,take_profit,108.01541012,0.020896870838
V54,ONDOUSDT,1778288460000,2026,LONG,stop_loss,-91.15954632,-0.016275476592
V54,ONDOUSDT,1778290020000,2026,LONG,stop_loss,-85.20893615,-0.016272430618
V54,ONDOUSDT,1779328860000,2026,LONG,stop_loss,-84.35237100,-0.017230371679
V54,ONDOUSDT,1779386460000,2026,LONG,stop_loss,-81.84731435,-0.017956243265
V54,ONDOUSDT,1784170860000,2026,LONG,stop_loss,-69.97801447,-0.016540277192
V54,ONDOUSDT,1784206860000,2026,LONG,take_profit,81.59609144,0.020652782279
V54,ONDOUSDT,1784628060000,2026,LONG,stop_loss,-71.77135431,-0.016779841909
V54,ONDOUSDT,1784718120000,2026,LONG,stop_loss,-65.21579226,-0.016344190716
V54,ONDOUSDT,1787367660000,2026,LONG,take_profit,76.49761152,0.020512658398
