symbol,funding_time,side,ratio,recent_sum,entry_time,r1,r4,r12
SOLUSDT,1672732800018,LONG,1.3088055827605372,-0.00496127,1672736400000,0.005013393684498275,0.005352376738591839,0.10456797065219754
SOLUSDT,1673654400000,LONG,1.0851200916763557,-0.00046299,1673658000000,0.04388469238559289,0.11091532437624257,0.11831022621467971
SOLUSDT,1674316800016,SHORT,1.0312914152295223,0.00050268,1674320400000,0.002791485820636684,0.00007852683658675044,0.007448163533039671
SOLUSDT,1675036800001,SHORT,8.917850016984044,0.00070275,1675040400000,0.021130392646023993,0.02996029959587454,0.08617731539030427
SOLUSDT,1675612800018,LONG,1.3284547469502237,-0.00017960999999999997,1675616400000,0.00025700334245803795,-0.0033900519517939074,-0.0025307238934136915
SOLUSDT,1675670400000,LONG,1.191367305661967,-0.00013846999999999997,1675674000000,-0.0015022429161594528,-0.0020607941347882495,-0.003652226544475493
SOLUSDT,1675728000004,SHORT,1.1538224576707123,0.00008835,1675731600000,-0.011659639409539853,-0.015096442653173794,-0.030225063413601788
SOLUSDT,1675929600006,SHORT,1.4248144358450885,0.000010910000000000016,1675933200000,0.0011816452500774419,0.00429561456534463,0.05895846917745023
SOLUSDT,1676160000004,LONG,1.2200738195889638,-0.00080248,1676163600000,-0.0015960151381993121,0.0003382214416316567,0.008517242259417655
SOLUSDT,1677283200015,SHORT,2.2693303074341644,0.00016781,1677286800000,-0.004099692871256462,0.005028839661093188,0.029178334088191718
SOLUSDT,1677456000011,LONG,1.0288072984175327,-0.00004409,1677459600000,-0.001212488781461928,-0.005467814351600203,-0.017242182755699168
SOLUSDT,1677772800000,SHORT,1.5432145066910044,0.00011899000000000001,1677776400000,-0.0023901463851564737,-0.013892920649534905,0.030463951756593357
SOLUSDT,1678118400000,SHORT,1.1578193716680205,0.00011418000000000002,1678122000000,0.0026726498990247084,0.021681327223936606,0.007943385627624986
SOLUSDT,1678377600002,LONG,1.1350999703089462,-0.00010049,1678381200000,-0.0001654852859776655,-0.0761296163194943,-0.0629439116075257
SOLUSDT,1678608000000,LONG,1.3140085269714978,-0.00041885,1678611600000,-0.004447169484058609,-0.00572939962489332,0.04240707075287573
SOLUSDT,1678694400018,SHORT,1.0402080326873853,0.000002740000000000018,1678698000000,0.01891358468705741,0.01776024248843643,-0.04493950961430784
SOLUSDT,1679702400015,SHORT,1.078760060676029,0.00013449000000000002,1679706000000,0.005486850170974726,0.005824745088871073,0.006839115420988372
SOLUSDT,1679961600007,LONG,1.273843873156324,-0.00011493000000000001,1679965200000,0.0036959260358716156,0.006773860700850174,0.015551786799882545
SOLUSDT,1680480000000,LONG,1.1608520826203306,-0.00004073,1680483600000,-0.019064147234016088,-0.022052643755187028,-0.005823501250599726
SOLUSDT,1680537600011,LONG,1.0821762061893703,-0.000046649999999999996,1680541200000,0.003999906569957657,0.006264355701408458,0.005428091294751557
SOLUSDT,1680912000000,SHORT,1.1029572809907446,0.000029979999999999994,1680915600000,-0.0010337953513813345,-0.0076542250935851385,-0.00999763289352847
SOLUSDT,1681632000007,SHORT,2.233984873575247,0.00045575,1681635600000,0.00850436533725995,0.006102608416444529,-0.0431640659744843
SOLUSDT,1682553600014,LONG,1.5453618470446684,-0.000007900000000000002,1682557200000,-0.018399783118841766,-0.003378535834791238,-0.02011899456383262
SOLUSDT,1683504000000,SHORT,1.1582899166177079,0.00014129000000000002,1683507600000,0.029029479180937682,0.021387211586982573,0.02449368118482855
SOLUSDT,1684454400000,SHORT,2.3160141717299685,0.000038280000000000006,1684458000000,0.0019164154166289552,-0.0017167386190545491,-0.004652879705651858
SOLUSDT,1686009600000,SHORT,6094767358279493,0.00012478,1686013200000,0.010683969994303407,-0.0014025950303212238,0.025229124224734337
SOLUSDT,1686182400006,SHORT,1.31881966866496,0.00015188000000000002,1686186000000,-0.006178119352806666,0.006055265936478869,-0.0066558644052886525
SOLUSDT,1686384000000,LONG,1.7427318233902074,-0.00009621,1686387600000,-0.009775381623461032,-0.02275232228796253,0.03778286099910716
SOLUSDT,1686528000000,LONG,1.0554285564296753,-0.0005602299999999999,1686531600000,-0.007644504706155703,-0.01869578605358348,-0.0068644227579969
SOLUSDT,1687276800000,LONG,1.2622127277411772,-0.00015182000000000002,1687280400000,0.015317450984086,0.02209796625680238,0.04431374400305821
SOLUSDT,1687564800000,SHORT,1.1432599846668139,0.000043190000000000005,1687568400000,-0.004624553013269585,-0.0007529466632399974,0.0014495697316908975
SOLUSDT,1687651200000,SHORT,1.2007020601155742,0.000003759999999999991,1687654800000,-0.0051639360578800385,-0.025381017111708853,-0.0352511512620807
SOLUSDT,1687881600000,SHORT,1.0108161917556036,0.00017114000000000002,1687885200000,0.0011392596045588304,-0.0008984995662720659,0.02678324853600379
SOLUSDT,1687939200000,SHORT,1.0550385948688448,0.00018199,1687942800000,-0.0027952933069066844,-0.004282927623283887,0.0042388793055224945
SOLUSDT,1688601600000,SHORT,1.2505016792828791,0.00013775000000000001,1688605200000,-0.019353290061030193,-0.0040866001057140375,-0.019505802707165978
SOLUSDT,1688745600000,LONG,5.019713275624119,-0.00004002999999999998,1688749200000,-0.009880901762957252,-0.008846094521038957,0.007104248299228802
SOLUSDT,1688860800000,LONG,1.1320081814017449,-0.0000003000000000000073,1688864400000,-0.002417939543408308,-0.015521274078292952,-0.009201044519005648
SOLUSDT,1689033600000,LONG,1.142862449834732,-0.00008907000000000001,1689037200000,0.017819812266355657,0.02407184384801783,0.04241681637899437
SOLUSDT,1689264000000,LONG,1.4715860594239845,-0.00012766999999999998,1689267600000,0.02674727659972724,0.01096472048998329,0.1300627663286393
SOLUSDT,1690041600000,SHORT,1.3342882456455951,0.00022099,1690045200000,0.0057844294797338505,0.014722024655544008,0.03675454386762496
SOLUSDT,1690329600000,SHORT,1.4552787007686352,0.00011695,1690333200000,-0.006300515881182444,-0.0061723299259148715,-0.04744204917471827
SOLUSDT,1690473600001,SHORT,1.006392262285502,0.00013521,1690477200000,0.001983419270556813,0.01734863833461309,0.009316466637348768
SOLUSDT,1690531200000,SHORT,1.0643594227517916,0.00021048,1690534800000,-0.004163556755413549,-0.004365230649411624,-0.014477270588287527
SOLUSDT,1690790400000,SHORT,1.4751380320431406,0.00016664,1690794000000,0.004121361392375766,-0.0039827736951803935,0.03560628958636099
SOLUSDT,1691049600000,SHORT,1.3094170781606038,0.00010875000000000001,1691053200000,-0.0018062076762256835,0.0006175017839122349,-0.01179140056289975
SOLUSDT,1691308800001,SHORT,1.2264873730198205,0.00010932,1691312400000,0.004482186532484647,0.008941164893832993,-0.0006018399287497788
SOLUSDT,1692028800000,SHORT,1.181048143692502,0.00020226,1692032400000,0.014652570089266232,0.01131084579176273,0.007980251432677169
SOLUSDT,1692086400000,SHORT,1.1819076841120104,0.00020293999999999998,1692090000000,-0.006381335242056716,0.0028627320318717745,0.031908462331777264
SOLUSDT,1692230400000,SHORT,1.5256282504630043,0.00015976,1692234000000,-0.002196525206411774,-0.002067451311427602,-0.0011634672632978276
SOLUSDT,1693008000000,LONG,1.0591510939760433,-0.00038176000000000003,1693011600000,0.0028058794160108255,0.0034447157727822172,-0.001726817904492553
SOLUSDT,1693324800000,LONG,2.552064600277093,-0.0003146,1693328400000,-0.0007377692039350412,0.0007832838421993768,-0.0003227070539496992
SOLUSDT,1694160000000,LONG,1.0374389214137718,-0.00022459999999999998,1694163600000,-0.006711093366523029,-0.006558067275275962,-0.008140467237943615
SOLUSDT,1694332800000,LONG,1.2348877832825034,-0.00079475,1694336400000,-0.0005457621703984652,0.00310516960204104,0.000872600404409008
SOLUSDT,1695052800000,LONG,1.0618984427092593,-0.0005276600000000001,1695056400000,-0.013227839667418874,-0.011958062723566898,-0.0026617799408581613
SOLUSDT,1695139200000,LONG,1.0922115552080867,-0.00006741,1695142800000,-0.00690624304402873,-0.006705389415434785,-0.009118299649614756
SOLUSDT,1695859200000,LONG,2.3218679444458017,-0.00019256999999999998,1695862800000,-0.00010363768275406993,-0.0036337249285228676,-0.006863230808656941
SOLUSDT,1696089600000,LONG,1.3105712060708354,-0.0005639499999999999,1696093200000,-0.0019082642918106171,-0.008264316909449268,-0.01188095737963779
SOLUSDT,1696176000000,LONG,1.1269317136444286,-0.00035046,1696179600000,-0.0060230474375652385,0.006645127539811175,0.06607445243568341
SOLUSDT,1696953600000,LONG,1.0742848269140435,-0.00042926000000000005,1696957200000,-0.006875714656338568,0.004512211115077127,0.01635629876145414
SOLUSDT,1697270400000,LONG,1.686650510714535,-0.0005748999999999999,1697274000000,-0.004164975009903561,-0.010171272358561027,-0.00884861133702018
SOLUSDT,1697587200000,LONG,1.1612934411703628,-0.000043929999999999994,1697590800000,-0.0032171161466266673,0.009300461475520135,-0.007242616383006317
SOLUSDT,1697788800005,LONG,2.6884184503891597,-0.00080079,1697792400000,-0.001449841329081624,-0.005699931609847701,-0.005737293138685689
SOLUSDT,1698768000000,SHORT,2.3232123349974967,0.00024712000000000003,1698771600000,0.002432217002892303,-0.025268117308734933,-0.057161481084688735
SOLUSDT,1699545600000,SHORT,3.0359461876293192,0.00048089,1699549200000,-0.0027090439112384787,0.02381357159774062,-0.04651700818393307
SOLUSDT,1699718400000,SHORT,2.128136895478125,0.00050654,1699722000000,0.03795231849298885,0.059868752331936,0.06198295466177717
SOLUSDT,1701504000000,SHORT,7017226154887028,0.00050174,1701507600000,-0.004429454205580066,-0.005329052659822855,-0.0200251204003652
SOLUSDT,1701849600000,SHORT,1.442371800380713,0.00081093,1701853200000,0.01116989989111814,0.041922908011015815,0.03680716321854299
SOLUSDT,1701964800000,SHORT,1.033830438435329,0.00056868,1701968400000,-0.005615617679933383,0.00019681612138967435,-0.08293341744476398
SOLUSDT,1702684800000,SHORT,1.0004786933984406,0.00059754,1702688400000,-0.00791877875099564,-0.012870190520534956,-0.044804513495398136
SOLUSDT,1703059200000,SHORT,1.7037365924963104,0.00048894,1703062800000,-0.02059499751268026,-0.008063246692792589,-0.043595580844176265
SOLUSDT,1703203200000,SHORT,1.578096454299711,0.00051152,1703206800000,-0.04054271152643339,-0.05035583399526597,-0.003802568657268047
SOLUSDT,1703376000000,SHORT,1.2872926569730685,0.00063199,1703379600000,-0.023999635046950872,-0.048908521577612565,-0.03204137078320032
SOLUSDT,1703520000000,SHORT,2.346922113744869,0.00101665,1703523600000,-0.011178292956413139,0.021393971974587957,0.015419433287848429
SOLUSDT,1703664000000,SHORT,1.0502781789969455,0.00065569,1703667600000,0.013205399030312323,0.0056177426165824745,0.024623254881505803
SOLUSDT,1704211200000,SHORT,1.0598202725380883,0.00201112,1704214800000,0.02228420140613541,0.02836064534096634,0.019643685110520726
SOLUSDT,1706284800000,SHORT,696018119159757.5,0.00027999000000000003,1706288400000,-0.0003649870148082997,0.010068013889079564,0.005534036518024889
SOLUSDT,1706400000000,SHORT,1.2146559768143015,0.00028902,1706403600000,-0.0017478422865929038,-0.03386350569586572,-0.04329535939373892
SOLUSDT,1707206400001,SHORT,1.1669044085145905,0.00025616,1707210000000,0.0012379779889432905,0.02073669061203165,-0.011042524167178866
SOLUSDT,1707436800000,SHORT,1.3111982234425021,0.00027069,1707440400000,-0.0062357220118951975,-0.010297898986874138,-0.022736628451487714
SOLUSDT,1707811200000,SHORT,1.1068527457337078,0.00034166000000000003,1707814800000,-0.0009151802890104131,0.009347786549851005,0.01837513750180314
SOLUSDT,1707926400000,SHORT,4.88224748977139,0.00049225,1707930000000,0.0024549401824824927,-0.0010060752309358604,-0.0011779526483850606
SOLUSDT,1708070400000,SHORT,1.7408118826420582,0.00066458,1708074000000,-0.0003955305104468468,-0.01673548659212855,0.01530246890119877
SOLUSDT,1709020800000,SHORT,1.0918533205030443,0.00168074,1709024400000,-0.002811829495666255,0.009463579177026947,0.020467301763810165
SOLUSDT,1709078400000,SHORT,1.1537109273348285,0.0015329999999999999,1709082000000,0.004693913458398955,-0.001443393051098902,-0.02541647552409479
SOLUSDT,1709136000000,SHORT,1.2744731434119514,0.00151905,1709139600000,0.013002756893129762,0.034620843278618404,-0.0558850362624736
SOLUSDT,1709625600000,SHORT,1.3891907553397695,0.00263963,1709629200000,0.00018413804267258436,-0.01561217480606568,0.09666208171215365
SOLUSDT,1710115200000,SHORT,1.0981637036276182,0.0014130500000000001,1710118800000,0.012009057861503457,-0.001515933603476426,-0.06133452057783276
SOLUSDT,1711411200000,SHORT,1.8766525499062883,0.00077074,1711414800000,-0.005319652243437755,-0.026355753036275315,-0.03007651545897626
SOLUSDT,1711584000000,SHORT,1.007932229725102,0.0009218799999999999,1711587600000,0.011992902831437623,0.015418837386769156,0.012372380674485624
SOLUSDT,1711929600000,SHORT,1.3193870603490352,0.00182561,1711933200000,-0.005049668990596573,0.004583493108161013,0.025998254112327254
SOLUSDT,1712707200000,SHORT,2.918155014882377,0.00060412,1712710800000,0.0011947779192616195,0.00758725449499703,0.040853392339075464
SOLUSDT,1713801600000,SHORT,1.0654258507034917,0.00009229000000000001,1713805200000,-0.009900557080120767,-0.008931702448779756,-0.008563291427184226
SOLUSDT,1714003200000,SHORT,1.030633591232321,0.00020643000000000001,1714006800000,0.01806612961936853,0.008167118839325232,0.03426730784579807
SOLUSDT,1714204800001,SHORT,1.027800738949234,0.00011328,1714208400000,-0.0007861895562535539,-0.009036856253897997,-0.03675215654240956
SOLUSDT,1714521600000,SHORT,1.252515462958705,0.00010536000000000001,1714525200000,-0.013683404760747845,-0.006277604542574625,0.010524129686476657
SOLUSDT,1714723200000,SHORT,1.140629174019026,0.00003951999999999999,1714726800000,-0.008228231764011851,-0.03218309617207448,-0.04543843248518068
SOLUSDT,1715068800000,SHORT,1.0043721020428384,0.00016016,1715072400000,0.006613227705288981,0.020010998121229667,0.045155403575885315
SOLUSDT,1715587200001,SHORT,1.4124481161787694,0.00015347,1715590800000,-0.010016502411382593,-0.009290156584031699,-0.02886654961709581
SOLUSDT,1715817600004,SHORT,1.0931175424787323,0.00020255000000000002,1715821200000,0.007141844153156772,-0.009124713429066983,-0.0008481580930239182
SOLUSDT,1716163200000,SHORT,1.077669807722375,0.00020669999999999998,1716166800000,-0.0006927444108969205,-0.03030920621875487,-0.038621287233061984
SOLUSDT,1716912000000,SHORT,1436211301354641.2,0.00034129,1716915600000,-0.0008860472100449681,-0.01729683627028909,-0.0310823362512518
SOLUSDT,1717200000000,SHORT,1.3777522541947482,0.00036081000000000004,1717203600000,-0.000994554000581661,-0.0034766201135537815,-0.0004914093358790529
SOLUSDT,1717545600000,SHORT,1.2197388704754237,0.00050665,1717549200000,-0.007074367949056605,-0.006583904566740864,-0.005608032773117945
SOLUSDT,1717632000000,SHORT,1.0769004639064508,0.00061934,1717635600000,0.0006963568160354786,0.0005409293758714284,0.004358762464684134
SOLUSDT,1717718400000,SHORT,1.16740794382311,0.00051013,1717722000000,0.0005870646350633691,-0.010357644151245803,-0.005151361572163164
SOLUSDT,1718553600000,SHORT,8.756993733836016,0.00023192000000000002,1718557200000,0.0023573526173648303,-0.004402594809554417,-0.0012406112949538046
SOLUSDT,1718697600000,SHORT,5.181864876908661,0.00005903999999999999,1718701200000,0.00904517480533374,0.017974393693940063,0.012563426609616787
SOLUSDT,1719072000000,SHORT,1.067708648929861,0.00014698,1719075600000,0.005243374020930312,0.0032142645659913372,0.0007654265397057289
SOLUSDT,1719331200000,SHORT,1.0028865378009264,0.00006209,1719334800000,0.0013319700201664872,-0.005201675971001954,0.0045491075024228535
SOLUSDT,1719964800000,SHORT,1.041441236072362,0.00020335,1719968400000,0.007923437717780573,0.035103655704611644,0.08103596253373914
SOLUSDT,1720108800000,SHORT,1.219375561012715,0.00023847,1720112400000,-0.00029593679006195293,0.0009179610067026193,0.0742901306412172
SOLUSDT,1720425600000,SHORT,1.1284061521763504,0.00014371000000000002,1720429200000,0.005755144447101628,-0.0003416953818944912,0.01325206184870804
SOLUSDT,1721116800000,SHORT,1.4687838867626293,0.00010051,1721120400000,-0.004387800057426727,-0.008871982679370238,-0.03348568364883737
SOLUSDT,1721491200000,SHORT,1.0929317789917474,0.00012684,1721494800000,-0.02697732762896365,-0.0234639822289709,-0.02015788891460391
SOLUSDT,1722211200001,SHORT,1.1899600451279146,0.00022626000000000002,1722214800000,0.0030626753351354692,-0.028660183386468755,-0.023011153572990883
SOLUSDT,1722384000000,SHORT,1.3455788062304597,0.00023184,1722387600000,-0.00352513819124539,0.008727999280668811,-0.002929279392146726
SOLUSDT,1722556800000,SHORT,1.2114071685038175,0.00023639,1722560400000,0.015244344843310983,0.010742237877207964,0.01847259050824339
SOLUSDT,1722729600000,SHORT,2.0946885445476715,0.00016324999999999998,1722733200000,-0.000145807513511386,0.007429537526799713,-0.005663893721019473
SOLUSDT,1722902400000,SHORT,1.2667931593195674,0.00007725000000000001,1722906000000,0.0021556937747203055,-0.015755446325949503,0.0077504075171510225
SOLUSDT,1723046400000,LONG,1.0305544110181666,-0.00004003999999999999,1723050000000,-0.01264051736467962,-0.021219359660776645,0.026005144006236477
SOLUSDT,1723305600000,SHORT,1.105105502564166,0.000028099999999999992,1723309200000,-0.004802624349267713,-0.005398904099905526,-0.008988503946889147
SOLUSDT,1723420800000,SHORT,1.027731253609338,0.00011177000000000001,1723424400000,-0.004901576426934458,-0.0054524618671572146,-0.04464770259065558
SOLUSDT,1723478400000,SHORT,1.1087865224646682,0.00009659000000000001,1723482000000,0.012460302801565827,0.024540474669395098,0.014040032920413543
SOLUSDT,1723766400000,LONG,1.202095102608369,-0.00004953000000000001,1723770000000,0.0003875791502750644,0.0037777705457481565,-0.01961614773999351
SOLUSDT,1723996800000,LONG,1.190916363559038,-0.00011853,1724000400000,-0.010535836337724465,0.004081122126649618,-0.020051039831068585
SOLUSDT,1724428800000,SHORT,1.0815249629622468,0.00003958,1724432400000,-0.021555073233095075,-0.039477742980103106,-0.06036288999023789
SOLUSDT,1724601600000,SHORT,1.2461763581102678,0.00018425,1724605200000,-0.0024688345888949663,0.0009439127770361668,-0.012314733712875373
SOLUSDT,1724918400001,LONG,1.115173559633968,-0.00007644,1724922000000,0.0011370254574899138,0.0024653622381574656,-0.03411246527833349
SOLUSDT,1725004800000,LONG,1.0761727649477302,-0.00010486999999999999,1725008400000,0.0022788194402919705,0.003166010323214465,-0.022212496350690156
SOLUSDT,1725350400001,LONG,1.0295130166773199,-0.00010403000000000002,1725354000000,0.0027751544144603174,0.00875673469895458,-0.019529870992931877
SOLUSDT,1725753600000,SHORT,1.0073193450774458,0.00006429999999999999,1725757200000,-0.0025924910644311173,-0.007298161759411862,-0.009444636067594783
SOLUSDT,1725868800000,SHORT,1.110876017454383,0.00004814000000000001,1725872400000,0.00400264292010981,0.005371377982017304,-0.035528615167729836
SOLUSDT,1725926400000,LONG,1.5669573308302749,-0.000007710000000000006,1725930000000,-0.004818637361577727,-0.00782331188748239,0.0029961787624180757
SOLUSDT,1726502400000,SHORT,1.4464497465841957,0.000038379999999999995,1726506000000,-0.007256260738334022,0.0027712438043066704,-0.005976874669052296
SOLUSDT,1726588800000,SHORT,1.0432325443224024,0.00014359,1726592400000,-0.005750499135828219,0.002899068349437413,0.009836356561956364
SOLUSDT,1726704000000,SHORT,1.3325507089125834,0.00004985,1726707600000,0.0024124396140933974,-0.022607282819653223,-0.03465851151279146
SOLUSDT,1726790400000,SHORT,1.1606792607943897,0.00020245000000000001,1726794000000,-0.002487852745071595,-0.04391501655527055,-0.0592085807742487
SOLUSDT,1727049600000,SHORT,1.0179785270252137,0.00005165,1727053200000,-0.007386523632418575,-0.009798067507226362,0.017075241968415353
SOLUSDT,1727856000000,SHORT,1.3704172285788327,0.00021306,1727859600000,0.01320034408978,0.02752178091920427,0.04967301804582835
SOLUSDT,1728028800000,LONG,1.0798924763036137,-0.000016049999999999997,1728032400000,-0.0019240059578506134,0.015900411903803778,0.025907143177692143
SOLUSDT,1728086400000,SHORT,1.1593477074344183,0.00001403,1728090000000,0.0032213317403759468,0.011738454110426776,-0.00047223862817251264
SOLUSDT,1728374400000,SHORT,1.0315769749811168,0.00010582,1728378000000,-0.0004040263368671214,0.00209240116514313,-0.006188744604416338
SOLUSDT,1728489600000,SHORT,1.2785283931281926,0.00007171,1728493200000,-0.0025261856697312355,0.014174992541627148,0.00689424350892538
SOLUSDT,1728720000001,LONG,1.1934911192793154,-0.000026330000000000014,1728723600000,0.0009198180232680583,0.008874483080556902,0.007130423340458911
SOLUSDT,1729872000000,SHORT,1.4390405262834878,0.00023160000000000002,1729875600000,0.023541576821877498,0.028496662928202944,0.03227421201630584
SOLUSDT,1729987200000,SHORT,1.0470835136837235,0.00025269,1729990800000,-0.009974126841455839,-0.01078633318650578,-0.02940114162873777
SOLUSDT,1730851200000,SHORT,1.1694698983498222,0.00003335,1730854800000,-0.0043976462494009026,-0.07073881415986508,-0.07784555237255691
SOLUSDT,1731225600000,SHORT,1.2504989140202192,0.00039071,1731229200000,0.00009738520726394946,-0.0012651454171549188,0.01303620519731999
SOLUSDT,1731830400000,SHORT,1.2191668102905857,0.00070546,1731834000000,-0.0015534146751634823,0.012812827250960848,0.00818466367055173
SOLUSDT,1732233600000,SHORT,1.9203829122813363,0.00063945,1732237200000,-0.0023923925520020427,-0.024705062867079148,-0.021212916639192763
SOLUSDT,1733097600001,SHORT,1.8910036224411146,0.0006912400000000001,1733101200000,-0.012169507069926495,0.02440037572765943,0.05658339801116997
SOLUSDT,1733385600000,SHORT,1.1886371885176514,0.00119376,1733389200000,-0.00836012300333535,-0.02412884620229349,0.011428208469369072
SOLUSDT,1733673600000,SHORT,1.2088106144624244,0.00078197,1733677200000,-0.003383954838669739,0.002120801609298861,0.014038162822314605
SOLUSDT,1734422400000,SHORT,3.0914692990027555,0.00024064,1734426000000,-0.02159734027877247,-0.04498631156536666,-0.041810865658127985
SOLUSDT,1734537600000,SHORT,2.997326395406733,0.00019725000000000002,1734541200000,-0.0023580009538669462,0.04279511668885817,0.04062335357083104
SOLUSDT,1734739200000,LONG,1.4470476019239944,-0.00027427,1734742800000,0.0061668318155045625,0.011480829298216219,-0.036323732982201505
SOLUSDT,1735344000001,LONG,1.116885632256445,-0.000014869999999999998,1735347600000,0.0001620089108443815,-0.0045469386555433535,0.008389852375176024
SOLUSDT,1735516800000,SHORT,1.1136147612737581,0.00013413,1735520400000,-0.004310015759345353,0.012726349455631234,-0.005811556414776647
DOGEUSDT,1673683200001,SHORT,25190220984282668,0.0010242,1673686800000,0.058969415201882563,0.05527383413946095,0.05665807706438052
DOGEUSDT,1674460800014,SHORT,1.0081035071891677,0.00049134,1674464400000,-0.005055906506170993,-0.00651175535505606,0.0027069721018942415
DOGEUSDT,1674518400008,SHORT,1.150484120772985,0.00063411,1674522000000,-0.006270315023907274,-0.00972454989199478,0.0020238369849195047
DOGEUSDT,1675238400000,SHORT,1.7100914199138715,0.00038747,1675242000000,-0.0023936471008778235,0.0016353233407308645,-0.011588368161472068
DOGEUSDT,1676016000005,SHORT,1.5863871179935132,0.00015877,1676019600000,0.0025570790188909217,0.009285344660253703,-0.00799422862063087
DOGEUSDT,1676937600001,SHORT,1.1500713988861704,0.00036064,1676941200000,0.005208345107138235,0.00861976529072517,0.02134418756068433
DOGEUSDT,1677283200015,SHORT,2.842644327459466,0.00015828,1677286800000,-0.001720324828308005,-0.000491823445300776,0.0027093612632802114
DOGEUSDT,1677484800003,SHORT,1.2977845914315307,0.00007391,1677488400000,-0.0014825799602228961,0.001113379220598602,0.0032198170231961852
DOGEUSDT,1677772800000,SHORT,1.7133066088793745,0.00011980000000000001,1677776400000,-0.0024987519248210357,-0.0077258951271294415,0.054101970157445986
DOGEUSDT,1678406400000,LONG,3.134480228701853,-0.00003730999999999998,1678410000000,0.00839763695208657,0.007180536543208452,-0.013273848236990585
DOGEUSDT,1678838400011,SHORT,1.5485839971335618,0.00055006,1678842000000,-0.007866182818138091,-0.01051870426726906,0.02055515237457404
DOGEUSDT,1679788800000,SHORT,4.555118529780853,0.00015639,1679792400000,-0.0016229378731305688,-0.007819913113531614,-0.011840827256322704
DOGEUSDT,1679904000009,SHORT,1.2572444760996364,0.00014,1679907600000,0.000680225861205894,-0.019661285105167115,0.014796817441439462
DOGEUSDT,1679961600007,SHORT,1.1605973885500371,0.00004507,1679965200000,-0.0028967535257004135,-0.0012424934296739246,-0.0006904647101626764
DOGEUSDT,1680825600006,SHORT,1.4391240966402747,0.00021732,1680829200000,0.011804028835895573,0.01404024467979755,0.04588396949734095
DOGEUSDT,1681056000010,SHORT,1.1301692625090032,0.00016172999999999998,1681059600000,0.004462946916770864,0.0009632752099457451,0.001324742772168132
DOGEUSDT,1681459200008,SHORT,1.4620859568721425,0.00040602,1681462800000,0.0005553396044316641,0.014427359793197555,0.01769957709940086
DOGEUSDT,1681689600017,SHORT,1.7305835093949362,0.00052733,1681693200000,-0.004958315319423386,-0.010339494223940243,-0.06526549361168565
DOGEUSDT,1682121600000,SHORT,1.1737260148652326,0.00005385000000000001,1682125200000,-0.007894107712058342,-0.009668056479338575,-0.011944233486353331
DOGEUSDT,1682553600014,SHORT,1.5155335442310929,0.00012003000000000001,1682557200000,0.006761012357661175,-0.0018699749885941269,0.009402689470976455
DOGEUSDT,1683244800002,SHORT,1.1133398829079006,0.00025805,1683248400000,-0.0071283397566438535,-0.005859142987716023,0.005379800345565833
DOGEUSDT,1683388800000,SHORT,4.492476643122412,0.00011817000000000002,1683392400000,-0.0006509993068919062,-0.0024715459735744484,0.0013032713952079906
DOGEUSDT,1683590400015,LONG,2.1215795696212045,-0.00017157999999999998,1683594000000,0.0026230428513690364,0.0041385077690858935,0.01127159699871317
DOGEUSDT,1684684800015,SHORT,1.305799694603632,0.00022962000000000001,1684688400000,0.0004154261639749313,0.002495149617224327,0.009598738231883754
DOGEUSDT,1684915200025,SHORT,1.1471713886998995,0.00020366,1684918800000,0.0009836296725063342,0.0009836296725063342,0.0029537963666356106
DOGEUSDT,1686009600000,LONG,32.790230883817934,-0.00000040999999999997744,1686013200000,-0.003616095548031805,0.003153392507214485,-0.004371097471401025
DOGEUSDT,1686412800000,LONG,2.1905134968637836,-0.00010658999999999997,1686416400000,0.025928888376890502,0.011987991501033394,0.022219505847674178
DOGEUSDT,1686787200000,SHORT,1.1947961308368842,0.000005299999999999993,1686790800000,0.005828007504202086,0.0014953894952467284,-0.013686420251102088
DOGEUSDT,1687824000000,SHORT,3.76798736351475,0.00006133000000000001,1687827600000,-0.005246925617635494,-0.0073994479739665905,-0.013524103468980852
DOGEUSDT,1687996800000,LONG,3.530258800107687,-0.00020559000000000002,1688000400000,-0.00015985932413562875,0.0025542798050967007,0.016958961007645098
DOGEUSDT,1689033600000,SHORT,1.0094629486184332,0.00015249000000000003,1689037200000,-0.005083581771189962,-0.007079130825463741,-0.0032379952737753475
DOGEUSDT,1689206400000,SHORT,1.7363446342013689,0.00006967,1689210000000,-0.0016976622643545662,0.00015447594067961152,-0.006773424911317071
DOGEUSDT,1689897600001,SHORT,1.77738606134758,0.00023175000000000002,1689901200000,-0.004382561619802004,-0.02061350419840714,-0.045695337083915266
DOGEUSDT,1690243200000,SHORT,1.9385147682468162,0.00020024,1690246800000,-0.008277750871239886,-0.024892057089061694,-0.03218850639780257
DOGEUSDT,1690646400001,SHORT,1.0378971231652332,0.00023674999999999998,1690650000000,-0.006887782332498264,-0.0324883773276279,-0.02664803764502714
DOGEUSDT,1690761600000,SHORT,2.112849810308419,0.00016526,1690765200000,-0.00012729934458050943,0.0026770364639447505,-0.01352995287054104
DOGEUSDT,1692057600001,SHORT,2.2623459499818965,0.00025154,1692061200000,-0.0006691201320241941,0.0037553692202951633,0.010090902981962831
DOGEUSDT,1692316800000,LONG,2.0866724615960544,-0.00010421000000000003,1692320400000,-0.00605814378414647,-0.004909190026238408,0.0213186368361069
DOGEUSDT,1693180800000,LONG,1.2763557473967784,-0.00007949,1693184400000,-0.0012779554454919577,-0.00239750774155742,0.003187761704872699
DOGEUSDT,1693324800000,SHORT,1.652281182801721,0.00009396000000000002,1693328400000,0.0026917916657114146,0.0062921555908892444,0.01960551410777339
DOGEUSDT,1693699200000,SHORT,1.2360283166223558,0.00004253,1693702800000,0.0020493425632204833,0.0007877117382492058,0.004893845113282113
DOGEUSDT,1694188800000,SHORT,1.712845377867422,0.00009601000000000001,1694192400000,-0.0017470027471904427,-0.00823180206386768,-0.00949224023294535
DOGEUSDT,1694304000000,SHORT,1.6639938902855798,0.00003510000000000001,1694307600000,0.0003163055537996449,0.025301589883267007,0.022224913502774356
DOGEUSDT,1694995200000,SHORT,1.0613958424298195,0.00014999000000000002,1694998800000,-0.0004906370202274939,-0.009119099180913418,-0.025677632001518323
DOGEUSDT,1695168000000,SHORT,1.0880789294249196,0.00017606000000000002,1695171600000,-0.0022278812524977503,0.007034401508681233,0.012020338657137562
DOGEUSDT,1695600000000,SHORT,1.1257009292149704,0.00017394,1695603600000,0.001151410605041925,-0.0003287311009222519,0.0019746591902713613
DOGEUSDT,1696118400000,SHORT,1.3101558048364395,0.00011722000000000002,1696122000000,-0.00016127731669510494,0.0006453694964236418,-0.012024192966801812
DOGEUSDT,1696377600000,SHORT,1.8617655438649345,0.00008713000000000001,1696381200000,-0.003957136243667876,-0.0032987000058881636,-0.008554090653117876
DOGEUSDT,1696809600000,SHORT,1.0214474470300465,0.00010086,1696813200000,-0.002959068409358328,-0.0006583278710443483,0.03195053074123809
DOGEUSDT,1696867200000,LONG,2.774102449973689,-0.0003469,1696870800000,0.0051255878488123355,0.006658155198590308,0.008018468280317105
DOGEUSDT,1697126400000,LONG,1.0596230040202532,-0.00013032,1697130000000,0.0026066571367322987,0.006590381120035491,0.006936043066097258
DOGEUSDT,1698566400000,SHORT,2.1714037247521523,0.00038542000000000003,1698570000000,0.0018839220121623294,-0.0043340142963283045,-0.010513526667445186
DOGEUSDT,1698710400001,SHORT,6.860124203000684,0.00056905,1698714000000,-0.0035798706520939467,0.008354989541133723,0.00258546538738087
DOGEUSDT,1698883200001,SHORT,1.7226690582147428,0.00051721,1698886800000,-0.002453988961566787,0.0008675535535461366,-0.0030305240020390934
DOGEUSDT,1699545600000,SHORT,1.1593612707199201,0.0005968,1699549200000,-0.00809043330534591,0.0005603810737847625,-0.03711766295650237
DOGEUSDT,1699718400000,SHORT,1.5409814481570305,0.0007603499999999999,1699722000000,0.012259347933252618,0.0007462686913505606,0.038400460320296266
DOGEUSDT,1699862400000,SHORT,1.5732725531045184,0.00057642,1699866000000,-0.00948968393598251,-0.004627852455461216,0.015975403068677233
DOGEUSDT,1700179200000,SHORT,1.1087951420495117,0.0008544199999999999,1700182800000,-0.011205296524907342,-0.020080000402831068,-0.04803269455873974
DOGEUSDT,1701590400000,SHORT,10.063817237747577,0.00040393000000000004,1701594000000,-0.0007051357678468076,0.010637140836087765,0.0015295020335693971
DOGEUSDT,1701907200000,SHORT,1.0669671392028741,0.00047792,1701910800000,-0.008694806872684003,-0.013219236184594496,0.007618090586773654
DOGEUSDT,1701993600000,SHORT,1.9066861786030427,0.00078546,1701997200000,-0.0007272349808848591,-0.011572768134000539,-0.01863631800232717
DOGEUSDT,1702108800000,SHORT,1.148416262663094,0.00096767,1702112400000,-0.00411200892697693,-0.001960208409686191,0.01911611719223005
DOGEUSDT,1702166400000,SHORT,1.2926141991473512,0.00113196,1702170000000,0.00239568890783093,-0.0039801047566267265,0.003295553988800485
DOGEUSDT,1703116800000,SHORT,3.486863245090863,0.00045611,1703120400000,0.0027359798188747488,-0.004035562001899503,-0.010653432642591694
DOGEUSDT,1703548800000,SHORT,1.000072624585507,0.00120863,1703552400000,0.002025479078484933,-0.00010649060230501857,0.00587451622648555
DOGEUSDT,1703894400001,SHORT,1.4671043698176562,0.0010441,1703898000000,-0.00076640940960634,0.011788821594513488,0.01467450617189549
DOGEUSDT,1704153600000,SHORT,1.1032537917940664,0.00116876,1704157200000,0.0055824084853280075,0.002250684193211859,0.01108790088229804
DOGEUSDT,1704268800000,SHORT,1.0191581920928485,0.00144008,1704272400000,-0.0005438033741059995,0.08808007031701554,0.11310242718032552
DOGEUSDT,1707811200000,SHORT,3080775852772598.5,0.00038857,1707814800000,-0.0018095185587727316,0.0070277764105663365,0.019138756907574345
DOGEUSDT,1708905600000,SHORT,1.4893220685950594,0.00115441,1708909200000,0.005593768227585092,0.0059444198587858205,0.015222776396988697
DOGEUSDT,1709020800000,SHORT,1.6484140898595192,0.00123322,1709024400000,-0.03369970768598216,-0.022451231658910435,-0.06376787071106295
DOGEUSDT,1709136000000,SHORT,1.0271704581915748,0.00122967,1709139600000,0.08043566807379894,0.03617433937537872,-0.07709822903387657
DOGEUSDT,1709625600000,SHORT,1.2662531576276435,0.00215013,1709629200000,0.01046081206199088,-0.02929113930819881,0.27970628818875415
DOGEUSDT,1710460800000,SHORT,1.2280513536746995,0.0016504,1710464400000,0.0067630137883763035,0.0959231127073634,0.105286246282769
DOGEUSDT,1711411200000,SHORT,1.592797864142908,0.00069502,1711414800000,-0.0073913502637420305,-0.01801547166476731,-0.04674394262018846
DOGEUSDT,1711929600000,SHORT,1.4047349648892828,0.00143188,1711933200000,0.007431226858330533,0.015196461163079437,0.04448292334067357
DOGEUSDT,1712707200000,SHORT,1.1084453764142137,0.00054915,1712710800000,-0.00047469607157386384,0.0043354197122958535,0.03102228358150097
DOGEUSDT,1713600000000,SHORT,1.2501418886438136,0.00012624,1713603600000,0.0074208188186978405,0.0032111171469810344,-0.061163294693430195
DOGEUSDT,1714089600001,SHORT,1.7972058143859941,0.00010421000000000001,1714093200000,-0.0010015692086888534,-0.004399420507393896,0.003278801157483815
DOGEUSDT,1714377600000,SHORT,1.3663918734326235,0.00019700000000000002,1714381200000,-0.004667618092403054,-0.005020339340460331,0.002342004548008108
DOGEUSDT,1714521600000,LONG,1.2859787307950659,-0.000012730000000000009,1714525200000,-0.004118998958631829,0.00811194319762894,-0.039357740124971244
DOGEUSDT,1714752000000,LONG,1.297157201959739,-0.0000019600000000000016,1714755600000,0.00450048979073541,0.030739113893278724,0.0720192413217364
DOGEUSDT,1715328000000,SHORT,1.1803274581218757,0.00013890000000000002,1715331600000,0.004419386500967651,0.011651131403337553,0.058475590005095314
DOGEUSDT,1715529600000,SHORT,1.0072258726441101,0.00015859,1715533200000,-0.00028113579043761674,0.008754645014474524,0.03782143953561006
DOGEUSDT,1715587200001,SHORT,1.073912085059768,0.00020632000000000002,1715590800000,-0.0012464512381733,-0.0026986834355877823,-0.04252785578441455
DOGEUSDT,1715731200000,SHORT,1.3563014601969299,0.0001761,1715734800000,-0.0024672755988174454,-0.0002744425403160657,-0.04179592481719675
DOGEUSDT,1716134400000,SHORT,1.011055300398899,0.00021490000000000002,1716138000000,-0.00574906323087023,0.0008719273499185558,-0.022079464816300864
DOGEUSDT,1716854400000,SHORT,1.4514293559090823,0.00034857,1716858000000,0.013220663354470651,0.02399754309999736,0.02023060262280205
DOGEUSDT,1716969600000,SHORT,3.34306934869178,0.00044289000000000004,1716973200000,0.006119562252471059,0.0049654940343644045,0.006605884450505859
DOGEUSDT,1717372800000,SHORT,1.1022788003737631,0.00038312999999999997,1717376400000,-0.014840346874877425,-0.018906537457507346,-0.03365551895208838
DOGEUSDT,1717545600000,SHORT,1.0315883009643683,0.00039917,1717549200000,-0.0050505157860685716,-0.007872603548605143,-0.0033903561524539164
DOGEUSDT,1718409600000,SHORT,3.813663631176431,0.0002269,1718413200000,0.009643276271804117,-0.0028013287762794293,-0.010282111737594081
DOGEUSDT,1718812800000,SHORT,1.5359181485410611,0.000021179999999999997,1718816400000,-0.006178379136507727,0.0005709857816534607,-0.007474240660684307
DOGEUSDT,1718928000000,LONG,1.1179044434709848,-0.000042319999999999995,1718931600000,0.011418586593389955,0.007011351605982212,-0.0022670238840519735
DOGEUSDT,1719216000000,SHORT,1.0037425760770895,0.00007086000000000001,1719219600000,0.01272281792796796,0.0032078366187471134,0.021898374305840164
DOGEUSDT,1719648000000,SHORT,1.4969843958289495,0.00016877,1719651600000,0.00008074609395154678,0.0024252235007495237,0.012267102120949693
DOGEUSDT,1720108800000,SHORT,1.2407511100323425,0.00006745000000000001,1720112400000,0.004145370037338623,0.0026694911604553785,0.12082129237831483
DOGEUSDT,1720195200000,LONG,1.1071879520283336,-0.00032425,1720198800000,0.012038475430310691,0.013951253366219966,0.023460644158327854
DOGEUSDT,1720252800000,LONG,1.2434881146111059,-0.00032394,1720256400000,0.006348643488537469,-0.0010158379226978022,0.03972114882668712
DOGEUSDT,1721203200001,SHORT,1.0117359085282394,0.00022011,1721206800000,-0.004459316196764897,0.005682515591250649,0.018607810647703383
DOGEUSDT,1721347200000,SHORT,1.2081316481173163,0.00021731000000000002,1721350800000,-0.005795656893059215,-0.011141476506723817,-0.00763650755096832
DOGEUSDT,1721894400000,SHORT,1.3507377414582464,0.00020442000000000002,1721898000000,-0.006015176335527702,0.0077526028282584045,0.00597064868752507
DOGEUSDT,1722124800000,SHORT,1.4042390066619765,0.00024735,1722128400000,0.00505051578606848,0.017090485261000342,-0.0009155413777536561
DOGEUSDT,1722384000000,SHORT,2.326459895983556,0.00008510000000000001,1722387600000,-0.0009545021405563445,0.010801401171176766,0.00031836994856618576
DOGEUSDT,1722816000000,SHORT,1.4110535680393588,0.000036110000000000005,1722819600000,0.05658223175047289,0.06351842516009863,0.16942286250661354
DOGEUSDT,1722988800000,LONG,1.1945054208841193,-0.00007297,1722992400000,0.019320300886174535,0.02732885907309008,0.04543931453702477
DOGEUSDT,1723708800000,SHORT,1.231871965260203,0.00007286,1723712400000,0.00632267073949882,0.005054934453859781,0.039457335735549715
DOGEUSDT,1723766400000,SHORT,2.1786465081820547,0.000001519999999999999,1723770000000,0.0012988961210696843,-0.01161476302164719,0.00943024645001612
DOGEUSDT,1724083200002,SHORT,1.176042766105651,0.000021580000000000007,1724086800000,-0.00797213988038339,-0.005288641773479521,-0.042697173741470626
DOGEUSDT,1724688000000,SHORT,1.2271101354183869,0.00008263000000000001,1724691600000,0.018184888921766073,0.014957242299702252,0.012401511815869293
DOGEUSDT,1724803200000,LONG,2.0952090185263472,-0.00001113000000000001,1724806800000,0.0043595141787936935,0.006683569183326772,0.02468765621883195
DOGEUSDT,1724918400001,LONG,1.6638975112768946,-0.00003124999999999999,1724922000000,-0.0005971932097462744,0.006941029354234542,-0.011609417819926129
DOGEUSDT,1725235200001,LONG,1.1591540948692423,-0.00020144000000000002,1725238800000,-0.0011521341939560727,-0.015294850131600292,0.017947470693722625
DOGEUSDT,1725350400001,SHORT,1.047306569179813,0.00012140000000000001,1725354000000,-0.002930627129070902,-0.012970872114303514,0.008639582122904345
DOGEUSDT,1726473600001,SHORT,1.8440275662036707,0.00012385,1726477200000,0.0068587374498414256,0.01386384724608676,0.03943555900221171
DOGEUSDT,1726560000000,LONG,1.1531704400972647,-0.00008211000000000001,1726563600000,0.0003974167960900152,0.0012910275391676985,0.002481267711422165
DOGEUSDT,1727769600000,SHORT,3.343162639413538,0.00013637,1727773200000,-0.0006779086777708998,0.003566579867672618,0.10275496351426268
DOGEUSDT,1727884800000,SHORT,1.4428985859099743,0.00012008,1727888400000,0.004341267671319049,0.007182716826895961,0.004814282201684351
DOGEUSDT,1728057600001,SHORT,1.3680539145074686,0.00007759,1728061200000,0.004133945531728226,-0.00858060946992432,0.008007774393830453
DOGEUSDT,1728374400000,SHORT,1.080784022599741,0.00020326000000000003,1728378000000,-0.0010224474562700433,0.005782519377026425,0.0015822051790633002
DOGEUSDT,1728432000000,SHORT,1.476676386197931,0.00008690999999999999,1728435600000,-0.008862687257845324,-0.004902650770906923,-0.023099102185088448
DOGEUSDT,1728633600000,SHORT,1.2833993291188897,0.00006188,1728637200000,-0.0054566609382112425,-0.007759854180779354,-0.028794092003774273
DOGEUSDT,1729641600000,SHORT,1057070996564968.6,0.00026961,1729645200000,-0.008653692136939645,-0.0033261057417266087,0.0037006173639955713
DOGEUSDT,1729872000000,SHORT,5.7754490612808675,0.00022071000000000002,1729875600000,0.015012298944718318,0.007514954691900952,0.018071888660304763
DOGEUSDT,1730592000000,SHORT,609059333657538.8,0.00028249,1730595600000,0.011438189819218477,0.03570190982133094,0.05740137679303165
DOGEUSDT,1730736000000,SHORT,11.040159659837418,0.00021267,1730739600000,-0.013389482201217683,-0.011159684825901258,-0.044218991486121385
DOGEUSDT,1731225600000,SHORT,1.4368562332458237,0.00036856,1731229200000,-0.021316880534129425,-0.0722963181424127,-0.1211115985468836
DOGEUSDT,1731398400000,SHORT,1.4488119034314149,0.00073814,1731402000000,0.07548137114169295,0.16052884408988002,0.13889669533458465
DOGEUSDT,1731484800010,SHORT,1.0733437189928816,0.00069298,1731488400000,0.0028386876212558314,-0.025605206742771686,-0.027385370007477983
DOGEUSDT,1731772800000,SHORT,1.0065550176170373,0.0006557900000000001,1731776400000,-0.01402251953435243,0.0035707022606212635,0.03527888282886353
DOGEUSDT,1731830400000,SHORT,1.0159376321506164,0.0006827900000000001,1731834000000,-0.0015804679293989219,-0.005791915689691962,0.014476087487263086
DOGEUSDT,1731888000000,SHORT,1.1118943720705583,0.00078343,1731891600000,-0.019619723794582933,-0.029287098569434972,-0.005201965903856984
DOGEUSDT,1731945600000,SHORT,1.2966031966025373,0.0008449600000000001,1731949200000,-0.00694251779943477,-0.001102224723460178,-0.04014930954016073
DOGEUSDT,1732348800000,SHORT,1.0875843537085788,0.00135935,1732352400000,-0.00854060877527154,-0.014898535294891326,0.08054822504521222
DOGEUSDT,1732406400001,SHORT,1.9671112137898534,0.0012967,1732410000000,-0.01690891452764431,0.00560149015692896,0.07084355140931474
DOGEUSDT,1733097600001,SHORT,2.5649904828486014,0.0008975400000000001,1733101200000,-0.00940082663997848,0.015518525030399088,0.08371447315104645
DOGEUSDT,1733212800000,SHORT,1.5987294331276851,0.0009884199999999998,1733216400000,0.00313153904391747,0.011256974392668038,0.015417297738468356
DOGEUSDT,1733385600000,SHORT,1.3209876013679485,0.00136292,1733389200000,-0.009203878305246162,-0.025983096550631076,0.011250003856217147
DOGEUSDT,1733529600000,SHORT,1.0103215037536473,0.0009944,1733533200000,0.0016899997170989705,0.008916044808838527,-0.022338978082262116
DOGEUSDT,1733673600000,SHORT,1.3629335663160116,0.00122035,1733677200000,-0.0031597640347209273,0.009018129693617375,0.023195316478543386
DOGEUSDT,1734508800000,SHORT,1.5202511200243805,0.0002274,1734512400000,-0.006514173795124343,-0.0006507281877787652,0.06772712970210834
DOGEUSDT,1734768000000,LONG,1.0624387346265667,-0.00010818000000000001,1734771600000,-0.004492131560235566,-0.046473679652677534,-0.049598440490527876
LTCUSDT,1672617600000,LONG,2.1887318795926443,-0.00012323,1672621200000,-0.0035594826504811287,0.0007103786616843031,0.06785521493649035
LTCUSDT,1673683200001,SHORT,2.1269656759409625,0.00043834,1673686800000,0.030278159558323022,0.02675482807350803,0.030961530883322857
LTCUSDT,1675008000008,SHORT,160699835608099.62,0.00030462,1675011600000,-0.0029316322954409525,-0.01250407038800525,0.0018891693276072167
LTCUSDT,1675353600003,SHORT,1.320500461797793,0.00031211,1675357200000,-0.008171445568350625,-0.003894747021462454,0.006625865019707169
LTCUSDT,1676016000005,SHORT,2.8533615187993338,0.00028439000000000003,1676019600000,0.0033500868852819744,0.013905710222013971,-0.010090253063056342
LTCUSDT,1676131200021,SHORT,2.5788812314568323,0.00027709,1676134800000,0.001817696303736455,-0.0031996614328688197,0.003960401216097017
LTCUSDT,1676246400006,SHORT,3.368533318396239,0.00010765000000000001,1676250000000,0.005674837221829211,0.009116811148094177,0.02815257384875957
LTCUSDT,1676448000000,SHORT,1.067928432104374,0.00018887,1676451600000,-0.00010405285894632752,-0.020801903414041843,-0.05928933639988765
LTCUSDT,1677542400011,SHORT,239658412844114.7,0.00029311,1677546000000,-0.0029730325572464834,0.0005318300396588138,-0.00857647270915439
LTCUSDT,1677830400013,SHORT,33.4512982559814,0.00019588,1677834000000,0.002472466982168537,0.001910005636556618,-0.0073809326358358395
LTCUSDT,1678032000015,SHORT,1.3248305547982622,0.00017632,1678035600000,0.0033185871164320984,0.0026539880667149776,0.020642295013888465
LTCUSDT,1678118400000,SHORT,1.5769223068612757,0.00020378,1678122000000,0.002258611914422645,0.015345569674660421,0.006904775861956019
LTCUSDT,1678406400000,SHORT,1.7946022146747829,0.00017924,1678410000000,0.0029204852830116623,0.010929070532190206,0.06857635469719668
LTCUSDT,1678608000000,SHORT,1.0564625916793622,0.00019694,1678611600000,0.005118841158906867,0.009674657694767642,-0.06015254919431691
LTCUSDT,1679356800006,SHORT,2.0065722989853705,0.00021483,1679360400000,0.002787634851325712,-0.0002530364385970347,-0.032369314246380544
LTCUSDT,1679961600007,SHORT,1.5883713659216057,0.00013206,1679965200000,0.0021619169824563527,0.016502781123834954,0.01985946000910455
LTCUSDT,1680105600014,SHORT,1.3317945000352402,0.00010448,1680109200000,-0.00973376745229814,-0.01179954693115503,0.007944431058535862
LTCUSDT,1680192000006,SHORT,1.4354591644462065,0.00011376,1680195600000,0.02100559776610984,-0.004596163015086909,-0.01128440553685415
LTCUSDT,1680739200000,SHORT,1.0518041911609886,0.00020027,1680742800000,-0,-0.0017362999478731833,0.013119243592498709
LTCUSDT,1681689600017,SHORT,3.9998548682733306,0.00047060000000000005,1681693200000,-0.011977406685914007,-0.009654055976677355,-0.01005850492051232
LTCUSDT,1682496000013,SHORT,1.3420506525203004,0.0001532,1682499600000,-0.0030820057417467748,-0.03189682426324484,0.030103543243907398
LTCUSDT,1682899200004,SHORT,2.197527165420809,0.00005301000000000001,1682902800000,0.019369410383114526,0.012261734008594122,0.011234160703584304
LTCUSDT,1683158400000,SHORT,1.1673460124879418,0.00015872,1683162000000,-0.000563920389387318,0.0015806709850898688,0.0054298775943694
LTCUSDT,1683590400015,SHORT,1.9854539098936066,0.00010928999999999998,1683594000000,-0.0065590872409205525,-0.008863825777121364,-0.021193184375063595
LTCUSDT,1684108800006,SHORT,1.2230281832488117,0.00013633000000000002,1684112400000,-0.02248091806005541,-0.04296264521580393,-0.04781646267314473
LTCUSDT,1684310400000,SHORT,1.3959300101483425,0.00015562,1684314000000,-0.01738418399004904,-0.012850008025933198,-0.03436542185879074
LTCUSDT,1684972800000,SHORT,1.5251338659386744,0.00022594,1684976400000,0.013870176719407002,0.007919195100863146,0.0020034182648109525
LTCUSDT,1685577600008,SHORT,2.5520997908679046,0.00018825,1685581200000,-0.004949144003581212,-0.006593430479831905,-0.019435047802976533
LTCUSDT,1686009600000,SHORT,1.2710194924502092,0.00024424,1686013200000,0.011659940055795529,0.0023894873973813557,0.01869856601086268
LTCUSDT,1686182400006,SHORT,1.1728895021454726,0.00023345,1686186000000,-0.0026933020432892817,0.007444203111729971,0.008803668598095296
LTCUSDT,1686268800000,SHORT,1.0888925886520988,0.00024205,1686272400000,-0,0.0003417440370447892,-0.020517008716926112
LTCUSDT,1686412800000,SHORT,2.477280130465372,0.00018849,1686416400000,-0.0324508390416204,-0.02235758565415394,-0.023267562967515424
LTCUSDT,1686787200000,SHORT,1.1547580714522327,0.000011139999999999992,1686790800000,0.006942109143071269,0.009677714733628062,0.003124790260842721
LTCUSDT,1687075200000,SHORT,1.064299978797913,0.00006610000000000001,1687078800000,-0.0028427464550387824,-0.00297177038915748,-0.0018099552452393861
LTCUSDT,1687219200001,SHORT,1.0379012564676773,0.00015305,1687222800000,0.003470217479007106,0.007986645570433047,0.012133878056879275
LTCUSDT,1687939200000,SHORT,1.1698485102003553,0.00026091,1687942800000,-0.0032702668715450414,0.007279590676768117,0.031250686578375125
LTCUSDT,1688400000000,SHORT,1.5452037385720139,0.00035537000000000003,1688403600000,-0.012424841048507381,-0.0025348556031881157,-0.01770287543192892
LTCUSDT,1688659200000,SHORT,1.5089139379802488,0.00023495000000000002,1688662800000,-0.007464628965405972,-0.006853195134067427,0.008348412310989331
LTCUSDT,1688803200000,SHORT,1.0559087229840636,0.00019537,1688806800000,-0.0012266177557590252,0.009764197006031575,0.003586253139183214
LTCUSDT,1689004800000,SHORT,1.1615109117194402,0.00014853,1689008400000,0.004736601666512415,-0.018312862199496724,-0.01593866753587192
LTCUSDT,1689091200000,SHORT,1.3311851648191053,0.00015239,1689094800000,0.0048767930636036275,0.007897786037764792,-0.0025843814456648698
LTCUSDT,1689264000000,LONG,1.4699491907797706,-0.00004583,1689267600000,0.01212136053234482,-0.0022645606093749126,0.0011794772352235732
LTCUSDT,1689379200000,SHORT,1.7071398765002697,0.00015296,1689382800000,-0.002211807737233399,0.0005273427322544105,-0.0006324444186774393
LTCUSDT,1690156800000,SHORT,1.2580003302637377,0.00022617,1690160400000,0.0037782740472221935,0.005943714477626966,0.04057061642832754
LTCUSDT,1690243200000,SHORT,1.7258032438973856,0.0001426,1690246800000,-0.0008989774737356909,0.0010123166040817398,-0.0038150854172809712
LTCUSDT,1690358400001,SHORT,1.0553436997924177,0.00006631,1690362000000,0.0015661710327449462,0.0014542202909542785,-0.009899419033535544
LTCUSDT,1691020800000,SHORT,1.8331915410095785,0.00012914,1691024400000,-0.008076026377479303,0.0067610410529884545,0.017511968255132813
LTCUSDT,1691193600000,SHORT,1.2773023158506498,0.00015308,1691197200000,0.009522718768554771,0.0035299166347042034,0.0013374675226154973
LTCUSDT,1691539200000,SHORT,1.0774750656675494,0.0002118,1691542800000,-0.002973537724731142,-0.0004763606139857975,-0.006175058215855361
LTCUSDT,1691913600000,SHORT,1.4438630953453349,0.00022140000000000001,1691917200000,0.001684109624555478,0.0014433488192514582,0.0008417002841662512
LTCUSDT,1692144000000,SHORT,4.413470943777669,0.00003943000000000002,1692147600000,-0.0018904788540410901,0.005692975082206851,0.011929075469917245
LTCUSDT,1692374400000,LONG,1.0599857221838402,-0.00003322999999999999,1692378000000,0.006360061770788921,-0.0009341429917969075,0.0007777864590593054
LTCUSDT,1693324800000,SHORT,1.0207152245826285,0.00014888,1693328400000,-0.006334602236238946,0.008266307675423414,0.02116403886513404
LTCUSDT,1693526400000,SHORT,1.2516477933711503,0.00013483,1693530000000,0.00422238487984825,0.0032825351866060232,0.0032825351866060232
LTCUSDT,1694188800000,SHORT,1.4356272849467695,0.000026839999999999994,1694192400000,-0.0020801671634029075,-0.00032030749793395317,-0.005271998791179082
LTCUSDT,1694419200000,SHORT,1.0151615963692153,0.000000009999999999994822,1694422800000,0.005414731418177109,0.014837067430467624,0.047931426461014136
LTCUSDT,1694620800000,SHORT,1.1135223321831864,0.00008957,1694624400000,0.0016191713382065196,-0.0024238518774858005,-0.005807404610064251
LTCUSDT,1695225600000,SHORT,1.0493307813228077,0.00018979,1695229200000,-0.0032389941172810592,0.004335043172222478,0.0007727378485126609
LTCUSDT,1695283200000,SHORT,1.1278523730562695,0.00018267,1695286800000,0.0012525443942244488,0.002506659623654859,-0.011666928635096633
LTCUSDT,1695340800000,SHORT,1.504011522876727,0.000021979999999999996,1695344400000,-0.004767406184451549,-0.00046235648508020097,0.002933232516057897
LTCUSDT,1695542400000,SHORT,1.1348243340696584,0.00007933,1695546000000,-0.0003088326151784477,0.0017002863668072058,0.007440741196452395
LTCUSDT,1696262400000,SHORT,1.3302753445592057,0.00019701,1696266000000,-0.0046313670592882435,0.012658396871923465,0.007817237643758574
LTCUSDT,1696377600000,SHORT,1.272388355533601,0.00018431,1696381200000,-0.005624136055720878,-0.004844894997042963,-0.009200844635086974
LTCUSDT,1696809600000,SHORT,1.198310012604697,0.00017017,1696813200000,-0.0026115691930381204,-0.0010761781344596146,0.029503427678758715
LTCUSDT,1697155200000,SHORT,1.164379326644614,0.00011157999999999999,1697158800000,0.0006532745618579238,-0.0003264773127267915,-0.007968169649176881
LTCUSDT,1697270400000,SHORT,1.0014802454822052,0.000027190000000000002,1697274000000,-0.0016268101847122757,-0.000813735906241683,-0.006006024060211728
LTCUSDT,1697356800000,SHORT,1.2893199076518953,0.00008214,1697360400000,0.0008129420820038926,0.001626545576562922,-0.007609524292692681
LTCUSDT,1697673600000,SHORT,1.0185236926204464,0.00018844,1697677200000,0.004477990731882806,-0.0008270614978102465,-0.01151707366716689
LTCUSDT,1697760000000,SHORT,1.2546127253591945,0.000040549999999999996,1697763600000,0.0001621665453972607,-0.013848852575805001,-0.02798168010679985
LTCUSDT,1697846400000,SHORT,1.0319911812117988,0.00009854,1697850000000,-0.0009462230638176987,-0.005820829775760746,-0.013633369512554405
LTCUSDT,1698796800000,SHORT,2859900537596963.5,0.00038222,1698800400000,0.0011627908286901735,0.008900620516006435,0.00568141960888077
LTCUSDT,1699545600000,SHORT,1.1931802435501313,0.00042940000000000003,1699549200000,-0.008269722649401491,0.0015494051976338635,-0.040951472414900165
LTCUSDT,1699718400000,SHORT,4.486890766923454,0.00056229,1699722000000,-0.0004005607904548782,-0.013134517180646982,0.005356199200524847
LTCUSDT,1701676800000,SHORT,10631233280359232,0.0006056400000000001,1701680400000,-0.0005390109280211979,0.005948374981505325,0.02871403178494717
LTCUSDT,1701993600000,SHORT,1.1893419332302835,0.0007207699999999999,1701997200000,-0.0010840109462583103,-0.011591988544673413,-0.02516866454191835
LTCUSDT,1702051200000,SHORT,1.4702918522974413,0.0006926,1702054800000,0.0051780050967529375,-0.010404049919388744,-0.01968869531345003
LTCUSDT,1702108800000,SHORT,1.0018023301996808,0.00062889,1702112400000,0.0021902991427341315,-0.0009004953332501659,0.009569451016150785
LTCUSDT,1702684800000,SHORT,1.0669780926087018,0.0005054,1702688400000,-0.0004191993354199049,-0.0064084922583156215,-0.013603763372861219
LTCUSDT,1703088000000,SHORT,2.395752241589628,0.0005239,1703091600000,-0.003095977705127992,0.014766703082157915,0.015768492074704946
LTCUSDT,1703894400001,SHORT,1.2239445232703559,0.00117122,1703898000000,0.003409481652620433,0.00313629492779621,0.0012260746716769584
LTCUSDT,1704153600000,SHORT,1.4318160087771465,0.00114218,1704157200000,0.003451025458465421,0.004648391396769508,0.013070338108592152
LTCUSDT,1704240000000,SHORT,1.4862266539057731,0.00153013,1704243600000,-0.003679230150254915,-0.00040947246869816424,0.10877932240661178
LTCUSDT,1707955200000,SHORT,1315512507077562.2,0.00033782,1707958800000,0.0055393934700389506,0.004969836285341195,0.006964707280319997
LTCUSDT,1708387200000,SHORT,1.230492248790648,0.00089013,1708390800000,0.001971831624808195,0.0023948733007217817,0.010182523278405737
LTCUSDT,1708761600001,SHORT,1.0377208092659642,0.00084318,1708765200000,-0.0024406013119550574,-0.006733067482101411,-0.010580596275520104
LTCUSDT,1709020800000,SHORT,1.0169317369096764,0.00185585,1709024400000,0.0027680766373073457,0.013650732149588951,0.02115143701820633
LTCUSDT,1709193600000,SHORT,1.1995581325987041,0.0020223999999999997,1709197200000,0.009591526212403051,0.002056245054716673,0.0002416918440769055
LTCUSDT,1709625600000,SHORT,1.5665993380162595,0.0022836799999999997,1709629200000,0.002439566523736494,0.008117920588833722,0.14618968871916607
LTCUSDT,1710259200000,SHORT,1.1975458796113154,0.00211702,1710262800000,-0.0071499190661074834,-0.008697507716485366,-0.01486402263214934
LTCUSDT,1711411200000,SHORT,1.1391869383566922,0.0007074399999999999,1711414800000,-0.0036353661628951823,-0.007038410228631597,-0.006380659711604935
LTCUSDT,1711468800000,SHORT,1.2301854907654544,0.00087587,1711472400000,-0.006101024460642254,-0.08543299388994595,-0.09526896903182319
LTCUSDT,1711728000000,SHORT,2.3920592503493197,0.0016260200000000002,1711731600000,-0.008239853410951252,-0.006446130956924278,0.0048620144398202935
LTCUSDT,1711987200000,SHORT,1.0154885894191636,0.00166285,1711990800000,0.0043564224716045215,-0.006951118503858877,0.01805526682976637
LTCUSDT,1712851200000,SHORT,1.3844519758519302,0.00035128000000000004,1712854800000,-0.01695481532926036,-0.036144195462596014,-0.026544768441751163
LTCUSDT,1712966400000,SHORT,1.1638401513355807,0.00038739,1712970000000,0.026642982594555394,-0.007914380231026436,-0.004546787197681881
LTCUSDT,1713254400000,SHORT,2.0865270191756458,0.00021647000000000002,1713258000000,0.0016506892199656157,0.006363773544602654,-0.004935781709330739
LTCUSDT,1713628800000,SHORT,1.0580468249765593,0.00018169,1713632400000,-0.016993564474642914,-0.013476974284042665,-0.010537006270036056
LTCUSDT,1713801600000,SHORT,1.3144999576798686,0.00017334000000000002,1713805200000,-0.007511772411062185,-0.015315667353580205,0.006738012371143377
LTCUSDT,1714118400000,SHORT,1.0543747277588735,0.00020604,1714122000000,0.007040629881734325,-0.022088206476009894,-0.03244273945159079
LTCUSDT,1714262400000,SHORT,1.5030887299225808,0.000058429999999999995,1714266000000,-0.003207605957784538,-0.003326208816252376,-0.0021395467569819966
LTCUSDT,1714982400000,SHORT,1.3150553863410048,0.00015946,1714986000000,-0.005387621532378821,0.02874040972507752,0.025779637762045227
LTCUSDT,1715731200000,SHORT,2.0183459516099815,0.00010797000000000001,1715734800000,-0.005842028299325361,-0.00647497977308031,-0.015419921304239944
LTCUSDT,1716998400000,SHORT,962459837938554.9,0.00032767,1717002000000,-0.0015484488830327734,0.00250641654159035,-0.00166746108192355
LTCUSDT,1717257600001,SHORT,4.6109032145788085,0.00038328,1717261200000,0.0005991970938460286,0.0007190796091248473,-0.0002395783432637368
LTCUSDT,1717574400000,SHORT,2.118187551700542,0.00041008,1717578000000,-0.00415554174728696,0.0017862463814639926,-0.0104155279372934
LTCUSDT,1718697600000,SHORT,4621685531871911,0.00016713,1718701200000,0.005035737079160276,0.02432273802113904,0.018912445292891482
LTCUSDT,1718928000000,SHORT,1.4124146571094436,0.00007846,1718931600000,-0.0009410500123123681,0.0001345080370578268,0.01654499362330422
LTCUSDT,1719273600000,SHORT,1.0589456143779463,0.0001206,1719277200000,-0.001577853013290052,-0.01609148284824281,-0.01212827879309422
LTCUSDT,1719331200000,SHORT,1.1564106067520696,0.00015411,1719334800000,-0.0015480968541111725,-0.008694487528971253,-0.0025320030407313694
LTCUSDT,1719734400000,SHORT,1.4164404925830842,0.000051080000000000006,1719738000000,0.004114959015501378,0.007846306628359572,0.009449727602565714
LTCUSDT,1720166400000,SHORT,2.4136809891375384,0.000040439999999999986,1720170000000,-0.02590418451996948,-0.03366400753335875,-0.0655807307160149
LTCUSDT,1720569600000,SHORT,1.0503881998616467,0.00006553,1720573200000,-0.005405001190266463,-0.021295327904650305,-0.022961363882593434
LTCUSDT,1721059200000,LONG,1.50803394367399,-0.000017829999999999997,1721062800000,-0.005664132956851129,0.018189951651359046,0.02908435713458128
LTCUSDT,1721203200001,SHORT,1.1782825373745314,0.00014614,1721206800000,0.00013761783548866925,-0.0008253095379047395,0.008152031328462064
LTCUSDT,1721433600001,SHORT,1.102620134191586,0.00004649,1721437200000,0.004378769995847537,0.0021869882965039277,0.00795069301325408
LTCUSDT,1721577600000,LONG,1.1356455004763282,-0.00005004999999999999,1721581200000,-0.012026931904165112,-0.0016315435298347688,0.0004074702942624836
LTCUSDT,1722499200000,SHORT,1.360441173006476,0.00020901,1722502800000,0.0008521517345663515,-0.002976825502531197,0.03510653044045796
LTCUSDT,1722614400000,SHORT,1.3189123011936144,0.00017009000000000002,1722618000000,0.0035273405179682992,-0.0025991911276978855,0.002912995543954178
LTCUSDT,1722700800001,SHORT,1.1416616455981985,0.0002162,1722704400000,0.02049027658498296,0.02587770840812065,0.0006194827517299141
LTCUSDT,1722988800000,SHORT,1.2099476511134557,0.00004423,1722992400000,-0.010296984750049538,-0.01998187907268973,-0.004990116179646934
LTCUSDT,1723104000000,SHORT,1.0412396661430914,0.00003168999999999999,1723107600000,0.0027633869053093475,-0.008757675961424963,-0.031074747562956345
LTCUSDT,1723881600000,SHORT,1.0199015005543723,0.00019112,1723885200000,0.006149250722955652,-0.013367197402459252,-0.011003828503293843
LTCUSDT,1724256000001,SHORT,1.2049702776750988,0.00010749,1724259600000,-0.00047950132781597376,-0.022604297608451777,-0.012392913615418754
LTCUSDT,1724803200000,SHORT,1.6533460123875676,0.00004614,1724806800000,-0.000996512289739076,-0.008603626863553556,-0.02218478955049984
LTCUSDT,1725120000000,SHORT,1.0168535790967193,0.00014703,1725123600000,0.004902721632876819,0.007979173836270361,0.016799347070767173
LTCUSDT,1725292800000,SHORT,1.3952721711513203,0.00007209000000000001,1725296400000,-0.002938676617953842,-0.013385844919954107,-0.017808269207374012
LTCUSDT,1725667200000,SHORT,1.007404336290968,0.000049819999999999994,1725670800000,-0.00015886885409550745,-0.015137469747228427,-0.007281969806919538
LTCUSDT,1725753600000,LONG,1.4353749096383124,-0.0000002899999999999989,1725757200000,-0.0012940797664879348,0.0037111781198780076,-0.008441608570818073
LTCUSDT,1726070400000,SHORT,1.008433011969475,0.00008548,1726074000000,-0.007099094028613054,-0.0019411199883446481,-0.004684605934095391
LTCUSDT,1726387200000,SHORT,1.081265842179116,0.00013077,1726390800000,-0.0012353306079928082,-0.00015449980718260347,0.01009403709930614
LTCUSDT,1726588800000,LONG,1.4957817455647704,-0.00005811999999999999,1726592400000,0.0007873396202336558,-0.0017343323227827206,0.0065944657252807485
LTCUSDT,1727020800000,SHORT,1.0615205715992215,0.00019541000000000003,1727024400000,-0.0020771520821445894,-0.007251234140302939,-0.01181174222838714
LTCUSDT,1727308800005,SHORT,1.09328103989248,0.000173,1727312400000,-0.005299429466498593,-0.010420693860351523,-0.02429633610271338
LTCUSDT,1727827200000,SHORT,1.4109708837433161,0.00021828,1727830800000,-0.007201032995750386,-0.0045458186282798345,0.006462312662144201
LTCUSDT,1727942400000,SHORT,1.2552645348844758,0.00018506000000000002,1727946000000,-0.008264509849893431,-0.0050939301488328965,-0.0071559500721024615
LTCUSDT,1728144000000,SHORT,1.3596875040829055,0.00015405,1728147600000,-0.0009111617942456437,0.010999194300670258,-0.009676519411254312
LTCUSDT,1728835200000,SHORT,1.7770789878594309,0.00022051000000000001,1728838800000,0.005246116028114366,0.004163781171779724,-0.006748491869283543
LTCUSDT,1729699200000,SHORT,122437969987123.95,0.00029648,1729702800000,-0.00350365321914851,-0.020123733739989966,-0.025982985943914096
LTCUSDT,1729929600001,SHORT,28.638377059899828,0.00025446,1729933200000,0.0034797773260398118,0.005078731079015798,0.007554881204430631
LTCUSDT,1730044800000,SHORT,1.9898917424323355,0.00016992,1730048400000,-0.002121791587452968,-0.0024043572858575032,-0.0007077642025225133
LTCUSDT,1731225600000,SHORT,2302320804956738.5,0.00036619,1731229200000,-0.00378023001166595,-0.01426372730652402,0.023654885576064297
LTCUSDT,1731369600002,SHORT,2.1705402956741544,0.0007231099999999999,1731373200000,0.00947515142628406,0.01099954196538043,0.04803601632071792
LTCUSDT,1732233600000,SHORT,1.3422950699216374,0.00037677,1732237200000,-0.017742758636552593,-0.012342403857736379,-0.02376984389138263
LTCUSDT,1732348800000,SHORT,6.223044329762226,0.0008938199999999999,1732352400000,0.007302500685500228,0.0057401529406927755,0.04585501145410982
LTCUSDT,1733097600001,SHORT,2.4276203614740517,0.00114052,1733101200000,0.015402360701693209,0.07807268368677792,0.07355309112566352
LTCUSDT,1733212800000,SHORT,1.1758461294062164,0.00099716,1733216400000,-0.0013533836652235309,0.007855618613633656,0.006643037942131674
LTCUSDT,1733385600000,SHORT,1.077678101130763,0.00136159,1733389200000,0.004292510040342235,-0.0891443817364403,-0.04852059980566545
LTCUSDT,1733558400000,SHORT,1.0547898245826242,0.00098939,1733562000000,-0.006557878354927998,-0.0027012244933666647,0.0189666583712597
LTCUSDT,1734739200000,SHORT,603146136243388.1,0.00028266,1734742800000,-0.0020846783744774135,-0.029762353389778905,-0.004165019904388101
LTCUSDT,1735372800000,SHORT,3.215204263013899,0.00022068,1735376400000,0.0005013285310796141,0.009770916315398403,-0.00778835689264815
AVAXUSDT,1672588800000,LONG,1.1579805643297918,-0.00007702000000000002,1672592400000,0.006485707901003959,0.010541012997791921,0.009160369398664195
AVAXUSDT,1672905600011,LONG,1.164385722984973,-0.00016943000000000004,1672909200000,-0.00142719245146097,-0.0037823117164987965,-0.00791716423856549
AVAXUSDT,1673481600000,LONG,3.376888918263034,-0.00031318,1673485200000,0.01098739667484176,0.003340374328402878,-0.0333139500526632
AVAXUSDT,1673769600002,SHORT,1.1124636761553388,0.00060559,1673773200000,-0.013448691285995976,-0.016385730660945428,-0.04695185489579204
AVAXUSDT,1674288000001,SHORT,1.7450387328137857,0.00066904,1674291600000,-0.013596285514935764,-0.0019042678653249825,-0.0009814393305757217
AVAXUSDT,1674403200023,SHORT,1.2579653728579048,0.00060474,1674406800000,-0.01010109598650392,0.03698970117424675,-0.0035080916897402585
AVAXUSDT,1674892800018,SHORT,1.0637554573080426,0.00067626,1674896400000,-0.0026451154290892294,-0.002498347981845477,-0.005185667899730783
AVAXUSDT,1675324800023,SHORT,4.192043112470724,0.0008404899999999999,1675328400000,0.00009114108646478551,-0.005045350581298267,-0.00920787582052333
AVAXUSDT,1676102400002,SHORT,2.710696035843331,0.00020667,1676106000000,-0.0010108952899508309,-0.0001685535301909705,-0.000393247385759132
AVAXUSDT,1676304000002,SHORT,1.4823738870671042,0.0000679,1676307600000,0.011903855344415074,-0.013605652055778678,-0.011533351060884873
AVAXUSDT,1676937600001,SHORT,2.9000078118400463,0.00043564,1676941200000,0.00984849130417167,0.012958309165128074,0.030534489445403178
AVAXUSDT,1677283200015,SHORT,1.4027024797214511,0.00018406,1677286800000,-0.0034932626538964158,0.000765780586596657,0.007463949914144725
AVAXUSDT,1677830400013,SHORT,2.2868068247182776,0.00013949,1677834000000,0.003953415726043814,-0.0004248217329859845,-0.0006068329575141072
AVAXUSDT,1678118400000,SHORT,1.2197017316391678,0.000023829999999999994,1678122000000,0.002113335931309563,0.01654237077818809,0.00223423298761345
AVAXUSDT,1678320000010,SHORT,1.4138713335552566,0.00014637,1678323600000,-0.0006596741449068157,-0.012981235196217179,-0.017725046282269855
AVAXUSDT,1679529600016,SHORT,1.0475927533452998,0.00021005,1679533200000,0.010846548285520913,0.0016105464425531283,-0.03167791860150676
AVAXUSDT,1679760000011,SHORT,2.489217006428261,0.00019885,1679763600000,0.004368779203918316,0.01510211910169518,-0.021971117677177732
AVAXUSDT,1680480000000,SHORT,3.371854778918987,0.00023631000000000002,1680483600000,0.01833194327913983,0.016619260149727852,0.000058036621124274604
AVAXUSDT,1680912000000,SHORT,1.3015659043428716,0.00026178,1680915600000,-0.0014861391703525995,-0.006158778591170687,-0.008260037279520186
AVAXUSDT,1681660800002,SHORT,1.0567036655208923,0.00034755,1681664400000,0.0035341235266781366,-0.024749553172889044,-0.07691300232075637
AVAXUSDT,1682611200005,SHORT,1.019113242037103,0.00011146000000000001,1682614800000,-0.004253756804030189,-0.011022353912649866,-0.007643782085760569
AVAXUSDT,1682928000008,SHORT,1.199886163782116,0.000051750000000000004,1682931600000,0.0015827889695310064,0.002110942498430328,0.03311008653555376
AVAXUSDT,1683388800000,SHORT,1.3977687046831968,0.00016921000000000001,1683392400000,-0.0035683003781646493,-0.006461960463350814,-0.0019973979948188017
AVAXUSDT,1684396800026,SHORT,1.0422902960675962,0.00021158,1684400400000,0.0003320383866877363,0.009741203262999787,0.03341857543398808
AVAXUSDT,1684454400000,SHORT,2.5844577464269647,0.00010676,1684458000000,0.005937165561939313,0.0004764011387614552,-0.0011560301855254066
AVAXUSDT,1684569600014,LONG,1.0234538054898108,-0.000004509999999999996,1684573200000,-0.0013015037628542462,-0.0008218052784115252,0
AVAXUSDT,1684656000001,LONG,1.0673444941923342,-0.00003063000000000001,1684659600000,-0.0006164172655030503,-0.008250304618390648,-0.02026558963328637
AVAXUSDT,1685577600008,SHORT,2.5613694176054795,0.00016014,1685581200000,-0.000569071006963555,0.0011391144617762185,-0.011038889339003294
AVAXUSDT,1686009600000,SHORT,1.00803822788621,0.00024557,1686013200000,0.0018754964741558007,-0.01884693136092344,-0.0018719855707909087
AVAXUSDT,1686384000000,LONG,14.765898358309297,-0.00012844999999999998,1686387600000,-0.010467646171856432,-0.012925944161396976,0.0014740952159857277
AVAXUSDT,1687305600000,LONG,1.2386728934651305,-0.00012182999999999998,1687309200000,0.00835248878102642,0.011039896237432165,-0.00016447368458125848
AVAXUSDT,1687996800000,SHORT,3.698128743484586,0.000026419999999999994,1688000400000,-0.000487804887721773,-0.003976793781393835,-0.0379782378703294
AVAXUSDT,1688112000000,SHORT,1.2190205620359418,0.00007308,1688115600000,0.006768858790925982,-0.008002458529386693,0.020445599060935852
AVAXUSDT,1688572800000,SHORT,2.3173419790800263,0.000021660000000000006,1688576400000,-0.002927564697244174,-0.0012670258267717582,0.001982947308493416
AVAXUSDT,1689292800000,SHORT,1.2423048181487457,0.00007103,1689296400000,-0.002799305415858722,-0.00972962259541387,-0.039809585584780385
AVAXUSDT,1689955200000,SHORT,6.893105663775848,0.00022420000000000003,1689958800000,-0.005880260758638828,-0.004950327575274676,-0.003302939744338449
AVAXUSDT,1690041600000,SHORT,4.541830646676624,0.00016089,1690045200000,0.003931280543632232,0.0048070012447114195,0.011325976903834783
AVAXUSDT,1690300800000,SHORT,2.2611634019872553,0.0001246,1690304400000,-0.0062949848162210265,-0.00210273432838788,0.008986279086396503
AVAXUSDT,1690473600001,SHORT,1.087285229542338,0.00001636,1690477200000,0.0022730726562469176,0.006834777517930258,0.0025765397703275046
AVAXUSDT,1690819200001,SHORT,1.1233630551660578,0.00014826,1690822800000,-0.004634644477028274,0.007772462570025364,0.027870077190912806
AVAXUSDT,1691251200001,LONG,1.2486003044099467,-0.00007865000000000001,1691254800000,0.0036557171384698226,0.003898957095885763,0.027057971218084145
AVAXUSDT,1691884800000,SHORT,1.0391474654549924,0.00002392,1691888400000,0.0008907243797137682,0.0023499869005220247,0.0007287154688693327
AVAXUSDT,1692000000000,LONG,1.4268630490623935,-0.000043919999999999986,1692003600000,0.0004052356500728036,-0.0020286451554957403,0.00048626307790144004
AVAXUSDT,1692144000000,LONG,2.1149885087128384,-0.000049179999999999987,1692147600000,0.0019459374134089872,-0.0028835572520470735,-0.02391166760730004
AVAXUSDT,1692259200000,LONG,1.1606236017687197,-0.00009815000000000001,1692262800000,0.002965032258568877,-0.0011360162011689544,-0.025564171326670784
AVAXUSDT,1693296000000,LONG,1.1709084671090944,-0.00007473000000000001,1693299600000,-0.0013422820807294047,-0.003647537159818942,0.03409635241270809
AVAXUSDT,1693353600000,LONG,1.0048915020631843,-0.00025839,1693357200000,-0.0029898181666227416,-0.005425644741044372,-0.01997616600274424
AVAXUSDT,1694131200000,LONG,1.0497355138902127,-0.00021337,1694134800000,-0.008532644287710476,-0.0027700848738157124,-0.016636335275726576
AVAXUSDT,1694304000000,LONG,1.2749755786381072,-0.00037748999999999997,1694307600000,-0.011627439739214537,-0.040289314595019145,-0.020985935825302712
AVAXUSDT,1695052800000,LONG,1.265528693221141,-0.00026972,1695056400000,-0.01536563768291119,-0.013939025643973105,-0.01010823236405123
AVAXUSDT,1695254400001,LONG,1.0529729722426064,-0.00011035,1695258000000,-0.0003314734022947427,0.002317242416201081,-0.01963472270094346
AVAXUSDT,1695312000000,LONG,1.4092094510909756,-0.00005965,1695315600000,0.0009026289679748395,-0.002712785658235478,0.002367665574183541
AVAXUSDT,1696377600000,SHORT,1.1415895870970423,0.00016189999999999998,1696381200000,-0.004978904105024991,-0.012293910905717105,-0.05365595250034162
AVAXUSDT,1696550400000,SHORT,1.4529121952219308,0.00020742000000000002,1696554000000,-0.0019669557875877314,-0.02094470407063762,-0.04070385405110009
AVAXUSDT,1696694400000,SHORT,1.0276598503992924,0.00007772000000000001,1696698000000,0.0029889623563832267,0.003278691461698347,0.00048148684063716555
AVAXUSDT,1696896000000,SHORT,1.2337633412983546,0.00010811999999999999,1696899600000,0.006613155891717341,-0,-0.006569709223161041
AVAXUSDT,1697011200000,SHORT,1.06108306011423,0.00012637,1697014800000,-0.01088707519366664,-0.00918711728321807,0.0019336132353946873
AVAXUSDT,1697673600000,SHORT,1.3205645035311107,0.00010513,1697677200000,0.011344421152973325,0.0047489912862035,-0.002366064987545386
AVAXUSDT,1697875200000,SHORT,1.2801184956481548,0.00011596,1697878800000,-0.0021324243073592066,-0.014832351588256121,-0.028411001832779944
AVAXUSDT,1697961600000,SHORT,1.5909739972032408,0.00014492999999999998,1697965200000,-0.0031660139809438726,-0.00173744230941781,-0.014320053774748471
AVAXUSDT,1698710400001,SHORT,42.38045919585281,0.00038155999999999997,1698714000000,-0.006037103286341572,0.007031584160871794,0.008513647114685767
AVAXUSDT,1698883200001,SHORT,5.703343786849537,0.00051014,1698886800000,0.005892479607805515,0.005974564565783038,0.01678637293482106
AVAXUSDT,1699286400000,SHORT,1.0648056822626613,0.00043531,1699290000000,0.0017841217935013313,-0.006950908430890354,0.0006202031364008985
AVAXUSDT,1699545600000,SHORT,2.1788891267660153,0.00066464,1699549200000,-0.013320697447538324,0.029258870479583917,-0.03630673895321672
AVAXUSDT,1699891200000,SHORT,1.0508768245746438,0.00070286,1699894800000,0.014545711002378751,0.021605868111319756,0.036828299051932176
AVAXUSDT,1699948800000,SHORT,1.1634943564817088,0.00068046,1699952400000,0.023553762533380606,0.03551222850801681,0.032538867611431654
AVAXUSDT,1700150400001,SHORT,1.1528315064240566,0.0008153500000000001,1700154000000,-0.003977554189994166,0.0461278711689081,-0.04920760299856929
AVAXUSDT,1700985600000,SHORT,1129768541244823.5,0.00033248,1700989200000,-0.00004711314221953926,0.0012728945923479091,-0.003996713913114609
AVAXUSDT,1701475200000,SHORT,6.379077348960349,0.0003936,1701478800000,-0.0030566414455345256,-0.008553282354441076,-0.004558724160420882
AVAXUSDT,1701676800000,SHORT,5.797628057029699,0.00055945,1701680400000,0.001852097367638047,0.034968597837746855,0.031234361520631346
AVAXUSDT,1702080000000,SHORT,1.191804593892954,0.00096685,1702083600000,0.014770282843796457,-0.0084954258345574,-0.060656219888955025
AVAXUSDT,1702166400000,SHORT,1.0559411903092495,0.00084077,1702170000000,0.011877347570021974,-0.027088816099115353,0.0033661386426499765
AVAXUSDT,1703088000000,SHORT,1.2177433334349277,0.00044236000000000004,1703091600000,-0.036716490629104225,0.012859499043197647,-0.04533231414278022
AVAXUSDT,1703260800000,SHORT,1.375802515887837,0.00093228,1703264400000,-0.0081318468404865,-0.004263542067920648,0.008852796773715822
AVAXUSDT,1703376000000,SHORT,1.7793072664621057,0.0007273100000000001,1703379600000,0.002868040333937611,-0.024269271699929117,-0.016703870026074274
AVAXUSDT,1703548800000,SHORT,1.3976045275947249,0.0013154899999999999,1703552400000,-0.0007175721045736874,-0.0017297392829034434,0.01666935891028219
AVAXUSDT,1703750400000,SHORT,1.2575679760725416,0.00141664,1703754000000,-0.00633825227636427,0.015901287889540244,0.04080192407298463
AVAXUSDT,1703836800000,SHORT,1.10157145322259,0.00184916,1703840400000,-0.012746991905453548,-0.00567202804708374,0.02691163376984938
AVAXUSDT,1704268800000,SHORT,1.0084933760448036,0.0014516199999999998,1704272400000,-0.004210532536343458,0.08483862587821762,0.09976387685974802
AVAXUSDT,1706112000000,SHORT,633059958456151.2,0.0002818,1706115600000,0.010050016211449402,0.04833142316813373,0.03356224853125358
AVAXUSDT,1706284800000,SHORT,3.9528470752104727,0.0002675,1706288400000,0.004572342294971483,0.017177809582494763,0.0019483095450349487
AVAXUSDT,1706400000000,SHORT,1.6326442077266223,0.0002573,1706403600000,-0.016542485760613894,-0.06025135310857883,-0.06634637575175684
AVAXUSDT,1707206400001,SHORT,1205248767060749.2,0.00026535,1707210000000,0.006260302595209914,0.01282462109102694,0.009683610744155904
AVAXUSDT,1707811200000,SHORT,4.0860460433205965,0.00036396,1707814800000,0.0017361115471764782,0.01720409833291611,0.039936011801672694
AVAXUSDT,1707926400000,SHORT,5.341395438365815,0.0004866,1707930000000,-0.003740938630910459,-0.014904335513228069,-0.016689433989137695
AVAXUSDT,1708387200000,SHORT,1.6903358006121276,0.00077125,1708390800000,0.002047712397721107,-0.004617531834144016,0.004690331923362785
AVAXUSDT,1708761600001,SHORT,1.1910497535059255,0.0009349600000000001,1708765200000,-0.008368019321557616,-0.012826146363396955,-0.013753562485078082
AVAXUSDT,1708905600000,SHORT,1.0469310152849889,0.00107138,1708909200000,0.0019255461661949681,0.00934134671601213,0.01613350910375018
AVAXUSDT,1709049600000,SHORT,1.1996082092054114,0.0016625,1709053200000,-0.00010289653762220832,-0.009702724507270676,-0.016431456078625582
AVAXUSDT,1709366400001,SHORT,1.1848112792824648,0.0022930199999999998,1709370000000,0.01195681708674922,0.0005128444328915895,0.001889499844848958
AVAXUSDT,1709625600000,SHORT,2.405234744213233,0.00251762,1709629200000,-0.001084986890374486,0.007139410497189075,0.14305642663605997
AVAXUSDT,1710633600000,SHORT,1.0213351284858085,0.0008111500000000001,1710637200000,-0.01734283864702911,-0.004652982024814869,-0.04714627747778332
AVAXUSDT,1711497600000,SHORT,1.068984565959645,0.00106769,1711501200000,0.0032452303243569176,0.011019738555177792,0.03717189453943486
AVAXUSDT,1711612800000,SHORT,1.302555994647943,0.00104496,1711616400000,0.003506596718769165,0.011976630361042635,0.0021719102176259377
AVAXUSDT,1711958400000,SHORT,1.1322382104810256,0.00189547,1711962000000,-0.0011195615576997389,-0.020606280003250474,0.00007725736363083669
AVAXUSDT,1712736000001,SHORT,1.4469191444953993,0.00056284,1712739600000,0.001692871301720829,0.02502672764324796,0.00230724555969829
AVAXUSDT,1713052800000,SHORT,1.8835236206237687,0.00013706,1713056400000,-0.009367680356989393,-0.04447124829072457,-0.07184318813479308
AVAXUSDT,1713600000000,SHORT,1.3745259255970348,0.00006944000000000001,1713603600000,0.0061098552801206844,0.014219923835151766,-0.06309010426706149
AVAXUSDT,1713772800000,LONG,1.0214628155847791,-0.00012288,1713776400000,0.005023000399159982,0.00851134620443557,0.014739510401032812
AVAXUSDT,1713830400000,LONG,1.137133146150675,-0.00009168000000000002,1713834000000,-0.010265859519522037,-0.025852057877179008,-0.03419377692080371
AVAXUSDT,1714089600001,SHORT,1.2820441554273763,0.00002071999999999999,1714093200000,-0.00280108265253941,-0.0036483488577655427,0.00645246052729832
AVAXUSDT,1714291200000,LONG,1.0168221099378165,-0.000030040000000000004,1714294800000,-0.0022761660767211334,-0.007046960570265597,0.00836848949934613
AVAXUSDT,1714550400000,LONG,1.3381684684005548,-0.00001683,1714554000000,0.008420425777260179,0.037532313693667135,0.05286383941849622
AVAXUSDT,1715241600000,SHORT,1.254900371119957,0.00015256999999999998,1715245200000,0.004153267157664363,0.0013435366236203845,-0.0075022160537553595
AVAXUSDT,1715356800000,SHORT,1.1486717991662028,0.00012789,1715360400000,0.011940266501510316,0.020206842958264724,0.03272131152993896
AVAXUSDT,1715616000000,SHORT,1.2056730340333288,0.00018226,1715619600000,0.017085128547627036,0.014982911306067798,0.03149243075824585
AVAXUSDT,1715760000000,SHORT,1.141396393062224,0.00016461999999999998,1715763600000,-0.009410396361829413,-0.03632269332899819,-0.058802785306690586
AVAXUSDT,1716451200000,SHORT,1.9754368395114692,0.00035929,1716454800000,-0.00875114973514066,0.00791673953024139,0.05864265952738251
AVAXUSDT,1716940800001,SHORT,2.8182776193845434,0.00035534,1716944400000,-0.0007862381622067574,-0.012934699332773263,-0.0037899341520113983
AVAXUSDT,1717257600001,SHORT,3.243759450986371,0.00047562,1717261200000,-0.0022804392773816346,-0.003002420870444558,-0.0064109010245683665
AVAXUSDT,1717372800000,SHORT,1.2419170048593644,0.00054392,1717376400000,-0.011130251888503565,-0.008885645811916532,-0.038480900722711944
AVAXUSDT,1717545600000,SHORT,1.5419128141721643,0.00043887,1717549200000,-0.0060047005928864595,-0.0025936057360922875,-0.0029793125485991895
AVAXUSDT,1717776000000,SHORT,1.1744792282797873,0.0004976,1717779600000,0.023298469157393135,0.06842416654795136,0.06613075834381217
AVAXUSDT,1718467200000,SHORT,1599121932079911.8,0.00024843,1718470800000,-0.0007949915950850874,0.005782668157822184,0.007250264565460646
AVAXUSDT,1718697600000,SHORT,3.951479897900456,0.00021491000000000001,1718701200000,0.00962108196750944,0.02482498091810983,0.0036488839928656125
AVAXUSDT,1719072000000,SHORT,1.161079433548782,0.00016903,1719075600000,0.0071386153317523,0.013743659159676274,0.007061167995901947
AVAXUSDT,1719158400000,LONG,1.0445706876709946,-0.000055570000000000005,1719162000000,0.011454032484505588,0.03612872408850548,0.024512330695472883
AVAXUSDT,1719216000000,LONG,1.2599731130930054,-0.000019429999999999995,1719219600000,-0.007883335556441187,0.0055298936050506824,-0.021065465950690608
AVAXUSDT,1720166400000,LONG,3.7907518822801927,-0.00001743,1720170000000,0.026920694842448963,0.06210951063208739,0.10064914408863257
AVAXUSDT,1720512000001,SHORT,1.4404133269635218,0.00011561000000000001,1720515600000,0.005953904153095145,0.009355334468040367,-0.01478883920076113
AVAXUSDT,1720886400000,LONG,1.034463086669709,-0.00004598999999999999,1720890000000,-0.005022612266291332,-0.009642454712504769,0.0013479426662084558
AVAXUSDT,1721088000000,LONG,1.3822427593815638,-0.000021709999999999994,1721091600000,0,-0.0021592839569775165,-0.0269257545185041
AVAXUSDT,1721318400000,SHORT,1.1640433986766905,0.00009552000000000001,1721322000000,0.006174114294642833,0.00011057665738033816,0.002472462834891937
AVAXUSDT,1721750400000,SHORT,1.0332129111979045,0.00014937000000000001,1721754000000,-0.011645650109436247,-0.016319491828601186,0.03286543450175856
AVAXUSDT,1721836800000,LONG,1.6830459526975,-0.00009415000000000003,1721840400000,0.001475103610472719,-0.005784144203418176,-0.05558652588910677
AVAXUSDT,1721923200000,LONG,1.3246207837145088,-0.00003969999999999999,1721926800000,0.0032098018666823214,0.00007390436778168304,0.029995332866687457
AVAXUSDT,1722038400000,LONG,1.0361153886453107,-0.00037208,1722042000000,-0.0037779455156475737,-0.00108295062198687,0.009624980921928712
AVAXUSDT,1722211200001,LONG,1.367675157780064,-0.00062126,1722214800000,-0.0013407499336013501,0.021281972609898718,0.036549981856894134
AVAXUSDT,1722844800000,LONG,1.018748911782098,-0.00070205,1722848400000,-0.0024583167574851305,-0.05705480690572627,0.04920945937845674
AVAXUSDT,1722931200000,LONG,1.098691836558714,-0.0008113500000000001,1722934800000,-0.0006344403716871578,-0.01153132334050544,0.027049488225650172
AVAXUSDT,1723334400000,LONG,1.2146165515985952,-0.0006416,1723338000000,0.0008781457824035654,0.01468792183017028,-0.001851252437811081
AVAXUSDT,1723392000001,LONG,1.0584846589821568,-0.00074901,1723395600000,0.002312248865418636,-0.02997179439442083,-0.026036407316123448
AVAXUSDT,1723593600000,LONG,1.2817521895704453,-0.00063842,1723597200000,-0.009621099675037425,-0.005291884876232824,0.010223137363375817
AVAXUSDT,1723766400000,LONG,1.4622981798308412,-0.00047258,1723770000000,-0.0004967709987904993,0.01111259737890431,-0.006927340752093677
AVAXUSDT,1724544000000,LONG,1.3719951622352258,-0.00008264999999999998,1724547600000,-0.0027287186354889767,0.007919581836175683,-0.007606594053471165
AVAXUSDT,1724832000000,LONG,1.337789700848669,-0.00007905,1724835600000,0.035349233549920374,0.026801307330608502,-0.008772538367654127
AVAXUSDT,1725091200000,LONG,1.118742583240348,-0.000023629999999999996,1725094800000,0.003022539918546566,0.011038265694809915,-0.0024598097266287184
AVAXUSDT,1726012800000,LONG,1.316189291737362,-0.00014742000000000002,1726016400000,-0.01972564733468086,-0.034917304405349514,-0.038783480224805544
AVAXUSDT,1726128000000,LONG,1.8573906165552458,-0.00044021999999999996,1726131600000,-0.0027149721848042504,-0.0015686942779755562,0.00860510645851512
AVAXUSDT,1726675200004,LONG,1.1617216526149816,-0.00035018,1726678800000,0.0003459609098681106,0.02020962770879838,0.10959892573876757
AVAXUSDT,1727366400000,SHORT,1.1776941635750264,0.00019928,1727370000000,0.011369631520298646,0.0136244239073877,-0.0075425691619464535
AVAXUSDT,1727625600000,SHORT,1.9699743793729219,0.00011684,1727629200000,-0.003833605689716499,-0.007686909845116542,0.014780483110350462
AVAXUSDT,1727884800000,LONG,1.0099825982237551,-0.00022498000000000003,1727888400000,-0.0031275968116901034,-0.017226050529016355,-0.017696823389809855
AVAXUSDT,1728000000000,LONG,1.3769941200313431,-0.00076398,1728003600000,0.02022153799006557,0.020181420043296684,0.057469938551266406
AVAXUSDT,1728086400000,LONG,1.2760271196902462,-0.0007962500000000001,1728090000000,-0.006813752785022438,-0.015560499767959497,-0.016292860507613853
AVAXUSDT,1728950400000,SHORT,1.1577513730807798,0.00006848000000000001,1728954000000,0.005404295007381436,0.0029410259421907134,0.0072470366932345
AVAXUSDT,1729699200000,LONG,1.6394484267164255,-0.00008023,1729702800000,-0.0004983038606664149,0.022357884690531623,0.038269592565763205
AVAXUSDT,1729843200000,SHORT,1.8234903563612006,0.00008081000000000001,1729846800000,-0.006502366778466581,-0.0009856325905020378,0.021855860187647277
AVAXUSDT,1730419200000,LONG,1.363708437609388,-0.00063048,1730422800000,-0.0035403963597907123,0.002366675125413247,0.0178320279906086
AVAXUSDT,1731398400000,SHORT,1.9699165364051339,0.0007725799999999999,1731402000000,0.05321409263605812,0.10079823328944514,0.09233804535123159
AVAXUSDT,1732233600000,SHORT,4.114546610644148,0.00057199,1732237200000,-0.00720947108706173,-0.02899803478517727,-0.10634643461266764
AVAXUSDT,1732348800000,SHORT,1.026771260445168,0.0007564,1732352400000,0.006110310960369774,-0.006423804150203442,0.028702570375637202
AVAXUSDT,1733097600001,SHORT,2.355105889549855,0.00062427,1733101200000,-0.011000492131540513,-0.060945390840369505,-0.037762231148950595
AVAXUSDT,1733212800000,SHORT,1.6648219951191658,0.00089998,1733216400000,-0.005638966486153043,-0.009277656702880726,0.006632323019395251
AVAXUSDT,1733328000000,SHORT,1.0332419315220571,0.00101113,1733331600000,-0.01921805917410952,-0.020383894775313313,0.02573460566264657
AVAXUSDT,1733443200000,SHORT,1.2398953785989513,0.00094803,1733446800000,-0.0020358510584682463,-0.009772945522085423,0.03192715004902557
AVAXUSDT,1733529600000,SHORT,1.2678330231419257,0.00104251,1733533200000,-0.00044255025110649936,-0.00003849040627094334,-0.0023068060979148704
AVAXUSDT,1734566400000,SHORT,1.4173534132233063,0.0002809,1734570000000,0.028342121095531806,0.012152521608197516,0.013752672552037036
AVAXUSDT,1735315200000,SHORT,1.3597781065618557,0.00001408,1735318800000,-0.020601447740059734,-0.010651116886891873,-0.0019103245173107168
AVAXUSDT,1735459200000,SHORT,1.1519150259505901,0.00016657,1735462800000,-0.0029168192584724515,0.014142140536806545,0.03149716632352795
AVAXUSDT,1735632000000,SHORT,1.0670767819232945,0.00019467,1735635600000,-0.009835917768046088,-0.004306459388682709,0.0015604539628112388
UNIUSDT,1672675200015,SHORT,1.0383797709756095,0.00012212,1672678800000,-0.0011123471669742067,-0.005364918982023116,0.0065134686406055926
UNIUSDT,1672732800018,SHORT,1.042097488058758,0.00014558,1672736400000,-0.003910983660979788,-0.0029811835010133225,0.004863458894248009
UNIUSDT,1673164800000,SHORT,1.2043440897316973,0.00015972000000000002,1673168400000,0.00036523009901992184,0.00292558263156764,0.001278889367694523
UNIUSDT,1673625600018,SHORT,1.2117749484446831,0.00023140999999999998,1673629200000,-0.008700703332698297,-0.02233727828224358,-0.10597038735643136
UNIUSDT,1674547200008,SHORT,2794855366041303.5,0.00038035,1674550800000,0.01488344187630143,0.014433700470024995,0.018639173775422083
UNIUSDT,1676188800000,SHORT,1141942771215134.2,0.00026717,1676192400000,-0.004292510040342263,0.0032315177771384744,0.003848230716820636
UNIUSDT,1677945600012,SHORT,376705458795610.9,0.00028917,1677949200000,0.00032325844794181297,0.010723092187598886,-0.015872076690104292
UNIUSDT,1678262400014,SHORT,2.373700299332725,0.00024161,1678266000000,0.0014063601036623057,0.004381853646554256,0.014470211590895121
UNIUSDT,1678406400000,SHORT,3.074038801796278,0.00018866,1678410000000,-0.003514324474454848,0.0074205287499446914,0.026216392210255745
UNIUSDT,1678636800005,SHORT,2.863045902632684,0.00012508000000000002,1678640400000,-0.028084099548168106,-0.05121978929728981,-0.09761282886700032
UNIUSDT,1679356800006,SHORT,1812916760150252.5,0.00024788,1679360400000,0.0017680628249685964,0.00692936460519412,-0.016247569902853375
UNIUSDT,1679702400015,SHORT,1.626218881916598,0.00026171,1679706000000,0.0001700246539842406,0.007337290830402565,0.015591851888150375
UNIUSDT,1680595200017,SHORT,2.5397541387014027,0.00013531999999999997,1680598800000,-0.004343474920787141,-0.02005536681334843,-0.03390713232867356
UNIUSDT,1681286400008,SHORT,2.296340104190711,0.00018201,1681290000000,-0.005482282019485484,-0.010254747188220609,-0.01618847655895512
UNIUSDT,1682150400000,SHORT,3168778143700844,0.0002089,1682154000000,0.0007291287235162793,-0,0.001093892542990089
UNIUSDT,1682956800014,SHORT,1.0441017327522009,0.00025201,1682960400000,0.0016868151314794026,0.013005555099033684,0.007896262122225505
UNIUSDT,1683014400018,SHORT,1.0074401743759842,0.00026225,1683018000000,0.004723674347776217,0.003966385405867605,-0.0058265365473761386
UNIUSDT,1683244800002,SHORT,2.327008226823536,0.0002184,1683248400000,-0.007206554989361231,-0.008528432247277139,-0.014736711053114105
UNIUSDT,1683590400015,SHORT,3.6690568426534296,0.00012255000000000002,1683594000000,-0.002815770162909751,-0.00040273862807750773,-0.00442122906684966
UNIUSDT,1684310400000,SHORT,1.4300104986970608,0.00025189,1684314000000,-0.003110422414392552,0.00038948393871137007,-0.02689366846740804
UNIUSDT,1684598400020,SHORT,1.5631762196278138,0.00024589,1684602000000,-0.0037986750332157384,-0.004367233752217848,-0.0009510224207039318
UNIUSDT,1685059200000,SHORT,1.5783195682041284,0.00021003000000000002,1685062800000,0.002828284713614595,-0.003423626342776131,-0.00442834862160896
UNIUSDT,1685577600008,SHORT,1.565323792802552,0.00023474000000000002,1685581200000,-0.002988943143812784,0.001997603540820881,-0.006563922125085407
UNIUSDT,1686009600000,SHORT,4.4268495280417195,0.00016949,1686013200000,0.0061617107729206476,-0.0014816385396472047,0.004883755327428622
UNIUSDT,1686384000000,SHORT,2.0685076173566133,0.00016849,1686387600000,0.0007620983475672547,-0.0027894020875785922,-0.0277969568330903
UNIUSDT,1686528000000,LONG,1.4208686209476922,-0.00014257,1686531600000,-0.0017277555822117908,-0.0022219488218223836,0.021710817389805816
UNIUSDT,1687737600000,SHORT,2.7802373613739095,0.00007244,1687741200000,0.005619044565295599,0.01032582158753572,-0.014831565905995171
UNIUSDT,1688659200000,SHORT,1.2737492255571272,0.00023812,1688662800000,-0.004847138498373373,-0.013918754907572481,-0.01741429705575626
UNIUSDT,1688803200000,SHORT,2.7488095617081805,0.00020258,1688806800000,0.004637797015255675,0.01811609914638068,0.03925773031073785
UNIUSDT,1688889600000,LONG,1.843865448054676,-0.000043599999999999996,1688893200000,-0.00550233813989159,-0.0020835313911059957,-0.009314771274547485
UNIUSDT,1688976000000,SHORT,1.242198441838764,0.00005869000000000001,1688979600000,-0.0038910554929667217,-0.004861458286245219,-0.032978448684155566
UNIUSDT,1689264000000,SHORT,1.088214347526663,0.00009268000000000001,1689267600000,-0.012183429593827212,-0.014462333200836385,-0.05713867459536886
UNIUSDT,1689552000000,SHORT,1.1541953282884316,0.00016361000000000001,1689555600000,-0.00017459624662410464,-0.05849620668160842,-0.010767731685147285
UNIUSDT,1690473600001,SHORT,1.3799986246266585,0.00021971000000000002,1690477200000,0.0001705756933774183,0.0017070676729942702,-0.014729801575460374
UNIUSDT,1691020800000,SHORT,1.8320313662118308,0.00021662,1691024400000,-0.002436450486536591,-0.0014625825309759787,-0.008743579019647825
UNIUSDT,1691395200000,SHORT,1.6674965445505292,0.00023719000000000002,1691398800000,-0.003217342543314536,-0.000678196024638339,0.009714605585634894
UNIUSDT,1692201600000,SHORT,974286232766857,0.00027199,1692205200000,-0.0005385513100276697,0.029891053516359855,0.020499584066370445
UNIUSDT,1692864000000,LONG,2.229516906468938,-0.0000989,1692867600000,-0.0029455102297566917,-0.007380107297622646,-0.03136926366764505
UNIUSDT,1693324800000,SHORT,1.215404718688127,0.000024089999999999995,1693328400000,-0.0004146796659050597,0.00603225958148511,0.01884083364283891
UNIUSDT,1693526400000,LONG,1.868899306126917,-0.000045950000000000006,1693530000000,-0.004776535864153464,-0.00249914931847499,-0.0034094816526203217
UNIUSDT,1694188800000,LONG,1.0673901839679367,-0.000030170000000000004,1694192400000,0.0018289899931724968,0.0025139997242627395,-0.0029792619721937448
UNIUSDT,1694880000000,SHORT,1.4321365038349985,0.00013061000000000003,1694883600000,-0.005080842338892585,-0.0009257117069308295,-0.0018505672641835637
UNIUSDT,1695196800000,SHORT,1.1633616120900048,0.0001044,1695200400000,0.01023084972442606,0.015270952031750537,0.010916642413322573
UNIUSDT,1695859200000,LONG,1.2088375286940494,-0.000008690000000000013,1695862800000,0.001874414794350352,0.00023449408009894773,0.010498171770157418
UNIUSDT,1696262400000,SHORT,1.1066609833184364,0.0000552,1696266000000,-0.004198437279684368,0.008673467028587071,0.004883472524278259
UNIUSDT,1696867200000,LONG,2.13420788168023,-0.00007076000000000001,1696870800000,0.005338522749248625,-0.00024333860687063698,0.000729660740143868
UNIUSDT,1697155200000,LONG,1.4544689012256968,-0.00009729,1697158800000,-0.004502258730737899,0,0.005227143202308303
UNIUSDT,1697616000000,LONG,1.5510927344923813,-0.00036854,1697619600000,0,0.005901235855569403,0.0074349784875179905
UNIUSDT,1698278400001,SHORT,1.3292027653154628,0.00025934,1698282000000,0.00023886301319838669,-0.019395120738818696,-0.024302245902919274
UNIUSDT,1698393600000,SHORT,2.441816751141039,0.00025285,1698397200000,-0.0014637719129822074,-0.007782140442054949,0.021219646418728956
UNIUSDT,1698883200001,SHORT,4.137546833347021,0.00041346000000000004,1698886800000,-0.005874964443020971,0.011641575015485755,0.027954450172214367
UNIUSDT,1699344000000,SHORT,1.9311245057675135,0.0005241800000000001,1699347600000,0.017685348401539767,0.016064602503806563,0.003992021269537338
UNIUSDT,1699545600000,SHORT,1.2884644648227834,0.00040897000000000004,1699549200000,0.005652013431346417,0.01828204483744907,-0.05177626952371995
UNIUSDT,1699660800000,SHORT,1.2685632834369212,0.00040406000000000003,1699664400000,0.009300626974397198,0.011209388767896396,-0.016860646702969655
UNIUSDT,1699862400000,SHORT,1.2623302155668508,0.00080966,1699866000000,0.004747133252950314,0.014679162663049089,0.009884759232542086
UNIUSDT,1701561600000,SHORT,2899553743785975.5,0.00038336,1701565200000,-0.0008107013009888613,0.006509380185516894,0.010271550321829685
UNIUSDT,1701820800000,SHORT,1.150312425081281,0.00038658,1701824400000,0.006381642589520609,0.017972242404430367,0.03974247774748392
UNIUSDT,1701993600000,SHORT,1.0290478456476455,0.00041294,1701997200000,-0.005830920310793144,-0.007087201883054831,-0.023894320199436134
UNIUSDT,1702108800000,SHORT,1.5262902072434643,0.00091446,1702112400000,-0.001802614278116098,-0.0092787256543304,-0.017881567201224326
UNIUSDT,1702166400000,SHORT,1.6211571944878886,0.00099428,1702170000000,0.007959947689143772,0.011815231230605246,0.02392209759141852
UNIUSDT,1703203200000,SHORT,1.014540499358967,0.00068735,1703206800000,-0.005265269443699382,0.0011204482964897178,-0.006537534246356073
UNIUSDT,1703462400000,SHORT,1.2651751465520686,0.0006867,1703466000000,-0.009959074697865871,0.0019152860366871151,-0.0039662189341900965
UNIUSDT,1703520000000,SHORT,1.360781029972366,0.0007823400000000001,1703523600000,0.0007142347278843458,0.017284025257153543,0.011778360813654373
UNIUSDT,1703635200000,SHORT,1.275854091250383,0.00097985,1703638800000,-0.0004156563967014944,0.011849305714155914,0.0038878138390099504
UNIUSDT,1703750400000,SHORT,1.5855302362488748,0.0018204700000000002,1703754000000,0.034653148854993404,0.06158770752328271,-0.009719702687983289
UNIUSDT,1704240000000,SHORT,1.3599466676465797,0.00119291,1704243600000,-0.002339504266677709,-0.004262053609197158,0.0774626825061512
UNIUSDT,1707292800000,SHORT,1356557053834609.5,0.000261,1707296400000,-0.006057726160381941,-0.0022360654581248633,-0.0280642728410159
UNIUSDT,1707984000000,SHORT,3373653042344070.5,0.00039699,1707987600000,-0.006659606617846246,-0.033963155313158765,-0.045847729319040686
UNIUSDT,1708387200000,SHORT,1.0132776264075904,0.0007956300000000001,1708390800000,0.0006575054481071583,0.0077862485088603765,0.004083520131387109
UNIUSDT,1708732800000,SHORT,1.059518360035954,0.00090673,1708736400000,0.04070040658162892,0.01215200697960845,0.032209036043200814
UNIUSDT,1709020800000,SHORT,1.2764114637997532,0.00132153,1709024400000,-0.004988446243195621,0.009134151924716357,0.02262165430482909
UNIUSDT,1709193600000,SHORT,1.053531812305054,0.0018635700000000002,1709197200000,-0.002000910171897141,0.0024611470424136576,-0.049552887823104755
UNIUSDT,1709625600000,SHORT,2.6487995594507714,0.00220775,1709629200000,-0.018299392374285177,-0.0006837607104006278,0.09487707707242686
UNIUSDT,1710489600000,SHORT,1.4112970818765829,0.0012075200000000001,1710493200000,-0.02127739844728488,-0.01784070054002914,-0.002704424174573899
UNIUSDT,1711411200000,SHORT,1.0150722778429222,0.00041688,1711414800000,-0.008838692728596954,-0.019013485717279614,-0.024413616234049064
UNIUSDT,1711468800000,SHORT,2.3779628724220405,0.00051018,1711472400000,-0.009964608737281161,-0.013764787485236152,-0.0159749075734413
UNIUSDT,1711987200000,SHORT,1.1224953186729527,0.00100701,1711990800000,0.004339111969912726,-0.00967447893616924,0.048283797827073115
UNIUSDT,1712707200000,SHORT,1.2961978410806472,0.00064692,1712710800000,-0.0003581020629138082,-0.0014316394714378922,0.02456502402526745
UNIUSDT,1713369600000,SHORT,1.0006077216785,0.00014429000000000002,1713373200000,-0.030418920191539064,-0.024612545916625855,-0.05246390111166644
UNIUSDT,1713686400000,SHORT,1.066648291466702,0.00021443,1713690000000,-0.0003851338387679509,0.0030864222031893912,0.00954722772391713
UNIUSDT,1713801600000,SHORT,1.2293458228221452,0.00012413,1713805200000,-0.009337135995939917,-0.013047715392475455,-0.012553766259192148
UNIUSDT,1713888000001,SHORT,1.4271745501148552,0.000037959999999999996,1713891600000,0.002860876383751911,0.005105546237575911,-0.012466988602579884
UNIUSDT,1714147200000,SHORT,1.077894727285462,0.000029619999999999998,1714150800000,-0.006694256146929894,-0.021368891277637723,-0.012694013286456064
UNIUSDT,1714406400000,SHORT,1.342543136977569,0.00015785999999999998,1714410000000,-0.005251423385162458,-0.0010524931901715318,-0.00930239266231341
UNIUSDT,1714521600000,SHORT,1.6489772792557305,0.00005353,1714525200000,-0.011135018690150085,-0.017220947884309355,0.013585987261855266
UNIUSDT,1714838400000,SHORT,1.0175651489989688,0.00011921,1714842000000,0.0037100877325750873,-0.00026448029775966826,0.01546079044016044
UNIUSDT,1715385600000,SHORT,1.45220762792926,0.00019207000000000002,1715389200000,-0.004349357961231863,-0.0005622715919851286,0.007196813677393697
UNIUSDT,1715731200000,SHORT,1.017172402041454,0.00019095,1715734800000,-0.013106733536454336,-0.016466117401269957,-0.04421971409744499
UNIUSDT,1716192000000,SHORT,1.2103042511643602,0.00016763000000000002,1716195600000,0.006420155591063996,0.020560626011096744,-0.13698121397223192
UNIUSDT,1716883200000,SHORT,4.8375348727864305,0.00035529,1716886800000,0.004051197880311602,0.007378065379076554,-0.01956297318978511
UNIUSDT,1717056000000,SHORT,1.0076930571371352,0.00035243000000000004,1717059600000,-0.010879867215876865,-0.025511112573990084,-0.006954261651215532
UNIUSDT,1717372800000,SHORT,1.0194261624766272,0.00035724,1717376400000,-0.024599159013367816,-0.02698468106981163,-0.03841808573404712
UNIUSDT,1717660800008,SHORT,1.1988579278855334,0.00034742,1717664400000,0.008624783941018378,-0.0036338265003726788,0.006649521106243476
UNIUSDT,1718697600000,SHORT,1281076828018683.5,0.00026317,1718701200000,-0.002838894738425093,0.03450042643945249,0.020930280829872954
UNIUSDT,1718899200000,SHORT,1.637468130411866,0.00023971000000000002,1718902800000,0.002988645380553942,-0.005357155669242365,0.0020911135327182895
UNIUSDT,1719014400000,SHORT,3.6162289763495425,0.00011838000000000002,1719018000000,-0.00597939925846435,-0.010798685694413319,-0.02410986125606713
UNIUSDT,1719648000000,SHORT,1.7633431200692278,0.00009937,1719651600000,0.0015583262280843323,0.008264509849893424,0.011184547863633853
UNIUSDT,1720396800000,SHORT,1.019862057679869,0.00023113000000000002,1720400400000,0.005764477387389632,-0.022731254937516224,-0.0780150088279024
UNIUSDT,1720713600004,SHORT,1.513130228577576,0.00021654,1720717200000,-0.005047966297304853,-0.0006323910917133879,0.006346004289748796
UNIUSDT,1721059200000,SHORT,1.0300786449841721,0.00023789000000000001,1721062800000,0.004884160045817605,-0.008873172680486726,-0.009461927481126103
UNIUSDT,1721433600001,SHORT,2.2488398409226362,0.00015729,1721437200000,0.001391260579814826,-0.011810666249970896,0.0016444251381288891
UNIUSDT,1722153600000,SHORT,2.016171054702481,0.00013025,1722157200000,-0.002122298183516658,-0.01227333123268636,0.0017276899772283906
UNIUSDT,1722240000000,SHORT,1.6387506553026256,0.000011720000000000003,1722243600000,-0.0046018232813896595,0.0015386591059714056,0.010043865015948483
UNIUSDT,1722787200000,LONG,1.0984443784370461,-0.00013828999999999998,1722790800000,-0.009792799003393964,0.018983839088774504,-0.13026519483790144
UNIUSDT,1722960000000,SHORT,1.055582952918615,0.000036139999999999996,1722963600000,0.007911977978001071,0.006703935722190218,-0.016144458054031703
UNIUSDT,1723536000000,LONG,1.3224531765036358,-0.00003995000000000001,1723539600000,-0.005694312954274591,0.002915926252055272,0.023885081927619258
UNIUSDT,1723593600000,SHORT,1.781089375170307,0.0000022500000000000005,1723597200000,0.012383076156721884,-0.005507055063428026,-0.011763918897996873
UNIUSDT,1723737600000,SHORT,1.1070643893077994,0.00011691,1723741200000,0.021909115742720062,0.03858021479856449,0.0018861998676124212
UNIUSDT,1723968000000,SHORT,1.01840448097357,0.00008442,1723971600000,-0.006453158460851345,-0.0070805110535726,0.017682659058847937
UNIUSDT,1724025600000,LONG,1.2747667388358137,-0.0000712,1724029200000,0.005335933106712516,0.007591088701646043,-0.0037358932430303204
UNIUSDT,1724803200000,LONG,1.524177060015859,-0.000028970000000000016,1724806800000,-0.0005278437705030432,0.007011422237804083,0.02278161302871883
UNIUSDT,1725235200001,LONG,1.1867740024962743,-0.00015412,1725238800000,-0.0030038011807278268,-0.013857034661426241,0.05425291884374217
UNIUSDT,1725984000000,SHORT,1.250123926827339,0.00013264,1725987600000,-0.01599555742424696,-0.010045815047622494,0.005894372087464202
UNIUSDT,1726128000000,LONG,1.6926414204982687,-0.00009039,1726131600000,-0.002231645648337779,-0.0038713568303602986,0.014605260726013201
UNIUSDT,1726329600001,LONG,1.4734153663738696,-0.00009517,1726333200000,-0.0015037596818663988,0.0016515280384729392,0.016245979189258998
UNIUSDT,1727020800000,SHORT,1.3066469886303493,0.00016004,1727024400000,-0.006796069349763934,-0.004234090704805258,-0.027206461300420495
UNIUSDT,1727078400000,SHORT,1.0630102448527778,0.00011169,1727082000000,-0.010277888940222977,-0.0044816328372520526,-0.026884927965254678
UNIUSDT,1727740800000,SHORT,2.2111728620862303,0.00024095000000000003,1727744400000,0.0019934885995741094,-0.018156004584258766,-0.019589136221638857
UNIUSDT,1728000000000,LONG,1.199007275469915,-0.00003095,1728003600000,0.018964385391788564,0.021515981522881946,0.029726821113581443
UNIUSDT,1728144000000,LONG,1.1170026215847129,-0.000021510000000000002,1728147600000,0.006849840963508644,-0.01280464915737605,-0.0060139528526084365
UNIUSDT,1728576000000,SHORT,1.7214939607567723,0.00005440999999999999,1728579600000,-0.003250860728217732,0.04211926590729255,0.050582652495761965
UNIUSDT,1729958400000,SHORT,1819873462990430,0.00024768,1729962000000,-0.006080688960926048,-0.006350085514279312,-0.03122335025941922
UNIUSDT,1730707200000,SHORT,1513430702880611.8,0.00025649,1730710800000,-0.0014520112903946918,-0.008824650395847625,0.01095781290947412
UNIUSDT,1731254400000,SHORT,8.284969520962406,0.000501,1731258000000,0.00423954000130516,0.05690336813250929,0.017497512451245294
UNIUSDT,1731456000000,SHORT,1.2239206221056382,0.00063383,1731459600000,-0.0008988764650170287,0.048245123881958084,0.053212021510294964
UNIUSDT,1732003200000,SHORT,1.0665286547716568,0.0006130600000000001,1732006800000,-0.0036594594707763817,-0.024603189971123526,0.0014027517811371368
UNIUSDT,1732348800000,SHORT,1.571116870464281,0.00071004,1732352400000,0.010035112141046625,-0.005354890901921528,-0.00853543614622666
UNIUSDT,1733097600001,SHORT,1.1988399998367678,0.00083382,1733101200000,-0.01935228498368095,0.017100988041407805,-0.05940733621268325
UNIUSDT,1733299200000,SHORT,1.0979226466296532,0.00122434,1733302800000,-0.012788064921897789,-0.033702350450044584,-0.048824559107751304
UNIUSDT,1733529600000,SHORT,1.0972125666798351,0.00113239,1733533200000,0.011697374538972434,-0.026810056858764992,0.013650724579808794
UNIUSDT,1734710400014,SHORT,289051003009374.7,0.00029169,1734714000000,-0.029537012595671923,-0.06305457356543692,-0.12293521362824861
UNIUSDT,1734825600000,SHORT,23.846085113933956,0.00021048,1734829200000,-0.020381937236656985,0.004751660881836335,-0.03715034856013147
UNIUSDT,1735257600000,SHORT,1.4023753823035836,0.00018592,1735261200000,-0.024417544755270023,-0.03586611556522945,-0.04383142623771979
ZECUSDT,1672646400008,SHORT,1.5784919241695905,0.0001708,1672650000000,0.005024471762986694,-0.0031603924119249964,-0.05040923186502028
ZECUSDT,1673769600002,SHORT,1.4898743962394898,0.0005646000000000001,1673773200000,-0.008272825270425022,-0.005820477591717876,-0.021764127988853983
ZECUSDT,1673884800000,SHORT,1.3939111942038969,0.00077688,1673888400000,-0.004938281640582577,-0.013580166557026025,-0.010085695907252333
ZECUSDT,1674576000000,SHORT,1.1748697915385677,0.0005703500000000001,1674579600000,-0.0010587613482418963,0.0006357952953394221,0.05778173867469152
ZECUSDT,1675324800023,SHORT,8.017524400929869,0.00045281,1675328400000,0.0010529641912123647,0.0029510982631695925,0.00866721417645779
ZECUSDT,1675468800010,SHORT,2.7010500840209755,0.0005752800000000001,1675472400000,0.004035260864804594,0.009797735459557358,0.0025466906803125237
ZECUSDT,1676534400000,SHORT,2.3372859720726415,0.00039844,1676538000000,-0.012012156448003434,-0.0015094342488541186,0.02667991181442679
ZECUSDT,1676707200000,SHORT,2.407306977389685,0.00047048,1676710800000,-0.0034782643763247925,-0.006728185988822888,0.008090128305343794
ZECUSDT,1676908800006,SHORT,1.2601322690347851,0.00048235000000000004,1676912400000,0.011556215475484743,0.009154292783484574,0.01577351261872851
ZECUSDT,1676995200011,SHORT,1.4289270088746224,0.00082717,1676998800000,-0.01152987860334131,-0.00804376823387594,0.0010359474665204717
ZECUSDT,1677830400013,SHORT,2.2903192404508603,0.00027194000000000003,1677834000000,0.002518893019483915,0.0050441468866781365,0.023931895719525895
ZECUSDT,1678464000005,SHORT,8.41576074664055,0.00019332,1678467600000,0.005348447546010188,0.008191602201718719,0.002198838643113936
ZECUSDT,1678636800005,SHORT,1.0586476773973388,0.00019641,1678640400000,-0.02436017893552624,-0.06682743105654662,-0.09466103989188406
ZECUSDT,1679961600007,SHORT,1582649896140377.5,0.0002545,1679965200000,-0.011650617219975054,-0.014404681202548175,0.0019550348358033506
ZECUSDT,1681632000007,SHORT,482099506824299.4,0.00031386,1681635600000,0.007531219404855833,0.006114788573142293,-0.007242176262921068
ZECUSDT,1681833600000,SHORT,7.864169292257125,0.00034924,1681837200000,0.0049663103139173,-0.005176482147274852,0.008528836347520436
ZECUSDT,1682035200009,SHORT,1.3632715133462963,0.00026891,1682038800000,0.007391797119879022,0.0013159628165722588,0.0023699813594756257
ZECUSDT,1683216000011,SHORT,8.712419673614004,0.0002515,1683219600000,0.005473467414172043,0.008221476837904314,-0.0019086577028134737
ZECUSDT,1683590400015,SHORT,2.7298455263623254,0.00024024000000000002,1683594000000,-0.003324772595718653,0.008207980417829733,-0.004229613556262754
ZECUSDT,1683820800005,SHORT,1.395289100631623,0.00024863,1683824400000,0.009377999333184305,-0.0018650922409962126,-0.0009329809415684003
ZECUSDT,1684742400000,SHORT,1.6026378409193525,0.00026226,1684746000000,-0.0018750005493167999,0.001878522781597932,-0.0021871591284082915
ZECUSDT,1684944000008,SHORT,1.1258470708915889,0.00026631,1684947600000,-0.0003212851433258814,-0.0016053944690549759,-0.003848625661294235
ZECUSDT,1686038400009,SHORT,6481212201051353,0.00011367000000000001,1686042000000,-0.005087343514097243,0.003747236542882006,-0.02319041918892635
ZECUSDT,1686384000000,SHORT,2.3853786935525485,0.00009921000000000001,1686387600000,0.004173628762928519,0.01849569328512217,0.0037554811507308807
ZECUSDT,1686528000000,SHORT,1.6623739256316,0.00009948,1686531600000,0.003645942868005765,0.01056920407874464,0.004051869400878354
ZECUSDT,1686672000000,LONG,1.2264430694241542,-0.00008332,1686675600000,-0.0011935549457501456,0.008315233023277089,0.006341678011284465
ZECUSDT,1687363200000,SHORT,1.099144852731469,0.00020046000000000002,1687366800000,-0.005473467414172128,0.008820343842972882,-0.018129575597822783
ZECUSDT,1687449600000,SHORT,1.0174093667246067,0.00016424,1687453200000,-0.000746547253784563,0.007872580491304376,-0.000746547253784563
ZECUSDT,1687651200000,SHORT,1.7386822077328543,0.00008910000000000001,1687654800000,-0.008444569688870448,-0.027105557718009984,-0.022804475818619475
ZECUSDT,1688601600000,LONG,2.2361585346397224,-0.000009229999999999991,1688605200000,0.0050793760000208184,-0.005425256645064595,0.02296781785615312
ZECUSDT,1688774400000,SHORT,1.034444252243355,0.000018910000000000007,1688778000000,0.0074576616826739165,0.01394343283926388,0.0315635121202264
ZECUSDT,1690848000000,SHORT,441402795209261.44,0.00028731000000000004,1690851600000,0.008290546574009102,0.0223752864557482,0.020014010270068355
ZECUSDT,1690992000000,SHORT,4.01551948116259,0.00027698,1690995600000,-0.002705446357668496,-0.003718104672054825,-0.00033858134740239994
ZECUSDT,1691164800000,SHORT,1.6442542088408825,0.00027457,1691168400000,0.004397098239699648,0.021146763452161096,0.028759256961389392
ZECUSDT,1691452800000,SHORT,1.1608220734153294,0.00021802,1691456400000,0.004796172263493055,-0.012903404835907782,-0.011215070820140003
ZECUSDT,1692316800000,SHORT,4.06335960037969,0.00016160000000000002,1692320400000,0.0032467560988698697,0.013050756195490827,0.005688759754421751
ZECUSDT,1692604800000,LONG,1.520331821428615,-0.00006632999999999998,1692608400000,-0.0008100445967444326,-0.002838031501485027,0.006054508908706222
ZECUSDT,1692691200000,SHORT,1.366890797933013,0.000018729999999999978,1692694800000,0.003955701360617391,0.002371542613480901,0.025591160656495554
ZECUSDT,1692950400000,LONG,1.192483828663055,-0.00013602,1692954000000,0.0016168152269054777,0.004037147186971163,0.012062872449275163
ZECUSDT,1693094400000,LONG,1.19953670614468,-0.00026195,1693098000000,-0.002806175423342617,-0.0032077012267697313,-0.012487574156166251
ZECUSDT,1693324800000,LONG,1.209973371212906,-0.0007709100000000001,1693328400000,0.007138861804207717,-0.007190191809443811,-0.016730428259209607
ZECUSDT,1694044800000,SHORT,1.1047971569769195,0.00006400000000000001,1694048400000,0.0031910677258107033,-0.0023866359777309533,0.015653540580003695
ZECUSDT,1694563200000,SHORT,1.1093086873948872,0.00015834,1694566800000,0.00040217173274833683,-0.0012055456553484675,-0.022267321618714843
ZECUSDT,1694764800000,SHORT,2.2257442732598958,0.000049960000000000016,1694768400000,0.004274341071493003,0.015237645868762494,-0.0030971763046844067
ZECUSDT,1694995200000,LONG,1.1893621328510853,-0.00003547999999999998,1694998800000,0.0055336109582242434,0.02311562276553012,0.03543294554310949
ZECUSDT,1695456000000,LONG,1.3754342443431045,-0.00008177,1695459600000,0.0014975667343948892,-0.0056359345123714166,-0.0045062036447107105
ZECUSDT,1695744000000,SHORT,1.3033671154887847,0.00006977000000000002,1695747600000,0.0022848448630075143,0.003810980222169274,0.0030476214064748372
ZECUSDT,1696435200000,SHORT,2.091738021036881,0.00020956000000000002,1696438800000,-0.0018583911685587675,-0.004454350349380375,-0.012202037140206226
ZECUSDT,1696636800000,SHORT,1.1673447536492048,0.00011662,1696640400000,-0.0026104806918471938,0.004116002069103528,-0.013721706116917974
ZECUSDT,1696752000001,SHORT,1.827732171651933,0.00018358,1696755600000,0.008558191769885422,0.022860279740744727,0.02932540969459823
ZECUSDT,1697184000000,SHORT,1.2642672504414973,0.00011628,1697187600000,-0.0004033071238374693,-0.005230347872153422,-0.010034200184798635
ZECUSDT,1697644800000,SHORT,1.0528724828219134,0.00023802,1697648400000,0.002015723319078756,0.0032271105053758675,-0.0004026575452028223
ZECUSDT,1697702400001,SHORT,1.3618140673743895,0.00012880000000000001,1697706000000,-0.0008061266055245932,-0.003220614700042157,-0.00923145227274636
ZECUSDT,1698883200001,SHORT,2091532708899360.2,0.00036013,1698886800000,-0.010398707220898517,-0.0020884100872706744,0.004539906522893661
ZECUSDT,1699286400000,SHORT,1.1314008568716218,0.00056875,1699290000000,-0.0030806117123481293,-0.018342905594886244,-0.013281312200370965
ZECUSDT,1699689600000,SHORT,2.2027900076318936,0.00057763,1699693200000,-0.012950537963435205,-0.012950537963435205,-0.016573133724870206
ZECUSDT,1699804800001,SHORT,1.392813769829696,0.00117322,1699808400000,0.004841061576516042,-0.004497277094895739,0.013288155338320612
ZECUSDT,1701561600000,SHORT,1487690902371954.2,0.00034277,1701565200000,0.0018999372403041383,-0.010072480499164206,0.024336775876129476
ZECUSDT,1701936000000,SHORT,1.1697546732021118,0.0008611599999999999,1701939600000,-0.001271051966483617,-0.01702437081497701,-0.017336919653276942
ZECUSDT,1702166400000,SHORT,1.2802929146162136,0.00134254,1702170000000,-0.0011802893078669626,-0.008232919187118692,0.008003599860521682
ZECUSDT,1702828800000,SHORT,1.156823240786755,0.00070164,1702832400000,0.004634235370898621,-0.0026385239581810205,0.03803251577274676
ZECUSDT,1703088000000,SHORT,1.0393107708576432,0.00051026,1703091600000,-0.008171649149319258,0.006516915535728654,-0.0020491810449354236
ZECUSDT,1703203200000,SHORT,1.2389094690832558,0.00097486,1703206800000,-0.0033123581129828744,-0.0016575505203980463,-0.0006633499414059723
ZECUSDT,1703289600000,SHORT,1.2836497665816704,0.00163718,1703293200000,0.01495789895866739,0.011280809741139958,-0.00032986970445916716
ZECUSDT,1703664000000,SHORT,1.0239968785016549,0.0006495000000000001,1703667600000,-0.009117614448653723,-0.02487610102513152,-0.048525319219022534
ZECUSDT,1703894400001,SHORT,1.2652045790703488,0.00079257,1703898000000,-0.007628331027805988,-0,0.00873978644742318
ZECUSDT,1707782400000,SHORT,2111707147135875,0.00036071,1707786000000,0.00047404599133764444,0.0018975337761914996,0.011439590909394544
ZECUSDT,1708473600000,SHORT,1.4498570325282314,0.0008338600000000001,1708477200000,0.005255722629671166,0.0016142053545411135,0.020778910156855422
ZECUSDT,1709020800000,SHORT,1.1212184718222518,0.0012816400000000001,1709024400000,0.0020087050610805954,0.004021453140777725,0.044102173334621866
ZECUSDT,1709136000000,SHORT,1.146784857184584,0.0014950200000000001,1709139600000,0.05831010361719462,0.04206719101425784,-0.00376906391023443
ZECUSDT,1709625600000,SHORT,1.4564083410808573,0.00229364,1709629200000,-0.004997805493332455,-0.021575180900793384,0.1684482989008603
ZECUSDT,1711296000000,SHORT,1.1209266022747728,0.00038066,1711299600000,0.007875404511340523,-0.015902889706740215,-0.02559062206318836
ZECUSDT,1711411200000,SHORT,1.3781422982465232,0.00045527,1711414800000,-0.006514681021193672,-0.008460837976679663,-0.029939464598634256
ZECUSDT,1711497600000,SHORT,2.899072338639579,0.00064871,1711501200000,0.006920442844573795,0.01994683832104893,0.021547094703512903
ZECUSDT,1711699200000,SHORT,1.024875022975348,0.00112774,1711702800000,-0.0006540222600689855,-0.00944171103227159,0.007552161982357012
ZECUSDT,1711987200000,SHORT,1.430010462599631,0.0015425600000000001,1711990800000,-0.0014074597678797698,-0.00981087056425924,0.019915309700941432
ZECUSDT,1712707200000,SHORT,1.6464211419814567,0.00046879,1712710800000,0.0007256894367818995,0.012041743754393814,0.027207560598172687
ZECUSDT,1712880000000,SHORT,2.0644217268684266,0.00055889,1712883600000,-0,-0.008187615519582109,0.00524542229306218
ZECUSDT,1713657600000,SHORT,1.8473605334846421,0.00027604,1713661200000,-0.009941728739628735,-0.011660680602512958,0.005226492733542695
ZECUSDT,1713916800000,SHORT,2.285429935573919,0.0001563,1713920400000,-0.007484442422136813,-0.0173773508058768,-0.009966859915392074
ZECUSDT,1714032000000,SHORT,1.0961043363752878,0.00018965,1714035600000,0.0013230431918901959,0.009298273766260015,-0.03379871107118175
ZECUSDT,1714780800000,SHORT,5.7777936024061525,0.00017267,1714784400000,0.008710856474248295,0.0008676790132224698,-0.005190323070692638
ZECUSDT,1714896000000,SHORT,1.1233158110222285,0.00023165000000000002,1714899600000,-0.0008737440485967712,-0.0047961722634930135,-0.0061002367821393535
ZECUSDT,1717200000000,SHORT,306094924967809.2,0.0003088,1717203600000,0.0014858843744245515,0.004464293128685493,-0.0025949968223063073
ZECUSDT,1717545600000,SHORT,9.981298214640553,0.00033968,1717549200000,-0.001092697249497835,0.008417250062529611,0.02248113842015179
ZECUSDT,1717747200000,SHORT,2.338153025309381,0.00042988,1717750800000,-0.0022455099255828236,0.0011246486658701782,0.058238934800231755
ZECUSDT,1718784000001,SHORT,2188578713519836.8,0.00023708,1718787600000,-0.0014524330803150226,-0.00048437879367966766,0.03751673938493408
ZECUSDT,1720281600000,SHORT,2127011893384265.8,0.00023885,1720285200000,-0,-0.0015147692873675469,0.006082127213506555
ZECUSDT,1720915200000,LONG,1.7518774515315425,-0.00029089000000000003,1720918800000,-0.003367636484838213,0.006701439822745103,0.05522652778121467
ZECUSDT,1722182400001,SHORT,275137597329019.84,0.00029209,1722186000000,-0.0033623751684043043,0.005218737861309957,0.03426059156464553
ZECUSDT,1722297600000,SHORT,18.139720170983544,0.00023518,1722301200000,0.0064034370352070245,-0.006966558540478477,0.018715073001142314
ZECUSDT,1722470400000,LONG,6.150801444119674,-0.00044041,1722474000000,0.00120409406480451,-0.02810203252069489,-0.0176242787295752
ZECUSDT,1722614400000,LONG,1.542934727273241,-0.00023647999999999999,1722618000000,0.0038974715803142415,-0.008446505721831912,-0.03733603788187002
ZECUSDT,1722729600000,LONG,1.301439212136379,-0.00078801,1722733200000,0.012948230799113176,0.01889224955127527,0.01951588536818195
ZECUSDT,1723420800000,SHORT,3.53921215527897,0.00020364000000000002,1723424400000,-0.01534556967466032,-0.019687110502797367,-0.05049523424512907
ZECUSDT,1724745600000,SHORT,4.267353834076228,0.00027514,1724749200000,0.0011028399242951714,0.00137874005020026,0.0038652726202052343
ZECUSDT,1725033600000,SHORT,1.095491373889756,0.00024784000000000004,1725037200000,-0.0018427523642102384,-0.019483112473700884,-0.01525349891743828
ZECUSDT,1725292800000,SHORT,1.2737220969388967,0.00012259,1725296400000,-0.024399955694061018,-0.042147861817466596,-0.05458708760207322
ZECUSDT,1725523200000,SHORT,1.2154819072134566,0.00012247,1725526800000,0.00034007822126782015,0.006139173442749118,0.019918240915592952
ZECUSDT,1725724800000,SHORT,3.378344682793597,0.000037299999999999985,1725728400000,0.005390848634876423,-0,0.0010758473334630141
ZECUSDT,1726012800000,SHORT,1.7323688810067617,0.000041500000000000006,1726016400000,0.020296820535790367,0.025351591197414418,0.02501381041392924
ZECUSDT,1726387200000,SHORT,1.2657325064499116,0.00007674000000000001,1726390800000,0.0032520353863773432,0.0035778213478839666,0.03670440120386029
ZECUSDT,1727107200000,SHORT,1.0531336875989825,0.00023489000000000002,1727110800000,-0.0054794657646255705,-0.010249491844806204,-0.02341868436149488
ZECUSDT,1727913600000,SHORT,3.568881044942436,0.00024133,1727917200000,-0.007654074872308206,-0.008035245069414223,0.03002760208412895
ZECUSDT,1728028800000,SHORT,4.421607617758905,0.00017936,1728032400000,-0.004167461989173493,-0.016566643947891594,-0.020665773965638318
ZECUSDT,1728604800000,LONG,1.441175356979166,-0.00022114999999999998,1728608400000,0.025072538439045226,0.04126044426132461,0.029564404498133655
ZECUSDT,1730073600000,SHORT,1474125331833609,0.00025762,1730077200000,0.015100521249734952,0.034436311046713824,0.01641302964133026
ZECUSDT,1730505600000,SHORT,1.2958772091586652,0.00027519,1730509200000,-0,0.0007906180409195926,0.026426200793186642
ZECUSDT,1730937600000,SHORT,1.0969651211710274,0.00022521,1730941200000,-0.02730545069026744,-0.046865976544761,-0.025732946715775962
ZECUSDT,1731369600002,SHORT,1.098048607950287,0.00036005,1731373200000,0.007674981241149125,0.05524223609315062,0.09277236388238784
ZECUSDT,1731916800000,SHORT,1.2345368447162892,0.00056738,1731920400000,0.01655385848649518,0.022348487856566856,0.05984877047796557
ZECUSDT,1732233600000,SHORT,1.0876228408474433,0.00048215,1732237200000,-0.019056539882593215,-0.02252199710861039,-0.003972638197478465
ZECUSDT,1732348800000,SHORT,1.2795449317356915,0.0008589299999999999,1732352400000,0.0037406527407979166,-0.021545924274860857,-0.003106557329061065
ZECUSDT,1732809600000,SHORT,1.0304596923280296,0.00071018,1732813200000,-0.011809047592242819,-0.000719683370393643,0.004871457536301468
ZECUSDT,1732924800000,SHORT,1.0320552481385572,0.00072088,1732928400000,-0.009046493893782311,-0.01710072011718773,-0.0389210791325907
ZECUSDT,1733212800000,SHORT,2.351051373996294,0.0009427799999999999,1733216400000,-0.00255153566212698,-0.0012094337293619163,0.029058725606478923
ZECUSDT,1733385600000,SHORT,1.018299143691055,0.00158653,1733389200000,0.005840888462548569,-0.016622442173882885,-0.03283564288760502
ZECUSDT,1734652800000,SHORT,675148010639225,0.00028059,1734656400000,-0.001022808721671298,-0.01422499093134726,0.10590644169840831
ZECUSDT,1735027200000,SHORT,1.0744221917044088,0.00020219000000000001,1735030800000,0.025163030674334615,0.02042334496120217,0.05053252072532791
