symbol,time,oi4,mean_log_taker4,direction,fwd1h,fwd4h,fwd12h
SOLUSDT,2023-01-02T03:15:00+00:00,0.001275848349507935,0.021794035735765546,LONG,0.005835400056472974,0.1756896014959236,0.11284218750463587
SOLUSDT,2023-01-02T11:15:00+00:00,0.010829438584259622,0.09930980215243566,LONG,0.0008951261445639045,0.007241161256559474,0.023733935679531
SOLUSDT,2023-01-02T16:25:00+00:00,0.0029748534536539572,-0.032784265255794025,SHORT,-0.0006177577049357563,-0.009982838234280766,-0.008928848853420249
SOLUSDT,2023-01-03T01:30:00+00:00,0.0004305163664315653,0.0031689571585685637,LONG,0.0018189626361514186,0.04807280832093392,0.06597524228054492
SOLUSDT,2023-01-03T02:00:00+00:00,0.00035428211038421184,0.015230939676792305,LONG,0.0060420652802001835,0.05850283180140164,0.07743023697723203
SOLUSDT,2023-01-03T02:35:00+00:00,0.0003166090601090669,0.02780978536108994,LONG,0.004318897539569651,0.06466793070150506,0.10803751174389697
SOLUSDT,2023-01-03T05:25:00+00:00,0.005682337240403936,0.03233913744499736,LONG,0.020094770462212436,0.010888895842044366,0.10274088323871856
SOLUSDT,2023-01-03T20:10:00+00:00,0.01784956509301736,0.021887037964118613,LONG,-8.998108521858223e-06,0.02329529893041718,0.06609008167884958
SOLUSDT,2023-01-03T20:40:00+00:00,0.009122659604145628,0.03680083179948597,LONG,0.0003813737127188657,0.04658131233861773,0.05137339493284921
SOLUSDT,2023-01-03T21:30:00+00:00,0.0021855903166204667,0.05540725964839381,LONG,0.008407833782590371,0.030609884380782167,0.04393703373739203
SOLUSDT,2023-01-03T21:45:00+00:00,0.008010151713759026,0.06787022279038442,LONG,-0.004555470637121625,0.022693353554978795,0.03352019472221807
SOLUSDT,2023-01-04T12:45:00+00:00,0.0006613515542781143,-0.07077085874854894,SHORT,0.0022342253354231344,0.00564680220183457,0.019376110058822366
SOLUSDT,2023-01-04T13:45:00+00:00,0.001821404029468901,-0.042411006415794233,SHORT,0.010336506476508828,-0.00427421003556096,0.019024630877144687
SOLUSDT,2023-04-03T03:55:00+00:00,6.704012424767727e-05,-0.04588824358958927,SHORT,0.0015109509056424216,-0.007860161388679938,-0.011790022752652113
SOLUSDT,2023-04-03T12:05:00+00:00,0.00023179399256170318,-0.028731217182794932,SHORT,-0.0017358228957756955,0.003532021760417868,-0.0029541687352340334
SOLUSDT,2023-04-03T14:55:00+00:00,0.0009362296986681573,-0.061371403729702054,SHORT,-0.0057242755212654345,-0.02196579699107439,-0.016285419145748253
SOLUSDT,2023-04-03T15:05:00+00:00,0.0021293244139709935,-0.04581443957192569,SHORT,-0.0049802938444270094,-0.025573975793624304,-0.014352065781353205
SOLUSDT,2023-04-03T16:10:00+00:00,2.016397016119315e-05,-0.014117769474657763,SHORT,0.0071108522991634344,-0.01757837700365644,-0.004365855209180512
SOLUSDT,2023-04-03T16:25:00+00:00,0.000517972210650722,-0.033137560524137986,SHORT,0.00031574796839579526,-0.00827252933402011,-0.004597765895460819
SOLUSDT,2023-04-03T16:50:00+00:00,0.0015410165724534853,-0.014335088359043098,SHORT,-0.0009974537818315467,-0.01372221116203084,-0.004573643159023647
SOLUSDT,2023-04-03T17:05:00+00:00,0.0020198836855413647,-0.03920656609449185,SHORT,-0.006732704858663487,-0.001555561426248905,-0.007192333648102594
SOLUSDT,2023-04-03T19:00:00+00:00,0.0015904512300580853,0.0029621234320295177,LONG,0.012397978082604824,-0.009133545915938054,-0.002009706437167931
SOLUSDT,2023-04-04T04:55:00+00:00,0.00040743293294576437,-0.0631244009239632,SHORT,-0.0015719411794138964,-0.012191936995900874,-0.022953575426550195
SOLUSDT,2023-04-04T07:45:00+00:00,0.001584258235454646,-0.08767151068799495,SHORT,-0.0039408500119895,-0.0162565740046158,-0.020376142965354473
SOLUSDT,2023-04-04T08:30:00+00:00,0.0017032236236860596,-0.07996553718250791,SHORT,-0.0022738010286729947,-0.02953754018142565,-0.02072726070554168
SOLUSDT,2023-04-04T11:20:00+00:00,0.004584480699232408,-0.025706475386464124,SHORT,-0.004091541070097127,0.013149778430287489,0.005298956042810171
SOLUSDT,2023-04-04T16:45:00+00:00,0.006349615369354268,0.009052264910241586,LONG,0.0047325082468141245,0.006697355370110933,0.012662615044231496
SOLUSDT,2023-04-04T19:15:00+00:00,0.001196076421975978,-0.0213767961951902,SHORT,-0.0043192111934867074,-0.0030647574146296193,-0.01614992041223265
SOLUSDT,2023-04-05T02:05:00+00:00,0.001149964956542966,-0.012877608699138603,SHORT,0.004703065405952115,-0.00245801447968915,0.014803708347298486
SOLUSDT,2023-04-05T05:55:00+00:00,0.00015455541629190634,0.05709247308393858,LONG,-0.0001385536843803424,-0.0012167107872000575,-0.024254677189554343
SOLUSDT,2023-04-05T06:10:00+00:00,0.0010058714665363618,0.055231770714527895,LONG,-0.0027281296318439705,-0.004265711651833821,-0.02674400304319475
SOLUSDT,2023-04-05T17:05:00+00:00,0.001979833924267267,-0.06443284206882702,SHORT,-0.0023171534604083874,-0.006786866319599976,-0.0018818312388326857
SOLUSDT,2023-07-03T10:15:00+00:00,0.0034581826954566217,-0.023494414254594205,SHORT,0.0013436631607704076,0.013098452473136457,0.020550674820971875
SOLUSDT,2023-07-03T10:55:00+00:00,0.0006923787134620697,-0.0362642800392309,SHORT,-0.0041419267500251485,0.020801599505542286,0.01809001716690094
SOLUSDT,2023-07-03T12:55:00+00:00,0.002640091169977162,-0.06706984528910598,SHORT,0.009384761978204896,0.010821637872851118,-0.0018344514772929775
SOLUSDT,2023-07-03T13:25:00+00:00,0.00020385551389593475,-0.08123826193387035,SHORT,0.0025931012659881833,0.004325288798447648,-0.013304414314446317
SOLUSDT,2023-07-04T05:05:00+00:00,0.0028756630642645035,-0.051362667156660546,SHORT,-0.00031321779333147594,0.0019700058092483566,-0.0231532234085926
SOLUSDT,2023-07-04T10:55:00+00:00,0.000425234812045986,0.008886806425912382,LONG,0.0028227660464192283,0.013848565497013498,0.013876092343136427
SOLUSDT,2023-07-04T11:05:00+00:00,0.00018402053110468046,-0.006771971391913212,SHORT,-0.003088490173447377,-0.031065755911645888,-0.01851315665313213
SOLUSDT,2023-07-04T11:50:00+00:00,0.00018102421679073226,0.014741549390984281,LONG,0.0042912869451120425,0.02501612322286957,-0.0021133378339907713
SOLUSDT,2023-07-04T12:05:00+00:00,0.001121685803599098,0.0255424139353088,LONG,0.008223730107048424,0.02896521441386477,-0.0029890119535712395
SOLUSDT,2023-07-04T12:40:00+00:00,0.00024501108511092547,0.026721975442708375,LONG,0.00438118937219915,0.021259642232385065,-0.006153870296575689
SOLUSDT,2023-07-04T13:15:00+00:00,0.003306690069415749,0.06254872900815134,LONG,0.004707149347614709,0.007766929459725358,-0.006264952064479163
SOLUSDT,2023-07-04T21:40:00+00:00,0.005267308901959506,0.04810784373006759,LONG,0.00166096214821551,-0.0075979174142185545,-0.015103142135585184
SOLUSDT,2023-07-04T22:15:00+00:00,0.000252543966357758,0.05940858642529904,LONG,0.0022415286281791493,-0.011990886676672592,-0.018615258535554752
SOLUSDT,2023-07-04T23:10:00+00:00,0.003451353817059487,0.01873987050288812,LONG,-0.016789720496569755,-0.013150384961064288,-0.041826480970153956
SOLUSDT,2023-07-04T23:25:00+00:00,0.0006975468971002085,0.008921841047007795,LONG,-0.008365591963565223,-0.00745962845793924,-0.033748512331814556
SOLUSDT,2023-07-05T06:30:00+00:00,0.00024566111987080186,-0.061153177661186726,SHORT,-0.002946312627217894,0.007620874131517025,0.028053513833886996
SOLUSDT,2023-07-05T07:30:00+00:00,0.0007264664701677469,-0.023630704114145508,SHORT,0.005289026560172341,0.028116274115628836,0.03382429550411739
SOLUSDT,2023-07-05T14:50:00+00:00,0.006044203305909772,-0.027367491365703708,SHORT,0.013614403348417464,0.00630175650213093,-0.033812819743662806
SOLUSDT,2023-07-05T16:05:00+00:00,0.0017208414673298854,-0.008959652859855494,SHORT,-0.011096037300040064,0.00010781089978634782,-0.0480996611399172
SOLUSDT,2023-07-05T16:20:00+00:00,0.0006032740531457086,0.01763990029286826,LONG,0.006372693685773305,-0.002730142999337689,0.04321424823744994
SOLUSDT,2023-07-05T16:50:00+00:00,0.0008972457111889947,0.04072706387226643,LONG,0.002657978752813867,0.0013873328088238705,0.034369780196367106
SOLUSDT,2023-07-05T17:35:00+00:00,9.510648091391337e-05,0.059274300890270935,LONG,-0.006936320628471144,-0.0005524506532662689,0.03068303525416266
SOLUSDT,2023-10-02T02:30:00+00:00,0.003458315152427922,0.008904227362800197,LONG,0.010557030201448233,0.016288216904684707,-0.012524492786723403
SOLUSDT,2023-10-02T02:55:00+00:00,0.0022897377323330254,0.02486110773801071,LONG,-0.00021066872291672253,0.010896656900000353,0.003360984684741281
SOLUSDT,2023-10-02T15:40:00+00:00,0.0017306769132629557,0.008207368575993393,LONG,-0.005638081840770249,-0.02653654207276512,-0.025966585920935675
SOLUSDT,2023-10-02T16:00:00+00:00,0.017499284272161592,0.0007800335734439055,LONG,0.0005852015022746128,-0.009447490560738701,-0.016867076173665865
SOLUSDT,2023-10-02T22:55:00+00:00,0.0014672371171165373,0.0383994869507051,LONG,0.004131943309281448,0.012607981231902118,0.03644710790487411
SOLUSDT,2023-10-03T06:40:00+00:00,0.0068427316714850354,0.04034920048151332,LONG,-0.008678915647871028,0.0028234531296306314,-0.005524219214013893
SOLUSDT,2023-10-03T14:15:00+00:00,0.001981468737020679,-0.015235561787436354,SHORT,0.005455997555327268,0.010643024161761489,0.04755888573922077
SOLUSDT,2023-10-03T15:30:00+00:00,0.0008783931093903587,0.00902697860623589,LONG,-0.0016779634188942305,-0.021842992968511825,-0.04459015961642024
SOLUSDT,2023-10-03T17:25:00+00:00,0.005208935385954806,-0.0171041529552323,SHORT,0.007539490289583956,0.024865337598879246,0.049179880597711806
SOLUSDT,2023-10-03T18:05:00+00:00,0.0023669111097280567,-0.036164799529820164,SHORT,0.014377083737853721,0.024541289072675013,0.04313286471535579
SOLUSDT,2023-10-03T18:15:00+00:00,0.0002488411016786406,-0.030534052422130975,SHORT,0.013749954628293672,0.019506132156994104,0.04412729784448876
SOLUSDT,2023-10-03T18:50:00+00:00,0.010152043547684864,-0.04544476412849138,SHORT,0.014963784016857246,0.024702456577521705,0.03818464160853989
SOLUSDT,2023-10-04T03:00:00+00:00,0.0042611677914659255,0.026650915947827834,LONG,-0.008896573484554252,-0.007088941845315967,-0.016718546873540636
SOLUSDT,2023-10-04T07:05:00+00:00,0.0016145912574658803,0.013713207099730413,LONG,0.0023115947939917557,0.017616001326382233,-0.003527649066263515
SOLUSDT,2023-10-04T07:15:00+00:00,0.002695538430847973,-0.009595687526233063,SHORT,-0.0075612653779183765,-0.018509967683479973,-0.0053656857887318535
SOLUSDT,2023-10-04T13:35:00+00:00,0.0010771687270187103,-0.03414519184756154,SHORT,0.013597122994421494,0.012854878325245143,-0.012442197949730817
SOLUSDT,2023-10-04T13:55:00+00:00,0.0013937436521036083,-0.039672750528692506,SHORT,0.008304971102309905,0.0038170529969668667,-0.01294227341405065
SOLUSDT,2024-01-01T06:15:00+00:00,0.00076291234760979,-0.0024432873889248486,SHORT,-0.010309369658861287,-0.02890635118003718,-0.06100451895966131
SOLUSDT,2024-01-01T15:30:00+00:00,0.00025931599436230184,-0.021449476621505134,SHORT,-0.014943125661307847,-0.02913262493871416,-0.05187921719738526
SOLUSDT,2024-01-01T20:15:00+00:00,0.0006092598556164197,-0.052259375100122324,SHORT,0.011311098892214254,-0.0011634453925918116,-0.04747968701549813
SOLUSDT,2024-01-01T20:25:00+00:00,0.002170632969773432,-0.0475266057239288,SHORT,0.007834626818796599,-0.008214478495939844,-0.055405905037958544
SOLUSDT,2024-01-02T01:45:00+00:00,0.000310779006637448,0.044423586254112746,LONG,0.00452706200041593,0.007887524169990789,0.021053959168356725
SOLUSDT,2024-01-02T15:55:00+00:00,0.007157713887961195,-0.052793412901699956,SHORT,-0.0007190343665165825,0.025991159317626522,0.019696454963573723
SOLUSDT,2024-01-02T23:25:00+00:00,0.0004066929332687686,-0.008633051629110886,SHORT,-0.0012363181607741472,0.00023466863902265003,0.025273609500489257
SOLUSDT,2024-01-03T00:00:00+00:00,0.003756963136720609,0.00873392620251374,LONG,0.005603172061568584,0.012757648756369727,-0.03207539477473898
SOLUSDT,2024-01-03T10:10:00+00:00,0.002654468897223052,0.0015246407950469602,LONG,-0.02409889979243736,-0.11493902594592144,-0.0892982999230913
SOLUSDT,2024-04-01T01:05:00+00:00,0.000611027609761441,0.03260662907818696,LONG,0.0011063673899827401,-0.009467046364449514,-0.026431553746943726
SOLUSDT,2024-04-01T01:15:00+00:00,0.0009599308563030768,0.016469947625220024,LONG,0.0019465119613464336,-0.00935083268984098,-0.032088120350401796
SOLUSDT,2024-04-01T09:50:00+00:00,0.0018182651167742735,-0.05341906487720597,SHORT,0.004364454762234223,0.002207582070568783,0.021774109712538403
SOLUSDT,2024-04-01T12:05:00+00:00,0.0011198964858788127,-0.021617725320111254,SHORT,-0.007965839803148264,0.0358987111927326,0.02150784860910592
SOLUSDT,2024-04-01T14:20:00+00:00,0.0012927483434282462,-0.009422223807600499,SHORT,0.025592355569474725,0.029645088380041942,0.028576582119414797
SOLUSDT,2024-04-01T14:55:00+00:00,0.0007209364890099421,-0.036406518536187885,SHORT,0.016788234788229668,0.008810009647836297,0.034994634572135044
SOLUSDT,2024-04-01T16:20:00+00:00,0.0014935774625853832,-0.04867364599027347,SHORT,0.008397652030521197,-0.0076487802630117235,0.044604821496673226
SOLUSDT,2024-04-02T01:45:00+00:00,0.00032193903984149575,-0.0810233994055339,SHORT,0.03719199044681577,0.03949403854384302,0.0751842848406322
SOLUSDT,2024-04-02T04:50:00+00:00,0.00017845960697473464,-0.030104159962087526,SHORT,-0.0016705928231510216,0.004520096015504685,0.016898377807770093
SOLUSDT,2024-04-02T06:40:00+00:00,0.003964044262383079,0.010452456806383011,LONG,-0.007313935297787638,-0.021203925069274356,-0.007459543925017077
SOLUSDT,2024-04-02T09:25:00+00:00,0.00027206241311468525,-0.01613583701239628,SHORT,0.0021094840251000536,0.02941016232055734,-0.008379244923575105
SOLUSDT,2024-04-02T09:35:00+00:00,0.0005366975735168071,-0.024908904753207034,SHORT,0.0027990531294301126,0.02966759165233468,-0.00418660395715585
SOLUSDT,2024-04-02T09:45:00+00:00,0.0003695553201756127,-0.027044384086309783,SHORT,0.00624504233055563,0.027225751077154404,-0.006621216935403781
SOLUSDT,2024-04-02T10:10:00+00:00,0.00021345505680062416,-0.058716942817758994,SHORT,0.008272824115221213,0.006220288219445797,-0.019415305180984173
SOLUSDT,2024-04-03T00:45:00+00:00,0.0010915621442316023,-0.019525289049144648,SHORT,-0.017418624975126626,-0.040279157099655724,-0.03364244667869963
SOLUSDT,2024-04-03T03:20:00+00:00,0.0008887157455134798,-0.042510573532281305,SHORT,-0.01055087743531408,-0.02126608031245387,-0.01694634089435528
SOLUSDT,2024-04-03T05:05:00+00:00,0.0005940848845542128,-0.034196853163064075,SHORT,-0.013222618340988545,-0.01573965896144197,-0.012936005331165698
SOLUSDT,2024-04-03T08:40:00+00:00,0.0015897156501763344,-0.06548886852450539,SHORT,0.003774553595391799,0.01963187946227238,0.04375719602961785
SOLUSDT,2024-04-03T10:40:00+00:00,0.0013239762658601181,-0.09519490920051481,SHORT,0.0013064400196643388,-0.007066379237839108,0.012850628339980222
SOLUSDT,2024-04-03T15:20:00+00:00,0.00028868179770873007,-0.01754747826230942,SHORT,0.0024692929587272613,0.014998002591565187,0.03329799337660507
SOLUSDT,2024-04-03T15:55:00+00:00,0.0004930324908305503,-0.03222325774292669,SHORT,-0.0010938462994951289,0.01793535615125541,0.04054952194672236
SOLUSDT,2024-04-03T18:00:00+00:00,0.0012933170849211632,-0.027868871545809453,SHORT,0.006131045247123063,0.011345379750674867,0.023454859099984047
SOLUSDT,2024-04-03T18:15:00+00:00,0.0005760082969180193,-0.04598131689515708,SHORT,0.006384885153044672,0.010325193752797359,0.016912468857605202
SOLUSDT,2024-07-01T05:05:00+00:00,0.0029522519316090633,-0.15223868814993347,SHORT,0.0007620407302401076,0.0023007116188353076,0.003233211123162317
SOLUSDT,2024-07-01T12:10:00+00:00,0.0032968175486081113,-0.10163753821833772,SHORT,-0.00859071424687745,-0.014043694159658584,0.0003516815939063097
SOLUSDT,2024-07-01T13:05:00+00:00,0.0005446731324138295,-0.0458351747638192,SHORT,0.005061825740231363,0.0044210632825847215,0.005669434764615093
SOLUSDT,2024-07-01T13:30:00+00:00,0.000635373150237923,-0.04463316138024448,SHORT,0.0029614131421340107,-0.002952409862264912,-0.0015706946662469023
SOLUSDT,2024-07-01T15:35:00+00:00,0.0009213475948862046,-0.0034768320906806015,SHORT,0.0007138550082582779,0.008492009400801694,-0.007379852555677008
SOLUSDT,2024-07-01T15:55:00+00:00,0.0001282277291031682,-0.014228213299810942,SHORT,0.00378574893304722,0.008048059764358077,-0.004223626584247167
SOLUSDT,2024-07-01T16:05:00+00:00,1.3248428571132876e-06,-0.018429000590170903,SHORT,0.007708477765284941,0.005889808965290673,-0.006484956500575749
SOLUSDT,2024-07-01T23:30:00+00:00,0.0010279141240021185,-0.055153677153701404,SHORT,-0.0042576878593131124,-0.015283318270366221,-0.024350438420382238
SOLUSDT,2024-07-02T07:10:00+00:00,0.0004180668021199083,-0.1580147696587491,SHORT,0.0003263774175801643,-0.010112335522312771,-0.03711543351262544
SOLUSDT,2024-07-02T10:55:00+00:00,0.0008183780013164352,0.10168502675497965,LONG,0.005733311950542345,-0.0037040820880457643,0.038765952418403006
SOLUSDT,2024-07-02T14:30:00+00:00,0.00010560791166452746,0.024599846470445816,LONG,0.0007363155068568923,0.030488365982061498,0.031025150723834608
SOLUSDT,2024-07-02T15:00:00+00:00,0.0007345924167685669,0.03287886942855517,LONG,-0.003167865689698242,0.026974745406743564,0.021509927902388017
SOLUSDT,2024-07-02T17:45:00+00:00,0.0005322687215453541,0.06067016333082446,LONG,0.022529565179868025,0.029309074128670298,-0.003734468347712059
SOLUSDT,2024-07-02T17:55:00+00:00,0.0027525361067529544,0.05275645985385179,LONG,0.019693079893497705,0.024231928424979756,-0.003842293727445845
SOLUSDT,2024-07-02T18:10:00+00:00,0.004184186729495588,0.05447794420941285,LONG,0.010106250118750434,0.02038450191549068,-0.014248729914478906
SOLUSDT,2024-07-02T20:20:00+00:00,0.0003317828852788862,0.05841441862083645,LONG,-0.0016279186586163437,0.006855784386642607,-0.04550788181769455
SOLUSDT,2024-07-03T03:20:00+00:00,0.000378553915689503,-0.06644586122726885,SHORT,0.010982303748758535,0.02454886579213096,0.055922581405841075
SOLUSDT,2024-07-03T05:45:00+00:00,0.0009948560762750491,0.008116224414894829,LONG,0.0009755991102249846,-0.014751977034419777,-0.04972732475610903
SOLUSDT,2024-07-03T05:55:00+00:00,0.005412770015449514,0.03691633964925419,LONG,-0.004038835586703226,-0.019868386503939735,-0.050401880725982756
SOLUSDT,2024-07-03T06:20:00+00:00,0.0017057664026316369,0.050184295545689366,LONG,-0.012190416299486164,-0.03263597543035602,-0.0494891484559804
SOLUSDT,2024-07-03T07:10:00+00:00,0.0008501027907413292,0.07404318127930706,LONG,-0.014498438285097835,-0.026935370279377046,-0.04628791060789431
SOLUSDT,2024-07-03T07:55:00+00:00,0.002000669114474875,0.01436952166918394,LONG,-0.0003226397546269071,-0.016526812119878165,-0.0417390412035932
SOLUSDT,2024-07-03T08:55:00+00:00,0.00012575818714059055,0.06976995652246794,LONG,0.0003073927991826691,-0.03333863341110563,-0.04453521961430141
SOLUSDT,2024-07-03T09:35:00+00:00,0.004322466490913204,0.04690671596728586,LONG,-0.012155285462894377,-0.020999830360153467,-0.03906501613861503
SOLUSDT,2024-07-03T14:45:00+00:00,0.0004278129035792534,0.006359294311066583,LONG,-0.004452498848854419,-0.0047985379406002655,-0.041901214780941
SOLUSDT,2024-07-03T15:40:00+00:00,0.0009199666757637289,-0.007070062296105794,SHORT,0.001651597844023993,0.011121352176415569,0.03999302565707887
SOLUSDT,2024-07-03T19:55:00+00:00,0.0010049042569690355,0.008285819012186545,LONG,-0.003118818165335048,0.0022355863861293454,-0.04424315344757576
SOLUSDT,2024-07-03T21:00:00+00:00,0.0024427815738644735,-0.04135529390591658,SHORT,-0.009567278342751919,-0.009591846492551086,0.04085595526085528
SOLUSDT,2024-10-07T00:50:00+00:00,0.0003118380596997928,0.0010761016815676464,LONG,0.006934910422398076,0.006293737089627156,-0.01629652282228949
SOLUSDT,2024-10-07T01:20:00+00:00,0.0009990215120116565,-0.03998960661898501,SHORT,-0.009844789734878926,-0.0023011109822781463,0.010906411816837427
SOLUSDT,2024-10-07T04:15:00+00:00,0.000201210092105221,-0.010009975373676223,SHORT,0.0025521862354882427,0.00870023621962006,0.012798894731385608
SOLUSDT,2024-10-07T13:50:00+00:00,0.00016320856763702397,-0.00813600230258066,SHORT,-0.022046216860940247,-0.010953795788663963,0.015679041701043332
SOLUSDT,2024-10-07T14:15:00+00:00,0.00628266936907718,0.034471516947964846,LONG,-0.0060097871110647095,-0.015043655337852388,-0.03553440800021407
SOLUSDT,2024-10-08T03:05:00+00:00,0.0005550209314309034,-0.0004134067987776262,SHORT,0.0026149154404164552,0.011015934062015316,0.004648427197649757
SOLUSDT,2024-10-08T03:15:00+00:00,0.0006205037134473331,-0.026063887580764403,SHORT,0.00168039954207934,0.016977542004010592,0.009086416178052652
SOLUSDT,2024-10-08T10:10:00+00:00,0.0006067335932479623,-0.06951186171995478,SHORT,-0.003687934978821087,-0.001270614811309227,-0.0007034344493659443
SOLUSDT,2024-10-08T13:40:00+00:00,0.002766578736130988,-0.005417846911674174,SHORT,0.005454419834219041,0.009546395683896767,-0.004168115153046227
SOLUSDT,2024-10-08T17:05:00+00:00,0.00013975476100368887,-0.08271447291272983,SHORT,-0.0035371630229343175,-0.007082212577191038,0.00018390488249101836
SOLUSDT,2024-10-09T07:50:00+00:00,0.0008356121288715897,-0.11300183587493033,SHORT,0.0013233484501963392,-0.002914427302573598,0.01330457898020084
SOLUSDT,2024-10-09T08:55:00+00:00,0.000339118613348189,-0.041226711408072284,SHORT,-0.0022833803868369832,0.007316087050715872,0.028981352140888893
SOLUSDT,2024-10-09T20:55:00+00:00,2.6209200793923036e-05,-0.028582292922708672,SHORT,-0.007230480148977126,0.002578303262501119,0.0014592140120646402
SOLUSDT,2024-10-09T21:10:00+00:00,0.0009632347368765685,0.00018170414588200624,LONG,0.00034445649667043745,-0.006442568958795857,-0.010073023679543372
SOLUSDT,2024-10-09T21:35:00+00:00,0.00017983531733876894,-0.05563720966454799,SHORT,0.0015253626069425387,0.0020248754620846533,0.011888470895101012
SOLUSDT,2024-10-09T22:40:00+00:00,0.0009360807720617204,-0.04034210846149985,SHORT,-0.0027182797629622937,-0.003631434435602824,-0.0007966485557637809
DOGEUSDT,2023-01-02T03:45:00+00:00,8.86902710010442e-05,0.016392624354262145,LONG,0.003582140437260452,0.031965593627699844,0.04013568684783638
DOGEUSDT,2023-01-02T03:55:00+00:00,0.0027142971998513937,0.03402837691854476,LONG,-0.0020033663930713636,0.027434888716904915,0.03283462318320707
DOGEUSDT,2023-01-02T11:20:00+00:00,0.0194409870820466,-0.047290000579331234,SHORT,-0.0034111060801432745,-0.0047594146477785634,0.0020460849422877
DOGEUSDT,2023-01-02T12:05:00+00:00,0.0054391834594524,-0.055755110947053044,SHORT,-0.0016368798955742599,-0.006050507670821014,0.0069014176933232165
DOGEUSDT,2023-01-02T17:05:00+00:00,0.003725840341045497,-0.05463072651555932,SHORT,0.0002610138952970933,-0.003495375068508499,0.00769321276594014
DOGEUSDT,2023-01-02T21:10:00+00:00,0.001267980623007218,0.008712891304279923,LONG,0.0012730721807589231,-0.00936978408756804,-0.007836602720005912
DOGEUSDT,2023-01-02T21:55:00+00:00,0.001026689852326949,0.03840272176837942,LONG,-0.005548634016425572,-0.01362946434458727,-0.007219245570225149
DOGEUSDT,2023-01-03T03:05:00+00:00,0.0007543695514443602,0.034732463344736224,LONG,0.002099278734276077,0.004882796564886755,-0.0059141506919564504
DOGEUSDT,2023-01-03T03:15:00+00:00,0.003760688474781337,0.013376230929809206,LONG,0.0061828834184099405,0.0086891503944694,-0.005380156603519584
DOGEUSDT,2023-01-03T06:25:00+00:00,0.0002874742396256738,-0.02558643447293149,SHORT,0.005201750756609538,0.005142114033412364,0.03340455752424765
DOGEUSDT,2023-01-03T07:20:00+00:00,0.0005305710819038054,-0.06081561268347488,SHORT,0.0028465663291156375,0.0025672530749745104,0.027151706825261634
DOGEUSDT,2023-01-03T07:55:00+00:00,0.0003193926611633537,-0.0764796522760898,SHORT,0.003907996283462112,0.00614513368181835,0.027587696763226244
DOGEUSDT,2023-01-03T14:45:00+00:00,0.0013800150898832808,-0.012267975898242526,SHORT,0.012182610348995643,0.024795743238024633,0.0006096927099182056
DOGEUSDT,2023-01-03T16:25:00+00:00,0.0016839777456776354,0.011137345476181887,LONG,-0.010690715461460037,-0.008257450108597854,0.02389415576978658
DOGEUSDT,2023-01-03T18:10:00+00:00,0.0029599596643989272,-0.07499634002400692,SHORT,-0.0032382847993942805,-0.0060270963097305945,-0.038380730529798644
DOGEUSDT,2023-01-03T23:40:00+00:00,0.0002020878344882683,-0.007541769895161806,SHORT,0.0011027675291228267,-0.02368475106097221,-0.02324936588429614
DOGEUSDT,2023-01-04T07:40:00+00:00,0.0025654863989373914,-0.024542349468140663,SHORT,0.005642872535159249,0.008616701749965577,0.006471866574817105
DOGEUSDT,2023-01-04T08:05:00+00:00,0.007768154987939152,-0.04703152643563339,SHORT,0.004319530066643512,0.009952241184037322,0.004934417056807994
DOGEUSDT,2023-01-04T14:35:00+00:00,6.005804400933955e-05,0.021908304031393835,LONG,0.0003070184567758061,0.008037700251442141,0.013137970250513388
DOGEUSDT,2023-01-04T15:55:00+00:00,0.0016872914314962108,0.07058443968792273,LONG,-0.0005912472626905019,-0.0039205587884499436,0.00791695513051472
DOGEUSDT,2023-01-04T17:45:00+00:00,0.0007608706201532163,0.016801524818222707,LONG,-0.003231626069875103,-0.013179478991692938,0.011900574761944916
DOGEUSDT,2023-01-04T18:25:00+00:00,0.0002782160859535596,-0.03537432786413852,SHORT,0.004720983921989656,0.008067924172701831,-0.024815018150295964
DOGEUSDT,2023-01-04T18:55:00+00:00,0.0024547175317287733,-0.03900953707924598,SHORT,0.0124873472746631,0.006524312267122666,-0.016207858701521284
DOGEUSDT,2023-01-04T19:10:00+00:00,0.0027348983284539007,-0.05470415494673879,SHORT,-0.0005168117248681559,-0.004798290539207704,-0.026427620320124193
DOGEUSDT,2023-01-04T23:05:00+00:00,0.00069775791156331,0.028226979747042618,LONG,0.009636963183532929,0.00795590591795176,0.011846828353925804
DOGEUSDT,2023-01-04T23:15:00+00:00,0.00062164833102233,0.03072535982300953,LONG,0.00603816847600862,0.0062250438855134295,0.011989639322557522
DOGEUSDT,2023-04-03T15:10:00+00:00,0.0025932640125413036,-0.11617654347719755,SHORT,-0.002750955182223043,-0.2572233874828081,-0.2336973663752599
DOGEUSDT,2023-04-03T16:45:00+00:00,0.002048540781543173,-0.10268508836134177,SHORT,-0.13645997145351188,-0.18939835913229422,-0.2130160887272028
DOGEUSDT,2023-04-03T17:05:00+00:00,0.0018889065239978292,-0.11552712442135718,SHORT,-0.24989149122809015,-0.1724327854589892,-0.22294385863144767
DOGEUSDT,2023-04-04T00:15:00+00:00,0.004524651755267593,-0.01889886386766135,SHORT,-0.006392819666029676,-0.0208480111307244,-0.056760736123663766
DOGEUSDT,2023-04-04T01:00:00+00:00,0.0020412008634520993,-0.012362114488597661,SHORT,-0.04571994399786927,-0.019744681591869446,-0.05956511725549601
DOGEUSDT,2023-04-04T17:20:00+00:00,0.004129670024762504,-0.05341965850227532,SHORT,0.0031324119760902545,-0.024057411298797692,-0.02089895026517977
DOGEUSDT,2023-04-04T17:30:00+00:00,0.0006444575152011027,-0.05023201094564186,SHORT,-0.005882478853463086,-0.005492972334036803,-0.03248919644163362
DOGEUSDT,2023-04-04T19:20:00+00:00,0.0029001543717112736,-0.0172004162098192,SHORT,-0.005610500455960763,0.02101742610544007,0.0016569854084220884
DOGEUSDT,2023-04-04T20:50:00+00:00,0.0004626377813906377,0.012417325190645527,LONG,-0.03112431811835055,-0.039084570711950324,-0.01783053296923871
DOGEUSDT,2023-04-04T21:25:00+00:00,0.006393615159640822,0.02191528832434357,LONG,-0.01700402218931046,-0.016332391955949956,-0.012092140696461532
DOGEUSDT,2023-04-05T01:45:00+00:00,0.00021770919140482982,-0.04966836431628426,SHORT,-0.00349209091396061,-0.021299503694249326,-0.009176812214383576
DOGEUSDT,2023-04-05T10:35:00+00:00,9.5328721303317e-05,-0.09348999043910311,SHORT,-0.011557293666341461,0.00736833338360933,0.05024469802775776
DOGEUSDT,2023-04-05T22:55:00+00:00,0.0019577569254311702,0.011403511948839137,LONG,-0.011000898522925564,-0.022855741431044532,-0.05613135747125151
DOGEUSDT,2023-07-03T02:45:00+00:00,0.00019553209377636333,-0.12248023473060012,SHORT,0.0008113096327854441,0.0039057122942549147,0.011234165766129447
DOGEUSDT,2023-07-03T02:55:00+00:00,0.0003068814767889917,-0.13414294457613019,SHORT,-0.0019085868291951694,0.004473479348636812,0.009919484069872347
DOGEUSDT,2023-07-03T04:05:00+00:00,0.0013658317969043024,-0.07557738636301957,SHORT,0.003915963910436169,0.0024639866184988164,0.004837655113680067
DOGEUSDT,2023-07-03T05:05:00+00:00,0.0003457723849148447,-0.003169576050627326,SHORT,0.00033406080584376277,0.0039839799292919085,0.004199946397393889
DOGEUSDT,2023-07-03T06:55:00+00:00,0.0016894528097430468,-0.030880471058367512,SHORT,-0.0015047600324517778,-0.00026955706634717425,-0.005435993699043625
DOGEUSDT,2023-07-03T17:25:00+00:00,0.00012871408370201528,-0.05740372411166329,SHORT,0.00482552018210409,0.004191584701436306,-0.0012504215537652357
DOGEUSDT,2023-07-04T02:50:00+00:00,0.0045061560051875464,-0.06984513399156066,SHORT,0.007935208466583098,0.012115136873344307,-0.005841310982633083
DOGEUSDT,2023-07-04T08:55:00+00:00,0.0010809360962621074,-0.1670558076787663,SHORT,-0.0018534941401563893,-0.008343801256140312,-0.011054967605863636
DOGEUSDT,2023-07-04T13:05:00+00:00,0.008234866785896319,-0.12082058611406207,SHORT,-0.003225540395816591,-0.03479969097087281,0.0057105181776934974
DOGEUSDT,2023-07-04T13:40:00+00:00,0.006900967623090889,-0.09634553773107411,SHORT,0.0010534375179434249,-0.0016995972114770385,0.011688174882038497
DOGEUSDT,2023-07-04T23:00:00+00:00,0.004800811814125103,-0.15514982665071966,SHORT,0.002444454716256966,0.0007038102384731752,0.03733411906908797
DOGEUSDT,2023-07-05T01:30:00+00:00,4.768723733568807e-05,-0.07439057032505396,SHORT,-0.001436746947835616,-0.0009011636298634537,0.032769742980213186
DOGEUSDT,2023-07-05T17:15:00+00:00,0.0001297577088654152,-0.07237722438818062,SHORT,0.0010458819337293638,0.00012037555092890113,0.0016172328347762504
DOGEUSDT,2023-07-05T18:35:00+00:00,0.001005459979525617,-0.13283303692248888,SHORT,-0.0026590256108312738,-0.002432274955707797,-0.014732235572928009
DOGEUSDT,2023-07-05T18:55:00+00:00,7.438528267861373e-05,-0.13895758447830067,SHORT,-0.0025891213499118805,-0.0019465454974610203,-0.01502445517632082
DOGEUSDT,2023-07-05T19:10:00+00:00,0.000985503743424392,-0.12139362889620524,SHORT,-0.001672461567415977,-0.0030424294643789907,-0.013990405302071122
DOGEUSDT,2023-07-05T19:30:00+00:00,0.0009678648119866703,-0.08023061104164445,SHORT,-0.0027570525762857776,-0.004367504156384598,-0.01436047495092752
DOGEUSDT,2023-07-05T20:55:00+00:00,0.0007474169694771668,-0.09967436500889332,SHORT,0.0023909156637732538,0.0028361075057840076,-0.01844071113745376
DOGEUSDT,2023-07-05T22:35:00+00:00,0.0018483111733192156,-0.02618185258733707,SHORT,-0.0029873061797354755,-0.0027841535545866914,-0.012443868469163717
DOGEUSDT,2023-10-02T08:15:00+00:00,0.007556449178472615,-0.04232218396886454,SHORT,-0.0030122199431000473,-0.0021743426952916577,0.02472739897404009
DOGEUSDT,2023-10-02T16:50:00+00:00,0.0025747599299812966,-0.138411273390423,SHORT,-0.0031984674636689322,0.0065825658897390536,0.004988716427635061
DOGEUSDT,2023-10-02T17:20:00+00:00,0.0004124573554668665,-0.041766495428991066,SHORT,-0.0016516984452215188,0.009716376479057104,0.006759252907061351
DOGEUSDT,2023-10-02T23:10:00+00:00,0.004626594727560594,-0.012748350088220168,SHORT,-0.001070538967826561,-0.00236037258156,0.0016882201899952386
DOGEUSDT,2023-10-03T01:15:00+00:00,6.684208488368074e-05,-0.0016786022230739807,SHORT,-0.002454901064140913,-0.003230667417472478,0.0036988672101727635
DOGEUSDT,2023-10-03T06:45:00+00:00,0.0029405111328939565,0.030667709092874564,LONG,-0.0037589210161883715,-0.0052314014613554375,-0.012690843622423521
DOGEUSDT,2023-10-03T08:20:00+00:00,0.006484357906979135,0.1116291109159466,LONG,-5.370823510632612e-05,-0.007175784309519405,-0.010429936221197103
DOGEUSDT,2023-10-03T09:25:00+00:00,4.1564318122753126e-05,-0.00037534269651821574,SHORT,0.0031481007513289344,0.0012564669828704928,0.010137158050745651
DOGEUSDT,2023-10-03T09:35:00+00:00,0.0008765313989449682,0.002494964358849144,LONG,-0.000812281166333775,-2.6494585412777256e-05,-0.009492366576465013
DOGEUSDT,2023-10-03T10:00:00+00:00,0.004172998708655768,-0.009998729388891722,SHORT,-0.0008653832170616711,-5.769397195734052e-05,0.00819132959262638
DOGEUSDT,2023-10-03T22:40:00+00:00,0.004081880698634192,-0.03616512136232287,SHORT,0.0008157272660501923,0.007037096383130764,0.0036372329423442575
DOGEUSDT,2023-10-03T23:35:00+00:00,4.9674533886575444e-05,-0.061621802720058634,SHORT,0.008224867767899187,0.0069862249184728725,0.003658871749666204
DOGEUSDT,2023-10-03T23:45:00+00:00,0.0003788646247671349,-0.03178313927880634,SHORT,0.017679082212639172,0.007991738164316229,0.00502204642721382
DOGEUSDT,2023-10-04T00:20:00+00:00,0.007081474706783357,-0.08315405358046737,SHORT,0.007867845428379223,0.005561039330464122,0.0006357297513044805
DOGEUSDT,2023-10-04T02:00:00+00:00,7.644872610810359e-05,-0.18585210408810335,SHORT,-0.00275055609190859,-0.002562848078391098,0.00039524775159971047
DOGEUSDT,2023-10-04T02:10:00+00:00,0.001329141334028852,-0.17146147284812316,SHORT,-0.0006515582455576271,0.00033382531257843324,0.001978292053831409
DOGEUSDT,2023-10-04T02:20:00+00:00,0.00027607504176169846,-0.19166913893328846,SHORT,4.941592755152545e-05,0.0010354538722495777,0.0025155955782134756
DOGEUSDT,2023-10-04T03:10:00+00:00,0.004275044227966112,-0.21630179646605047,SHORT,0.003451616428132119,-0.0018159797883995983,0.0018663169803630232
DOGEUSDT,2023-10-04T03:40:00+00:00,0.001718752316236034,-0.1567527649917636,SHORT,0.0004895164729110124,-0.002298851587110649,-0.0019496024814335204
DOGEUSDT,2023-10-04T03:55:00+00:00,0.0018069689090206146,-0.1407389894655855,SHORT,-0.0006185683014135344,-0.00442974590050815,-0.0012678095748713434
DOGEUSDT,2023-10-04T04:55:00+00:00,0.0026683192770655517,-0.03952030128972318,SHORT,-0.0013062715204839516,-0.005075840845266568,-0.0024832469218208407
DOGEUSDT,2023-10-04T18:30:00+00:00,0.00014102037706782271,-0.026177687981731066,SHORT,-0.002542619838244472,-0.0040509345872743775,0.002495733639039796
DOGEUSDT,2023-10-04T19:55:00+00:00,0.001347776470419142,-0.04400963651734254,SHORT,0.00016365272927428045,-0.004816071861845847,0.002880269015694562
DOGEUSDT,2023-10-04T20:40:00+00:00,0.00025861448612702183,-0.07940718457666372,SHORT,-0.002287208969647423,-0.0037547999383171072,0.003440652202285453
DOGEUSDT,2023-10-04T20:55:00+00:00,0.00029516561029504476,-0.0696822344128706,SHORT,-0.0024918191885188595,-0.008150004361924408,0.0011281320100384779
DOGEUSDT,2023-10-04T21:55:00+00:00,0.00021761031357574455,-0.0589200364014616,SHORT,-0.002731829646607736,-0.0011623798831482633,0.003541797391333434
DOGEUSDT,2023-10-04T23:05:00+00:00,0.0024589140733386502,-0.0631896223725932,SHORT,0.0003631989889898929,0.0029401591030657186,0.0054641768227346585
DOGEUSDT,2024-01-01T04:15:00+00:00,0.0009078830633221322,-0.06583104967916084,SHORT,-0.0015249759759608354,-0.00737725652217593,-0.02277239479633733
DOGEUSDT,2024-01-01T08:50:00+00:00,0.0010847568861204343,0.014325615743120803,LONG,0.002071076297983104,0.009111174139788009,0.02390475797284478
DOGEUSDT,2024-01-01T09:55:00+00:00,0.00038018546934792376,0.06252448239988391,LONG,0.003780302478348816,0.008861920264778866,0.022797088802659234
DOGEUSDT,2024-01-01T11:45:00+00:00,0.0005792099078022882,0.20547683764779234,LONG,0.006420367560409032,0.015224210051544555,0.02373397120184572
DOGEUSDT,2024-01-01T13:40:00+00:00,0.00012244393107890448,0.17355117818431967,LONG,-2.5864593108758526e-05,0.007791406154536161,0.024647876181375476
DOGEUSDT,2024-01-01T14:25:00+00:00,0.0001001914413141001,0.1152602314052485,LONG,0.008049886332210399,0.017886031208923542,0.025790326976195332
DOGEUSDT,2024-01-01T14:35:00+00:00,0.00034985910793132794,0.12508416002025666,LONG,0.004177938696113333,0.011518188771300527,0.025196293918887266
DOGEUSDT,2024-01-01T16:45:00+00:00,0.0021960630065817233,-0.06613047619032213,SHORT,0.0016446470457847234,-0.005898433267255771,-0.01899031622664712
DOGEUSDT,2024-01-01T18:45:00+00:00,0.00017078877538414828,-0.07580386446482046,SHORT,-0.0034010624448090328,-0.003190558538998989,-0.01605292743643018
DOGEUSDT,2024-01-01T19:10:00+00:00,0.000761665608031998,-0.028754321079957765,SHORT,-0.008203841056620483,-0.0026218061773797038,-0.017350250892352516
DOGEUSDT,2024-01-01T23:30:00+00:00,0.002462129525671008,-0.012599062508853625,SHORT,-0.004544411444893931,-0.008513472222626505,-0.011769565350449145
DOGEUSDT,2024-01-02T05:30:00+00:00,0.00039548123703619795,-0.07203152830117852,SHORT,-0.0005875423468881751,-0.011062612389298308,0.015499055192306349
DOGEUSDT,2024-01-02T05:40:00+00:00,0.001597527179257379,-0.05466671562697331,SHORT,0.004573672636561129,-0.007601539132557595,0.019794479662777812
DOGEUSDT,2024-01-02T13:00:00+00:00,1.2165470375807226e-05,-0.12552436032990036,SHORT,-0.005020880967654709,0.0038940625925988665,0.008322051704859348
DOGEUSDT,2024-01-02T13:55:00+00:00,0.0012659361318771239,-0.12168332324075687,SHORT,0.014077798661535613,0.011432059930136046,0.011323026511285082
DOGEUSDT,2024-01-02T14:40:00+00:00,0.00014121021043091844,-0.08416463998159487,SHORT,0.0035780872970105947,0.0020319652358449605,0.004778109259596962
DOGEUSDT,2024-01-02T16:45:00+00:00,0.00012398300440440987,-0.037066050190227476,SHORT,0.002619231007392765,0.006780428426644183,0.004369204110664107
DOGEUSDT,2024-01-02T17:10:00+00:00,8.1183564231865e-05,-0.009432837702485014,SHORT,0.004000706387722784,0.012134879226720125,0.0038896776594985172
DOGEUSDT,2024-01-02T17:35:00+00:00,0.0007806678313035906,-0.028875682701746137,SHORT,-0.004894561604808404,0.003115519208708616,-0.002940614282127383
DOGEUSDT,2024-01-02T20:25:00+00:00,0.0016923619645714762,-0.087294446062367,SHORT,0.005490268821062797,0.0014089694833057096,-0.0017573620425947606
DOGEUSDT,2024-01-03T01:40:00+00:00,0.0004980131686033577,-0.11668571447569842,SHORT,-0.0,-0.0021100961624950427,0.09540886385693115
DOGEUSDT,2024-01-03T02:10:00+00:00,8.001597488027988e-05,-0.13030346460640005,SHORT,0.004538241351813531,0.004355970432688646,0.10860579134554095
DOGEUSDT,2024-01-03T03:00:00+00:00,0.0004522065316800947,-0.12937284411522426,SHORT,0.002489156709598855,-0.0015382275735223176,0.12197139107224705
DOGEUSDT,2024-01-03T03:25:00+00:00,0.0008731695404782882,-0.12785063136858374,SHORT,-0.0018342853792675208,-0.005829111590787043,0.11519029358272403
DOGEUSDT,2024-01-03T10:50:00+00:00,0.0005361907802280213,-0.11311122366235474,SHORT,0.014099448588959576,0.11898951703512423,0.11180027943447678
DOGEUSDT,2024-01-03T11:15:00+00:00,0.0019182934050714605,-0.10864299087619522,SHORT,0.12459080869518481,0.10786171437283938,0.10657695732836156
DOGEUSDT,2024-01-03T12:15:00+00:00,0.005095705700248346,-0.13142081143629342,SHORT,-0.03463550515322976,-0.028090457083757472,-0.028057234145959262
DOGEUSDT,2024-04-01T00:35:00+00:00,0.0026905602938269847,-0.043700414056937295,SHORT,0.01078422195573738,0.015320858213330532,0.050711925559930926
DOGEUSDT,2024-04-01T00:45:00+00:00,0.0006598872746457518,-0.03938633007119534,SHORT,0.015001185074570095,0.01601667612716421,0.048651310215115
DOGEUSDT,2024-04-01T00:55:00+00:00,9.397351764182048e-06,-0.039777626478975696,SHORT,0.0072179889478745434,0.015579600714095141,0.044437220545939654
DOGEUSDT,2024-04-01T09:50:00+00:00,0.00132054108896838,-0.03696012550518988,SHORT,-0.013526434292995581,-0.025457738388494553,-0.00764934591848922
DOGEUSDT,2024-04-01T18:45:00+00:00,0.0043776380051724585,-0.0034008396269397815,SHORT,-0.010426501634702028,-0.014598045147426072,0.05709604609779808
DOGEUSDT,2024-04-01T22:00:00+00:00,0.00023137533000192555,0.08901351212908334,LONG,0.001782980063786653,-0.011053572881284394,-0.10718716064615964
DOGEUSDT,2024-04-01T23:30:00+00:00,0.0003259551899762911,0.06953859030458104,LONG,-0.021319454903710747,-0.09057623055725084,-0.12126698610707706
DOGEUSDT,2024-04-02T00:40:00+00:00,0.0017607958101389773,0.003198214094039968,LONG,0.01659041579892421,-0.05836187398604092,-0.08292929920699571
DOGEUSDT,2024-04-02T00:55:00+00:00,2.283813833804268e-05,-0.001341430607523335,SHORT,-0.006856450306948667,0.07181903853491536,0.09455354221697247
DOGEUSDT,2024-04-02T02:00:00+00:00,0.0002559575826594382,-0.0064711675387354945,SHORT,0.05035439158582716,0.06821287712050837,0.08482313975830977
DOGEUSDT,2024-04-02T02:15:00+00:00,0.0009745020874161743,-0.004676614627110397,SHORT,0.06814092724782043,0.06411636386018316,0.06644268347981655
DOGEUSDT,2024-04-02T02:30:00+00:00,0.0007410852279770596,-0.011500719113959515,SHORT,0.05752397816662809,0.05079427854730416,0.048440330742359684
DOGEUSDT,2024-04-02T10:15:00+00:00,5.3519289922102914e-05,-0.04635714466861275,SHORT,0.013063684264841044,-0.02388469327269894,0.0021135181872363458
DOGEUSDT,2024-04-02T10:55:00+00:00,0.0008811654232066744,-0.05748217117178224,SHORT,0.0002168256730091581,-0.015127173219799,-0.005728385275469973
DOGEUSDT,2024-04-02T11:25:00+00:00,0.005417345435591353,-0.07095405542466728,SHORT,-0.03514236795877486,-0.03419339702824738,-0.02067829245856871
DOGEUSDT,2024-04-02T19:15:00+00:00,0.0011840124607715612,0.037597409302637816,LONG,0.0006951686063757036,-0.009353061409849948,0.0006730910654005082
DOGEUSDT,2024-04-02T20:35:00+00:00,0.0004847558790566354,0.032661314518735225,LONG,-0.01518427444408902,-0.06358495513558532,0.005526960279509611
DOGEUSDT,2024-04-02T21:20:00+00:00,0.0043987246166318225,0.008489702955804826,LONG,0.015236374339290324,-0.028152051181014746,0.02164304536241622
DOGEUSDT,2024-04-03T04:45:00+00:00,0.0002617865037775286,0.06485805365275842,LONG,-0.012386960809606837,-0.0023184955420622183,-0.03516246112494793
DOGEUSDT,2024-04-03T05:10:00+00:00,0.0009228405306008519,0.05786679771859103,LONG,-0.004905001793709538,0.003232569923238835,-0.03685015484424419
DOGEUSDT,2024-04-03T21:05:00+00:00,0.004150432828536815,-0.05431845540528698,SHORT,-0.027412403742316092,-0.04145726027486928,-0.0626571083432284
DOGEUSDT,2024-07-01T02:00:00+00:00,0.002065989029410697,0.02202202685932244,LONG,-0.003768861145250999,-0.004564791918410938,-0.02771294508665314
DOGEUSDT,2024-07-01T02:30:00+00:00,0.0023062990991866567,-0.056833119384806445,SHORT,0.003552429369490776,0.004506533914963284,0.026112559631222672
DOGEUSDT,2024-07-01T02:40:00+00:00,0.00047475150735162364,-0.08128570429063325,SHORT,0.004628480762715307,0.004924651061216724,0.02325599151759651
DOGEUSDT,2024-07-01T03:25:00+00:00,0.00032630071601073504,-0.09963289023910443,SHORT,0.00044737709056858166,0.003101648077230675,0.02015672155079047
DOGEUSDT,2024-07-01T03:45:00+00:00,2.5730355170171782e-05,-0.1090973558124175,SHORT,0.0028322875782559338,0.001105932650836122,0.01763942630647936
DOGEUSDT,2024-07-01T05:30:00+00:00,0.00193981306746519,-0.13643574471210723,SHORT,0.0008798376551485035,0.0062257991540992375,0.009233505285002084
DOGEUSDT,2024-07-01T06:55:00+00:00,0.00019285979858412074,-0.04004202130371878,SHORT,-0.0013319704685404229,0.008067236120157358,0.006101453813215233
DOGEUSDT,2024-07-01T07:35:00+00:00,0.00022061226359711345,-0.004462384798831427,SHORT,0.009714409857422633,0.01717861508110156,0.014125915582413445
DOGEUSDT,2024-07-01T18:55:00+00:00,0.00021673186966919764,0.07232537479096177,LONG,-0.0029853445956692613,-0.014303156397299413,-0.016900962893977148
DOGEUSDT,2024-07-01T19:10:00+00:00,7.037546128406408e-05,0.036405691079797096,LONG,-0.0015627558964431169,-0.012807854311945447,-0.02002283433555194
DOGEUSDT,2024-07-01T20:40:00+00:00,0.00015503744859407631,-0.015447541267878144,SHORT,0.004326439209188009,0.015161733507956895,0.013215220154568672
DOGEUSDT,2024-07-02T03:25:00+00:00,0.0011866068593175522,0.018265617867445266,LONG,0.002222485635943477,-0.004494108499507554,-0.0065260513289176715
DOGEUSDT,2024-07-02T03:45:00+00:00,0.0004351739707262479,0.05339049326150128,LONG,0.00037883237629372937,-0.007331884242409813,-0.0072139904598521876
DOGEUSDT,2024-07-02T03:55:00+00:00,0.00044044566934142693,0.06619419085408323,LONG,-0.0019372053828172172,-0.007231152115854404,-0.008594879796872871
DOGEUSDT,2024-07-02T14:00:00+00:00,0.0004911113404944273,0.0729145809267725,LONG,-0.006556869729181404,-0.003133838701827087,-0.004333241330991066
DOGEUSDT,2024-07-02T15:50:00+00:00,7.109412425758933e-05,-0.0013094293461987797,SHORT,-0.0017188445253071036,-0.009350182023852417,0.004607912995215865
DOGEUSDT,2024-07-02T16:00:00+00:00,0.00014885194740310736,-0.033327547672283755,SHORT,-0.0037425802370134814,-0.011588929895379163,0.005649118309281491
DOGEUSDT,2024-07-02T17:55:00+00:00,0.00011209922556674269,0.04599382702683879,LONG,0.010442262805436737,0.012863140715706678,-0.009078708390784144
DOGEUSDT,2024-07-02T18:20:00+00:00,0.014056397464513079,0.11208768720085313,LONG,-0.006179546970973474,-0.00251287540611621,-0.021973804101361002
DOGEUSDT,2024-07-02T21:40:00+00:00,0.001736099772468013,-0.030248549161047796,SHORT,0.003972762431917943,0.004085413192694603,0.026754537362282872
DOGEUSDT,2024-07-02T23:15:00+00:00,0.0058460125990040124,-0.07642650413531532,SHORT,0.00045098828390457014,0.028222679584049053,0.046032220505463434
DOGEUSDT,2024-07-03T06:25:00+00:00,5.0979707566322286e-05,0.02266439409103376,LONG,-0.006005555623588749,-0.01594223521554635,-0.02604870888553194
DOGEUSDT,2024-07-03T06:45:00+00:00,0.00016461366945410058,0.03914838254680068,LONG,-0.006154601544728764,-0.014697515679100265,-0.032560172013585305
DOGEUSDT,2024-07-03T07:10:00+00:00,4.462634362068518e-06,-0.05438314023275343,SHORT,0.00246771532648238,0.016150088069355018,0.03061506149724857
DOGEUSDT,2024-07-03T07:20:00+00:00,0.001541572557530166,-0.03498363191829992,SHORT,-0.002022133728836325,0.01792430362799143,0.036939333599471456
DOGEUSDT,2024-07-03T09:00:00+00:00,0.0008667613650467671,-0.10163680441402267,SHORT,0.0019411024334724945,0.03146879842946757,0.03685604998329436
DOGEUSDT,2024-07-03T10:15:00+00:00,0.0008140190816189635,-0.0958798044805207,SHORT,0.004651430245315304,0.00466271321745099,0.017188192038754126
DOGEUSDT,2024-07-03T10:50:00+00:00,0.0006921827146994546,-0.12427799481152223,SHORT,0.009159029905068086,0.014598174343890873,0.01721299595942818
DOGEUSDT,2024-07-03T12:05:00+00:00,0.001032117938761422,-0.0790483877087217,SHORT,0.0016891895908447178,0.004652154721501939,-0.0013493002553111237
DOGEUSDT,2024-07-03T12:35:00+00:00,0.00017976196702208303,-0.08942083384499942,SHORT,-0.013678600571954464,-0.008944092613070186,-0.009378044551313289
DOGEUSDT,2024-07-03T12:50:00+00:00,0.006551923522110422,-0.07087257893755002,SHORT,-0.0143148284727915,-0.008311811671624224,-0.008332670347618752
DOGEUSDT,2024-07-03T13:15:00+00:00,0.00020736926619623438,-0.09422811461254171,SHORT,-0.00678038688066296,0.0014912645824370432,0.014839092989785033
DOGEUSDT,2024-07-03T13:35:00+00:00,0.0006697415237518075,-0.11103258681171782,SHORT,0.0031379986706166025,0.00699630797271838,0.03218495464129544
DOGEUSDT,2024-07-03T13:50:00+00:00,0.0013432112822539392,-0.09709391308388265,SHORT,0.007552905995930842,0.010785570464088281,0.04187457850175112
DOGEUSDT,2024-07-03T14:10:00+00:00,0.00039361821160379366,-0.0599512193790205,SHORT,0.00636235523629065,0.007483843540577685,0.044151308343748995
DOGEUSDT,2024-07-03T14:30:00+00:00,0.0002288094110539022,-0.07536960419040799,SHORT,0.006459000745094513,0.003077145955455752,0.03627141645256162
DOGEUSDT,2024-07-03T14:55:00+00:00,0.00037862696075774974,-0.1302722870268936,SHORT,0.004029581006940705,0.0009106775733644329,0.025763572936633596
DOGEUSDT,2024-10-07T00:15:00+00:00,0.00040836337112718695,-0.0375587545706717,SHORT,-0.015768442722552557,-0.017965122513184585,0.008725544809410455
DOGEUSDT,2024-10-07T00:25:00+00:00,0.001735692567629287,-0.030960484156522323,SHORT,-0.01972156262935601,-0.019633877943430234,0.003100951811368949
DOGEUSDT,2024-10-07T06:05:00+00:00,0.0035212429713258665,-0.13957861523244808,SHORT,0.00027132859052952376,0.019696905299565658,0.022664290289623273
DOGEUSDT,2024-10-07T08:45:00+00:00,0.0036033546524575676,-0.024889698127066952,SHORT,0.01336086792906182,0.01994889888648592,0.024306977599874883
DOGEUSDT,2024-10-07T12:05:00+00:00,0.0018414300616861655,-0.14795675476761624,SHORT,0.0011567376078318562,-0.009859764915217091,0.029674367281938032
DOGEUSDT,2024-10-07T13:05:00+00:00,0.0025056386839869146,-0.07359922207365807,SHORT,-0.011072731861895706,-0.011017392252395869,0.01595051715068466
DOGEUSDT,2024-10-08T03:15:00+00:00,0.0011372288504185731,-0.05533510945958963,SHORT,-0.002162596063144685,0.025999692031399964,0.023296457094996035
DOGEUSDT,2024-10-08T03:35:00+00:00,9.279450110946712e-05,-0.037404122166679245,SHORT,0.0005210072864248997,0.019093645608505818,0.031675350762381094
DOGEUSDT,2024-10-08T03:55:00+00:00,0.001031303145853508,-0.029835580828675195,SHORT,-0.0009424552803824276,0.017891805763148756,0.026654348963672726
DOGEUSDT,2024-10-08T04:30:00+00:00,0.00023747352808213041,-0.03052046875393328,SHORT,0.015166414271468911,0.019077167629310287,0.024765712278707528
DOGEUSDT,2024-10-08T04:40:00+00:00,0.002823241863524951,-0.07701776327729935,SHORT,0.010442917598004416,0.012932427657749218,0.01307644814182038
DOGEUSDT,2024-10-08T13:20:00+00:00,0.00040973514021577296,-0.07605513202179165,SHORT,0.001716706342342374,0.0028122684796446306,-0.013091501211294255
DOGEUSDT,2024-10-08T18:15:00+00:00,0.0009213827758325389,-0.07634633815270987,SHORT,0.00623502893883791,-0.0023081009473817026,-0.01661713807266775
DOGEUSDT,2024-10-08T20:10:00+00:00,0.00023667298192629006,-0.0896639665460224,SHORT,9.322705455879792e-05,0.00015998296532532364,-0.015311561262834054
DOGEUSDT,2024-10-09T07:55:00+00:00,0.00047558658446917495,-0.16123524586608057,SHORT,0.003213049008274061,-0.013268559751592243,-0.001475522009678828
DOGEUSDT,2024-10-09T08:30:00+00:00,0.0001730948116694389,-0.1836430952825237,SHORT,-0.005257745032613441,-0.016929321127301864,0.0033483259065656156
DOGEUSDT,2024-10-09T08:45:00+00:00,0.0005049483133487666,-0.14917670128809207,SHORT,-0.004689185364139154,-0.011171746299034087,0.015314171062769735
DOGEUSDT,2024-10-09T09:10:00+00:00,0.00020099796093144549,-0.17219722252252723,SHORT,-0.0018433509904893564,-0.0019143506352459264,0.0163612218459277
DOGEUSDT,2024-10-09T09:25:00+00:00,0.0008258495203848337,-0.22114108687780423,SHORT,0.0018355364918616216,-9.168844273601658e-05,0.013841269621224133
DOGEUSDT,2024-10-09T14:25:00+00:00,0.00040748871577731655,-0.08616448446799514,SHORT,-0.01801545259053472,-0.0013220217146671894,0.01249661887431279
DOGEUSDT,2024-10-09T15:00:00+00:00,0.001762388605315002,-0.15226978348912162,SHORT,-0.009864963107770644,0.0017948656544898192,0.013980410351331417
DOGEUSDT,2024-10-09T17:35:00+00:00,0.001408041024540603,-0.06729792645271411,SHORT,0.007698040699121537,0.023758023519796452,0.01965741261511666
DOGEUSDT,2024-10-09T23:45:00+00:00,0.0005750225416964514,0.023255494893798724,LONG,-0.003332410748391876,-0.002036449756064263,-0.010985730385282439
LTCUSDT,2023-01-02T11:20:00+00:00,0.01676418017692635,0.07168697879928326,LONG,0.0034386047963495575,0.002241930677359015,0.00041652218612164957
LTCUSDT,2023-01-02T11:50:00+00:00,0.0017061390591836913,0.04606993439051705,LONG,-0.0002914705317965474,0.001492680666819201,-0.0045735076515648655
LTCUSDT,2023-01-03T02:15:00+00:00,0.0007859745869355063,-0.059761668982919236,SHORT,0.0019787856237218518,-0.007817427215577526,-0.0008109870258902133
LTCUSDT,2023-01-03T11:05:00+00:00,0.00011896100180419156,-0.011186601592645378,SHORT,0.001059462421971482,0.009442187312859604,0.002397676365644844
LTCUSDT,2023-01-03T12:20:00+00:00,0.0016720200331406079,-0.017014659106492816,SHORT,0.0010672701804172856,0.009627032791510278,-0.006751862546813704
LTCUSDT,2023-01-03T12:45:00+00:00,0.0004464939234132474,-0.006166286537472917,SHORT,0.002386200106919984,0.00825537664233326,-0.0019936595723823915
LTCUSDT,2023-01-03T19:35:00+00:00,0.0015374154637065223,-0.08047107014121098,SHORT,-0.007200831648669764,-0.009172546863292151,-0.024033216192149112
LTCUSDT,2023-01-03T23:30:00+00:00,0.000452860502365622,0.03994014609871414,LONG,0.001984405614780073,0.01820468045827821,0.006080689124960883
LTCUSDT,2023-01-03T23:40:00+00:00,0.0010914841819070354,0.04198486852966447,LONG,0.0001322314051513608,0.02004791292807056,0.007378162587671265
LTCUSDT,2023-01-04T00:20:00+00:00,0.0013109779876331782,0.050287310775560395,LONG,0.009455093419822628,0.015189502460950445,0.0017560981383281183
LTCUSDT,2023-01-04T01:10:00+00:00,0.006975860386988964,0.131696652475139,LONG,0.003939868000709154,0.00518993924202788,-0.004910215370498554
LTCUSDT,2023-01-04T03:40:00+00:00,0.0036580061766798163,0.09554810445192306,LONG,-0.002093168100899292,-0.003262834879259199,-0.016361762346279576
LTCUSDT,2023-01-04T08:15:00+00:00,0.002370661104069819,-0.015437589724702048,SHORT,0.002233713220830613,0.007483069106974237,0.021930858645863336
LTCUSDT,2023-04-03T01:20:00+00:00,0.0010077137959438839,-0.05757445570969908,SHORT,0.014306085542130725,0.02040255676054555,0.0025859296815067346
LTCUSDT,2023-04-03T02:10:00+00:00,3.017959190501212e-05,-0.024011438999610252,SHORT,0.003789201917180756,0.008189476844310126,-0.006544170137211762
LTCUSDT,2023-04-03T02:50:00+00:00,0.0015359802653214405,-0.02421925046029972,SHORT,0.0012924255442924792,0.0038852106339060683,-0.0022141086796551917
LTCUSDT,2023-04-03T13:05:00+00:00,0.002819135138398692,0.08217073848131745,LONG,-0.004171644156231035,-0.015214556363114631,-0.009725832593196572
LTCUSDT,2023-04-03T13:45:00+00:00,0.0006112771000209468,0.09679480515020145,LONG,-0.006416058965089567,-0.00855770807839081,-0.0028330704073974205
LTCUSDT,2023-04-03T18:40:00+00:00,0.002695803494601109,-0.05382261337180237,SHORT,-0.016406925948594955,-0.0,0.005876914523417877
LTCUSDT,2023-04-03T19:00:00+00:00,0.004751373371483747,-0.019413989806435723,SHORT,0.006424127135385473,0.009406803731771596,0.01587164684898277
LTCUSDT,2023-04-03T22:20:00+00:00,0.0009372354539780589,-0.012388722564979734,SHORT,-0.005834554342010629,0.004220305741131199,-4.362978529476083e-05
LTCUSDT,2023-04-04T05:05:00+00:00,0.0016276977450305834,-0.01675287753685515,SHORT,-0.0033797604827124454,-0.007924057745053613,-0.013250817011376422
LTCUSDT,2023-04-04T14:15:00+00:00,0.00011526421858671486,-0.006378873924217808,SHORT,0.00861076025882941,0.0077017913453622825,-0.0055868359323218595
LTCUSDT,2023-04-04T14:25:00+00:00,0.0009981770566253212,-0.014841771714359141,SHORT,0.00851344114992571,0.0029717547841979423,-0.012582806235677367
LTCUSDT,2023-04-04T15:25:00+00:00,0.0018007688093314323,-0.06961511442114793,SHORT,-0.0035650661644963657,-0.004750707885692726,-0.014398013846921659
LTCUSDT,2023-04-04T19:10:00+00:00,0.00019686966900225658,-0.05453383155607969,SHORT,-0.002798408886811049,0.002225027753617929,-0.015564863554911419
LTCUSDT,2023-04-04T22:35:00+00:00,0.0007264272745498813,-0.00467722669709207,SHORT,0.003888500957351912,-0.014853255158099902,-0.020391328226675016
LTCUSDT,2023-04-05T01:35:00+00:00,0.0017636263102887432,-0.08133144749435614,SHORT,-0.004236120834906286,-0.003975589202730057,0.0001126670502656052
LTCUSDT,2023-04-05T06:20:00+00:00,0.00013608215835463866,-0.06284117644188714,SHORT,0.0002291499403890678,-0.005256037181465231,0.020026509250254905
LTCUSDT,2023-04-05T18:10:00+00:00,0.009550347272883855,-0.14495257652987534,SHORT,0.0018708732949329538,-0.001275318614090837,0.0028492937676167424
LTCUSDT,2023-07-03T03:55:00+00:00,0.0011526164740085672,0.042732974390711186,LONG,-0.004349569681910573,-0.007287030764633013,-0.028753103874431838
LTCUSDT,2023-07-03T04:25:00+00:00,1.7170709855447884e-05,0.0040077962454073985,LONG,0.0003935825999433549,-0.008267572485141027,-0.041157917494804755
LTCUSDT,2023-07-03T06:55:00+00:00,0.0016619746840933613,-0.08340440437027738,SHORT,-0.0006451493249127824,0.014913158363325178,0.04331449751129138
LTCUSDT,2023-07-03T07:10:00+00:00,0.0007623468257275835,-0.12291828498531873,SHORT,-0.001325127900323288,0.011562910778613746,0.046317514638439215
LTCUSDT,2023-07-03T07:20:00+00:00,0.0002688688829734952,-0.1039358188998986,SHORT,0.006346390015950651,0.018707263779812296,0.047552291649588144
LTCUSDT,2023-07-03T07:45:00+00:00,0.0007734456219941665,-0.08538676214403527,SHORT,0.017669413461663962,0.026200410588775497,0.04612214045239902
LTCUSDT,2023-07-03T08:10:00+00:00,0.0005610327988245623,-0.07562381658819439,SHORT,0.009606822117337524,0.02846375356399625,0.04362651499676638
LTCUSDT,2023-07-03T12:35:00+00:00,0.001811286652504126,-0.11785599847517264,SHORT,0.005809468002637364,0.026162809967111633,0.02319477734332364
LTCUSDT,2023-07-03T14:45:00+00:00,0.0007435525495739694,-0.06016090121879344,SHORT,-0.007210796798380388,0.017934437765985585,0.019521369254215645
LTCUSDT,2023-07-03T15:25:00+00:00,0.0009380234157650787,-0.03977600529870325,SHORT,0.014923794100938971,0.022664895898367173,0.016699718886932356
LTCUSDT,2023-07-03T16:05:00+00:00,0.0023440460586067165,-0.030262194900461503,SHORT,0.02717825411592327,0.014221307659664997,0.007743764465565009
LTCUSDT,2023-07-03T23:05:00+00:00,0.00023489325592868934,-0.051378762576159344,SHORT,-0.0037526487211895065,-0.005924010630473856,-0.004215895797263195
LTCUSDT,2023-07-03T23:30:00+00:00,2.835111357713821e-05,-0.02279276451490839,SHORT,-0.006180778426968132,-0.012577842009021576,-0.005051674079519552
LTCUSDT,2023-07-04T05:20:00+00:00,0.0001978560816787089,-0.007857767720682666,SHORT,0.003518254023951933,0.009768982173639367,0.009400903494794388
LTCUSDT,2023-07-04T08:30:00+00:00,0.0010111290696616076,-0.06368818491148315,SHORT,0.002582403662501525,0.0065975921757562535,0.014337387026232077
LTCUSDT,2023-07-04T08:40:00+00:00,2.990689942521449e-05,-0.06792215059557863,SHORT,0.0021506138473631844,0.007638800041875521,0.010877780319893794
LTCUSDT,2023-07-04T09:00:00+00:00,0.0008933861572054886,-0.07340223653949554,SHORT,-0.006242188328118143,-0.0011105942434763737,0.002173795514714662
LTCUSDT,2023-07-04T09:35:00+00:00,0.003217915229015685,-0.05429066723134532,SHORT,-0.0007245073786175309,-0.0007496778216260824,0.006338103052924689
LTCUSDT,2023-07-05T00:25:00+00:00,0.0007448167432476504,-0.1657062084092624,SHORT,0.004204381646410987,0.0026032494253693814,0.0315466601001647
LTCUSDT,2023-07-05T00:50:00+00:00,0.00041481698081532916,-0.17661957059303957,SHORT,-0.006741511060678467,-0.001631664002755591,0.021914850376677987
LTCUSDT,2023-07-05T08:55:00+00:00,0.002534450591322949,-0.01193491733586949,SHORT,0.001213118586174415,0.034904424104325246,0.03926616133570659
LTCUSDT,2023-07-05T14:05:00+00:00,0.0035311944552602953,-0.05884122831080114,SHORT,0.012208977126546252,0.021530217765090946,0.0031584950686525874
LTCUSDT,2023-07-05T14:30:00+00:00,0.0008229374223914435,-0.07111141445652117,SHORT,0.01886881164312169,0.014281678035371507,-0.0070887592044047935
LTCUSDT,2023-07-05T23:40:00+00:00,0.0028860250117837293,0.041563156555606225,LONG,-0.005072686714070427,0.006622257802032184,0.014106514114249106
LTCUSDT,2023-10-02T12:00:00+00:00,0.0007407143829004664,-0.030052255880350192,SHORT,-0.0024346173944592682,0.01351008157621412,0.024282186749127292
LTCUSDT,2023-10-02T12:40:00+00:00,0.005436520940889361,-0.009622743834750553,SHORT,0.0018723970841853746,0.013087634755367984,0.020751659044667626
LTCUSDT,2023-10-02T12:55:00+00:00,0.000741924791195088,0.009769550049686668,LONG,-0.005179441841548861,-0.014570581890032937,-0.022539949682806083
LTCUSDT,2023-10-02T13:05:00+00:00,0.0006950691600706415,-0.006680263929288045,SHORT,0.005490941217292945,0.014474977639965171,0.022274633469414606
LTCUSDT,2023-10-02T23:05:00+00:00,0.0025771366774593176,-0.054514726372532636,SHORT,-0.004038483954361846,-0.006446030116759093,-0.0003835683842038746
LTCUSDT,2023-10-03T06:05:00+00:00,0.0001248141022058209,-0.06138092423429953,SHORT,-0.008036153653766413,0.000939225557201332,0.0039732084670542215
LTCUSDT,2023-10-03T11:45:00+00:00,0.00042189664086505986,-0.0579990935037723,SHORT,0.0024188554939302775,0.0010472176960116505,0.003639670539496093
LTCUSDT,2023-10-04T04:25:00+00:00,0.0007612375688566096,-0.05720258570870579,SHORT,-0.0005362005143179364,-0.0046649128290326535,0.00046769039748749294
LTCUSDT,2023-10-04T08:20:00+00:00,0.0006338086433252583,0.07658874278151975,LONG,0.0017116355825010873,-0.0007400217511978734,-0.004126644618092649
LTCUSDT,2023-10-04T21:30:00+00:00,0.0016910688029061324,0.011881875118048384,LONG,-0.001306102853309071,0.0018901029700977793,0.00493120888708598
LTCUSDT,2023-10-04T22:30:00+00:00,4.999171108122761e-05,-0.029071666795666588,SHORT,-0.004862718018407704,-0.004567228501441023,-0.005641405630125028
LTCUSDT,2024-01-01T07:35:00+00:00,0.00011924691314590744,-0.0508750646252788,SHORT,0.0007249240731002852,-0.002321795475123511,-0.014061300062490126
LTCUSDT,2024-01-01T08:35:00+00:00,0.002127442994495929,-0.11350420434379829,SHORT,-0.0053987830831280234,-0.00435181819683587,-0.016791439362440392
LTCUSDT,2024-01-01T17:55:00+00:00,9.633294675608618e-05,-0.050788646827467046,SHORT,-0.003982404438519892,-0.007230407239568966,-0.013237372453239714
LTCUSDT,2024-01-01T19:05:00+00:00,0.0006014239245254794,-0.003050816546820034,SHORT,-0.0022514145734348237,-0.005272044066310194,-0.009858360913668615
LTCUSDT,2024-01-01T19:30:00+00:00,4.540112249407969e-05,-0.027942404639228657,SHORT,-0.0017507243041484544,-0.006181153783764937,-0.00792109934753311
LTCUSDT,2024-01-01T19:40:00+00:00,0.0027887184877546157,-0.02964362188496074,SHORT,0.00019888982934034176,-0.006015841563786487,-0.008952701237096045
LTCUSDT,2024-01-01T20:45:00+00:00,0.00015346789272889394,0.010375126227516223,LONG,-0.002609368513105488,0.013233825870463315,0.012570299869077116
LTCUSDT,2024-01-01T20:55:00+00:00,0.0026795160722835145,-0.04100569454076681,SHORT,-2.2204460492503128e-16,-0.013474821727446913,-0.016381462111930402
LTCUSDT,2024-01-01T23:35:00+00:00,0.0009236475248790894,-0.04432931692125823,SHORT,-0.006401728984852555,-0.0037393205964034184,-0.0021384664658359778
LTCUSDT,2024-01-01T23:45:00+00:00,0.0003589618941866272,-0.0461536442031996,SHORT,-0.008674430613867506,-0.004106800208795016,0.00043119602914710813
LTCUSDT,2024-01-02T00:00:00+00:00,0.001100462210396516,-0.026117334560104396,SHORT,-0.00910629956991781,-0.004795963573842861,-0.002149226261677177
LTCUSDT,2024-01-02T14:55:00+00:00,0.0038213108528402503,-0.031832416980926016,SHORT,-0.0014536829529632211,0.004404245384776212,0.003076475669503578
LTCUSDT,2024-01-02T20:05:00+00:00,0.0020621138613607457,0.04821703776093558,LONG,-0.006019170019801341,-0.0030050562157714795,-0.0013648152794140727
LTCUSDT,2024-04-01T01:00:00+00:00,0.002318093247527269,-0.056800754006613316,SHORT,-0.031303415960239,-0.03654044824569189,0.019622992232846453
LTCUSDT,2024-04-01T06:10:00+00:00,0.004697312927063436,-0.02615406450634194,SHORT,0.003148889180321658,0.033168003580259876,0.1077662793926434
LTCUSDT,2024-04-01T07:45:00+00:00,0.00390567218364127,-0.019464667200567214,SHORT,0.02921704549981018,0.04254803705755563,0.09424245634328925
LTCUSDT,2024-04-01T12:25:00+00:00,0.0009136595578779743,0.038935525226936905,LONG,0.0033145876696746616,-0.05278871034432743,-0.06400451647141231
LTCUSDT,2024-04-01T13:50:00+00:00,0.0006730127824416735,-0.016288397185341953,SHORT,0.033793194923055825,0.05761682540702233,0.05140950794778284
LTCUSDT,2024-04-02T10:40:00+00:00,0.00036090201934861453,-0.05156494730085704,SHORT,-0.0284316550660915,-0.07538595429499258,-0.08062623934245829
LTCUSDT,2024-04-02T11:00:00+00:00,0.0026652965225839034,-0.04736842357430983,SHORT,-0.030112961562306632,-0.07019609496997187,-0.07857057398631384
LTCUSDT,2024-07-01T05:30:00+00:00,0.000619323940928451,0.039960863454696814,LONG,0.0008883452077644221,0.001430375448374671,-0.0037132805512977997
LTCUSDT,2024-07-01T06:10:00+00:00,0.0019926773712191257,0.10095430273489985,LONG,0.0009233279537897513,-0.004009638967790671,-0.001127349339632605
LTCUSDT,2024-07-01T07:00:00+00:00,0.0021388040153888016,-0.023621937625273867,SHORT,6.88801282185995e-05,0.0037559816419253365,0.004290027048476579
LTCUSDT,2024-07-01T07:40:00+00:00,0.00038981883432506655,-0.041855528648901394,SHORT,0.004523690524305205,0.007327992288635674,0.009335890694307352
LTCUSDT,2024-07-01T12:35:00+00:00,0.0005654602153304416,-0.08540097862287996,SHORT,0.003778077737911466,-0.0018481929643216046,0.004887747196617452
LTCUSDT,2024-07-01T19:55:00+00:00,0.00046368878867540246,-0.023128876089721907,SHORT,0.0016836596921802219,0.003729091456065264,-0.008000257703082485
LTCUSDT,2024-07-02T05:00:00+00:00,0.0006293977858334061,0.2931536137586117,LONG,0.003546903678579952,0.008284801424283023,0.005883281256761496
LTCUSDT,2024-07-02T07:00:00+00:00,1.1216120188945953e-05,0.16518808280146896,LONG,0.002379219646376176,0.0034738165111410824,0.0025664556617301646
LTCUSDT,2024-07-02T12:40:00+00:00,0.000415950467585533,-0.018373037408062662,SHORT,0.0011968882338461752,0.0003377805927443104,-0.01170221009979192
LTCUSDT,2024-07-02T17:35:00+00:00,0.0011423895637043113,-0.09437671041271466,SHORT,-0.001728608900617689,-0.006235509424355583,0.001196455153016394
LTCUSDT,2024-07-02T20:50:00+00:00,0.0011908854637223154,0.08609464164294306,LONG,0.00701664360188533,0.010708856585745108,-0.007643550962097762
LTCUSDT,2024-07-03T07:20:00+00:00,8.19018727751029e-05,-0.11218424579797497,SHORT,-0.00013836792871801886,0.015464572295265898,0.021456340507695685
LTCUSDT,2024-07-03T14:20:00+00:00,0.0016504308918071531,0.027266722598315075,LONG,0.0020129495536053226,0.0026945844015555023,-0.05543831902852793
LTCUSDT,2024-07-03T14:55:00+00:00,0.0005148558508292946,0.07442391521796049,LONG,0.0008068854660478972,-0.0020200666757572918,-0.05219296043837897
LTCUSDT,2024-07-03T15:10:00+00:00,3.4684565357945994e-05,0.0617005627929504,LONG,-0.0024553526813987873,-0.006606023349467868,-0.05170356821571344
LTCUSDT,2024-10-07T04:00:00+00:00,0.003517314061810733,0.19574205568430178,LONG,-0.000627242598112754,-0.004531131044119336,-0.028544912479587806
LTCUSDT,2024-10-07T08:30:00+00:00,0.0009176352835966927,-0.16993562229578174,SHORT,0.009004102593539738,0.02206468500834271,0.025895521877980852
LTCUSDT,2024-10-07T10:40:00+00:00,0.00015649344806178554,0.09411515334802308,LONG,2.2204460492503128e-16,0.007657120213736114,-0.017712555932683734
LTCUSDT,2024-10-07T12:20:00+00:00,0.0009202177858727496,0.08356669353239753,LONG,-0.0028401823246109468,-0.0051801408904127814,-0.018172299184065693
LTCUSDT,2024-10-07T19:00:00+00:00,0.0018567182901815934,0.039884700166137974,LONG,0.007620747600146303,-0.010411982982152864,-0.0016435086849765324
LTCUSDT,2024-10-08T00:10:00+00:00,0.0032324095812484265,-0.0853811339086591,SHORT,-0.0017931777722538541,-0.0056272442740756155,-0.008089004704515245
LTCUSDT,2024-10-08T04:05:00+00:00,0.0010179763787089497,0.001831669585486424,LONG,-0.00064589852191513,-0.004331972423662183,0.0020330499779573656
LTCUSDT,2024-10-08T05:00:00+00:00,0.0004246534803541776,-0.034192802229829435,SHORT,0.0068244823250501125,0.004274602785021211,-0.006530176422165377
LTCUSDT,2024-10-08T07:25:00+00:00,0.0002462331926690577,-0.14122177109491377,SHORT,-0.005849426487678917,-0.010347991640727467,-0.01383391570542047
LTCUSDT,2024-10-08T23:45:00+00:00,0.0010457615526597221,-0.1080675234281643,SHORT,0.00015221858618336872,-0.00065248906139699,0.0004297296112601782
LTCUSDT,2024-10-09T04:35:00+00:00,0.00012123142711818273,0.09387790400799818,LONG,0.0015209128407065232,0.0018840786509380374,-0.010172629049687713
LTCUSDT,2024-10-09T08:50:00+00:00,0.001227009921756811,-0.08375219427787262,SHORT,-0.002171141490890603,0.0075227850610635255,0.01787276545764804
LTCUSDT,2024-10-09T13:00:00+00:00,0.0021232834650119392,-0.006563739837698607,SHORT,0.0015163534108748485,0.0029638247570371082,0.005435250173151515
LTCUSDT,2024-10-09T13:30:00+00:00,0.0006571038997760969,0.00826449484517576,LONG,-0.0009900433322488254,-0.00028304513198007373,-0.0033914014315198308
LTCUSDT,2024-10-09T14:05:00+00:00,0.0006449006348159165,-0.00848475492418578,SHORT,-0.004141530036813366,-0.001664473421398521,0.002800850804668592
LTCUSDT,2024-10-09T18:30:00+00:00,0.0033095368280104897,-0.022171717737014474,SHORT,0.002003427451061941,0.01314905366597827,0.0006585285078443106
LTCUSDT,2024-10-09T19:35:00+00:00,0.0023870855289139965,-0.08955151598192111,SHORT,-0.00047619447178376043,0.003091192569672858,0.0003086896150456829
LTCUSDT,2024-10-09T21:15:00+00:00,0.002140513235987617,-0.14295907412077802,SHORT,0.0018859886896464935,-0.008783639955373164,-0.010220374713281683
AVAXUSDT,2023-01-02T06:10:00+00:00,5.8423500285372556e-05,0.25810855549851414,LONG,0.0012579541908742707,0.02475316674235372,0.025848953246495287
AVAXUSDT,2023-01-02T11:20:00+00:00,0.015698787394199342,-0.12184426355163491,SHORT,-0.004096234733044863,-0.003541462750259932,-0.0028935202691405355
AVAXUSDT,2023-01-02T13:35:00+00:00,0.0005657707093316572,-0.07608983075564771,SHORT,0.0017101952046903507,-0.001342968086597473,0.0024299433239307697
AVAXUSDT,2023-01-02T16:00:00+00:00,0.0006944025174207309,-0.06502846254021505,SHORT,0.001899340406396225,-0.0008049009959217738,0.00367499181141069
AVAXUSDT,2023-01-02T18:40:00+00:00,0.0012508535714923234,-0.05781889075553259,SHORT,0.0018974011396562839,0.0016061442199976242,-0.008693309309609551
AVAXUSDT,2023-01-03T03:25:00+00:00,7.140638447517332e-05,0.0018368880346277137,LONG,0.004313837911096099,0.012299225064962812,0.017903250569116257
AVAXUSDT,2023-01-03T05:55:00+00:00,0.00206968547287755,0.22962383144666854,LONG,-0.0014897329657974079,0.0016619783510362358,0.008113557283494081
AVAXUSDT,2023-01-03T06:50:00+00:00,0.0004288275012918451,0.11712479372354916,LONG,0.0016441207973018276,0.004302551259197157,0.0035998689827717503
AVAXUSDT,2023-01-03T07:45:00+00:00,0.004932280758576698,-0.01784387294959067,SHORT,0.009271180058514239,-0.0009707048997228114,-0.0007307505414736778
AVAXUSDT,2023-01-03T09:15:00+00:00,0.00015309495811798347,-0.21194423042425733,SHORT,-0.007535695273019437,-0.008999374565056922,-0.010001751059246668
AVAXUSDT,2023-01-03T10:10:00+00:00,0.00010177374990007218,-0.1605677597295741,SHORT,-0.004069707141523373,-0.010764176635253454,-0.005433438836735539
AVAXUSDT,2023-01-03T12:25:00+00:00,0.018906673808854284,-0.028898247860613208,SHORT,0.00236680113062179,-0.008208968041808644,-0.001407707429367218
AVAXUSDT,2023-01-03T16:35:00+00:00,0.0005384899367455596,-0.07862438851047769,SHORT,-0.0017595737468433868,0.002949240218523878,-0.03151798399186801
AVAXUSDT,2023-01-03T16:45:00+00:00,0.00030184291119165026,-0.03222017236471436,SHORT,0.004547464057121576,0.006538242228057655,-0.03100837682762074
AVAXUSDT,2023-01-04T15:10:00+00:00,0.007422805494497538,-0.11421573375405357,SHORT,-0.025721952583593617,-0.023880499831033408,-0.022484101587095448
AVAXUSDT,2023-01-04T23:00:00+00:00,0.0003019440240185412,-0.069601759340368,SHORT,-0.006482196719229634,-0.006067929345145535,0.0066084141956127855
AVAXUSDT,2023-04-03T01:25:00+00:00,0.00031895761544604393,-0.046942427948343565,SHORT,0.0188690223606769,0.013775533645529152,-0.004298833156718883
AVAXUSDT,2023-04-03T03:20:00+00:00,0.0009268432410997708,-0.14967300307356363,SHORT,-0.0015019174106396048,-0.011285693219913063,-0.016375358169099328
AVAXUSDT,2023-04-03T05:50:00+00:00,0.0004744814831331003,-0.1597630734711062,SHORT,-0.00047853349329458406,-0.02135651175158092,-0.013805441811721983
AVAXUSDT,2023-04-03T09:20:00+00:00,0.0007819050850910174,-0.055840011201017906,SHORT,0.004653444027137156,0.00766758959684791,0.028538223825891208
AVAXUSDT,2023-04-03T09:40:00+00:00,0.00010819843208329209,-0.08813844994290769,SHORT,-0.001690834184754371,0.0031892146216893234,0.024056955747608244
AVAXUSDT,2023-04-03T10:55:00+00:00,0.00017779311294780338,0.023446795994691478,LONG,-0.001679650564302595,-0.00836824967051669,-0.010183655276055597
AVAXUSDT,2023-04-03T16:45:00+00:00,0.0006113292441202146,0.009921776867288902,LONG,0.004475829036411347,-0.010739078296745039,-0.008390349822156614
AVAXUSDT,2023-04-03T22:30:00+00:00,0.001343954355999637,-0.0923280762321624,SHORT,-0.0005403676197143224,0.003981503005448174,-0.009383570741201589
AVAXUSDT,2023-04-03T23:25:00+00:00,0.0005848219256407989,-0.050519741956989495,SHORT,0.0006427425841017923,0.004314892724788647,-0.012301359026123188
AVAXUSDT,2023-04-03T23:55:00+00:00,0.0019058951101077392,-0.07839657724342257,SHORT,0.003869610832338532,0.0012575239231817999,-0.016108651514295944
AVAXUSDT,2023-04-04T04:05:00+00:00,0.00018176563254956402,-0.04035687652298311,SHORT,0.0032746277810715768,-0.00284875133638136,-0.015461135572119427
AVAXUSDT,2023-04-04T08:55:00+00:00,0.00012997486186308786,-0.042096839100191345,SHORT,-0.0019633235709406063,-0.010184292698888832,-0.026604312924426256
AVAXUSDT,2023-04-04T09:30:00+00:00,0.00048098865420082335,-0.0049669108326738445,SHORT,-0.005064863865119903,-0.012025693132508987,-0.021694237228074616
AVAXUSDT,2023-04-04T09:50:00+00:00,0.0013139866116334614,0.0015740728478529523,LONG,0.0015602825397906912,0.007865060725376962,0.019527336798454323
AVAXUSDT,2023-04-04T10:40:00+00:00,0.0018430878029789951,-0.05603316987058456,SHORT,-0.003866396280875849,-0.012026913069120041,-0.01995007870714527
AVAXUSDT,2023-04-04T14:15:00+00:00,0.007922283661879841,-0.035693686500957285,SHORT,0.0036734272857609214,-0.0021241791148733104,-0.03206338160909846
AVAXUSDT,2023-04-04T17:55:00+00:00,0.0013588512046393878,0.010162895631666455,LONG,0.005617277411740106,0.006443841238960345,0.04191850199905738
AVAXUSDT,2023-04-04T19:25:00+00:00,9.508087190764956e-05,0.020090620512904018,LONG,0.0018176075654465368,0.004875030458436398,0.03227375978736014
AVAXUSDT,2023-04-05T12:35:00+00:00,0.0016921827847383886,-0.12190305670750988,SHORT,-0.00034979806156084525,0.014779092388619615,0.005068504366039864
AVAXUSDT,2023-04-05T20:30:00+00:00,0.00017971547874714322,-0.03243266301353372,SHORT,-0.00022284122654889408,-0.0003920420405173087,0.0038038126948309455
AVAXUSDT,2023-07-03T09:30:00+00:00,0.00034477002762542565,-0.10177564229295857,SHORT,0.0035673975649153575,0.011117656596122457,0.008235501353625403
AVAXUSDT,2023-07-03T09:40:00+00:00,0.0018735192801990098,-0.0988380699728656,SHORT,0.002554595645671373,0.011198704234764073,0.009944210274780534
AVAXUSDT,2023-07-03T16:20:00+00:00,0.0002866071131964244,-0.08954666244511861,SHORT,0.0019144799591769733,-0.002755757425348067,-0.0007678550224848505
AVAXUSDT,2023-07-04T00:30:00+00:00,0.0015754170985098437,-0.09629817389361854,SHORT,-0.0009753084568874892,-0.003320586818567614,-0.00228711359718381
AVAXUSDT,2023-07-04T01:30:00+00:00,0.0002214742639664405,-0.08862977519595026,SHORT,0.0033958845253065873,0.00020756456528398456,0.0021848640927129856
AVAXUSDT,2023-07-04T02:00:00+00:00,0.00013717299092746958,-0.12901082590857765,SHORT,-0.0014871748314176018,-0.006637984470167342,-0.005603902315388149
AVAXUSDT,2023-07-04T12:15:00+00:00,0.0009489365819125125,-0.03168426137228104,SHORT,0.0032282434907449525,5.69934757278334e-05,0.01946667854921332
AVAXUSDT,2023-07-04T12:25:00+00:00,0.0011924990834544197,-0.006817593172558288,SHORT,0.004078153072978997,-0.003347071227547547,0.015902802413702358
AVAXUSDT,2023-07-04T12:40:00+00:00,0.0011706804967097997,0.007840399311382355,LONG,0.0026649900459268312,0.008986841891958875,-0.01900803803408065
AVAXUSDT,2023-07-04T13:05:00+00:00,0.0004147565933954044,0.026724612196882214,LONG,0.0004207789389634192,0.0039785120589349975,-0.020754890420319794
AVAXUSDT,2023-07-04T23:10:00+00:00,0.000550855411872008,-0.0269168504224421,SHORT,0.007533099225045034,0.0038604078859459916,0.030868172125222634
AVAXUSDT,2023-07-04T23:40:00+00:00,0.0007144138969968173,-0.05329495742323781,SHORT,0.006742287263379085,0.0005140409235230067,0.032833093968906615
AVAXUSDT,2023-07-05T06:10:00+00:00,0.011078965955799214,0.0021984085469121777,LONG,0.005458420768624997,-0.010791748918437056,-0.028620399307412617
AVAXUSDT,2023-07-05T13:25:00+00:00,0.0008103453577334565,-0.06992639007116432,SHORT,-0.005214268190594766,-0.0006430118066760804,0.006253293912693829
AVAXUSDT,2023-07-05T13:45:00+00:00,0.0005354411912747343,-0.07044118878979115,SHORT,0.00020728173098611576,0.006689817875534093,0.007239647834785403
AVAXUSDT,2023-07-05T14:40:00+00:00,0.01048568345159847,-0.061700568773862964,SHORT,0.015997879161401746,0.008103528885296876,0.005356568472830288
AVAXUSDT,2023-07-05T15:15:00+00:00,0.0011955770118521373,-0.06940661346648427,SHORT,0.00543032963150219,-0.001543309851166308,0.002498598752907575
AVAXUSDT,2023-07-05T18:55:00+00:00,0.0012247478604858245,-0.09538140451303666,SHORT,0.0034204451624468934,0.000630537045659042,-0.01600512594430634
AVAXUSDT,2023-07-05T19:20:00+00:00,0.0024628309434220432,-0.10577417021374884,SHORT,0.003704888832900054,-0.00212641267173063,-0.014742651790824665
AVAXUSDT,2023-10-02T01:45:00+00:00,0.0005439393827063352,0.015040091931296894,LONG,0.003032167980793569,-0.006363321212973791,-0.006961218642931096
AVAXUSDT,2023-10-02T08:55:00+00:00,0.000610040033843451,-0.06302365594683898,SHORT,0.0020792927930445935,0.005236535308260932,0.044799752184441585
AVAXUSDT,2023-10-02T09:30:00+00:00,0.0029874680337574028,-0.11648269459049183,SHORT,-0.001707255300881256,0.012887763820925834,0.04524895397554519
AVAXUSDT,2023-10-02T18:10:00+00:00,0.004956556062579679,0.11316504489460683,LONG,-0.02500585692522579,-0.03277237644878294,-0.02967051723260921
AVAXUSDT,2023-10-02T18:50:00+00:00,0.0037656763927522924,0.09553121095352772,LONG,-0.0036508745554689652,-0.009412251500824965,-0.0045805461757457465
AVAXUSDT,2023-10-02T19:45:00+00:00,0.0024098917139024965,0.11360191032406187,LONG,-0.004704450235986401,-0.0026806139832955,-0.0029096071600633235
AVAXUSDT,2023-10-02T23:10:00+00:00,0.017728041996119718,-0.0920203943678922,SHORT,-0.0018966138409152108,0.000360602144068002,-0.00813261799845726
AVAXUSDT,2023-10-03T01:50:00+00:00,0.00441277287504541,-0.07538738388883003,SHORT,0.0024713922211976854,0.004476950152863521,-0.008924595587940587
AVAXUSDT,2023-10-03T02:40:00+00:00,0.000999769533541031,-0.02876726821337723,SHORT,0.0007538679931646222,-0.0028996929160081163,-0.003328647346178073
AVAXUSDT,2023-10-03T04:25:00+00:00,0.0012061728343751577,0.051780676622522503,LONG,0.0009340872610307451,0.008528819070327572,0.0023062906778947207
AVAXUSDT,2023-10-03T05:15:00+00:00,0.0004122225836092575,0.14354451970255838,LONG,0.0016659877783732973,0.007916263822504068,0.003873054868386366
AVAXUSDT,2023-10-03T05:50:00+00:00,0.0002646529263165623,0.12479715999632283,LONG,0.006406831742513223,0.010178092055232287,0.0037031039126056084
AVAXUSDT,2023-10-03T06:45:00+00:00,0.002427412169821126,0.2002740194979056,LONG,0.00021436227306086906,0.005598568211381201,-0.003328504710431067
AVAXUSDT,2023-10-03T07:05:00+00:00,0.0005583296875630374,0.2066992429505571,LONG,-0.00020957373580351437,0.0019622167272938178,-0.006365335442885765
AVAXUSDT,2023-10-03T07:50:00+00:00,0.0006538343199385403,0.1775855287916119,LONG,0.0030356099611256308,0.004823257135537113,0.00023043166148399078
AVAXUSDT,2023-10-03T18:25:00+00:00,0.0025535934999206433,-0.10051563141525069,SHORT,-0.003126704527386638,-0.01014361377507352,-0.028579421822104427
AVAXUSDT,2023-10-03T19:10:00+00:00,0.004091390102800615,-0.08061574242434116,SHORT,-0.000898858378135287,-0.011126921004865849,-0.03457751055319403
AVAXUSDT,2023-10-03T19:55:00+00:00,0.0006207897429245838,-0.11096898822402106,SHORT,-0.0018004294264700816,-0.006282349211615315,-0.029124366141156217
AVAXUSDT,2023-10-03T21:55:00+00:00,0.006094183275212386,-0.051072122749445725,SHORT,-0.0016329364581893042,0.018718124980635773,-0.03377575180955222
AVAXUSDT,2023-10-03T22:35:00+00:00,0.007337574735195001,-0.04517871435268223,SHORT,0.0060186966915831315,0.012904409911335206,-0.03435047249416454
AVAXUSDT,2023-10-03T23:20:00+00:00,0.0037699541583402596,-0.00960735207983639,SHORT,0.0010792898457477134,0.006844069486964127,-0.03423355950116866
AVAXUSDT,2023-10-04T04:45:00+00:00,0.012379069380594044,-0.036686250264358594,SHORT,-0.021666098138733207,-0.04163368510907794,-0.06695802038931706
AVAXUSDT,2023-10-04T15:50:00+00:00,0.0026918944728618454,0.03412234892084279,LONG,0.013309823103579007,0.02689085178339427,0.03149938361981331
AVAXUSDT,2024-01-01T05:40:00+00:00,0.00220628226366328,-0.03966055673315425,SHORT,0.005368248064772613,-0.023865473873749952,-0.03646644705934409
AVAXUSDT,2024-01-01T18:05:00+00:00,0.00020338658256434576,-0.0670130646979305,SHORT,-0.01150147190097357,-0.022003682026738504,-0.05675500193274922
AVAXUSDT,2024-01-02T00:45:00+00:00,0.004252721786906708,-0.031681771019993116,SHORT,-0.004730242612018325,-0.003076343000743636,-0.0027454988725721897
AVAXUSDT,2024-01-02T01:25:00+00:00,0.005065911711581339,-0.005062539511516554,SHORT,0.013630830997800148,0.009025649398804014,0.01808597514295709
AVAXUSDT,2024-01-02T03:50:00+00:00,0.0058062973321644125,-0.049483281765547844,SHORT,-0.011560234092906468,-0.02866102337754185,0.01571543300829199
AVAXUSDT,2024-01-02T04:50:00+00:00,0.00037631718985335974,-0.03453640939943509,SHORT,-0.005272712593954514,-0.015620478012327363,0.024403577864263493
AVAXUSDT,2024-01-02T05:15:00+00:00,0.002056128575737287,-0.046373471075084736,SHORT,-0.003788708841181509,-0.014365210531419688,0.03128055180576699
AVAXUSDT,2024-01-02T14:55:00+00:00,0.00022755238530986367,-0.07888901219045544,SHORT,-0.012646637724072589,-0.006212741809286146,0.002090937352643925
AVAXUSDT,2024-01-02T15:45:00+00:00,0.0009396144409688873,-0.032037829436296295,SHORT,0.006227710006181689,0.02158611505941815,0.02046484242716503
AVAXUSDT,2024-01-02T16:35:00+00:00,0.00029031443643299766,-0.0589433065586697,SHORT,0.003116833633185734,0.011003603993674333,0.012870857522325656
AVAXUSDT,2024-01-03T03:55:00+00:00,0.0007425490512313485,0.05779953982043274,LONG,-0.0007853339299742924,-0.0032567965174629034,-0.10402090900715859
AVAXUSDT,2024-04-01T12:25:00+00:00,6.403495382620117e-05,-0.025429244232985957,SHORT,-0.008568520552193348,0.025518759768273044,0.032395798057681224
AVAXUSDT,2024-04-01T13:40:00+00:00,0.0003875043975720685,-0.06841231950582309,SHORT,0.02670899781427703,0.05029733115740119,0.04871951219064153
AVAXUSDT,2024-04-01T14:05:00+00:00,0.0005671063597244186,-0.07290404511720552,SHORT,0.03260798502997713,0.04779014055655617,0.04811548696182436
AVAXUSDT,2024-04-01T16:00:00+00:00,5.5821050132588286e-05,-0.081601418335532,SHORT,0.015899891999817173,0.0027957245381554792,0.06853563361137636
AVAXUSDT,2024-04-01T17:25:00+00:00,0.0012307388466994416,-0.09990822188095136,SHORT,-0.0012126216381681237,-0.01811982545429389,0.06205901893579543
AVAXUSDT,2024-04-01T18:40:00+00:00,0.0020241337749760005,-0.08929257934900706,SHORT,-0.011515710258914721,-0.015279854480997467,0.04805594847897199
AVAXUSDT,2024-04-01T19:35:00+00:00,0.00021128064735435824,-0.10664285009665272,SHORT,-0.002304904876423287,-0.002818408979699453,0.06187991892215173
AVAXUSDT,2024-04-01T19:50:00+00:00,0.0012816035795377807,-0.09214390494194583,SHORT,-0.004790860490710381,-0.003162835207181119,0.06432606952118629
AVAXUSDT,2024-04-01T20:15:00+00:00,0.0014703475113363891,-0.06411690042002752,SHORT,-0.0036116405201281226,0.008959916271405589,0.07153179890480214
AVAXUSDT,2024-04-01T20:35:00+00:00,0.0021009278697333386,-0.07233168919031864,SHORT,-0.002158440631635465,0.013009193850533904,0.07596837928515104
AVAXUSDT,2024-04-01T22:15:00+00:00,0.00012426045628904922,-0.05172545884103009,SHORT,-0.0001421013209762916,0.027767129598189322,0.08975579769140182
AVAXUSDT,2024-04-01T23:20:00+00:00,0.00031273568980567435,-0.01605636730511383,SHORT,0.011146815749364289,0.07264848241780675,0.09795131702796411
AVAXUSDT,2024-04-02T00:20:00+00:00,0.00013923862601424047,-0.08602063478865347,SHORT,0.007173231586592683,0.05853894798576765,0.06767316981832389
AVAXUSDT,2024-04-02T01:00:00+00:00,0.0008547770418454285,-0.07946847478008608,SHORT,0.006352733497147301,0.05285061559302117,0.07752880815654205
AVAXUSDT,2024-04-02T02:00:00+00:00,0.0004012775089664002,-0.036986049912322454,SHORT,0.03954615160596481,0.04689661272234638,0.06568239518197086
AVAXUSDT,2024-04-02T07:00:00+00:00,0.0012117223527325347,-0.01437715798626103,SHORT,0.010035546671864248,0.029708076025829616,0.022266847772424513
AVAXUSDT,2024-04-02T12:05:00+00:00,0.0018807248813329151,-0.04430213704930925,SHORT,0.009485816100470739,0.006381263770145105,0.008728729902407304
AVAXUSDT,2024-04-02T13:15:00+00:00,0.00045829970312369394,-0.03447881103076785,SHORT,-0.018155934562703428,-0.010794982678804374,0.005291176565484351
AVAXUSDT,2024-04-02T13:30:00+00:00,0.002511114051876704,-0.027577370793967267,SHORT,-0.03221924559301904,-0.01618597678169425,-0.011042938284964223
AVAXUSDT,2024-04-02T16:20:00+00:00,0.0008850411057012275,-0.029268075101511765,SHORT,-0.005051244967702872,-0.014872553003196828,-0.016888598039013335
AVAXUSDT,2024-04-02T16:50:00+00:00,0.000294882871007935,-0.02624931511001812,SHORT,0.008936382872094998,0.0018991754848488574,-0.004627300869754408
AVAXUSDT,2024-04-02T18:55:00+00:00,0.0008888917141683962,-0.005174851544812875,SHORT,-0.0038569076639516264,-0.003962211835147202,-0.011236726730388873
AVAXUSDT,2024-04-03T00:20:00+00:00,0.0005424942729488914,-0.06972450329735298,SHORT,-0.000803239266826738,-0.028368896343463672,-0.016491563988409497
AVAXUSDT,2024-04-03T06:05:00+00:00,0.0017975360111552154,0.016674546980439978,LONG,-0.0002037104992150898,0.0036500288010053276,-0.048902872721456395
AVAXUSDT,2024-04-03T07:00:00+00:00,0.0016192864856919113,0.006871094723754938,LONG,-0.003844855947581355,-0.007519903174646498,-0.039598439614953754
AVAXUSDT,2024-04-03T07:40:00+00:00,0.0021785860965673324,-0.009216657828289374,SHORT,-0.002113948602786555,0.013522653703311462,0.04801364139313327
AVAXUSDT,2024-04-03T10:30:00+00:00,0.001396562846330705,-0.13931581984069027,SHORT,0.009761382156917393,0.011372464356997517,0.04155671603015681
AVAXUSDT,2024-04-03T12:45:00+00:00,0.0008537662719565242,-0.1195016973548885,SHORT,0.00010519556881249893,0.00517683610499502,-0.002308581248470025
AVAXUSDT,2024-07-01T00:35:00+00:00,0.0015611557453752529,0.04880170319925661,LONG,0.007652123690255909,0.007696901368950102,0.0038245167000211357
AVAXUSDT,2024-07-01T06:05:00+00:00,0.0004599072290665013,-0.09980047545555208,SHORT,-0.002811284381164528,-0.004139045393491915,-0.003697110385362981
AVAXUSDT,2024-07-01T23:45:00+00:00,0.0017849151987119139,-0.09192529859616366,SHORT,0.0017359307209689,0.007489893116145169,0.019298383697694977
AVAXUSDT,2024-07-02T00:30:00+00:00,0.0005078483478910178,-0.06318947110328885,SHORT,0.0032841465735159547,0.008375920897833301,0.018464833959697308
AVAXUSDT,2024-07-02T01:00:00+00:00,0.0006111177433127876,-0.05452968854348924,SHORT,0.0002442812037760916,0.004279903261870962,0.011143942994585675
AVAXUSDT,2024-07-02T01:55:00+00:00,0.0004305317384533647,0.03725964809880642,LONG,-0.002274711802808108,-0.006314851253081952,-0.013521959326960667
AVAXUSDT,2024-07-02T04:10:00+00:00,0.0011947214377106528,0.16321728506184682,LONG,-0.0038320695628177334,-0.017670582764636074,-0.014291281559489192
AVAXUSDT,2024-07-02T05:20:00+00:00,0.00023879015488944798,0.15169785990713314,LONG,-0.007075176858543231,-0.010650832257234403,-0.008636665545231275
AVAXUSDT,2024-07-02T23:05:00+00:00,0.0011468123974225396,-0.007616516782301998,SHORT,-0.002965042541138689,0.012850991850488418,0.055048357604635376
AVAXUSDT,2024-07-02T23:15:00+00:00,2.7582254498674435e-05,0.003312976546831866,LONG,0.005383909257022665,-0.023015408695065437,-0.05366914978606797
AVAXUSDT,2024-07-02T23:25:00+00:00,0.000526936272847149,0.039490677638320204,LONG,0.004488084434273734,-0.017549236004995073,-0.05489137110477355
AVAXUSDT,2024-07-03T00:10:00+00:00,0.0003774268098851105,0.004494415495595864,LONG,0.0009598171424654428,-0.023796387191596217,-0.05731930605213221
AVAXUSDT,2024-07-03T04:30:00+00:00,0.00011857687047330105,-0.03278708314587443,SHORT,0.0004642608515081429,0.015894755609342805,0.037774096597295415
AVAXUSDT,2024-07-03T05:05:00+00:00,0.0016318310657150476,-0.01800840996540213,SHORT,-0.001559717206712805,0.011000557010450666,0.040485810167405295
AVAXUSDT,2024-07-03T11:15:00+00:00,0.0010970441178669071,-0.029856403605401042,SHORT,0.003375431573301558,0.016022247988032316,0.02482117763263882
AVAXUSDT,2024-07-03T12:40:00+00:00,0.0035413736027095784,-0.03815179954505756,SHORT,-0.00606140268579224,0.007084534570955927,0.0169084934517726
AVAXUSDT,2024-07-03T12:50:00+00:00,0.00018163130357695272,-0.042081140865361376,SHORT,-0.009339455091891564,0.000943159501549024,0.01458573950916188
AVAXUSDT,2024-07-03T21:00:00+00:00,0.0032689133200812363,-0.09266045587028829,SHORT,-0.009864947124461195,-0.002144637444630034,0.02570656189173844
AVAXUSDT,2024-07-03T23:50:00+00:00,0.0002920763923503848,0.005859672487257721,LONG,0.0022601433510844493,-0.01152090693074211,-0.024704747549167936
AVAXUSDT,2024-10-07T00:30:00+00:00,0.00017974156337594325,-0.08158517882046519,SHORT,-0.011343810970236314,-0.012027671704992757,-0.005172992490689032
AVAXUSDT,2024-10-07T06:15:00+00:00,0.0010223634679318644,-0.0389216934605749,SHORT,0.005535594042029147,0.024780176593438834,0.013101654088275466
AVAXUSDT,2024-10-07T08:50:00+00:00,0.0007462182185146399,-0.028668293427984985,SHORT,0.005548377466467868,0.0006813969820101988,0.009190015023690766
AVAXUSDT,2024-10-08T02:10:00+00:00,0.0006500585590112654,0.020124867316592,LONG,0.0030837885030978946,-0.024999530779643724,-0.020566277966282957
AVAXUSDT,2024-10-08T02:55:00+00:00,0.004764306319940897,0.00614847509505079,LONG,-0.002188077419579335,-0.02029654944000318,-0.021989966218136432
AVAXUSDT,2024-10-08T09:50:00+00:00,0.0007936157475616952,0.1480125856384944,LONG,0.0005279416220612218,0.0011943918891048177,0.0025767531522381116
AVAXUSDT,2024-10-08T16:20:00+00:00,0.0007287398061970001,-0.09767023561689527,SHORT,-0.001173322331010298,-0.005077578375494626,0.0010162553471445475
AVAXUSDT,2024-10-08T20:40:00+00:00,0.0012835826311091327,-0.06287952634786205,SHORT,-0.0032040571639694623,0.009791841330949194,0.0008573509462796274
AVAXUSDT,2024-10-08T21:30:00+00:00,0.00021289759652020414,-0.019955135768238312,SHORT,0.003165241869557993,-0.0016128852769329086,0.006372696660816714
AVAXUSDT,2024-10-08T22:05:00+00:00,0.002426070227365296,-0.11456867840376028,SHORT,0.009713984400695978,0.00639681058496385,0.005414195237572152
AVAXUSDT,2024-10-09T05:45:00+00:00,0.0005793077940960615,0.015447922695226662,LONG,0.0026371071099922224,0.0026378725991800813,-0.013901485085935862
AVAXUSDT,2024-10-09T06:05:00+00:00,6.26253298667893e-05,0.02667007926893278,LONG,-0.00496250549133047,-0.004076031776957476,-0.019515935836815806
AVAXUSDT,2024-10-09T06:40:00+00:00,0.0003659996837001939,0.033742240318972286,LONG,-0.0012085598352229955,-0.0065248037786561535,-0.014155807271195284
AVAXUSDT,2024-10-09T11:30:00+00:00,0.00039811511249940177,0.08055550772351867,LONG,-0.00611178176000812,-0.008688996065204884,-0.022183835386806378
AVAXUSDT,2024-10-09T12:00:00+00:00,0.00045575505200206646,0.018544129760308743,LONG,-0.015690963877464457,-0.010667282793455687,-0.02454215138545376
AVAXUSDT,2024-10-09T12:30:00+00:00,0.00019193345596154416,-0.01462920821554852,SHORT,0.017611934357812657,0.014399173460846815,0.024050097965735467
AVAXUSDT,2024-10-09T20:55:00+00:00,0.002142296017516719,-0.021024077897646626,SHORT,-0.007631005342827959,0.0027386270435637936,-0.005999514811964997
AVAXUSDT,2024-10-09T21:35:00+00:00,0.0017523433596850395,-0.01294801797783349,SHORT,-0.00016401341831481566,-0.001952028460344087,0.0030755282065341822
AVAXUSDT,2024-10-09T23:10:00+00:00,0.0006893756053644289,0.10009749405211277,LONG,-0.0036467534414549936,0.0037755552157136135,0.014001199997464513
UNIUSDT,2023-01-02T00:40:00+00:00,0.0004922080276582088,-0.21056250605149449,SHORT,0.0033893483797222605,-8.056469823328488e-05,-0.013636742829554776
UNIUSDT,2023-01-02T01:25:00+00:00,0.0027178618577964127,-0.1289644133871023,SHORT,0.004336855582868935,-0.011060372095597171,-0.02143684478535239
UNIUSDT,2023-01-02T04:10:00+00:00,0.0033628755430955178,-0.04966706305241013,SHORT,-0.006489763817497632,-0.017005179800632684,-0.03713104775447433
UNIUSDT,2023-01-02T14:05:00+00:00,0.0006080268672902681,-0.015419760915699165,SHORT,-0.003452702731114375,-0.009189397184381397,-0.006898048894559485
UNIUSDT,2023-01-02T14:40:00+00:00,0.0007396845156698912,-0.009544530408176587,SHORT,-0.006723741061017539,-0.01191278161469353,-0.004677799679625545
UNIUSDT,2023-01-02T14:50:00+00:00,0.0014390403720936824,0.05434167621678661,LONG,0.0043659554306176886,0.00966526683133244,0.00012880740586672685
UNIUSDT,2023-01-03T00:45:00+00:00,0.0020782079468605,-0.12043486073216522,SHORT,0.006872879287762064,0.008365138471600564,0.004324524258190792
UNIUSDT,2023-01-03T08:30:00+00:00,0.0009452248469994347,-0.006131337881119033,SHORT,-0.004371273343707845,-0.004773087459772766,0.007213310620880156
UNIUSDT,2023-01-03T08:40:00+00:00,0.0021448830534322046,-0.051624215729353995,SHORT,-0.005786297058915247,-0.006702999409183958,0.0029996272960286685
UNIUSDT,2023-01-03T10:20:00+00:00,8.228333203374202e-05,-0.07263715235886319,SHORT,-0.0014856084440769417,0.0005339522279212458,0.00883541263155231
UNIUSDT,2023-01-03T21:25:00+00:00,4.0618086938802874e-05,0.09944694870043279,LONG,0.0016877641137196147,0.02046914355446677,0.03709723557980631
UNIUSDT,2023-01-04T14:00:00+00:00,0.0028212289994575097,-0.04309943181975057,SHORT,0.0062060851628622776,0.0018580830387768484,0.009456745649145703
UNIUSDT,2023-01-04T14:15:00+00:00,0.0007881070623137929,-0.03478561945197015,SHORT,0.0050427121985435275,-0.0044877036546726356,0.007199658852132908
UNIUSDT,2023-01-04T14:25:00+00:00,6.389266580990924e-05,-0.0555465171854426,SHORT,-0.0,-0.00701504810419873,0.0056113822686129295
UNIUSDT,2023-04-03T02:00:00+00:00,0.0002530766673577733,-0.0433871650585021,SHORT,-0.005282452430107404,-0.005112485573235053,-0.02547156346213178
UNIUSDT,2023-04-03T11:05:00+00:00,0.0024340165664027366,0.11111140098746583,LONG,-0.001514637381232688,-0.007881318568661554,-0.006031179280500033
UNIUSDT,2023-04-03T18:55:00+00:00,0.005221547398012163,-0.016506973870835308,SHORT,0.008603626863553513,0.02148113569780241,0.023503040346176365
UNIUSDT,2023-04-03T22:35:00+00:00,0.0019475929542753724,-0.06014780034692245,SHORT,0.0009221264577280194,0.0011474129466567994,-0.013744521259968494
UNIUSDT,2023-04-04T14:55:00+00:00,0.004902281489315447,-0.1193148128147912,SHORT,0.00507900747062535,-0.0021129163040805904,-0.021148819391719784
UNIUSDT,2023-04-04T15:25:00+00:00,0.0003845259493833109,-0.18089582380803895,SHORT,-0.0014755310489211301,-0.008943374998014324,-0.02975196437095467
UNIUSDT,2023-04-04T15:35:00+00:00,0.00023347365139266178,-0.1780115715096053,SHORT,-0.0016401512615625664,-0.009868301393916633,-0.031666620093989975
UNIUSDT,2023-04-04T15:50:00+00:00,0.0005050037442037325,-0.15245087137639676,SHORT,-0.0003271716044234606,-0.005710106060653186,-0.028865988723673266
UNIUSDT,2023-04-04T16:05:00+00:00,0.000624917621239393,-0.14137197897778067,SHORT,-0.008435572135857008,-0.009769849298633494,-0.029368870216139917
UNIUSDT,2023-04-04T17:35:00+00:00,0.001389570332258243,-0.11157423493701817,SHORT,0.0014034441035774775,-0.005736140886613171,-0.027913265565289443
UNIUSDT,2023-04-04T20:40:00+00:00,0.0004209226527076056,-0.06647383124406482,SHORT,7.022945081835347e-05,-0.009866193995352403,-0.02534792859067864
UNIUSDT,2023-04-05T05:25:00+00:00,0.002605159620844695,0.017717442636875004,LONG,0.002662470541314074,-0.002801197461786007,-0.013852006863635092
UNIUSDT,2023-04-05T18:15:00+00:00,0.003936398601485491,-0.05230488345301226,SHORT,0.0027941114301658428,-5.103362250210267e-05,0.004623001802745375
UNIUSDT,2023-04-05T19:25:00+00:00,0.0002666030557334396,-0.04712013320178524,SHORT,0.004665012883827864,0.00022968132578783556,0.003698050681167528
UNIUSDT,2023-04-05T20:00:00+00:00,0.0008378553974696364,-0.0526227871828463,SHORT,0.0014366179490620389,-0.0029080666549488408,0.00677255105577453
UNIUSDT,2023-04-05T23:55:00+00:00,0.0004374884535857072,-0.053370705039687126,SHORT,0.006947827919638906,-0.000631019934742451,0.01785199650325026
UNIUSDT,2023-07-03T03:35:00+00:00,0.006016863879443381,0.10440669328175013,LONG,0.0012638549272150675,-0.005404039813288884,0.0021800469919351024
UNIUSDT,2023-07-03T12:40:00+00:00,0.001146326255312731,-0.21413595766133556,SHORT,0.002118153301180315,0.008745791914605155,0.018775648455206725
UNIUSDT,2023-07-04T10:55:00+00:00,0.0021322334270046732,-0.0008485721782066975,SHORT,-0.0031534600541281467,-0.002911430415801819,0.00035535307794357383
UNIUSDT,2023-07-04T14:20:00+00:00,0.0007396619039322764,0.0643582196858783,LONG,0.00814855998888752,-0.009222078677465464,-0.0017673537250423475
UNIUSDT,2023-07-04T16:10:00+00:00,0.0046150778767487235,-0.056578512937725076,SHORT,0.012399814095049512,0.026617297076733097,0.002118209938306586
UNIUSDT,2023-07-05T03:25:00+00:00,0.0024012481780508453,-0.05954898563544446,SHORT,0.007833956265803592,-0.003550873073874869,0.04429291695103709
UNIUSDT,2023-07-05T05:40:00+00:00,0.0007983581665049067,-0.08963197617512342,SHORT,-0.007339154037836476,-0.0011624573938998587,0.03009254149294502
UNIUSDT,2023-07-05T05:50:00+00:00,0.0047646159142896985,-0.05644384526475163,SHORT,-0.0065672122048422805,0.006411364747803616,0.03274520159160371
UNIUSDT,2023-07-05T14:55:00+00:00,0.001676827195120992,-0.010676835291495277,SHORT,0.013975816783307284,0.006607486472123841,0.00455303067843091
UNIUSDT,2023-07-05T19:45:00+00:00,0.0009433781962618001,0.029294157958914564,LONG,0.005222141227323128,0.014299539310950748,0.02946992349119176
UNIUSDT,2023-07-05T22:20:00+00:00,0.0077350902866255246,0.07451114985797326,LONG,0.0004499816030298711,-0.0016677635373333983,0.025443597641059607
UNIUSDT,2023-10-02T13:10:00+00:00,0.0004249755567988502,-0.1968395119270583,SHORT,0.012140294501418486,0.020650070483828754,0.030773391833299586
UNIUSDT,2023-10-02T15:20:00+00:00,0.0011960759455035886,-0.2337129067241784,SHORT,0.0052747375045462674,0.02438081524849394,0.014919174381190036
UNIUSDT,2023-10-02T16:25:00+00:00,0.000639848277909485,-0.11924930770150953,SHORT,0.002194870030961742,0.01555586923863739,0.013765759116388969
UNIUSDT,2023-10-02T18:20:00+00:00,0.00023600936362143103,0.0339299298647468,LONG,-0.01613737625630161,-0.014416845995487825,-0.010564505611175409
UNIUSDT,2023-10-02T18:35:00+00:00,0.000944077770575546,0.04435441500810013,LONG,-0.009871166433562053,-0.010919328548624986,-0.0066550925379112065
UNIUSDT,2023-10-02T19:55:00+00:00,9.156037873676841e-05,0.12317529551259032,LONG,0.0030621538289976355,-0.0006703488064565468,0.002061584233514148
UNIUSDT,2023-10-02T20:30:00+00:00,0.0037472244223948734,0.14148085490859272,LONG,-0.00021675110422807354,-0.002544847855655976,0.00815282492346995
UNIUSDT,2023-10-02T21:30:00+00:00,0.0005817217374667194,0.13614266004837092,LONG,-0.0016561289805947256,0.002812153699455803,0.006594558920873934
UNIUSDT,2023-10-03T03:55:00+00:00,0.0004596484567792172,-0.07402132628748241,SHORT,-0.0017074680253336158,0.00078191909821061,0.0215142438316182
UNIUSDT,2023-10-03T11:40:00+00:00,0.0012256216604275437,-0.01814795089288864,SHORT,0.002808541296387397,0.010620368719634945,0.022503506723312257
UNIUSDT,2023-10-03T17:30:00+00:00,0.00011157629896593922,-0.1563003773563524,SHORT,0.0048959542718310205,0.0063750282332243995,0.01952962702148393
UNIUSDT,2023-10-03T17:45:00+00:00,9.60327692654136e-05,-0.15433114634991593,SHORT,0.005385755711227667,0.006510703603753015,0.015829551411052172
UNIUSDT,2023-10-04T08:30:00+00:00,0.0005806392504976556,-0.024813338736684464,SHORT,-0.0009972154765183077,0.0009885749723374934,0.004574287870123775
UNIUSDT,2023-10-04T20:45:00+00:00,0.0010333408396214496,-0.04364123782226777,SHORT,-0.002106960439808337,0.0020744914641008996,0.004969157661954849
UNIUSDT,2023-10-04T23:45:00+00:00,0.00030191076060054274,-0.12222734047034346,SHORT,-2.2514158652423926e-05,0.0029150377743414244,-0.002185394219187231
UNIUSDT,2024-01-01T00:30:00+00:00,0.0016378390368122582,-0.08161029494893086,SHORT,-0.007764977619046579,0.011879990474323004,-0.005169882802397331
UNIUSDT,2024-01-01T02:55:00+00:00,0.00164615751997018,-0.041329625764348066,SHORT,0.013871842872436072,0.0036993945046807294,-0.005731005343503659
UNIUSDT,2024-01-01T05:00:00+00:00,0.0013517161934633395,-0.009934790852881582,SHORT,0.004395658359031331,-0.008316432440600499,-0.030776221405346655
UNIUSDT,2024-01-01T19:40:00+00:00,0.00042137656922866605,-0.040041728405651844,SHORT,0.00039998785496958843,-0.002781559566389327,-0.0007893698607488587
UNIUSDT,2024-01-01T20:10:00+00:00,0.0030377732901652,0.02953086591794046,LONG,-0.010251836110844768,-0.006561308658626939,-0.010117855914533484
UNIUSDT,2024-01-01T21:15:00+00:00,0.00013224506124885803,0.030912270401897764,LONG,-0.0015866722884474592,0.009205746232192233,0.01042479344062033
UNIUSDT,2024-01-01T22:05:00+00:00,0.0003723712008211549,-0.011783379285062944,SHORT,-0.004181722533549781,-0.012837514281025902,-0.006276556603895729
UNIUSDT,2024-01-01T23:50:00+00:00,0.0006434676265231421,-0.1452062585025463,SHORT,-0.0037597846776351775,-0.0033056548379238352,0.012558827238571315
UNIUSDT,2024-01-02T00:35:00+00:00,0.00160574457715197,-0.1046236756079134,SHORT,-0.00234864408588106,-0.004116118065660622,0.013415912302254349
UNIUSDT,2024-01-03T06:20:00+00:00,0.0005335675095452454,0.03268278012268179,LONG,0.002605228959388586,0.008053349218173547,-0.1268372109221074
UNIUSDT,2024-01-03T09:00:00+00:00,1.810448616283395e-05,-0.043642367259792536,SHORT,-0.0001945769228118845,0.08773688282358633,0.12800307146675266
UNIUSDT,2024-01-03T11:15:00+00:00,0.0019389447582675407,-0.14701308472266605,SHORT,0.14134322487857343,0.10578797715038087,0.12003127812559158
UNIUSDT,2024-04-01T00:20:00+00:00,0.0009526742210890743,-0.2054597500201083,SHORT,0.0024496741703108216,0.013431590474072488,0.02697920593047243
UNIUSDT,2024-04-01T00:35:00+00:00,0.0041153690225420115,-0.22835637997223143,SHORT,-0.003162311690753607,0.001564700679117494,0.017984393855252943
UNIUSDT,2024-04-01T04:45:00+00:00,0.0006524802516580798,-0.03803550047131158,SHORT,0.029689170911942044,0.029862039283626587,0.03933022401441186
UNIUSDT,2024-04-01T05:00:00+00:00,0.0005878257460260777,-0.06664449525645322,SHORT,0.03140960272380047,0.02944774075168902,0.046672736013489216
UNIUSDT,2024-04-01T05:30:00+00:00,0.0008762387955354601,-0.07715562123590766,SHORT,0.0206163684912557,0.01961833733078631,0.04498123411337582
UNIUSDT,2024-04-01T05:45:00+00:00,0.0011214938722830866,-0.09876154671217462,SHORT,-0.003721801384011853,-0.00644354358086191,0.021243156201995735
UNIUSDT,2024-04-01T06:00:00+00:00,0.0027257626069961127,-0.07867187663403315,SHORT,-0.007664917712386949,-0.008285942297647583,0.021588525084812828
UNIUSDT,2024-04-01T13:45:00+00:00,0.0011460539626047305,-0.1131918310004546,SHORT,0.015345162965008543,0.043427160802148194,0.030194313477999144
UNIUSDT,2024-04-01T17:30:00+00:00,0.0033899387222183362,-0.07224490540181357,SHORT,0.0023071862574641734,-0.01970388200304582,0.04529940544472157
UNIUSDT,2024-04-01T21:10:00+00:00,0.0017564131693964947,0.05135032622707531,LONG,0.00548964000738003,-0.00048582996907005967,-0.07854324876026754
UNIUSDT,2024-04-02T02:05:00+00:00,0.0013828543053792195,0.04959246063570005,LONG,-0.03344296080587667,-0.045753572067189094,-0.07034245420638092
UNIUSDT,2024-04-02T02:15:00+00:00,0.0002517694185612548,0.01424631901978055,LONG,-0.034287752091812305,-0.04222294519536502,-0.0642223150826903
UNIUSDT,2024-04-02T02:25:00+00:00,0.005035103017066218,-0.031011304196113088,SHORT,0.0252837793321614,0.029336197930472287,0.04991471794180885
UNIUSDT,2024-04-02T02:50:00+00:00,0.004383591260350788,-0.04027702092729418,SHORT,0.006371880958797934,0.002752775041884195,0.024401815808365424
UNIUSDT,2024-04-02T09:05:00+00:00,0.0008313300354579415,-0.07106433286224956,SHORT,-0.002418525450021968,0.001978223844806485,0.0047053556156053345
UNIUSDT,2024-04-02T09:15:00+00:00,0.014745075284718563,-0.07513331782719809,SHORT,0.0058599896557174165,0.011907933760700434,0.014582127678153457
UNIUSDT,2024-04-02T14:00:00+00:00,0.0004829452612494489,-0.0010711707387096275,SHORT,-0.0092877211931856,0.001762114993399221,-0.004391750580979002
UNIUSDT,2024-04-02T14:40:00+00:00,0.0007839086973342611,0.023180782701375365,LONG,-0.014230769775269853,-0.017216957890166917,-0.017120374609469663
UNIUSDT,2024-04-02T14:55:00+00:00,0.000551147792434759,0.020224246092429985,LONG,-0.018175338945038113,-0.007463954277526053,-0.007640072629513503
UNIUSDT,2024-04-02T15:40:00+00:00,0.0008251588723498915,-0.007009187315969364,SHORT,0.00738379372345455,-0.002024258522278877,0.02481236298937333
UNIUSDT,2024-04-02T21:25:00+00:00,0.0002450689952491054,-0.050474753538888036,SHORT,-0.008103738506911673,0.0007023722757605945,0.006480025175725927
UNIUSDT,2024-04-03T00:40:00+00:00,0.0007167109699573582,0.06282018448897426,LONG,0.012953079756438585,-0.031950439631021385,-0.013338291934479532
UNIUSDT,2024-04-03T03:25:00+00:00,0.005619151443146116,-0.0412926029672764,SHORT,0.023337796747965493,0.00304792529491467,0.012683010062269172
UNIUSDT,2024-04-03T10:30:00+00:00,0.002596532566364006,-0.052664770910487095,SHORT,0.007109507918349994,0.004937352962558609,0.025206735658191235
UNIUSDT,2024-04-03T14:45:00+00:00,0.0005376022679473782,-0.05861183030214079,SHORT,0.0072424723600457005,0.020596736491823437,0.016461651344020434
UNIUSDT,2024-04-03T15:00:00+00:00,0.0006267743995232427,-0.06595782949217924,SHORT,0.010488182742294115,0.02007836853162245,0.018624203997946273
UNIUSDT,2024-04-03T15:50:00+00:00,0.0002652645678382097,-0.0379354420683902,SHORT,-0.004907316282065155,0.015330543054062567,0.012627049078002698
UNIUSDT,2024-07-01T04:50:00+00:00,0.00016316052649355516,-0.1247061204697284,SHORT,0.0037806948440231416,0.010193097052190505,0.018133983245267372
UNIUSDT,2024-07-01T05:00:00+00:00,0.0016039095125950703,-0.13637166614110505,SHORT,0.001682034522881921,0.004795164276246745,0.010625600372386577
UNIUSDT,2024-07-01T05:25:00+00:00,0.0005550978647999678,-0.14993806406417262,SHORT,0.0029990559481681916,0.004160062034379107,0.00878427644678535
UNIUSDT,2024-07-01T07:00:00+00:00,0.0003028079060201738,-0.10194093610317971,SHORT,-0.002670799087737481,0.007731997283326209,0.0014432414427682592
UNIUSDT,2024-07-01T07:10:00+00:00,4.772179947981717e-05,-0.10573671324141867,SHORT,0.0031791392931822316,0.01315466394845424,0.004578176463707363
UNIUSDT,2024-07-01T08:10:00+00:00,0.0007096029769236297,-0.10110369988144635,SHORT,0.00142827935029234,0.01691529441945798,0.0006949520956726578
UNIUSDT,2024-07-01T12:05:00+00:00,0.002053603237768351,-0.0673807485530857,SHORT,-0.004054529803631016,-0.007813704031207338,0.012629468068995264
UNIUSDT,2024-07-01T13:55:00+00:00,0.0007103345237812934,-0.1691805251253889,SHORT,-0.0028273618370502464,-0.026334284236851215,0.005803465508260031
UNIUSDT,2024-07-01T19:50:00+00:00,0.0012891687514634714,0.011313394842885576,LONG,-0.005069901758900602,-0.025405918953240333,-0.03833543610136988
UNIUSDT,2024-07-01T20:25:00+00:00,0.0013844419168009608,0.01383528013119948,LONG,-0.006026353565218706,-0.024069695057183763,-0.03362254513986884
UNIUSDT,2024-07-02T04:20:00+00:00,0.0003372823986687023,0.05093661120321258,LONG,0.006270515676655562,-0.01210715956263618,-0.022211059431844555
UNIUSDT,2024-07-02T14:35:00+00:00,8.218382890893816e-05,0.038320492631454754,LONG,0.008872371782922986,0.008884829572594557,0.00018773740940938394
UNIUSDT,2024-07-02T15:00:00+00:00,0.0008676000934031791,0.06720289567270783,LONG,0.006705785069076294,0.0018092696104222118,-0.00636775718925649
UNIUSDT,2024-07-03T03:15:00+00:00,0.0037992101037914914,-0.14358073492886034,SHORT,-0.0028707955342942397,-0.014350944126859149,0.021230316794795583
UNIUSDT,2024-07-03T09:00:00+00:00,0.0011012582043380447,-0.0220650595242416,SHORT,0.0026446155259204694,0.04750241554344659,0.050800245804819184
UNIUSDT,2024-07-03T09:15:00+00:00,0.0005194130521375925,-0.07483951040483808,SHORT,0.015273863799325339,0.03997024758663213,0.0531221442207369
UNIUSDT,2024-07-03T09:50:00+00:00,0.00022602473402534768,-0.050314225702200996,SHORT,0.024050854376076944,0.027097707520065236,0.0392719952880996
UNIUSDT,2024-07-03T10:25:00+00:00,0.00021648606136391048,-0.0750317287387825,SHORT,0.0242065325254915,0.012760290525064187,0.03155498372322403
UNIUSDT,2024-07-03T20:05:00+00:00,0.001157745007686689,-0.16942620404713626,SHORT,0.0031766601217867525,-0.0055057832517307025,0.05126388098246875
UNIUSDT,2024-10-07T09:55:00+00:00,7.42447736304476e-05,-0.13740368852766863,SHORT,0.005524875931969916,-0.01435922107788888,-0.009322798535124362
UNIUSDT,2024-10-07T10:50:00+00:00,0.00018508260279916203,-0.11713797422969817,SHORT,-0.0078012067673180335,-0.01804622600364965,-0.010293722027998598
UNIUSDT,2024-10-07T11:00:00+00:00,0.0022566940829362257,-0.18311704670881856,SHORT,-0.020502305233401612,-0.02486759777541174,-0.0023598896949937834
UNIUSDT,2024-10-07T11:10:00+00:00,0.001283980216967265,-0.1675524290341393,SHORT,-0.0064588748776482265,-0.01901464885679769,0.0005214600812246986
UNIUSDT,2024-10-08T06:25:00+00:00,0.00018308910152673124,0.1377769953760551,LONG,-0.0031736345876047373,-0.0016868151314795138,-0.0008424207479747183
UNIUSDT,2024-10-08T06:35:00+00:00,0.0007182387949517645,0.14093875288722998,LONG,-0.00831112207013099,-0.00655190538180099,-0.01136601934764422
UNIUSDT,2024-10-08T15:45:00+00:00,0.0020202587291809427,0.011160054281038828,LONG,0.008384602447964315,0.004878035662806103,0.011654717419308973
UNIUSDT,2024-10-08T18:15:00+00:00,0.00016612932591748443,-0.08253169151754608,SHORT,0.010511239165211234,-0.004596362781833848,-0.0020834478757734603
UNIUSDT,2024-10-09T07:05:00+00:00,0.0007087963275427023,0.030774033551076208,LONG,-0.001371818896160381,0.01676047721187055,0.02008451684776576
UNIUSDT,2024-10-09T12:50:00+00:00,0.0015334126895213695,-0.16513937193887812,SHORT,0.00013930486893032391,-0.005207556544226854,-0.010806422701654085
UNIUSDT,2024-10-09T16:45:00+00:00,0.0005074301552508065,0.0643117694275579,LONG,0.007122930297595931,-0.002877862512649166,0.033012978997306555
UNIUSDT,2024-10-09T19:50:00+00:00,0.0002077036437605082,0.10498202219712172,LONG,-0.015930973043296107,-0.0011741633854296292,0.03724498521532231
UNIUSDT,2024-10-09T20:30:00+00:00,0.0011057495347412574,0.08616902034437465,LONG,-0.015730620717629727,-0.0008088422702347136,0.06983406056791319
UNIUSDT,2024-10-09T22:40:00+00:00,0.0020360804451746923,-0.06250505679036321,SHORT,-0.011128396467978233,-0.024026755840917645,-0.08611929125022831
ZECUSDT,2023-01-02T00:55:00+00:00,0.004351657932337247,-0.03659883612761791,SHORT,0.01002310978181343,-0.0035551648195675353,-0.02449536744689355
ZECUSDT,2023-01-02T06:20:00+00:00,0.002656634486158316,0.28259926511531597,LONG,0.008602638644508281,0.0039657211524208305,0.04224666141640122
ZECUSDT,2023-01-02T07:05:00+00:00,0.00027206714094022636,0.26008819498724667,LONG,0.013765967601948847,0.010519511955065059,0.04558668498094533
ZECUSDT,2023-01-02T17:35:00+00:00,0.005231378395211027,-0.2013836629234596,SHORT,-0.0048168882918058755,-0.02302219514090837,-0.015512363479668004
ZECUSDT,2023-01-03T06:20:00+00:00,0.001091808873079994,-0.13639000755481315,SHORT,0.0003173399180163277,-0.0075622479974932,0.00046553370980020095
ZECUSDT,2023-01-03T07:35:00+00:00,0.005272392232906568,-0.18903461716544914,SHORT,-0.006054343029277824,-0.006932672745591051,0.011982542289092998
ZECUSDT,2023-01-04T05:20:00+00:00,0.0010530543134523237,-0.06367336765653347,SHORT,-0.003550818492732512,0.0033295900610806005,0.0067265551406017355
ZECUSDT,2023-01-04T11:05:00+00:00,0.013300808691198185,-0.06607284539754842,SHORT,0.00479250768248938,0.007730431674739597,0.008138677376149428
ZECUSDT,2023-01-04T14:30:00+00:00,0.0015326165248264034,-0.031014411985949248,SHORT,0.002195695250180192,-0.012791184139793512,0.0014530573041057946
ZECUSDT,2023-01-04T20:20:00+00:00,0.002786223475104407,0.0094325947350119,LONG,0.0002479236407888816,0.017160136983990763,0.0011569211359088484
ZECUSDT,2023-01-04T23:05:00+00:00,4.8149796949534044e-05,0.10029698005179918,LONG,0.008932938935582602,0.0075726915695571,-0.0012377771106256079
ZECUSDT,2023-01-04T23:15:00+00:00,0.0016402820884360565,0.15135398826390076,LONG,0.0034207271188382185,-0.00022326112780750784,-0.005083987057081767
ZECUSDT,2023-04-03T06:30:00+00:00,0.003113803557076603,-0.20736971760067094,SHORT,-0.005908108391477677,-0.0180876402809562,-0.019272650535046676
ZECUSDT,2023-04-03T07:00:00+00:00,0.0010862609522241922,-0.17519188079017037,SHORT,-0.00324288424076494,-0.008361413547858016,-0.016912790387443137
ZECUSDT,2023-04-03T07:10:00+00:00,0.0007262198595040096,-0.20875150035674184,SHORT,-0.013014990218997971,-0.011529087350662343,-0.021454585163857034
ZECUSDT,2023-04-04T07:55:00+00:00,0.0013471854213110068,-0.016047027511854602,SHORT,-0.004561638878979358,-0.013821550063337771,-0.02132765624684391
ZECUSDT,2023-04-04T19:35:00+00:00,0.013132108781819299,0.0229244378962778,LONG,0.002040348755614529,0.0014643603707132824,0.008015183959609063
ZECUSDT,2023-04-04T21:05:00+00:00,0.0009145767259146121,-0.02915349393494124,SHORT,0.0020267976152916548,-0.013955104910963231,-0.001852470059109474
ZECUSDT,2023-04-04T23:40:00+00:00,0.005358280335044532,-0.12238818849111771,SHORT,-0.012967313806783532,-0.011626286094086344,-0.018665306388737552
ZECUSDT,2023-04-05T01:00:00+00:00,0.0014761048834951262,-0.07437464369073561,SHORT,4.943306153669558e-05,0.006272445748262164,-0.0019137413200741788
ZECUSDT,2023-04-05T05:30:00+00:00,0.00184807476262219,-0.03842482955629558,SHORT,0.00408693880807835,0.008888083189372694,0.008971715494443276
ZECUSDT,2023-04-05T07:20:00+00:00,0.002328619965163258,-0.07236215298010623,SHORT,0.0015445671692148517,-0.008301387797369868,0.006553693381670191
ZECUSDT,2023-04-05T08:50:00+00:00,0.00023550759349956805,-0.09244606562231386,SHORT,0.0006218215664405216,-0.013789089705484332,0.006154311065231304
ZECUSDT,2023-04-05T10:55:00+00:00,0.0005350604423448067,0.0022686412756235783,LONG,-0.0002645099278918764,-0.0015793602105838031,-0.009420852552898887
ZECUSDT,2023-04-05T22:05:00+00:00,0.0007311583985166744,0.06345612262062161,LONG,0.001433065386346777,-0.005276329815638986,-0.011456099715890651
ZECUSDT,2023-04-05T22:15:00+00:00,1.0479713806203909e-05,0.015788413716316715,LONG,0.0027840410669547778,-0.006767856848033693,-0.016675456087154674
ZECUSDT,2023-04-05T22:30:00+00:00,0.002019456456693455,-0.053526616150658034,SHORT,-0.005346337737068398,0.0062649037456684415,0.009924926404723781
ZECUSDT,2023-07-03T02:05:00+00:00,0.00037590293274075183,0.05223951424993606,LONG,0.013930453538324216,0.015234746637197717,-0.005452320629786302
ZECUSDT,2023-07-03T02:55:00+00:00,0.001355871427784011,0.12190148102311119,LONG,0.00520299225750566,-0.013064318827726578,-0.01651212058455349
ZECUSDT,2023-07-03T03:55:00+00:00,0.008738563277518884,0.2019376348912867,LONG,-0.009734165544259139,-0.010659292419601233,-0.016159591568233028
ZECUSDT,2023-07-03T07:30:00+00:00,0.0008879268700861752,0.08254374566625729,LONG,0.005277607567063209,-0.0043203084555463464,-0.0034240152552730647
ZECUSDT,2023-07-03T07:40:00+00:00,0.007710164408186774,0.05990684422725649,LONG,0.007648562405976806,-0.005082919703042354,-0.001798890739567914
ZECUSDT,2023-07-03T12:25:00+00:00,0.011393395936048876,-0.24652737148942067,SHORT,0.0017942588545701633,0.003749232323885458,0.009910571120740437
ZECUSDT,2023-07-03T14:30:00+00:00,0.004049407844013509,-0.17548974346516155,SHORT,-0.0141353105500305,0.005388850554060659,-0.004209747318416783
ZECUSDT,2023-07-03T18:40:00+00:00,0.033498543403303604,-0.22858379290087724,SHORT,-0.016391401234930686,-0.001116820939545089,-0.0063617662001311396
ZECUSDT,2023-07-03T23:35:00+00:00,0.0007190542690308316,-0.10851627325318905,SHORT,-0.004820812264661705,-0.0120370017040214,-0.00543807986678157
ZECUSDT,2023-07-04T20:15:00+00:00,0.0014001340788817654,0.038694070917814564,LONG,0.007770395380758855,0.00013748828697310005,0.01664968306710295
ZECUSDT,2023-07-04T21:15:00+00:00,0.003958652120584617,0.10771506351334825,LONG,0.012070897988240048,-0.013211763099229877,0.017531786305680155
ZECUSDT,2023-07-04T22:20:00+00:00,0.0009338217924867164,0.2557955253506135,LONG,-0.011307685907968932,-0.022686627546472087,0.00928274968342703
ZECUSDT,2023-07-05T08:20:00+00:00,0.0044958157156019,0.017208851673385026,LONG,0.009793816226852102,-0.024765291551137013,-0.06595118962427507
ZECUSDT,2023-07-05T13:20:00+00:00,0.0042480466543068284,-0.14036826828189197,SHORT,0.00202135849902163,0.0077425755765419615,0.034317864749120866
ZECUSDT,2023-07-05T14:40:00+00:00,0.01046617186869162,-0.19919824270135503,SHORT,0.0204056680072677,0.01241677284680017,0.022278306440828493
ZECUSDT,2023-07-05T18:15:00+00:00,0.0008049883447011441,-0.11579815600956764,SHORT,0.006291307319136583,0.0026957613773991797,0.0027268678666770457
ZECUSDT,2023-07-05T20:00:00+00:00,0.000796366211149658,0.019984752877082675,LONG,0.004122409516550856,0.009487737205109384,0.037196926191780964
ZECUSDT,2023-07-05T22:40:00+00:00,0.001543450343628594,0.13378208756728502,LONG,0.005383333684646515,-0.007528685113959047,0.033223053078315745
ZECUSDT,2023-07-05T22:55:00+00:00,0.00012051488338237062,0.18757249437278367,LONG,0.0015460747808639787,-0.010269900630623741,0.04284484688477712
ZECUSDT,2023-07-05T23:10:00+00:00,0.0017606447336033881,0.2488247731134457,LONG,0.0006812155967142502,-0.013766754694860705,0.03959903612311497
ZECUSDT,2023-10-02T03:35:00+00:00,0.013462632784925937,0.22833649348752152,LONG,-0.006316896095697141,-0.003822684932693935,-0.021500728748432004
ZECUSDT,2023-10-02T03:55:00+00:00,0.00032017756807587757,0.16914928618794245,LONG,-0.005917831113545855,-0.002362903800622059,-0.029979576787887072
ZECUSDT,2023-10-02T05:10:00+00:00,0.005769168295237085,-0.135234923500985,SHORT,0.0011386492549996874,-0.000972431288611089,0.02244488157549412
ZECUSDT,2023-10-02T07:00:00+00:00,0.0006447397564138651,-0.07584979918570614,SHORT,-0.003162749545142644,0.007140337370209663,0.03622272140786623
ZECUSDT,2023-10-02T07:10:00+00:00,0.0014079168275424794,-0.10485280392225256,SHORT,-0.004271989409002441,0.005171401118210385,0.03521874243405516
ZECUSDT,2023-10-02T07:40:00+00:00,0.0007685877656907818,0.0050432563995120834,LONG,-0.0014893666636132863,-0.006055797256010714,-0.034466423442099964
ZECUSDT,2023-10-02T08:05:00+00:00,1.1441446071951332e-05,0.0027013018912063385,LONG,-0.002135232127974466,-0.008514739262735077,-0.029217587799176287
ZECUSDT,2023-10-02T08:25:00+00:00,0.00038612106184514057,0.05606570159275806,LONG,-0.0053108336442703715,-0.006630461632692619,-0.031813646212298416
ZECUSDT,2023-10-02T08:50:00+00:00,0.0002257679684911979,0.2103405484402096,LONG,-0.0030649563144073957,-0.006614897649890046,-0.02485854515391762
ZECUSDT,2023-10-02T15:55:00+00:00,0.0007102415271152206,-0.006589570139634797,SHORT,-0.0012916206276038355,0.004812551894701879,-0.004280485671246703
ZECUSDT,2023-10-02T16:45:00+00:00,0.001722107480483711,0.04216465396724249,LONG,0.004581653871741524,-0.0029175804795222053,0.002158160391479278
ZECUSDT,2023-10-02T21:15:00+00:00,0.0019016048502839041,0.06440060201900999,LONG,-0.004778671006593923,0.0014564491383988129,0.006562222447562843
ZECUSDT,2023-10-02T21:45:00+00:00,0.0009802889290778613,-0.13355548434130624,SHORT,-0.0023703854540096767,-0.012238799607915605,-0.013643295212096543
ZECUSDT,2023-10-02T23:45:00+00:00,0.00016411981410670943,0.25834986118788994,LONG,-0.0007745980900954184,0.006661255821962737,-0.004394494267894373
ZECUSDT,2023-10-03T12:00:00+00:00,0.003366549996188524,-0.40150915747939014,SHORT,0.0022066945328249035,0.009413072810495658,0.012197526942546798
ZECUSDT,2023-10-03T20:00:00+00:00,0.00044049040046017086,-0.039428952876599685,SHORT,-0.00478319996606491,3.966228521443767e-05,0.01081386728260668
ZECUSDT,2023-10-03T23:05:00+00:00,0.010098136702892283,-0.10362375856168664,SHORT,0.004219513450600744,0.013408046781164324,0.007735431512159653
ZECUSDT,2023-10-03T23:40:00+00:00,0.0004846524115084273,-0.05384034743542659,SHORT,0.0275022042570605,0.010459564912973522,0.00820900132238158
ZECUSDT,2023-10-04T00:10:00+00:00,0.0013109094808826248,-0.02805200958698606,SHORT,0.01695907109003475,0.00449775870683163,0.002246350626374193
ZECUSDT,2023-10-04T08:00:00+00:00,4.6135143007393346e-05,-0.424237644390903,SHORT,-0.007346601882160395,-0.0036833001228227056,-0.012130236454016915
ZECUSDT,2023-10-04T13:10:00+00:00,0.0009970585211502524,-0.19370392201671865,SHORT,0.0016090533358054072,-0.006997838417894677,-0.016009273484484717
ZECUSDT,2023-10-04T13:45:00+00:00,0.0017884502421419352,-0.11127963464263284,SHORT,-0.0005878319281060558,-0.010289445816429087,-0.013997273571955208
ZECUSDT,2023-10-04T14:10:00+00:00,0.002490610698634701,-0.22594070137528474,SHORT,-0.00018259921159258282,-0.010826001287314204,-0.014446585035925042
ZECUSDT,2023-10-04T19:00:00+00:00,0.0028610708899615704,0.13523102012799468,LONG,0.001217626754595286,0.01048135102797428,0.007226573004844256
ZECUSDT,2023-10-04T23:10:00+00:00,0.0009752038313780036,0.21348527063632355,LONG,-0.003578879097873125,-0.005893076163308437,-0.0009118389725866755
ZECUSDT,2023-10-04T23:40:00+00:00,0.002062585013009046,0.23884331737556805,LONG,-0.0032386818567159007,-0.002937286365095059,-0.0004911757373416038
ZECUSDT,2024-01-01T06:15:00+00:00,0.001887361446067181,-0.31628896223841185,SHORT,-0.0031378009228765526,-0.015817048035073108,-0.042907401149204015
ZECUSDT,2024-01-02T05:40:00+00:00,0.0029074416717615953,-0.16275219224865034,SHORT,-0.0011446852594054087,-0.0031560842537901703,0.017237522738644366
ZECUSDT,2024-01-02T12:50:00+00:00,1.8453745357973233e-05,-0.19550777579198272,SHORT,-0.0023868798623476323,0.006754324977340046,0.003266135835813737
ZECUSDT,2024-01-02T13:00:00+00:00,0.0007136105583872566,-0.21989645470337946,SHORT,-0.005749207355787227,0.0036101122240997856,-0.0031892218142547247
ZECUSDT,2024-01-02T19:20:00+00:00,0.0005889011749613121,0.054530769904138014,LONG,0.0005567425191880898,0.0018152119705624919,0.013355188574254724
ZECUSDT,2024-01-02T19:35:00+00:00,0.0018388008631801081,0.05847159225838452,LONG,-0.004812243583935879,0.004681230147566763,0.0165958543684277
ZECUSDT,2024-01-02T20:30:00+00:00,0.0004897694107651648,-0.01669277185473503,SHORT,0.004747133252950314,-0.010480887841215631,-0.01816851204322415
ZECUSDT,2024-01-02T20:40:00+00:00,2.6234038854596427e-05,-0.07293681137929878,SHORT,-0.0002472685512150914,-0.021152842808522553,-0.02222791906329656
ZECUSDT,2024-01-02T20:50:00+00:00,0.0010047713859785779,-0.06437460175006589,SHORT,-0.0032888756121053652,-0.017383031100994716,-0.021857996065752023
ZECUSDT,2024-01-03T06:40:00+00:00,0.0005954372424454603,0.03232913291619219,LONG,-0.00021223249141828196,-0.0012873087461926303,-0.1284131036322484
ZECUSDT,2024-01-03T07:55:00+00:00,0.0008895130250107124,0.017322542594491338,LONG,0.012903404835907782,-0.013803343025898942,-0.11364353729193058
ZECUSDT,2024-04-01T06:10:00+00:00,0.002106326089467091,0.021761661390624396,LONG,0.008504899028477285,0.0009974620549677853,-0.04155228866538998
ZECUSDT,2024-04-01T14:30:00+00:00,0.005519739448084277,-0.16094274839853442,SHORT,0.013347127409871998,0.021817779728014547,0.025677647072392406
ZECUSDT,2024-04-02T05:25:00+00:00,0.0001053526982293102,0.024824777896701653,LONG,0.010911690555366378,0.0017868353808785451,0.0028866857630768863
ZECUSDT,2024-04-02T06:35:00+00:00,0.00516199081753422,0.0206426042757624,LONG,-0.004646910588073832,-0.020209998577850396,-0.008971888640676665
ZECUSDT,2024-04-03T01:10:00+00:00,0.0010854188271677448,-0.0916746671758671,SHORT,-0.018109875597310005,-0.023766243334750498,-0.015234244571847987
ZECUSDT,2024-04-03T09:20:00+00:00,0.002317450005932803,-0.1811487443815144,SHORT,0.0032546332081867017,0.019748373914038757,0.04800239744236565
ZECUSDT,2024-04-03T18:15:00+00:00,0.0005443808230446035,-0.021931610392080213,SHORT,0.0016718152666861414,-0.0006632422219442819,-0.008167766659390532
ZECUSDT,2024-04-03T19:20:00+00:00,0.00035777374913286997,-0.04022867645282731,SHORT,0.0055096558109696955,-0.0018298266770761572,-0.009478743954543739
ZECUSDT,2024-07-01T05:30:00+00:00,0.001644834365170333,0.08543601366671988,LONG,-0.0021614265079299227,-0.007676573775078259,-0.009057462559493306
ZECUSDT,2024-07-01T13:50:00+00:00,0.0017522117384823766,0.1513648297154736,LONG,-0.002471703723575775,0.007279714357038385,0.00578535916000671
ZECUSDT,2024-07-01T14:15:00+00:00,0.0004348667319416367,0.1232031621303862,LONG,0.008343606685757185,0.0210383486585148,0.013705549827142482
ZECUSDT,2024-07-01T16:25:00+00:00,0.0009431291708912643,0.12821618109087257,LONG,0.007029583792141134,0.009889806145434986,0.0103730146593065
ZECUSDT,2024-07-01T17:45:00+00:00,2.5439416631256874e-05,0.11053689622453629,LONG,0.004928144155798349,0.0004855547558372385,0.004602214333588291
ZECUSDT,2024-07-01T19:05:00+00:00,0.0007682911060420538,0.06469400387591262,LONG,-0.0011448398379884873,0.0036674889872038265,-0.007863944799287693
ZECUSDT,2024-07-02T03:30:00+00:00,0.0010109150097981014,-0.06684904039455396,SHORT,-0.0029083878959572235,0.0012409327454464844,-0.0038655574461486175
ZECUSDT,2024-07-02T03:45:00+00:00,0.0012236971585419122,-0.11649293855260585,SHORT,0.003393942651794469,0.0018235425729103154,-0.002889488876694298
ZECUSDT,2024-07-02T13:50:00+00:00,0.0008244183921987621,-0.16506156881954626,SHORT,0.0025083198759912814,0.008663147596319207,0.003622483583537896
ZECUSDT,2024-07-02T16:55:00+00:00,0.003490954302885657,-0.18549639211105456,SHORT,0.0032957267867714723,-0.0036910840845494745,0.00997729343428412
ZECUSDT,2024-07-02T17:30:00+00:00,0.003481624292931627,-0.10778674188503137,SHORT,-0.007295179237453685,-0.004389985335171036,0.0028379318598033025
ZECUSDT,2024-07-02T18:50:00+00:00,0.0013044726362778213,-0.13277259280191606,SHORT,0.0022256759227621318,0.0008563965722883762,0.0005059863459953601
ZECUSDT,2024-07-02T21:10:00+00:00,0.00036930365410894114,-0.07361483697920045,SHORT,-0.0038077479727659,-0.0029094883556943555,-0.014298064128516134
ZECUSDT,2024-07-02T21:25:00+00:00,0.0021106190888477926,-0.05333853844927011,SHORT,-0.0056782773623960565,-0.005295362537713632,-0.010970512238230909
ZECUSDT,2024-07-03T00:05:00+00:00,0.00016492621630384555,0.25187585909637566,LONG,-0.007049776395950318,-0.014154215524611798,-0.011890210369050597
ZECUSDT,2024-07-03T05:05:00+00:00,0.0024038070738780994,-0.03454782375422847,SHORT,-0.012936043083964921,-0.02286274346693061,-0.0030983015991960954
ZECUSDT,2024-07-03T15:25:00+00:00,0.00092485705588965,-0.29579785894578337,SHORT,0.0028971531611530097,0.036460090959752015,0.04246918422824415
ZECUSDT,2024-07-03T18:55:00+00:00,0.0034319372550364333,0.028583560038963677,LONG,-0.004659728684687224,0.024453187136609978,-0.007808726324590901
ZECUSDT,2024-07-03T21:15:00+00:00,0.010988175072460898,0.24076729457361204,LONG,0.005306149997154967,0.007794257690190263,-0.02656351064043829
ZECUSDT,2024-10-07T00:15:00+00:00,0.005160404305805375,0.08608925908626648,LONG,0.005729749112801454,0.02757992350238042,0.00819069343025044
ZECUSDT,2024-10-07T01:20:00+00:00,0.009460187655556512,0.0368153311841564,LONG,0.006708462659493008,0.029498663722470647,0.006313732844242242
ZECUSDT,2024-10-07T13:05:00+00:00,0.005589737232583081,0.18270211826283536,LONG,0.00034240712541365535,-0.004428208896489786,0.008655443614744393
ZECUSDT,2024-10-08T04:55:00+00:00,0.0002523626568032045,0.027939223751996783,LONG,-0.006931333496505284,-0.016040875423859548,-0.004350568664381877
ZECUSDT,2024-10-08T05:25:00+00:00,0.0005403620696455235,-0.018979913288029476,SHORT,0.003800315508330055,0.009204332965005285,0.0031082739582192183
ZECUSDT,2024-10-08T08:50:00+00:00,0.00026490032185098834,0.15325303258121226,LONG,0.0038307551634307628,-0.004195810351335425,0.022426332322775137
ZECUSDT,2024-10-08T09:05:00+00:00,0.0013715179700897944,0.1970549230555518,LONG,-9.243323202731171e-06,-0.007439698505266797,0.023528911066900977
ZECUSDT,2024-10-08T09:20:00+00:00,0.0011226875955953498,0.2393899991164148,LONG,0.000137298695399491,-0.007330345195859386,0.02274391628083199
ZECUSDT,2024-10-08T09:40:00+00:00,0.00797080923378779,0.32096905297643674,LONG,-0.002442855864968654,0.0009402218473006004,0.019471516367891312
ZECUSDT,2024-10-08T13:05:00+00:00,0.007293797091428319,-0.09674346982399246,SHORT,-0.012306814548841027,-0.015775427114244702,-0.02019221379105238
ZECUSDT,2024-10-08T14:40:00+00:00,0.0013496733093511383,-0.11894841930729529,SHORT,-0.008055202869478997,-0.009093085681898963,-0.01288946642787351
ZECUSDT,2024-10-08T15:05:00+00:00,0.0021274895678813984,-0.0418583423685219,SHORT,0.009175257826764548,0.0038281895172940592,0.0033904019262015464
ZECUSDT,2024-10-09T03:20:00+00:00,0.0022954495001182513,-0.1258163591587467,SHORT,-0.004827595582740889,0.004851014363959285,-0.005301520070492803
ZECUSDT,2024-10-09T04:00:00+00:00,0.0007394481535671039,-0.014769792340009458,SHORT,-0.000552164757860498,0.0030149342448990706,-0.004733625950063862
ZECUSDT,2024-10-09T05:00:00+00:00,0.00046116885133231066,-0.14071667225757015,SHORT,0.0013536408427065813,0.005979744629416729,-0.0038925417383938827
ZECUSDT,2024-10-09T05:45:00+00:00,5.1247907589360605e-05,-0.13338386490846804,SHORT,0.001385791076749925,0.004849597795937855,-0.009979178638229943
ZECUSDT,2024-10-09T13:10:00+00:00,0.000764913279906889,0.057029892801518156,LONG,0.001684152100357719,0.01595938283017828,0.01776447446848598
ZECUSDT,2024-10-09T22:55:00+00:00,0.0005927369182591679,-0.052096985266023334,SHORT,0.006975437567576755,-0.004708786545787187,-0.054679919035094775
