symbol,signal_time,side,score_prev,score_now,entry_time,r1,r4,r12
SOLUSDT,1672577999999,SHORT,0.04815009570323519,-0.05515783105905238,1672578000000,0.008901535613294698,0.007581537452397579,0.0034298429668943903
SOLUSDT,1672635599999,LONG,-0.01734003606567238,0.8627775652485581,1672635600000,0.0009026629167143871,0.11476826098829379,0.10758561204449688
SOLUSDT,1672862399999,SHORT,0.13112408325468136,-0.055338777639817066,1672862400000,0.014753927376916519,-0.01707899919629442,-0.0044671662400055595
SOLUSDT,1672952399999,LONG,-0.12663196821654954,0.1988498676688097,1672952400000,-0.01305954296896528,-0.011723636580589985,-0.03551552018684253
SOLUSDT,1672959599999,SHORT,0.12546195200687124,-0.25525948296800605,1672959600000,-0.0019395753935767133,0.01474376038078444,0.02986201427496239
SOLUSDT,1673045999999,LONG,-0.5813899472099827,0.17684412151899132,1673046000000,0.009164464543437894,-0.004200426217873004,-0.014855304665228932
SOLUSDT,1673067599999,SHORT,0.3957446970842547,-0.07079874376435057,1673067600000,-0.005881039343506252,0.005383491032081482,0.0023469746170835222
SOLUSDT,1673071199999,LONG,-0.07079874376435057,0.4542131776546483,1673071200000,-0.005049944781291381,-0.008228635113861408,-0.007470887104580108
SOLUSDT,1673132399999,SHORT,0.5853925974060806,-0.196747502510952,1673132400000,-0.004364979936589913,-0.023587609059915342,-0.036545788591657316
SOLUSDT,1673168399999,LONG,-0.21134756726608422,0.08887577701821388,1673168400000,-0.006420923200460582,-0.009461228089548655,0.011047410888788627
SOLUSDT,1673182799999,SHORT,0.06338320597731985,-0.39246819053548915,1673182800000,-0.006956807216609956,-0.015329359063382375,-0.10508569141362727
SOLUSDT,1673218799999,LONG,-0.07053290986372289,0.5880391436863511,1673218800000,0.0541171514640346,0.15391087042245247,0.1791176167431591
SOLUSDT,1673315999999,SHORT,0.569370904134461,-0.3011531610146909,1673316000000,0.029518746348161696,0.003271506883769297,0.017844848195330706
SOLUSDT,1673330399999,LONG,-0.06078478487892799,0.016729514333723657,1673330400000,-0.007882609167384641,-0.0015467907182987934,0.011005675352821213
SOLUSDT,1673351999999,SHORT,0.03358625405922835,-0.5662658384782238,1673352000000,0.006198949126345538,-0.013085052282720396,-0.01061759066440233
SOLUSDT,1673477999999,LONG,-0.7533057530875471,0.0642362719578946,1673478000000,0.010201661730978568,0.012644411037242708,-0.009059381890430021
SOLUSDT,1673503199999,SHORT,0.645322684741816,-0.08362629403145315,1673503200000,-0.002893110878880143,0.007362755612294011,-0.02261257403249755
SOLUSDT,1673506799999,LONG,-0.08362629403145315,0.014175300110380299,1673506800000,-0.0020305824901688772,-0.01392737067603945,0.01603741802589689
SOLUSDT,1673564399999,SHORT,0.24826472929967666,-0.5082593198349017,1673564400000,-0.01256046366574834,-0.005116035277217669,-0.024786434003614282
SOLUSDT,1673578799999,LONG,-0.23273285735726454,0.012500494762556373,1673578800000,0.014355756522884844,0.03169174043491672,0.011176675778064377
SOLUSDT,1673618399999,SHORT,0.06200168303404755,-0.1001770610066476,1673618400000,-0.006811974377502317,-0.0201797213286885,-0.2351687082446757
SOLUSDT,1673625599999,LONG,-0.0812268406615268,0.022998200444126246,1673625600000,-0.007653708732647819,0.02290693418354397,0.26874040394528176
SOLUSDT,1673629199999,SHORT,0.022998200444126246,-0.29718849324158053,1673629200000,-0.012406959031242516,-0.0334072615173004,-0.2944265779378796
SOLUSDT,1673701199999,LONG,-0.04857662600511748,0.198237525046766,1673701200000,-0.00022192139635266418,0.0197739108308092,0.03775512099167111
SOLUSDT,1673758799999,SHORT,0.14094364574803533,-0.15237952771653618,1673758800000,-0.003264491788968402,0.03333494238120589,-0.012047294259806269
SOLUSDT,1674118799999,LONG,-0.5938396037031656,0.29175831217620435,1674118800000,0.004512982462205262,-0.018258399950272362,0.017699577099401075
SOLUSDT,1674129599999,SHORT,0.3374193055787047,-0.265973238470827,1674129600000,0.004643711817958156,-0.005525139085294064,-0.0222467552426936
SOLUSDT,1674147599999,LONG,-0.07237955685108413,0.011084088206477298,1674147600000,-0.009070895430852627,0.021097730265563733,-0.0039316978242828066
SOLUSDT,1674151199999,SHORT,0.011084088206477298,-0.15172201694838275,1674151200000,-0.011149974361621481,-0.016749066788078998,-0.004427419100509805
SOLUSDT,1674158399999,LONG,-0.19442388927194246,0.17718774240762405,1674158400000,-0.00166504825480574,-0.010732558243827248,-0.0266470143735476
SOLUSDT,1674165599999,SHORT,0.24014953950975607,-0.5540911552614922,1674165600000,-0.005147655150052144,-0.007897790894148052,0.0074405805950310076
SOLUSDT,1674172799999,LONG,-0.03734862145255498,0.04129712048795546,1674172800000,-0.013212840627720499,-0.003462639742526984,-0.012976204643748556
SOLUSDT,1674176399999,SHORT,0.04129712048795546,-0.026261617459536687,1674176400000,-0.01666274969808144,0.0027964091498380557,-0.008811875222342556
SOLUSDT,1674179999999,LONG,-0.026261617459536687,0.04827741276826972,1674180000000,-0.008883959865344201,-0.02021980768432273,-0.010576166718342887
SOLUSDT,1674183599999,SHORT,0.04827741276826972,-0.0045216321037110175,1674183600000,-0.00201759599233542,0.013381130650515282,-0.006414029807758478
SOLUSDT,1674219599999,LONG,-0.08157210135068987,0.1716125524645063,1674219600000,-0.0027249253412520514,0.033177195683287426,0.15815076543009493
SOLUSDT,1674273599999,SHORT,0.28661376996167853,-0.06915495753536556,1674273600000,-0.00537527869731166,-0.027101069413237647,-0.014574316149346947
SOLUSDT,1674277199999,LONG,-0.06915495753536556,0.1670200673891794,1674277200000,-0.00831547162052554,0.0023974119446165203,0.01866694448715422
SOLUSDT,1674280799999,SHORT,0.1670200673891794,-0.1956551663628235,1674280800000,-0.022455824436716065,-0.025566859296701275,-0.024229119090910068
SOLUSDT,1674284399999,LONG,-0.1956551663628235,0.30217097972823237,1674284400000,0.007505094266226388,-0.01078605111467688,0.0033862299553865305
SOLUSDT,1674291599999,SHORT,0.3526388317997781,-0.08286045356166778,1674291600000,-0.014974134964832075,-0.012691028950263493,-0.016349353743091006
SOLUSDT,1675814399999,LONG,-0.047047343126908676,0.2045739024524663,1675814400000,0.012268556487605014,0.002641677113315222,-0.0038281181721745374
SOLUSDT,1675825199999,SHORT,0.07312656899825556,-0.11032184752812817,1675825200000,-0.0014667367742137024,0.009523078879747824,0.004918766354611304
SOLUSDT,1675828799999,LONG,-0.11032184752812817,0.041136824620718916,1675828800000,-0.00188619986761231,-0.005121972657053428,-0.025231912090060767
SOLUSDT,1675839599999,SHORT,0.045152374809469556,-0.03148245240474303,1675839600000,-0.005910182688257994,-0.0005502762102071902,0.02152737573890112
SOLUSDT,1675843199999,LONG,-0.03148245240474303,0.18598977059269448,1675843200000,-0.005867842996908,-0.001347822628436363,-0.028822900005486735
SOLUSDT,1675864799999,SHORT,0.18685843084943424,-0.013806885331661778,1675864800000,-0.001096352629319355,0.01676278348542922,0.02399671100072642
SOLUSDT,1675868399999,LONG,-0.013806885331661778,0.11505127864816411,1675868400000,-0.01884640896123576,-0.026174027955387657,-0.048484664649007886
SOLUSDT,1675886399999,SHORT,0.26887065966538587,-0.15013114539470307,1675886400000,0.006476171716378241,-0.005530127288132715,0.014312138880688257
SOLUSDT,1676087999999,LONG,-0.004461744670257081,0.053165401988304384,1676088000000,-0.0016196720024626743,-0.003241971598736505,0.005136118121767492
SOLUSDT,1676267999999,SHORT,0.2143105008359484,-0.14542454583937464,1676268000000,-0.0036202583245064112,0.031559370405002986,0.05035186975437027
SOLUSDT,1676271599999,LONG,-0.14542454583937464,0.03512275858694414,1676271600000,0.00611535717954334,-0.024696178930539856,-0.029631082552229026
SOLUSDT,1676311199999,SHORT,0.05226663992916682,-0.08180348125010255,1676311200000,-0.024343682486100644,-0.019039672408869026,-0.04839575049609254
SOLUSDT,1676314799999,LONG,-0.08180348125010255,0.07926752133193944,1676314800000,0.0001469327785182084,0.0011259332972614164,0.028965145220859367
SOLUSDT,1676357999999,SHORT,0.5354568449710966,-0.2961854455111336,1676358000000,-0.000760998847665178,-0.023697568570172824,-0.040972337693102885
SOLUSDT,1676451599999,LONG,-0.44974608929589166,0.1763715939707588,1676451600000,0.00924819316945269,0.042162728707957245,0.09096773859328718
SOLUSDT,1676548799999,SHORT,0.26087017667367585,-0.25401262937583136,1676548800000,-0.005834371600157995,-0.011634900662843861,0.057911950131427435
SOLUSDT,1676563199999,LONG,-0.01987186210718124,0.03702431055332216,1676563200000,-0.007699303868907542,-0.010956704638205564,-0.050896320207712814
SOLUSDT,1676570399999,SHORT,0.03475179323806396,-0.12568554647987618,1676570400000,-0.004917525933592575,0.03154484660376249,0.05033133599675319
SOLUSDT,1676696399999,LONG,-0.3574350502298392,0.020562962016625844,1676696400000,0.001066848843373,-0.007586021593404411,0.00905329741056023
SOLUSDT,1676717999999,SHORT,0.21340192928099708,-0.2472585954764074,1676718000000,-0.005261224823855736,-0.015915914208740854,-0.02849416007288443
SOLUSDT,1676757599999,LONG,-0.11853957433784981,0.25053310459089695,1676757600000,0.0014840887240662056,-0.011737975433878564,0.0014417167404155648
SOLUSDT,1676764799999,SHORT,0.23339270999121645,-0.003995049318265105,1676764800000,-0.004761913760243785,0.0066277795906172264,-0.00983892585029318
SOLUSDT,1676865599999,LONG,-0.004909843408334357,0.18160262534345692,1676865600000,0.012602178548771636,0.0124135598032816,0.014561707381681464
SOLUSDT,1676869199999,SHORT,0.18160262534345692,-0.36863939979766086,1676869200000,0.0011700101351695396,0.00897988415666065,0.02081026390769479
SOLUSDT,1677128399999,LONG,-0.2739499828535436,0.21584014539047094,1677128400000,-0.008134612682153092,-0.004202115397365024,-0.033364021760006156
SOLUSDT,1677135599999,SHORT,0.03288579075829385,-0.015830010752603582,1677135600000,-0.005366336127368279,-0.0013545409972559367,0.023312435103159744
SOLUSDT,1677142799999,LONG,-0.07511041414864301,0.11124949840554525,1677142800000,-0.006398184405609396,-0.01819394644717913,-0.0214048914298482
SOLUSDT,1677146399999,SHORT,0.11124949840554525,-0.041947921434877744,1677146400000,-0.0030811601312435246,0.006439384919237262,0.023268963852331827
SOLUSDT,1677149999999,LONG,-0.041947921434877744,0.0956586044476464,1677150000000,-0.02635012398357538,-0.012963603229587919,-0.02256701732787159
SOLUSDT,1677153599999,SHORT,0.0956586044476464,-0.031087976091894825,1677153600000,-0.011473201810761955,-0.005040968456774515,-0.006882975089711201
SOLUSDT,1677193199999,LONG,-0.16174315419186266,0.2438093476004272,1677193200000,0.003057914206063951,-0.0038671758997624525,-0.000587519426023209
SOLUSDT,1677214799999,SHORT,0.1902589975600876,-0.06532785394260629,1677214800000,0.00046211692380362175,-0.009239389291612334,0.04396123574091939
SOLUSDT,1677218399999,LONG,-0.06532785394260629,0.1493334531332979,1677218400000,0.009118349943650381,0.0022664325994806132,-0.040692445647761775
SOLUSDT,1677236399999,SHORT,0.03625087727472059,-0.3996530583842631,1677236400000,0.0021432632019795254,0.007881191357258151,0.043763149926370495
SOLUSDT,1677369599999,LONG,-0.13310959310515671,0.3264166151046602,1677369600000,-0.0031355008891209707,0.012577105103486044,0.02097700496723698
SOLUSDT,1677409199999,SHORT,0.3512784502633964,-0.011683351340920845,1677409200000,-0.0005256702416474619,0.0002191108490546201,-0.010547977323613112
SOLUSDT,1677416399999,LONG,-0.20843490343525517,0.009345550353671623,1677416400000,0.007490671729157659,0.00814892737552641,0.02174331563649069
SOLUSDT,1677455999999,SHORT,0.19167651568839608,-0.09605541925790308,1677456000000,0.005653267834300927,0.009468907897032329,0.020432828413173502
SOLUSDT,1677459599999,LONG,-0.09605541925790308,0.04786286685743748,1677459600000,-0.001212488781461928,-0.005467814351600203,-0.017242182755699168
SOLUSDT,1677466799999,SHORT,0.035906459016240386,-0.16933881458304156,1677466800000,0.0005211726502333201,0.008196409840138504,-0.008302032376814907
SOLUSDT,1677715199999,LONG,-0.17678283749355728,0.6909381669318928,1677715200000,-0.006196386704299946,-0.020790582944325633,-0.019566231810765788
SOLUSDT,1677725999999,SHORT,0.3875930914238884,-0.025443308773049095,1677726000000,-0.0006808433642483166,0.0032289633985204567,0.010222798045262872
SOLUSDT,1677895199999,LONG,-0.1906632565970216,0.589002852536422,1677895200000,-0.0025306977607993065,-0.010870951077149147,-0.012386246376087788
SOLUSDT,1677905999999,SHORT,0.2454572879746214,-0.0665834754368973,1677906000000,0.006649556440598734,0.004097690777157574,0.013295991845831804
SOLUSDT,1678031999999,LONG,-0.397863106194464,0.06489696889246838,1678032000000,-0.002165929841940432,-0.007933176611094645,-0.01664689505568642
SOLUSDT,1678035599999,SHORT,0.06489696889246838,-0.09518814899811308,1678035600000,0.005766974149029496,0.00018855472856855394,0.02442869568496197
SOLUSDT,1678125599999,LONG,-0.6981201916627099,0.41371062379447354,1678125600000,0.002148125990126685,-0.016138317832845916,-0.005462661530798318
SOLUSDT,1678136399999,SHORT,0.27043440811275565,-0.3892427395383017,1678136400000,-0.0028694424279529607,-0.0022378992555617356,-0.008583743691391435
SOLUSDT,1678165199999,LONG,-0.13322781847167545,0.07857546569851508,1678165200000,-0.00019217834209229797,-0.005153533380701226,-0.03207108297186289
SOLUSDT,1678183199999,SHORT,0.0473658077322823,-0.40395526460732334,1678183200000,0.005473306924661758,0.006502895425389452,0.02942625096057353
SOLUSDT,1678345199999,LONG,-0.7893389800004234,0.12373893579771482,1678345200000,-0.011296516040481859,-0.009782920422037461,-0.047317592877167476
SOLUSDT,1678355999999,SHORT,0.02574639883967717,-0.06302199709891701,1678356000000,-0.0030836671355870568,-0.0064809040840831415,0.08837180070519929
SOLUSDT,1678366799999,LONG,-0.12200967680180533,0.25912909219289304,1678366800000,0.014532302164140011,-0.00977009802463603,-0.0708360748079616
SOLUSDT,1678431599999,SHORT,0.5761993681588126,-0.7325232843697239,1678431600000,-0.011373856396498131,0.03652432189724984,-0.03942691997945792
SOLUSDT,1678463999999,LONG,-0.0494881956438648,0.00549910531942362,1678464000000,0.001811697262789909,0.006551844956652939,0.029206085146983994
SOLUSDT,1678751999999,SHORT,0.15573264746915896,-0.11443402235786786,1678752000000,0.008317591077912526,-0.0007838910792864925,0.014067012149464854
SOLUSDT,1678759199999,LONG,-0.12633118501308285,0.24473650102109348,1678759200000,-0.007531230989745659,-0.0034386240101247183,0.06069385072183805
SOLUSDT,1678780799999,SHORT,0.12993006928458353,-0.8856788783445207,1678780800000,0.003454926702299127,-0.005582708149157461,-0.044721210638522156
SOLUSDT,1678935599999,LONG,-0.014615474572327316,0.018026902513328374,1678935600000,-0.005525018572716674,-0.0018038917402863849,0.006262532658972499
SOLUSDT,1678939199999,SHORT,0.018026902513328374,-0.0737124852570448,1678939200000,0.008371730770753223,-0.009482651967729272,-0.013373309071701237
SOLUSDT,1678960799999,LONG,-0.3605777471695974,0.1400278057843783,1678960800000,0.006946245816264499,-0.00035883634884587907,0.004908236245523205
SOLUSDT,1679014799999,SHORT,0.10701369797650187,-0.28605026559055213,1679014800000,-0.025916200560504928,-0.024062074600251847,-0.04358240037981705
SOLUSDT,1679050799999,LONG,-0.3668401694293272,0.10002754031981001,1679050800000,0.00159848904195852,-0.031017107635054806,0.027210286041887348
SOLUSDT,1679065199999,SHORT,0.07284540894805559,-0.07744878031542732,1679065200000,-0.0013992306515570262,-0.009407032513801997,-0.12196933457221934
SOLUSDT,1679083199999,LONG,-0.3477987986365241,0.01971764395877253,1679083200000,-0.006501306047107628,0.05100578473084953,0.07836221153180503
SOLUSDT,1679115599999,SHORT,0.6379845233803112,-0.08348897677331862,1679115600000,-0.002219264115463274,0.022104318813701708,0.023013285835336867
SOLUSDT,1679590799999,LONG,-0.04080846147343181,0.1098250222250546,1679590800000,-0.0048805702807267325,-0.012540335586030647,-0.022038464206658167
SOLUSDT,1679597999999,SHORT,0.14539366102002887,-0.05964065125287006,1679598000000,-0.01143338120422022,-0.00930239266231363,-0.004114667717214949
SOLUSDT,1679601599999,LONG,-0.05964065125287006,0.3596692151200283,1679601600000,0.0012672552046701976,0.0034359634147264873,-0.004357107605639045
SOLUSDT,1679630399999,SHORT,0.2296315100014942,-0.012069121468762902,1679630400000,0.008004408754799847,0.004130642944481484,0.041386492165393515
SOLUSDT,1679857199999,LONG,-0.42976079276160517,0.3226004731526486,1679857200000,-0.000621489203701867,0.004577539940440378,-0.018133212903343323
SOLUSDT,1679896799999,SHORT,0.19962687004821816,-0.0602257676327079,1679896800000,-0.0027778472503259197,-0.0048683217713142435,0.041094508996731
SOLUSDT,1680076799999,LONG,-0.11642705315602989,0.1676264509404508,1680076800000,0.010882929439899412,0.00014148607564793612,-0.0015104317041320895
SOLUSDT,1680091199999,SHORT,0.034156903621226364,-0.25513324076665844,1680091200000,-0.00004715535332026046,-0.0009426848360243703,0.005674847348848645
SOLUSDT,1680303599999,LONG,-0.1737023685669647,0.3271962330031475,1680303600000,-0.01048311398398351,-0.018501566074939368,-0.01488767721547496
SOLUSDT,1680317999999,SHORT,0.2006317868479978,-0.15393485845835458,1680318000000,-0.0011902212835966642,-0.0009522903300365943,0.0052059819070394775
SOLUSDT,1680325199999,LONG,-0.19537137741590554,0.19204093656217736,1680325200000,-0.002928813090811111,-0.00971686754181007,-0.017462913731722006
SOLUSDT,1680361199999,SHORT,0.03768272795115512,-0.0773687672108286,1680361200000,-0.003250791657104798,-0.002821146108068087,-0.0029643818026481544
SOLUSDT,1680674399999,LONG,-0.14104626904413783,0.0925255652736477,1680674400000,-0.000706763758305419,-0.002877292614983585,-0.024362960370475133
SOLUSDT,1680699599999,SHORT,0.12055667797770535,-0.1761669310761369,1680699600000,0.005368566472783538,0.02106853127076642,0.01773511433354162
SOLUSDT,1680933599999,LONG,-1.133655224352462,0.1367088776029244,1680933600000,-0.0009675859487358597,-0.006208789832645978,-0.020123762026564972
SOLUSDT,1680940799999,SHORT,0.14183123279979482,-0.09213616206644276,1680940800000,0.002478797837802338,0.001846363675008588,0.020301780978867662
SOLUSDT,1681070399999,LONG,-0.09301006906687755,0.0048610531261114535,1681070400000,-0.0024691370569210423,0.00014795452891137772,-0.001777163917407933
SOLUSDT,1681073999999,SHORT,0.0048610531261114535,-0.03715927623876423,1681074000000,-0.007193212274267503,-0.0020745870616788852,-0.001877192667038642
SOLUSDT,1681077599999,LONG,-0.03715927623876423,0.1321383980747837,1681077600000,-0.000884043081002808,-0.009966040353095826,-0.004033651983899018
SOLUSDT,1681109999999,SHORT,0.07578312574348228,-0.2733160300361727,1681110000000,-0.0000988239945462987,-0.004535825949404758,-0.020832049191945284
SOLUSDT,1681124399999,LONG,-0.027865013969124917,0.1794984222547846,1681124400000,-0.0025613254077599726,-0.00844762341174034,0.024395009255017648
SOLUSDT,1681131599999,SHORT,0.06035869755723617,-0.2081782644678176,1681131600000,0.004711726013778256,-0.012782868257668313,-0.036581447566215695
SOLUSDT,1681163999999,LONG,-0.14168921194977296,0.1916823543449155,1681164000000,0.006985455359505731,0.022514753290358697,0.08415095275381912
SOLUSDT,1681250399999,SHORT,0.7541598298346586,-0.052076529658945915,1681250400000,0.0021093875532773917,0.006947618944658774,-0.010225344190493832
SOLUSDT,1681261199999,LONG,-0.024142094248220478,0.01510562211255466,1681261200000,-0.010424838100021299,-0.02560903837981147,0.027682697449824076
SOLUSDT,1681264799999,SHORT,0.01510562211255466,-0.10292031258076201,1681264800000,0.02797293065898584,0.0172534800353545,-0.03885921728947186
SOLUSDT,1681289999999,LONG,-0.018041583262931926,0.03224147840585408,1681290000000,0.003838285162624647,0.024772857577317325,0.029098627570375332
SOLUSDT,1681423199999,SHORT,0.06548151815417265,-0.21941537195705182,1681423200000,0.00608873425490416,-0.019246493752267863,-0.022916369026691565
SOLUSDT,1681689599999,LONG,-0.17058451382564893,0.12357824015603115,1681689600000,-0.01951708901909601,0.018756411067354394,-0.016946186984434564
SOLUSDT,1681693199999,SHORT,0.12357824015603115,-0.08364125292114571,1681693200000,-0.021801396556289716,-0.029445944437766394,-0.020462497403766287
SOLUSDT,1681696799999,LONG,-0.08364125292114571,0.05166987870461502,1681696800000,0.01080245338292594,0.003535377057063339,-0.0065933870934076644
SOLUSDT,1681700399999,SHORT,0.05166987870461502,-0.17394856338361442,1681700400000,-0.0055900766687613694,0.01719780106584397,0.031075835256991983
SOLUSDT,1681729199999,LONG,-0.09782576467236444,0.0004091523460970994,1681729200000,-0.013271092452654752,-0.014234406326618916,-0.01874218180974064
SOLUSDT,1681732799999,SHORT,0.0004091523460970994,-0.10552185393002764,1681732800000,-0.017971936142085136,0.015444634648231183,0.013531459619800883
SOLUSDT,1682146799999,LONG,-0.023973078674997775,0.08010406970620537,1682146800000,-0.0027231342242069836,-0.0012197984153788492,0.01706105581396116
SOLUSDT,1682150399999,SHORT,0.08010406970620537,-0.21859892210075452,1682150400000,-0.00004701346936769724,-0.003988275081284101,-0.022454049845419464
SOLUSDT,1682168399999,LONG,-0.19425730957031065,0.3852359511690485,1682168400000,-0.004523944940142781,0.010185273235781514,0.003669387985817924
SOLUSDT,1682233199999,SHORT,0.03755980008183359,-0.10141149760250384,1682233200000,-0.008189681335005259,-0.002327227316066778,0.03647424829655542
SOLUSDT,1682236799999,LONG,-0.10141149760250384,0.3118101801513422,1682236800000,0.003437362045735854,0.0025339380074174624,-0.04134692990672221
SOLUSDT,1682247599999,SHORT,0.11120539126947795,-0.11040893183378574,1682247600000,-0.008532320075318081,0.007365252078612543,0.021980932447556466
SOLUSDT,1682251199999,LONG,-0.11040893183378574,0.07917514770461906,1682251200000,-0.003803146703827984,-0.022299301882243577,-0.03065163107438442
SOLUSDT,1682254799999,SHORT,0.07917514770461906,-0.23420764098044894,1682254800000,0.004409799613172023,0.025218947496711018,0.014069941119172816
SOLUSDT,1682297999999,LONG,-0.051603735295683385,0.04004851590956128,1682298000000,0.003673773419240719,-0.003641144298912981,-0.007573694649066123
SOLUSDT,1682301599999,SHORT,0.04004851590956128,-0.10357182617987229,1682301600000,0.0008713798161951369,0.011433965046670559,-0.0013743187833562367
SOLUSDT,1682333999999,LONG,-0.4471364991088198,0.12483148279235289,1682334000000,0.0071135225365786085,0.0025463566155705685,-0.010812931601373265
SOLUSDT,1682337599999,SHORT,0.12483148279235289,-0.5210689454843288,1682337600000,0.007067493676475302,0.017739854090024768,0.016335227957782153
SOLUSDT,1682348399999,LONG,-0.0674509028087266,0.4008934897218681,1682348400000,-0.013218717029120162,-0.013265571896178116,-0.026329638659571226
SOLUSDT,1682369999999,SHORT,0.35111372791268786,-0.07306095158697991,1682370000000,-0.001688476551421536,0.004563747364459863,0.01423023658426476
SOLUSDT,1682380799999,LONG,-0.06807776418688825,0.22072850361213917,1682380800000,-0.008031417193537217,-0.023859119933374275,-0.017888382604393984
SOLUSDT,1682387999999,SHORT,0.09464239299108623,-0.1158800660792591,1682388000000,0.0034121638717198254,0.005788590845619708,0.00716951056698046
SOLUSDT,1682481599999,LONG,-0.6515444681681429,0.13379328008577684,1682481600000,0.002474114704737361,0.005261604799923529,0.03913425520311023
SOLUSDT,1682549999999,SHORT,0.376233564817297,-0.14770309982798802,1682550000000,-0.003109836177304695,-0.02451994376299701,-0.0211527042521846
SOLUSDT,1682571599999,LONG,-0.474416925933537,0.1602480053502838,1682571600000,-0.0016934805063331428,-0.012609462975491061,0.010463201634782171
SOLUSDT,1682575199999,SHORT,0.1602480053502838,-0.08345435439288876,1682575200000,0.00800261824985239,0.012259912972430178,-0.018022595540777155
SOLUSDT,1682593199999,LONG,-0.07997862428983911,0.035038547331777324,1682593200000,-0.0003234974726087271,0.0078702511865724,0.02766119263256377
SOLUSDT,1682600399999,SHORT,0.09021921628456922,-0.10550338671860554,1682600400000,-0.006212351922040956,-0.027249392419716245,-0.044700433044316354
SOLUSDT,1682618399999,LONG,-0.041398422758630496,0.13667475890146927,1682618400000,0.004981721587965027,0.0036825837638526067,0.004399558162732396
SOLUSDT,1682787599999,SHORT,0.23422689768635077,-0.059766244743233936,1682787600000,0.005681099850383377,0.0043439994333556945,0.009659827583177743
SOLUSDT,1682798399999,LONG,-0.1457803974195738,0.24309028569339622,1682798400000,-0.0037000429425600666,-0.004778210162905409,0.005396389814150108
SOLUSDT,1682805599999,SHORT,0.14238941940570662,-0.10119084447046187,1682805600000,0.0018210992328580348,0.0025591547073495397,-0.01845625159682951
SOLUSDT,1682812799999,LONG,-0.16082564585756132,0.01033985169051545,1682812800000,-0.0025058338524789614,-0.0015546058319471096,0.013415540980186148
SOLUSDT,1682906399999,SHORT,0.013081885713483005,-0.22783331041576377,1682906400000,-0.0005409791854954569,-0.00004509277839915097,0.002212040718698698
SOLUSDT,1683345599999,LONG,-0.10885265421273967,0.211001571364435,1683345600000,-0.0014977316574481796,-0.003925292269626299,-0.04294628167729972
SOLUSDT,1683385199999,SHORT,0.08237123365314178,-0.20306543782394626,1683385200000,-0.003959489519143544,-0.017604880934403405,-0.0031320554368153564
SOLUSDT,1683457199999,LONG,-0.9142418160049705,0.009293486745425203,1683457200000,-0.0015833883287307636,0.010790501245113908,0.001264908011082014
SOLUSDT,1683460799999,SHORT,0.009293486745425203,-0.029010476680381064,1683460800000,-0.0017641874613874191,-0.016123224442732457,0.019568127695972756
SOLUSDT,1683464399999,LONG,-0.029010476680381064,0.11170187979909164,1683464400000,0.0033389012655146303,0.018005592362912565,-0.01759950591965586
SOLUSDT,1683543599999,SHORT,0.5114428077894247,-0.5846975913577805,1683543600000,-0.0006118655028160621,-0.002022435606928656,0.02913986929057765
SOLUSDT,1683853199999,LONG,-0.18211503266160828,0.060825085505700406,1683853200000,-0.008290563037169173,-0.0032683004233842196,0.0057676825488600465
SOLUSDT,1683856799999,SHORT,0.060825085505700406,-0.1606419251831725,1683856800000,0.005649026445361837,0.0050476131059292535,-0.014205698339976463
SOLUSDT,1683867599999,LONG,-0.03356752887188402,0.5347647601953959,1683867600000,-0.010069875719714154,-0.0021351084354278836,0.007511030024043541
SOLUSDT,1684036799999,SHORT,0.21539174561351535,-0.03231103474647727,1684036800000,-0.004859697972345868,-0.0068539059358343896,-0.011066630789639698
SOLUSDT,1684040399999,LONG,-0.03231103474647727,0.17276868433776266,1684040400000,-0.000665620715869902,0.0005701796220233703,-0.0020458174939968167
SOLUSDT,1684058399999,SHORT,0.26160075999251353,-0.07459644117405624,1684058400000,0.002853204655660342,-0.0029397840043636175,0.005810093494517022
SOLUSDT,1684065599999,LONG,-0.08177322367665316,0.011179481630454307,1684065600000,0.00632567327720061,0.01006417229578011,-0.0020059229192396603
SOLUSDT,1684220399999,SHORT,0.2928716179708246,-0.010183616728295448,1684220400000,-0.007875747732794088,0.0016306175978891848,0.008856430626171106
SOLUSDT,1684223999999,LONG,-0.010183616728295448,0.1434165656131364,1684224000000,-0.0008086189705000617,-0.007780283154886622,-0.026059322072884666
SOLUSDT,1684267199999,SHORT,0.3573416383277769,-0.2952835111823579,1684267200000,-0.00048790008774269276,-0.008649227875003376,-0.00321575018884038
SOLUSDT,1684389599999,LONG,-0.3275066416689359,0.04832756770275793,1684389600000,-0.003889467341176834,-0.003119977571086662,-0.03238893191345313
SOLUSDT,1684429199999,SHORT,0.0218069457461097,-0.011345369854884182,1684429200000,0.016885494203048575,0.009241893608786867,0.006837633477604075
SOLUSDT,1684540799999,LONG,-0.01986608920375742,0.6690045863195824,1684540800000,-0.007153282765449519,-0.0035949119059061154,-0.0067572823642742886
SOLUSDT,1684544399999,SHORT,0.6690045863195824,-0.007401307418296148,1684544400000,-0.0015336288161893943,-0.0016819197632988985,-0.000346508926071748
SOLUSDT,1684555199999,LONG,-0.012565189319110017,0.1279172306497037,1684555200000,-0.0018764510962446374,-0.005441517260740735,-0.00009867285024524833
SOLUSDT,1684562399999,SHORT,0.01298462587477094,-0.1651525618738369,1684562400000,-0.000247985122163544,-0.0012393111017362114,-0.008200411512406915
SOLUSDT,1684576799999,LONG,-0.004740689384812494,0.049783669445529616,1684576800000,0.0001981473231825778,0.0006438352994611382,0.0024246034787947144
SOLUSDT,1684605599999,SHORT,0.2515615816034908,-0.10080437271809145,1684605600000,0.0033017154547601638,0.004536496931876013,0.003993005231450182
SOLUSDT,1684612799999,LONG,-0.06151328661975746,0.14509692135605134,1684612800000,-0.002073051087926437,-0.0008385744726210274,-0.00004930844901263461
SOLUSDT,1684684799999,SHORT,0.36267373030913375,-0.15104887285083768,1684684800000,0.0018592503031834014,-0.002807441559201664,0.019824717002477968
SOLUSDT,1684789199999,LONG,-0.6552184593333558,0.13186318021699683,1684789200000,0.0014747390096823288,-0.010487370707559587,0.00816000067691933
SOLUSDT,1684835999999,SHORT,0.03644639558424739,-0.39163251401677834,1684836000000,-0.002824148329238049,-0.0014130711410108962,-0.01269619362607618
SOLUSDT,1684853999999,LONG,-0.20828788425081418,0.04130409463389106,1684854000000,0.0018520841234637257,-0.0017049447515813552,-0.003161462926756531
SOLUSDT,1684868399999,SHORT,0.10428012726296633,-0.0921276808267809,1684868400000,-0.00490638813423359,-0.005106138447007786,0.024128154611823462
SOLUSDT,1684875599999,LONG,-0.032035488773681974,0.007633365254291392,1684875600000,-0.0007975277065133023,-0.006197540828570469,-0.029222037826987023
SOLUSDT,1684879199999,SHORT,0.007633365254291392,-0.12146983690180449,1684879200000,0.0013971360987295991,0.01103044525572269,0.0282691828991112
SOLUSDT,1684886399999,LONG,-0.01770296411967162,0.4091495381895647,1684886400000,-0.00390293214979687,-0.024212054884554864,-0.03098860938623445
SOLUSDT,1684893599999,SHORT,0.3364009274862612,-0.20362518655877493,1684893600000,-0.0031210697371702933,0.014933990149296637,0.037447555865070044
SOLUSDT,1685041199999,LONG,-0.04002015023642378,0.23037294653364815,1685041200000,0.003423239857475388,-0.0005196965089425443,-0.00041573559815115673
SOLUSDT,1685073599999,SHORT,0.05463792427021681,-0.4972865263866028,1685073600000,0.0009858607621675204,-0.000984889797882165,-0.007131444620990201
SOLUSDT,1685152799999,LONG,-0.8095085607540501,0.18830673819021,1685152800000,0.0025753297777325536,0.0052979575094474944,0.00483614668973589
SOLUSDT,1685174399999,SHORT,0.5490122639065247,-0.15179925349925188,1685174400000,0.003334618967890533,0.0025127574052951494,-0.006941282399604237
SOLUSDT,1685181599999,LONG,-0.22430973705172197,0.13183678129250806,1685181600000,-0.0005130836438881248,-0.0005644064902643635,0.022670037972040574
SOLUSDT,1685307599999,SHORT,0.23125878530225535,-0.21213929811693133,1685307600000,-0.0014886314545234987,-0.00028829521629634324,0.00505866711215252
SOLUSDT,1685415599999,LONG,-0.015187231036079385,0.31789035383126824,1685415600000,-0.0056879440207845255,-0.0067430493893975985,0.0014764368171513343
SOLUSDT,1685516399999,SHORT,0.18631049973894814,-0.20963674047820927,1685516400000,0.00014485405978827284,0.007998297565358593,0.0019331148490450826
SOLUSDT,1685732399999,LONG,-0.12006391718914577,0.3695801999685483,1685732400000,0.0016918092291300225,0.0022081805585241194,-0.00566012548323358
SOLUSDT,1685782799999,SHORT,0.6567950386185923,-0.21912595672406382,1685782800000,-0.0019423461112862632,-0.005013964432547363,0.002563982222260098
SOLUSDT,1685872799999,LONG,-0.15410638408398936,0.3491888061218282,1685872800000,-0.0024528532487713005,0.018638204098152308,0.01968116984284827
SOLUSDT,1685969999999,SHORT,0.1504490128589558,-0.18936340190579598,1685970000000,-0.0010260237818298095,0.06800680295524689,0.071659455186265
SOLUSDT,1686383999999,LONG,-0.10032679308343788,0.05329728251353726,1686384000000,0.0281554372433759,0.03428360888471188,0.062025465410397995
SOLUSDT,1686387599999,SHORT,0.05329728251353726,-0.11492650414654113,1686387600000,0.009775381623461032,0.02275232228796253,-0.03778286099910716
SOLUSDT,1686437999999,LONG,-0.24129304265967189,0.14343339777287495,1686438000000,-0.007215176721240365,-0.0032499630326331516,-0.008818512001381007
SOLUSDT,1686491999999,SHORT,0.2909692572347924,-0.2313496795817664,1686492000000,0.0036069160657399933,-0.012231772542760026,-0.006589917170286035
SOLUSDT,1686509999999,LONG,-0.14976999194012725,0.010537708042539066,1686510000000,0.01857286489314701,-0.011608275292967886,-0.034312799643105935
SOLUSDT,1686520799999,SHORT,0.11192887505343974,-0.38356903636106077,1686520800000,0.01542677417317228,0.023522935498936116,0.016588589317090233
SOLUSDT,1686578399999,LONG,-0.1059784768942058,0.08291494981845911,1686578400000,0.0036057337390993246,-0.017156715337010867,-0.0013144060777760475
SOLUSDT,1686599999999,SHORT,0.021457771165963563,-0.24837452576655378,1686600000000,-0.005204175076212282,-0.015531972932673348,-0.03050201879653398
SOLUSDT,1686607199999,LONG,-0.24795212721015353,0.674170333873544,1686607200000,-0.0033496468218160826,-0.0029549878678018257,0.01289920165586588
SOLUSDT,1686693599999,SHORT,0.3313709180920406,-0.23997486434581544,1686693600000,0.005549811977939924,-0.013116245269213378,-0.012260334495033417
SOLUSDT,1686718799999,LONG,-0.07258384767180079,0.1881283401565577,1686718800000,-0.009075013428821888,-0.0013857272335226565,-0.0015178014594295548
SOLUSDT,1686722399999,SHORT,0.1881283401565577,-0.40710060529872516,1686722400000,-0.004249392225333857,-0.010128847642619157,-0.02054731491067914
SOLUSDT,1686862799999,LONG,-0.059931450763633404,0.19174792115052103,1686862800000,0.004386415913899961,-0.008080714870290082,0.0016893608099273019
SOLUSDT,1686970799999,SHORT,0.2085737625659737,-0.07387179709632848,1686970800000,-0.006116227017436274,-0.03419520389568149,-0.022522166446449818
SOLUSDT,1686981599999,LONG,-0.12059611404173112,0.233465818040298,1686981600000,-0.012784532089043352,-0.011964937427270237,-0.02528747159363158
SOLUSDT,1687143599999,SHORT,0.29470009481476545,-0.191230821112101,1687143600000,0.004317712523798919,0.0067748750921284365,0.003220407266043325
SOLUSDT,1687219199999,LONG,-0.615457989781403,0.24719725718007474,1687219200000,0.004771208357139662,-0.004918910325840136,-0.011557211256361336
SOLUSDT,1687381199999,SHORT,0.18953898360535937,-0.053388862540314344,1687381200000,0.006451635281488607,-0.02511316851446897,-0.010294678989639611
SOLUSDT,1687546799999,LONG,-0.2831032188890812,0.06174574193882475,1687546800000,0.006683889798682003,0.00182197587796442,0.011813002867621266
SOLUSDT,1687589999999,SHORT,0.139185111846089,-0.13438447138563003,1687590000000,0.007996540495204447,-0.003540032133212001,0.03141681470330291
SOLUSDT,1687903199999,LONG,-0.2567771583685687,0.2725387665053724,1687903200000,-0.01495811686109277,-0.03668754671288411,-0.04754581861287449
SOLUSDT,1687906799999,SHORT,0.2725387665053724,-0.4451607715852403,1687906800000,0.0020435155566700587,0.027575780237343406,0.03128590074346245
SOLUSDT,1688025599999,LONG,-0.2732819315601085,0.02616510035770029,1688025600000,0.008029217846747903,0.10472031077040306,0.08688316364244486
SOLUSDT,1688119199999,SHORT,0.48408336389769907,-0.0080710059036696,1688119200000,0.005680311077412476,0.03596003089920007,-0.023083026730701287
SOLUSDT,1688129999999,LONG,-0.15346690274908076,0.12395007179043308,1688130000000,-0.06570454466281071,-0.019272657272195844,-0.02942394956788588
SOLUSDT,1688162399999,SHORT,0.21754444349642818,-0.21650013247075675,1688162400000,0.00088812272378927,0.0308630466545189,0.03870283161128321
SOLUSDT,1688165999999,LONG,-0.21650013247075675,0.1145826832275396,1688166000000,-0.014477365859380063,-0.049443699163348995,-0.045388232433367745
SOLUSDT,1688169599999,SHORT,0.1145826832275396,-0.4253886503778601,1688169600000,0.007344755994039604,0.02970835208089791,0.028507281892291195
SOLUSDT,1688327999999,LONG,-0.15400929546608916,0.03794515042534318,1688328000000,0.007769327239330618,0.004792217967248925,0.0035577134125448356
SOLUSDT,1688342399999,SHORT,0.16708419096840016,-0.19541653746181203,1688342400000,0.009607015679274187,-0.0059450769607363235,-0.0005652766151703917
SOLUSDT,1688353199999,LONG,-0.09688813576153507,0.05963816947526644,1688353200000,0.00045999336376249854,-0.011362298019074096,-0.031681087459549326
SOLUSDT,1688356799999,SHORT,0.05963816947526644,-0.0994905224073341,1688356800000,0.007282083461856356,0.007282083461856356,0.014980589540432599
SOLUSDT,1688626799999,LONG,-0.2218689505039309,0.07918356934931715,1688626800000,-0.0032114211364560924,0.03362838766274743,0.05471255274802786
SOLUSDT,1688702399999,SHORT,0.16776264422884496,-0.011830721092724431,1688702400000,0.021723663223898293,0.03835754845301274,-0.049129636293544124
SOLUSDT,1688792399999,LONG,-0.4313563824712756,0.1250892546159087,1688792400000,-0.00906329552309802,0.03415753766261751,0.008569111681496835
SOLUSDT,1688795999999,SHORT,0.1250892546159087,-0.03781524614162918,1688796000000,-0.007951865937710611,-0.03833325659208177,-0.019418983693629734
SOLUSDT,1688799599999,LONG,-0.03781524614162918,0.7950795575888012,1688799600000,0.01749315744751712,0.025246012910559022,0.00917501076542498
SOLUSDT,1688889599999,SHORT,0.9721960338418588,-0.15840230714207262,1688889600000,-0.002688298258643957,-0.0023179278840398145,0.012281552491333933
SOLUSDT,1688911199999,LONG,-0.07603493722494607,0.009161390107068755,1688911200000,-0.006221004278537945,-0.012855922553852449,-0.032981137153017696
SOLUSDT,1688914799999,SHORT,0.009161390107068755,-0.10505703308399954,1688914800000,0.010392865418845567,0.0066821117303860755,0.013645207377410066
SOLUSDT,1689022799999,LONG,-0.26268933183280524,0.005893663947917866,1689022800000,0.0019184433743436656,-0.0022506691171774256,0.029352792626578927
SOLUSDT,1689026399999,SHORT,0.005893663947917866,-0.011923986210876678,1689026400000,0.006424858548833973,-0.013603756927742114,-0.025203272629555087
SOLUSDT,1689037199999,LONG,-0.14126673678117257,0.042126325988983346,1689037200000,0.017819812266355657,0.02407184384801783,0.04241681637899437
SOLUSDT,1689040799999,SHORT,0.042126325988983346,-0.025917679947112204,1689040800000,0.005596296084684668,-0.010917038840714897,-0.01832565850557849
SOLUSDT,1689055199999,LONG,-0.09501093809280324,0.30892814246486433,1689055200000,0.010167117355444021,0.0008208309093274423,0.007544461545124119
SOLUSDT,1689145199999,SHORT,0.1122163829260318,-0.719079480110806,1689145200000,0.0008173644992336369,0.0012717447324240164,-0.010295868778044923
SOLUSDT,1689217199999,LONG,-0.3083905183752718,0.09971146448259888,1689217200000,-0.0008772942961379615,0.00841055581702912,0.029603162038939344
SOLUSDT,1689224399999,SHORT,0.2719339276125871,-0.11247081577629119,1689224400000,-0.007966693363128694,-0.015870419830664763,-0.16276304032530228
SOLUSDT,1689231599999,LONG,-0.00408347858247423,0.045265593090937896,1689231600000,-0.004586953595452716,0.0152598446857157,0.15411799036731802
SOLUSDT,1689235199999,SHORT,0.045265593090937896,-0.1762447240273961,1689235200000,-0.004495626636710702,-0.029715022601838496,-0.18667986166266062
SOLUSDT,1689238799999,LONG,-0.1762447240273961,0.0753387072463549,1689238800000,0.00861308216169752,0.021507179022299344,0.1578510883531674
SOLUSDT,1689335999999,SHORT,0.024701248191258917,-0.0817318483862211,1689336000000,0.019129704918549276,-0.004052042225808403,0.05137390303915211
SOLUSDT,1689519599999,LONG,-0.05294570807920945,0.9613501917682722,1689519600000,-0.008963585904821533,-0.023987443673201606,-0.00548198511639642
SOLUSDT,1689533999999,SHORT,0.47762335807843226,-0.06367604688653046,1689534000000,0.011628037995119099,0.0035104898255705268,-0.0015883333062694644
SOLUSDT,1689548399999,LONG,-0.05955864289076178,0.04471930085832083,1689548400000,-0.0064743979114933155,0.02205220325412803,-0.01759275847828891
SOLUSDT,1689555599999,SHORT,0.0073286545669486525,-0.033500524707782905,1689555600000,-0.012975557510999602,-0.00693885471157001,0.022954280221347562
SOLUSDT,1689559199999,LONG,-0.033500524707782905,0.09373870924461981,1689559200000,0.004193623318417573,-0.00861997218264763,-0.029638224178103058
SOLUSDT,1689566399999,SHORT,0.10949853943634151,-0.11373287800017423,1689566400000,0.0036121134350905275,0.013586091158793508,0.03646284599882186
SOLUSDT,1689843599999,LONG,-0.9201911964829965,0.5014683941620518,1689843600000,0.000036764030077084,-0.009085263954984123,-0.07573825962648295
SOLUSDT,1689865199999,SHORT,0.1884579731003687,-0.023249923648669565,1689865200000,0.01572888106470006,0.02728608008372936,0.020687988437867025
SOLUSDT,1690005599999,LONG,-0.8608989183944333,0.44739664873288226,1690005600000,-0.0008571985718726653,0,-0.0064077737417751746
SOLUSDT,1690019999999,SHORT,0.23724686913878262,-0.0007135911611036191,1690020000000,0.002417532176416711,0.00327677297291489,0.014435585866162316
SOLUSDT,1690336799999,LONG,-0.27555536805016706,0.01918116782826547,1690336800000,0.00515673754545357,0.005836633887456287,0.04654137927611268
SOLUSDT,1690361999999,SHORT,0.15583537223157296,-0.00860044229760214,1690362000000,0.0010629026744190747,-0.03568751662074662,-0.06943187481484961
SOLUSDT,1690376399999,LONG,-0.05252176258572982,0.09180411480812702,1690376400000,0.005316116224817203,0.01186098805990215,0.0296913536148492
SOLUSDT,1690437599999,SHORT,0.26670609509157134,-0.5465589234536481,1690437600000,0.00957363261858258,-0.0012643225706319926,0.004358341222791927
SOLUSDT,1691279999999,LONG,-0.29330858204641075,0.02285222045161086,1691280000000,0.00238210885063274,0.008181264018544052,0.024604277269436117
SOLUSDT,1691337599999,SHORT,0.11955326683016952,-0.025216476112325414,1691337600000,-0.009039267482009018,-0.008005408511658157,-0.011705133101765209
SOLUSDT,1691341199999,LONG,-0.025216476112325414,0.24725628362639007,1691341200000,-0.004357869386709842,0.0018066075113302973,0.004424690939858603
SOLUSDT,1691344799999,SHORT,0.24725628362639007,-0.1545154847360895,1691344800000,-0.0021165857451486895,0.0005622959122181488,-0.006422297456360545
SOLUSDT,1691348399999,LONG,-0.1545154847360895,0.16398691373891278,1691348400000,0.0011212213861659624,0.0023703331717786036,-0.00723181672965353
SOLUSDT,1691366399999,SHORT,0.09747944920695668,-0.09246365763861815,1691366400000,0.003326927391929505,-0.0045189549905656394,0.003976320232466377
SOLUSDT,1691431199999,LONG,-0.4585272556065787,0.06794168008614651,1691431200000,0.0024538814294066025,0.00986649058663727,0.019464489040874475
SOLUSDT,1691434799999,SHORT,0.06794168008614651,-1.06024950342664,1691434800000,-0.00475889915568001,-0.007455725496545676,-0.018084930304942296
SOLUSDT,1691495999999,LONG,-0.1741912440543323,0.3327188808219408,1691496000000,0.00686438134214033,0.014652121213843997,0.03493492988069231
SOLUSDT,1691549999999,SHORT,0.712186687269324,-0.54632000521192,1691550000000,-0.004000417748646777,-0.008394765566194945,-0.01015529336027015
SOLUSDT,1691553599999,LONG,-0.54632000521192,0.04691156103006117,1691553600000,0.006195781262744868,0.010603771747760208,0.010440858865063709
SOLUSDT,1691560799999,SHORT,0.0551035648733659,-0.005088163591065418,1691560800000,-0.0008609204180411494,-0.008332020102194597,-0.003684451705647754
SOLUSDT,1691567999999,LONG,-0.12161477303241147,0.02493910457380849,1691568000000,0.005320997952178091,0.011862247150142722,-0.01056304601520049
SOLUSDT,1691600399999,SHORT,0.07863202062872333,-0.08089832511927786,1691600400000,-0.0013084725452077773,0.0025400480697499563,0.008382003220651937
SOLUSDT,1691607599999,LONG,-0.09749647588349983,0.2215068569491542,1691607600000,-0.008075634697416649,-0.005978723787834518,-0.010878373322163435
SOLUSDT,1691719199999,SHORT,0.6322286822060303,-0.5142834735887428,1691719200000,-0.0008895718511498338,-0.00036401140971020686,0.0040535118331824944
SOLUSDT,1691801999999,LONG,-0.07992783023616953,0.0659714658457167,1691802000000,-0.00754353254754648,-0.011786358755672976,-0.007747103177079168
SOLUSDT,1691805599999,SHORT,0.0659714658457167,-0.1965719281512075,1691805600000,0.0030579193298240995,0.002853766868057245,0.0017520631964897313
SOLUSDT,1691823599999,LONG,-0.1810036131257997,0.16597161767448587,1691823600000,0.001386793059878837,0.0013460324672143753,0.01156551392185594
SOLUSDT,1691848799999,SHORT,0.15352914911944474,-0.01905241328054124,1691848800000,-0.004232293787489434,-0.005693155143750752,-0.011313759900273314
SOLUSDT,1691852399999,LONG,-0.01905241328054124,0.04726826078410078,1691852400000,0.0011769243054097665,0.006435836101857496,0.00732307603745951
SOLUSDT,1691935199999,SHORT,0.15409350078542716,-0.3842228177039135,1691935200000,-0.0021555676877241846,0.00289494809834451,0.008669038138932553
SOLUSDT,1692100799999,LONG,-0.3193328530336619,0.24855664489286194,1692100800000,-0.0024197463008493636,-0.004643002466534733,-0.03847338915033862
SOLUSDT,1692125999999,SHORT,0.23658845654522245,-0.03518135224086666,1692126000000,0.024086655619133812,0.03269371134443138,0.04646780100956451
SOLUSDT,1692464399999,LONG,-0.3802042910572821,0.2170259337184745,1692464400000,-0.01094893158427072,-0.017318817705693847,-0.01782464624060936
SOLUSDT,1692467999999,SHORT,0.2170259337184745,-0.0021585378350477127,1692468000000,0.0006397075840725989,0.0024697016897971065,0.010423218089799055
SOLUSDT,1692475199999,LONG,-0.042741157673792274,0.028495625944892154,1692475200000,-0.005227211682123491,0.000640058541487294,-0.005963046888246413
SOLUSDT,1692478799999,SHORT,0.028495625944892154,-0.1861194038864085,1692478800000,-0.003945864261704977,-0.006963561215923449,-0.0017454416263588536
SOLUSDT,1692482399999,LONG,-0.1861194038864085,0.12068739576989045,1692482400000,-0.0026594540870600934,-0.002429912022469071,0.00004579069076039317
SOLUSDT,1692493199999,SHORT,0.08824556700212063,-0.011582379663192196,1692493200000,0.005447608976687601,0.0074693897508390774,-0.00022824275998921997
SOLUSDT,1692496799999,LONG,-0.011582379663192196,0.1908246822953052,1692496800000,0.0007799775578376083,-0.005615406452324032,0.004305218704317659
SOLUSDT,1692503999999,SHORT,0.16150387712845218,-0.18443541991435475,1692504000000,0.002710090999789343,0.002940097670996665,0.0005965081508465986
SOLUSDT,1692813599999,LONG,-0.1395453208048238,0.14672365127046494,1692813600000,0.004967673539552379,0.003798274243580003,0.02321906028928983
SOLUSDT,1692842399999,SHORT,1.1617144975646918,-0.33211096664721335,1692842400000,-0.0012955167684346894,-0.008574642247289009,0.0000926011668408628
SOLUSDT,1692953999999,LONG,-0.3641752585166118,0.2433015558803054,1692954000000,-0.0024230687891248527,0.00029037410067078213,-0.01816988543667707
SOLUSDT,1693087199999,SHORT,0.08733863258047989,-0.12110986093899138,1693087200000,0.0010335918232827705,-0.000295115835106347,-0.009887985012979416
SOLUSDT,1693162799999,LONG,-0.1510034110332006,0.07356868634892322,1693162800000,0.0050696581554909035,0.005888047899085988,-0.013351723538274874
SOLUSDT,1693205999999,SHORT,0.16013441976098738,-0.06347016187407861,1693206000000,0.0002453205124782075,0.004326457092772092,-0.012238383814792333
SOLUSDT,1693267199999,LONG,-0.16332728168818847,0.004963706184769922,1693267200000,0.0029641169446344485,-0.0031681843574291745,-0.020203700464309925
SOLUSDT,1693310399999,SHORT,0.00005972608299787872,-0.02058608976241814,1693310400000,-0.006089579924269152,-0.05727428006424632,-0.07806582167568518
SOLUSDT,1693313999999,LONG,-0.02058608976241814,0.012017414114234758,1693314000000,0.0011838991122351025,0.06834112904038707,0.0663569556279614
SOLUSDT,1693321199999,SHORT,0.023129093198895022,-0.018763847245107948,1693321200000,0.01941267482129406,0.008823654596373944,0.007664287944379828
SOLUSDT,1693328399999,LONG,-0.01263521945862682,0.041748559093740034,1693328400000,-0.0007377692039350412,0.0007832838421993768,-0.0003227070539496992
SOLUSDT,1693335599999,SHORT,0.004721298556275977,-0.14284597612613484,1693335600000,-0.0010203609252236352,-0.013184167369754186,-0.00009280311825124107
SOLUSDT,1693339199999,LONG,-0.14284597612613484,0.12592093611967678,1693339200000,0.006468925617532809,0.009228563096972914,0.002685062489986816
SOLUSDT,1693346399999,SHORT,0.21916639621289158,-0.13752136116177383,1693346400000,0.0003663003703962304,0.009059407572189048,0.015175917999344321
SOLUSDT,1693911599999,LONG,-0.09677018932149413,0.3062703997815041,1693911600000,0.0011267029769201453,0.030729731996493773,0.03548881295974705
SOLUSDT,1693947599999,SHORT,0.34679847710297784,-0.005113285310741692,1693947600000,-0.00573776120319013,-0.0010411761271763229,0.019131192458398574
SOLUSDT,1693951199999,LONG,-0.005113285310741692,0.4634488257342923,1693951200000,-0.002716386409151242,-0.0025185820370295675,-0.025728907681754697
SOLUSDT,1693976399999,SHORT,0.36328209622131313,-0.10426194264260986,1693976400000,0.011296151444730371,0.012761427203953452,0.03572625179143693
SOLUSDT,1694066399999,LONG,-0.04344010376289823,0.2590773311568164,1694066400000,-0.0034090653007331946,-0.009492773131846462,0.00015237321308391772
SOLUSDT,1694073599999,SHORT,0.22558758347379484,-0.02533703446434436,1694073600000,0.0009215646771412535,0.00760264616370264,-0.005613405227823704
SOLUSDT,1694120399999,LONG,-0.2679249363068359,0.03851089687187248,1694120400000,0.004049613228503566,0.023163574502950465,0.0009632691053844107
SOLUSDT,1694138399999,SHORT,0.23620840128491644,-0.01695336076297454,1694138400000,0.003604509534664151,0.0077758938971748915,0.02207996735579854
SOLUSDT,1694217599999,LONG,-0.08968468214962423,0.18689358956215626,1694217600000,-0.005834202833167041,-0.004193092664338876,-0.002350057278564221
SOLUSDT,1694221199999,SHORT,0.18689358956215626,-0.2674510004690676,1694221200000,-0.0029212064335100156,-0.0031258833006219374,-0.0011797595684992833
SOLUSDT,1694228399999,LONG,-0.15231706918504492,0.055891987493009776,1694228400000,-0.003223086206660185,-0.0017381528837991564,-0.005172204591475731
SOLUSDT,1694231999999,SHORT,0.055891987493009776,-0.06969762808811729,1694232000000,-0.0015360986123398375,0.00297649814333923,0.00030750307745387024
SOLUSDT,1694235599999,LONG,-0.06969762808811729,0.04731453221067648,1694235600000,-0.0026639360016256844,-0.00343369972218465,-0.0013823117521703874
SOLUSDT,1694289599999,SHORT,0.04832211144877205,-0.22372265993662033,1694289600000,0.0007207578565729491,0.00030883261517857376,0.04823450569986577
SOLUSDT,1694440799999,LONG,-0.1358065030726661,0.18185967974661868,1694440800000,-0.0001704981391417403,0.009614371084144462,-0.0009096595089720341
SOLUSDT,1694577599999,SHORT,0.5871710573495634,-0.14315360439178337,1694577600000,-0.003528328266235187,-0.0033605946268605693,-0.02853860308344511
SOLUSDT,1694581199999,LONG,-0.14315360439178337,0.10144121123279523,1694581200000,-0.006112454191625708,0.016302900726027112,0.02735213248962588
SOLUSDT,1694584799999,SHORT,0.10144121123279523,-0.04402179661466569,1694584800000,-0.006000298389554777,-0.023623364619960858,-0.008624605431852603
SOLUSDT,1694595599999,LONG,-0.0013142790049887833,0.12726936648759116,1694595600000,0.0012642574172596341,-0.002864226689604611,0.011593064711524815
SOLUSDT,1694602799999,SHORT,0.06328625190706769,-0.20633401172856355,1694602800000,-0.004522399059999924,-0.005952070479145807,-0.017913870260051167
SOLUSDT,1694617199999,LONG,-0.010778381616117192,0.13012928995012485,1694617200000,0.007662872745569097,-0.005896470945790161,0.039801693970848546
SOLUSDT,1694645999999,SHORT,0.02125940795722752,-0.010315229967877324,1694646000000,0.001521491354753028,-0.027949136940129144,-0.01786626654734457
SOLUSDT,1694653199999,LONG,-0.08816868245301049,0.14951331648424793,1694653200000,-0.019191025217189638,-0.028712626980873814,-0.02131090517795245
SOLUSDT,1694739599999,SHORT,0.2811208571942213,-0.03600390296024293,1694739600000,-0.008691559299511098,-0.019398636867450532,-0.0057851181698447
SOLUSDT,1694743199999,LONG,-0.03600390296024293,0.021328346368133796,1694743200000,0.005892582947166413,0.012428383055144317,-0.004442336355197042
SOLUSDT,1694750399999,SHORT,0.0535296006272908,-0.03527975221783506,1694750400000,-0.0012537221513681954,0.0029314788307235563,0.013365806214647604
SOLUSDT,1694753999999,LONG,-0.03527975221783506,0.5376454218692053,1694754000000,0.0016691011594544497,0.0020338459723982364,-0.015254622252701387
SOLUSDT,1694789999999,SHORT,0.2123102369796024,-0.08286836919902192,1694790000000,-0.0061107020828373914,0.00894082032672599,-0.023076731329976646
SOLUSDT,1694793599999,LONG,-0.08286836919902192,0.23160722104645434,1694793600000,-0.0005828895589352092,-0.008458622051531929,0.016966029247139122
SOLUSDT,1694804399999,SHORT,0.01103768203379451,-0.002356481271011327,1694804400000,-0.006539123906726467,-0.02919954156272959,-0.02763148771854295
SOLUSDT,1694815199999,LONG,-0.2612436379121906,0.2780696647411118,1694815200000,0.019939472716955318,0.019364805094108397,0.016905680244652038
SOLUSDT,1694912399999,SHORT,0.19214355239246525,-0.10354706660633436,1694912400000,-0.0014835225779004852,-0.008920854114558415,-0.009866331651111282
SOLUSDT,1694919599999,LONG,-0.09456446578240416,0.0078589258845145,1694919600000,0.002579831372666691,0.0016855416158089612,-0.00005271898148151377
SOLUSDT,1694923199999,SHORT,0.0078589258845145,-0.006599382189372233,1694923200000,-0.0006308153497307113,0.006435979168686783,0.0025799672070346753
SOLUSDT,1694930399999,LONG,-0.04349693872986646,0.08208970933740554,1694930400000,0.0014746934783983728,0.002736987865753034,-0.010490718231798143
SOLUSDT,1694937599999,SHORT,0.1585190085382446,-0.13592161870464647,1694937600000,-0.003381416018449113,-0.006383393256440424,0.0010060629373111103
SOLUSDT,1695034799999,LONG,-0.24585539007725177,0.03637756545223531,1695034800000,-0.001786033694992637,0.013420301182255784,0.009589844404614946
SOLUSDT,1695103199999,SHORT,0.11437226557965866,-0.35437739743576485,1695103200000,-0.003841298632901282,-0.02618971216297468,-0.008371203701365553
SOLUSDT,1695113999999,LONG,-0.2358466641160267,0.1687252912943106,1695114000000,0.005242864912815876,-0.008816334843372834,-0.012374789920199367
SOLUSDT,1695121199999,SHORT,0.17668160313882586,-0.028018844954129346,1695121200000,-0.0013370641058963676,0.01291756322581601,0.006762157827984691
SOLUSDT,1695124799999,LONG,-0.028018844954129346,0.013373798668465962,1695124800000,-0.010946472126176622,-0.004215126123903952,-0.009396743018556067
SOLUSDT,1695128399999,SHORT,0.013373798668465962,-0.08005601551496072,1695128400000,0.007029200002282988,-0.0031969656081623074,-0.00005003126955393714
SOLUSDT,1695139199999,LONG,-0.01622329031994673,0.04373746692448723,1695139200000,-0.0035347160492921006,-0.010240105464726902,-0.01109401213941226
SOLUSDT,1695142799999,SHORT,0.04373746692448723,-0.04600802174318833,1695142800000,0.00690624304402873,0.006705389415434785,0.009118299649614756
SOLUSDT,1695160799999,LONG,-0.023094226325067062,0.0382909736047583,1695160800000,0.0016977085018361998,0.005730674708984854,-0.0003998800413178241
SOLUSDT,1695182399999,SHORT,0.0017269257778848527,-0.053398751643186304,1695182400000,0.0015087510405766503,-0.002258867009728012,-0.014468422416558062
SOLUSDT,1695185999999,LONG,-0.053398751643186304,0.06365136721757204,1695186000000,0.00020129837519537846,0.012106200881513693,0.013894665762820174
SOLUSDT,1695225599999,SHORT,0.07545489956524196,-0.034452987280297796,1695225600000,0.0020825076943145277,0.004219101386795712,0.0006936874720742622
SOLUSDT,1695229199999,LONG,-0.034452987280297796,0.10622710559461213,1695229200000,0.00741733114322227,0.007023125954319216,-0.003330933503081352
SOLUSDT,1695337199999,SHORT,0.07427282283777001,-0.2725842326379312,1695337200000,0.004874429210621101,0.0005631928060186048,-0.0027091283469510468
SOLUSDT,1695423599999,LONG,-0.1476857485705946,0.33304954955532984,1695423600000,-0.0020579314769222333,-0.004636315743644073,0.00005139406399680928
SOLUSDT,1695441599999,SHORT,0.07973542285733547,-0.10193707061749606,1695441600000,-0.003092785970444154,-0.007252931668857115,0.003154168958502793
SOLUSDT,1695452399999,LONG,-0.17175693160684843,0.3024094277994081,1695452400000,0.001179517560275003,-0.0015405949742506339,-0.0022603523442774717
SOLUSDT,1695466799999,SHORT,0.3408378420546134,-0.00554816259736387,1695466800000,-0.002566341294570392,0.0036039785701062078,0.0029336854206704656
SOLUSDT,1695560399999,LONG,-0.09019403714109417,0.1418698160088604,1695560400000,-0.004498755095230186,-0.005985744216808518,-0.009223739490583775
SOLUSDT,1695769199999,SHORT,0.012317348452144626,-0.10852493728197354,1695769200000,-0.004163049777124552,-0.0009500686875299613,-0.013375845256625279
SOLUSDT,1695776399999,LONG,-0.03437546844151938,0.004662358959591801,1695776400000,-0.001519796954221325,-0.009259325412796712,0.012179404183710453
SOLUSDT,1695779999999,SHORT,0.004662358959591801,-0.031002015658975205,1695780000000,0.005891343114009598,0.00594410103430444,-0.010071314287671971
SOLUSDT,1695819599999,LONG,-0.06651937543775654,0.017751384803799983,1695819600000,-0.003627886850259842,-0.02032940854563501,-0.0016568296220474251
SOLUSDT,1695823199999,SHORT,0.017751384803799983,-0.10106573539740545,1695823200000,0.02172971658541504,0.018180890063662265,-0.0019192370442392061
SOLUSDT,1695855599999,LONG,-0.18292099075731677,0.13681227998793127,1695855600000,0.003667806050545353,0.011119055907311133,0.01018418516299941
SOLUSDT,1695873599999,SHORT,0.15889430484764142,-0.6457355381415508,1695873600000,-0.001665539343017137,-0.0011453562268349282,-0.020469380097017726
SOLUSDT,1695898799999,LONG,-0.3276072939314182,0.028264352699129615,1695898800000,-0.004478707621854182,0.010235821377979197,0.03009593028384114
SOLUSDT,1695902399999,SHORT,0.028264352699129615,-0.09072670412683982,1695902400000,-0.00041747117446077427,-0.022450817808595286,-0.040356308570020906
SOLUSDT,1695909599999,LONG,-0.1299800807064213,0.012278238377791382,1695909600000,0.010391718174615852,0.020472912987247013,0.0490326597970385
SOLUSDT,1695985199999,SHORT,0.7732980919420099,-0.1343322729997666,1695985200000,0.001244803108432131,-0.012461836674730269,-0.008078348975026508
SOLUSDT,1696082399999,LONG,-0.02148838811165298,0.155443905811633,1696082400000,0.023243043539247735,0.03171112848164875,0.025355075864010188
SOLUSDT,1696100399999,SHORT,0.2981264212879813,-0.08054145779401103,1696100400000,-0.004217635944203513,-0.00529262845267102,-0.0022047622394195184
SOLUSDT,1696103999999,LONG,-0.08054145779401103,0.09445614040028529,1696104000000,-0.0025753297777325545,-0.0016849203649195231,-0.001591239161984226
SOLUSDT,1696107599999,SHORT,0.09445614040028529,-0.07215294538479566,1696107600000,0.00262898606891607,0.00042204976124151803,-0.007194275634027231
SOLUSDT,1696136399999,LONG,-0.11172831898992483,0.3353953470490306,1696136400000,0.0010817167427495079,0.010857971606188857,0.06366759472287475
SOLUSDT,1696273199999,SHORT,0.5680734259424658,-0.07959799592805264,1696273200000,-0.02400540125109385,-0.00304845559279779,-0.032366653975777246
SOLUSDT,1696276799999,LONG,-0.07959799592805264,0.22218233888060884,1696276800000,-0.016085002878154325,-0.019033659957867124,-0.00020997375405245914
SOLUSDT,1696280399999,SHORT,0.22218233888060884,-0.22971944988093335,1696280400000,0.01154494486451502,-0.0002986539263191507,-0.02498918561324558
SOLUSDT,1696298399999,LONG,-0.2576754786826094,0.0756397946965281,1696298400000,-0.0019048027939649003,-0.001354153649441495,0.027445833499896887
SOLUSDT,1696301999999,SHORT,0.0756397946965281,-0.041174196366094325,1696302000000,-0.0018202218922820635,-0.0175553624482805,-0.015721875810805166
SOLUSDT,1696305599999,LONG,-0.041174196366094325,0.0016337428913749902,1696305600000,0.000929996685223267,0.006953984402932241,0.013985067189622802
SOLUSDT,1696363199999,SHORT,0.2291122098049195,-0.07301424292073894,1696363200000,-0.002845193757470214,-0.003353927022639357,0.015600539253435703
SOLUSDT,1696366799999,LONG,-0.07301424292073894,0.2414468714176165,1696366800000,-0.003355921672983503,-0.02086935380746714,-0.0043350826528943546
SOLUSDT,1696384799999,SHORT,0.05494596256594027,-0.6626372465885733,1696384800000,-0.013130803727983809,-0.003038856256512523,-0.0028654558745973297
SOLUSDT,1696420799999,LONG,-0.156388708780006,0.046081470826936484,1696420800000,-0.0035280902040185293,-0.03818759825417657,-0.019755104345131207
SOLUSDT,1696427999999,SHORT,0.017826857342686183,-0.2729279217954063,1696428000000,0.006786175338342804,0.0025611543529149875,-0.014547276122242788
SOLUSDT,1696445999999,LONG,-0.2404299294887659,0.28456125455497255,1696446000000,-0.0004799825553041781,0.011364744509884813,0.003961953067727518
SOLUSDT,1696496399999,SHORT,0.06386676053337813,-0.11844229722956374,1696496400000,-0.006293833307236237,-0.010180519837615606,0.005939400812293511
SOLUSDT,1696503599999,LONG,-0.14813384475947275,0.020096197296841287,1696503600000,-0.0017651495273055154,-0.001506640262617249,-0.021478152710402328
SOLUSDT,1696507199999,SHORT,0.020096197296841287,-0.06200120646421432,1696507200000,0.0002585761090083958,0.018132114043028804,0.02288229890748298
SOLUSDT,1696514399999,LONG,-0.08743717748647523,0.08300393765456429,1696514400000,-0.003740894006345049,-0.02666128735693121,-0.008620743043906975
SOLUSDT,1696532399999,SHORT,0.028916844711082575,-0.002780234673797344,1696532400000,-0.0062524971427380446,-0.00502270078254267,-0.022449298448554502
SOLUSDT,1696535999999,LONG,-0.002780234673797344,0.10570324235005395,1696536000000,0.0022803026895448176,-0.0042234994590206265,0.023344662331143917
SOLUSDT,1696694399999,SHORT,0.287854930728561,-0.02064091916868214,1696694400000,-0.00042846737876468523,0.009343246802225383,-0.00759940471495098
SOLUSDT,1696712399999,LONG,-0.15130008969951936,0.12484012293424232,1696712400000,0.0030946470154315986,0.0053237288712053524,0.007633297495450747
SOLUSDT,1696730399999,SHORT,0.012925617763751228,-0.014185896764932466,1696730400000,-0.006077485002082087,-0.0030005594976027835,-0.0006008326003676785
SOLUSDT,1696737599999,LONG,-0.0935750767951016,0.021227161733919354,1696737600000,-0.00605752214858102,-0.008327865174369354,-0.0017452382848431648
SOLUSDT,1696741199999,SHORT,0.021227161733919354,-0.340879227849359,1696741200000,0.0002995613588250958,-0.0015819067408804276,-0.0018381965205927712
SOLUSDT,1696917599999,LONG,-0.16418754375863578,0.02874333422955281,1696917600000,0.006254097908582552,0.006119529536432527,-0.01890846137560338
SOLUSDT,1696975199999,SHORT,0.07422142655068575,-0.16988227905997716,1696975200000,-0.004664124197805275,-0.00935156235639334,-0.014285635342986595
SOLUSDT,1696978799999,LONG,-0.16988227905997716,0.040006356772502236,1696978800000,-0.0013109420316528301,-0.0023518780628265647,0.005136766127624387
SOLUSDT,1696993199999,SHORT,0.14620471836936785,-0.049303286132478585,1696993200000,0.005539677246276709,0.0004529190711057743,-0.005734297234573643
SOLUSDT,1697000399999,LONG,-0.012033619872733055,0.658136277763569,1697000400000,-0.006763790046456221,-0.002790155268544096,-0.019513256980139785
SOLUSDT,1697057999999,SHORT,0.1963835812780169,-0.05888122632423415,1697058000000,-0.002887989355131978,-0.0030253048376682663,0.017038237998885177
SOLUSDT,1697061599999,LONG,-0.05888122632423415,0.10282903876458958,1697061600000,0.004156870522199176,-0.011880233664955034,-0.027237503302426358
SOLUSDT,1697065199999,SHORT,0.10282903876458958,-0.1314072263124128,1697065200000,-0.0028224173149663206,0.007366600081392177,0.028155247204502805
SOLUSDT,1697176799999,LONG,-0.20594046949291103,0.05090465096461497,1697176800000,0.0033440909104743167,0.004988480390458313,0.01721277295890653
SOLUSDT,1697317199999,SHORT,0.43841823332850965,-0.38283386924481233,1697317200000,0.0005926736593280768,0.0031497526782190526,-0.0002734232609087562
SOLUSDT,1697335199999,LONG,-0.2892517860075386,0.04725709237045368,1697335200000,-0.0028588951471297318,-0.00764195858772933,-0.015618895398625317
SOLUSDT,1697338799999,SHORT,0.04725709237045368,-0.17798431148343444,1697338800000,0.003733386234026552,0.002457003693052103,0.014326171284240508
SOLUSDT,1697403599999,LONG,-0.10991163947171095,0.06878903960481361,1697403600000,-0.005680671505644356,-0.0034954753342738183,0.029514364650943255
SOLUSDT,1697410799999,SHORT,0.06878909897630803,-0.13014374921908697,1697410800000,-0.003519279666926305,-0.008979298691311085,-0.050574204348938195
SOLUSDT,1697417999999,LONG,-0.15092031149067447,0.020469456944357017,1697418000000,0.005894104840174682,0.006526787435393631,0.061333216835916415
SOLUSDT,1697421599999,SHORT,0.020469456944357017,-0.2184674392448151,1697421600000,0.0037139405885488423,-0.026058943763552778,-0.05188534332345103
SOLUSDT,1697425199999,LONG,-0.2184674392448151,0.01825828787829352,1697425200000,0.002492580203305781,0.024827625245246173,0.0614197231803787
SOLUSDT,1697569199999,SHORT,0.5273688424708605,-0.015384984904581097,1697569200000,-0.01513758810939657,-0.007284634072459735,-0.010449852657740686
SOLUSDT,1697572799999,LONG,-0.015384984904581097,0.6976157137400738,1697572800000,-0.002859690698655947,-0.009689635623035089,-0.01157189070139179
SOLUSDT,1697659199999,SHORT,0.6846967452280367,-0.20714657469042175,1697659200000,-0.000801806216863809,0.011848530162676278,-0.0060608797007820564
SOLUSDT,1697716799999,LONG,-0.0462171604087517,0.5977694923138245,1697716800000,-0.005166047899506451,0.019997401607114565,0.026481646723173644
SOLUSDT,1697961599999,SHORT,0.1563701738637603,-0.3121022078705642,1697961600000,0.011351256123762681,0.01638692131195881,0.004001884484116173
SOLUSDT,1697979599999,LONG,-0.39854389643815347,0.11437927393209169,1697979600000,0.009061821385428442,0.00555139948462089,0.022981561021719166
SOLUSDT,1697986799999,SHORT,0.35552733627420563,-0.0062623032877755554,1697986800000,0.0028813400587212926,-0.006888500410644645,-0.0490240549435073
SOLUSDT,1697993999999,LONG,-0.0009252624630582644,0.22976125378050405,1697994000000,-0.0010799325220888461,0.0073542496791410335,0.07806685955436059
SOLUSDT,1698069599999,SHORT,0.05388440005101833,-0.25990028046050767,1698069600000,-0.003530000067037092,-0.006979398135526339,-0.08051004737066739
SOLUSDT,1698073199999,LONG,-0.25990028046050767,0.22589194330438273,1698073200000,-0.009072850744489984,0.015581027711083535,0.09144616327996999
SOLUSDT,1698080399999,SHORT,0.14012108464782966,-0.12449821568082185,1698080400000,0.007946252081149411,-0.008521008733414126,-0.06117162153668306
SOLUSDT,1698141599999,LONG,-0.18670089130879264,0.22526889157724594,1698141600000,0.003000207527668025,0.0005375409213876333,-0.039022105556330684
SOLUSDT,1698181199999,SHORT,0.25911350150489443,-0.3224581632903205,1698181200000,-0.008089991125085502,-0.020931836041035642,-0.036300149210768996
SOLUSDT,1698209999999,LONG,-0.8221943354321684,0.10770147840726346,1698210000000,-0.006048854838109527,-0.0072950007345150255,0.02757910383047803
SOLUSDT,1698213599999,SHORT,0.10770147840726346,-0.05217077084222915,1698213600000,-0.009376012239832436,-0.008014800234591949,-0.040857758346170864
SOLUSDT,1698267599999,LONG,-0.012326031622994244,0.17928522132834893,1698267600000,-0.0072943390743318475,-0.0015101320382783327,-0.0013559324111360664
SOLUSDT,1698271199999,SHORT,0.17928522132834893,-0.07647962202651273,1698271200000,0.0023914911623071763,-0.00027915200007574937,0.005287561695619052
SOLUSDT,1698289199999,LONG,-0.21664987650999046,0.04833231940742437,1698289200000,0.007968902317271848,0.008029956105678599,-0.025083494279771454
SOLUSDT,1698296399999,SHORT,0.1256015443608954,-0.5570229222072702,1698296400000,0.016658584236205465,0.00978910770654928,0.06074486906783254
SOLUSDT,1698400799999,LONG,-0.07562416840701235,0.04688157098802877,1698400800000,-0.0036903224398687267,-0.00770104346869921,-0.0261541507555108
SOLUSDT,1698433199999,SHORT,0.12280044732717801,-0.15122373960705202,1698433200000,-0.008556201931195743,0.002213859660020339,-0.016542767125867015
SOLUSDT,1698638399999,LONG,-0.07658085154987206,0.015488442265668962,1698638400000,-0.0004277944207512093,-0.006528458661461303,0.06827774094515605
SOLUSDT,1698641999999,SHORT,0.015488442265668962,-0.11721942150911024,1698642000000,0.008440163661414462,-0.03309539960153376,-0.06415641880591903
SOLUSDT,1698713999999,LONG,-0.22147808131586227,0.06473848517990455,1698714000000,0.008637143189258187,0.0015886069588618836,0.006339341699307652
SOLUSDT,1698721199999,SHORT,0.06352322119830456,-0.00796367442224425,1698721200000,0.0015073696467378282,0.00016737335455275357,-0.010239991795879068
SOLUSDT,1698728399999,LONG,-0.06599929283137965,0.0433271320853061,1698728400000,0.006771972259387434,0.009699665893424214,0.008733922126740656
SOLUSDT,1698757199999,SHORT,0.1998248261553509,-0.06505778748336095,1698757200000,0.0025809330657418747,-0.003983187386294753,-0.06782441379194588
SOLUSDT,1698764399999,LONG,-0.08404096713613673,0.09840311760272036,1698764400000,-0.003512511735770077,0.0003036535060806684,0.052674173775909716
SOLUSDT,1698767999999,SHORT,0.09840311760272036,-0.11343630201507805,1698768000000,-0.0036229418612203136,-0.004147318486039323,-0.05820146999647161
SOLUSDT,1698771599999,LONG,-0.11343630201507805,0.09177391669389387,1698771600000,-0.002432217002892303,0.025268117308734933,0.057161481084688735
SOLUSDT,1698879599999,SHORT,0.10755500594944117,-0.20709226041483586,1698879600000,0.02778721062898054,0.0012754501233048705,-0.019494797183566566
SOLUSDT,1699027199999,LONG,-0.23418941483826455,0.20955496810078805,1699027200000,-0.0014829153308770196,-0.015847229344713113,0.03198255935353398
SOLUSDT,1699034399999,SHORT,0.20194390564023934,-0.20642242775617745,1699034400000,0.005192680236821376,-0.010229028671153753,-0.042516880654414654
SOLUSDT,1699052399999,LONG,-0.09378612343732494,0.41032255248491534,1699052400000,-0.006862994666437803,0.016162774216027333,0.05143409767051131
SOLUSDT,1699099199999,SHORT,0.43826201105219614,-0.07976948281452995,1699099200000,-0.003843940923787142,0.006423436154834017,-0.020913989055006885
SOLUSDT,1699415999999,LONG,-0.10810822985291245,0.15065938905582077,1699416000000,0.0002535526192892087,0.0024636509013130003,-0.014115477901598159
SOLUSDT,1699423199999,SHORT,0.07095378425515439,-0.1037377145091804,1699423200000,-0.006528055661628372,-0.0018728112663458564,0.010936700052840257
SOLUSDT,1699437599999,LONG,-0.09322207762409906,0.028915543754335703,1699437600000,0.0010389851205359576,0.0008081928095111448,-0.0053505171248423725
SOLUSDT,1699444799999,SHORT,0.021927952680723797,-0.053486155692720985,1699444800000,-0.003870437490760622,0.012823666879969088,0.004163588546261286
SOLUSDT,1699660799999,LONG,-0.1391636326940473,0.037614322367140275,1699660800000,0.0014104623364778349,-0.014716341301421056,-0.02501068218853333
SOLUSDT,1699667999999,SHORT,0.07961183850360468,-0.02500385709345948,1699668000000,-0.014984521706681683,0.00867494642159195,-0.08033718551830023
SOLUSDT,1700049599999,LONG,-0.20424258743885906,0.22877100611254386,1700049600000,0.0033097668246351818,-0.008778624561332882,0.038340570564644544
SOLUSDT,1700121599999,SHORT,0.3521347590253751,-0.7522889390957135,1700121600000,0.013323933269273643,0.02542235605972538,0.052501478781012315
SOLUSDT,1700431199999,LONG,-0.15239620921670521,0.000984310457747425,1700431200000,-0.009894583050994377,-0.011146560020010703,-0.013721328723097547
SOLUSDT,1700434799999,SHORT,0.000984310457747425,-0.04516418658811988,1700434800000,-0.0058601131251707315,0.005166264141936493,0.004934614130972782
SOLUSDT,1700441999999,LONG,-0.11852685006847545,0.19736264623165733,1700442000000,-0.0014988925827448655,-0.010955658515309724,-0.009293009533072168
SOLUSDT,1700452799999,SHORT,0.13259750205247742,-0.6013956166312199,1700452800000,-0.0021822612546839077,0.0005504816853635986,0.016071354215939544
SOLUSDT,1700629199999,LONG,-0.08705076596763962,0.1750428946462583,1700629200000,-0.004168286527264884,0.010217810601553596,0.006677208651248439
SOLUSDT,1700632799999,SHORT,0.1750428946462583,-0.08313670072429376,1700632800000,-0.010662257706233127,-0.017623054047442844,-0.021591924506085807
SOLUSDT,1700693999999,LONG,-0.22988514290366566,0.04811497281511213,1700694000000,-0.007423014177440922,0.0001034286601738949,-0.0025200669244376758
SOLUSDT,1700697599999,SHORT,0.04811497281511213,-0.24092048611645875,1700697600000,0.0019819888959744774,-0.0014232160136282352,-0.006819939194224224
SOLUSDT,1700971199999,LONG,-0.034861159065314416,0.0056092793022771295,1700971200000,0.0027044160056694253,0.0014387013066321892,-0.021447335731251897
SOLUSDT,1700974799999,SHORT,0.0056092793022771295,-0.08358215729733783,1700974800000,0.00008547227711890967,0.003030175654764908,0.030264851336411824
SOLUSDT,1700992799999,LONG,-0.25507315215560056,0.12726608957569335,1700992800000,-0.005631101231744191,-0.007169230720560999,-0.0042850201946135775
SOLUSDT,1701003599999,SHORT,0.3619210421838917,-0.08299734204347695,1701003600000,0.004848306123064687,0.023369455233391814,0.006977937359152632
SOLUSDT,1701039599999,LONG,-0.06878972118554211,0.1617140167646519,1701039600000,-0.0045388477893316065,-0.018456372897465236,-0.04937109512760402
SOLUSDT,1701053999999,SHORT,0.47790448964237875,-0.6343797067238723,1701054000000,0.0034569155029739924,0.005703252885087009,0.0463607280357663
SOLUSDT,1701061199999,LONG,-0.706446822746635,0.09471418238807937,1701061200000,-0.005032758555703612,-0.024864920595291894,-0.04181003421701217
SOLUSDT,1701064799999,SHORT,0.09471418238807937,-0.3253270404874097,1701064800000,0.0073217747541925275,0.015589884906320317,0.04343433118563367
SOLUSDT,1701190799999,LONG,-0.04431929923965339,0.16755055144880893,1701190800000,0.013702408473931492,0.02173209954796408,0.018428518237524744
SOLUSDT,1701197999999,SHORT,0.17524727983851757,-0.0332081733359309,1701198000000,-0.007802200310666275,-0.004609101589001456,-0.03236451015713976
SOLUSDT,1701201599999,LONG,-0.0332081733359309,0.20976882421111187,1701201600000,0.008391513629862566,0.002650330260980411,0.022863006076328334
SOLUSDT,1701212399999,SHORT,0.038798993879333804,-0.4203866872390805,1701212400000,-0.005826196368198671,-0.007543436156193141,-0.0415650842522876
SOLUSDT,1701298799999,LONG,-0.374254852870424,0.17125838018236475,1701298800000,0.0022951272394283466,0.013592409692911681,0.008914663851693759
SOLUSDT,1701331199999,SHORT,0.10299242805872744,-0.0881291976701512,1701331200000,0.008100733861328188,-0.013017092535918751,0.00010002167144553299
SOLUSDT,1701478799999,LONG,-0.7822255987574824,0.1744338793692757,1701478800000,0.00639477345672287,0.018850932341836144,0.034450963895978695
SOLUSDT,1701583199999,SHORT,0.3846770708430328,-0.20859741402539006,1701583200000,0.005030238841667781,0.008827453553187434,0.025024577804089457
SOLUSDT,1702018799999,LONG,-0.16465075159117198,0.16345511972243532,1702018800000,-0.013777405629923552,-0.0020732270974607924,0.005246753479264297
SOLUSDT,1702025999999,SHORT,0.0001967967693747707,-0.01928544186362296,1702026000000,-0.006868807903207304,-0.035849919156226734,-0.038781333036955516
SOLUSDT,1702029599999,LONG,-0.01928544186362296,0.0025609334888624146,1702029600000,0.015786131752245247,0.021800440719130215,0.03078188115930409
SOLUSDT,1702072799999,SHORT,0.10262785306724617,-0.1866215376128459,1702072800000,-0.0031299781959265474,-0.0031028031752040218,-0.03130349713913831
SOLUSDT,1702220399999,LONG,-0.09419106541817329,0.1646772577084529,1702220400000,0.004361034810078635,-0.0019079813899810607,-0.043949355088006736
SOLUSDT,1702256399999,SHORT,0.10533608761758992,-0.05893703336940755,1702256400000,0.008523805605543127,0.049524439686146685,0.06560648939569129
SOLUSDT,1702583999999,LONG,-0.09039023290946176,0.06059700809848155,1702584000000,-0.0024041099984917873,0.03294560847808749,0.044913155880038864
SOLUSDT,1702681199999,SHORT,0.43193646154020515,-0.2760990071673724,1702681200000,0.030006188358202915,0.00947466753492428,0.006171865241632496
SOLUSDT,1702965599999,LONG,-0.9629674201830383,0.16502814421741493,1702965600000,-0.006804900448189136,-0.015136454890915857,-0.05424028603964978
SOLUSDT,1703019599999,SHORT,0.07674184037047015,-0.08552603161002988,1703019600000,-0.011911318643927837,-0.014512065114935043,-0.04815204210955393
SOLUSDT,1703023199999,LONG,-0.08552603161002988,0.03811194825155653,1703023200000,-0.011746784004089678,0.0006508298309784591,0.05696700132806976
SOLUSDT,1703030399999,SHORT,0.0443346783663132,-0.07244505005428169,1703030400000,-0.012126639748434009,-0.02635109567574771,-0.054492334670271765
SOLUSDT,1703066399999,LONG,-0.29829355491851484,0.6294214667804614,1703066400000,-0.0013333506251080763,0.015875669461630142,0.025313964336206658
SOLUSDT,1703167199999,SHORT,0.10374054578326487,-0.08848953809765929,1703167200000,0.018073784759730847,-0.05286969210267589,-0.10819635831004938
SOLUSDT,1703177999999,LONG,-0.09360253022477875,0.06937536110412068,1703178000000,0.0348371565364178,0.04121065068497857,0.09997694521262389
SOLUSDT,1703181599999,SHORT,0.06937536110412068,-0.01666920521241616,1703181600000,0.008754144130040201,0.004926305009982817,-0.06475518107242866
SOLUSDT,1703188799999,LONG,-0.010948448382965607,0.5489531636545824,1703188800000,0.0023315168100186577,0.010305563380869222,0.010326856286073846
SOLUSDT,1703228399999,SHORT,0.7918081138251201,-0.11883300633789039,1703228400000,0.008892621810769677,0.023034672352431798,-0.024536120645269062
SOLUSDT,1703235599999,LONG,-0.11612318488426082,0.1441166505576649,1703235600000,-0.007392931094000932,0.014168127030158496,0.03650857277540992
SOLUSDT,1703242799999,SHORT,0.022341678668392047,-0.028507169360065573,1703242800000,-0.013130277353559506,-0.015631595840687948,-0.04747862244160504
SOLUSDT,1703246399999,LONG,-0.028507169360065573,0.011525807701232184,1703246400000,0.005240260929974806,0.02631509382526652,0.04306304186462538
SOLUSDT,1703257199999,SHORT,0.0019436996042924302,-0.010796876843155986,1703257200000,-0.02381377533813798,-0.03194999518529296,-0.0038620737659435626
SOLUSDT,1703372399999,LONG,-0.4476967395453726,0.22210863857551888,1703372400000,-0.008264738547667759,0.03257022305379935,0.010853882077986009
SOLUSDT,1703444399999,SHORT,0.15088684271087138,-0.07900227173474385,1703444400000,0.012821738640760591,0.0404133363143237,0.028045554358725414
SOLUSDT,1704153599999,LONG,-0.6973030306499013,0.051421661463789396,1704153600000,0.005915917254203163,0.013214858421650013,0.036218031095646204
SOLUSDT,1704193199999,SHORT,0.040843362797463326,-0.18354992295091058,1704193200000,0.01179558932950684,0.04659713814858064,0.0662611306488741
SOLUSDT,1705251599999,LONG,-0.05766027210421501,0.1291224074703395,1705251600000,-0.009036325180862385,-0.052866667133523795,-0.05433080384013508
SOLUSDT,1705258799999,SHORT,0.07554636636009317,-0.00528355848455412,1705258800000,0.030510858613871338,0.025534692425930285,0.03498979949037861
SOLUSDT,1705273199999,LONG,-0.1753330044540071,0.07460422135438445,1705273200000,-0.030128768157290344,-0.0002482210835184173,-0.0128851399172292
SOLUSDT,1705276799999,SHORT,0.07460422135438445,-0.061670270998081006,1705276800000,-0.020089089932786484,-0.02222817282135876,-0.017819796047603795
SOLUSDT,1705280399999,LONG,-0.061670270998081006,0.13078312152342766,1705280400000,0.00015667350839696924,0.005198876086024266,-0.0074020048590513945
SOLUSDT,1705283999999,SHORT,0.13078312152342766,-0.3541844563881546,1705284000000,-0.009655885398508817,-0.0027430567323110796,0.002289897746137921
SOLUSDT,1705287599999,LONG,-0.3541844563881546,0.03499261193760535,1705287600000,-0.007394056160020291,-0.008937910259539592,-0.031563811447128505
SOLUSDT,1705291199999,SHORT,0.03499261193760535,-0.4112378193148356,1705291200000,-0.0030597931974517298,0.003215571132868398,0.02550544675935069
SOLUSDT,1706093999999,LONG,-0.030942637627069693,0.08060578777364787,1706094000000,-0.007691422537853883,-0.02165892067907202,-0.0037526064168687577
SOLUSDT,1706137199999,SHORT,0.16847117222266847,-0.2984173550980425,1706137200000,-0.014002747888618605,-0.004992658183973567,-0.005481463972981915
SOLUSDT,1706155199999,LONG,-0.019443481833034553,0.629604547700455,1706155200000,-0.007945796964358206,-0.0015750443758522196,-0.022094401210835387
SOLUSDT,1706227199999,SHORT,0.024964912522038793,-0.13688445116259434,1706227200000,-0.000828338423589961,-0.012092101099000807,-0.05619179103638348
SOLUSDT,1706302799999,LONG,-0.18160245406229536,0.12169828472268213,1706302800000,0.0005638078865605526,0.006669393725749733,-0.014584604654762728
SOLUSDT,1706327999999,SHORT,0.12396564826824083,-0.11110514134517871,1706328000000,0.0005396770703474318,0.016120960010680797,-0.0011862653448748782
SOLUSDT,1706399999999,LONG,-0.09924036823544471,0.1685008526984736,1706400000000,-0.005191887653313251,0.024859018800217365,0.04303481020287181
SOLUSDT,1706403599999,SHORT,0.1685008526984736,-0.3486205883191763,1706403600000,-0.0017478422865929038,-0.03386350569586572,-0.04329535939373892
SOLUSDT,1706414399999,LONG,-0.22436887845762266,0.2758987553832202,1706414400000,0.0038122834610654836,-0.009192502807435577,0.004585363812304937
SOLUSDT,1706464799999,SHORT,0.34749214432235037,-0.0029848170096556255,1706464800000,0.00920577234189626,0.0023743086090460466,-0.001860098321351706
SOLUSDT,1706615999999,LONG,-0.10079539604167997,0.11924335185706496,1706616000000,-0.013771705928042199,-0.011564990314917686,-0.04479353933732904
SOLUSDT,1706619599999,SHORT,0.11924335185706496,-0.04043965861160012,1706619600000,0.0013972497512039605,0.001253606675271436,0.039561997810186066
SOLUSDT,1706875199999,LONG,-0.22234772516829268,0.06889964680698567,1706875200000,-0.005567099723778683,-0.006573662200829201,-0.013757494366889915
SOLUSDT,1706878799999,SHORT,0.06889964680698567,-0.1779558807861465,1706878800000,0.025362067774088438,0.013485001675776105,0.01343501642141585
SOLUSDT,1707184799999,LONG,-0.26578157612915215,0.009197047071317362,1707184800000,0.006390130605149831,-0.0032104434872081418,-0.020654742715261278
SOLUSDT,1707191999999,SHORT,0.04505619399040926,-0.5866766996239455,1707192000000,0.0060305051566950044,0.002691988270097986,0.002859172162319469
SOLUSDT,1707253199999,LONG,-0.03566885743899197,0.04743595056005345,1707253200000,-0.0027079778287595656,-0.0024502498540543175,-0.020580085692508528
SOLUSDT,1707274799999,SHORT,0.19086962216384856,-0.2515399988469119,1707274800000,0.00933051675161625,0.0049828201358612404,0.008754615581279103
SOLUSDT,1707285599999,LONG,-0.2411705361191963,0.1272041644955885,1707285600000,-0.0001772689121895044,-0.0013981492454047814,0.015436812008965113
SOLUSDT,1707292799999,SHORT,0.027768896195441362,-0.016868824034156956,1707292800000,0.003248593387843969,0.004614053760074166,-0.015551024487365358
SOLUSDT,1707299999999,LONG,-0.1757061997035925,0.0030469648449685588,1707300000000,-0.007935426434328225,-0.004499845389496499,0.04931010252421205
SOLUSDT,1707371999999,SHORT,0.22576425738877626,-0.17234080742788174,1707372000000,0.005435145718881367,-0.00448225828373951,-0.010870366031046
SOLUSDT,1707479999999,LONG,-0.3018733396884772,0.40833361102081267,1707480000000,-0.001721203375561474,-0.001995734898711012,0.010246761836613629
SOLUSDT,1707512399999,SHORT,0.05587592028396808,-0.020943597995492665,1707512400000,-0.035505582185000786,-0.023385565368132296,-0.029103600122145194
SOLUSDT,1707515999999,LONG,-0.020943597995492665,0.36822586369440535,1707516000000,-0.009548967976636452,-0.0010565047216287613,0.0008627494707000285
SOLUSDT,1707555599999,SHORT,0.1731657583209795,-0.015980428740211595,1707555600000,-0.007264790506061922,0.003749674561283008,-0.009848581868557152
SOLUSDT,1707559199999,LONG,-0.015980428740211595,0.010508125995417044,1707559200000,-0.014871227642757985,-0.008790657852176826,0.0073671554816159765
SOLUSDT,1707562799999,SHORT,0.010508125995417044,-0.3489602451016065,1707562800000,-0.0069223693614407795,-0.007828191641902505,-0.01795797887443532
SOLUSDT,1707577199999,LONG,-0.02497442177823451,0.10567244221142601,1707577200000,0.002150349914242287,0.00848218960581716,-0.0018865138390718565
SOLUSDT,1707602399999,SHORT,0.2785843918963551,-0.05457159542520472,1707602400000,0.004261985853353997,0.01470594501443739,-0.0016197135374792341
SOLUSDT,1707649199999,LONG,-0.11154173496412595,0.008773903218915573,1707649200000,0.003259726129539006,0.001681409855887423,-0.01684122182051971
SOLUSDT,1707652799999,SHORT,0.008773903218915573,-0.2778762419219517,1707652800000,0.0007660389777731417,0.008100397138852024,0.02050097586431697
SOLUSDT,1707674399999,LONG,-0.47194180021904086,0.005039407678900513,1707674400000,-0.005211366286106362,-0.014187521211034348,-0.03210069226913336
SOLUSDT,1707677999999,SHORT,0.005039407678900513,-0.2973733445697633,1707678000000,0.0012470038887484767,0.007533358767890268,0.02739179430696193
SOLUSDT,1707703199999,LONG,-0.1638757234642454,0.2653418803458326,1707703200000,-0.020444757523617345,-0.02405126449731399,-0.033407188727578085
SOLUSDT,1707706799999,SHORT,0.2653418803458326,-0.1776251922890716,1707706800000,-0.004101825167302195,0.004099743946115383,-0.007643181439608241
SOLUSDT,1707922799999,LONG,-0.11961271712657534,0.0442463387839113,1707922800000,-0.008408560181103053,-0.01944301265954753,-0.010496100722230305
SOLUSDT,1707926399999,SHORT,0.0442463387839113,-0.09904974248923235,1707926400000,0.00661975818387517,0.006817652758337829,-0.0028675078321554063
SOLUSDT,1707958799999,LONG,-0.23616224484753276,0.18729800013193385,1707958800000,-0.012487642830565712,-0.014316306999113617,-0.016820040244246826
SOLUSDT,1707965999999,SHORT,0.016984581590325152,-0.08671892667060382,1707966000000,-0.004963594907022112,0.014736091623637305,-0.0011384209706023652
SOLUSDT,1708156799999,LONG,-0.5224576699050683,0.04780790481736846,1708156800000,-0.009181179966388004,-0.008541501611394445,-0.02120065491303612
SOLUSDT,1708160399999,SHORT,0.04780790481736846,-0.21179598820423434,1708160400000,0.005573292026785808,0.0030486293346793833,0.008694309856862663
SOLUSDT,1708192799999,LONG,-0.11679059019149352,0.058735412509104586,1708192800000,-0.0014671881839659366,0.014627846905723187,0.01642768202607233
SOLUSDT,1708210799999,SHORT,0.2023833731804412,-0.0687492149162329,1708210800000,0.0029129702644842166,0.014065862301773969,-0.02047031141102629
SOLUSDT,1708628399999,LONG,-0.1584132272907513,0.017137105063529254,1708628400000,-0.010890688488438296,-0.016783503071477926,-0.017162061157971115
SOLUSDT,1708631999999,SHORT,0.017137105063529254,-0.04801291043667781,1708632000000,-0.015489640435885665,0.017960620057957167,0.015596146866454117
SOLUSDT,1708635599999,LONG,-0.04801291043667781,0.05735096321911575,1708635600000,-0.015113589588459061,-0.02503845976737313,-0.03294974644001215
SOLUSDT,1708639199999,SHORT,0.05735096321911575,-0.11960531629230456,1708639200000,0.006249718015512659,0.015355313465653294,0.012148176799282115
SOLUSDT,1708779599999,LONG,-0.3392412491859372,0.033271535040139306,1708779600000,0.00047870964244054885,0.0028688264325973456,0.014657429242250828
SOLUSDT,1708783199999,SHORT,0.033271535040139306,-0.06356458463927918,1708783200000,0.0014368310090552,-0.0113340147204405,-0.014602479862058287
SOLUSDT,1708790399999,LONG,-0.03761503183759683,0.07427247071892516,1708790400000,0.005755706841256146,0.020429065726157443,0.014052254859798607
SOLUSDT,1708847999999,SHORT,0.27533681112860225,-0.04793120958171504,1708848000000,0.00492968673461039,0.0021069707721297266,-0.0036693025450892152
SOLUSDT,1708873199999,LONG,-0.026386271458930185,0.03605652969558478,1708873200000,-0.007178767817416431,-0.0032681347557099293,-0.008969365713098103
SOLUSDT,1708876799999,SHORT,0.03605652969558478,-0.33111329558184305,1708876800000,0.000807318433685849,-0.006087354618881022,-0.00714015405160405
SOLUSDT,1709002799999,LONG,-0.6279875172794727,0.021888837441931697,1709002800000,-0.009008298179699567,-0.000260361724706263,-0.019031277257243788
SOLUSDT,1709006399999,SHORT,0.021888837441931697,-0.16548732894627835,1709006400000,0.008605842461572375,-0.000724381817095352,0.03234758569971266
SOLUSDT,1710320399999,LONG,-0.10415358511438666,0.10190037207654261,1710320400000,-0.0023427897776171053,0.002585782264749209,0.04832154545741268
SOLUSDT,1710334799999,SHORT,0.12807705377789602,-0.3382596469325809,1710334800000,0.008891457430081337,-0.03483992493477156,-0.09349640443348492
SOLUSDT,1710363599999,LONG,-0.10002566324260442,0.0730970082421917,1710363600000,0.03579467031386491,0.04778650010164485,0.055591626079567816
SOLUSDT,1710370799999,SHORT,0.17778990676255899,-0.14550030469606276,1710370800000,-0.0026611831107067165,-0.009362037130371757,-0.05863128133695081
SOLUSDT,1710388799999,LONG,-0.21849256415280283,0.12941121447976014,1710388800000,-0.005582745729850069,0.005088796904344389,0.0010138722435346563
SOLUSDT,1710392399999,SHORT,0.12941121447976014,-0.32807803676769154,1710392400000,-0.0008277103486501534,-0.015539634330229967,-0.01778210529166757
SOLUSDT,1710424799999,LONG,-0.02615138520900448,0.07486091233588503,1710424800000,0.013645900949750935,0.0018478305254213802,0.1005220130495463
SOLUSDT,1710442799999,SHORT,0.023718810547465004,-0.26504741876484256,1710442800000,0.015954573677465785,-0.046362141467977055,-0.08193377805858616
SOLUSDT,1710716399999,LONG,-0.7875172401578672,0.14639074543908326,1710716400000,0.0031938134666918976,0.008748711233786132,0.03753462523216282
SOLUSDT,1710723599999,SHORT,0.15241255673733686,-0.06732384933674697,1710723600000,-0.01581130600294811,-0.03551451607102465,-0.06490022484563145
SOLUSDT,1710727199999,LONG,-0.06732384933674697,0.37619100237128505,1710727200000,0.019274913966162002,0.021905789154976214,0.02774270551026456
SOLUSDT,1710791999999,SHORT,0.13868848835645786,-0.04375433207794547,1710792000000,-0.009531259090974758,0.011945115082733165,0.06377441347805075
SOLUSDT,1711335599999,LONG,-0.32372486668268596,0.0704750257514813,1711335600000,0.0031894499113537256,0.019251920008494974,0.04318630386318808
SOLUSDT,1711342799999,SHORT,0.23934138911196853,-0.1135888947265256,1711342800000,-0.003754411259554866,-0.010666066382066743,-0.04128384144132003
SOLUSDT,1711375199999,LONG,-0.14051646516662533,0.10372844763284751,1711375200000,0.009687631222921832,0.01340511726021079,-0.002515513212134913
SOLUSDT,1711425599999,SHORT,0.10178321318714596,-0.23699542455781014,1711425600000,-0.01259038324910319,-0.012183549465988682,0.006790753456991949
SOLUSDT,1711429199999,LONG,-0.23699542455781014,0.05905033593320841,1711429200000,0.004336217234185028,0.0013172385179825946,-0.03469052512934068
SOLUSDT,1711436399999,SHORT,0.04226579020742448,-0.04521990201541202,1711436400000,0.0077936798596574776,-0.0009093185335711158,0.03311373308547174
SOLUSDT,1711439999999,LONG,-0.04521990201541202,0.08223172041067478,1711440000000,0.001698326270623495,0.004122445376660965,-0.029581723634944598
SOLUSDT,1711443599999,SHORT,0.08223172041067478,-0.07579882972622017,1711443600000,-0.004689087757180079,-0.002475541183603602,0.022512709780986368
SOLUSDT,1711447199999,LONG,-0.07579882972622017,0.20906610250809418,1711447200000,0.0023618556138364916,-0.013199777425088736,-0.02069606440301595
SOLUSDT,1711450799999,SHORT,0.20906610250809418,-0.008969264495794636,1711450800000,0.004580508383526805,0.019318269965778314,0.017544671150661707
SOLUSDT,1711519199999,LONG,-0.36841807810987603,0.3365538602587148,1711519200000,-0.0035520838065823033,-0.022277439049901187,-0.037758713691373715
SOLUSDT,1711526399999,SHORT,0.3652220575250384,-0.19719604966759902,1711526400000,0.009539313551767573,-0.009221316812989074,0.022304993413291858
SOLUSDT,1711681199999,LONG,-0.03816352328090495,0.07321327376829412,1711681200000,-0.00507428632207074,-0.015306122793920166,-0.0040086148880417675
SOLUSDT,1711688399999,SHORT,0.09956051053655,-0.04311673188958531,1711688400000,0.00879696577975822,0.0118579099606856,0.015182287813169746
SOLUSDT,1711691999999,LONG,-0.04311673188958531,0.14339002719347674,1711692000000,0.0022480419587362667,-0.012120967511169516,-0.0002578551835121068
SOLUSDT,1711699199999,SHORT,0.1360954218305771,-0.16620543948254704,1711699200000,-0.009500500466540584,-0.011454346206860923,-0.02183747785181993
SOLUSDT,1711760399999,LONG,-0.2289092633310881,0.00022584746650904588,1711760400000,-0.008625245445001919,0.022044271623978012,0.020279935942605104
SOLUSDT,1711763999999,SHORT,0.00022584746650904588,-0.27124110930698286,1711764000000,0.0021523496985933403,-0.032314772387077,-0.024520964921175514
SOLUSDT,1711792799999,LONG,-0.21087416557609298,0.5035971152235464,1711792800000,0.00011216478037679391,0.006130186124806413,-0.0038978835798815985
SOLUSDT,1711825199999,SHORT,0.21579618055253846,-0.13103135025909401,1711825200000,0.0020172880709510067,-0.0017178675146023472,0.003931085905145287
SOLUSDT,1711911599999,LONG,-0.49944741940596415,0.23414804295614408,1711911600000,0.009899483674353126,0.011184824491491724,-0.0014611414616159668
SOLUSDT,1711947599999,SHORT,0.22676909112005203,-0.19208536952028119,1711947600000,0.03257380229275153,0.02368045042598536,0.06030805592060061
SOLUSDT,1711954799999,LONG,-0.28046792715805635,0.02129928627865657,1711954800000,-0.0010644551222386456,-0.008542451262708896,-0.04435161260936059
SOLUSDT,1711958399999,SHORT,0.02129928627865657,-0.45815745357161863,1711958400000,0.007508508907522926,0.014064872271972359,0.02392127405278215
SOLUSDT,1712444399999,LONG,-0.7384337776171782,0.005279667408676196,1712444400000,0.0007442579169133805,0.012986653784041001,0.010391700035725227
SOLUSDT,1712516399999,SHORT,0.07121853945848658,-0.27555542932167976,1712516400000,0.002636803104230021,0.000777441919784445,0.010103366419027208
SOLUSDT,1712591999999,LONG,-0.5771236509123139,0.01908223047341745,1712592000000,-0.0029846239658030305,-0.01134581638286509,-0.021903624801731577
SOLUSDT,1712595599999,SHORT,0.01908223047341745,-0.39154557632231596,1712595600000,0.0024008420006980205,0.004701981663884187,0.01736101499073667
SOLUSDT,1712602799999,LONG,-0.44810931887587013,0.039337351184962496,1712602800000,-0.0035594153427501024,0.0063365781551415375,-0.02041516739352948
SOLUSDT,1712606399999,SHORT,0.039337351184962496,-0.04147410579532698,1712606400000,-0.0036315848411757473,-0.007421482994486288,0.02095514231616393
SOLUSDT,1712609999999,LONG,-0.04147410579532698,0.7190796086283893,1712610000000,0.007041951495208923,-0.0006885981746580614,-0.026443219717884377
SOLUSDT,1712645999999,SHORT,0.11797761204042496,-0.0023804959070362966,1712646000000,0.0040937240454048725,0.004383929609715007,0.010451975206916805
SOLUSDT,1712728799999,LONG,-0.1004426045535802,0.2176569545923129,1712728800000,0.005086144283768081,-0.0033292647195271243,-0.003113196861700044
SOLUSDT,1712753999999,SHORT,0.007318321561613043,-0.16860582304609267,1712754000000,-0.002400295459867519,-0.03600744757297363,-0.03969343396751132
SOLUSDT,1712761199999,LONG,-0.10199302330142686,0.007488642559462973,1712761200000,-0.005873888838221682,-0.0009292168318250026,0.02153087518467994
SOLUSDT,1712764799999,SHORT,0.007488642559462973,-0.022003385897280254,1712764800000,-0.021423524831584412,-0.02024043414636321,-0.028429203857755783
SOLUSDT,1712768399999,LONG,-0.022003385897280254,0.04374975228295815,1712768400000,-0.0024785183574515036,-0.003039223458787967,0.011956012810482166
SOLUSDT,1712865599999,SHORT,0.4919695157478765,-0.15431011353140264,1712865600000,0.0015116295264163307,0.013136752161230766,0.007915532830625516
SOLUSDT,1712876399999,LONG,-0.19154171368301315,0.12198363648982295,1712876400000,-0.002165806595828404,0.0020399030463239642,-0.0036800222344210614
SOLUSDT,1712897999999,SHORT,0.0653795488754975,-0.01211203754977233,1712898000000,-0.0068387459058800925,0.008750512488077027,0.04971480964583014
SOLUSDT,1712908799999,LONG,-0.05356824748066022,0.2298576581700646,1712908800000,-0.0019684875273147657,-0.003616682260136397,-0.15007881963700867
SOLUSDT,1712948399999,SHORT,0.1991169020372937,-0.4321325945162415,1712948400000,0.012115144070208384,-0.003245221768164,-0.014928984804729383
SOLUSDT,1713131999999,LONG,-0.3021911159850808,0.2487992752675911,1713132000000,0.06165660593470477,0.04644003432927585,0.08425406240797884
SOLUSDT,1713157199999,SHORT,0.10627511631317361,-0.8306684114524068,1713157200000,-0.02315449277820809,-0.03361432471503868,0.05788414879751731
SOLUSDT,1713304799999,LONG,-0.14135998599861352,0.02144118964964623,1713304800000,0.0032637152241143867,-0.0005547242943606705,0.01422235247190083
SOLUSDT,1713308399999,SHORT,0.02144118964964623,-0.6121978286749874,1713308400000,0.009566164117027756,0.004621841651865269,0.006486824767636362
SOLUSDT,1713524399999,LONG,-0.5239418122734313,0.07909386691130554,1713524400000,-0.0036994181904248164,0.004194524348503088,-0.009075812572393606
SOLUSDT,1713567599999,SHORT,0.4660938248270841,-0.08155653443123682,1713567600000,0.007908606735636793,0.006835076859626264,0.01629077912022391
SOLUSDT,1713574799999,LONG,-0.11268345625733715,0.08837587817621262,1713574800000,0.009197093480917332,0.02844032656570663,0.010906898536447447
SOLUSDT,1713581999999,SHORT,0.024843330074252074,-0.017983177843712922,1713582000000,0.0017336683350498792,-0.008957211471072484,-0.0016746608171927869
SOLUSDT,1713585599999,LONG,-0.017983177843712922,0.0039590560061597635,1713585600000,0.016767427183638488,0.007697620967890076,0.032884540371028136
SOLUSDT,1713614399999,SHORT,0.07651472878578676,-0.01608772507993766,1713614400000,-0.005470388320176311,-0.03912092953682529,-0.06623932606386106
SOLUSDT,1713657599999,LONG,-0.6256712970508195,0.08058782032301835,1713657600000,-0.017135269459056652,-0.004076997821445761,0.0015601039707755498
SOLUSDT,1713661199999,SHORT,0.08058782032301835,-0.3641494799686848,1713661200000,-0.004988010274751329,-0.015062386715461817,-0.00953804334684382
SOLUSDT,1714129199999,LONG,-0.00626223480216647,0.24798121109322663,1714129200000,0.004889951036546645,0.006398341744263478,-0.023124594085843293
SOLUSDT,1714150799999,SHORT,0.11524147297883851,-0.0018950140909063994,1714150800000,-0.008286943550674044,-0.004568765645142113,0.03721939701389245
SOLUSDT,1714154399999,LONG,-0.0018950140909063994,0.20939695179753015,1714154400000,0.0046005892771072586,-0.0050985370881084496,-0.05128338106123109
SOLUSDT,1714161599999,SHORT,0.1250065624150046,-1.2478371025261605,1714161600000,-0.001254155868870821,0.02436981492369836,0.046935411465670394
SOLUSDT,1714269599999,LONG,-0.5258278781855398,0.4045921280025241,1714269600000,0.006730372583097684,0.0030990895061082007,-0.003683916116571607
SOLUSDT,1714280399999,SHORT,0.274513532968776,-0.26030016972596753,1714280400000,-0.0040292928540718335,0.0017298195006707011,0.0034556149522648664
SOLUSDT,1715284799999,LONG,-0.4222650598291644,0.16369305912232238,1715284800000,-0.004120510658335788,0.011093783393534033,0.022889425608797347
SOLUSDT,1715371199999,SHORT,0.4982000132797018,-0.231707345850225,1715371200000,0.00680826986692657,0.007643731850643858,0.009543236973391237
SOLUSDT,1715511599999,LONG,-0.34065421583749844,0.4393301292831675,1715511600000,-0.00275482267884462,-0.006901338640693157,-0.015476784057221325
SOLUSDT,1715579999999,SHORT,0.11066197863076963,-0.1270711984663373,1715580000000,-0.02126429673895151,-0.05489449020135288,-0.0647302663268919
SOLUSDT,1715583599999,LONG,-0.1270711984663373,0.1741129711133632,1715583600000,0.01635032506784451,0.0281283714055455,0.04508574337712387
SOLUSDT,1715597999999,SHORT,0.1800896360154679,-1.0830576774358038,1715598000000,-0.0025795282419417594,-0.0031770290581026165,-0.011606897152856609
SOLUSDT,1715655599999,LONG,-0.09405990760286032,0.03607458063532727,1715655600000,-0.0020965871565718102,-0.003903037494882827,-0.02170999974517314
SOLUSDT,1715731199999,SHORT,0.9884645007440611,-0.3132961136207409,1715731200000,0.002284877088883906,-0.01352426153243689,-0.014940938274070845
SOLUSDT,1715817599999,LONG,-0.12572603604948585,0.7510215522756779,1715817600000,0.01897625740865599,0.028800318275513735,0.032528342427032154
SOLUSDT,1715914799999,SHORT,0.32709836583970686,-0.08976066568644504,1715914800000,-0.011514131982533088,-0.03948058221001411,-0.0484552502194238
SOLUSDT,1715929199999,LONG,-0.7037460504652364,0.127840137378262,1715929200000,0.014050302756030916,0.013369915915088435,0.008148095879907988
SOLUSDT,1715939999999,SHORT,0.28339709282667425,-0.08161179680667612,1715940000000,-0.0060372210403894086,0.009728797402005992,0.0021756697273765287
SOLUSDT,1716001199999,LONG,-0.015827826318851212,0.022008165115223872,1716001200000,0.0022781555644488557,0.0002836066683940872,-0.002724402461869393
SOLUSDT,1716015599999,SHORT,0.0013430463598936159,-0.6932353471201026,1716015600000,0.0033795664240276256,-0.013605026426336602,0.00696288226231139
SOLUSDT,1716055199999,LONG,-0.6879246785452456,0.036324328892445294,1716055200000,0.0012712039078237385,0.005667122091647721,0.01515456892553921
SOLUSDT,1716058799999,SHORT,0.036324328892445294,-0.08260696172403462,1716058800000,-0.0032058116013975175,-0.00200265535111263,-0.008761043534776344
SOLUSDT,1716105599999,LONG,-0.25054560605185056,0.06095951481063014,1716105600000,-0.005754905955363224,-0.013998296613970044,-0.027982651587665257
SOLUSDT,1716109199999,SHORT,0.06095951481063014,-0.08303191086139096,1716109200000,0.001109852364842952,0.023474927075605265,0.01806010274432504
SOLUSDT,1716220799999,LONG,-0.10166611664594827,0.07524911920408957,1716220800000,0.00463398802226784,0.045507833008904854,0.029486300989563605
SOLUSDT,1716227999999,SHORT,0.07815110317265937,-0.12393846978782655,1716228000000,0.007027785797733651,-0.019034981395358124,-0.003929472761880709
SOLUSDT,1716231599999,LONG,-0.12393846978782655,0.09723116378019778,1716231600000,0.0389840421308769,0.0302837174449839,0.010011741793455655
SOLUSDT,1716267599999,SHORT,0.3185196668058358,-0.8075877947292653,1716267600000,0.001986370425190848,0.004279438613536332,0.03269005967815447
SOLUSDT,1717145999999,LONG,-0.06287063229726308,0.08128891695597174,1717146000000,-0.0012153179432146458,0.015312707358740697,-0.0025760703434256267
SOLUSDT,1717149599999,SHORT,0.08128891695597174,-0.0887049664559404,1717149600000,-0.004059225952354549,-0.003205706026358488,0.001876752510804466
SOLUSDT,1717167599999,LONG,-0.03014766189459704,0.23154299689192692,1717167600000,-0.0109632764627703,-0.004152862334296937,0.005341448906061777
SOLUSDT,1717196399999,SHORT,0.009960716334291646,-0.3686630980440961,1717196400000,0.0028975487509594524,-0.008308596256832314,-0.0035067739422729115
SOLUSDT,1717329599999,LONG,-0.06169056469853794,0.038238622038871004,1717329600000,-0.006442889393431753,-0.005280464638511346,-0.01755996959615755
SOLUSDT,1717333199999,SHORT,0.038238622038871004,-0.02626518209990779,1717333200000,-0.003966027991127469,0.0035196987551608474,0.014676128179417922
SOLUSDT,1717621199999,LONG,-0.9008246251816504,0.12201714847186428,1717621200000,-0.001084473675126885,0.0021424136831534393,-0.0017368779233061825
SOLUSDT,1717707599999,SHORT,0.071604716827396,-0.519916983358912,1717707600000,0.0013143382087824633,0.000885814992996899,-0.009866725706293574
SOLUSDT,1718207999999,LONG,-0.2255792200930417,0.11061098410814921,1718208000000,-0.0003211920661683453,-0.03506410869743995,-0.046872402716100325
SOLUSDT,1718211599999,SHORT,0.11061098410814921,-0.1062906667626848,1718211600000,-0.005233262244365184,0.02443990135569741,0.04305981700304963
SOLUSDT,1718215199999,LONG,-0.1062906667626848,0.12582527969527124,1718215200000,-0.02314414826898322,-0.027392185685227433,-0.04655433184926263
SOLUSDT,1718254799999,SHORT,0.00969953482156297,-0.2848175332860377,1718254800000,-0.001695194071974704,0.0015795088379883403,0.029822275191414272
SOLUSDT,1718600399999,LONG,-0.07538453371919389,0.08346987888495187,1718600400000,-0.003199052461988965,-0.01755134610133266,-0.035353424809529174
SOLUSDT,1718603999999,SHORT,0.08346987888495187,-0.4411579739777843,1718604000000,0.010594478433782861,0.024428507622066158,0.02208992409701481
SOLUSDT,1718780399999,LONG,-0.32368515868689385,0.7653395873026672,1718780400000,-0.011328143427008018,-0.015360103742761968,-0.028215700649114536
SOLUSDT,1718787599999,SHORT,0.07829514687324826,-0.6694168073228848,1718787600000,0.0014213720434677792,0.00215810545875862,0.024590236380782907
SOLUSDT,1718834399999,LONG,-0.21282767633832436,0.061075472648611594,1718834400000,-0.007523977832953024,-0.005424593894781,0.011956799566287387
SOLUSDT,1718837999999,SHORT,0.061075472648611594,-0.17134355758107467,1718838000000,-0.006639132954880946,0.002103800625038687,-0.03328796676815
SOLUSDT,1718873999999,LONG,-0.19329522681787284,0.01795221625656191,1718874000000,-0.0019862424724880604,0.004539693789427222,-0.02473240783204686
SOLUSDT,1718877599999,SHORT,0.01795221625656191,-0.0012492050586931194,1718877600000,-0.013807189368909518,0.017811296961767455,0.02728629875847072
SOLUSDT,1718881199999,LONG,-0.0012492050586931194,0.04198441955519794,1718881200000,0.0003518939471053531,-0.03457993455392323,-0.039267833253230695
SOLUSDT,1718888399999,SHORT,0.1526595059274326,-0.03109288209024913,1718888400000,0.0243082909201629,0.03682654519676643,0.03880286755214526
SOLUSDT,1718891999999,LONG,-0.03109288209024913,0.25094903810339186,1718892000000,-0.0029401304144694314,-0.0018477092555448423,-0.004815633330933168
SOLUSDT,1718899199999,SHORT,0.3421540031321251,-0.02886663912270998,1718899200000,-0.0001651701256045135,-0.007450495630081809,0.0041381444952281864
SOLUSDT,1718906399999,LONG,-0.09308344460977039,0.006063677387979771,1718906400000,-0.0035863133676282185,-0.007664415310373874,-0.012262848846524742
SOLUSDT,1718913599999,SHORT,0.010945833626744091,-0.020267686836715502,1718913600000,-0.00033532416846447996,0.005050893148047869,0.02106609506159395
SOLUSDT,1718917199999,LONG,-0.020267686836715502,0.42701180558298674,1718917200000,-0.004540133398911835,-0.009559708234191026,-0.031084391494291708
SOLUSDT,1718953199999,SHORT,0.04117317265081641,-0.12864365921107668,1718953200000,0.008541651493141771,0.0038866127307567045,0.001026895694220406
SOLUSDT,1719075599999,LONG,-0.21243739629839903,0.04709723348774132,1719075600000,-0.005243374020930312,-0.0032142645659913372,-0.0007654265397057289
SOLUSDT,1719089999999,SHORT,0.1945312565729415,-0.15489451784033043,1719090000000,-0.001987798405424163,-0.002679250817554293,-0.0021365382077256855
SOLUSDT,1719093599999,LONG,-0.15489451784033043,0.22132972222706948,1719093600000,-0.0016971866512461994,0.003185602890009903,0.0015309500080661921
SOLUSDT,1719100799999,SHORT,0.2139427664502406,-0.10097017144236209,1719100800000,-0.006846328023753838,-0.008086769542243426,-0.002563538636855643
SOLUSDT,1719104399999,LONG,-0.10097017144236209,0.139474165629402,1719104400000,0.00259821389149767,-0.00014123926326297772,-0.004985162915308371
SOLUSDT,1719136799999,SHORT,0.516860794870547,-0.12354725496123034,1719136800000,0.006377088011924535,0.008576765681054647,0.031180877682741515
SOLUSDT,1719331199999,LONG,-0.3924763618901263,0.17496338080568574,1719331200000,-0.01363897208895019,-0.00469627930340769,-0.007078006097800596
SOLUSDT,1719428399999,SHORT,0.14782359985036655,-0.30008203237670156,1719428400000,-0.01501818597915252,-0.012444631092062276,-0.0007515030413801419
SOLUSDT,1719439199999,LONG,-0.2534206704018025,0.13752769646612314,1719439200000,-0.0020361274087064246,-0.008425878845351167,0.004522795602567212
SOLUSDT,1719442799999,SHORT,0.13752769646612314,-0.10257868727665846,1719442800000,0.004186883828862652,0.0038507026971508077,-0.0072381572310497065
SOLUSDT,1719446399999,LONG,-0.10257868727665846,0.35879582599296594,1719446400000,-0.00035090028212764445,0.0049069922706358035,0.015952192677263825
SOLUSDT,1719543599999,SHORT,0.15981291499271608,-0.052243541681460816,1719543600000,-0.003374974767534863,0.012622523672760722,0.03596261944069441
SOLUSDT,1719629999999,LONG,-0.11500130915040718,0.08424863543680576,1719630000000,-0.0020371989577872983,-0.006563469618737393,-0.0015574845197655043
SOLUSDT,1719640799999,SHORT,0.4224026683314104,-0.13596876039848776,1719640800000,-0.003714084040511625,-0.01579026613874453,-0.012458180714777382
SOLUSDT,1719647999999,LONG,-0.04506412664880888,0.017366695681672227,1719648000000,0.0018442527207015772,0.004520107377186402,-0.0016994394530947922
SOLUSDT,1719651599999,SHORT,0.017366695681672227,-0.3300623832085948,1719651600000,-0.004147505340087506,0.00009142471357008634,0.008524273613416225
SOLUSDT,1719986399999,LONG,-0.3355617635061427,0.006687969367115328,1719986400000,-0.003232754208745202,-0.0197532110804594,-0.050306982900901326
SOLUSDT,1719993599999,SHORT,0.9772926563892468,-0.07351913261571583,1719993600000,0.000047824171028187585,0.016351803181651196,0.04155583479727691
SOLUSDT,1720256399999,LONG,-0.2556805048368088,0.7687097010205454,1720256400000,0.020219198957535177,0.012055067690461434,0.03871174107076764
SOLUSDT,1720274399999,SHORT,0.040430808354970794,-0.032505538796374356,1720274400000,-0.0032041545191873974,-0.021816103226678832,-0.012826358946481944
SOLUSDT,1720277999999,LONG,-0.032505538796374356,0.09852453192373989,1720278000000,0.014656050236992284,0.018752166770226224,0.01972095501835754
SOLUSDT,1720292399999,SHORT,0.2593862816070627,-0.3335519822007693,1720292400000,-0.0025533480952368297,-0.010084119066626008,0.018630644785008435
SOLUSDT,1720486799999,LONG,-0.18828589579435892,0.052479300540505446,1720486800000,-0.007857644948963776,0.017524684138396855,0.019293018636785817
SOLUSDT,1720501199999,SHORT,0.18939702843523962,-0.17252468505068708,1720501200000,-0.005691559204367817,-0.012404530255781419,-0.012797598226505105
SOLUSDT,1720522799999,LONG,-0.009822116864520067,0.15202443951244285,1720522800000,0.003397075851945246,-0.017506183004012993,-0.0006864656842127292
SOLUSDT,1720529999999,SHORT,0.13745424342285173,-0.04439642792913333,1720530000000,0.002600301281164666,-0.01101506023067744,0.013242199375745733
SOLUSDT,1720540799999,LONG,-0.0777282813771705,0.16825971809728618,1720540800000,0.014334122995822724,0.011340108783217794,0.008301803384008993
SOLUSDT,1720558799999,SHORT,0.12860971515180777,-0.2667117520044113,1720558800000,0.004196591951736281,0.02467823248093858,-0.00948787630755215
SOLUSDT,1720659599999,LONG,-0.33270787396090107,0.15953435180643044,1720659600000,0.007799435418051061,-0.007590370991035574,0.014021935338935393
SOLUSDT,1720666799999,SHORT,0.13397396062424327,-0.2714552651403912,1720666800000,0.010166560906691045,0.0017591521045408228,0.006955736754613266
SOLUSDT,1720677599999,LONG,-0.4166335631376301,0.07056061315921917,1720677600000,0.0024921249048116033,0.01109587292040137,-0.0207932715767783
SOLUSDT,1720713599999,SHORT,0.665443921275443,-0.15347330767925316,1720713600000,0.0013518351229692936,0.013850314515840925,0.014443810259726407
SOLUSDT,1720933199999,LONG,-0.5702361345732291,0.07311922175313205,1720933200000,0.0043048146017591075,0.002695261489833929,0.004387285994541332
SOLUSDT,1720940399999,SHORT,0.013296123433412308,-0.1741606185071452,1720940400000,-0.001127220414854041,-0.003632977024796076,-0.0032951007463572247
SOLUSDT,1721012399999,LONG,-0.1316233307121109,0.12055897738940251,1721012400000,-0.0032723967158705884,0.0074220487774471905,0.009688194395194355
SOLUSDT,1721019599999,SHORT,0.0789049180601069,-0.2917178585791922,1721019600000,-0.0003885272561229638,-0.005812118010792881,-0.012618794315879877
SOLUSDT,1721030399999,LONG,-0.045878945568209366,0.004868101213212069,1721030400000,-0.0029946406582565385,-0.010270028877080386,0.013520598415466649
SOLUSDT,1721033999999,SHORT,0.004868101213212069,-0.18619162467564096,1721034000000,0.003654080460330496,0.00316128026112194,-0.024987882108190744
SOLUSDT,1721041199999,LONG,-0.18753458662763847,0.08737466630731214,1721041200000,0.002066723527367312,0.013172081657564881,0.04779158920491118
SOLUSDT,1721059199999,SHORT,0.08274879253404503,-0.039834845441964986,1721059200000,-0.005981928591849468,-0.015690491360485583,-0.03188036587625884
SOLUSDT,1721062799999,LONG,-0.039834845441964986,0.26336746973654923,1721062800000,0.0021894143781348973,0.01818120580310378,0.02752587999447149
SOLUSDT,1721113199999,SHORT,0.015021504849077386,-0.0895379332307999,1721113200000,-0.002801104117118564,-0.015220346659113145,-0.050412438523313216
SOLUSDT,1721127599999,LONG,-0.03965845627521149,0.25377827237232886,1721127600000,0.005618189349230442,-0.003491366427264017,0.022273311732959204
SOLUSDT,1721156399999,SHORT,0.25046095569826043,-0.22784071739203293,1721156400000,0.0007720315001724963,0.012918558991556547,0.005242987073672578
SOLUSDT,1721343599999,LONG,-0.026834166681024278,0.1540696932752856,1721343600000,-0.004720346021245138,-0.007507834966284636,0.012881114876082593
SOLUSDT,1721354399999,SHORT,0.006733193900023284,-0.07295318851561591,1721354400000,-0.0013935087457649087,-0.02296714663546883,-0.052280931347932824
SOLUSDT,1721361599999,LONG,-0.00657076534492394,0.38027743440582873,1721361600000,-0.006380487128591986,-0.0026737321897256734,0.04209593732757382
SOLUSDT,1721447999999,SHORT,0.4160320375998124,-0.7172891042453433,1721448000000,-0.004421178193822362,0.005953173464515292,0.0018779902761557668
SOLUSDT,1721534399999,LONG,-0.5890141099196612,0.19965516335537414,1721534400000,-0.0002831477963726749,-0.010565268066883777,0.01313278318123504
SOLUSDT,1721642399999,SHORT,0.10406850600649951,-0.2157546712437186,1721642400000,-0.0033934663748977144,0.0010236474624439544,-0.007130790532804852
SOLUSDT,1721674799999,LONG,-0.15841643433182712,0.002902429448278588,1721674800000,0.010118148712254747,-0.013633438402697585,-0.03343797064401968
SOLUSDT,1721678399999,SHORT,0.002902429448278588,-0.04225207233199131,1721678400000,0.001489122021827665,0.02196334591090644,0.03810882236968724
SOLUSDT,1722020399999,LONG,-0.1285558100977575,0.010465841674627264,1722020400000,-0.0014869401681260417,0.004207399510412081,0.012499073017194792
SOLUSDT,1722023999999,SHORT,0.010465841674627264,-0.03547505275484073,1722024000000,0.0038620919780345854,-0.0047821426681403795,-0.019590718950914163
SOLUSDT,1722027599999,LONG,-0.03547505275484073,0.03202686461073235,1722027600000,0.0044769627081523225,0.005201071729166194,0.031225066510360538
SOLUSDT,1722031199999,SHORT,0.03202686461073235,-0.08788428122932006,1722031200000,-0.005172835869347903,0.003402906471415562,-0.02253614973527475
SOLUSDT,1722034799999,LONG,-0.08788428122932006,0.2943420035058731,1722034800000,-0.0009121970103977803,0.004456146004462818,0.011858994181100441
SOLUSDT,1722045599999,SHORT,0.20982747950426606,-0.3484245745720732,1722045600000,-0.01303188834522619,-0.011111316697826895,-0.03140790762870591
SOLUSDT,1722049199999,LONG,-0.3484245745720732,0.1230461979349256,1722049200000,-0.007693562838228381,0.003835527502319833,0.006469007730703596
SOLUSDT,1722103199999,SHORT,0.22023984710687355,-0.19153807542463658,1722103200000,-0.0019950324247168696,-0.027967404471203217,-0.010127281927479448
SOLUSDT,1722221999999,LONG,-0.33009406098222704,0.22558846301261914,1722222000000,0.00011967977868329981,0.002115698800586915,-0.02429785370845441
SOLUSDT,1722290399999,SHORT,0.1325673430091972,-0.09463544322240908,1722290400000,0.0031551354299774285,0.019031977641745735,0.012476860430358155
SOLUSDT,1722923999999,LONG,-0.23241865278375498,0.23507435659150147,1722924000000,-0.01099016472458395,-0.029752735773305283,0.014268251515989507
SOLUSDT,1722931199999,SHORT,0.12427373369093106,-0.03090233181786515,1722931200000,0.0318585161296639,0.018042468858479505,-0.03018436970617017
SOLUSDT,1722938399999,LONG,-0.18743009741244676,0.2534005865124319,1722938400000,0.002532666984370667,0.0004537613653246235,0.05861220387799562
SOLUSDT,1722967199999,SHORT,0.1606169409545871,-0.23715646554241104,1722967200000,-0.006274438757699158,-0.014590906331946861,-0.05435708743866546
SOLUSDT,1722977999999,LONG,-0.15318891101803525,0.029402604983196426,1722978000000,-0.0006791771351223122,-0.017713519848895676,0.0426456106169117
SOLUSDT,1722992399999,SHORT,0.07372456128128549,-0.05059877624487736,1722992400000,-0.0293774275558066,-0.057303146280019826,-0.057042075234579014
SOLUSDT,1722999599999,LONG,-0.009461506087380988,0.033154071165444256,1722999600000,0.014350558814248576,0.017718730499156506,-0.015266544732617893
SOLUSDT,1723010399999,SHORT,0.1844435937074348,-0.014141847405877423,1723010400000,0.007884868619969308,0.002863608008349562,0.048084675128929166
SOLUSDT,1723021199999,LONG,-0.11522913165763914,0.06613030720164662,1723021200000,-0.0063372933107204,-0.0033300671696819303,-0.06013720272739692
SOLUSDT,1723024799999,SHORT,0.06613030720164662,-0.5480669512546044,1723024800000,0.0023664460943408783,0.004902984096135679,0.043162735803720584
SOLUSDT,1723100399999,LONG,-0.000589034686435421,0.4510512337316507,1723100400000,-0.0027303238741541356,-0.0012277233123845523,0.01811611116175108
SOLUSDT,1723179599999,SHORT,0.49297405825777096,-0.002423988252036313,1723179600000,-0.0071023297995704854,-0.020316152966439707,0.022984599147616067
SOLUSDT,1723550399999,LONG,-0.8891745695297746,0.10442185279748624,1723550400000,0.002451820916767259,0.0012061157003063437,0.004993170428733663
SOLUSDT,1723636799999,SHORT,0.6273918984803364,-0.000774545633484858,1723636800000,-0.012720886693436014,0.009126034330024319,0.029495807416156275
SOLUSDT,1724079599999,LONG,-0.16549546465431045,0.0764903495674868,1724079600000,-0.0029649813929648284,-0.004753772348286483,0.00764604174642513
SOLUSDT,1724093999999,SHORT,0.13301832239153055,-0.09898505199884944,1724094000000,0.004846547424476363,0.00023689252854206536,-0.023444302246143196
SOLUSDT,1724104799999,LONG,-0.07011581502695924,0.02096938117137356,1724104800000,-0.00006968009869514038,0.01471169107224851,0.02063322263985556
SOLUSDT,1724108399999,SHORT,0.02096938117137356,-0.28057665926255604,1724108400000,-0.00481737686489231,-0.012650639730406362,-0.017982668132659536
SOLUSDT,1724360399999,LONG,-0.25854153322550555,0.21374083745211586,1724360400000,-0.0003628928180068152,0.006967070317705908,0.012288216758438407
SOLUSDT,1724367599999,SHORT,0.09586491910013491,-0.2635896271600948,1724367600000,-0.00014670080397391648,-0.011205825014047916,-0.007537645437575045
SOLUSDT,1724486399999,LONG,-0.19900714586053495,0.2962236698546943,1724486400000,0.0064889219777142515,0.017690154089056512,0.03783068093581432
SOLUSDT,1724536799999,SHORT,0.4334653435964724,-0.04225325854605219,1724536800000,-0.009700071317633788,-0.004100041547603906,0.0011372987524274501
SOLUSDT,1724540399999,LONG,-0.04225325854605219,0.019537846403158192,1724540400000,0.009650421919612346,-0.0015923019045008956,-0.014544052452012587
SOLUSDT,1724583599999,SHORT,0.05436417610653623,-0.07179673690538234,1724583600000,-0.002969043868702106,-0.014613225488390466,-0.02397646084769389
SOLUSDT,1724587199999,LONG,-0.07179673690538234,0.037611004478401315,1724587200000,0.0035565077053864094,0.013410295824101918,0.010770279204961508
SOLUSDT,1724605199999,SHORT,0.11465425762120784,-0.004652812584005796,1724605200000,-0.0024688345888949663,0.0009439127770361668,-0.012314733712875373
SOLUSDT,1724623199999,LONG,-0.22913448535903996,0.21686698274154395,1724623200000,-0.004295440452660026,-0.019909819761843042,-0.0035855139064651853
SOLUSDT,1724630399999,SHORT,0.14286007452844518,-0.47766707331691616,1724630400000,-0.0008870630931185992,-0.007280786451266227,-0.008947708432621038
SOLUSDT,1725350399999,LONG,-0.5679914853606474,0.009323329327838541,1725350400000,-0.010333904750176951,-0.0016143974997691818,-0.027148533929143227
SOLUSDT,1725353999999,SHORT,0.009323329327838541,-0.44319083234036155,1725354000000,-0.0027751544144603174,-0.00875673469895458,0.019529870992931877
SOLUSDT,1725501599999,LONG,-0.27811601061247115,0.2749103861887031,1725501600000,-0.0061613381034931,-0.011241814866248409,0.004971778498709154
SOLUSDT,1725505199999,SHORT,0.2749103861887031,-0.16074921422426575,1725505200000,0.011152096285234756,0.0075547244041093906,0.008972395491730237
SOLUSDT,1725530399999,LONG,-0.06494711229874094,0.046751308314587355,1725530400000,0.001889459647776182,0.01727213056552423,-0.021278130542701758
SOLUSDT,1725577199999,SHORT,0.020011364827619872,-0.03297942607827746,1725577200000,0.001413908300620453,-0.012643634952547356,-0.0067176577007023435
SOLUSDT,1725584399999,LONG,-0.016106109492154904,0.24107028180994944,1725584400000,0.006810661394590894,0.007762304201308502,0.031173806568210276
SOLUSDT,1725587999999,SHORT,0.24107028180994944,-0.2657760395503956,1725588000000,-0.007100042067696775,0.0004915212681902285,-0.003969384287498867
SOLUSDT,1725591599999,LONG,-0.2657760395503956,0.32756328615800556,1725591600000,-0.003972230203727146,-0.007491646194245829,-0.01604645381623885
SOLUSDT,1725595199999,SHORT,0.32756328615800556,-0.4635025548223814,1725595200000,0.0021149271107277537,0.019985744054140712,0.02028253790175234
SOLUSDT,1725721199999,LONG,-0.36618391064456224,0.059470673677571737,1725721200000,0.00677239555168794,-0.002481944549534727,0.0020778984775740037
SOLUSDT,1725728399999,SHORT,0.06774042041139833,-0.20594370233623938,1725728400000,0.005491709382618382,0.0017276586675153826,-0.007776666324140468
SOLUSDT,1725735599999,LONG,-0.2310091562616164,0.08533916003303602,1725735600000,0.0054023124387166865,-0.006519958447961485,0.0053087437280251665
SOLUSDT,1725742799999,SHORT,0.0998675173972166,-0.06803596751489047,1725742800000,0.002999045859928294,-0.0021983034816341496,-0.019782438400549412
SOLUSDT,1725753599999,LONG,-0.027157072917336083,0.07724972089299705,1725753600000,-0.0011443442432635792,0.004579922034484603,0.018402832248913998
SOLUSDT,1725767999999,SHORT,0.05142285227136446,-0.09411894729724228,1725768000000,-0.0015738954816635477,-0.010132286286323186,0.012017998847991696
SOLUSDT,1725861599999,LONG,-0.7224600927558017,0.08301177118737463,1725861600000,0.006554535155068824,0.01298138715925162,0.03915717865696411
SOLUSDT,1725868799999,SHORT,0.09477286403174157,-0.2993696476841904,1725868800000,-0.005425547276552868,-0.0011987766181518473,-0.042868791383480556
SOLUSDT,1725886799999,LONG,-0.04726626925425686,0.05099222501977562,1725886800000,0.003260225849929196,0.025841744435764428,0.036045072483984135
SOLUSDT,1725904799999,SHORT,0.05220087996287524,-0.5417659510642645,1725904800000,-0.0025111473494862395,-0.01629973778887057,-0.012485714792814039
SOLUSDT,1725926399999,LONG,-0.07013130760285329,0.7052995977067462,1725926400000,-0.007755118146547579,-0.01607500783665092,0.000910601911518064
SOLUSDT,1725965999999,SHORT,0.05725786824789421,-0.06246889704668012,1725966000000,-0.001925826663487888,-0.0017408121023141153,-0.0074824829190998495
SOLUSDT,1725969599999,LONG,-0.06246889704668012,0.0064289464021571405,1725969600000,-0.005684405495983751,-0.008098533782671781,0.0031399983686335644
SOLUSDT,1725987599999,SHORT,0.0714391412421003,-0.01643243045949796,1725987600000,-0.00942617336315944,-0.00865940958467025,0.016525458112966778
SOLUSDT,1725991199999,LONG,-0.01643243045949796,0.054343625044661434,1725991200000,0.007050143766221708,-0.002538447007879141,-0.032850503083118904
SOLUSDT,1725998399999,SHORT,0.048389534686666166,-0.054696753713078285,1725998400000,0.007150787987704085,0.0072983099871899056,0.031375531022189006
SOLUSDT,1726221599999,LONG,-0.1916846092391877,0.3722729762253004,1726221600000,0.003796347216776798,-0.007243958125613786,0.037762789713674104
SOLUSDT,1726282799999,SHORT,0.5117498507901542,-0.6013321861870382,1726282800000,-0.003349918306537128,0.007480655740119871,0.007770889380235827
SOLUSDT,1726369199999,LONG,-0.13527323361604854,0.5954062593792419,1726369200000,-0.0019487797211809668,-0.0024292864465995383,-0.014259669563158536
SOLUSDT,1726419599999,SHORT,0.19526701451150646,-0.0655802677252902,1726419600000,0.00324935710597258,0.005201045935787509,0.024439994667655174
SOLUSDT,1726523999999,LONG,-0.2118280832558359,0.09920207031231615,1726524000000,-0.005898191564530467,-0.007276646535024246,0.007193866612300444
SOLUSDT,1726545599999,SHORT,0.22736912280945942,-0.3089821309335309,1726545600000,-0.001174210211771385,-0.008546248958989533,-0.026574885164620525
SOLUSDT,1726811999999,LONG,-0.35516372574200195,0.07731268279508074,1726812000000,0.019691231661385835,0.01670681655175541,-0.017546039094953645
SOLUSDT,1726855199999,SHORT,0.0004080906784466184,-0.15615944589153233,1726855200000,-0.0025616627820688057,-0.009501259124140215,-0.0005690641790552946
SOLUSDT,1726869599999,LONG,-0.06759915624497159,0.5122068466387164,1726869600000,-0.0007475111625299476,-0.013210990531521836,0.0014526499835846684
SOLUSDT,1726901999999,SHORT,0.0866031805490176,-0.35035741341846394,1726902000000,-0.0042159438486919255,-0.00012946262806771999,-0.006486538601432188
SOLUSDT,1726941599999,LONG,-0.14131629247600547,0.18261094702370886,1726941600000,-0.0019479208053127732,-0.001650076115577061,-0.0054678452244183735
SOLUSDT,1726959599999,SHORT,0.10291889789421049,-0.03468797921161637,1726959600000,-0.005881816949049928,0.006248605955562056,0.023934630348487196
SOLUSDT,1726963199999,LONG,-0.03468797921161637,0.051810704093869946,1726963200000,-0.003998019734359016,-0.009173512444785597,-0.03125902569023345
SOLUSDT,1726966799999,SHORT,0.051810704093869946,-0.03985758373818583,1726966800000,0.006541260089695513,0.002874232516240255,0.027433889564541788
SOLUSDT,1726991999999,LONG,-0.49321272879229705,0.37259927091511114,1726992000000,0.0006589875608310076,-0.01625127399996624,-0.017433115252466623
SOLUSDT,1726999199999,SHORT,0.4085214156890846,-0.022520717630529114,1726999200000,-0.0005105314467171885,0.009324965741853302,0.02174461248155625
SOLUSDT,1727002799999,LONG,-0.022520717630529114,0.16866571950142867,1727002800000,-0.0014356810561027688,-0.01168313772524119,0.002748266844394084
SOLUSDT,1727013599999,SHORT,0.054092050290761105,-0.25760542952563414,1727013600000,0.001861503335022193,-0.009476706890558703,-0.021028884752582414
SOLUSDT,1727236799999,LONG,-0.1696178497845598,0.06106010240770636,1727236800000,-0.008329139818488299,-0.01446153444968983,-0.0103225356957527
SOLUSDT,1727243999999,SHORT,0.05228542181116899,-0.13608511354934075,1727244000000,0.0028866013170568924,0.0027330617285751943,0.005500387679285967
SOLUSDT,1727265599999,LONG,-0.4637757818426048,0.36709448615776313,1727265600000,-0.006596207173481173,-0.003578629002990992,-0.02012345072805669
SOLUSDT,1727305199999,SHORT,0.17653043375155797,-0.22053869217822228,1727305200000,0.008283154534385011,-0.0004961548104756834,-0.024085575688922268
SOLUSDT,1727330399999,LONG,-0.16417658347758027,0.0521204309230709,1727330400000,0.004252621034899859,0.005089035653207042,0.03675748344510515
SOLUSDT,1727341199999,SHORT,0.3097431017820773,-0.024053653159605896,1727341200000,0.0012798198063262765,-0.008643837552810228,-0.023829281941850154
SOLUSDT,1727348399999,LONG,-0.0304611107152698,0.1508580680426435,1727348400000,0.000824569601779494,0.0036465146959189037,0.022828362174476688
SOLUSDT,1727351999999,SHORT,0.1508580680426435,-0.6511084070306727,1727352000000,0.004339852097981735,-0.027256289395816837,-0.016922677486620463
SOLUSDT,1727387999999,LONG,-0.21620944678594722,0.21841603749177196,1727388000000,0.005589241652092811,-0.003816798526700965,0.01500906348777546
SOLUSDT,1727459999999,SHORT,0.08758385918680724,-0.0376771443657795,1727460000000,-0.0037764180338051537,0.0009891573947094182,0.0012937104654356098
SOLUSDT,1728075599999,LONG,-0.0028449582544800866,0.06567504791383386,1728075600000,-0.0007801399075006896,0.0023645605286585353,0.005547874068172334
SOLUSDT,1728082799999,SHORT,0.11806738937555666,-0.016890407273719498,1728082800000,-0.0018807972011556267,0.0040743537230760185,-0.007272810042052174
SOLUSDT,1728089999999,LONG,-0.017573852454415676,0.014103467180749136,1728090000000,-0.0032213317403759468,-0.011738454110426776,0.00047223862817251264
SOLUSDT,1728093599999,SHORT,0.014103467180749136,-0.49312836193571774,1728093600000,0.008320348062518365,0.00018817363603496252,0.005338339629136523
SOLUSDT,1728248399999,LONG,-0.4821395138286075,0.03283643900135843,1728248400000,-0.00692479077650251,0.025963137198081965,0.02057210737682049
SOLUSDT,1728251999999,SHORT,0.03283643900135843,-0.22979934432435145,1728252000000,-0.006504963792547138,-0.040946690573786616,-0.02037409111463295
SOLUSDT,1728259199999,LONG,-0.16051886502843496,0.10353488808444748,1728259200000,0.01873071277838539,0.02343248075411508,0.0063595600608004465
SOLUSDT,1728269999999,SHORT,0.017639843655261767,-0.006107800546180222,1728270000000,-0.0028732771763723616,0.0002476216621374075,-0.006669359121603257
SOLUSDT,1728273599999,LONG,-0.006107800546180222,0.4257099444868138,1728273600000,-0.0025253719636517623,-0.01267760691092043,-0.008341896645958816
SOLUSDT,1728327599999,SHORT,0.30677440194286193,-0.37073548970784753,1728327600000,-0.009492022926142638,0.008723742031174622,0.01110926912238988
SOLUSDT,1728338399999,LONG,-0.3388236139555336,0.17307114187814637,1728338400000,-0.016752398204544505,-0.012405151233624111,-0.022246249687029637
SOLUSDT,1728341999999,SHORT,0.17307114187814637,-0.4887953111500785,1728342000000,0.0033852952491381337,-0.0058348661428933,0.0025378964347981025
SOLUSDT,1728856799999,LONG,-0.18692647473213928,0.1606656614361158,1728856800000,-0.0008932136660067096,-0.0009067533440335179,0.0335407533152038
SOLUSDT,1728975599999,SHORT,0.14970090643317208,-0.11544217768790968,1728975600000,-0.0016135802384389002,-0.0007102960941771376,-0.0010975177834300202
SOLUSDT,1729079999999,LONG,-0.27277608166975165,0.235742308192873,1729080000000,-0.002635047638005225,-0.0010917382197293275,-0.010387525253386713
SOLUSDT,1729101599999,SHORT,0.1595112038697117,-0.0060256141043741485,1729101600000,0.004266880019034588,0.007641534399543109,0.015603983464419418
SOLUSDT,1729108799999,LONG,-0.0022521187385973274,0.03374500581931832,1729108800000,0.0002592184578056791,-0.0006483402716732087,-0.011472650443092603
SOLUSDT,1729115999999,SHORT,0.05883054136987229,-0.4357612342877103,1729116000000,-0.0060274332646522485,-0.011054836699137482,0.005410175175224388
SOLUSDT,1729299599999,LONG,-0.31237644527066744,0.04208643730970645,1729299600000,-0.0010364037720026278,-0.002138760982489448,0.0004530891044857699
SOLUSDT,1729303199999,SHORT,0.04208643730970645,-0.23680015777784827,1729303200000,-0.004203996748821877,-0.003945798967888494,-0.00284771404664682
SOLUSDT,1729310399999,LONG,-0.1702020253862186,0.15521535358959446,1729310400000,-0.0023976941791718012,-0.00019419361164047807,0.012286668348350056
SOLUSDT,1729321199999,SHORT,0.2712993215786934,-0.5478046477499098,1729321200000,0.00012946659779874078,0.0010362024112182532,-0.008443764112689548
SOLUSDT,1729378799999,LONG,-0.004721921441105931,0.08387974200083613,1729378800000,0.005462607373903041,-0.001953679524829408,-0.0008188203147004387
SOLUSDT,1729382399999,SHORT,0.08387974200083613,-0.03158228278361232,1729382400000,0.006218417701499423,0.0046444569774052305,0.003449901492864791
SOLUSDT,1729389599999,LONG,-0.005295257873829685,0.039050776540549524,1729389600000,-0.0011978691972328978,0.0034594493098315214,-0.003914146411370895
SOLUSDT,1729393199999,SHORT,0.039050776540549524,-0.10513543358846976,1729393200000,-0.0028349154337603513,-0.0042179545679020295,-0.014094886771199024
SOLUSDT,1729407599999,LONG,-0.11103678022137885,0.1506421045856514,1729407600000,-0.0029568138304818504,-0.003082829834681251,0.007385188153673026
SOLUSDT,1729414799999,SHORT,0.23115709010509308,-0.06554175033212514,1729414800000,-0.0022028520095219925,0.00302896678857547,-0.024890837631760407
SOLUSDT,1729418399999,LONG,-0.06554175033212514,0.125604338432956,1729418400000,-0.0022658619966258765,-0.006116998420892772,0.029059384986372182
SOLUSDT,1729551599999,SHORT,0.16768730984434918,-0.07490028866001107,1729551600000,0.009465682945149136,0.010308751765408337,0.007781674608283608
SOLUSDT,1729774799999,LONG,-0.08129299438863823,0.07866914050610656,1729774800000,0.004562832304580367,0.009558017806105362,0.009614638138481893
SOLUSDT,1729868399999,SHORT,0.01791655840894587,-0.03734888710494898,1729868400000,0.01833964420109715,0.03637186396296563,0.06313431968860017
SOLUSDT,1729983599999,LONG,-1.2781674847094662,0.17348352584521656,1729983600000,-0.0029813250972007786,0.0010501138588243078,0.013047823485619952
SOLUSDT,1729987199999,SHORT,0.17348352584521656,-0.03313868330674885,1729987200000,0.001288810957541242,-0.007233304593520061,-0.018273560079468364
SOLUSDT,1729994399999,LONG,-0.07142729625216428,0.20314833541030733,1729994400000,-0.0047119135490135055,0.0009281281483010239,0.020393043795847915
SOLUSDT,1730026799999,SHORT,0.37165860442045506,-0.0187692016744172,1730026800000,-0.002244411496647382,-0.015832973426090864,-0.023459482724193195
SOLUSDT,1730030399999,LONG,-0.0187692016744172,0.1128718399979774,1730030400000,0.009838770591728259,0.010009521040362967,0.014948643743998834
SOLUSDT,1730069999999,SHORT,0.4256755440905359,-0.12554746479424758,1730070000000,0.006322703687169159,0.014853722837910888,0.003043456105608154
SOLUSDT,1730073599999,LONG,-0.12554746479424758,0.04511476958234758,1730073600000,-0.003290036435284716,-0.005166796448144893,0.0016975050757543722
SOLUSDT,1730080799999,SHORT,0.11206724193423495,-0.030324465192089887,1730080800000,0.0030795576091549007,0.007544617405874151,0.00302244249362409
SOLUSDT,1730084399999,LONG,-0.030324465192089887,0.07608206338704804,1730084400000,0.0033071075870661133,-0.0036619598054424413,-0.0011429225771256238
SOLUSDT,1730145599999,SHORT,0.12226224049535257,-0.04294919522483866,1730145600000,0.0002268473893921531,-0.010435858354647927,-0.02120815575340609
SOLUSDT,1730159999999,LONG,-0.5301225380957999,0.176681237737517,1730160000000,0.0021301650523616535,0.02000066670666965,0.014097689810838296
SOLUSDT,1730278799999,SHORT,0.17500671752098568,-0.16192941246263048,1730278800000,-0.0008988259691693963,0.013865138220731741,0.0073896824780887525
SOLUSDT,1730469599999,LONG,-0.13156397275310505,0.14203605209747108,1730469600000,-0.00871288039773238,-0.03843679748928215,-0.033042394573508625
SOLUSDT,1730476799999,SHORT,0.016609046366696655,-0.18534179174605095,1730476800000,-0.013746545228089702,-0.015188939852826811,-0.0178878349447469
SOLUSDT,1730516399999,LONG,-0.1696937448680968,0.05343525979659403,1730516400000,-0.002691630658748068,-0.003530506614227702,-0.024183513364000608
SOLUSDT,1730519999999,SHORT,0.05343525979659403,-0.020556287764165248,1730520000000,0.00426158323298187,-0.0034678659567180586,0.019535533117544475
SOLUSDT,1730534399999,LONG,-0.09283992865628646,0.04945345045172044,1730534400000,-0.006166761048638056,-0.009716384244446267,-0.014791923841282284
SOLUSDT,1730537999999,SHORT,0.04945345045172044,-0.27888479400283356,1730538000000,0.0015024492744866592,0.009715551786096123,-0.00030021916224159766
SOLUSDT,1730786399999,LONG,-0.14236111924742811,0.1238710741167584,1730786400000,0.0008707009692441128,0.006388212874330939,0.03617207644603741
SOLUSDT,1730789999999,SHORT,0.1238710741167584,-0.2827901976819032,1730790000000,-0.006567964623177644,-0.00502279913759195,-0.035901291506544385
SOLUSDT,1730818799999,LONG,-0.05483881317913947,0.017093778905056648,1730818800000,-0.005892272939956655,-0.00041972718349664496,0.0735982805061279
SOLUSDT,1730822399999,SHORT,0.017093778905056648,-0.37192535247543224,1730822400000,-0.015496765082770413,0.011339983865747142,-0.1088457520913706
SOLUSDT,1730923199999,LONG,-0.1489750440482549,0.3587007257481139,1730923200000,-0.005053874302678847,-0.00981184216776398,-0.001965315481330283
SOLUSDT,1730951999999,SHORT,0.41156641875299527,-0.19769965610543944,1730952000000,0.0028586573199386725,0.005778677445757733,-0.018696048745569457
SOLUSDT,1731063599999,LONG,-0.19547481545590842,0.08523317304582848,1731063600000,-0.002655129891027278,-0.01953651981369966,-0.023148261888847294
SOLUSDT,1731081599999,SHORT,0.17313755391551572,-0.03130886915555381,1731081600000,0.019592709526466585,0.007189606085410833,0.009949335878288591
SOLUSDT,1731106799999,LONG,-0.028721869145109723,0.18216294208392186,1731106800000,0.004712969365483248,0.003111046716149961,0.02059262023520941
SOLUSDT,1731146399999,SHORT,0.2764566985409677,-0.2820217076769771,1731146400000,-0.006321633063620758,0.01105974507436199,0.017391742711869107
SOLUSDT,1731239999999,LONG,-0.2734032640139863,0.09293840025184193,1731240000000,-0.005528358971243216,0.02756887529301107,0.016832104302065474
SOLUSDT,1731279599999,SHORT,0.28670203804446287,-0.36101677911669494,1731279600000,0.002042707534358383,-0.004734408994815953,-0.024146136651814948
SOLUSDT,1731722399999,LONG,-0.061024700832713004,0.02046042510457854,1731722400000,0.0016454889899855734,0.011235817704579472,-0.0027026424457839843
SOLUSDT,1731743999999,SHORT,0.0476504089503084,-0.09185291719289997,1731744000000,-0.00196074023739241,-0.0000456423012926635,0.012677584703350137
SOLUSDT,1731941999999,LONG,-0.08518779717331725,0.008467059828199033,1731942000000,0.007005138255544785,-0.01319505502210964,-0.0010343187864869153
SOLUSDT,1731945599999,SHORT,0.008467059828199033,-0.014278747727320693,1731945600000,0.01385149598662673,0.029249647882992523,0.011314953886021896
SOLUSDT,1732402799999,LONG,-0.7784713456267515,0.15464320037838503,1732402800000,-0.00011760785634030978,0.013858832839332704,-0.011631476625031346
SOLUSDT,1732417199999,SHORT,0.015066332079456991,-0.17506222673367677,1732417200000,-0.000579743769498798,0.008970759757388654,0.04422509544634838
SOLUSDT,1733918399999,LONG,-0.11190664873663031,0.5478140930555966,1733918400000,0.00040045385304556604,0.01615715190477514,0.011460555978784395
SOLUSDT,1734019199999,SHORT,0.02075101131657772,-0.06961317068443432,1734019200000,0.002338473263816623,0.017541247392516997,0.017805401660144188
SOLUSDT,1734026399999,LONG,-0.08009497191195207,0.06375500771186633,1734026400000,-0.011347151752199944,-0.027909594507884945,-0.03664944268047397
SOLUSDT,1734033599999,SHORT,0.16309746811998738,-0.11848441430608019,1734033600000,-0.0068002104680361004,0.0012333716654691024,0.010799432213243504
SOLUSDT,1735041599999,LONG,-0.6901739005775996,0.07220478856672671,1735041600000,-0.006921163110813101,0.02479000186232435,0.02134399429675048
SOLUSDT,1735045199999,SHORT,0.07220478856672671,-0.11267010900083192,1735045200000,-0.019903983783926403,-0.020876074623054953,-0.030089445642633227
SOLUSDT,1735455599999,LONG,-0.6220213360466453,0.02302909534239956,1735455600000,-0.001377094548587213,0.0025960158123751755,-0.015460386526799973
SOLUSDT,1735473599999,SHORT,0.03372049758505044,-0.12143526201103225,1735473600000,-0.00015302609124714936,0.005011772789667413,0.032033422064521706
SOLUSDT,1735477199999,LONG,-0.12143526201103225,0.012619161089493219,1735477200000,0.0009176651166537108,-0.016715486782275517,-0.020092376501906744
SOLUSDT,1735491599999,SHORT,0.050204792491544435,-0.011446149359298377,1735491600000,-0.002331305291086095,0.002804759538775236,0.016051373300403148
SOLUSDT,1735495199999,LONG,-0.011446149359298377,0.014176596013824377,1735495200000,-0.00031052686306875534,-0.013230737851104206,-0.011187836221303982
SOLUSDT,1735509599999,SHORT,0.3593118765063601,-0.0728387610150359,1735509600000,0.006734386476239696,-0.011884424474591666,-0.011210587465811325
SOLUSDT,1735520399999,LONG,-0.15155698059977116,0.26324045840227667,1735520400000,0.004310015759345353,-0.012726349455631234,0.005811556414776647
SOLUSDT,1735531199999,SHORT,0.05389362551063026,-0.09558544663875462,1735531200000,0.00797946383060303,-0.005371170319114743,0.021190256274775367
SOLUSDT,1735534799999,LONG,-0.09558544663875462,0.10922066011147685,1735534800000,0.007194842370185192,0.01812391290237536,-0.013371027455865154
SOLUSDT,1735541999999,SHORT,0.13365233218664774,-0.9863311762390379,1735542000000,0.002908186511661608,0.0014530360626049748,-0.008365656844089466
SOLUSDT,1735599599999,LONG,-0.21898042028106912,0.6033379702666589,1735599600000,0.0010462440795341412,-0.00456394234829268,0.016301041015362068
DOGEUSDT,1672563599999,SHORT,0.1374852587254203,-0.03722344568647017,1672563600000,-0.005906521529521035,-0.00490055751568004,-0.0169058467662683
DOGEUSDT,1672567199999,LONG,-0.03722344568647017,0.12106186984541327,1672567200000,0.00014362657116241104,-0.0008621928972106808,0.009862153827777114
DOGEUSDT,1672581599999,SHORT,0.13673744955213332,-0.11565557179048397,1672581600000,0.0005752085289457084,-0.0033010435429781,0.006200899528908663
DOGEUSDT,1672588799999,LONG,-0.030647476567504373,0.40174242871019766,1672588800000,-0.0011481057518320829,0.00828457816479909,0.0037222662877216856
DOGEUSDT,1672624799999,SHORT,0.12698010067593674,-0.25758877351836174,1672624800000,-0.004185616271703785,-0.015214876538286995,-0.03677563564486464
DOGEUSDT,1672631999999,LONG,-0.15450146396478442,0.29029080237018484,1672632000000,-0.0010006433541682356,0.02525351101801288,0.03330128582564598
DOGEUSDT,1672675199999,SHORT,0.09405967560590058,-0.14343727150189214,1672675200000,0.00540504399516054,0.0027681678576129314,0.010001472451133028
DOGEUSDT,1672840799999,LONG,-0.4484529519004103,0.4153447010497216,1672840800000,-0.0022145337770075827,0.002761288514131593,0.0074380508210014264
DOGEUSDT,1672927199999,SHORT,0.17254346000433635,-0.899902856445065,1672927200000,-0.0028951560858030954,0.005260255761703451,0.010269310342453713
DOGEUSDT,1673121599999,LONG,-0.27590446229715093,0.20992316310537693,1673121600000,-0.000831370423387625,-0.00027704668413807717,-0.005973484456799975
DOGEUSDT,1673207999999,SHORT,0.009696792201032565,-0.38219229754345224,1673208000000,-0.013408176544451289,-0.024061104385241856,-0.04196801168016871
DOGEUSDT,1674291599999,LONG,-0.5689211534625618,0.041374479107750786,1674291600000,0.013125794792456897,0.002868125639625943,0.007097911883030579
DOGEUSDT,1674298799999,SHORT,0.04359582456532912,-0.10691767292036303,1674298800000,-0.006813352761732211,-0.01048940514951192,0.001971815288300001
DOGEUSDT,1676087999999,LONG,-0.08385491641877264,0.11727134564418717,1676088000000,-0.003294493858922241,-0.005129468989990406,0.00048715139192620195
DOGEUSDT,1676091599999,SHORT,0.11727134564418717,-0.38085889942638046,1676091600000,0.002937938213117711,0.004287383305340185,0.0014678901718288213
DOGEUSDT,1676419199999,LONG,-0.1162130336413639,0.027328825970752504,1676419200000,-0.006482615739405505,0.01767228581214264,0.03399727522614078
DOGEUSDT,1676426399999,SHORT,0.07079388797508727,-0.07225422829147808,1676426400000,0.0024157518693596045,-0.04239874572751785,-0.03776266881003937
DOGEUSDT,1677405599999,LONG,-0.4085826581701739,0.05243779382867611,1677405600000,-0.003316752625994038,-0.0020870426825415076,0.00781826606415634
DOGEUSDT,1677409199999,SHORT,0.05243779382867611,-0.25163034476200324,1677409200000,-0.0012298611807239012,-0.0008610616191030599,-0.00833338155914424
DOGEUSDT,1677563999999,LONG,-0.24314719784074007,0.1109002687597941,1677564000000,-0.0006093474078007848,-0.011395087461859172,-0.0019512201312616936
DOGEUSDT,1677567599999,SHORT,0.1109002687597941,-0.0300745805857752,1677567600000,0.011277393361306932,0.007463177725139874,-0.0030426604134416516
DOGEUSDT,1677571199999,LONG,-0.0300745805857752,0.025453057627417876,1677571200000,-0.0006165608432571316,0.005286789224149774,0.0017243507167075812
DOGEUSDT,1677596399999,SHORT,0.014298490369790752,-0.028123009613240987,1677596400000,-0.003298518658664887,-0.006950823668200245,0.003555014470381296
DOGEUSDT,1677599999999,LONG,-0.028123009613240987,0.049791393013816805,1677600000000,-0.006363212855924932,-0.00882142451661084,-0.00048804295746645535
DOGEUSDT,1677617999999,SHORT,0.4764178881517157,-0.16207787636624912,1677618000000,0.007948377662951492,0.004090492223530815,-0.019720156470187666
DOGEUSDT,1677707999999,LONG,-1.369835010249095,0.1508954664812969,1677708000000,-0.003174605840772765,-0.010416122603906917,-0.017586384502075978
DOGEUSDT,1677711599999,SHORT,0.1508954664812969,-0.15730303804689247,1677711600000,-0.0014662759225274112,0.011931994691139943,0.014410003640986787
DOGEUSDT,1678024799999,LONG,-0.1291345697036285,0.0667645024294418,1678024800000,-0.001458789463659873,-0.00478215576607536,-0.02116055920512519
DOGEUSDT,1678103999999,SHORT,0.4304137232284067,-0.5598127574237916,1678104000000,-0.0029834575967632227,-0.015631634822950623,-0.015230431206736499
DOGEUSDT,1678125599999,LONG,-0.4073264160749002,0.1219589281383388,1678125600000,0.0026759448668006386,-0.0010723861617525938,0.012382822493540144
DOGEUSDT,1678172399999,SHORT,0.3049633084175616,-0.4506841455711053,1678172400000,0.0029341178691987034,0.015433440603306705,0.02112991606436094
DOGEUSDT,1678593599999,LONG,-0.13127240714166916,0.010789844167108426,1678593600000,0.0013635332769361675,-0.0016690695021080993,-0.007914805396906621
DOGEUSDT,1678600799999,SHORT,0.010604628623795785,-0.06855806377722605,1678600800000,-0.000910885139647122,-0.000151871820475743,-0.019552435183074566
DOGEUSDT,1678615199999,LONG,-0.11542545101433273,0.02340862850220681,1678615200000,0.0037893186683505132,-0.003498900656334575,0.05207506920791973
DOGEUSDT,1678618799999,SHORT,0.02340862850220681,-0.0015298810708599655,1678618800000,0.0016652793190612089,0.010033528989577923,-0.05660362880491451
DOGEUSDT,1678622399999,LONG,-0.0015298810708599655,0.0012275438195239437,1678622400000,-0.0037950709685516094,-0.008521049731933985,0.06595796779179737
DOGEUSDT,1678741199999,SHORT,0.45117320499551616,-0.18896930077698795,1678741200000,-0.003719268699518142,0.001795704605741645,0.011381108274420175
DOGEUSDT,1678859999999,LONG,-0.024538685380157653,0.23759708206913172,1678860000000,-0.0014628634831622325,-0.014995594960356646,-0.09412815441917129
DOGEUSDT,1678867199999,SHORT,0.13046934627532153,-0.11482998581016149,1678867200000,0.006121110263101623,0.027026855113086414,0.08930542675027005
DOGEUSDT,1679054399999,LONG,-0.05559680116992655,0.15506010853066127,1679054400000,-0.012129438944646067,-0.024407809483430222,0.012376721518404287
DOGEUSDT,1679104799999,SHORT,0.19124749395683366,-0.05216965205476767,1679104800000,-0.0007736944293101071,0.00025803122320952073,0.008160138538421454
DOGEUSDT,1679108399999,LONG,-0.05216965205476767,0.2760128651770877,1679108400000,0.003603143777227119,0.004245198373922418,-0.008544847433817655
DOGEUSDT,1679126399999,SHORT,0.12443929238327327,-0.3756383195919772,1679126400000,0.011115533860196886,-0.0019261643194396544,0.04253726080701005
DOGEUSDT,1679623199999,LONG,-0.2562752388867106,0.04512120794575164,1679623200000,-0.004942135172955022,-0.008337724174093404,-0.03323967316882986
DOGEUSDT,1679626799999,SHORT,0.04512120794575164,-0.1782899917358098,1679626800000,0.0022185979736487446,0.0018267228461729317,0.029635718248650893
DOGEUSDT,1679633999999,LONG,-0.06077252777684435,0.004319115072184284,1679634000000,0.002619860026125545,-0.014267084800682102,-0.0259099061822319
DOGEUSDT,1679637599999,SHORT,0.004319115072184284,-0.17132472906926965,1679637600000,-0.0016992357529598428,0.021020008506434866,0.04139995672889217
DOGEUSDT,1679857199999,LONG,-0.06308954791210407,0.07227752374533855,1679857200000,-0.0021577891042578097,0.002018707367468317,-0.012471355893960473
DOGEUSDT,1679864399999,SHORT,0.2926142224902467,-0.10517703349104458,1679864400000,-0.003658292813763822,-0.008246075789782857,0.0019021744865913006
DOGEUSDT,1679878799999,LONG,-0.12256375527028389,0.12961112525594848,1679878800000,-0.010827010622934943,-0.0052635252095587755,0.009378418149583175
DOGEUSDT,1679885999999,SHORT,0.11010088453560081,-0.6248844405725033,1679886000000,0.0005434044421178151,0.004355526145130235,0.009278276411830853
DOGEUSDT,1680047999999,LONG,-0.011138389513706977,0.14848585877172743,1680048000000,-0.003530214121097882,0.0017604446282658273,0.02938245559094994
DOGEUSDT,1680137999999,SHORT,0.028845973731863664,-0.004578419565799879,1680138000000,-0,-0.0034662079764861075,-0.002267725910134401
DOGEUSDT,1680148799999,LONG,-0.15493771410627152,0.0472478259026389,1680148800000,0.0021316288380568596,0.004922513764738471,-0.0028046762959417753
DOGEUSDT,1680184799999,SHORT,0.04618176604063748,-0.019033556773542102,1680184800000,-0.0008024609230938132,0.015370398322507342,-0.0001337882134578755
DOGEUSDT,1680299999999,LONG,-0.6614011702859834,0.03270326775827756,1680300000000,0.015435808129839248,0.009238241488234177,0.004044099178100578
DOGEUSDT,1680314399999,SHORT,0.43571050387905236,-0.01114442362422371,1680314400000,0.0005182018512127108,-0.0028453200779078496,0.008846161498894719
DOGEUSDT,1680317999999,LONG,-0.01114442362422371,0.30215942266157875,1680318000000,0.006586192852856655,-0.0016857943433479527,-0.0146178536093591
DOGEUSDT,1680332399999,SHORT,0.11808175803941619,-0.260350237911437,1680332400000,0.00012979427625454552,0.007948442394052435,-0.053445422064047246
DOGEUSDT,1680418799999,LONG,-0.12065108254569391,0.10179831527091038,1680418800000,0.0009515880342191182,-0.018618038231422305,-0.04939727452145458
DOGEUSDT,1680451199999,SHORT,0.9076627779656965,-0.4503609638411445,1680451200000,-0.007838219649522863,-0.002788341477045147,0.01999810267642435
DOGEUSDT,1680933599999,LONG,-0.35116975691736263,0.027377324040010684,1680933600000,-0.004309835475162151,-0.011051163521250601,-0.01747348186968708
DOGEUSDT,1680937199999,SHORT,0.027377324040010684,-0.08361373319704421,1680937200000,0.004448994292081109,0.004931154378567718,0.026749315236202716
DOGEUSDT,1681433999999,LONG,-0.10183002958117188,0.14650409391837307,1681434000000,0.015260619318908304,0.02424022624472368,0.003724399090982494
DOGEUSDT,1681459199999,SHORT,0.14991937139496817,-0.08036639460272874,1681459200000,-0.005344034094271511,-0.006675592213784032,0.01111309635521313
DOGEUSDT,1681498799999,LONG,-0.18193584960319145,0.04763488268360646,1681498800000,0.003505403035405362,0.008572125578753712,0.00801042248023529
DOGEUSDT,1681509599999,SHORT,0.14806074468353012,-0.3297881203051186,1681509600000,-0.0045024839683157755,0.007246408520767198,-0.01389222431815472
DOGEUSDT,1681563599999,LONG,-0.011109687870193771,0.020854196284729884,1681563600000,-0.009494625919778562,-0.01039289680883381,-0.009606865663989664
DOGEUSDT,1681567199999,SHORT,0.020854196284729884,-0.3129535892171939,1681567200000,-0.0013458952233549413,0.00022449208759661615,0.005288933726457045
DOGEUSDT,1681664399999,LONG,-0.019306933501191018,0.14093731311644922,1681664400000,-0.003670953563459232,0.015316259963449087,-0.00690810546663655
DOGEUSDT,1681693199999,SHORT,0.15941220264349462,-0.25343754312371486,1681693200000,-0.004958315319423386,-0.010339494223940243,-0.06526549361168565
DOGEUSDT,1681833599999,LONG,-0.1589297578082085,0.051369587473312696,1681833600000,-0.006847876107209132,-0.0071700237610018685,-0.00502433041550959
DOGEUSDT,1681837199999,SHORT,0.051369587473312696,-0.0180924367713088,1681837200000,0.013730687635919166,0.0004295994051679422,-0.003323152546350279
DOGEUSDT,1682427599999,LONG,-0.2919439703629105,0.01002602454433611,1682427600000,0.0006358491979982261,-0.0049735484782970985,0.016276934966563763
DOGEUSDT,1682611199999,SHORT,0.19539137521672176,-0.040773090317553044,1682611200000,0.0003746955642414817,-0.003241493924171023,0.002125133620593774
DOGEUSDT,1682632799999,LONG,-0.08788001530214612,0.7848925721618263,1682632800000,-0.0024968801985870434,-0.0023718880104361315,-0.0009980040748513116
DOGEUSDT,1682654399999,SHORT,0.0029792000510802,-0.038135145173269255,1682654400000,-0.0034982544421319583,-0.006735712132222305,0.0005007511371536927
DOGEUSDT,1682657999999,LONG,-0.038135145173269255,0.8139927183600609,1682658000000,0.0016198371244817704,-0.0016224652545096848,-0.0009981285919118462
DOGEUSDT,1682747999999,SHORT,0.24352489883018424,-0.32641152751337976,1682748000000,-0.0008658544668595461,-0.0007422068623744952,-0.0032122587542593884
DOGEUSDT,1682830799999,LONG,-0.26381404862098634,0.05371599506154308,1682830800000,0.003933141746837146,0.001722653311446156,0.0003693898952302713
DOGEUSDT,1682920799999,SHORT,0.04445415954184317,-0.07440817588949979,1682920800000,-0.0019005390579741393,0.0010150996938144044,0.004958372627640933
DOGEUSDT,1682924399999,LONG,-0.07440817588949979,0.19582228451651135,1682924400000,-0.0019007798918083982,-0.002535176918731096,-0.010179500039905238
DOGEUSDT,1682942399999,SHORT,0.18392863690684072,-0.04614201358051909,1682942400000,-0.0012685527516202494,0.0062392766229370945,0.0003808798370173593
DOGEUSDT,1683089999999,LONG,-0.06812322900518318,0.08325067818806249,1683090000000,-0.001405302051779041,-0.00025536261630080843,-0.005504718502444567
DOGEUSDT,1683100799999,SHORT,0.24113238153596578,-0.002347030261036447,1683100800000,-0.0014056612115808977,0.0068005651197094365,0.006414390177663694
DOGEUSDT,1683104399999,LONG,-0.002347030261036447,0.02387528927934195,1683104400000,-0.000766577270195351,-0.013759620415584971,-0.0016616607645182123
DOGEUSDT,1683111599999,SHORT,0.6658770554533839,-0.18176440888239628,1683111600000,0.004624285697113903,0.007977396912047787,-0.029298724054851656
DOGEUSDT,1683161999999,LONG,-0.02896023999884128,0.0183511380813787,1683162000000,-0.0012570711900512029,-0.003902075566029827,-0.011752204509186145
DOGEUSDT,1683165599999,SHORT,0.0183511380813787,-0.12726564172727536,1683165600000,0.0011328593319313053,0.0011328593319313053,0.020076913242254617
DOGEUSDT,1683197999999,LONG,-0.42461518009802196,0.030612743908971205,1683198000000,-0.00480344748638755,-0.01473603901387772,-0.01473603901387772
DOGEUSDT,1683201599999,SHORT,0.030612743908971205,-0.1657865135574853,1683201600000,0.0031727928132634464,0.009932591527490146,0.007504009775267562
DOGEUSDT,1683759599999,LONG,-0.035344970469088514,0.08965167179761754,1683759600000,-0.0027329888560687983,-0.008496693572818858,-0.019567938680502266
DOGEUSDT,1683763199999,SHORT,0.08965167179761754,-0.06409337023284342,1683763200000,0.007829172605650043,0.009347147091570966,0.01711094596726645
DOGEUSDT,1683773999999,LONG,-0.04437785109577417,0.0237046129728312,1683774000000,-0.0034466153923264626,-0.003170448585821308,-0.024802720496230442
DOGEUSDT,1683777599999,SHORT,0.0237046129728312,-0.1269208254369298,1683777600000,-0.0039975241048733606,0.0011055833077497552,0.02248855160557278
DOGEUSDT,1683788399999,LONG,-0.31089501221885474,0.014599150931526618,1683788400000,-0.0016579169312916926,-0.008038851329840082,-0.03326389063277025
DOGEUSDT,1683799199999,SHORT,0.05647263230447719,-0.059062373468567984,1683799200000,-0.0013925639348318626,0.0051694142361716254,0.004469281182297031
DOGEUSDT,1683907199999,LONG,-0.35458908808226997,0.059808954082846984,1683907200000,0.000985013799476538,0.002671354839913137,0.014535545926631097
DOGEUSDT,1683921599999,SHORT,0.12834481981889384,-0.05997344946693444,1683921600000,0.0001404198555983717,-0.014912129162573904,-0.010475687670081175
DOGEUSDT,1683928799999,LONG,-0.12611719355378279,0.0984851046159291,1683928800000,0.0038932196004859104,0.0034768131818103416,0.004309452697026132
DOGEUSDT,1684025999999,SHORT,0.0011948939060572204,-0.0522901091904312,1684026000000,0.004195223605053688,-0.005288808430947579,-0.007230287337834598
DOGEUSDT,1684029599999,LONG,-0.0522901091904312,0.0342576437381979,1684029600000,0.004474280394920886,0.0072605736436041814,0.01267161702313556
DOGEUSDT,1684033199999,SHORT,0.0342576437381979,-0.10127292675070751,1684033200000,-0.002508362519206108,-0.004177115513885239,-0.006952197078354044
DOGEUSDT,1684274399999,LONG,-0.3490797341621535,0.013748915329665011,1684274400000,-0.005774005593473702,0.0051955271369135275,0.011584456637632294
DOGEUSDT,1684295999999,SHORT,0.031642915896502595,-0.09959036535548232,1684296000000,0.0023254233856449405,0.008644993806254673,-0.00027322404541552
DOGEUSDT,1684789199999,LONG,-0.03317054212394136,0.21718836341841338,1684789200000,0,-0.003977239008141378,0.0004105371251639263
DOGEUSDT,1684868399999,SHORT,0.5805374592845246,-0.003210535213677384,1684868400000,-0.0019286409064056863,-0.0048146457955404506,0.0197750490774552
DOGEUSDT,1684871999999,LONG,-0.003210535213677384,0.17181604843383586,1684872000000,0.0009627949302984122,0.0023366102308626834,-0.022685545944629782
DOGEUSDT,1684875599999,SHORT,0.17181604843383586,-0.11490669369249576,1684875600000,0.0002749896896194854,0.0013757052658051932,0.021398621140912878
DOGEUSDT,1685073599999,LONG,-0.2682194819077431,0.016783899055253865,1685073600000,0.0007072636266251353,0.0022614850627684447,0.005925525238628823
DOGEUSDT,1685080799999,SHORT,0.13021669356992693,-0.15285506346591704,1685080800000,-0.004106781952653281,-0.0031170328439315592,-0.001134590959891912
DOGEUSDT,1685087999999,LONG,-0.006264015840013767,0.2707787884405202,1685088000000,-0.00042363906585717796,-0.00014119308177368265,0.002960458918383472
DOGEUSDT,1685095199999,SHORT,0.33182428594559726,-0.347326842222299,1685095200000,-0.0008482963890575506,-0.0028248606355548407,-0.004234304138788385
DOGEUSDT,1685098799999,LONG,-0.347326842222299,0.14747511615241388,1685098800000,0.0009889101604105693,0.00521605468230224,0.0011301032421844393
DOGEUSDT,1685120399999,SHORT,0.1299007477292667,-0.020424787296752546,1685120400000,0.0031135037888703017,-0.00394867245541628,-0.010402117972611294
DOGEUSDT,1685123999999,LONG,-0.020424787296752546,0.024129489726480897,1685124000000,0.004808381488919456,0.00649995223340938,0.011277255122839527
DOGEUSDT,1685131199999,SHORT,0.14767978470781337,-0.02073745766115511,1685131200000,-0,0.0018313733371026252,-0.005753998052154033
DOGEUSDT,1685134799999,LONG,-0.02073745766115511,0.1357976655528641,1685134800000,-0.0008447135515656546,0.00042208934851073265,0.0033717368273692054
DOGEUSDT,1685188799999,SHORT,0.07705904524504102,-0.3171566137145407,1685188800000,-0.0011217051092001736,0.00028062298486374043,-0.017522350692202492
DOGEUSDT,1685228399999,LONG,-0.14509209752748814,0.09468782878200009,1685228400000,-0.007006004341952275,-0.005077894668738124,-0.006592524906663031
DOGEUSDT,1685239199999,SHORT,0.00974011465600433,-0.240864172808627,1685239200000,0.0019243992193170051,0.0019243992193170051,0.006060624611690958
DOGEUSDT,1685275199999,LONG,-0.09523261363216615,0.09231140895150783,1685275200000,-0.0029027596579614626,0.0012414650880647237,0.014524782619305019
DOGEUSDT,1685278799999,SHORT,0.09231140895150783,-0.38523030147719156,1685278800000,-0.001797691143054819,-0.004005806862214693,-0.017697148880584327
DOGEUSDT,1685282399999,LONG,-0.38523030147719156,0.028569103327263718,1685282400000,-0.0022130022862845464,0.0049614214232466146,0.017529892881322846
DOGEUSDT,1685296799999,SHORT,0.08393659058590891,-0.15845408292145954,1685296800000,-0.001785837413968322,-0.004663931636677134,-0.007806654726156529
DOGEUSDT,1685303999999,LONG,-0.09086332921568745,0.03483578548558445,1685304000000,0.0010989012094855697,0.010255097736074786,0.005892445963214348
DOGEUSDT,1685307599999,SHORT,0.03483578548558445,-0.015004785003581588,1685307600000,-0.003289927573302487,-0.009701517643302082,-0.005340649462266154
DOGEUSDT,1685365199999,LONG,-0.22287944281606892,0.29821835118513934,1685365200000,0.002319711758637138,-0.003009989958964217,-0.0031470231897372464
DOGEUSDT,1685372399999,SHORT,0.05268775278834391,-0.08291096639342099,1685372400000,0.004929491017337478,-0.00013658403353867445,0.0021878854618427625
DOGEUSDT,1685447999999,LONG,-0.046385869488239556,0.09661689327224604,1685448000000,-0.004653717678856878,-0.01139887368130767,-0.01319606777808878
DOGEUSDT,1685455199999,SHORT,0.10858524001443971,-0.10728226148118858,1685455200000,0.005803526030556113,0.002897552906887924,0.0015167186637342104
DOGEUSDT,1685458799999,LONG,-0.10728226148118858,0.006156504468304798,1685458800000,0.003459014171790785,0.004011347795332663,0.0009697306294319038
DOGEUSDT,1685462399999,SHORT,0.006156504468304798,-0.2525163711742577,1685462400000,0.0004144505136343384,0.0011055833077497552,-0
DOGEUSDT,1685685599999,LONG,-0.1513420594145811,0.004423111537086953,1685685600000,-0.0011106484551381426,-0.0004163486285941945,0.0009708065390432832
DOGEUSDT,1685699999999,SHORT,0.2362583803175309,-0.18436612117896897,1685700000000,-0.0012485262078259318,0.005847155737468793,-0.008844723220214878
DOGEUSDT,1685703599999,LONG,-0.18436612117896897,0.012483401198222194,1685703600000,-0.00013866740644847636,-0.004446922280938019,0.005668871040204489
DOGEUSDT,1685782799999,SHORT,0.6670362735976105,-0.7390704296304171,1685782800000,-0,-0.001792980274832905,0.0001380548079781235
DOGEUSDT,1685887199999,LONG,-0.25368207411278015,0.2350754967406366,1685887200000,-0.0005489980922956062,-0.0032985186586650477,-0.00923571248861262
DOGEUSDT,1685897999999,SHORT,0.09049114687092796,-0.3770647717103681,1685898000000,0.0006880892035062672,-0.0031591263139180703,0.013992054829869203
DOGEUSDT,1685915999999,LONG,-0.05148596385497475,0.009841823333764262,1685916000000,0.0009608126468342242,-0.008412102284197129,-0.014663424996746565
DOGEUSDT,1685919599999,SHORT,0.009841823333764262,-0.06164573952649873,1685919600000,0.0057795674847718,0.01925667317294251,0.01730027232534307
DOGEUSDT,1686117599999,LONG,-0.25151569874380303,0.267746122997367,1686117600000,-0.004451152442090877,-0.023776127247266538,-0.030400130270772745
DOGEUSDT,1686139199999,SHORT,0.24809403848497652,-0.04775826021695041,1686139200000,0.0014677824446383716,0.01581820253960917,0.014031690228811834
DOGEUSDT,1686736799999,LONG,-0.13004670674690097,0.11541709486031235,1686736800000,-0.00016164228597389556,-0.0029135663213501555,-0.03402974858631137
DOGEUSDT,1686740399999,SHORT,0.11541709486031235,-0.23874235455986023,1686740400000,-0.0011309476930460903,0.0003233629777570145,0.031196094022526537
DOGEUSDT,1686754799999,LONG,-0.17533293019934124,0.1766219053262927,1686754800000,-0.0009708738626696467,-0.002428954315403409,-0.030711010336080452
DOGEUSDT,1686794399999,SHORT,0.16486505169157842,-0.038698425366128,1686794400000,-0.0011681269580258885,-0.0033338920694656097,-0.024900288876725758
DOGEUSDT,1686797999999,LONG,-0.038698425366128,0.008410404620062447,1686798000000,0.0033305609471645323,-0.0015023790489704424,0.019164637433300755
DOGEUSDT,1686805199999,SHORT,0.02633934221298896,-0.10491097309499725,1686805200000,0.0008317392145464835,0.000998170104503655,-0.011243504688835603
DOGEUSDT,1686891599999,LONG,-0.1899925726302384,0.045321517652618985,1686891600000,0.0035610267478685667,0.0006484033295740621,0.0001621402516726085
DOGEUSDT,1686902399999,SHORT,0.019081678112375385,-0.18951750124947198,1686902400000,-0.0011349818810604624,0.004552853392914253,-0.009847524892902035
DOGEUSDT,1686920399999,LONG,-0.1182342105647437,0.14740649975879377,1686920400000,-0.004079307280446291,0.0043870409137661695,0.00907770863270819
DOGEUSDT,1686956399999,SHORT,0.018239495422934324,-0.01690042069821878,1686956400000,-0.0008048290172870418,0.0012890752671302465,-0.008658062743114531
DOGEUSDT,1686959999999,LONG,-0.01690042069821878,0.1430533560559928,1686960000000,-0.0027395069908852853,-0.004031288213631189,0.004495832877732132
DOGEUSDT,1686974399999,SHORT,0.5017110035143357,-0.2195714265749077,1686974400000,-0.0017754826712363255,-0.009486364250439965,-0.0045132249400573355
DOGEUSDT,1686995999999,LONG,-0.13387019372923364,0.07595612535656875,1686996000000,0.0004790419253285486,-0.004321735418028012,-0.007374191800498956
DOGEUSDT,1687003199999,SHORT,0.08089297324725135,-0.13143710271387576,1687003200000,0.00048080776629446785,0.0036921143153439097,0.004335614981050272
DOGEUSDT,1687039199999,LONG,-0.04332164223265863,0.018308281339457885,1687039200000,0.0012863806244064867,-0.0033846434116633446,0.0012863806244064867
DOGEUSDT,1687042799999,SHORT,0.018308281339457885,-0.03905791353569194,1687042800000,0.001447294616225175,0.007257511090690889,0.00048219883599275704
DOGEUSDT,1687060799999,LONG,-0.16804000108366002,0.00219786103429946,1687060800000,0.0006465169127733029,-0.0016181233304103741,0.01699303474344114
DOGEUSDT,1687082399999,SHORT,0.15692979315677896,-0.08492664596512822,1687082400000,0.0006428801250023815,-0.003688561635342502,0.00936245741213183
DOGEUSDT,1687089599999,LONG,-0.10024319589983866,0.005437187414788572,1687089600000,0.00192895092764062,0.012154315625218128,-0.0016103063061037946
DOGEUSDT,1687114799999,SHORT,0.07133202909392806,-0.019269052456110828,1687114800000,0.001274900571088554,0.014598799421152749,0.012984072766415883
DOGEUSDT,1687118399999,LONG,-0.019269052456110828,0.08682409886076907,1687118400000,-0.015424470325631639,-0.010739864391536093,-0.012191360493484434
DOGEUSDT,1687121999999,SHORT,0.08682409886076907,-1.05759751719747,1687122000000,0.001782387249803448,-0.002102369982742608,-0.001294289130689298
DOGEUSDT,1687143599999,LONG,-0.08367418815329496,0.055750077908063404,1687143600000,-0.0027430432689639094,-0.001289906660631909,-0.004521971529798418
DOGEUSDT,1687150799999,SHORT,0.030391531420907888,-0.14798543094676914,1687150800000,-0.001289075267130304,0.002744814833805874,0.0022598879674374786
DOGEUSDT,1687219199999,LONG,-0.7568069120667045,0.44619614270082153,1687219200000,0.0016012813669738276,-0.002246110361919752,-0.0064308903302904025
DOGEUSDT,1687229999999,SHORT,0.006116528341758508,-0.0857477412144758,1687230000000,0.0016048791761136421,0.004661263764014386,0.02073956383914401
DOGEUSDT,1687363199999,LONG,-0.03782096160794394,0.04253672332657513,1687363200000,0.0064516352814888165,0.014685899556213097,0.05457807696465516
DOGEUSDT,1687384799999,SHORT,0.28130143880786096,-0.17532872594919688,1687384800000,-0.007931707232808673,-0.04213200897084173,-0.04652697649052129
DOGEUSDT,1687561199999,LONG,-0.19120899353778106,0.31558044290369835,1687561200000,0.0014669211960121392,-0.0019102202561193488,-0.0029403137913957622
DOGEUSDT,1687568399999,SHORT,0.2446508290585151,-0.08869178232971282,1687568400000,-0.0022250250223867026,-0.01092907053219023,-0.005331766185300804
DOGEUSDT,1687575599999,LONG,-0.12006317619111787,0.5825847155277014,1687575600000,-0.0001470912703982345,0.0042562623878715225,-0.008418925732453656
DOGEUSDT,1687607999999,SHORT,0.019467112621630533,-0.02818999881380029,1687608000000,0.0020658115654183604,0.030684140385741094,0.017696944858929944
DOGEUSDT,1687903199999,LONG,-0.10743742898881395,0.05535693356495627,1687903200000,-0.004429178680296528,-0.010416760858255715,-0.018922185982863327
DOGEUSDT,1687921199999,SHORT,0.15460356930824481,-0.354619761889283,1687921200000,-0.005395835183661227,-0.007085673514960085,0.006980560417387716
DOGEUSDT,1687931999999,LONG,-0.21986565006629807,0.08946877022805567,1687932000000,0.0009213759865583378,-0.01081258603420373,-0.0237865859157806
DOGEUSDT,1687939199999,SHORT,0.15002103062498287,-0.09045268078562481,1687939200000,-0.0035845125265686778,-0.004828293781439391,0.03576066387909809
DOGEUSDT,1687942799999,LONG,-0.09045268078562481,0.05621564903575041,1687942800000,0.0017098006807802029,-0.006555353582675964,-0.03337597258806564
DOGEUSDT,1687946399999,SHORT,0.05621564903575041,-0.08139452236387333,1687946400000,-0.000931387835104174,0.004982105899161922,0.029791784807736383
DOGEUSDT,1688108399999,LONG,-0.768726815467057,0.16319635333666913,1688108400000,0.005682269761989842,0.02223667621067274,0.012549904537478566
DOGEUSDT,1688137199999,SHORT,0.08568835641536748,-0.07812435971504811,1688137200000,-0.003444500039412277,-0.030733636575914342,-0.07941515823342453
DOGEUSDT,1688147999999,LONG,-0.033542914738436576,0.03265005881422071,1688148000000,-0.0030372081054495597,0,0.0347200187629163
DOGEUSDT,1688151599999,SHORT,0.03265005881422071,-0.2626379230000464,1688151600000,-0.001975534416528049,-0.015396530557560956,-0.040249880787919225
DOGEUSDT,1688176799999,LONG,-0.02825079467693265,0.355015318684502,1688176800000,0.0013046316266647274,-0.009619663162479537,-0.0140230168207494
DOGEUSDT,1688209199999,SHORT,0.33132214743059285,-0.027494736942228634,1688209200000,-0.00414815409630822,-0.00975040964497806,-0.012979533249352325
DOGEUSDT,1688212799999,LONG,-0.027494736942228634,0.023964146706396842,1688212800000,0.0038359445089028226,0.0011818586100152749,0.012486390651382677
DOGEUSDT,1688237999999,SHORT,0.16500244275365833,-0.031225545137918045,1688238000000,0.0046859069488810745,0.003072648551034288,0.019621489575507123
DOGEUSDT,1688245199999,LONG,-0.04230510095109331,0.0037309416724586714,1688245200000,0.0020446918179579648,-0.010286644710275537,-0.020530962643425472
DOGEUSDT,1688252399999,SHORT,0.13420387828858785,-0.6436623582217972,1688252400000,-0.003656311203110479,0.016248511095822586,0.016248511095822586
DOGEUSDT,1689199199999,LONG,-0.05980733573159704,0.002760938878218725,1689199200000,0.0006204436370897474,0.006187181377256677,0.013561619467462762
DOGEUSDT,1689202799999,SHORT,0.002760938878218725,-0.2036049163562096,1689202800000,-0.007569357218668096,-0.003405576046888612,-0.012941175830372765
DOGEUSDT,1689220799999,LONG,-0.14115675345685225,0.028246094910694193,1689220800000,0.0012366673395523854,0.002163165243999431,0.04269494942146762
DOGEUSDT,1689227999999,SHORT,0.15442609077429287,-0.8900847383340846,1689228000000,-0.0009257831242920053,-0.008454435109475739,-0.07061756721395321
DOGEUSDT,1689249599999,LONG,-0.030211890668682975,0.059578041689803816,1689249600000,-0.0024517327635085583,0.0320786484664101,0.07487290755398242
DOGEUSDT,1689260399999,SHORT,0.3684947397047247,-0.04192172655925928,1689260400000,-0.03330376347415941,-0.055002313074136194,-0.08697306795060747
DOGEUSDT,1689263999999,LONG,-0.04192172655925928,0.0945272277688968,1689264000000,0.01966314269156692,0.03809153636277672,0.0494391758603143
DOGEUSDT,1689321599999,SHORT,0.24809501536865133,-0.04338126919595632,1689321600000,-0.005260550981199476,-0.0008549444806873568,0.03230526454537823
DOGEUSDT,1689325199999,LONG,-0.04338126919595632,0.01437337345037257,1689325200000,-0.007543982828221278,-0.007543982828221278,-0.03286545434624591
DOGEUSDT,1689328799999,SHORT,0.01437337345037257,-0.07813125349771563,1689328800000,-0.00014286734791091378,-0.011082807386245102,0.020205623190218222
DOGEUSDT,1689649199999,LONG,-0.06387624366149973,0.04299474366219373,1689649200000,-0.00042976864782956584,-0.01355464155741451,-0.0202553221274313
DOGEUSDT,1689663599999,SHORT,0.049242988675045535,-0.02269974322758922,1689663600000,-0.0008707009692441128,-0.0013057673237245279,0.0065545351550688686
DOGEUSDT,1689670799999,LONG,-0.017771524127719512,0.016011014329615807,1689670800000,-0.005520862490150335,-0.011511966842525059,-0.01430055014219627
DOGEUSDT,1689681599999,SHORT,0.5212303674328325,-0.18292512303071362,1689681600000,-0.00425938809489434,-0.006894050040468711,-0.009959074697865871
DOGEUSDT,1689713999999,LONG,-0.159850367069404,0.07496463232876788,1689714000000,0.002642009462838576,0.01777177144661477,0.007175838070071191
DOGEUSDT,1689717599999,SHORT,0.07496463232876788,-0.27165870470968007,1689717600000,-0.00424256360155167,-0.018015887533724628,-0.008176421665116696
DOGEUSDT,1689767999999,LONG,-0.23216179016853247,0.8949351855419285,1689768000000,-0.0011564037137198678,0.028764620214262536,0.01120540384216086
DOGEUSDT,1689814799999,SHORT,0.05624133040075588,-0.178603178558617,1689814800000,-0.004974781065018628,0.0017113523857284715,-0.02309961864286747
DOGEUSDT,1689818399999,LONG,-0.178603178558617,0.4874172128325567,1689818400000,-0.0009929783069962863,0.003962082443594869,0.030578298649135777
DOGEUSDT,1689857999999,SHORT,0.10054232375804319,-0.03559648971397892,1689858000000,-0.012453461071286778,0.023527182249466747,0.017557863785197875
DOGEUSDT,1689861599999,LONG,-0.03559648971397892,0.11276059260160354,1689861600000,-0.030148829153710605,-0.03455130732876839,-0.025624574299523237
DOGEUSDT,1689865199999,SHORT,0.11276059260160354,-0.20767222099395735,1689865200000,-0.00028336639464193676,0.012978860074883651,-0.01922731325473925
DOGEUSDT,1689965999999,LONG,-0.5643472736809299,0.06902989872660696,1689966000000,-0.005758962852011632,0.007220247973487097,-0.013073880570165411
DOGEUSDT,1689969599999,SHORT,0.06902989872660696,-0.07277085642786273,1689969600000,-0.0095799281994648,-0.006305709721837167,0.002891966485722136
DOGEUSDT,1689973199999,LONG,-0.07277085642786273,0.0326518773167221,1689973200000,-0.0021819182255134054,-0.007520374542272365,-0.012611544809903648
DOGEUSDT,1689976799999,SHORT,0.0326518773167221,-0.18120173177393067,1689976800000,-0.005717412797545647,0.009602268566979686,0.024040947836872044
DOGEUSDT,1690135199999,LONG,-0.18464644115867135,0.060409143201864815,1690135200000,0.0002749896896194098,-0.01733866863733589,-0.020421630720463695
DOGEUSDT,1690142399999,SHORT,0.09683509626100384,-0.49742160293465515,1690142400000,-0.004163781171779514,0.0019490469764603803,-0.06449505704976674
DOGEUSDT,1690156799999,LONG,-0.43332901223269554,0.12252248195870413,1690156800000,-0.0015340634763598116,-0.013326984086858189,0.058852444528759505
DOGEUSDT,1690167599999,SHORT,0.055682927156842636,-0.30996506755441017,1690167600000,0.0021161043376414766,-0.00323602111445794,-0.06400110223304097
DOGEUSDT,1690257599999,LONG,-0.19764759581468078,0.024636524086110473,1690257600000,-0.0046966818234097886,-0.001041802412237029,0.004545167229929147
DOGEUSDT,1690340399999,SHORT,0.6462071195383511,-0.2600853001117508,1690340400000,-0.006252364997312955,-0.007996044602139683,0.007681206311288925
DOGEUSDT,1690343999999,LONG,-0.2600853001117508,0.007095210458599976,1690344000000,-0.0012471939755852582,0.000996636434806383,-0.01887323256918877
DOGEUSDT,1690347599999,SHORT,0.007095210458599976,-0.04901317809028388,1690347600000,-0.0013718278637008623,0.0037509421322718087,0.021316314461833765
DOGEUSDT,1690354799999,LONG,-0.17373100995323265,0.0929139101322336,1690354800000,-0.0007468260242561143,-0.024179493045585306,-0.024689501981796515
DOGEUSDT,1690365599999,SHORT,0.3420698303558545,-0.5628897057624935,1690365600000,0.005212649270439391,0.002920822446056393,0.004830313192373544
DOGEUSDT,1690700399999,LONG,-0.10984368119464769,0.13040506336863347,1690700400000,-0.0005008765444061321,0.0011260557961838879,-0.0031346022782609323
DOGEUSDT,1690747199999,SHORT,0.012378728926535017,-0.235545008355186,1690747200000,-0.007821054034428045,-0.003725834592121944,-0.011517915915754053
DOGEUSDT,1690945199999,LONG,-0.10834487251262709,0.27076955177162226,1690945200000,-0.004120531197106231,-0.013845081089100953,-0.0341142667180958
DOGEUSDT,1690948799999,SHORT,0.27076955177162226,-0.08600092455219435,1690948800000,0.0014203630769335767,0.010245858388096335,0.028399474521698
DOGEUSDT,1690973999999,LONG,-0.3010051208814336,0.5224428312239787,1690974000000,-0.00012981112499567838,-0.024040566651558334,-0.03352564210435634
DOGEUSDT,1691017199999,SHORT,0.032097642410822885,-0.5197280463844574,1691017200000,0.004170316126740234,-0.002279585298252897,0.01120497717126567
DOGEUSDT,1691243999999,LONG,-0.5448954380796902,0.12335110615716789,1691244000000,0.00366300775873702,-0.005783402029658571,-0.004202790530931841
DOGEUSDT,1691251199999,SHORT,0.13540078478775308,-0.12535775867322238,1691251200000,-0.0017270014255833398,-0.010712262722790973,-0.009264227190365277
DOGEUSDT,1691261999999,LONG,-0.1013141899720092,0.03138393367073475,1691262000000,0.0003947108794091983,0.0010522163275161185,-0.00819243482631493
DOGEUSDT,1691265599999,SHORT,0.03138393367073475,-0.0998773949131718,1691265600000,0.00580476563975992,0.004350412240026724,0.010712262722790983
DOGEUSDT,1691276399999,LONG,-0.23482990360029787,0.07053068225471704,1691276400000,-0.004876451179037599,-0.004480176158991588,-0.01563567033077701
DOGEUSDT,1691294399999,SHORT,0.03230257298971456,-0.019218872491189996,1691294400000,0.002506101687554863,0.009264227190365218,0.019958086619506966
DOGEUSDT,1691567999999,LONG,-0.08758450257625017,0.30133385745786995,1691568000000,-0.0023841070895296496,-0.0023841070895296496,-0.012245594256475057
DOGEUSDT,1691585999999,SHORT,0.02457768366178224,-0.21057449042024284,1691586000000,0.002110818725691471,0.014870162479451506,0.0054179187700364945
DOGEUSDT,1691639999999,LONG,-0.14250544483532457,0.028458910500175252,1691640000000,-0.0015818616533464329,-0.0070055140780619215,0.003418806748785461
DOGEUSDT,1691643599999,SHORT,0.028458910500175252,-0.2729776344594547,1691643600000,0.001848429361782316,0.0035678927839018107,-0.010366866678333
DOGEUSDT,1692683999999,LONG,-0.5829000243224783,0.009360300832995733,1692684000000,0.006676228898743672,0.0015936258352778044,-0.025195131176186675
DOGEUSDT,1692737999999,SHORT,0.04302843162393795,-0.012617730750140738,1692738000000,0.011345340493695705,-0.012173784815673269,-0.02357172362782567
DOGEUSDT,1692745199999,LONG,-0.07876378739677913,0.32325158776356605,1692745200000,0.0040048111195124915,0.007834399332610592,0.01687132171276294
DOGEUSDT,1692759599999,SHORT,0.08030494877364851,-0.04735796852198374,1692759600000,0.004469281182297143,-0.0015913434293938836,-0.012345835822299362
DOGEUSDT,1692766799999,LONG,-0.32920934040282,0.10453012733517168,1692766800000,0.0004784307562752802,0.013310289992564941,0.02535768595769656
DOGEUSDT,1692770399999,SHORT,0.10453012733517168,-0.20268351112632113,1692770400000,-0.0027067925132596344,-0.01141420128444019,-0.02051515849956454
DOGEUSDT,1692957599999,LONG,-0.06687703299945087,0.17285137924201646,1692957600000,-0.00048219883599275704,0.00032133676369040776,0.013408022094433375
DOGEUSDT,1693040399999,SHORT,0.06620322597727632,-0.09826058002757501,1693040400000,0.0036534072881395335,0.004290147201406941,0.004767968346119371
DOGEUSDT,1693076399999,LONG,-0.155197071358463,0.052505182469567306,1693076400000,0.000795608284469169,0.000795608284469169,0.004288784272217499
DOGEUSDT,1693083599999,SHORT,0.13637365919505487,-0.5597921746815486,1693083600000,-0.002386825860636732,0.001115804690565379,-0.009197654437707632
DOGEUSDT,1693238399999,LONG,-0.14142686935406937,0.13420809151834728,1693238400000,-0.0009492169673321593,-0.001582529211425679,-0.0003163055537996449
DOGEUSDT,1693353599999,SHORT,0.3262541534565129,-1.3169777239747873,1693353600000,0.006196649466435402,0.012431936948124776,0.017785678225226448
DOGEUSDT,1693598399999,LONG,-0.013461819404621286,0.2019972957228063,1693598400000,0.007242985529791954,0.008810629682154686,0.0017367968366764767
DOGEUSDT,1693605599999,SHORT,0.6097578120615421,-0.5894778858536532,1693605600000,-0.0009441385437765315,-0.0022016049150665818,0.0026799101717320715
DOGEUSDT,1693951199999,LONG,-0.48840300158100364,0.24752200217991133,1693951200000,0.0015654355106694891,0.005935662537991133,0.002503521883403036
DOGEUSDT,1693976399999,SHORT,0.5417445701706866,-0.07028628147841218,1693976400000,0.0017226533114461818,-0.00031289111644519413,0.013230622986630402
DOGEUSDT,1694019599999,LONG,-0.21430631849597356,0.1082833432623358,1694019600000,0.00994091026635948,0.0025340526705567587,0.008055006831402678
DOGEUSDT,1694077199999,SHORT,0.5113867726205867,-0.05983884274212069,1694077200000,0.0006332119888637041,0.004281982595286747,-0.00031645569884348497
DOGEUSDT,1694206799999,LONG,-0.8641288284942727,0.03921804922203946,1694206800000,-0.0018939399600709321,0.0014181047046821727,-0.0001576913982611567
DOGEUSDT,1694210399999,SHORT,0.03921804922203946,-0.050655479220655865,1694210400000,-0.003154576748515567,-0.004885361540582394,-0.0026820241682482806
DOGEUSDT,1694213999999,LONG,-0.050655479220655865,0.10500183013341045,1694214000000,0.002987658484628291,0.00439975568326567,0.00015746791623754235
DOGEUSDT,1694231999999,SHORT,0.2552609478611796,-0.15819251712008864,1694232000000,0.0006296238205795593,0.0022054199235227974,0.0003147623570210015
DOGEUSDT,1694260799999,LONG,-0.07864851980326429,0.1619348009091941,1694260800000,-0.002202297570940192,-0.00172996819114426,-0.004567296702438065
DOGEUSDT,1694264399999,SHORT,0.1619348009091941,-0.041925188902272634,1694264400000,0.0020493425632204833,-0.0003149110402341498,0.004102893557374603
DOGEUSDT,1694271599999,LONG,-0.0937023670315465,0.1263760143099808,1694271600000,0.0017329661682406376,-0.0006309148474265986,-0.004108079722760106
DOGEUSDT,1694282399999,SHORT,0.03133132384791275,-0.11889380114805684,1694282400000,0.001103839897621982,-0.0009451796544865916,0.025863510589919352
DOGEUSDT,1694559599999,LONG,-0.16260413224141756,0.19087350230635358,1694559600000,-0.0026255348196985414,-0.004270001560951451,0.002782098185925579
DOGEUSDT,1694563199999,SHORT,0.19087350230635358,-0.028438079099353336,1694563200000,-0.004590924607097868,0.002632879585772383,-0.006552029991300114
DOGEUSDT,1694570399999,LONG,-0.05044771709795087,0.17544983978065998,1694570400000,-0.004761522829141541,-0.007068328927056551,-0.0006554153929525931
DOGEUSDT,1694573999999,SHORT,0.17544983978065998,-0.08690432430535266,1694574000000,0.0011527378798082853,-0.0011514106050418357,-0.00721551179070815
DOGEUSDT,1694581199999,LONG,-0.10798368459165247,0.1779726895966617,1694581200000,-0.002800430130973977,0.005904560372550322,0.008028223671704832
DOGEUSDT,1694667599999,SHORT,0.2577239894016976,-0.23310766487798537,1694667600000,0.0011455692276450666,-0.0024503810349517873,-0.009279675870287147
DOGEUSDT,1694671199999,LONG,-0.23310766487798537,0.15373959924812802,1694671200000,0.002289827627935016,0.00392221453955334,0.016080911785190787
DOGEUSDT,1694674799999,SHORT,0.15373959924812802,-0.34499277351388274,1694674800000,-0.0024479816386400372,-0.0035883254943958986,-0.011857525431689117
DOGEUSDT,1694955599999,LONG,-0.15332422658061592,0.43928766192228325,1694955600000,-0.0028938926948425484,-0.010003310262652693,-0.018961754407789116
DOGEUSDT,1694959199999,SHORT,0.43928766192228325,-0.1624112206888142,1694959200000,0.0012888675861853459,0.010520449868872952,0.015413625510350089
DOGEUSDT,1695268799999,LONG,-0.8539592205578955,0.0013361960771670286,1695268800000,0.001430047117466414,-0.005580816525716814,-0.020562973528932684
DOGEUSDT,1695337199999,SHORT,0.031096433353190955,-0.053890310603548645,1695337200000,0.002120199766753672,-0.001302507510748555,-0.00195312562088207
DOGEUSDT,1695419999999,LONG,-1.5901032853981136,0.5224519868671527,1695420000000,0.00048776523201005107,0.0032472832561688384,0.0011377490053000171
DOGEUSDT,1695506399999,SHORT,0.13482567503807505,-0.8456064708188189,1695506400000,0.0021181270648201267,-0.0014637719129822074,-0.0014637719129822074
DOGEUSDT,1695545999999,LONG,-0.40163308996099295,0.07914128359234529,1695546000000,-0.000649878170719787,-0.000649878170719787,-0.008153991688075415
DOGEUSDT,1695585599999,SHORT,0.2303335963931506,-0.12136682751604327,1695585600000,0.000654771671780755,0.007720777572707897,0.0040993744379991095
DOGEUSDT,1695679199999,LONG,-0.14495385275513664,0.037455733201277534,1695679200000,0,0.003775757584282281,-0.00032900148347429694
DOGEUSDT,1695725999999,SHORT,0.07611351228319155,-0.26028428414276844,1695726000000,-0.0018114455344404878,0.001154448878937742,0.006614874459253836
DOGEUSDT,1695729599999,LONG,-0.26028428414276844,0.3020458151100951,1695729600000,-0.002306046154530866,-0.00511341320352541,-0.003130924531749336
DOGEUSDT,1695743999999,SHORT,0.1268764765856548,-0.5067600128813468,1695744000000,-0,0.0009927201344716932,-0.005277927475509481
DOGEUSDT,1695830399999,LONG,-0.2161939796616951,0.4051204866118334,1695830400000,-0.0011557831716728633,-0.0018168309564459326,-0.002809222701801653
DOGEUSDT,1695873599999,SHORT,0.1729276833384973,-0.0007407712393370503,1695873600000,-0.0014882185466879535,-0.005446007354105022,-0.016412644802368846
DOGEUSDT,1695877199999,LONG,-0.0007407712393370503,0.003855544260041005,1695877200000,0.001651255328963445,0.00379381898337273,0.014112475766775502
DOGEUSDT,1695880799999,SHORT,0.003855544260041005,-0.2855404535345473,1695880800000,-0.0021429168342152836,-0.003459356056749595,-0.013928942936774926
DOGEUSDT,1695887999999,LONG,-0.1186616452926746,0.17071129379118188,1695888000000,-0.0004937865296610408,0.0024652818796972445,0.01047644219404408
DOGEUSDT,1696003199999,SHORT,0.19864031139694538,-0.06690817367508599,1696003200000,0.001941748182910188,-0.0017766297170926045,0.00048508368644611537
DOGEUSDT,1696013999999,LONG,-0.37408073614750675,0.027949985414169796,1696014000000,0.00048422242895940074,0.005795251248350748,-0.002101010873874837
DOGEUSDT,1696021199999,SHORT,0.007578328621262067,-0.028293016138500236,1696021200000,0.002581062894420545,-0.0016097878556848213,0.0037123761463948865
DOGEUSDT,1696575599999,LONG,-0.4877883033166004,0.12760358516410034,1696575600000,0.0018031313794512735,0.0018031313794512735,0.005399669505055385
DOGEUSDT,1696658399999,SHORT,0.023237463334527305,-0.23252678643472025,1696658400000,0.0013029317804160172,0.0022812458972510485,0.004731226706235291
DOGEUSDT,1696996799999,LONG,-0.23708547018634724,0.6058573762337398,1696996800000,0.003228275677703447,-0.00034042553520250666,-0.013190769417327317
DOGEUSDT,1697061599999,SHORT,0.6928443292058724,-0.24762227830608105,1697061600000,-0.0010319918356559094,0.001377647884497301,0.008988824568433218
DOGEUSDT,1697248799999,LONG,-0.15807619397149605,0.21383999625716593,1697248800000,-0.002046734468552261,-0.0037555523826639536,0.008652187319716963
DOGEUSDT,1697252399999,SHORT,0.21383999625716593,-0.22941217796599656,1697252400000,-0.0006828269299107297,0.0037639052134807493,-0.011882672492362953
DOGEUSDT,1697255999999,LONG,-0.22941217796599656,0.021983553248406583,1697256000000,-0.001195253279837448,-0.003076399623371983,0.01473728713553541
DOGEUSDT,1697259599999,SHORT,0.021983553248406583,-0.1097520131458454,1697259600000,0.001025641115550397,0.0015388564206307972,-0.013912677752547543
DOGEUSDT,1697277599999,LONG,-0.2806870378829103,0.26243547488481045,1697277600000,0.0035839273791164485,0.012065742435025721,0.018967545776900702
DOGEUSDT,1697349599999,SHORT,0.09484126439638117,-0.24221232828115954,1697349600000,-0.00016847780344807626,0.00067419520504181,-0.0018516965142744688
DOGEUSDT,1697745599999,LONG,-0.07229086602154969,0.5754106537809915,1697745600000,0.0008524422986572959,0.0030653974957409154,0.012205610079553212
DOGEUSDT,1697781599999,SHORT,0.23121834865013513,-0.2877506706062884,1697781600000,-0.0008415383817349052,-0.013214209174130256,-0.010718575235983
DOGEUSDT,1697875199999,LONG,-0.05219265801661088,0.2606836871502487,1697875200000,-0.0034828793810899004,0,0.009720811367595682
DOGEUSDT,1697878799999,SHORT,0.2606836871502487,-0.13991176165925445,1697878800000,-0.0018258781734603697,-0.004641148725442181,-0.015332919298585657
DOGEUSDT,1697921999999,LONG,-0.06584646604464077,0.1458203379317689,1697922000000,0.0019617465830389677,0.006361655905648022,-0.007391016646389067
DOGEUSDT,1697925599999,SHORT,0.1458203379317689,-0.13569159858504998,1697925600000,-0,-0.0022834784021069773,0.009680935399423867
DOGEUSDT,1697936399999,LONG,-0.10026219288423564,0.12297868459980332,1697936400000,-0.00211571402868687,-0.004889188357298412,-0.012432680999619085
DOGEUSDT,1697950799999,SHORT,0.11220201822022265,-0.434023554441307,1697950800000,-0.004725829703010621,0.009189431256831323,0.0062264661261742784
DOGEUSDT,1698037199999,LONG,-0.354152065367986,0.050316988041700796,1698037200000,-0.004134865942070827,0.020110654199631234,0.015589639405707817
DOGEUSDT,1698044399999,SHORT,0.0764498413614621,-0.04026357599422351,1698044400000,-0.0011202689816891993,-0.02670195769342215,-0.024360584579782234
DOGEUSDT,1698047999999,LONG,-0.04026357599422351,0.12106429473385846,1698048000000,0.027917592600319435,0.03674459532589588,0.02931652031738629
DOGEUSDT,1698080399999,SHORT,0.13644812954343613,-0.22335317877953006,1698080400000,0.0015637219761827587,-0.009950330853168092,-0.05915295120497867
DOGEUSDT,1698515999999,LONG,-0.034344731360858284,0.07953286115052988,1698516000000,-0.003054325696397701,0.009395169202016744,-0.00787290843006323
DOGEUSDT,1698519599999,SHORT,0.07953286115052988,-0.3094035482246209,1698519600000,0.0032102756302484327,-0.006968669316093215,0.0002914177494032434
DOGEUSDT,1698526799999,LONG,-0.37584765276093723,0.016002511031762194,1698526800000,0.007944000756957073,-0.003922998129647305,0.001738626923040219
DOGEUSDT,1698544799999,SHORT,0.0317633501774225,-0.13883323622784893,1698544800000,-0.0019037861794587187,-0.0014647724898147352,-0.01714909052225913
DOGEUSDT,1699675199999,LONG,-0.11857612476663924,0.13236720520705703,1699675200000,0.02547072182428758,0.04396598317451942,0.06424758786314305
DOGEUSDT,1699725599999,SHORT,0.13470159788199873,-0.08208234445903895,1699725600000,-0.00764846058170258,0.007834257910908223,0.015858245431459552
DOGEUSDT,1700078399999,LONG,-0.057171327766409916,0.05723335429224892,1700078400000,-0.0005310674580470417,0.012530665838242758,0.053368389688192935
DOGEUSDT,1700103599999,SHORT,0.2907315485278624,-0.21267483156981848,1700103600000,-0.0015625003178914127,-0.004161254379205195,-0.031300656859178294
DOGEUSDT,1700125199999,LONG,-0.4069551811156606,0.175779834833513,1700125200000,0.02374448507105551,0.02149532755661543,0.017233067123775408
DOGEUSDT,1700139599999,SHORT,0.0324150482945808,-0.0950230018814287,1700139600000,0.0089224594441571,0.028295994264325903,0.0007509387086301054
DOGEUSDT,1700693999999,LONG,-0.27651457692256165,0.027705441932280608,1700694000000,-0.0015831137871040553,0.0007906180409195191,0.0034215061671958175
DOGEUSDT,1700697599999,SHORT,0.027705441932280608,-0.15816596322846033,1700697600000,0.003173766218669773,-0.0029004634704364297,-0.0005279831168058853
DOGEUSDT,1700812799999,LONG,-0.5619745417924767,0.10178688807279775,1700812800000,-0.00425450264644686,-0.004125312025506074,-0.0045129339697612784
DOGEUSDT,1700816399999,SHORT,0.10178688807279775,-0.4283873248454265,1700816400000,-0.0074656029587698205,-0.00012919062094085475,-0.004897548131919923
DOGEUSDT,1701194399999,LONG,-0.17866364997391165,0.02385338517841116,1701194400000,-0.007825640831390377,-0.006828507506842221,0.0006184674574031963
DOGEUSDT,1701197999999,SHORT,0.02385338517841116,-0.10710523928273998,1701198000000,-0.001495327381433722,-0,-0.010914160180678553
DOGEUSDT,1701201599999,LONG,-0.10710523928273998,0.07735835493110915,1701201600000,0.006701439822745103,0.006948780907359768,0.008184569497652002
DOGEUSDT,1701345599999,SHORT,0.7339232709035081,-0.18349612845272806,1701345600000,0.0026927800848980457,-0.007307303249685476,-0.020087800337038643
DOGEUSDT,1701352799999,LONG,-0.15690484239393784,0.17753021387512674,1701352800000,0.006787904850854014,0.018437589235443468,0.020703676435712505
DOGEUSDT,1701439199999,SHORT,0.16964375561773806,-0.03989127995149259,1701439200000,0.0032500780941033857,0.0009618853693418968,-0.011233387724476488
DOGEUSDT,1701539999999,LONG,-0.3752137238300131,0.04863113008250277,1701540000000,0.006745986882590328,0.020917331380904455,0.014149510916155223
DOGEUSDT,1701593999999,SHORT,0.2875507989465816,-0.35776765622553736,1701594000000,-0.0007051357678468076,0.010637140836087765,0.0015295020335693971
DOGEUSDT,1701701999999,LONG,-0.0038162757345711167,0.010461519935708943,1701702000000,0.02102722735541469,0.013841836611178437,0.030047835324231442
DOGEUSDT,1701716399999,SHORT,0.19822434299110042,-0.1387179860590518,1701716400000,-0.0021385567270252362,-0.011650182177192046,-0.0077445810512638685
DOGEUSDT,1702742399999,LONG,-0.03493120900719963,0.14556624316814945,1702742400000,-0.0023165220425574954,-0.007283507155140064,0.0017863715148173005
DOGEUSDT,1702745999999,SHORT,0.14556624316814945,-0.03228690391389439,1702746000000,-0.002631718977741015,-0.007874469793171884,-0.011006977314473481
DOGEUSDT,1702749599999,LONG,-0.03228690391389439,0.22476484314993625,1702749600000,-0.008234843832532366,0.00931407497354216,-0.0016836792359991748
DOGEUSDT,1702753199999,SHORT,0.22476484314993625,-0.27553991960149565,1702753200000,-0.0005298574807375726,-0.01410401234620608,-0.0008476372620252146
DOGEUSDT,1702763999999,LONG,-0.1736027692730301,0.044523153414792856,1702764000000,-0.0032347291731240424,-0.0012509122865404666,-0.009946163761110807
DOGEUSDT,1702778399999,SHORT,0.06625120517313435,-0.007878204985207013,1702778400000,0.00785303234781798,0.009746972307888704,0.018314373593187407
DOGEUSDT,1703113199999,LONG,-0.5336623283464298,0.05463814671718959,1703113200000,0.0036099147663484483,0.00032871309121930875,0.015118021362084328
DOGEUSDT,1703123999999,SHORT,0.04186054600905992,-0.16007137743116223,1703124000000,-0.00032871309121930875,0.001645188196688219,-0.015225960268767928
DOGEUSDT,1703714399999,LONG,-0.4070086325736896,0.08348910718150795,1703714400000,-0.006221193506980834,0.008941937375661213,-0.00010693471645765907
DOGEUSDT,1703717999999,SHORT,0.08348910718150795,-0.35854566106012176,1703718000000,-0.009105092092192372,-0.017916657147104904,-0.009105092092192372
DOGEUSDT,1704077999999,LONG,-0.17695469429586966,0.13091093573954052,1704078000000,-0.006586683037281315,-0.003678728857462657,0.008641755530577867
DOGEUSDT,1704085199999,SHORT,0.022985898885906665,-0.022178133684644132,1704085200000,0.001122082703010005,-0.005145425222482321,-0.02251023693349773
DOGEUSDT,1704110399999,LONG,-0.3476311358192807,0.09788535613958207,1704110400000,0.0028837641990024252,0.012253837715351048,0.02262341161289018
DOGEUSDT,1704121199999,SHORT,0.06477001297206789,-0.05914568361251147,1704121200000,-0.005390848634876373,-0.007801808706840148,-0.026023571009548923
DOGEUSDT,1704142799999,LONG,-0.0670952288734662,0.2879646735958621,1704142800000,0.0022887046119333438,0.01891437094908295,0.028928303570401593
DOGEUSDT,1704189599999,SHORT,0.2750492845498409,-0.20645100035588285,1704189600000,0.0029994666301585934,0.007515603338136457,0.023594168074975577
DOGEUSDT,1704412799999,LONG,-0.4543171431986162,0.16501974541535977,1704412800000,0.006289702097522529,-0.012578782206860185,-0.021783158682905073
DOGEUSDT,1704499199999,SHORT,0.3009223959701768,-0.6449965619699889,1704499200000,0.004242687738789981,0.0069187628062015,0.024985990567653577
DOGEUSDT,1704563999999,LONG,-1.4496011113928433,0.20289777919825233,1704564000000,-0.004915222478660661,-0.00837030982496642,-0.00799955038180189
DOGEUSDT,1704686399999,SHORT,0.02679194922155928,-0.17288413668172253,1704686400000,-0.014390619874136876,-0.022411361450226104,-0.0411750748865947
DOGEUSDT,1704769199999,LONG,-0.036595467934518525,0.42383311645703475,1704769200000,0.0005003752919012798,0.007479466431292433,-0.030103244717750378
DOGEUSDT,1704790799999,SHORT,0.2301928787455059,-0.3752244823999041,1704790800000,0.0036701933244654562,0.024424204956510025,0.017715368027512897
DOGEUSDT,1705712399999,LONG,-0.10159554039930291,0.029301418295732694,1705712400000,0.006742599172214063,0.003186136640398127,0.012179800403116855
DOGEUSDT,1705719599999,SHORT,0.08566361485771182,-0.12187401243534106,1705719600000,0.0005092298009469776,-0.010004515788887195,-0.010508421065359683
DOGEUSDT,1705748399999,LONG,-0.01493223474623539,0.07816549428304186,1705748400000,0.0035389319037856808,0.0053037123945867005,0.09602356970214271
DOGEUSDT,1705762799999,SHORT,0.012464012909632817,-0.478781052254727,1705762800000,0.0022695760593194336,-0.002390088564667802,-0.12497791317593736
DOGEUSDT,1705805999999,LONG,-0.19692119357066634,0.13552002474111763,1705806000000,-0.03575445902531081,-0.051193850978080525,-0.01579599302864592
DOGEUSDT,1705820399999,SHORT,0.06934684895059849,-0.016223641308215214,1705820400000,-0.004436150165557879,-0.01705278838271948,-0.014864981649041735
DOGEUSDT,1705834799999,LONG,-0.014535113701636756,0.3024669372554708,1705834800000,0.00011502846967322804,0.018577091309408548,-0.0233935602559176
DOGEUSDT,1705870799999,SHORT,0.2749008178507053,-0.36163909943394895,1705870800000,-0.007848690206033012,0.006015942649845177,0.02163660248536242
DOGEUSDT,1705975199999,LONG,-0.018078451988854372,0.188473536799728,1705975200000,-0.0031870583485620824,-0.007000335618314856,-0.06249272225711699
DOGEUSDT,1705982399999,SHORT,0.18107821128383825,-0.05752623030043728,1705982400000,-0.001111866196452527,0.013940977587185354,0.04254886583357835
DOGEUSDT,1705985999999,LONG,-0.05752623030043728,0.07362447854457259,1705986000000,0.0019738471742863097,-0.03301624180198512,-0.045086239387392875
DOGEUSDT,1705989599999,SHORT,0.07362447854457259,-0.04202120396728378,1705989600000,0.006554156894390887,0.050430853626891856,0.046549363438652104
DOGEUSDT,1706392799999,LONG,-0.5556470909906004,0.2296680645243446,1706392800000,-0.0009961400400361855,0.0017408609221209507,0.003106557329061065
DOGEUSDT,1706399999999,SHORT,0.02786457466149107,-0.2381488741232279,1706400000000,0.0004995005098859135,-0.006098718262106362,-0.0002496567233038788
DOGEUSDT,1706957999999,LONG,-0.4237337677060892,0.06471455574224305,1706958000000,-0.0007591093481937658,-0.0024058257884556305,-0.00329364371727746
DOGEUSDT,1706979599999,SHORT,0.020770930451880006,-0.11916910517397945,1706979600000,-0.00290275965796141,-0.0003790990125645775,0.005322531891099049
DOGEUSDT,1706986799999,LONG,-0.04981501777366726,0.24616608067070955,1706986800000,-0.000252589038978661,-0.004810135856762839,-0.007605563344237553
DOGEUSDT,1706993999999,SHORT,0.08757427135548332,-0.08918666352864228,1706994000000,0.0020235241506933468,0.005574574172662364,0.008246161538658404
DOGEUSDT,1707364799999,LONG,-0.1504140150297708,0.3620238575531932,1707364800000,-0.001499250655641372,-0.0026251655803630563,0.007090904874569495
DOGEUSDT,1707386399999,SHORT,0.16721145563947032,-0.027278962287680373,1707386400000,0.0006241807830141408,-0.001994764406613382,-0.00024956326558276147
DOGEUSDT,1707389999999,LONG,-0.027278962287680373,0.11580716035917898,1707390000000,-0.0023757435369279613,0.005728533722911094,-0.0038791264309596747
DOGEUSDT,1707393599999,SHORT,0.11580716035917898,-0.07509716533461457,1707393600000,0.0003756338865930377,-0.009841250401268459,0.0002504069125392463
DOGEUSDT,1707404399999,LONG,-0.15869243211384879,0.006589935482580583,1707404400000,0.0017369731414293855,-0.0013668843383255074,0.003718397938299303
DOGEUSDT,1707407999999,SHORT,0.006589935482580583,-0.01952235450162872,1707408000000,0.008839148742212482,0.005717852744104278,0.0029791481815597933
DOGEUSDT,1707465599999,LONG,-0.2534271209477866,0.18639714817490727,1707465600000,-0.002322597462407661,-0.0002442300659350702,-0.005141399500418764
DOGEUSDT,1707490799999,SHORT,0.15668941647249868,-0.051290582284469165,1707490800000,-0.0029509427537345928,-0.0056483450758647935,-0.007727729349051466
DOGEUSDT,1707494399999,LONG,-0.051290582284469165,0.007741014705367588,1707494400000,-0.004676931602050205,0.0004910385563923954,0.005143918262044462
DOGEUSDT,1707497999999,SHORT,0.007741014705367588,-0.16677655270997013,1707498000000,-0.00406279413878775,-0.003202367559983416,-0.007619552656247695
DOGEUSDT,1707501599999,LONG,-0.16677655270997013,0.14930286143497473,1707501600000,0.0035571947966406676,0.0013507707585846543,0.001841508101275563
DOGEUSDT,1707505199999,SHORT,0.14930286143497473,-0.09161739671780207,1707505200000,0.00232914601157941,0.0024518830476339994,0.002206424038055906
DOGEUSDT,1707508799999,LONG,-0.09161739671780207,0.01462880083858189,1707508800000,-0.0018428655624045354,0.0012266929899385646,-0.0025809637629697364
DOGEUSDT,1707544799999,SHORT,0.37848496751101096,-0.2260936134441338,1707544800000,0.0004907373426910018,0.006151594202185495,0.008128123567088716
DOGEUSDT,1707548399999,LONG,-0.2260936134441338,0.1969772497538225,1707548400000,-0.0027037007990243713,-0.01222463825296245,-0.0056615535840605505
DOGEUSDT,1707551999999,SHORT,0.1969772497538225,-0.17788572119961368,1707552000000,0.0024642693594182446,0.005676925032530998,0.0023409115599648577
DOGEUSDT,1707584399999,LONG,-0.09741320252801412,0.12331221493629149,1707584400000,-0.0035795878498832514,0.0009852217545700884,0.008465788859530126
DOGEUSDT,1707605999999,SHORT,0.1413764460963856,-0.025515871856206084,1707606000000,0.0008594757727187045,0.0011051760196548867,-0.012076999486658925
DOGEUSDT,1707613199999,LONG,-0.045511165378345854,0.035850313384955784,1707613200000,-0.0014742017411881994,0.0047762015968773035,0.00965128742521466
DOGEUSDT,1707616799999,SHORT,0.035850313384955784,-0.3549359549541684,1707616800000,-0.0006145148598717497,-0.008447133535580088,-0.006372570585178592
DOGEUSDT,1707623999999,LONG,-0.20066078156585643,0.04175224171691819,1707624000000,-0.0049966589851339884,0.007026073725105331,-0.005485477276671203
DOGEUSDT,1707627599999,SHORT,0.04175224171691819,-0.08566130115014793,1707627600000,-0.0023189123712875925,-0.009727703168012277,-0.0017091934328204586
DOGEUSDT,1707631199999,LONG,-0.08566130115014793,0.22979026931036867,1707631200000,0.0019486061457499955,0.00910145230592785,-0.000975728824819994
DOGEUSDT,1707634799999,SHORT,0.22979026931036867,-0.17204540455148537,1707634800000,-0.007877396366974787,-0.0034009506848555063,0.0029243349705699883
DOGEUSDT,1707638399999,LONG,-0.17204540455148537,0.11221744534296171,1707638400000,-0.0022964897987896448,-0.003386144244035735,-0.010558991239473738
DOGEUSDT,1707677999999,SHORT,0.021948393041209484,-0.03262645123917535,1707678000000,-0.0002440512519739876,0.009195185244369894,0.022836269783134154
DOGEUSDT,1707908399999,LONG,-0.027006619830235494,0.8568298657204902,1707908400000,-0.0010833585170325812,0.0006013590896241167,0.03510791387889128
DOGEUSDT,1707973199999,SHORT,0.16277255707384758,-0.3952103865421346,1707973200000,0.00973920741612494,0.015581710597760052,0.018868484304382805
DOGEUSDT,1708250399999,LONG,-0.008606820872355652,0.022975437131036086,1708250400000,-0.0020196027060639084,-0.010978630556563111,0.012384424369732777
DOGEUSDT,1708257599999,SHORT,0.03330295972647942,-0.024917850831201228,1708257600000,0.005128522183536264,0.0009521543209233635,-0.013822654957235727
DOGEUSDT,1708264799999,LONG,-0.012526328691562755,0.13178551088373341,1708264800000,0.005861611375929122,0.018896515688322103,0.024180388722711756
DOGEUSDT,1708286399999,SHORT,0.2909243947704108,-0.33375115318554555,1708286400000,0.00105950919323321,-0.00281988202367137,-0.01968957415762334
DOGEUSDT,1708999199999,LONG,-0.15660963846557122,0.05284426828559472,1708999200000,0.00889883514213004,0.014751002233312532,0.09113693337910216
DOGEUSDT,1709013599999,SHORT,0.2597821098657166,-0.0878203876645311,1709013600000,-0.004394162843261015,-0.05181061073802866,-0.05400347957478309
DOGEUSDT,1709020799999,LONG,-0.12284354613247925,0.6374427818096357,1709020800000,0.006725996282793801,0.02769605966414354,0.07383581146837434
DOGEUSDT,1709078399999,SHORT,0.6651790158746057,-0.028609935322920468,1709078400000,-0,0.0321417236070185,0.0024597737112814063
DOGEUSDT,1709081999999,LONG,-0.028609935322920468,0.35982654545904963,1709082000000,-0.01412467422967625,-0.019851768552731585,0.007851975282685171
DOGEUSDT,1709092799999,SHORT,0.18713708823515315,-0.6932759743664888,1709092800000,-0.012081882533364827,-0.02422588978816369,-0.057504805353884546
DOGEUSDT,1709539199999,LONG,-0.34623052911937663,0.46744738843018574,1709539200000,0.03176585802092114,-0.006979762616294783,0.08583619008362448
DOGEUSDT,1709560799999,SHORT,0.1241599575257893,-0.260949462274748,1709560800000,-0.04239861602064188,-0.08037341214896897,-0.23805027546509924
DOGEUSDT,1709902799999,LONG,-0.44935674850382634,0.4647077840251419,1709902800000,0.02767976019713388,-0.00809429727330023,0.002385781878395823
DOGEUSDT,1709924399999,SHORT,0.10126171728082214,-0.015443162777164138,1709924400000,0.007419092106911822,0.024664524758240353,-0.0011819633785470636
DOGEUSDT,1710057599999,LONG,-0.30954513574777465,0.12969700255264946,1710057600000,0.00005673276034763961,-0.016935980949953924,-0.015148773417657415
DOGEUSDT,1710061199999,SHORT,0.12969700255264946,-0.1604843868217083,1710061200000,0.021503738652219717,0.016069885175552374,0.019477043497166748
DOGEUSDT,1710424799999,LONG,-0.3259832773940413,0.12363969148502933,1710424800000,-0.00667960160828252,-0.006285446362322507,-0.0024645730281616994
DOGEUSDT,1710431999999,SHORT,0.09340662018396971,-0.12497631747921889,1710432000000,-0.02721295166947401,0.017384640370683928,0.03465766219161468
DOGEUSDT,1710701999999,LONG,-0.03203861227384135,0.08732645180804278,1710702000000,0.008960517066666014,0.004100633858154944,-0.019162341845232588
DOGEUSDT,1710727199999,SHORT,0.02360656150484876,-0.26530159755133875,1710727200000,-0.0011237070290412662,-0.009609762624891511,0.046362557636488506
DOGEUSDT,1710971999999,LONG,-0.36522969876114764,0.007826869811345385,1710972000000,0.009672793053342328,0.006635284114614778,0.011188094591764052
DOGEUSDT,1710975599999,SHORT,0.007826869811345385,-0.036612803505516656,1710975600000,-0.0037513617983733084,0.008342761757049854,-0.001252018218968401
DOGEUSDT,1711087199999,LONG,-0.1625787111003721,0.0031523118478854442,1711087200000,0.039668437656061165,0.022584547492762102,-0.03555498358152638
DOGEUSDT,1711097999999,SHORT,0.0022303158167864138,-0.49528574813168713,1711098000000,0.00434486438586917,0.044063337629069194,0.06512500961666741
DOGEUSDT,1711195199999,LONG,-0.04298847538219742,0.12229682317115989,1711195200000,0.018579008792589155,0.01851904776723753,-0.010376785463905028
DOGEUSDT,1711231199999,SHORT,0.557841398733002,-0.2640520993421318,1711231200000,0.011549000545315775,0.007021784289739717,-0.0335785523248532
DOGEUSDT,1711317599999,LONG,-0.4335180555138164,0.03565463487909446,1711317600000,-0.010096253166632336,-0.03529778208102382,-0.035239647615989765
DOGEUSDT,1711328399999,SHORT,0.9591796291323054,-0.32151146520314006,1711328400000,0.00017439325723606145,-0.014426933819629643,0.0025025475013237394
DOGEUSDT,1711335599999,LONG,-0.2655952910464197,0.19830909584289688,1711335600000,-0.0006948465826759121,-0.0022020058732471143,0.053476022796267154
DOGEUSDT,1711411199999,SHORT,0.2748299075009917,-0.0876556313106366,1711411200000,-0.006761965703389927,-0.011225880447448528,-0.047543184672659854
DOGEUSDT,1711414799999,LONG,-0.0876556313106366,0.21936723375819084,1711414800000,0.0073913502637420305,0.01801547166476731,0.04674394262018846
DOGEUSDT,1711421999999,SHORT,0.21592263750258017,-0.0245181940497787,1711422000000,0.0074145146730747805,-0.014776404838341658,-0.0051910473522337455
DOGEUSDT,1711436399999,LONG,-0.01698971678773156,0.1476076833070018,1711436400000,-0.010866056574577752,0.018573679363131222,-0.017970385394879888
DOGEUSDT,1711522799999,SHORT,0.27353761546406985,-0.14426387175152955,1711522800000,0.030344484417871298,0.02887064479957075,0.03747131684171806
DOGEUSDT,1711587599999,LONG,-0.2686286813519938,0.03532510672471127,1711587600000,-0.020836154131174657,-0.030760918838330077,0.06624623831687936
DOGEUSDT,1711594799999,SHORT,0.024327432063021546,-0.25525392876244307,1711594800000,0.0041982449538830804,-0.02855682177002944,-0.115799883272586
DOGEUSDT,1713391199999,LONG,-0.1457281072843453,0.21881420038521704,1713391200000,0.00006735594250339129,-0.0049292783558842436,-0.024685876791960583
DOGEUSDT,1713409199999,SHORT,0.21609175316632698,-0.33534680150129376,1713409200000,-0.006985520077327022,0.025048229872399665,-0.014055515510685502
DOGEUSDT,1713506399999,LONG,-0.09429043991941481,0.1297155430309678,1713506400000,0.04188989868384453,0.030118132376053687,0.040849112796619264
DOGEUSDT,1713520799999,SHORT,0.25104461254414157,-0.3062640813155196,1713520800000,-0.0036114159872164936,-0.003480320024784273,-0.017540305593082905
DOGEUSDT,1713689999999,LONG,-0.24032138591030736,0.023200123075439102,1713690000000,-0.0009264120725563984,-0.009988605553163924,-0.021275407087793748
DOGEUSDT,1713700799999,SHORT,0.0035475468642468476,-0.03546332488922756,1713700800000,0.009865133519422678,0.01142514756391999,0.02386718314664736
DOGEUSDT,1713740399999,LONG,-0.34945826758344806,0.10482092114182683,1713740400000,-0.003093534459882609,-0.0058161752021141655,0.00903620606393752
DOGEUSDT,1713754799999,SHORT,0.05156788152660205,-0.441661828982804,1713754800000,-0.018409089600681893,-0.027765665590568336,-0.009403963398051853
DOGEUSDT,1714276799999,LONG,-0.06260336123093568,0.28102048413911107,1714276800000,-0.002805425659370974,0.0009333956274705653,-0.00026684456462537415
DOGEUSDT,1714294799999,SHORT,0.1836541817985395,-0.09307446637488004,1714294800000,0.0013415617788869753,-0.0010719550805383844,-0.0068141088030171555
DOGEUSDT,1714301999999,LONG,-0.2097229334404604,0.060943721181761494,1714302000000,-0.003360669919260056,0.006087586114214675,-0.008761344627184676
DOGEUSDT,1714341599999,SHORT,0.1525562739638562,-0.045618924752858274,1714341600000,0.012846126146428568,0.013116927041726477,0.054308570301131384
DOGEUSDT,1714543199999,LONG,-0.09001524344337414,0.04551931188361482,1714543200000,-0.021818488618203787,-0.06231691089813371,-0.04190232049723005
DOGEUSDT,1714546799999,SHORT,0.04551931188361482,-0.3076881193945652,1714546800000,0.0325257595083938,0.030201388646651867,-0.01671519756753788
DOGEUSDT,1714561199999,LONG,-0.2776913983700457,0.05458918348076641,1714561200000,0.004791576009899263,-0.006021937986127074,0.0332235547834431
DOGEUSDT,1714579199999,SHORT,0.20214716365256724,-0.004877912935815194,1714579200000,-0.017463038571178518,-0.048746840964532044,-0.04218736749070482
DOGEUSDT,1714582799999,LONG,-0.004877912935815194,0.055061986310160224,1714582800000,0.025197930827754306,0.03151756636387693,0.015482931660627322
DOGEUSDT,1714622399999,SHORT,0.18815560045132398,-1.1962128806291357,1714622400000,0.009239412601409501,-0.005455637172783814,-0.055814099535201424
DOGEUSDT,1714665599999,LONG,-0.26110935923336254,0.38778344581057367,1714665600000,-0.006318185741715676,-0.003003681765688518,0.012369755338647969
DOGEUSDT,1714669199999,SHORT,0.38778344581057367,-0.25556484839751814,1714669200000,-0.009537112801540756,0.008106412057157286,-0.009761302915695734
DOGEUSDT,1714769999999,LONG,-1.054063812490303,0.046196461782882586,1714770000000,0.006160254815917766,0.05438508696921513,0.049837677412828726
DOGEUSDT,1714888799999,SHORT,0.1344130979674921,-0.593315356233874,1714888800000,-0.004065173364634855,-0.006371835651063756,-0.006247287139257453
DOGEUSDT,1715000399999,LONG,-0.20337426775576092,0.3532742363273415,1715000400000,0.007810571326820983,-0.010488606467700458,-0.00755343335481838
DOGEUSDT,1715018399999,SHORT,0.06203253396358138,-0.10851011639875786,1715018400000,-0.004820835304693984,-0.015916472668377177,-0.0061024759799692945
DOGEUSDT,1715021999999,LONG,-0.10851011639875786,0.10655271744195706,1715022000000,0.006646665998413801,0.007919821686334164,-0.0001923878545068719
DOGEUSDT,1715039999999,SHORT,0.0006982560370739141,-0.7742343589265159,1715040000000,-0.003382586114497172,0.010346138621091228,0.0003836562487113583
DOGEUSDT,1715281199999,LONG,-0.13583509842320735,0.19830999220765275,1715281200000,0.0027374412020080862,0.024306064145085605,0.018219060371819945
DOGEUSDT,1715306399999,SHORT,0.25438439174724525,-0.0021877920707100602,1715306400000,0.0017919367662075582,-0.0011266113388853378,0.008055700832216614
DOGEUSDT,1715309999999,LONG,-0.0021877920707100602,0.0730326592858207,1715310000000,0.0001328462306834533,0.011754741436669196,-0.03956619596894784
DOGEUSDT,1715345999999,SHORT,0.12397586255747375,-0.09824514029185373,1715346000000,0.003936093677112327,0.03876006954881402,0.04069993436664067
DOGEUSDT,1715644799999,LONG,-0.1853104368039307,0.03067994094730119,1715644800000,-0.002696146146581133,0.008912774698054042,0.024206528383135115
DOGEUSDT,1715648399999,SHORT,0.03067994094730119,-0.07633095160986961,1715648400000,-0.001551067512637074,-0.013207928924213238,-0.019052015154636184
DOGEUSDT,1715651999999,LONG,-0.07633095160986961,0.26700559684666914,1715652000000,0.004907078041410919,0.01803053854541377,0.0077194543426767435
DOGEUSDT,1715774399999,SHORT,0.4244271968032621,-0.17732893205791977,1715774400000,-0.017258974700683154,-0.012443185468005004,-0.03887299233095945
DOGEUSDT,1715806799999,LONG,-0.3728673909650128,0.34628707186439883,1715806800000,-0.0021149109046259755,-0.011137334679425995,-0.006551503939782385
DOGEUSDT,1715853599999,SHORT,0.045734410107592424,-0.06579101861848494,1715853600000,0.007210950638196115,0.017276951142846067,0.03705216546054523
DOGEUSDT,1715878799999,LONG,-0.23221981954106635,0.03513487553825598,1715878800000,-0.0009933446729191433,-0.010513105013514963,-0.009911279457886517
DOGEUSDT,1715882399999,SHORT,0.03513487553825598,-0.04622200491674867,1715882400000,0.003185138724646751,0.004848091846759168,0.0041825787115875685
DOGEUSDT,1715885999999,LONG,-0.04622200491674867,0.026634948000675368,1715886000000,-0.003996009313381976,-0.004262978546763663,0.0053694073518291575
DOGEUSDT,1715889599999,SHORT,0.026634948000675368,-0.31515760854276004,1715889600000,0.0022716653050919603,0.0014024779405050185,-0.02530446032446823
DOGEUSDT,1715957999999,LONG,-0.211830742666094,0.06571691239124493,1715958000000,0.013136371644201608,0.0023422261846498807,0.01480646452981889
DOGEUSDT,1715961599999,SHORT,0.06571691239124493,-0.041191525844389655,1715961600000,0.006061797113475864,0.010015268026475928,-0.003914150462290309
DOGEUSDT,1715975999999,LONG,-0.21106665069628616,0.22310142318420279,1715976000000,0.0034356498319743026,0.009628818456095764,0.003241493924171023
DOGEUSDT,1716011999999,SHORT,0.6417965681196252,-0.18410909733332728,1716012000000,-0.0013578612541870088,-0.007027979538227512,0.012959707285961642
DOGEUSDT,1716015599999,LONG,-0.18410909733332728,0.05573544775882425,1716015600000,-0.001746047586867992,0.006697172304594997,-0.015234669650917848
DOGEUSDT,1716019199999,SHORT,0.05573544775882425,-0.042829225337754885,1716019200000,-0.004907351489629793,-0.009470194790438268,0.009887545588784245
DOGEUSDT,1716613199999,LONG,-0.11829523173935835,0.07864398008409137,1716613200000,0.004004373752731794,0.009680032026840644,0.025450026126179182
DOGEUSDT,1716638399999,SHORT,0.4944688599829338,-0.17989898676573135,1716638400000,0.003780495966501645,-0.00041917423291109804,-0.04187558400519817
DOGEUSDT,1716681599999,LONG,-0.29029635864933484,0.015805679826090012,1716681600000,-0.013706370778372681,-0.001091922754392133,-0.01784933804633417
DOGEUSDT,1716692399999,SHORT,0.1598355157918066,-0.1674096179761794,1716692400000,-0.02162246401316571,-0.008425536941961503,0.0030600859517374507
DOGEUSDT,1716724799999,LONG,-0.3736583691030262,0.24264235037810344,1716724800000,-0.008750606417947695,-0.02121515525935735,-0.028287829191845686
DOGEUSDT,1716739199999,SHORT,0.12449941065996109,-0.08693938597895463,1716739200000,0.00005972823654151728,-0.006073616384109836,0.005570044047953288
DOGEUSDT,1716753599999,LONG,-0.1073896891080447,0.024769964829974067,1716753600000,-0.005655618587440595,-0.013146290316598181,-0.014651181496018535
DOGEUSDT,1716760799999,SHORT,0.04328919080477518,-0.241913619206167,1716760800000,0.0016758442993212751,-0.004475081306999757,-0.0011953145099985363
DOGEUSDT,1717441199999,LONG,-0.4515521500211841,0.06598075405642356,1717441200000,-0.0019318860587339724,-0.013602240623386434,-0.016509586875558677
DOGEUSDT,1717448399999,SHORT,0.2582901456979705,-0.10013594969552547,1717448400000,0.0020124527262379193,0.002264294319207854,0.009976089807783141
DOGEUSDT,1717505999999,LONG,-0.2934564912300996,0.03310292490352943,1717506000000,0.0024530628396974745,0.015187317317448983,0.019705071079332556
DOGEUSDT,1717531199999,SHORT,0.1717001260884368,-0.06287827229028894,1717531200000,-0.0007458048823009912,-0.0039712139556667345,-0.020187785544911976
DOGEUSDT,1717534799999,LONG,-0.06287827229028894,0.2351447853355509,1717534800000,-0.001678843857712559,0.0061317587059639455,0.014004362254569186
DOGEUSDT,1717613999999,SHORT,0.14186734005973545,-0.13088232573747305,1717614000000,-0.003241493924171023,0.002637633794181748,0.008736904157911321
DOGEUSDT,1718225999999,LONG,-0.20672979669129382,0.08296266979282972,1718226000000,0.0052727208130530605,0.004111002706522288,-0.01424446709915814
DOGEUSDT,1718359199999,SHORT,0.5066610118079818,-0.12710713420965455,1718359200000,-0.000280701756229185,0.0026002333776361792,0.049271049006782676
DOGEUSDT,1718503199999,LONG,-0.36939910005134036,0.09078960605143355,1718503200000,-0.004712821683134012,-0.0005143844034496349,0.003739692717691524
DOGEUSDT,1718506799999,SHORT,0.09078960605143355,-0.20320235741323955,1718506800000,0.0014773233592458956,-0.0072807823004516015,-0.0043454312531962325
DOGEUSDT,1718866799999,LONG,-0.05214210443303227,0.001274297455870985,1718866800000,0.013039663181942284,0.02008835985087564,0.0028945907482482557
DOGEUSDT,1718927999999,SHORT,0.025470789085434094,-0.07275929735270854,1718928000000,0.0066097290454609735,0.005074313171469186,0.0003214142253463539
DOGEUSDT,1719244799999,LONG,-0.14404614759362427,0.005010536664548598,1719244800000,-0.003770355794669334,-0.010489306043414234,0.05377908353844744
DOGEUSDT,1719248399999,SHORT,0.005010536664548598,-0.10455686190938104,1719248400000,-0.0005149772665523489,0.00343997587244342,-0.05787358844454502
DOGEUSDT,1719255599999,LONG,-0.12118217105461462,0.1583024792924223,1719255600000,-0.007491316732110092,0.01015670404882527,0.05084281977275737
DOGEUSDT,1719259199999,SHORT,0.1583024792924223,-0.03811677074881761,1719259200000,-0.0032789743763015347,-0.02761853007881689,-0.052446475372542524
DOGEUSDT,1719273599999,LONG,-0.08168123260791547,0.121285190770471,1719273600000,0.0033573978154881876,0.03664985950304498,0.03697400861447307
DOGEUSDT,1719298799999,SHORT,0.7232910807821195,-0.012771449470539764,1719298800000,0.005887661132324936,-0.004393108269384483,-0.04371060281698652
DOGEUSDT,1719309599999,LONG,-0.2781898491792539,0.18668094959492107,1719309600000,-0.00024349661254196144,0.0029173440464087567,0.023658828353225383
DOGEUSDT,1719320399999,SHORT,0.053424499323620867,-0.521930626460998,1719320400000,-0.0040541691789923884,-0.022891646563913813,-0.022971052606755655
DOGEUSDT,1719338399999,LONG,-0.08498806571857427,0.007691297022076897,1719338400000,0.012803065353909734,-0.0026121042279250665,-0.00945164099038128
DOGEUSDT,1719345599999,SHORT,0.006935401782470893,-0.2053907977423926,1719345600000,0.0057360782742572666,0.011980911026816195,0.014760124313702805
DOGEUSDT,1719529199999,LONG,-0.10573246003539986,0.0036268474293172635,1719529200000,-0.0054936568867888225,-0.012126132838461463,-0.006990014716693991
DOGEUSDT,1719547199999,SHORT,0.0949400792800588,-0.07415543391366862,1719547200000,0.006817307417792441,0.010323287104666323,0.008489082674804357
DOGEUSDT,1719554399999,LONG,-0.2667535755948805,0.49072619401005557,1719554400000,0.001355499948407777,0.011581915916425914,-0.01527606486759353
DOGEUSDT,1719597599999,SHORT,0.12211866484200286,-0.2802666698871571,1719597600000,-0.003316216085579802,-0.0006479306940855938,0.0012160027439770264
DOGEUSDT,1720184399999,LONG,-0.05114722912176633,0.29205039677724876,1720184400000,0.02486274540533353,0.04255540182609249,0.0811386748575885
DOGEUSDT,1720216799999,SHORT,0.3211884396307785,-0.4380516638347318,1720216800000,0.0004773041950192944,-0.008079507854997255,-0.039760159738216685
DOGEUSDT,1720234799999,LONG,-0.006553146052910373,0.1935626153795808,1720234800000,0.006526388736239025,0.027886152435754617,0.030190619510804862
DOGEUSDT,1720263599999,SHORT,0.7862559147065694,-0.020726100150794326,1720263600000,-0.003487841993816015,0.0013801354723253071,-0.04071901018113965
DOGEUSDT,1720267199999,LONG,-0.020726100150794326,0.0742833034120985,1720267200000,-0.008281239817943402,0.00027486371513922456,0.03811697390450879
DOGEUSDT,1720270799999,SHORT,0.0742833034120985,-0.1788124455184722,1720270800000,0.0020347768766724246,-0.030841653053232398,-0.027161713523695556
DOGEUSDT,1720450799999,LONG,-0.10259153059592566,0.2431260895386854,1720450800000,-0.012349909498812867,0.004860276882252663,0.015341289212094652
DOGEUSDT,1720468799999,SHORT,0.2211365689044848,-0.19967960097206036,1720468800000,0.007737162811164208,0.0015798525659499938,-0.0020408170348527664
DOGEUSDT,1720493999999,LONG,-0.3118259669857048,0.0630173498803996,1720494000000,-0.003604939893299738,0.0016594453886456188,-0.010947321501266502
DOGEUSDT,1720497599999,SHORT,0.0630173498803996,-0.003607989272094762,1720497600000,-0,0.000833680748577342,0.0021319005154793133
DOGEUSDT,1720612799999,LONG,-0.6377319307647379,0.00028086528092408406,1720612800000,-0.0020135463511815163,-0.00009143693144028984,-0.013161112156637726
DOGEUSDT,1720616399999,SHORT,0.00028086528092408406,-0.13271750968479007,1720616400000,0.004039296780043892,-0.0024706056397270915,0.012723756387212527
DOGEUSDT,1720691999999,LONG,-0.09061652957403638,0.029249776961371175,1720692000000,0.0013715541856582083,0.00956160815570258,-0.023983741380874342
DOGEUSDT,1720699199999,SHORT,0.06037954257071972,-0.203806230180831,1720699200000,-0.012764397267948677,0.023040370422795952,0.02958795718549607
DOGEUSDT,1720709999999,LONG,-0.09984945649878552,0.19561662919261286,1720710000000,-0.01847456941279246,-0.01132139663867802,-0.019034114330869933
DOGEUSDT,1720717199999,SHORT,0.10231800863388069,-0.020001183259511907,1720717200000,-0.0033379725012679215,0.005027943553158862,0.0143120164278767
DOGEUSDT,1720724399999,LONG,-0.056875174872525795,0.2132655199715267,1720724400000,-0.00920636994897531,-0.012481533125523796,-0.014451792242037352
DOGEUSDT,1720742399999,SHORT,0.05313825624204898,-0.2399494870911435,1720742400000,-0.00028149190896652345,0.004231914906580119,0.00781953204764386
DOGEUSDT,1720893599999,LONG,-0.09106108154033594,0.26814610653683313,1720893600000,-0.004575024799828625,-0.0008954155326057371,0.01941120110441903
DOGEUSDT,1720943999999,SHORT,0.21564328940624566,-0.004237626400081653,1720944000000,-0.0018483480155510668,0.006540592523051735,0.008226858731367545
DOGEUSDT,1720947599999,LONG,-0.004237626400081653,0.030952705735190423,1720947600000,0.0014058520899065297,-0.01792099061359608,-0.009186532232095255
DOGEUSDT,1720951199999,SHORT,0.030952705735190423,-0.05689991883157681,1720951200000,0.009084156485601572,0.018430434854637166,-0.007696382227079989
DOGEUSDT,1721073599999,LONG,-0.44327478914693486,0.37190557376898065,1721073600000,0.011321804422371623,0.029430625870682736,-0.0034713647554589634
DOGEUSDT,1721080799999,SHORT,0.22729710000819,-0.043837322898440514,1721080800000,-0.017914329741936116,-0.03400561878262761,0.0020561754170362527
DOGEUSDT,1721084399999,LONG,-0.043837322898440514,0.19318339012133293,1721084400000,0.0072365033972837285,0.017914746546169622,-0.01586108325346634
DOGEUSDT,1721138399999,SHORT,0.0191435713814909,-0.26109507160749795,1721138400000,-0.009328273190186361,-0.035374761704745544,-0.03489853342365997
DOGEUSDT,1721401199999,LONG,-0.20559590961595398,0.020285240677718468,1721401200000,0.0018683243321055561,0.009468005180589502,0.014368991168610951
DOGEUSDT,1721404799999,SHORT,0.020285240677718468,-0.023190693518264468,1721404800000,-0.009209209604128452,-0.01586120768514637,-0.0171384490178778
DOGEUSDT,1721527199999,LONG,-0.2928352635911348,0.11824451101435256,1721527200000,-0.006467160455680233,-0.017161638355241367,-0.016094646408879223
DOGEUSDT,1721537999999,SHORT,0.12113988190597585,-0.3244598355718222,1721538000000,0.0003811992574655402,0.0031301319598089766,-0.004790701531634771
DOGEUSDT,1722020399999,LONG,-0.13602361837374427,0.10164269930815635,1722020400000,0.018899867079378695,0.027920690916019765,0.02442639346812282
DOGEUSDT,1722041999999,SHORT,0.10581539557381078,-0.28751316148983974,1722042000000,0.0028498594359315644,-0.009020823836641084,-0.014719266638749763
DOGEUSDT,1722056399999,LONG,-0.17848376931482374,0.05014343533505334,1722056400000,-0.00759893398061593,-0.0031219827632284545,-0.013073058107441986
DOGEUSDT,1722059999999,SHORT,0.05014343533505334,-0.21593676184389318,1722060000000,-0.00402985619991156,-0.013148798435050514,0.011128771146296302
DOGEUSDT,1722067199999,LONG,-0.18535637623516693,0.06103248648672718,1722067200000,0.0011918952543319029,0.004462301023398686,0.014356792142466952
DOGEUSDT,1722070799999,SHORT,0.06103248648672718,-0.014231791124106967,1722070800000,-0.008746627550470289,-0.008820425565337141,0.005973733415705704
DOGEUSDT,1722074399999,LONG,-0.014231791124106967,0.19737687387829633,1722074400000,-0.0014031980442026704,0.013342328269735668,-0.010162161405756744
DOGEUSDT,1722099599999,SHORT,0.11086553446924961,-0.20553117326939738,1722099600000,0.005504670235899998,-0.004052538379270787,0.032015570069729916
DOGEUSDT,1722193199999,LONG,-0.02759653218976035,0.06948295621342401,1722193200000,-0.004609365155657719,-0.010323666419096503,0.029974687579248104
DOGEUSDT,1722239999999,SHORT,0.16681080309497331,-0.025535669886488862,1722240000000,0.003797331542669669,0.009558017806105356,0.039874910446826194
DOGEUSDT,1722243599999,LONG,-0.025535669886488862,0.08378956523784901,1722243600000,0.0066173705173109805,-0.0022404789058523837,-0.03406877037883974
DOGEUSDT,1722247199999,SHORT,0.08378956523784901,-0.4131270457303362,1722247200000,0.006169876476430472,0.017342339258557823,0.04331385706925997
DOGEUSDT,1722664799999,LONG,-0.21891907960308213,0.03977760730316263,1722664800000,0.0037900534549202593,-0.0027413025081198454,-0.05621344520800689
DOGEUSDT,1722679199999,SHORT,0.11590717927667174,-0.11635042595708617,1722679200000,0.0028373844182181863,-0.005562682658864441,0.04602261433560971
DOGEUSDT,1722715199999,LONG,-0.15658987335694724,0.15724555106484148,1722715200000,-0.0011348592101292278,0.021228645890875263,0.007626796538184692
DOGEUSDT,1722751199999,SHORT,0.12055957102495592,-0.003920639448497879,1722751200000,-0.00037033608422508456,0.008742615208976541,0.06741328548582193
DOGEUSDT,1722754799999,LONG,-0.003920639448497879,0.02614553383178229,1722754800000,-0.013324212962031094,-0.005662056245963796,-0.04786963278670438
DOGEUSDT,1722758399999,SHORT,0.02614553383178229,-0.29359647245669446,1722758400000,-0.0014996722278273924,-0.008499560812455804,0.017696227111042115
DOGEUSDT,1722765599999,LONG,-0.192826076122694,0.03613349010215493,1722765600000,0.003543457642759176,0.00037358737709187524,-0.023534945719725343
DOGEUSDT,1722772799999,SHORT,0.057037397375546875,-0.12316123682160114,1722772800000,-0.003620669600802909,0.04139569576169538,0.036078334173196606
DOGEUSDT,1723154399999,LONG,-0.0877280715295261,0.19968366560917106,1723154400000,0.02543947249812202,0.01025357886843817,-0.0005727377017958424
DOGEUSDT,1723201199999,SHORT,0.2109199605813581,-0.018813292029045015,1723201200000,-0.00019158923327115658,0.011659973102982637,0.005572115483478868
DOGEUSDT,1723204799999,LONG,-0.018813292029045015,0.19090023536220382,1723204800000,-0.0031659257987704387,-0.026989309282952557,-0.005956401508944887
DOGEUSDT,1723240799999,SHORT,0.07311154648045184,-0.2958828685876417,1723240800000,0.0029820617548732197,0.00577980609100263,-0.0026858529335456365
DOGEUSDT,1723337999999,LONG,-0.49795424044727465,0.5587166596258892,1723338000000,0.014030723108859196,0.021341847248931334,0.00451128584650105
DOGEUSDT,1723402799999,SHORT,0.08880601157008378,-0.21326163913325732,1723402800000,0.016285592403997066,0.03244577954659902,0.03076867167064132
DOGEUSDT,1723474799999,LONG,-0.26015178198232586,0.007633578117236867,1723474800000,0.003930013479695451,-0.024294229551532997,-0.0015951211451638346
DOGEUSDT,1723481999999,SHORT,0.06702638381586226,-0.16619808414709747,1723482000000,0.008951767669678545,0.013125158911547785,0.0185576240228556
DOGEUSDT,1723489199999,LONG,-0.159274183956106,0.4013632362508414,1723489200000,0.010131024240757366,0.022135516432029646,0.009940819770378818
DOGEUSDT,1723521599999,SHORT,0.08267562624264996,-0.046999332888818614,1723521600000,0.0005732301676026875,0.0010511731103142853,-0.00381316000641419
DOGEUSDT,1723881599999,LONG,-0.19553161900619156,0.11787195050067097,1723881600000,-0.00019766752386957153,-0.0018794209004090732,0.016174444656020255
DOGEUSDT,1723888799999,SHORT,0.2931969782907003,-0.07487542283091693,1723888800000,0.003662101385711253,-0.006695574442747172,-0.01568352084142661
DOGEUSDT,1723906799999,LONG,-0.139692797783108,0.0336621708222173,1723906800000,-0.0029357101033350187,0.0017572981189245367,0.008271345750677334
DOGEUSDT,1723910399999,SHORT,0.0336621708222173,-0.05719982250035423,1723910400000,-0.00916990134438458,-0.007809489124078073,0.00009800558639694101
DOGEUSDT,1723924799999,LONG,-0.15969310110406382,0.2924428954998381,1723924800000,-0.000583600833605253,-0.0012648992199758534,-0.006242704628084744
DOGEUSDT,1723942799999,SHORT,0.07757232639560827,-0.024006959966611622,1723942800000,0.009069251299122295,0.00838374963197101,-0.0053250839877349
DOGEUSDT,1724050799999,LONG,-0.12846930486878427,0.04624698506503417,1724050800000,-0.0022022030922035484,-0.009342576367265858,0.00806656766606012
DOGEUSDT,1724061599999,SHORT,0.23094056418107015,-0.05326543013533327,1724061600000,-0.0005047700879473296,-0.0035280516409630733,-0.013440523292497515
DOGEUSDT,1724072399999,LONG,-0.05444900034648194,0.014091272698310092,1724072400000,-0.006819119885884428,-0.001099945113649909,0.02827913947840899
DOGEUSDT,1724075999999,SHORT,0.014091272698310092,-0.1471580827877857,1724076000000,-0.007317961583659136,-0.013590695846878116,-0.04658861356189041
DOGEUSDT,1724079599999,LONG,-0.1471580827877857,0.08606007333890173,1724079600000,-0.003101087865078418,0.006967282090911417,0.038598189298583996
DOGEUSDT,1724086799999,SHORT,0.01480251930149352,-0.18697245395236925,1724086800000,-0.00797213988038339,-0.005288641773479521,-0.042697173741470626
DOGEUSDT,1724090399999,LONG,-0.18697245395236925,0.000577619016064535,1724090400000,0.0006945478276923697,-0.0037788430010834966,0.04274570132191635
DOGEUSDT,1724093999999,SHORT,0.000577619016064535,-0.07307004621238622,1724094000000,0.004373329701688889,0.001290130680607461,-0.040810093229559925
DOGEUSDT,1724104799999,LONG,-0.10576308981880785,0.07954367169538264,1724104800000,0.003182815497728982,0.036677134315016964,0.04585414165071766
DOGEUSDT,1724144399999,SHORT,0.08115549787009203,-0.01516385655344413,1724144400000,-0.0026679386954192763,-0.0029533675542144457,0.010068647173897471
DOGEUSDT,1724147999999,LONG,-0.01516385655344413,0.2900437089842922,1724148000000,0.0020914543225906204,-0.001047369769632837,-0.016407180236945793
DOGEUSDT,1724158799999,SHORT,0.023088192263204122,-0.08525888675672649,1724158800000,0.001332825787556647,0.021833038437574257,0.022708567458918992
DOGEUSDT,1724162399999,LONG,-0.08525888675672649,0.17117083214265535,1724162400000,-0.02752866162833226,-0.016329245744275783,-0.016329245744275783
DOGEUSDT,1724198399999,SHORT,0.47294470025508784,-0.47671241690551003,1724198400000,0.0009727627226221707,-0.008808923909222274,-0.007555247097159882
DOGEUSDT,1724435999999,LONG,-0.035897466006921334,0.08348741407009816,1724436000000,-0.004011594414826923,0.01650013169903172,0.0008892841848842585
DOGEUSDT,1724439599999,SHORT,0.08348741407009816,-0.05824060229682852,1724439600000,-0.009335475667576892,-0.011280485563750187,-0.0030324675396834213
DOGEUSDT,1724457599999,LONG,-0.06650656497373778,0.041882715953423584,1724457600000,0.0007969891942788261,-0.0030165935394255677,-0.006577216849031974
DOGEUSDT,1724464799999,SHORT,0.04166153884708311,-0.04910314189177397,1724464800000,-0.003909378590718445,-0.0015122539909970434,0.001068851976702979
DOGEUSDT,1724468399999,LONG,-0.04910314189177397,0.12154903085573285,1724468400000,-0.0019529522407788907,-0.0041768556614645075,-0.0017752534397782159
DOGEUSDT,1724475599999,SHORT,0.2624423484756701,-0.25423133508168994,1724475600000,-0.0031159606782575474,-0.00498088728776993,-0.02012602136340599
DOGEUSDT,1724493599999,LONG,-0.13869961311746798,0.048521182067393955,1724493600000,0.002916613495359186,-0.006838696220341045,-0.017500446635100832
DOGEUSDT,1724500799999,SHORT,0.04554484954001105,-0.09979883330229825,1724500800000,0.003036801190554873,0.0004460104440377046,-0.0032943091716855096
DOGEUSDT,1724979599999,LONG,-0.056710605320142764,0.0005344387233713878,1724979600000,-0.0008968163622350998,-0.001894223187391389,0.011881327886752686
DOGEUSDT,1724983199999,SHORT,0.0005344387233713878,-0.4042068696222848,1724983200000,0.00029911760530119215,0.004997012196898781,-0.007844735131031923
DOGEUSDT,1725051599999,LONG,-0.29069953236227375,0.001237762008253487,1725051600000,0.0019859007618906474,0.013230840716504887,-0.00009939863832056328
DOGEUSDT,1725137999999,SHORT,0.21816601527885615,-0.1183251149348715,1725138000000,-0.0031567551123214744,0.0012852836808162481,0.017442012914217216
DOGEUSDT,1725328799999,LONG,-0.23659657872428436,0.03865046696895855,1725328800000,-0.0015029309977958758,-0.002405775017592665,-0.016047172833034456
DOGEUSDT,1725350399999,SHORT,0.023556961059950657,-0.3599620620040313,1725350400000,0.007461216303333896,-0.0002008838897877827,0.018860830845354157
DOGEUSDT,1725764399999,LONG,-0.07833028141540603,0.05209369457239844,1725764400000,-0.0027007391506852843,-0.01357723206515526,-0.013366949233973604
DOGEUSDT,1725771599999,SHORT,0.37858097771373855,-0.5701449265562389,1725771600000,0.004395151487099735,-0.0008349859581256765,0.013349649033830853
DOGEUSDT,1725807599999,LONG,-0.0777390702121305,0.16092868328214727,1725807600000,-0.00844599615341087,0.0025199509345131947,0.02152857313285296
DOGEUSDT,1725814799999,SHORT,0.00922013300861168,-0.0001293061633267369,1725814800000,-0.00937391665741976,-0.007905179507113247,-0.020943173845243173
DOGEUSDT,1725818399999,LONG,-0.0001293061633267369,0.05173922041677405,1725818400000,-0.00020970955303871056,0.00020966558416249612,0.007624455965114669
DOGEUSDT,1725821999999,SHORT,0.05173922041677405,-0.16787520811910064,1725822000000,0.0009443366737138245,-0.0027230850509265343,-0.01674419027457616
DOGEUSDT,1725865199999,LONG,-0.5949970058988908,0.023609029893530992,1725865200000,0.0014428529762749995,0.01616403479481259,0.06652834087512173
DOGEUSDT,1725868799999,SHORT,0.023609029893530992,-0.11049586248844717,1725868800000,-0.005136645771316363,-0.008001684055674722,-0.06644215662613506
DOGEUSDT,1725875999999,LONG,-0.08199673284898804,0.15219175891089043,1725876000000,0.0068224896780889775,0.0029587329649278554,0.06363129456899858
DOGEUSDT,1725893999999,SHORT,0.13089264508591633,-0.02145906453073216,1725894000000,-0.01611293273527702,-0.06333624631477706,-0.052469737913961194
DOGEUSDT,1725897599999,LONG,-0.02145906453073216,0.18183178825162974,1725897600000,0.04779740735666841,0.048375832129375136,0.0358653649328134
DOGEUSDT,1725969599999,SHORT,0.08586522873055852,-0.06592056505272019,1725969600000,0.0062920685781307035,0.01998019782302705,0.008625338157004307
DOGEUSDT,1726005599999,LONG,-0.2074515524481235,0.1883640171891236,1726005600000,0.002141745366981517,-0.01146790318520207,-0.022370974818010998
DOGEUSDT,1726027199999,SHORT,0.11260868284261769,-0.061512109232569334,1726027200000,0.013757569196122135,0.0013871001926802117,0.010750651023937336
DOGEUSDT,1726041599999,LONG,-0.15693740520490357,0.1636996733403707,1726041600000,-0.004770432421791738,-0.003575689149448764,0.006620904664551912
DOGEUSDT,1726091999999,SHORT,0.3576144525150224,-0.8554461423876989,1726092000000,0.0002961939104440688,-0.00874741436948012,-0.006690304372372076
DOGEUSDT,1726225199999,LONG,-0.07060637493483121,0.033736785555358424,1726225200000,-0.01869213301215252,0.004314798927588639,0.008611060322481347
DOGEUSDT,1726228799999,SHORT,0.033736785555358424,-0.2817371396587097,1726228800000,-0.0036328911848311604,-0.033250060888477644,-0.023568361728980452
DOGEUSDT,1726261199999,LONG,-0.1471520292085482,0.003666557575138813,1726261200000,0.002330242933547589,0.0005597537229836532,-0.0065537169317967
DOGEUSDT,1726293599999,SHORT,0.21318828611255505,-0.06876821683749161,1726293600000,-0.009179532423522554,0.00047061039035072873,0.011165899507098684
DOGEUSDT,1726297199999,LONG,-0.06876821683749161,0.20093474198167083,1726297200000,-0.005797659778038164,-0.01531481052933923,-0.02167851154148434
DOGEUSDT,1726304399999,SHORT,0.020508037112934207,-0.03833286908525372,1726304400000,0.00225691275035823,0.00915316605089395,0.011050879875943354
DOGEUSDT,1726347599999,LONG,-0.0598562826873774,0.29157811515887005,1726347600000,0.0006646095663576569,0.003791833152588163,0.001802913616418069
DOGEUSDT,1726354799999,SHORT,0.18465770976329313,-0.040575733201126334,1726354800000,0.00047454089060197305,-0.0031263347902431033,0.006091196143598216
DOGEUSDT,1726405199999,LONG,-0.014573777129700581,0.2968108131453641,1726405200000,0.0029413181222376285,-0.003903465707610651,-0.028529305749106112
DOGEUSDT,1726423199999,SHORT,0.21103459457407706,-0.10249999740234264,1726423200000,-0.0027486866270400416,0.012703738352221711,0.033587407323769365
DOGEUSDT,1726765199999,LONG,-0.42031232018013065,0.05589599743155981,1726765200000,-0.0029084788528459062,-0.007239935719054237,-0.0005622715919852466
DOGEUSDT,1726775999999,SHORT,0.06328672383862148,-0.1578394626130848,1726776000000,-0.0019836590833683344,0.007497781055669935,-0.008098735291238779
DOGEUSDT,1726963199999,LONG,-0.6397957641169393,0.29102453267523337,1726963200000,-0.004925219733674612,-0.017438033650426246,-0.031141347591955932
DOGEUSDT,1726973999999,SHORT,0.3670205909267021,-0.5394645624510388,1726974000000,0.0015726910128981625,0.003240593549299951,0.02309701066270929
DOGEUSDT,1727179199999,LONG,-0.08919464643017304,0.42228189700710134,1727179200000,-0.0022930530570381027,-0.01569745990743333,0.005299720006754734
DOGEUSDT,1727215199999,SHORT,0.27643590140191365,-0.038910609486030784,1727215200000,-0.011039754474306895,-0.011130486225945512,0.004136985904842948
DOGEUSDT,1727218799999,LONG,-0.038910609486030784,0.61162277232333,1727218800000,-0.004364833700742862,0.001994199355588902,-0.01067284931517344
DOGEUSDT,1727243999999,SHORT,0.6325826426565919,-0.2412867247401399,1727244000000,0.008240295666358574,0.010264960447816702,0.001642635886783925
DOGEUSDT,1727254799999,LONG,-0.39193729321411896,0.1127917223707641,1727254800000,-0.005512186671652067,0.0004579803148518966,0.010208820774634355
DOGEUSDT,1727261999999,SHORT,0.11277930495620288,-0.1417526888799592,1727262000000,-0.0066724803109481385,-0.007401011442342179,-0.0002750905523744666
DOGEUSDT,1727391599999,LONG,-0.2773898236137651,0.09290447838553431,1727391600000,0.002373083578288505,-0.004677873722710267,0.04269042187217904
DOGEUSDT,1727416799999,SHORT,0.09747543578236692,-0.029505658405140966,1727416800000,-0.01302631787508761,-0.017787270987408774,-0.014561981947338013
DOGEUSDT,1727467199999,LONG,-0.10479200839369743,0.5003234988332579,1727467200000,-0.0024992958549390743,-0.005733451325982557,-0.019268105551602605
DOGEUSDT,1727477999999,SHORT,0.7465883393550152,-0.07495004175449109,1727478000000,0.0038797332855888514,-0.01862191673853121,0.00404171595379767
DOGEUSDT,1728273599999,LONG,-0.21965004675121091,0.13549110060205483,1728273600000,-0.0034296300600334946,-0.0026371323300074115,-0.018518227313321305
DOGEUSDT,1728287999999,SHORT,0.1090886664805375,-0.1568716418084522,1728288000000,0.0017618045430988138,0.019283487297102993,0.024952283689777206
DOGEUSDT,1728745199999,LONG,-0.12879904756166213,0.02402192812146871,1728745200000,-0.0019743343037176295,-0.002423590791798616,-0.004672905699392482
DOGEUSDT,1728748799999,SHORT,0.02402192812146871,-0.034967179783728396,1728748800000,0.0010784579098652783,0.0013482542152925014,0.003960044775491415
DOGEUSDT,1728759599999,LONG,-0.00875019619096229,0.06740296444555798,1728759600000,-0.0008091706442856015,0.002513240708932343,0.0012574099016160057
DOGEUSDT,1728763199999,SHORT,0.06740296444555798,-0.09319037472318077,1728763200000,-0.002605220895866683,-0.00134837541216649,-0.0031433857666899492
DOGEUSDT,1729072799999,LONG,-0.46452871655042893,0.1561233540687419,1729072800000,-0.013626131766045354,-0.011076938957233077,-0.0033891658056948953
DOGEUSDT,1729123199999,SHORT,0.5460338403298826,-0.005213068264904665,1729123200000,0.007585169506436752,0.005103679339726287,0.03323800893645875
DOGEUSDT,1729126799999,LONG,-0.005213068264904665,0.6166066496644965,1729126800000,0.0010414581353913638,-0.006755695630989277,-0.021715324203455653
DOGEUSDT,1729141199999,SHORT,0.44924734841360026,-0.29354436664581984,1729141200000,0.01005685686256242,0.011770094075417285,0.011933412710436398
DOGEUSDT,1729234799999,LONG,-0.0744121996981273,0.5802238752976411,1729234800000,-0.001038806949541656,0.0021483876841347283,0.02844070772677414
DOGEUSDT,1729375199999,SHORT,0.10202205874140055,-0.17067676740398974,1729375200000,-0.01567970249610367,-0.005512381449552438,-0.015400606764456759
DOGEUSDT,1729378799999,LONG,-0.17067676740398974,0.1636491823372036,1729378800000,0.004802514885596416,-0.009252186278202708,-0.005948024953718152
DOGEUSDT,1729389599999,SHORT,0.11753936598416398,-0.11072819595269386,1729389600000,-0.0008453681376996781,0.0067887963158022,0.018709420004821297
DOGEUSDT,1729396799999,LONG,-0.11048748824010582,0.11897570307452425,1729396800000,0.0021908910138172875,0.010136648811606131,-0.021526200375984225
DOGEUSDT,1729429199999,SHORT,0.191070861763264,-0.6442637431777345,1729429200000,-0.011919092237210284,-0.017361672271861184,-0.04559801393376831
DOGEUSDT,1729807199999,LONG,-0.2981528324805874,0.0306155106880778,1729807200000,0.001903486774460728,-0.014786648882675653,-0.01858961690738181
DOGEUSDT,1729821599999,SHORT,0.11414223021397119,-0.00728778901721774,1729821600000,-0.0010022192835457972,-0.004002864529923262,0.0076931752332678
DOGEUSDT,1729825199999,LONG,-0.00728778901721774,0.0037074808540702568,1729825200000,0.0005722870175506779,-0.002579352293413745,-0.01485033057892759
DOGEUSDT,1729832399999,SHORT,0.047254813987975944,-0.19604503829179384,1729832400000,-0.0046476791680635145,0.011605824988732425,0.023934998126145825
DOGEUSDT,1729846799999,LONG,-0.2466378324071782,0.11126648552811495,1729846800000,0.008664314130141218,0.004197126068697688,-0.01962570313672423
DOGEUSDT,1729857599999,SHORT,0.34746014367900885,-0.4813670398183714,1729857600000,0.004395294751084969,0.020042788421000327,0.05581021774583389
DOGEUSDT,1730041199999,LONG,-0.07000585314873947,0.331104671947039,1730041200000,0.009907775548997732,0.012599376550669004,0.04208194543431363
DOGEUSDT,1730253599999,SHORT,0.06039822603184887,-0.09618658555148134,1730253600000,0.016735363259412755,0.002147378763689157,0.0406691225854807
DOGEUSDT,1730807999999,LONG,-0.10242015444156957,0.03038082480777995,1730808000000,-0.011143156766173555,0.018033086056593955,-0.009081118152942552
DOGEUSDT,1730829599999,SHORT,0.12013723909104204,-0.022466836876214452,1730829600000,0.0006824386070133795,0.050007505169514854,-0.16193319801331646
DOGEUSDT,1732359599999,LONG,-0.34847142197297776,0.04481300443969887,1732359600000,-0.012036741654437967,-0.01970632644720697,-0.08930599406928195
DOGEUSDT,1732363199999,SHORT,0.04481300443969887,-0.6431337023493564,1732363200000,0.002685137468398705,0.03132314828475303,0.0875532481614092
DOGEUSDT,1733947199999,LONG,-0.1245063125856317,0.6390565024526205,1733947200000,0.002598841609976491,-0.0023882192590402155,-0.0029438754912508654
DOGEUSDT,1733965199999,SHORT,0.08736812118683304,-0.09766945924648202,1733965200000,0.0028613722307104846,-0.01695037919468526,-0.0158212363823125
DOGEUSDT,1734994799999,LONG,-0.13865099607985915,0.19157505247998077,1734994800000,-0.005924351607445945,-0.025699270780987604,-0.02331555419262829
DOGEUSDT,1735023599999,SHORT,0.5153350251540066,-0.27256693339054866,1735023600000,-0.006272156364771481,0.0007828769560765514,-0.051163379231355964
DOGEUSDT,1735365599999,LONG,-0.8643491653358866,0.02774990378853955,1735365600000,0.0020269207256217916,0.004428565109568849,0.022941242409827835
DOGEUSDT,1735369199999,SHORT,0.02774990378853955,-0.04656249184745187,1735369200000,0.003772213751450588,-0.0011699791054599973,-0.016131913091648784
DOGEUSDT,1735415999999,LONG,-0.1478071705613008,0.1399270036112248,1735416000000,0.0005582260960591519,0.005969243735526704,0.021057286842628496
DOGEUSDT,1735448399999,SHORT,0.10323742057540485,-0.2829230320682652,1735448400000,-0.005724149315902729,-0.00915520987631767,0.024810671471024965
LTCUSDT,1672901999999,SHORT,0.21386240151778502,-0.28625785003825877,1672902000000,0.0007963897421181707,0.0038551061370705026,0.014432964691663637
LTCUSDT,1672916399999,LONG,-0.1342080650551042,0.1651094866458674,1672916400000,-0.0009326494580513718,-0.013406823683227001,-0.009634759396583726
LTCUSDT,1673002799999,SHORT,0.1485513949257685,-0.4807563271729012,1673002800000,-0.010088701793320776,-0.017656305476203376,-0.03962643221684076
LTCUSDT,1673146799999,LONG,-0.03285376649948653,0.43055736613227263,1673146800000,0.0014537767709435802,0.0034327997798050337,0.010001399330114224
LTCUSDT,1673153999999,SHORT,0.3519468805880669,-0.005132467483329344,1673154000000,-0.002910439943053687,-0.006865619785981516,-0.0027783308207265803
LTCUSDT,1673179199999,LONG,-0.19524373526827327,0.07998538587213609,1673179200000,-0.0015787399674277683,0.008117352767558069,0.03398918641414794
LTCUSDT,1673182799999,SHORT,0.07998538587213609,-0.029398974472777416,1673182800000,0.0005268010131050646,0.0034291777207058455,-0.06843972313690198
LTCUSDT,1673189999999,LONG,-0.03858483076539291,0.18714228846524497,1673190000000,0.00431232291922094,-0.00643764950756328,0.06881824475115443
LTCUSDT,1673308799999,SHORT,1.4307102364397,-0.11256442912338334,1673308800000,-0.01289869428734088,0.005157182353611703,0.01704586727298872
LTCUSDT,1673312399999,LONG,-0.11256442912338334,0.3043528461508872,1673312400000,-0.007767972062194774,-0.013266183726155307,-0.03293894932486017
LTCUSDT,1673337599999,SHORT,0.17897953594237534,-0.16695679968303526,1673337600000,-0.0011095359579982996,0.009917026856130278,-0.012137708014424303
LTCUSDT,1673593199999,LONG,-0.39231770909032393,0.14167860763298326,1673593200000,-0.0033077407595207293,0.004001888580053814,-0.009479867178376055
LTCUSDT,1673596799999,SHORT,0.14167860763298326,-0.07600309141141907,1673596800000,-0.006487019269096446,-0.00035492458225301783,-0.003661493490053562
LTCUSDT,1673600399999,LONG,-0.07600309141141907,0.22296989791208194,1673600400000,0.0008227067514635477,-0.011351664997064076,0.0011750882668267028
LTCUSDT,1673629199999,SHORT,0.17582050110737787,-0.047852267672424315,1673629200000,-0.002618425680744047,-0.01466961122671943,-0.05967778156180003
LTCUSDT,1674161999999,LONG,-0.10728547419451524,0.08836710967641137,1674162000000,-0.0032171609517754637,-0.003336514058081798,0.0014265337654540214
LTCUSDT,1674176399999,SHORT,0.22696483912565618,-0.5461685585354645,1674176400000,-0.0077275543549246255,0.002629064611850464,-0.008674524122660779
LTCUSDT,1674201599999,LONG,-1.3199441047255362,0.10337405555194652,1674201600000,0.007272759329079878,0.009290204978632565,0.045954189350224085
LTCUSDT,1674320399999,SHORT,0.30494878644901396,-0.2481011412742278,1674320400000,0.0021070149186832375,-0.0005537405313430638,0.013382601866285409
LTCUSDT,1674687599999,LONG,-0.0685457853892433,0.0938444710929825,1674687600000,0.009550097863037756,0.004055886587498268,-0.003505799462910634
LTCUSDT,1674719999999,SHORT,0.1039734744729916,-0.49849347498440805,1674720000000,0.001124480046521258,0.006879079847982636,0.011415778113312645
LTCUSDT,1674813599999,LONG,-0.11167459417335639,0.31419555357659457,1674813600000,-0.0030844829390044284,-0.0038857191748526577,0.009761712022463568
LTCUSDT,1674892799999,SHORT,0.012663581509523668,-0.10629640613452887,1674892800000,0.0029355333262882817,0.0018054620115387674,0.005086193502127635
LTCUSDT,1674896399999,LONG,-0.10629640613452887,0.017996058863303237,1674896400000,0.001017121633712267,-0.005214840068671767,-0.006352108472836058
LTCUSDT,1674903599999,SHORT,0.019016877037134186,-0.04428784269584053,1674903600000,-0.00158245766039721,0.011376686982107934,-0.002372748415613279
LTCUSDT,1675195199999,LONG,-0.5443321596248727,0.056393820703644584,1675195200000,-0.006374184973019607,-0.003394508404281398,0.017634549560215134
LTCUSDT,1675198799999,SHORT,0.056393820703644584,-0.10367590484497108,1675198800000,0.005985481743037841,-0.01962709411368859,-0.020253856904497596
LTCUSDT,1675738799999,LONG,-0.31832085661332077,0.37370947444271874,1675738800000,0.009583932121928184,0.003238541439975313,0.001620581738247149
LTCUSDT,1675756799999,SHORT,0.022849590004200115,-0.32233573233263574,1675756800000,-0.005345718514673206,-0.006150142891887754,-0.01336099036085679
LTCUSDT,1675763999999,LONG,-0.3439468392309405,0.10388469009733364,1675764000000,-0.0013114755978106444,0.003019933843365926,0.01092907053219023
LTCUSDT,1675785599999,SHORT,0.036677608573663145,-0.24227293134515637,1675785600000,-0.004558585617951672,-0.017312963888626447,-0.030300803224521163
LTCUSDT,1675810799999,LONG,-0.5302087413570507,0.06878270003626037,1675810800000,0.001289235067252324,0.002774751557318951,0.002774751557318951
LTCUSDT,1675825199999,SHORT,0.06621908777312939,-0.189652367064053,1675825200000,-0.004739345363896347,-0.005723888123350203,0.01214791400077262
LTCUSDT,1675828799999,LONG,-0.189652367064053,0.10558611380879855,1675828800000,-0.0043431121471651365,-0.00039404985240457736,-0.027054307895527402
LTCUSDT,1675832399999,SHORT,0.10558611380879855,-0.23966320467060928,1675832400000,-0.0017790081782274258,-0,0.025244253488618675
LTCUSDT,1675843199999,LONG,-0.030814207143283125,0.16891450903964172,1675843200000,-0.003949062294760494,-0.001577754000500543,-0.02534559941215194
LTCUSDT,1675850399999,SHORT,0.011178817645891482,-0.06930058240986942,1675850400000,0.0017797117610303765,0.004852215293155985,0.023791605994034536
LTCUSDT,1676059199999,LONG,-0.6006020141046409,0.23756631969320233,1676059200000,-0.004475710796241634,-0.007899272501108744,-0.0017026714765832908
LTCUSDT,1676073599999,SHORT,0.05514989509395968,-0.10881214293354854,1676073600000,-0.00032149172435717675,-0.013520193174122614,-0.004384799282434061
LTCUSDT,1676087999999,LONG,-0.05200631544565154,0.08905073576406672,1676088000000,-0.0027527809866143282,-0.0073221529452736555,-0.009668069994690517
LTCUSDT,1676095199999,SHORT,0.014010160445978187,-0.19559969639660746,1676095200000,0.0031904738325858875,0.005643415925310984,0.007888325735491747
LTCUSDT,1676296799999,LONG,-0.216945382533661,0.19026819284202073,1676296800000,0.004609820478161486,-0.02788803153983536,-0.005183930431044329
LTCUSDT,1676606399999,SHORT,0.4331814627592378,-0.32820236617319903,1676606400000,-0.00010014521063915314,0.003511415697277095,0.004315759195297624
LTCUSDT,1676620799999,LONG,-0.03903242671172705,0.0776810207454777,1676620800000,0.0026096572072339497,-0.000703765172564801,0.01476483326622259
LTCUSDT,1676627999999,SHORT,0.03556112407341706,-0.4664122230188156,1676628000000,0.0012045775397518325,0.008260347160329896,-0.009087794107103777
LTCUSDT,1677113999999,LONG,-0.0345077082300008,0.16856797315787483,1677114000000,-0.0016829708400675598,0.005450175947917402,-0.0035797048122907893
LTCUSDT,1677124799999,SHORT,0.05118032948913886,-0.24601720849846065,1677124800000,-0.0005227664921186987,0.004822317763200475,0.012840930046502327
LTCUSDT,1677185999999,LONG,-0.0157489707863381,0.1853706937880015,1677186000000,-0.004769737168258936,0.0016904388600224379,-0.004875990156724289
LTCUSDT,1677189599999,SHORT,0.1853706937880015,-0.10478760712379871,1677189600000,-0.0021222418831195176,-0.004874440084836398,0.002552649758778978
LTCUSDT,1677214799999,LONG,-0.11320314961644187,0.09149885427154825,1677214800000,-0.0019153017134039302,0.0004251248868363671,-0.03230094478832118
LTCUSDT,1677225599999,SHORT,0.1798936166170424,-0.2601651074377987,1677225600000,-0.0010631512802369851,0.0017033965579418364,0.026406664506093604
LTCUSDT,1677340799999,LONG,-0.11412552389417599,0.07269747509665002,1677340800000,0.001748061190242591,0.006430890330290553,0.022703677883223944
LTCUSDT,1677412799999,SHORT,0.2560547810854264,-0.13626206005268346,1677412800000,-0.001277683308398015,-0.001277683308398015,-0.014490707839683035
LTCUSDT,1677639599999,LONG,-0.4163513170403146,0.2900006751877944,1677639600000,0.008574767586679823,0.018108518554631498,0.021197801209267085
LTCUSDT,1677671999999,SHORT,0.8774768015919195,-0.0699866431126697,1677672000000,0.002151750407557005,0.0018440738757209984,-0.0004093327932716628
LTCUSDT,1678096799999,LONG,-0.015048015919376984,0.061603054981842716,1678096800000,-0.0011349450769965223,-0.0011349450769965223,-0.0059158306773385875
LTCUSDT,1678100399999,SHORT,0.061603054981842716,-1.6201420825560542,1678100400000,0.006608957510451567,-0.001588742957874363,0.0036409188019225795
LTCUSDT,1678561199999,LONG,-0.05824275007097263,0.0941494416667929,1678561200000,-0.00800411753402451,-0.010344668631777349,0.0007244802171554169
LTCUSDT,1678564799999,SHORT,0.0941494416667929,-0.1860695301132037,1678564800000,-0.0061171178221489,-0.010319109080631675,-0.0007301935337216852
LTCUSDT,1679093999999,LONG,-0.21950066675327426,0.14452777990343255,1679094000000,0.012124214197806689,0.026989195846848658,0.021904243251446485
LTCUSDT,1679119199999,SHORT,0.3062889171782859,-0.8712726784983964,1679119200000,0.005083777557967045,0.008564867172141558,0.030422376581913494
LTCUSDT,1679443199999,LONG,-0.2760744432630522,0.10423463278032383,1679443200000,-0.012325496203395365,-0.011220998330788552,-0.02530225866573847
LTCUSDT,1679446799999,SHORT,0.10423463278032383,-0.5095568385386224,1679446800000,-0.0030650425515652024,-0.002452785139431568,0.0094997938533296
LTCUSDT,1679543999999,LONG,-0.0028322038599850755,0.10974048863235689,1679544000000,-0.00643902420198759,0.00708088842521541,0.0597275399700694
LTCUSDT,1679716799999,SHORT,0.2198166904823421,-0.5954745903726933,1679716800000,-0.012198564391791115,-0.0064956382988456745,-0.0036860406001945106
LTCUSDT,1679803199999,LONG,-0.32296741009133006,0.15541912439908534,1679803200000,0.00032149172435717675,0.0013923849515661607,-0.007746972250173614
LTCUSDT,1679867999999,SHORT,0.08395652266390019,-0.02660800360720375,1679868000000,-0.011216268844597622,0.008414289126338358,0.00895608899872404
LTCUSDT,1679871599999,LONG,-0.02660800360720375,0.10370867417970192,1679871600000,-0.009284523234224119,-0.018006917412916906,-0.022559770805831006
LTCUSDT,1679875199999,SHORT,0.10370867417970192,-0.006194013876383999,1679875200000,-0.0018210063411446997,0.009263314838823058,0.011321485960212643
LTCUSDT,1679878799999,LONG,-0.006194013876383999,0.017631995342816682,1679878800000,-0.012167041077856766,-0.010110874561537354,-0.014553159346641194
LTCUSDT,1679882399999,SHORT,0.017631995342816682,-0.4103165290662451,1679882400000,-0.0016236405580192222,0.01089216737381138,-0.006155859387575911
LTCUSDT,1680076799999,LONG,-0.5009617510621975,0.26484598728597203,1680076800000,0.007364920109534207,-0.00010871337728808413,0.004338872193587961
LTCUSDT,1680134399999,SHORT,0.011714993651956407,-0.30349910117088413,1680134400000,0.010575115076316843,0.014014022453399458,0.013902905168991493
LTCUSDT,1680289199999,LONG,-0.30155169444191593,0.1917574010966248,1680289200000,0.006709933473033674,0.009492505250053424,0.047335742900943056
LTCUSDT,1680400799999,SHORT,0.4175581097837569,-0.025255869436925982,1680400800000,0.005932814985752354,0.0021533169388411053,-0.009632954720383995
LTCUSDT,1680418799999,LONG,-0.7660643484183102,0.28310211374814365,1680418800000,0.00543161248045153,-0.0012823254588971399,-0.01951860099727917
LTCUSDT,1680440399999,SHORT,0.07150839654116041,-0.06187051238216099,1680440400000,-0.004055934688181307,0.009564309112463696,0.004716989878138798
LTCUSDT,1680447599999,LONG,-0.05758791348003014,0.054281208060182995,1680447600000,-0.01107836014314493,-0.01791543707779349,-0.024032332174438415
LTCUSDT,1680451199999,SHORT,0.054281208060182995,-0.01552208805719989,1680451200000,-0.0016210086220983248,0.01756632371789917,0.0172361635872381
LTCUSDT,1680454799999,LONG,-0.01552208805719989,0.09749452101751871,1680454800000,-0.0019453156464260028,-0.01325962259250152,-0.016437533326838838
LTCUSDT,1680458399999,SHORT,0.09749452101751871,-0.02198389263021894,1680458400000,0.006620743780749114,0.009019349379062628,0.016249880442048677
LTCUSDT,1680479999999,LONG,-0.11861825232949841,0.07054425210190543,1680480000000,0.0033367449289580416,-0.020367746514703307,-0.0024828641243060784
LTCUSDT,1680505199999,SHORT,0.14058952699478727,-1.031636050520114,1680505200000,-0.0049183114609177014,-0.011871837957508688,-0.02894057933068845
LTCUSDT,1681196399999,LONG,-0.2726132411335524,0.4113374097740209,1681196400000,-0.0006226004144251962,-0.0072879031575913255,-0.014418805857724724
LTCUSDT,1681217999999,SHORT,0.2077389315125696,-0.09844348488681487,1681218000000,-0.003683633066009023,-0.0006324444186774393,0.010386950830933215
LTCUSDT,1681221599999,LONG,-0.09844348488681487,0.1838673710848512,1681221600000,-0.0027351163695067244,-0.004000005333346128,-0.02359803379544733
LTCUSDT,1681225199999,SHORT,0.1838673710848512,-0.047639475247954345,1681225200000,-0.0008423713249510776,-0.0009476178650680402,0.036145282809341234
LTCUSDT,1681246799999,LONG,-0.17645315077261284,0.10702800332454482,1681246800000,-0.007208766508589871,-0.008592849774528295,-0.034823507964464595
LTCUSDT,1681250399999,SHORT,0.10702800332454482,-0.7730678889869513,1681250400000,-0.00031913196377440474,0.010911533164443455,0.024229904463184147
LTCUSDT,1681448399999,LONG,-0.5683355738458963,0.0742257432837614,1681448400000,0.00040712468755726663,-0.010129518238855715,-0.040512395025016475
LTCUSDT,1681451999999,SHORT,0.0742257432837614,-0.23982404395661,1681452000000,0.001221871651865327,0.009611525935933184,0.033420936760000616
LTCUSDT,1682168399999,LONG,-0.2274542930272422,0.3511020208440997,1682168400000,-0.005577518526003631,0.0024304161029008084,-0.0024363374195189155
LTCUSDT,1682247599999,SHORT,0.04496783139466558,-0.25775955035030895,1682247600000,-0.0042698120377523225,0.003359400784646795,-0.00046248121994406496
LTCUSDT,1682369999999,LONG,-0.03409554458205736,0.033142128507995604,1682370000000,0.00011347517742653492,-0.0032963940051163724,0.004980766466238952
LTCUSDT,1682405999999,SHORT,0.2904500652743499,-0.27509313589100715,1682406000000,-0.0003426809103154842,-0.017440985699431488,-0.03226267565378424
LTCUSDT,1682657999999,LONG,-0.18341442297150506,0.08537829421829378,1682658000000,0.00022378874436016313,-0.00011191315550832564,0.0003356643388160498
LTCUSDT,1682719199999,SHORT,0.07812988767286537,-0.268012258132246,1682719200000,-0.0013400337013614204,-0.002455358376425363,-0.0012284327861178525
LTCUSDT,1682776799999,LONG,-0.5169192040731763,0.008110024978548274,1682776800000,-0.00022019156755278738,-0.00906784937257116,-0.007735699974855532
LTCUSDT,1682783999999,SHORT,0.03029969354665741,-0.28813467267996434,1682784000000,-0.001656818184272241,-0.002208481463006145,0.0015488442082904799
LTCUSDT,1682812799999,LONG,-0.09470932634724928,0.1301939883328485,1682812800000,-0.004954593124683341,-0.008049886332210416,-0.006611594332312706
LTCUSDT,1682819999999,SHORT,0.28230904923168276,-0.06791860536130029,1682820000000,-0.0011087704872464155,-0.007625610251619879,-0.002548336651362265
LTCUSDT,1682848799999,LONG,-0.029667738557864955,0.0009455740520486258,1682848800000,-0.0018791803462887406,-0.001989830415557914,-0.020529561796926856
LTCUSDT,1682863199999,SHORT,0.04831811324020177,-0.2372709994093242,1682863200000,-0.0035343531379573873,0.0013286095842783643,0.03903484859490472
LTCUSDT,1682870399999,LONG,-0.23552478806544241,0.007967806803485813,1682870400000,0.00011035700502283771,-0.01804057836519842,-0.03572610904116955
LTCUSDT,1682873999999,SHORT,0.007967806803485813,-0.058776592320661764,1682874000000,0.004090889667835129,0.02468709566859306,0.0346894523039409
LTCUSDT,1682877599999,LONG,-0.058776592320661764,0.1941820734721803,1682877600000,-0.0021072486032037655,-0.01732177186635969,-0.030712802654508504
LTCUSDT,1682884799999,SHORT,0.007059114209012419,-0.42618586206388154,1682884800000,0.006425815470673614,0.009257234769835164,0.017456802404159682
LTCUSDT,1683025199999,LONG,-0.15996278468158504,0.3314950641767821,1683025200000,0.0018167371864100071,0.004083027108236065,0.005101184331776213
LTCUSDT,1683111599999,SHORT,0.20639676168607482,-0.3027077192925499,1683111600000,0.00490336805452005,0.02254783203422885,-0.014006780446062309
LTCUSDT,1683205199999,LONG,-0.10662523847907958,0.12504373472022862,1683205200000,-0.006029254371669875,-0.0022709218343525753,0.004752215325005318
LTCUSDT,1683248399999,SHORT,0.0920935348766005,-0.04844866673545127,1683248400000,-0.0022550466202944583,0.003392133510449812,0.01753631820974296
LTCUSDT,1683327599999,LONG,-0.03177093406127431,0.05719751760709437,1683327600000,-0.0025934501766328067,-0.01680711831638129,-0.02612663580584132
LTCUSDT,1683331199999,SHORT,0.05719751760709437,-0.11733117589102218,1683331200000,-0.003943889274504283,0.014786438646271684,0.02260886436178168
LTCUSDT,1683791999999,LONG,-0.20011771104465975,0.8550655507617945,1683792000000,-0.004872877762356073,0.002489731150413097,-0.015196524782319993
LTCUSDT,1683835199999,SHORT,0.38616885860161565,-0.093411618625734,1683835200000,-0.01145026665468314,-0.022647198762508345,0.0002531325162231551
LTCUSDT,1683842399999,LONG,-0.037731821689629526,0.06117581666752626,1683842400000,0.001997503785272026,0.003368476767503782,-0.010552861751104314
LTCUSDT,1683845999999,SHORT,0.06117581666752626,-0.002785649827895753,1683846000000,-0.007949364926815784,0.013306749197835314,0.013306749197835314
LTCUSDT,1683849599999,LONG,-0.002785649827895753,0.07638964137435414,1683849600000,0.006043805014392735,-0.03615230910639305,-0.02252065652886896
LTCUSDT,1683867599999,SHORT,0.0349987233546124,-0.19686565344394744,1683867600000,0.010281235450835771,0.005825751025945167,0.006969552383409991
LTCUSDT,1683928799999,LONG,-0.22997080485215443,0.22317178236282761,1683928800000,-0.0017482521935293935,0.002989911284307483,0.0078295310797048
LTCUSDT,1683943199999,SHORT,0.04268080576387105,-0.244821601345535,1683943200000,0.0033642795422519443,0.0033642795422519443,0.0026156831255084675
LTCUSDT,1683953999999,LONG,-0.11863294574541143,0.446358394186822,1683954000000,-0.0007485964167434416,0.002366865010266244,0.0032374576900902415
LTCUSDT,1684058399999,SHORT,0.33262728262579966,-0.2050358353189304,1684058400000,-0.0009888752350947097,-0.010946545564738014,-0.02455385064832645
LTCUSDT,1684069199999,LONG,-0.0422681790973382,0.40045472647238906,1684069200000,0.00024467824932445634,0.010830650440580108,0.011556603285529215
LTCUSDT,1684187999999,SHORT,0.7572218785310468,-0.4390780638899202,1684188000000,-0.0003429551333986714,-0.0067232889574407395,-0.02104388098718265
LTCUSDT,1684281599999,LONG,-0.09085947610371205,0.6918790978938352,1684281600000,0.023184030208639524,0.03205087030831448,0.020029281875572583
LTCUSDT,1684310399999,SHORT,0.26865505551135915,-0.06161054347348013,1684310400000,0.002736279275256619,-0.003164732275243632,-0.034273107954339424
LTCUSDT,1684317599999,LONG,-0.048541146185274914,0.30238238211173146,1684317600000,-0.00021542438687351657,-0.011155148977638798,0.011670992800134273
LTCUSDT,1684385999999,SHORT,0.04536917926431796,-0.22515242335433794,1684386000000,0.0016084931890045975,0.005264018171418976,0.014787899682674566
LTCUSDT,1684637999999,LONG,-0.7210611472291953,0.06687105218130193,1684638000000,0,0.0005420935786247291,0.0007588487545031013
LTCUSDT,1684645199999,SHORT,0.0880261820529836,-0.05180434869223173,1684645200000,-0.0015197571314162174,-0.010482616116864053,0.006648888192531599
LTCUSDT,1684648799999,LONG,-0.05180434869223173,0.27811736705251344,1684648800000,0.0007590133191715234,0.007349000977414113,-0.007840615142229914
LTCUSDT,1684684799999,SHORT,0.11945087163492787,-0.026391202555256656,1684684800000,0.002621233479874304,-0.0017436796048268374,0.009424727296624528
LTCUSDT,1684688399999,LONG,-0.026391202555256656,0.0424010755935043,1684688400000,0.0004373974919379006,0.0024033221093787737,-0.005483672438513711
LTCUSDT,1684691999999,SHORT,0.0424010755935043,-0.17181947736935196,1684692000000,-0.001310902525504143,-0.009032108847479766,0.005150978565315997
LTCUSDT,1685059199999,LONG,-0.12886034803216956,0.6063292903577719,1685059200000,0.0012704280740876489,0.0032306477850690624,0.004957068194306566
LTCUSDT,1685145599999,SHORT,0.1624627112325785,-0.3761786318725333,1685145600000,0.000114896306210163,-0.008579815830484814,-0.008238032859342334
LTCUSDT,1685152799999,LONG,-0.21107083072481272,0.4242710513324763,1685152800000,0.004337411205902563,0.004906725197937606,0.0018285719380838775
LTCUSDT,1685332799999,SHORT,0.46968034877782894,-0.23136726943518834,1685332800000,-0.0038582421228665217,-0.00923489412731281,-0.0025370925307231377
LTCUSDT,1685339999999,LONG,-0.3183330992819415,0.014530532398429975,1685340000000,-0.0005474952230928634,0.0040421751656880165,-0.003399312445994823
LTCUSDT,1685365199999,SHORT,0.0829534848331667,-0.02314389276951006,1685365200000,-0.001967858949240468,0.009124451805703024,0.004716731170994072
LTCUSDT,1685368799999,LONG,-0.02314389276951006,0.009410154916534916,1685368800000,-0.004487993959693911,-0.005695524706345112,-0.006904515346544375
LTCUSDT,1685379599999,SHORT,0.04502185865475589,-0.012820425171538606,1685379600000,-0.005507228370208367,-0.00934432127629766,-0.00616606225809989
LTCUSDT,1685383199999,LONG,-0.012820425171538606,0.30973681687074134,1685383200000,-0.0013189713936784084,0.0007685973477462876,-0.0005493600094214463
LTCUSDT,1685480399999,SHORT,1.0405944328001435,-0.00548469863756376,1685480400000,0.0004353504639940352,-0.006831886899297492,0.028811529832516253
LTCUSDT,1685656799999,LONG,-0.7559333535445478,0.25316085233453006,1685656800000,0.0023310033864756084,0,0.005184373882525856
LTCUSDT,1685663999999,SHORT,0.26894442572687705,-0.17045387604933124,1685664000000,-0.004557265054424381,-0.009935606518996935,-0.009620032961441932
LTCUSDT,1685674799999,LONG,-0.34553629577255557,0.4822076878115561,1685674800000,-0.0011562517712207059,-0.004105485002237815,-0.015456585504819348
LTCUSDT,1685685599999,SHORT,0.15885470791698386,-0.00278340572840079,1685685600000,0.0023179864977991133,0.0027400164681904648,0.009835624740100928
LTCUSDT,1685775599999,LONG,-0.4031621409666901,0.08096568280809271,1685775600000,-0.0017914541911080435,0.017636773355538236,0.01618749773954795
LTCUSDT,1685847599999,SHORT,0.2259620504103674,-0.01972789374724324,1685847600000,-0.0023121397583796004,-0.0030467008911518466,-0.007860439780465545
LTCUSDT,1686887999999,LONG,-0.05806870377422538,0.42384203684550925,1686888000000,-0.0043991272703947214,0.001196410910408466,0.006232202098332973
LTCUSDT,1686959999999,SHORT,0.0853943779556931,-0.4516176809444117,1686960000000,0.003422857475587326,-0.00026281209086884247,-0.012278106176443126
LTCUSDT,1687053599999,LONG,-0.3128454693664136,0.19415902770177554,1687053600000,0.0011687554086737867,0.0007793220293117613,0.0037611094204038037
LTCUSDT,1687082399999,SHORT,0.19625828447233953,-0.3206446837830318,1687082400000,0.0023252820191712047,0.0032310205814464203,0.004655983579219549
LTCUSDT,1687089599999,LONG,-0.3200891422681142,0.07112914669145336,1687089600000,0.002713004700043983,0.0033578747810747785,-0.002072002813294527
LTCUSDT,1687096799999,SHORT,0.005453513975429298,-0.017127196107872084,1687096800000,-0.00323102058144654,-0.011199190230623407,-0.0005176653409249548
LTCUSDT,1687100399999,LONG,-0.017127196107872084,0.08572890562942548,1687100400000,0.0007738940151497955,0.006815431769368597,-0.0007744933909797853
LTCUSDT,1687139999999,SHORT,0.27231450853911493,-0.11740040427375074,1687140000000,-0.0019388618495418686,-0.0014221994769017454,0.0012946661570171908
LTCUSDT,1687337999999,LONG,-0.1834134034979715,0.11744839207033267,1687338000000,0.00011922503739886733,-0.0015512204053230263,0.013265621514214664
LTCUSDT,1687406399999,SHORT,0.5511039115448579,-0.33579916065201715,1687406400000,-0.00034151061860745855,0.009495009274442337,0.028174130009511168
LTCUSDT,1687499999999,LONG,-0.524926090494942,0.19325936712812464,1687500000000,-0.000346120568785695,0.0017288081295420428,0.04830116526130913
LTCUSDT,1687528799999,SHORT,0.07946562047969548,-0.0008774829026888706,1687528800000,-0.009065612994418005,-0.060370477371729146,-0.0569573168878358
LTCUSDT,1687532399999,LONG,-0.0008774829026888706,0.05517985659807604,1687532400000,0.02491272710724816,0.055588615403912876,0.056354521672548064
LTCUSDT,1687557599999,SHORT,0.051244547698349775,-0.013416510670438187,1687557600000,-0.0006608657581639698,0.0009921182536762761,-0.00527473750454623
LTCUSDT,1688068799999,LONG,-0.3454455379439677,0.22206456949971842,1688068800000,-0.005204033033763911,-0.001062260353649701,0.11540778438382125
LTCUSDT,1688183999999,SHORT,0.13130601117887494,-0.17485604488742515,1688184000000,0.007595329307568125,0.0004671805737856531,0.016957542473200953
LTCUSDT,1688194799999,LONG,-0.2479110380300136,0.2872832967893143,1688194800000,-0.02007746583027195,-0.0241980935000991,-0.03533343551103844
LTCUSDT,1688205599999,SHORT,0.017889377313744074,-0.11474374156670049,1688205600000,0.039740328649513997,0.04860078816280595,0.052015055515960064
LTCUSDT,1688309999999,LONG,-0.17768690749448976,0.12923901566429769,1688310000000,0.008794815730137313,0.0050350762730850965,0.017690088758200145
LTCUSDT,1688324399999,SHORT,0.13341723429252444,-0.17067331689924115,1688324400000,0.0036839073065424366,-0.012034912363371264,-0.003670385929762346
LTCUSDT,1688335199999,LONG,-0.059786575062857276,0.0038613312021749833,1688335200000,0.0049746926790972925,0.011862745345470233,-0.01815290681386022
LTCUSDT,1688338799999,SHORT,0.0038613312021749833,-0.04211573099990573,1688338800000,-0.006976669796122089,-0.0007087172514929507,0.022313753431050267
LTCUSDT,1688349599999,LONG,-0.22768188776745493,0.06244114058741796,1688349600000,-0.0061799437436923,-0.010350868723656162,-0.038031489210354194
LTCUSDT,1688353199999,SHORT,0.06244114058741796,-0.0541862070926712,1688353200000,0.00044288941775356966,0.008984626555352841,0.03487311073765054
LTCUSDT,1688356799999,LONG,-0.0541862070926712,0.07907915158125198,1688356800000,-0.003817306779325665,-0.003995211067288331,-0.03077165866675366
LTCUSDT,1688360399999,SHORT,0.07907915158125198,-0.640204874577803,1688360400000,-0.00017787264365651967,0.015055396836423271,0.055313216447496774
LTCUSDT,1689116399999,LONG,-0.022070643319123562,0.1731039500008948,1689116400000,-0.0018595046680409673,-0.002066329901456597,-0.0032046339515169257
LTCUSDT,1689127199999,SHORT,0.3115575948147059,-0.14274049953732307,1689127200000,0.0017566524796269567,0.00258438144566489,0.0026878957566107806
LTCUSDT,1689134399999,LONG,-0.0093541942061138,0.28245433500326583,1689134400000,-0.0014443415282997189,0.003293539411939074,-0.014747385353370657
LTCUSDT,1689152399999,SHORT,0.09654134086698432,-0.1338509306939987,1689152400000,0.000309166797948822,0.004337057603802088,0.014112509823847779
LTCUSDT,1689296399999,LONG,-0.17058264770488799,0.11140799520871252,1689296400000,-0.004367031055954008,-0.014336813566890275,-0.031377051524656904
LTCUSDT,1689303599999,SHORT,0.1095786943024782,-0.08302279546540822,1689303600000,0.008826182628272072,0.007448094015647817,0.013862484193311393
LTCUSDT,1689969599999,LONG,-0.02555396214283042,0.004466741991799209,1689969600000,-0.0023434182006762446,0.00042548665677547964,0.005411440867486995
LTCUSDT,1689976799999,SHORT,0.07736636571182588,-0.3327129780506176,1689976800000,-0.004247643638268211,-0.012268794823391901,-0.0010636035888863886
LTCUSDT,1690088399999,LONG,-0.4156773992030989,0.028229059041499745,1690088400000,-0.002155173247983376,-0.0006460644135565685,-0.00463937823024567
LTCUSDT,1690099199999,SHORT,0.07952374812732943,-0.18702274273910172,1690099200000,-0.003668936887856832,0.00032437692883231697,-0.00291466714680064
LTCUSDT,1690109999999,LONG,-0.06477667729904542,0.11635184221605684,1690110000000,-0.001620833463058693,-0.004653436242103041,-0.0010802636893675758
LTCUSDT,1690120799999,SHORT,0.1395172021938843,-0.037361371748942544,1690120800000,0.000650618110133664,-0.007989677569469235,-0.0022738356394427436
LTCUSDT,1690135199999,LONG,-0.16328858482425412,0.0659036730237148,1690135200000,0.002040926644308101,-0.008530908602206112,-0.006039707747076035
LTCUSDT,1690149599999,SHORT,0.03433148309075022,-0.2678230577687431,1690149600000,-0.0033562528121885583,-0.0027075340090295242,0.03487057481537919
LTCUSDT,1690541999999,LONG,-0.6341854762495451,0.041063939279309146,1690542000000,-0.003288394939586552,0.004149836685989976,-0.0005473154315378139
LTCUSDT,1690545599999,SHORT,0.041063939279309146,-0.2528151216401402,1690545600000,-0.002303011381450703,-0.006129616389755991,-0.0033978220885715195
LTCUSDT,1690700399999,LONG,-0.41817178231043706,0.3934807099925204,1690700400000,0.0025453402224532365,0.0028630526953402893,0.005506738473436802
LTCUSDT,1690725599999,SHORT,0.588151670024964,-0.14390230505106935,1690725600000,-0.004444922124102119,-0.009290607366826414,0.0011674185459584424
LTCUSDT,1690743599999,LONG,-0.16315463052402995,0.04203493814143215,1690743600000,-0.018333491542182258,-0.013718511524156764,-0.01468267679248515
LTCUSDT,1690747199999,SHORT,0.04203493814143215,-0.4114704583905433,1690747200000,-0.0061136029963597726,-0.010913868227520595,-0.0027932979056126536
LTCUSDT,1691218799999,LONG,-0.17154788491022674,0.14054731449062882,1691218800000,-0.0003645865021851728,0.0015783406421120989,0.007625770780088346
LTCUSDT,1691290799999,SHORT,0.15501097613298673,-0.005283327672184064,1691290800000,-0.0004803650866959826,0.0009614229799570943,0.006265835658461581
LTCUSDT,1691297999999,LONG,-0.00034018998852595377,0.038609277308694574,1691298000000,0.00023983691205041563,-0.0003598632558478651,-0.009519864630025111
LTCUSDT,1691301599999,SHORT,0.038609277308694574,-0.018155733785590322,1691301600000,0.0026416922182978765,0.000959808112076044,0.01097255839018944
LTCUSDT,1691405999999,LONG,-0.026483486987028394,0.6188011259047961,1691406000000,-0.0018051632557035213,-0.010029689538837512,-0.009301268965170117
LTCUSDT,1691481599999,SHORT,0.38473342769265384,-0.08291258881580837,1691481600000,-0,-0.009783277499664352,-0.02244318622337187
LTCUSDT,1691513999999,LONG,-0.0159403325898304,0.024166743040439267,1691514000000,-0.005194203627164652,-0.009464166229195799,-0.01112964365438227
LTCUSDT,1691521199999,SHORT,0.013574468730153147,-0.09146753769355541,1691521200000,0.0004746084569392511,0.004994658974090647,0.005948857519772397
LTCUSDT,1691567999999,LONG,-0.3269105754279692,0.03336560295919744,1691568000000,0.0009519277253821558,-0.0003572066478417515,-0.005251862154948604
LTCUSDT,1691575199999,SHORT,0.09735610566578258,-0.32546584698137365,1691575200000,-0.0035684586457399624,0.0005959830917215117,0.002983473780534407
LTCUSDT,1691614799999,LONG,-0.22044663311558368,0.024546668828451555,1691614800000,-0.002029730265224723,0.003334130261766985,0.0005961962854711518
LTCUSDT,1691629199999,SHORT,0.012195125595796746,-0.0377042398344588,1691629200000,0.0004756808271405214,-0.0013069567594358826,0.004528129758005352
LTCUSDT,1691791199999,LONG,-0.06732354523967839,0.06358572775756013,1691791200000,-0.00023989444759399845,0.003113402107782047,0.002874253475768222
LTCUSDT,1691794799999,SHORT,0.06358572775756013,-0.1303521463846179,1691794800000,-0.0021569810639726324,-0.0035923880089955952,-0.004786988557224649
LTCUSDT,1691891999999,LONG,-0.3087840640232169,0.21910928339157348,1691892000000,-0.0015590337150729093,-0.00528656764089982,-0.00528656764089982
LTCUSDT,1691927999999,SHORT,0.15712041330568455,-0.16688196933028648,1691928000000,-0.0018071205447990253,0.00048245085967764357,0.012742117670023721
LTCUSDT,1691931599999,LONG,-0.16688196933028648,0.0617054769859051,1691931600000,-0.0009632752099457451,-0.0019274792137776,-0.012473670662849951
LTCUSDT,1691938799999,SHORT,0.15601159103838252,-0.037458232641474416,1691938800000,0.0007235890330186096,-0.0037302251303758488,0.01115298262179499
LTCUSDT,1691956799999,LONG,-0.18756921714525066,0.04337175471268647,1691956800000,-0.0019228464042524759,-0.01707373315416053,-0.013294853786840581
LTCUSDT,1691960399999,SHORT,0.04337175471268647,-0.4402475446161495,1691960400000,0.0021676309065431954,0.012954960528956658,0.010885448560192508
LTCUSDT,1691989199999,LONG,-0.47236750800691735,0.2701578771493115,1691989200000,0.0007288630060276624,-0.0007293946348174394,0.0069028430316340214
LTCUSDT,1692075599999,SHORT,0.18648662601468416,-0.2319842451893664,1692075600000,-0.00012251148560493962,-0.002813973839484168,0.004912807719507979
LTCUSDT,1692100799999,LONG,-0.0834032150175622,0.06626557744418511,1692100800000,0.0015918695579771208,-0.003437273209915429,-0.02947424699291068
LTCUSDT,1692107999999,SHORT,0.08212243308855206,-0.04999419511169819,1692108000000,-0.0020783673964727928,0.0034326379175759142,0.028426167693510546
LTCUSDT,1692305999999,LONG,-0.15175525842001525,0.05755094926398332,1692306000000,-0.16300440310271938,-0.11756325729352393,-0.12167943049597439
LTCUSDT,1692309599999,SHORT,0.05755094926398332,-0.3226341379882964,1692309600000,-0.039949141158348765,-0.03627097609202057,-0.03427297342934764
LTCUSDT,1692763199999,LONG,-0.6722239971395604,0.1002737108791884,1692763200000,0.003858327187889019,0.004935996447755973,0.009081875706673126
LTCUSDT,1692935999999,SHORT,0.5970843076073483,-0.008328597872963629,1692936000000,0.005937517443431212,-0.002800250740837766,-0.008222837426549452
LTCUSDT,1692939599999,LONG,-0.008328597872963629,0.02312192178689324,1692939600000,0.0054709007109012935,0.012461220437812033,0.0074953505185676355
LTCUSDT,1693011599999,SHORT,0.027092574922181877,-0.11476665736997564,1693011600000,-0.004606887754686478,-0.005066411389945848,-0.005678781280484636
LTCUSDT,1693097999999,LONG,-0.04455263845579939,0.26859918453810505,1693098000000,-0.00015390534851475438,0.0015377521098827905,0.004606180414897281
LTCUSDT,1693173599999,SHORT,0.1056205297117367,-0.11486326739434681,1693173600000,-0.0004602992026036075,0.005231586020443102,0.012975158863133529
LTCUSDT,1693259999999,LONG,-0.042496631046551,0.48812336735997297,1693260000000,0.0022920019201757608,0.0016813148782959964,-0.0069076949782477725
LTCUSDT,1693357199999,SHORT,0.08840385089937852,-0.2075574475113122,1693357200000,0.002793914029766582,0.004562521712592228,0.00929415851613257
LTCUSDT,1693465199999,LONG,-0.16298513717327243,0.06550410367011134,1693465200000,0.0023612761856796854,-0.0014786340118240788,-0.04967708218765993
LTCUSDT,1693472399999,SHORT,0.02296117999292856,-0.027603514852611727,1693472400000,0.0026576126671129237,0.003693039133409322,0.06079051584739497
LTCUSDT,1693533599999,LONG,-0.17663826997078008,0.057940135440134266,1693533600000,0.0023479700854979646,0.0009398496932422787,-0.002510592876840095
LTCUSDT,1693537199999,SHORT,0.057940135440134266,-0.04321512822101032,1693537200000,-0.0003125976893227208,0.008950362018866016,0.016709089880107976
LTCUSDT,1693540799999,LONG,-0.04321512822101032,0.14151271327133644,1693540800000,-0.0018770535778711735,-0.00532749614795347,-0.012739025777429826
LTCUSDT,1693544399999,SHORT,0.14151271327133644,-1.3139239007991228,1693544400000,0.00015655577331402112,0.005179325711348718,0.014030339712974004
LTCUSDT,1693940399999,LONG,-0.3813332959588858,0.22179003375117579,1693940400000,-0.0039597739235386915,-0.0039597739235386915,-0.007935290012670897
LTCUSDT,1693972799999,SHORT,0.0839103690490524,-0.06632662449790944,1693972800000,0.0014277784609999628,0.004289465628548154,0.0036528270585811803
LTCUSDT,1694098799999,LONG,-0.19949903922507123,0.2184930423502015,1694098800000,-0.0006364359801140091,-0.0006364359801140091,0.008867833250836113
LTCUSDT,1694113199999,SHORT,0.2054401015347634,-0.1976074545576979,1694113200000,-0.0006364359801141442,-0.015006995167055996,-0.006820551462647117
LTCUSDT,1694120399999,LONG,-0.19440449963508857,0.07929040097598426,1694120400000,0.0061635912235410515,0.014323059056531284,0.0023751099756840807
LTCUSDT,1694123999999,SHORT,0.07929040097598426,-0.381363584035173,1694124000000,-0.0047147659237033925,-0.0020457950325045793,0.006638241541293517
LTCUSDT,1694264399999,LONG,-0.02386464425069341,0.12293411030590917,1694264400000,-0.0006373486512754399,0.005084218133360046,0.0012734799556141179
LTCUSDT,1694343599999,SHORT,0.153009256333261,-0.10416015858083165,1694343600000,0.0013071897286214885,0.007210781817361712,0.003271183813281473
LTCUSDT,1694422799999,LONG,-0.00391598568447266,0.0888889487507188,1694422800000,-0.005414731418177109,-0.014837067430467624,-0.047931426461014136
LTCUSDT,1694498399999,SHORT,0.736140785070398,-0.1718104204684246,1694498400000,0.0036906601194055203,-0.007340706970594669,-0.003343366537974366
LTCUSDT,1694509199999,LONG,-0.03125329697606314,0.03480817172152799,1694509200000,0.008010723746078979,0.014472514103595844,0.009339627596132842
LTCUSDT,1694530799999,SHORT,0.03606593465875019,-0.060816658187884245,1694530800000,-0.00298062813813772,0.0014936522567832536,0.005988041844622557
LTCUSDT,1694534399999,LONG,-0.060816658187884245,0.23253686063881018,1694534400000,-0.0009925559127515167,-0.0029806281381377893,-0.011474308978464475
LTCUSDT,1694732399999,SHORT,0.0790071023175182,-0.08667950879941108,1694732400000,0.004132894135816184,-0.0012682309879951483,-0.00695545010858459
LTCUSDT,1694829599999,LONG,-0.1556944268973877,0.032100103447660615,1694829600000,0.009685305734463679,0.002885128415399146,-0.017023645530057963
LTCUSDT,1694836799999,SHORT,0.2028747308307776,-0.033417653053283515,1694836800000,-0.0006049606960061281,0.008202992982011523,0.024968747535111725
LTCUSDT,1694840399999,LONG,-0.033417653053283515,0.05710211963502949,1694840400000,-0.0027256225232473222,-0.014163032753963592,-0.0209343728771365
LTCUSDT,1694847599999,SHORT,0.057719954538223456,-0.3369980602381926,1694847600000,-0,0.005506284943021679,0.008886223634674643
LTCUSDT,1694962799999,LONG,-0.19060850860834053,0.15745279817076746,1694962800000,0.0010905975997223928,-0.0039047296781563713,0.0015576327136836792
LTCUSDT,1694969999999,SHORT,0.13321255736814244,-0.12969589092037032,1694970000000,0.0029796932577019586,0.013717203652798292,-0.012604228171865418
LTCUSDT,1694998799999,LONG,-0.05577820540532578,0.06033817758832691,1694998800000,0.007258987216230806,0.023942932328655738,0.06276509335109975
LTCUSDT,1695020399999,SHORT,0.025300473849112486,-0.053368253872011905,1695020400000,-0.00030868961504573414,-0.020474359209640202,-0.01698977118254538
LTCUSDT,1695023999999,LONG,-0.053368253872011905,0.20127471599831495,1695024000000,0.002773926882725446,0.014249838917255932,0.02092158466573927
LTCUSDT,1695027599999,SHORT,0.20127471599831495,-0.11638586017216544,1695027600000,-0.010714934903218655,-0.03404004623999108,-0.018600932702008324
LTCUSDT,1695041999999,LONG,-0.08013181325780543,0.3746041981415338,1695042000000,-0.008064559836730519,-0.0008928572021722188,-0.01937433883736042
LTCUSDT,1695049199999,SHORT,0.2047955641934368,-0.36041020713724814,1695049200000,0.004480294232761901,0.01834637924441939,0.006278047525933048
LTCUSDT,1695229199999,LONG,-0.09556846678685522,0.11709114759487776,1695229200000,0.0032389941172810592,-0.004335043172222478,-0.0007727378485126609
LTCUSDT,1695239999999,SHORT,0.23820109674608214,-0.25057918785535144,1695240000000,-0.006381841256682335,-0.0071573356732128075,-0.003273835646815099
LTCUSDT,1695243599999,LONG,-0.25057918785535144,0.016662504055036664,1695243600000,0.0026342310111559086,0.0040260196839782625,-0.008257427927177216
LTCUSDT,1695250799999,SHORT,0.06612023725622547,-0.07397738242528792,1695250800000,-0.0009306654929532579,-0.00201534832960184,0.023076135808122338
LTCUSDT,1695254399999,LONG,-0.07397738242528792,0.2984875333828897,1695254400000,0.0032505252674477,0.00618239990831756,-0.01562531790308087
LTCUSDT,1695279599999,SHORT,0.12003363419229315,-0.00616005132372515,1695279600000,0.003573374423043699,0.023696675697721645,-0.0038696743590460113
LTCUSDT,1695409199999,LONG,-0.22603386168044223,0.0406594416306922,1695409200000,-0.004185728148315352,-0.0040303883421779225,-0.0006190034242838298
LTCUSDT,1695412799999,SHORT,0.0406594416306922,-0.11063342315329486,1695412800000,0.002644475368609016,0.00077706119381375,-0.006503584397341447
LTCUSDT,1695419999999,LONG,-0.00858495503150733,0.027953153091025095,1695420000000,-0.0015520723277108314,0.005413360988531462,0.007416597655049399
LTCUSDT,1695427199999,SHORT,0.09895103665160807,-0.43473285963985125,1695427200000,-0.005425949285997205,-0.005425949285997205,-0.006507615156738215
LTCUSDT,1695430799999,LONG,-0.43473285963985125,0.11641180818087297,1695430800000,0.0024710437284028186,0.001545117736324248,0.0013907133509329977
LTCUSDT,1695437999999,SHORT,0.03215613675496416,-0.08777362082050563,1695438000000,-0.0012376239203500782,-0,-0.0029368596733099273
LTCUSDT,1695466799999,LONG,-0.0023657612327080612,0.1372473606454051,1695466800000,-0.0010804971337540295,-0.00046292725153519536,0.0003084991540742407
LTCUSDT,1695470399999,SHORT,0.1372473606454051,-0.0036988456398419126,1695470400000,-0.00015442822978731224,0.0007724990727922262,-0.004468764659908039
LTCUSDT,1695473999999,LONG,-0.0036988456398419126,0.00799070839829936,1695474000000,-0.0006178560591982517,0.002313566235942778,0.0016971384155297054
LTCUSDT,1695477599999,SHORT,0.00799070839829936,-0.0948775769243539,1695477600000,-0.0009264979044471214,-0.004931432401095333,-0.0013894251559823676
LTCUSDT,1695513599999,LONG,-0.6594556361175233,0.03143632394591173,1695513600000,-0.0026171980145911107,-0.004777692682136351,-0.006633267669481162
LTCUSDT,1695517199999,SHORT,0.03143632394591173,-0.3180506418135968,1695517200000,0.0006169031657706777,0.0027790661702656533,0.0033976866663318985
LTCUSDT,1695542399999,LONG,-0.010482814216574418,0.07754977881591363,1695542400000,0.0023196484537168272,0.0003095975256926074,-0.004655501890786011
LTCUSDT,1695553199999,SHORT,0.0988121303766153,-0.10828549767882345,1695553200000,0.0010828371388321599,-0.00015459534698782768,0.0079162229464822
LTCUSDT,1695589199999,LONG,-0.11218960155421993,0.0001810607437582501,1695589200000,0.00031113877040070176,-0.009065394999920394,0.0013993627409876726
LTCUSDT,1695599999999,SHORT,0.14107408877692634,-0.3451569530695968,1695600000000,-0.0022005667478113577,-0.010020437688223674,-0.0061181459962323026
LTCUSDT,1695679199999,LONG,-0.22723588898272187,0.02824713288790831,1695679200000,-0.00046710783254928773,0.005433530405875308,0.0021769562321559905
LTCUSDT,1695682799999,SHORT,0.02824713288790831,-0.05199274277808685,1695682800000,-0.0014004514854038758,-0.005899722127188322,-0.0012449425822058245
LTCUSDT,1695686399999,LONG,-0.05199274277808685,0.500219439791231,1695686400000,-0.000622180763577009,0.0032601131102361785,0.0012432014033202197
LTCUSDT,1695765599999,SHORT,0.02978988231254123,-0.32273567586134577,1695765600000,0.0014176579518494288,-0.004084202975421962,-0.012047395965131704
LTCUSDT,1695855599999,LONG,-0.08071850688161167,0.03762951840657586,1695855600000,-0.00031486146355849497,-0.0028373285112937873,0.01033520004524493
LTCUSDT,1695859199999,SHORT,0.03762951840657586,-0.0330571562946387,1695859200000,-0.004555816535860661,0.0036280503554850397,-0.00799816072683343
LTCUSDT,1695880799999,LONG,-0.22384852986748197,0.22517961957789492,1695880800000,0.002041938980126266,0.0025125641358831386,0.02038822469930077
LTCUSDT,1695884399999,SHORT,0.22517961957789492,-0.02069901627271672,1695884400000,-0.0017242734893579393,-0.007035126334496391,-0.013247291055191018
LTCUSDT,1695898799999,LONG,-0.3936089521144872,0.0222860753344477,1695898800000,-0.002651900781969769,0.006676525072665514,0.01714460095869862
LTCUSDT,1695902399999,SHORT,0.0222860753344477,-0.1334338482906294,1695902400000,0.0017194220726915784,-0.013187686276446592,-0.017800949878704685
LTCUSDT,1695909599999,LONG,-0.11071184268445244,0.08150404792684045,1695909600000,0.00979713924498326,0.01427487389400823,0.019652470013805805
LTCUSDT,1696028399999,SHORT,0.004778672323590476,-0.5977251626341841,1696028400000,0.0013728932062582364,0.00259482706839584,-0.0009142161234033101
LTCUSDT,1696114799999,LONG,-0.7617598450626573,0.04707635211260948,1696114800000,-0.004690936951795738,-0.0049943350123756594,0.01438873745209967
LTCUSDT,1696118399999,SHORT,0.04707635211260948,-0.2432374395044321,1696118400000,-0.001969548398209284,-0,-0.021603000334821782
LTCUSDT,1696157999999,LONG,-0.0037253339808119867,0.041723476735159894,1696158000000,0.002526191996532396,-0.006568168112097044,0.020470488749965033
LTCUSDT,1696165199999,SHORT,0.05102561074619064,-0.004563012082352695,1696165200000,0.00594532072275954,0.012526259819180369,-0.0069408829193851425
LTCUSDT,1696190399999,LONG,-0.2611693777587706,0.35087174962556866,1696190400000,-0.00030111412452766547,0.02556239646539185,0.019232795587784624
LTCUSDT,1696237199999,SHORT,0.17780015488087042,-0.06393592591477408,1696237200000,0.0010337444618423613,0.0005905802622563456,0.02707922211622528
LTCUSDT,1696467599999,LONG,-0.09468082962286185,0.07738575719770958,1696467600000,-0.002011294868479447,-0.0006184292095679321,-0.004958175636192939
LTCUSDT,1696471199999,SHORT,0.07738575719770958,-0.05617250272377263,1696471200000,-0.0023203661118606977,0.0009296560942251498,-0.001856723417518538
LTCUSDT,1696481999999,LONG,-0.07700121639383509,0.1281114397471176,1696482000000,-0.0024771649143510524,-0.001857298165850032,-0.007761603696077412
LTCUSDT,1696485599999,SHORT,0.1281114397471176,-0.7966960927995823,1696485600000,-0.00015500271285769527,-0.002167854673716147,0.0009305211589538941
LTCUSDT,1696654799999,LONG,-0.6281906006101418,0.17441890203042648,1696654800000,0.003486172534143324,0.002123465078207344,-0.008233008845954
LTCUSDT,1696665599999,SHORT,0.22395601268937726,-0.10549248078283185,1696665600000,-0.0024271856576111375,0.0022808494644329163,0.01299414446255702
LTCUSDT,1696669199999,LONG,-0.10549248078283185,0.055227397300842335,1696669200000,-0.0036429912785009805,-0.005164829952979023,-0.012502068617009974
LTCUSDT,1696672799999,SHORT,0.055227397300842335,-0.14090573343881632,1696672800000,-0.000911992767269221,0.0045724816748902285,0.006713482645660301
LTCUSDT,1696769999999,LONG,-0.8576910368053952,0.01527515937174852,1696770000000,0.0022983232364762823,0.002757354688190361,-0.0029188130408108583
LTCUSDT,1696787999999,SHORT,0.042995743601491394,-0.10688416518504174,1696788000000,-0,0.001533037246436025,0.007380107297622646
LTCUSDT,1696953599999,LONG,-0.22777492423126602,0.06598225666109572,1696953600000,0.001108208773277432,0.004425485332405795,-0.007472806855488624
LTCUSDT,1696971599999,SHORT,0.014748743082293087,-0.0064776514074099305,1696971600000,-0.0014187753621332205,-0.0029928351865816747,0.006647697795423779
LTCUSDT,1696975199999,LONG,-0.0064776514074099305,0.0364978135232149,1696975200000,0.003929895806831779,-0.0012608354704184,-0.013318731840281315
LTCUSDT,1696982399999,SHORT,0.20368479288134844,-0.6242206272800522,1696982400000,-0.0003146138141413699,0.014261056144469637,0.02211177338726904
LTCUSDT,1697021999999,LONG,-0.007031573212517798,0.04774380587457813,1697022000000,-0.004173360792406507,-0.006266590765314722,-0.016961879882062544
LTCUSDT,1697032799999,SHORT,0.02399358646761576,-0.3387007904607613,1697032800000,0.003057860272788414,0.015057355638960844,0.02242537914759029
LTCUSDT,1697068799999,LONG,-0.5026943460451688,0.21982366394096475,1697068800000,-0.006849341845574783,-0.004397759347769748,-0.006685715894133993
LTCUSDT,1697086799999,SHORT,0.5788358015020929,-1.0958679300219312,1697086800000,-0.002939737540924974,-0.0006540222600689855,0.0027843765429636934
LTCUSDT,1697396399999,LONG,-0.4716871740502411,0.12995247346099886,1697396400000,-0.0012936612412203913,-0.005997262484588559,0.018731036706063128
LTCUSDT,1697414399999,SHORT,0.023666496369292418,-0.08371022056137153,1697414400000,-0.0027568330117322256,-0.003080667211453442,-0.019617930977798674
LTCUSDT,1697745599999,LONG,-0.422638033703731,0.10138975367587579,1697745600000,0.0027658034388722526,0.00584796988242312,0.024780028998486865
LTCUSDT,1697752799999,SHORT,0.10784282960199955,-0.03290007636150992,1697752800000,-0.0029296895954785264,-0.005040251301083758,-0.043068857185822686
LTCUSDT,1697756399999,LONG,-0.03290007636150992,0.26493865989468895,1697756400000,0.0034071583216143558,0.011473019117737314,0.03387446425101664
LTCUSDT,1697831999999,SHORT,0.5056493049021609,-0.08444808413802084,1697832000000,0.0014183281867057253,0.0023649991314978564,-0.009092396861457793
LTCUSDT,1697954399999,LONG,-1.1474502881768252,0.2464444499592787,1697954400000,-0.0026151849379054586,-0.018921160010798285,0.0053627647101955715
LTCUSDT,1697957999999,SHORT,0.2464444499592787,-0.11419410219270655,1697958000000,0.012555384647224511,0.014116421492478376,0.004477043371586451
LTCUSDT,1697993999999,LONG,-0.08552501325558887,0.04614643091572514,1697994000000,0.0041344519502025025,-0.00940421638259562,0.016285269732715102
LTCUSDT,1697997599999,SHORT,0.04614643091572514,-0.05938013564211358,1697997600000,0.01230216960684348,0.02225404773027851,-0.01531841586344654
LTCUSDT,1698004799999,LONG,-0.13571601074929776,0.023550148070334235,1698004800000,0.00046479201394500444,0.010789253860256344,0.02373589726497431
LTCUSDT,1698011999999,SHORT,0.13257591402479352,-0.7381284900634137,1698012000000,-0.013812588655788487,-0.025915379051512324,-0.03183659881127468
LTCUSDT,1698584399999,LONG,-0.5937698280635192,0.04753801435669523,1698584400000,-0.004238223370033038,0.0011660109177071977,0.004801056723340084
LTCUSDT,1698598799999,SHORT,0.0392300130418102,-0.06474965949660115,1698598800000,-0.003344241575558507,-0.005084633602964504,0.003501608480087292
LTCUSDT,1698605999999,LONG,-0.046411578720767906,0.07511603544317817,1698606000000,-0.002322544228811347,0.0027510333718897976,-0.01108044577657202
LTCUSDT,1698670799999,SHORT,0.7084022250552415,-0.33079312993161963,1698670800000,-0.002318841618748852,-0.005642784270164418,-0.009530758064067125
LTCUSDT,1698793199999,LONG,-0.5323867457557843,0.010446243904038907,1698793200000,0.0023232187013879934,-0.004078665523115129,-0.015381538148297255
LTCUSDT,1698796799999,SHORT,0.010446243904038907,-0.17505565269845133,1698796800000,0.0017419078290380168,0.009032695446623912,0.01328583671164971
LTCUSDT,1699282799999,LONG,-0.4329041206123035,0.1433623137555272,1699282800000,0.0025809971537657695,0.0032591012009069243,-0.011353654550887516
LTCUSDT,1699289999999,SHORT,0.16562616853641215,-0.07275563451920139,1699290000000,0.0037940424915666815,-0.0059331349884381894,0.010331793917425034
LTCUSDT,1699297199999,LONG,-0.09927278697176566,0.03158428135656867,1699297200000,0.0068905224328665625,0.01600464530026826,-0.003259101200906943
LTCUSDT,1699307999999,SHORT,0.025115613407895244,-0.0010414097506112384,1699308000000,-0.004144668009518403,0.013488200174211293,0.023039371158554235
LTCUSDT,1699311599999,LONG,-0.0010414097506112384,0.1015621142593633,1699311600000,-0.006021293364530413,-0.030750814433622636,-0.031576578312089904
LTCUSDT,1699318799999,SHORT,0.08148291356119558,-0.14228812746635044,1699318800000,0.0017637885313337024,0.008029985305150023,0.011177869927416161
LTCUSDT,1699322399999,LONG,-0.14228812746635044,0.19400956748235196,1699322400000,-0.012984532868333063,-0.0019029501460860756,-0.01160977323471049
LTCUSDT,1699325999999,SHORT,0.19400956748235196,-0.47753212544249907,1699326000000,-0.007675476278339337,-0.01149123451946111,-0.0021990113314368093
LTCUSDT,1699329599999,LONG,-0.47753212544249907,0.09149377370688279,1699329600000,-0.0008195602152490459,0.0029993205852111684,-0.017631310723977618
LTCUSDT,1699340399999,SHORT,0.09229297498009342,-0.051228174141996465,1699340400000,0.0006804109944751765,0.01204339176791962,0.0023152887428163566
LTCUSDT,1701601199999,LONG,-1.1542320545596156,0.215998403803608,1701601200000,-0.0020693944061518834,-0.015275953211617531,-0.00013782647668439879
LTCUSDT,1701615599999,SHORT,0.047697819865337276,-0.037319258818916276,1701615600000,-0.004328708846716837,-0.001817546812830101,-0.031678726653074744
LTCUSDT,1701655199999,LONG,-0.18535213466946823,0.08767486864316397,1701655200000,-0.0010840109462583367,0.002704897510700001,-0.013498057553383038
LTCUSDT,1701745199999,SHORT,0.06441150141843338,-0.24271730324459803,1701745200000,-0.0037254268682035165,-0.0019334352107719232,0.0034618881074647036
LTCUSDT,1702198799999,LONG,-0.06639108132934678,0.023704045205496453,1702198800000,-0.016850356885191365,-0.0047305592276923126,-0.0020429016298004047
LTCUSDT,1702209599999,SHORT,0.016316938885712683,-0.4440340889296249,1702209600000,-0.008235794846302057,-0.010923452444194088,0.0021990824462774917
LTCUSDT,1702965599999,LONG,-0.07648259609520904,0.07255493898034818,1702965600000,-0.0023844600679809634,-0.00224404021238253,-0.021238232796158493
LTCUSDT,1702969199999,SHORT,0.07255493898034818,-0.4636189165031819,1702969200000,0.0001404198555983717,-0.00042114129912818195,0.006762494072297113
LTCUSDT,1703041199999,LONG,-0.1482734494542821,0.0725948192408159,1703041200000,-0.0009884912193720658,0.004787392979092556,0.008012976029613109
LTCUSDT,1703044799999,SHORT,0.0725948192408159,-0.9388470258571102,1703044800000,-0.0060567830767158555,-0.009001467248985028,-0.011937505709042456
LTCUSDT,1704599999999,LONG,-0.35547110285892847,0.010073215599264655,1704600000000,0.003495709920455615,0.0022811963356123874,-0.010253360927795439
LTCUSDT,1704607199999,SHORT,0.2112983782785231,-0.018884896936009334,1704607200000,-0.0031796529173798056,0.009140831470660858,0.014050322767825758
LTCUSDT,1704610799999,LONG,-0.018884896936009334,0.03606223743537074,1704610800000,-0.004849229081179494,-0.011555548987780178,-0.014772217151549144
LTCUSDT,1704614399999,SHORT,0.03606223743537074,-0.030169461040703786,1704614400000,0.002433461276903994,0.007012223855147067,0.00823677628124306
LTCUSDT,1704621599999,LONG,-0.041365685888472996,0.18574310658626528,1704621600000,0.0009179927205256588,0.003819422563843321,-0.0030660762943488257
LTCUSDT,1704653999999,SHORT,0.09482985880803016,-0.03377799572003041,1704654000000,-0.0016862117891265525,0.016396345668063327,0.014837984748047728
LTCUSDT,1705337999999,LONG,-0.27891284348918555,0.04320359936867558,1705338000000,0.004422576578625466,0.0018570107472126892,0.00042884712257556764
LTCUSDT,1705341599999,SHORT,0.04320359936867558,-0.0042728535016269475,1705341600000,-0.0015646116555022558,0.011021366840950944,0.007429666980935777
LTCUSDT,1705348799999,LONG,-0.026090199839135783,0.12841742321854072,1705348800000,-0.0011410641660275739,-0.014647016591296504,-0.004572089690526177
LTCUSDT,1705355999999,SHORT,0.03699539113077156,-0.7419835157642808,1705356000000,0.0010078468925956855,-0.0012943123975600204,-0.005167228376734736
LTCUSDT,1705741199999,LONG,-0.07198991328995397,0.09232121642103523,1705741200000,-0.008255836439361034,-0.009802627157659739,-0.012056784212458874
LTCUSDT,1705744799999,SHORT,0.09232121642103523,-0.02744351917025406,1705744800000,-0.0012637788665102925,0.0028141287742882042,0.0016875267680701923
LTCUSDT,1705748399999,LONG,-0.02744351917025406,0.18109164689050586,1705748400000,-0.001685393657380892,-0.004500710832214369,-0.0002807017562292424
LTCUSDT,1705759199999,SHORT,0.027738210139235192,-0.07687953394206293,1705759200000,0.00042280319141583194,0.000845785220986232,-0.005620360446084612
LTCUSDT,1706018399999,LONG,-0.026254010721630226,0.20495230186412686,1706018400000,0.0010895790633548737,0.012997243152557307,0.012228308089680267
LTCUSDT,1706043599999,SHORT,0.1746982798410002,-0.17242521879300762,1706043600000,0.001858448730653667,-0.015506566947086119,-0.015201828258151546
LTCUSDT,1706065199999,LONG,-0.46144618750791966,0.03429538541188202,1706065200000,-0.0018436016897937545,0.004746965502180222,-0.002151199354476756
LTCUSDT,1706072399999,SHORT,0.022319006309783097,-0.047133850937509054,1706072400000,-0.0064496538072816925,-0.010878832487578526,-0.012857976012496792
LTCUSDT,1706075999999,LONG,-0.047133850937509054,0.06746017552743226,1706076000000,0.0021410009707701913,0.0056484388021172,0.008688416823464327
LTCUSDT,1706083199999,SHORT,0.041705758905617854,-0.01640959071159721,1706083200000,-0.0036641262368912325,-0.005643269761809543,-0.005643269761809543
LTCUSDT,1706309999999,LONG,-0.059177239614307826,0.5068831092171012,1706310000000,-0.00029837386466336266,0.004761913760243564,-0.00448498285059987
LTCUSDT,1706324399999,SHORT,0.1274189162479188,-0.24830523097967402,1706324400000,0.0016341086604449223,0.011795582825689698,0.004761205244881094
LTCUSDT,1706565599999,LONG,-0.012475178800050604,0.007781949097446968,1706565600000,0.0014622023368468515,0.0011699328623127633,-0.003958659227285884
LTCUSDT,1706569199999,SHORT,0.007781949097446968,-0.07804839442478118,1706569200000,0.00029231219149987014,0.0014624161717195286,0.0029269741370741746
LTCUSDT,1706587199999,LONG,-0.024088685757556988,0.12398559935967221,1706587200000,-0.0005871128893147217,-0.0014684290450666824,0.0001467243785185298
LTCUSDT,1706651999999,SHORT,0.1299704041224169,-0.2413917520572755,1706652000000,0.006457316244298268,0.009997142949422215,-0.01279087206061837
LTCUSDT,1706932799999,LONG,-0.043195854974897474,0.18357460278159093,1706932800000,0.00044049629961237106,0.0013209072148818919,0.006441246102857075
LTCUSDT,1706943599999,SHORT,0.15067334484584108,-0.05850283957776056,1706943600000,0.001026167355312006,-0.0019029501460860636,0.0016130218322486234
LTCUSDT,1707256799999,LONG,-0.2088156190676197,0.16810559109866594,1707256800000,-0.004088193750584774,-0.006725171545849306,-0.006138575253915345
LTCUSDT,1707296399999,SHORT,0.16191261516680155,-0.0013261419000605579,1707296400000,-0.0019076974015092092,0.0013228487267504445,-0.007463267246111454
LTCUSDT,1707307199999,LONG,-0.14436633112162328,0.006654490215658018,1707307200000,0.002356060580380022,0.0029442093989812514,0.0114337217448113
LTCUSDT,1707314399999,SHORT,0.30091169108670107,-0.18067123802588242,1707314400000,-0.00014728625109481464,-0.008068700710437096,-0.014041476861107977
LTCUSDT,1707325199999,LONG,-0.09611089483530232,0.08246048880067677,1707325200000,0.0005846243954878788,0.0027739268827252244,0.007428480740611654
LTCUSDT,1707339599999,SHORT,0.024550356793318736,-0.04956705503667148,1707339600000,0.00014580447645577458,-0.0056698559974649445,-0.0037834736634336182
LTCUSDT,1707346799999,LONG,-0.03583962003569674,0.03872661363391959,1707346800000,0.0024808476788066897,0.006408411095482607,0.005246295915305349
LTCUSDT,1707350399999,SHORT,0.03872661363391959,-0.045800600014244346,1707350400000,-0.005378310805895377,-0.0033466746405391773,-0.0011653315229907574
LTCUSDT,1707508799999,LONG,-0.11847842933876583,0.013641815055637026,1707508800000,-0.0021238946037041907,-0.0008490166068224831,-0.0005659309715279767
LTCUSDT,1707512399999,SHORT,0.013641815055637026,-0.778465105601803,1707512400000,-0.004665968168390345,-0.0033955890011381075,0.0002834868906298627
LTCUSDT,1707623999999,LONG,-0.32888191384498,0.7185294777592688,1707624000000,0.0005505092349325582,-0.0033094349013671424,-0.004968268569010121
LTCUSDT,1707649199999,SHORT,0.02153250943074138,-0.036691350558588104,1707649200000,-0.0016662042177501145,-0.0022209892527843807,0.00753246691602983
LTCUSDT,1707656399999,LONG,-0.06750195757011566,0.019882473917069984,1707656400000,-0.005419314312387662,-0.0009705373378808764,-0.005558658003827381
LTCUSDT,1707659999999,SHORT,0.019882473917069984,-0.28526225825613405,1707660000000,-0.004725512615655357,-0.005141399500418652,0.0019523085269501509
LTCUSDT,1708253999999,LONG,-0.2539802947944431,0.23138742676481908,1708254000000,0,-0.0017018866680494607,0.006215587181263499
LTCUSDT,1708315199999,SHORT,0.3970247893388974,-0.27589816261424216,1708315200000,0.000563142349107313,-0.003792938451830045,-0.002530223447152967
LTCUSDT,1708585199999,LONG,-0.6430502792904995,0.4353159055222232,1708585200000,0.003919581123176731,0.013436595997566785,0.012575145836612187
LTCUSDT,1708664399999,SHORT,0.07677576056962881,-0.0008398431473413215,1708664400000,-0.0016045514346197597,0.007326040092072898,-0.0010213760280932626
LTCUSDT,1709863199999,LONG,-0.03766586694153121,0.12158081328570976,1709863200000,0.006445434198232383,0.0009071323901341897,-0.0009079560265112981
LTCUSDT,1709877599999,SHORT,0.10284930052137818,-0.2942107575025165,1709877600000,-0.0019247104724659733,0.003178209258686612,0.008650179136679823
LTCUSDT,1710197999999,LONG,-0.38442637968258486,0.05974992503573013,1710198000000,-0.005749345081904265,-0.0390678488582612,-0.06902017114161237
LTCUSDT,1710201599999,SHORT,0.05974992503573013,-0.07113344255650104,1710201600000,0.019798783367376987,0.0491409848772187,0.06378283262457746
LTCUSDT,1710979199999,LONG,-0.17369760263507328,0.08036315168574067,1710979200000,0.0027111468247900915,0.009632401505611728,0.008696728922727852
LTCUSDT,1710986399999,SHORT,0.14084491643236022,-0.7318018473087317,1710986400000,-0.009970172319850071,0.0007075471993292545,-0.008217937773046895
LTCUSDT,1711342799999,LONG,-0.08334871969968162,0.05374341001280267,1711342800000,-0.0027665596132931077,-0.01044221885632106,0.011427440033646262
LTCUSDT,1711346399999,SHORT,0.05374341001280267,-0.3223863480356864,1711346400000,0.005333938638021165,0.006448765955267368,-0.00838764436218996
LTCUSDT,1711389599999,LONG,-0.5946241788397936,0.4039400684997899,1711389600000,-0.0005496619717348783,-0.005068322881250329,0.004277025766525927
LTCUSDT,1711403999999,SHORT,0.1719174001668104,-0.5578870649559104,1711404000000,-0.002537652379623684,-0.004629127631527966,-0.008032171697264253
LTCUSDT,1711511999999,LONG,-0.13310875430513142,0.09480202982785832,1711512000000,0.0017530295801574892,-0.012149051356740147,-0.03315800563851827
LTCUSDT,1711519199999,SHORT,0.07315316326224464,-0.13593792380306013,1711519200000,0.003114620458071747,0.01251711346377422,0.02105561471449127
LTCUSDT,1711526399999,LONG,-0.30621141129260443,0.1357462594943838,1711526400000,-0.004921733585547435,0.021392848082509682,-0.01887544835941284
LTCUSDT,1711562399999,SHORT,0.14068471439241448,-0.31288287659881703,1711562400000,0.008399390192122982,0.005946709677062505,-0.015548164882337708
LTCUSDT,1711727999999,LONG,-0.029253521925193777,0.00784042995960336,1711728000000,0.007158909971094842,0.01180853641486379,0.009628750687055033
LTCUSDT,1711731599999,SHORT,0.00784042995960336,-0.08620408736175103,1711731600000,-0.008239853410951252,-0.006446130956924278,0.0048620144398202935
LTCUSDT,1711738799999,LONG,-0.05465450713701631,0.10281164729159857,1711738800000,-0.0006624710411211407,0.017722813729625874,-0.01611784451115016
LTCUSDT,1711803599999,SHORT,0.3451082884936191,-0.0908630215345477,1711803600000,0.0054506656263829355,0.009166324540959406,-0.00889066544285665
LTCUSDT,1711821599999,LONG,-0.22629256798708408,0.1561597260134088,1711821600000,-0.004008413246991835,-0.005773292614792375,0.006709802973032429
LTCUSDT,1711835999999,SHORT,0.16035219154692776,-0.1659325148548926,1711836000000,0.0008836091095748466,-0.021456092257982295,0.0021613133474804556
LTCUSDT,1711850399999,LONG,-0.06726118069593266,0.3036990886729323,1711850400000,-0.009456791503551776,-0.009069044309860785,-0.020865427750230345
LTCUSDT,1711853999999,SHORT,0.3036990886729323,-0.05672235008264421,1711854000000,0.0008728966171826382,0.00038785998740866894,0.004761682385103761
LTCUSDT,1711889999999,LONG,-0.07632189454202186,0.11007945063361117,1711890000000,0.00009807286821960963,0.01179753360436991,0.0484351533752438
LTCUSDT,1711893599999,SHORT,0.11007945063361117,-0.043163152320278564,1711893600000,-0.006743904756022811,-0.012861913642407822,-0.08835890448096409
LTCUSDT,1711947599999,LONG,-0.13416405640759332,0.0938815560861618,1711947600000,-0.04959847126174366,-0.045621946423208354,-0.11314453687562592
LTCUSDT,1711951199999,SHORT,0.0938815560861618,-0.05155202008033226,1711951200000,-0.02492165704797635,0.0038971581095744385,0.06790248808548684
LTCUSDT,1711958399999,LONG,-0.03418310233178782,0.01477644067976886,1711958400000,-0.024362991524831713,-0.03863807215058676,-0.08724613845629028
LTCUSDT,1711961999999,SHORT,0.01477644067976886,-0.32400570332299183,1711962000000,0.00787368294810977,0.005400553180000166,0.06057147194855882
LTCUSDT,1712095199999,LONG,-0.07136443435360533,0.10425785365773815,1712095200000,0.010881297784094522,-0.01811712131087233,-0.05388541206035935
LTCUSDT,1712113199999,SHORT,0.0029113483201612,-0.003796887975668534,1712113200000,-0.005538027270460847,0.0017552417963248518,0.016404277291151376
LTCUSDT,1712116799999,LONG,-0.003796887975668534,0.0076414686986434185,1712116800000,-0.0014544046777635882,-0.016904012846760713,-0.044883455916685855
LTCUSDT,1712120399999,SHORT,0.0076414686986434185,-0.33048571642824265,1712120400000,0.0054485443216154,0.013579068613008588,0.03615922923754988
LTCUSDT,1713394799999,LONG,-1.9226184244562705,0.15054860057916952,1713394800000,-0.006590834030449097,-0.0016126034630277069,0.014153211453279323
LTCUSDT,1713459599999,SHORT,0.09339129112510186,-0.07494035663213747,1713459600000,0.011267376057780826,0.002588918415751736,0.019268418865877032
LTCUSDT,1713477599999,LONG,-0.1048844731250513,0.019745283482556348,1713477600000,-0.0002466699568502386,-0.03897903561405931,-0.0020986366569212492
LTCUSDT,1713481199999,SHORT,0.019745283482556348,-1.2477952800984433,1713481200000,0.0043266029542621525,0.03898884167810715,-0
LTCUSDT,1713567599999,LONG,-0.8406229146702997,0.29627478553259723,1713567600000,-0.004690787517304795,0.0013537630521137944,0.014306045785525147
LTCUSDT,1713671999999,SHORT,0.2471785643438541,-0.3669672545922999,1713672000000,-0.0009426181916287043,-0.007633176631303468,0.005437365642107928
LTCUSDT,1714096799999,LONG,-0.422968147767354,0.6313968771856846,1714096800000,0.006726085891903694,0.012004380945149553,0.03809984623227038
LTCUSDT,1714107599999,SHORT,0.7097728127025106,-0.15068396424695313,1714107600000,-0.0031636326110824416,-0.003631468876925242,-0.015025616097969055
LTCUSDT,1714114799999,LONG,-0.0091981135410077,0.019752189551740944,1714114800000,-0.007836755704849919,-0.008189095834162986,0.024968218748077822
LTCUSDT,1714132799999,SHORT,0.016587682824822855,-0.20839863080508209,1714132800000,-0.02560232512103382,-0.020212094741188066,-0.032555108586494956
LTCUSDT,1714136399999,LONG,-0.20839863080508209,0.15486784835206707,1714136400000,0.003539422545268233,-0.01069405925496609,-0.0009154366127341334
LTCUSDT,1714154399999,SHORT,0.013534006320739252,-0.009379635290986095,1714154400000,-0.008903152063586,-0.011059915485469017,-0.00022927891880777378
LTCUSDT,1714157999999,LONG,-0.009379635290986095,0.00682797178146569,1714158000000,0.0002272727282511016,-0.006384698464669656,-0.014884634776920274
LTCUSDT,1714161599999,SHORT,0.00682797178146569,-0.2246338531607035,1714161600000,-0.0036289447854350905,-0.00022719527531572334,0.018923668090751057
LTCUSDT,1714283999999,LONG,-0.08856074039809753,0.1124679879389847,1714284000000,0.005672433077986143,0.006261465315079447,0.005318847123450837
LTCUSDT,1714319999999,SHORT,0.004997717314250922,-0.172619633225059,1714320000000,0.0038922028260195644,-0.0016466717435249475,0.021657200574944354
LTCUSDT,1714327199999,LONG,-0.043779005509612716,0.008088153038912483,1714327200000,0.0030602660418225774,0.003412771773690899,-0.009594388078407378
LTCUSDT,1714330799999,SHORT,0.008088153038912483,-0.11393430635620497,1714330800000,-0,0.006603018920629652,0.0343109383917337
LTCUSDT,1714600799999,LONG,-0.35778977476981844,0.5749860126076948,1714600800000,0.001256281572261773,-0.0031476261429935312,-0.004409455963415666
LTCUSDT,1714636799999,SHORT,0.037983793091683135,-0.33385559795681674,1714636800000,0.0012695190228595716,-0.018602849185858302,-0.02357180350904558
LTCUSDT,1714643999999,LONG,-0.2645698488424583,0.3089391983355053,1714644000000,0.0069195721773947175,0.0069195721773947175,0.014911622708732438
LTCUSDT,1714712399999,SHORT,0.09823647565108758,-0.1472082518077779,1714712400000,0.0037332049330563257,0.009860904967295525,-0.015284409465473428
LTCUSDT,1714730399999,LONG,-0.026059533447631466,0.024675922945216103,1714730400000,-0.0017570285644670986,0.02403485368882403,0.026846419626243723
LTCUSDT,1714733999999,SHORT,0.024675922945216103,-0.04579999345748851,1714734000000,-0.003510975393463769,-0.02505712836277783,-0.0271375305082146
LTCUSDT,1714780799999,LONG,-0.32077216749536475,0.38603449713294435,1714780800000,0.0047546569304419434,0.0013433475794347076,0.00487627444351375
LTCUSDT,1714787999999,SHORT,0.21693378315919917,-0.10607830812306612,1714788000000,-0.0017091934328204586,-0.001587205021568125,-0.004510827520670888
LTCUSDT,1714791599999,LONG,-0.10607830812306612,0.16758081001075728,1714791600000,-0.0006100164893613265,-0.0035432867421290267,0.004988148307339899
LTCUSDT,1714831199999,SHORT,0.03383435292377131,-0.1220563911002015,1714831200000,-0.002308487751384052,0.004022188370953241,0.015074738560026842
LTCUSDT,1714852799999,LONG,-0.10265272626282038,0.14819518116921634,1714852800000,0,-0.008177259210777622,-0.013091274013206545
LTCUSDT,1714859999999,SHORT,0.01765431854543813,-0.053480619500810546,1714860000000,0.0039086406180425404,0.012882823410643483,0.00943114345507774
LTCUSDT,1715295599999,LONG,-0.18736184041713427,0.06717480785473937,1715295600000,0.0012052550573138233,0.0019277114403327027,0.0036114159872162725
LTCUSDT,1715309999999,SHORT,0.04477301472792517,-0.03971127253104746,1715310000000,0.0012042390665334783,-0.0009623482037061674,0.030301646381380436
LTCUSDT,1715324399999,LONG,-0.3115634707300837,0.09915969423472076,1715324400000,-0.0013234676779886598,0.0006009976741990699,-0.030643916435374095
LTCUSDT,1715331599999,SHORT,0.1112962178306773,-0.08730416673044888,1715331600000,0.0018042947097309317,0.0006010699225263492,0.039465906051608005
LTCUSDT,1715349599999,LONG,-0.2867358398529577,0.026573139899883958,1715349600000,-0.027529725353746166,-0.026042183242331603,-0.025794474546489816
LTCUSDT,1715353199999,SHORT,0.026573139899883958,-0.024105079423224162,1715353200000,-0.002230484196107785,-0.0006200781497124054,0.000992925488056051
LTCUSDT,1715450399999,LONG,-0.12457397822785055,0.11582491953693697,1715450400000,0.0015993114068950315,0.002827812789902433,0.0008614855003294009
LTCUSDT,1715493599999,SHORT,0.23029096105647895,-0.18766563432715536,1715493600000,0.0009844942956131627,-0.002579695552601232,-0.00857323071048831
LTCUSDT,1715518799999,LONG,-0.5697540689338115,0.010278699711226566,1715518800000,0.004288959457456278,0.003555014470381268,0.0024530859842244682
LTCUSDT,1715536799999,SHORT,0.0826447110221489,-0.07328368143700831,1715536800000,0.0029311208088587007,0.0062389339321248065,0.02945392969208188
LTCUSDT,1715558399999,LONG,-0.14898579269931245,0.06420367691955675,1715558400000,0.0029444261243145114,-0.01885210240965243,0.006002345454138753
LTCUSDT,1715644799999,SHORT,0.527194870395624,-0.1490486740907765,1715644800000,0.0006206169131117912,0.0065982187719923775,0.005724256546440906
LTCUSDT,1715817599999,LONG,-0.5957618368793123,0.2012237069347031,1715817600000,-0.0009709917014869836,0.00036387895361754456,-0.0020644855228581817
LTCUSDT,1715849999999,SHORT,0.11817073357608096,-0.31677069532531416,1715850000000,-0.0036429912785010087,0.00548949228477148,0.0024360547978811158
LTCUSDT,1715878799999,LONG,-0.1434385109476364,0.2227574762655704,1715878800000,-0.0067690334613363925,-0.012241835202691159,-0.011510395452904188
LTCUSDT,1715896799999,SHORT,0.3281075636606254,-0.45832425134498395,1715896800000,-0.0009731177023847222,-0.005703552868286554,-0.01113408573379359
LTCUSDT,1716001199999,LONG,-0.2237912504237382,0.37084634354359686,1716001200000,0.0033277900926747457,-0.00011905470577793019,-0.0028612322810321234
LTCUSDT,1716008399999,SHORT,0.16324782024199652,-0.09512131862371673,1716008400000,0.0015491869868294894,-0.00522566509830543,0.0007147111680054565
LTCUSDT,1716231599999,LONG,-0.36115677794280876,0.6116001079098645,1716231600000,0.029887955713764895,0.047741485549979694,0.05000751869729181
LTCUSDT,1716314399999,SHORT,0.13040906321185075,-0.0767907790936559,1716314400000,0.005183694275890342,0.010962419778469543,0.021242350398218986
LTCUSDT,1716382799999,LONG,-0.0934530589214328,0.04884891646721268,1716382800000,0.004884298580913038,0.011705528567419056,0.007433251415052642
LTCUSDT,1716397199999,SHORT,0.1898165072132054,-0.22193078261942176,1716397200000,0.0035782343252005943,0.01147240116223692,0.0033469937183198874
LTCUSDT,1716602399999,LONG,-0.10749669029094633,0.48806194707193923,1716602400000,-0.0010560282588906557,0.005263477851418053,-0.007533879071943588
LTCUSDT,1716620399999,SHORT,0.8419852867907928,-0.43823103260198704,1716620400000,-0.001873536847797127,-0.0036267954349508942,0.004228336109521064
LTCUSDT,1717048799999,LONG,-0.1754027052293682,0.06757348974216447,1717048800000,-0.012098129232813752,-0.013303965626362815,0.01207115249173195
LTCUSDT,1717127999999,SHORT,0.07898637062702758,-0.029427743523852738,1717128000000,0.0011880718992826674,0.004880090622966879,0.018333746999706402
LTCUSDT,1717160399999,LONG,-0.16983001195681097,0.009390051022569762,1717160400000,-0.008444891103609695,-0.017925910218296214,-0.01527658304247187
LTCUSDT,1717163999999,SHORT,0.009390051022569762,-0.029331097238599817,1717164000000,0.00358980880899973,0.003949499478905004,0.007312866012864007
LTCUSDT,1717174799999,LONG,-0.05440918849575867,0.015701407103186203,1717174800000,0.005652110531315061,0.007688649120786139,0.005172321629224144
LTCUSDT,1717181999999,SHORT,0.03400636752813973,-0.09424688193824952,1717182000000,-0.004066504826371868,0.0013191822984016184,-0.0007188211642928024
LTCUSDT,1717448399999,LONG,-0.2696037913862116,0.01716741895326461,1717448400000,-0.0018053805228678372,-0.00240789906854029,-0.017467693040390832
LTCUSDT,1717451999999,SHORT,0.01716741895326461,-0.08375987351491722,1717452000000,-0.0015648513575470511,-0.0010836193944581388,0.02020024880189751
LTCUSDT,1717455599999,LONG,-0.08375987351491722,0.01426288132984643,1717455600000,-0.0030115062210565617,-0.0026496462569125826,-0.016615505650605576
LTCUSDT,1717477199999,SHORT,0.4817061666451158,-0.23122057675691265,1717477200000,0.00036538579055803947,0.0048828222013115475,-0.010659015645864977
LTCUSDT,1717739999999,LONG,-0.10563953062895587,0.03673970426276899,1717740000000,-0.0027239905515372,-0.004860997182214443,-0.025393627019453077
LTCUSDT,1717775999999,SHORT,0.18256483805444412,-0.12698965033738085,1717776000000,0.0015556755366245769,0.05114855700698148,0.04050816119306344
LTCUSDT,1718492399999,LONG,-0.0679059883521104,0.12432563030155278,1718492400000,-0.0003786683541619381,0.006916961489839572,0.0062901201228587
LTCUSDT,1718499599999,SHORT,0.003133071528386365,-0.08098821324484505,1718499600000,-0.005679323651810741,-0.00593099094897422,-0.001644009222636274
LTCUSDT,1718528399999,LONG,-0.08750912155999108,0.2285046345877042,1718528400000,0.0013826914402005844,-0.004538585703007961,-0.00909786411752635
LTCUSDT,1718549999999,SHORT,0.031917172849699055,-0.2242216676629165,1718550000000,-0.0018974137625986207,0.0010134280066748252,0.004695738052838302
LTCUSDT,1718636399999,LONG,-0.12328030844960185,0.04760327288985757,1718636400000,-0.00990107098271168,0.01031734713048146,-0.05352002563418707
LTCUSDT,1718639999999,SHORT,0.04760327288985757,-0.08692440042305248,1718640000000,-0.005223989939514278,-0.014171725186313133,0.04362479259506827
LTCUSDT,1718647199999,LONG,-0.052583907872522574,0.1785888993890235,1718647200000,0.007598722891488016,-0.006354991882377228,-0.052552890462103624
LTCUSDT,1718654399999,SHORT,0.1558626319976323,-0.08647615542912745,1718654400000,0.007906204102001243,0.011686926941907224,0.054928251115101856
LTCUSDT,1718661599999,LONG,-0.09677298395662862,0.1329243719669243,1718661600000,-0.0006508298309783697,-0.055651646488060764,-0.04743129604684588
LTCUSDT,1718665199999,SHORT,0.1329243719669243,-0.1581285282218197,1718665200000,0.003129893008927593,0.04910271300773185,0.050334324521608076
LTCUSDT,1718841599999,LONG,-0.598003465113088,0.08884532141121777,1718841600000,0.0008134490687160741,0.004600820023638449,0.017344972652181944
LTCUSDT,1718927999999,SHORT,0.41323895696483165,-0.10210423978736198,1718928000000,0.004161359116093311,0.006990215316571121,0.020571844702339658
LTCUSDT,1718960399999,LONG,-0.18255533659369616,0.1104702910888988,1718960400000,0.00768812133901349,0.007824873475978503,0.019921521151128614
LTCUSDT,1718967599999,SHORT,0.2690424987219055,-0.4111749099630461,1718967600000,-0.004385370876240093,-0.0061614489440486265,-0.016887232307187982
LTCUSDT,1719007199999,LONG,-0.007355138359022664,0.14399627045095711,1719007200000,0.002839950519211021,-0.0005418585881699647,0.0051330654378547655
LTCUSDT,1719014399999,SHORT,0.17243256558176379,-0.09606378959474304,1719014400000,0.003107480714472143,0.0036488992442112217,-0.0021560444950865475
LTCUSDT,1719025199999,LONG,-0.10415315554230987,0.24854247848789118,1719025200000,-0.001488196175359101,0.0020257958173828727,0.004989559269329831
LTCUSDT,1719028799999,SHORT,0.24854247848789118,-0.23067152710618122,1719028800000,-0.0013528140591298771,-0.0024337491731613184,-0.0037832770432946134
LTCUSDT,1719226799999,LONG,-0.029468794459814728,0.4409542633365378,1719226800000,-0.0027140935166505916,-0.014512791539840808,-0.014078669544744127
LTCUSDT,1719233999999,SHORT,0.23315723913053307,-0.2043516738996714,1719234000000,-0.011690975330952036,-0.0023201866556973477,-0.011260404818379843
LTCUSDT,1719241199999,LONG,-0.034662752994431556,0.06084075071226152,1719241200000,-0.004350985834326146,-0.0008686839984515336,0.013654542009391774
LTCUSDT,1719266399999,SHORT,0.1337253781144977,-0.49186804971169135,1719266400000,0.003177815761077173,-0.006182177694267729,-0.024361914286232286
LTCUSDT,1719511199999,LONG,-0.1519072552433016,0.0013546417637228573,1719511200000,0.001101018553283898,0.004670979779886089,0.00959305698531437
LTCUSDT,1719518399999,SHORT,0.28985850423521486,-0.024564659878144882,1719518400000,0.0009609445450831368,-0.004927466854607002,-0.00041155086663597517
LTCUSDT,1719525599999,LONG,-0.020450752220935845,0.052317845420637964,1719525600000,0.003421145998471171,0.00941408139608248,0.01293855298536142
LTCUSDT,1719529199999,SHORT,0.052317845420637964,-0.02363093730100655,1719529200000,-0.0005462988390439325,-0.003000957101422396,-0.017066647477304756
LTCUSDT,1719532799999,LONG,-0.02363093730100655,0.011688746803545081,1719532800000,-0.0035567752954497726,0.007618047997296982,0.016656895371592387
LTCUSDT,1719536399999,SHORT,0.011688746803545081,-0.2797662778436027,1719536400000,-0.009139958587348297,-0.009004153603096626,-0.015367134524512464
LTCUSDT,1719565199999,LONG,-0.06231361680604521,0.1326049485668707,1719565200000,0.0024386951525335603,0.005141399500418652,-0.005849958863863662
LTCUSDT,1719568799999,SHORT,0.1326049485668707,-0.11792444537996122,1719568800000,-0.007413931647775328,0.011840900510082209,0.010609457513935536
LTCUSDT,1719788399999,LONG,-0.16362292403338008,0.08909385601646182,1719788400000,-0.0030510072085384817,0.000662032463769582,-0.008112285993703302
LTCUSDT,1719795599999,SHORT,0.17918871074199383,-0.03522329489613216,1719795600000,-0.008734835843691138,0.0019958758538221625,0.008275541088707265
LTCUSDT,1719799199999,LONG,-0.03522329489613216,0.15157313930482694,1719799200000,-0.004621995682835788,-0.007670980612632722,-0.01902032467903011
LTCUSDT,1719809999999,SHORT,0.19575405868387574,-0.11434838827387772,1719810000000,-0.003058309677158929,-0.0005325522692765422,0.0036021651917925437
LTCUSDT,1719813599999,LONG,-0.11434838827387772,0.09811423267426855,1719813600000,-0.0030583096771589634,-0.003191492070643555,-0.0002655689831036821
LTCUSDT,1719817199999,SHORT,0.09811423267426855,-0.03270029006444226,1719817200000,-0.0014638368440016635,0.00266702385051691,0.0014659828040265214
LTCUSDT,1719957599999,LONG,-0.2556716193319996,0.37100443487963114,1719957600000,0.0015801952195177915,-0.0025070937457373765,-0.015673052928041716
LTCUSDT,1720004399999,SHORT,0.1493047356660008,-0.018733199054992048,1720004400000,0.0029661609990383852,-0.0005383580210779064,0.027155929472299185
LTCUSDT,1720007999999,LONG,-0.018733199054992048,0.021941358707864796,1720008000000,-0.0056864491165583555,0.004310932178052334,-0.027650269579666667
LTCUSDT,1720011599999,SHORT,0.021941358707864796,-0.007368591405189716,1720011600000,-0.00878680881507416,-0.016429133333954536,0.021547529608556885
LTCUSDT,1720015199999,LONG,-0.007368591405189716,0.11368403874633293,1720015200000,0.00013456233620514325,0.0009415563275459528,-0.06218181531143403
LTCUSDT,1720043999999,SHORT,0.06657896482695665,-1.6732534713934362,1720044000000,0.0038658062778396366,0.03848789643210161,0.03848789643210161
LTCUSDT,1720090799999,LONG,-0.4592749262608059,0.28500941711909733,1720090800000,-0.002294894868338402,-0.025244340695567045,-0.04213613364970355
LTCUSDT,1720094399999,SHORT,0.28500941711909733,-0.3002295043812445,1720094400000,0.02001807488938621,0.009523881511255479,0.06313207132981702
LTCUSDT,1720385999999,LONG,-0.05898984051032311,0.1572280384850543,1720386000000,-0.013681409713561224,-0.04657268463656419,0.02865793377109611
LTCUSDT,1720393199999,SHORT,0.2165371706645483,-0.2648866037319033,1720393200000,0.002254792387088982,0.006617730551305364,-0.037573480564423924
LTCUSDT,1720457999999,LONG,-0.25401190294912346,0.25580257006188883,1720458000000,0.0018616201467001076,-0.0012430082395972475,0.014490773062616074
LTCUSDT,1720468799999,SHORT,0.37513698388507954,-0.14666331176576847,1720468800000,0.008668784936446612,-0.00015411882591970146,-0.0038458627511527713
LTCUSDT,1720619999999,LONG,-0.13754316821684204,0.35954286614466624,1720620000000,0.005576923038360314,0.008578576200079442,0.019755206962331722
LTCUSDT,1720645199999,SHORT,0.11685908928036474,-0.010997599685617643,1720645200000,0.0033107629940467664,-0.009122922765820083,-0.01506030105112997
LTCUSDT,1720648799999,LONG,-0.010997599685617643,0.08403685636367328,1720648800000,0.006910047023693622,0.017038224158861196,0.019258638067942112
LTCUSDT,1720666799999,SHORT,0.6860539557216693,-0.09297648829303445,1720666800000,0.0034305350967891368,-0.006086265354743144,-0.020339684237122783
LTCUSDT,1720677599999,LONG,-0.31420720344146147,0.11432146653662405,1720677600000,0.0014810429247491975,0.0023686169475146315,0.01719240054037277
LTCUSDT,1720681199999,SHORT,0.11432146653662405,-0.07995660671755349,1720681200000,-0.0028075378618775985,-0.0023647661034817196,-0.014688865748630356
LTCUSDT,1720684799999,LONG,-0.07995660671755349,0.1510870261199604,1720684800000,-0.0029555215839384146,0.0008849558099665016,0.008375627539124247
LTCUSDT,1720738799999,SHORT,0.11205838550281215,-0.41194026961521013,1720738800000,0.004298531779981331,-0.010007441870411405,-0.018609959016888795
LTCUSDT,1720753199999,LONG,-0.26370153654699136,0.2680924677485148,1720753200000,-0.002932983478122666,0.0030704022951815366,0.00860251714647721
LTCUSDT,1720763999999,SHORT,0.1285950942048434,-0.5216306417126381,1720764000000,-0.002923978691435282,-0.007439316637644129,-0.009616859778693174
LTCUSDT,1720767599999,LONG,-0.5216306417126381,0.025251935899842485,1720767600000,0.006112666391549378,0.005532114851295762,0.00944431284258772
LTCUSDT,1720771199999,SHORT,0.025251935899842485,-0.25908650644290837,1720771200000,-0.001884468195572093,0.006842859925270989,-0.0007252157834709036
LTCUSDT,1720803599999,LONG,-0.3514323191996037,0.022685604508203137,1720803600000,-0.003618734498334357,-0.0044891828341589645,0.002453280687831608
LTCUSDT,1720839599999,SHORT,0.3493932625228499,-0.23042312780619983,1720839600000,0.004033425231902628,-0.0067340321813441194,-0.0037308121908074666
LTCUSDT,1720846799999,LONG,-0.1682848752482156,0.013351816857714067,1720846800000,0.009753376227737162,0.012604005296077409,0.005605476409541636
LTCUSDT,1720864799999,SHORT,0.34391299781135354,-0.12028416656472501,1720864800000,0.004553223574971533,0.011996716287631437,0.010847951083757931
LTCUSDT,1721401199999,LONG,-0.09492863757888909,0.0872467941435777,1721401200000,0.003201784596444787,0.018237587549781012,0.017141697029143723
LTCUSDT,1721422799999,SHORT,0.12423326922768187,-0.11869773392842797,1721422800000,-0.006144622323526646,-0.0031453017383153417,-0
LTCUSDT,1721426399999,LONG,-0.11869773392842797,0.0222379910213323,1721426400000,-0.0020440151560259237,-0.0073780905810588385,-0.008064008709330231
LTCUSDT,1721429999999,SHORT,0.0222379910213323,-0.05183663718073807,1721430000000,-0.0006818027127141427,0.004785679469419335,0.004785679469419335
LTCUSDT,1721444399999,LONG,-0.21042705624433855,0.11225920819753807,1721444400000,0.00027408524222586407,0.004376374599799003,0.0023273335167839407
LTCUSDT,1721473199999,SHORT,0.08071058833386635,-0.4899201998268795,1721473200000,0.005359732476030413,-0.0023273335167839407,-0.00027408524222586407
LTCUSDT,1721973599999,LONG,-0.5585214503397806,0.08744523021422983,1721973600000,0.010113866236928759,0.00506971935025058,0.0038046970436638452
LTCUSDT,1721980799999,SHORT,0.3720727318372902,-0.11442106307071069,1721980800000,0.0015498418037114753,-0.0007036802767319457,-0.000562983829085155
LTCUSDT,1721987999999,LONG,-0.005084498520164175,0.009735197483448721,1721988000000,-0.0028129413766147236,0.00014043957610307824,-0.0011242272122808802
LTCUSDT,1721991599999,SHORT,0.009735197483448721,-0.26513537289070077,1721991600000,-0.0011261262451351167,-0.0007039775017941108,-0.004637119248631389
LTCUSDT,1722239999999,LONG,-0.03778036749990324,0.17835080166369902,1722240000000,-0.004281515772499101,0.01154854542010814,-0.01127831503770719
LTCUSDT,1722351599999,SHORT,0.6715451383082223,-0.06957005821277172,1722351600000,-0.0015034513868656919,0.008516534992438225,0.010864440221303555
LTCUSDT,1722355199999,LONG,-0.06957005821277172,0.1422341299297471,1722355200000,-0.002735231464599397,-0.017358198609757864,-0.013751591842778512
LTCUSDT,1722365999999,SHORT,0.30002211430000625,-1.2781052404645399,1722366000000,0.0072002526523916284,0.011098893068048803,0.0042862146505420915
LTCUSDT,1722571199999,LONG,-0.2715426484773481,0.13876481793565643,1722571200000,-0.0005810575410434371,-0.010070872535683777,-0.05002531526917146
LTCUSDT,1722578399999,SHORT,0.20238314697192078,-0.4370321561378206,1722578400000,0.00499633662447414,-0.011948269784672965,0.04696684940620361
LTCUSDT,1722794399999,LONG,-0.15930520981862165,0.020510527741847886,1722794400000,0.02031017589527642,0.023178246694948577,-0.11461268792105966
LTCUSDT,1722801599999,SHORT,0.00456594385575815,-0.046559545945015664,1722801600000,-0.000473522224931752,0.01463130426786041,0.1563897914406862
LTCUSDT,1723111199999,LONG,-0.14540142677898524,0.01943573699322901,1723111200000,0.001727712938405801,0.0034524460323900946,0.05631266655263056
LTCUSDT,1723114799999,SHORT,0.01943573699322901,-0.09409009182217676,1723114800000,-0.0005177323439488503,-0.018471535960544568,-0.06223784450182057
LTCUSDT,1723150799999,LONG,-0.6975938048718356,0.01961779805573713,1723150800000,0.022647467666291693,0.016581378075552607,0.016087916432181392
LTCUSDT,1723165199999,SHORT,0.21930314473511325,-0.13651115601491795,1723165200000,0.0004934616433713502,0.014577034661924485,0.008422145398878672
LTCUSDT,1723175999999,LONG,-0.04657405391721282,0.3312926893148375,1723176000000,-0.013095918617280617,-0.0016482614577174209,-0.017778984543449394
LTCUSDT,1723197599999,SHORT,0.3314452161433333,-0.049012953483793746,1723197600000,-0.0021564244899528466,-0.0004980493171765963,0.002327515597708501
LTCUSDT,1723208399999,LONG,-0.07705945827114766,0.049747534510726055,1723208400000,-0.0006636801305497536,0.0006632399513562163,0.0023194178721529985
LTCUSDT,1723219199999,SHORT,0.1565977612592832,-0.07362170708259998,1723219200000,-0.011335343908745249,-0.006683399982067297,-0.013818583327352498
LTCUSDT,1723399199999,LONG,-0.04621140265830731,0.11150261568809526,1723399200000,0.0013061226346619038,-0.025984084966440786,-0.01001568178770975
LTCUSDT,1723402799999,SHORT,0.11150261568809526,-0.5028950080450522,1723402800000,0.014459666983639693,0.029299455776866917,0.013632468657044141
LTCUSDT,1723510799999,LONG,-0.21526259150607457,0.11309342458936676,1723510800000,0.001286380624406265,-0.006133008248912223,-0.0020939042844172156
LTCUSDT,1723521599999,SHORT,0.12874306804679056,-0.12992886841798915,1723521600000,0.0025869052421617447,0.000646099198699429,-0.01633604554038667
LTCUSDT,1723759199999,LONG,-0.15273075869711983,0.05351731919372969,1723759200000,0.0006179515104724727,0.007236924340240979,0.013812374287611591
LTCUSDT,1723769999999,SHORT,0.11313883229704418,-0.03810158298121969,1723770000000,0.0038281954722318716,-0.0076127042435608526,0.011065119812472912
LTCUSDT,1723831199999,LONG,-0.14964192248979843,0.30833202030552986,1723831200000,0.00015065913399472936,-0.0004521136389272264,-0.0021116146609455847
LTCUSDT,1723841999999,SHORT,0.3188995298048982,-0.21834002813939202,1723842000000,-0.0010557274187709667,-0.0028629568263126553,-0.00901312996575171
LTCUSDT,1723870799999,LONG,-0.3053315900897726,0.02639113391157327,1723870800000,-0.00030193236944348626,0.009314971199555622,0.014088962065726988
LTCUSDT,1723874399999,SHORT,0.02639113391157327,-0.016572408933662193,1723874400000,0.0012084593615683834,-0.003466207976486329,-0.015281196235119521
LTCUSDT,1724029199999,LONG,-0.0462162698859321,0.4556819928108494,1724029200000,0.005877494125684683,0.003922165233164803,0.010674385350451461
LTCUSDT,1724119199999,SHORT,0.28687559153279635,-0.12729094633721666,1724119200000,0.0028441004127589325,-0.00223964259350466,0.01248418109238867
LTCUSDT,1724122799999,LONG,-0.12729094633721666,0.057713996254237475,1724122800000,0.002245678015395903,0.0025447210798252846,-0.025809843174732103
LTCUSDT,1724237999999,SHORT,0.18857393711640488,-0.2919606400053763,1724238000000,-0.0035138192997965613,-0.009395721640362405,-0.031498667059371016
LTCUSDT,1724662799999,LONG,-0.017520050963104477,0.004665630321078082,1724662800000,0.003100777678247964,-0.00951719485644404,-0.008733679968754666
LTCUSDT,1724666399999,SHORT,0.004665630321078082,-0.00846391832999658,1724666400000,0.004499270641784279,0.002169534401264355,0.017489515130347796
LTCUSDT,1724673599999,LONG,-0.008704596022337653,0.009366775495502636,1724673600000,-0.004691907262271654,0.00311575263745987,-0.017629923015484234
LTCUSDT,1724677199999,SHORT,0.009366775495502636,-0.17616900879731795,1724677200000,-0.010605214805380183,-0.007964436571683855,0.010560425985763473
LTCUSDT,1724691599999,LONG,-0.06257400287725082,0.08156788479829948,1724691600000,-0.014095769800393414,-0.007179678102020317,-0.014569067908148058
LTCUSDT,1724695199999,SHORT,0.08156788479829948,-0.740202366962657,1724695200000,-0.008639023335620317,-0.0014187753621332205,-0.004564421240052514
LTCUSDT,1725080399999,LONG,-0.32279118107489496,0.28725237190382935,1725080400000,-0.001526018913567993,-0.005811302483894815,-0.002289902534854688
LTCUSDT,1725094799999,SHORT,0.0936545946349781,-0.03547842755433609,1725094800000,-0.005201174338061349,-0.003521399949040147,0.004457773887230203
LTCUSDT,1725191999999,LONG,-0.6650530468788396,0.0807213825202786,1725192000000,-0.002026027343076865,0.0014002336010096581,-0.010800762428331119
LTCUSDT,1725213599999,SHORT,0.28034742070274615,-0.019002822110589408,1725213600000,-0.003257584514193057,-0.004495783093684089,0.014240127963785734
LTCUSDT,1725217199999,LONG,-0.019002822110589408,0.052088783163944,1725217200000,0.0001548347142522991,-0.024611321376165046,-0.0201774265429151
LTCUSDT,1725224399999,SHORT,0.09215425658873933,-0.00878428506175403,1725224400000,0.0038595184921778043,0.018349138668196655,0.024172716942896372
LTCUSDT,1725321599999,LONG,-0.009297486722413848,0.0009544907375272142,1725321600000,0.0032102756302481894,0.01096402029191415,0.007322687183340777
LTCUSDT,1725325199999,SHORT,0.0009544907375272142,-0.050156286973758304,1725325200000,-0.004416362923213977,-0.0030478536242533358,-0.004720221934971333
LTCUSDT,1725472799999,LONG,-0.02089584429786411,0.05169347675805439,1725472800000,-0.006571430387632252,-0.002134798005020272,-0.00641811494080064
LTCUSDT,1725476399999,SHORT,0.05169347675805439,-0.008652307938313512,1725476400000,-0.004741157462663966,-0.00321420648648689,-0.0218355908219639
LTCUSDT,1725479999999,LONG,-0.008652307938313512,0.043507118480637784,1725480000000,-0.00045784052688354693,-0.002750192718921163,0.04037025991275497
LTCUSDT,1725483599999,SHORT,0.043507118480637784,-0.014708836049699893,1725483600000,0.00015263680102888932,-0.004264398786457518,-0.02799279843359273
LTCUSDT,1725487199999,LONG,-0.014708836049699893,0.5576415529982152,1725487200000,-0.0010691104492934812,0.013945958933364753,0.010175499749681093
LTCUSDT,1725566399999,SHORT,0.04893963363447821,-0.2150007020103184,1725566400000,-0.015700345368527508,-0.014035318116383583,-0.001074856149548325
LTCUSDT,1725710399999,LONG,-0.14752144302306996,0.01003476368252004,1725710400000,0.0007889546760320998,-0.006493015130887317,-0.021217993094845098
LTCUSDT,1725800399999,SHORT,0.4851599346144301,-0.06749414698750247,1725800400000,0.004247678335673876,0.013127855092532996,0.009335912538841647
LTCUSDT,1725803999999,LONG,-0.06749414698750247,0.009937639786901716,1725804000000,-0.002294706792868672,0.0004910385563923954,-0.008384759357575818
LTCUSDT,1725807599999,SHORT,0.009937639786901716,-0.9178636653026138,1725807600000,0.0060890503281894135,0.0006564910788873443,0.009064750986511364
LTCUSDT,1726286399999,LONG,-0.15742717086749625,0.1215537052898539,1726286400000,-0.0007662248478469104,0.00045945325871421923,0.018666601640478182
LTCUSDT,1726289999999,SHORT,0.1215537052898539,-0.48663986025392714,1726290000000,0.0056875105278489085,-0.0038246814771490875,-0.021082148821632746
LTCUSDT,1726477199999,LONG,-0.1096629010035122,0.4522848224268021,1726477200000,-0.003001819143263225,-0.008077972175123904,-0.01750522103002088
LTCUSDT,1726480799999,SHORT,0.4522848224268021,-0.18367249492493748,1726480800000,-0.0014228126659230444,-0.0006326111234223371,0.012416587410554578
LTCUSDT,1726577999999,LONG,-0.4030601285701531,0.08243989870795829,1726578000000,-0.0035149421074446084,0.012520965543483488,0.015666116744399237
LTCUSDT,1726581599999,SHORT,0.08243989870795829,-0.043024812511269384,1726581600000,-0.010509650874055785,-0.01682579377296331,-0.018869980348468172
LTCUSDT,1726585199999,LONG,-0.043024812511269384,0.2541844286906433,1726585200000,0.011027206888431628,0.0030051426332771644,0.017118596281833622
LTCUSDT,1726617599999,SHORT,0.014510997861198896,-0.07412686543800401,1726617600000,0.0006278449429283191,-0.006256863834568862,0.005191547883022438
LTCUSDT,1726873199999,LONG,-0.12785949990389592,0.07653700964840172,1726873200000,0.0018396448542531312,-0.0007675186500041049,0.00535619920052489
LTCUSDT,1726887599999,SHORT,0.09869474410100207,-0.12177484414221808,1726887600000,-0.002453612640232163,-0.0033721675119206722,-0.01810623826872929
LTCUSDT,1727085599999,LONG,-0.1895227716235064,0.32387503039155585,1727085600000,-0.0074316632168842,-0.008476517405530851,-0.006387899609114533
LTCUSDT,1727240399999,SHORT,0.09689347067583773,-0.039521106530694794,1727240400000,0.0006016847353603412,0.004370438725053867,-0.017293215690753833
LTCUSDT,1727387999999,LONG,-0.5967224818049145,0.27577618313774327,1727388000000,0.0010240656296903522,0.005692199562670275,0.015251947916895643
LTCUSDT,1727409599999,SHORT,0.04915759343962333,-0.471159168811232,1727409600000,-0.006647423321982287,0.0013057673237245884,-0.01568039032614091
LTCUSDT,1727575199999,LONG,-0.4072464458729596,0.04745666972547748,1727575200000,0,-0.008947959831678955,-0.00533027265043975
LTCUSDT,1727607599999,SHORT,0.06943774872197178,-0.12904632112328274,1727607600000,-0.002467882503901821,-0.010554569171628466,-0.012278955286516806
LTCUSDT,1727614799999,LONG,-0.1135049874128159,0.03757926480385691,1727614800000,0.007539545646949698,0.013013486137590529,0.005659981730639523
LTCUSDT,1727636399999,SHORT,0.03896268845095468,-0.025358254992039836,1727636400000,-0.00514360328188739,0.002294565756495355,0.027005125385157282
LTCUSDT,1728111599999,LONG,-0.6535913917909796,0.12887689781933265,1728111600000,-0.00551134279311883,0,0.006088298867255355
LTCUSDT,1728115199999,SHORT,0.12887689781933265,-0.20258617594272915,1728115200000,-0.004747692507821638,-0.005358659381874803,-0.005358659381874803
LTCUSDT,1728118799999,LONG,-0.20258617594272915,0.030677518756188182,1728118800000,0.0019842790605932906,0.004725258392015484,-0.005361943141385511
LTCUSDT,1728129599999,SHORT,0.14964589914492238,-0.17661470582148078,1728129600000,-0.003961608106718421,-0.00942113031161718,-0.01153625423054365
LTCUSDT,1728165599999,LONG,-0.4625687846068165,0.24690988282032753,1728165600000,0.010323455885349034,0.016496779714128208,0.025462769245554077
LTCUSDT,1728172799999,SHORT,0.21969729465540583,-0.0547887478902213,1728172800000,-0.00045265938155032026,-0.00015090922838552654,-0.017948432761754302
LTCUSDT,1728183599999,LONG,-0.04755872108008837,0.1512661702192395,1728183600000,-0.0028629568263126405,0.0024045698390855715,0.015230994751319513
LTCUSDT,1728187199999,SHORT,0.1512661702192395,-0.04483982739834923,1728187200000,-0.0030138660546981826,-0.010210298911430701,-0.015722417150871918
LTCUSDT,1728194399999,LONG,-0.052454178632462545,0.0024959227833555933,1728194400000,0.00015011634044555556,0.009116105871871442,0.00747834774505995
LTCUSDT,1728197999999,SHORT,0.0024959227833555933,-0.13223012748510857,1728198000000,-0.004941979358092387,-0.012086993380826538,-0.010899697307840328
LTCUSDT,1728201599999,LONG,-0.13223012748510857,0.013722629699853734,1728201600000,0.0010451662018988053,0.007738133850323607,0.00357888840096631
LTCUSDT,1728205199999,SHORT,0.013722629699853734,-0.08933877221176302,1728205200000,-0.00312896031188019,-0.005209507948991906,-0.0041697752151473545
LTCUSDT,1728215999999,LONG,-0.1034280879830492,0.1148277544774111,1728216000000,-0.0014834596994328054,-0.002226015610882307,-0.006692967648424638
LTCUSDT,1728230399999,SHORT,0.2992597736206788,-0.07695721408138498,1728230400000,0.001635566493517818,0.0019332298384750301,-0.004890710007757847
LTCUSDT,1728266399999,LONG,-0.2999900092133221,0.005331123491907651,1728266400000,-0.004580047896897071,-0.0039878939195645445,-0.02568071853082419
LTCUSDT,1728269999999,SHORT,0.005331123491907651,-0.07058092375825893,1728270000000,-0.0014795090729578502,-0.0011837823223183356,0.015518067295613272
LTCUSDT,1728273599999,LONG,-0.07058092375825893,0.19206036707129734,1728273600000,-0.0014795090729578435,-0.004148154096308231,-0.026668247082161294
LTCUSDT,1728287999999,SHORT,0.03399553760980204,-0.25962919854205846,1728288000000,0.0008911332833892529,0.013451107007623139,0.02647567398402802
LTCUSDT,1728309599999,LONG,-0.04090546767296368,0.024383415737388312,1728309600000,0.005730674708984854,-0.002271179718044018,-0.01293876030569751
LTCUSDT,1728349199999,SHORT,0.10107894607568693,-0.07453949118630258,1728349200000,-0.002761585062829924,-0.0038334785886280872,-0.005973824918638144
LTCUSDT,1728629999999,LONG,-0.15546922733189789,0.05470592641569043,1728630000000,-0.0017021280705306408,0.006318892875389823,0.015951258460161072
LTCUSDT,1728633599999,SHORT,0.05470592641569043,-0.36119142066919063,1728633600000,-0.004788763302947984,-0.00786616225416688,-0.017802802905944243
LTCUSDT,1728680399999,LONG,-0.16067301722055655,0.18861851631975407,1728680400000,-0.0010673173232468918,0.0006093845404909747,0.007288219324684937
LTCUSDT,1728687599999,SHORT,0.18444387349071545,-0.054554999737930286,1728687600000,-0.0004578405268836024,0.004130024990971966,-0.013494253738603289
LTCUSDT,1728691199999,LONG,-0.054554999737930286,0.121989311887499,1728691200000,0.0016767018637376906,-0.005813969865419734,0.011527505171067414
LTCUSDT,1728698399999,SHORT,0.04616867231869752,-0.1715076996675165,1728698400000,0.00580774978014263,0.000609756116453428,-0.013622126791771156
LTCUSDT,1728719999999,LONG,-0.19577895831634615,0.060242153779528296,1728720000000,0.0024235092140554794,0.005595477737191243,0.004086271293169679
LTCUSDT,1728723599999,SHORT,0.060242153779528296,-0.11970666830477765,1728723600000,-0.004077015839882183,-0.004980766466238952,-0.0033232658984147334
LTCUSDT,1728824399999,LONG,-0.08387385364461078,0.04933097365074727,1728824400000,0.0001530573202652118,-0.005371818611704677,-0.016669625077329775
LTCUSDT,1728827999999,SHORT,0.04933097365074727,-0.09693737572732482,1728828000000,0.007064996365766793,0.010770991960084186,0.013714676787727692
LTCUSDT,1728845999999,LONG,-0.003043583754168838,0.05537417856451085,1728846000000,0.002477164914351074,0.005565016680813639,0.013854901428970846
LTCUSDT,1728853199999,SHORT,0.010318955416263147,-0.018865674208967682,1728853200000,-0.001698448644226631,0.007134025293845378,-0.012134393572031648
LTCUSDT,1728856799999,LONG,-0.018865674208967682,0.10513712290275667,1728856800000,0.0006168080380597482,-0.005878729801707803,0.015459097181910065
LTCUSDT,1728889199999,SHORT,0.3921836004661295,-0.2365927337185874,1728889200000,-0.001985794588252423,-0.005641548850106462,-0.023573167718066595
LTCUSDT,1728896399999,LONG,-0.23158202987491736,0.15611445621851158,1728896400000,0.0050247536250292565,0.006694076419538667,0.018901296049849366
LTCUSDT,1728899999999,SHORT,0.15611445621851158,-0.49200642614836704,1728900000000,0.0012156208760303899,-0.008016378102538491,-0.011775498385155663
LTCUSDT,1729123199999,LONG,-0.23776353960358754,0.3849730471321464,1729123200000,0.0034202684047979965,0.010649727916658148,0.009660538264882553
LTCUSDT,1729144799999,SHORT,0.5703603736330044,-0.22515991597412716,1729144800000,-0.00650822897121594,-0.01115122007677151,-0.02453680755409131
LTCUSDT,1729148399999,LONG,-0.22515991597412716,0.0078072051186897735,1729148400000,0.001690617477907452,0.0043615967842552394,0.016085387730342467
LTCUSDT,1729155599999,SHORT,0.026763551349964027,-0.03815058292388933,1729155600000,-0.004220009075985159,-0.008841542405030243,-0.026568083295737975
LTCUSDT,1729173599999,LONG,-0.02410272634418543,0.07408859518792713,1729173600000,-0.0015381391552423455,0.008764054148274547,0.040659902300606496
LTCUSDT,1729187999999,SHORT,0.06887782477719352,-0.019945965827229552,1729188000000,0.0018021769624309773,-0.012798633384079277,-0.007588860152821332
LTCUSDT,1729331999999,LONG,-0.9634872546204953,0.0629216251075438,1729332000000,0.004260424497833741,-0.002538241961244571,0.0017329871697012525
LTCUSDT,1729342799999,SHORT,0.13163792570702695,-0.00023287397777665031,1729342800000,-0.001070663913840245,-0.002006555418745232,-0.004275794862788451
LTCUSDT,1729346399999,LONG,-0.00023287397777665031,0.0008735134063617683,1729346400000,0.006002018684998417,-0.0009368935972738404,-0.0006691201320240965
LTCUSDT,1729353599999,SHORT,0.0076462734384529895,-0.009642896913531113,1729353600000,0.0016023504563396544,-0.003462976289704791,-0.0006668889877037743
LTCUSDT,1729357199999,LONG,-0.009642896913531113,0.0745944059028198,1729357200000,-0.002006555418745138,0.0051982789499231555,0
LTCUSDT,1729439999999,SHORT,0.5786006842106182,-0.12335793339746084,1729440000000,0.005630041681063548,0.00886149730037237,0.014948766689022645
LTCUSDT,1730350799999,LONG,-0.16361358380852523,0.7895021089228692,1730350800000,-0.003221968186182717,-0.010262267612268701,-0.022488749176068246
LTCUSDT,1730433599999,SHORT,0.26728987033660284,-0.034225015068227005,1730433600000,0.0011570727353985844,0.015147391276202283,-0.012782938873419572
LTCUSDT,1730437199999,LONG,-0.034225015068227005,0.038753492471861335,1730437200000,-0.006241402074028128,-0.008427832505570674,0.024442008580454623
LTCUSDT,1730444399999,SHORT,0.02551802960473019,-0.34850082177006286,1730444400000,-0.006182854967885942,-0.020317880838368323,-0.03710570605396193
LTCUSDT,1731214799999,LONG,-0.4720322567564165,0.08617830855288315,1731214800000,0,-0.0002611989044496066,0.019141815703320554
LTCUSDT,1731221999999,SHORT,0.08144034900358155,-0.15958857272905363,1731222000000,-0.005398656867522196,-0.019999359471843853,-0.029786945655021085
LTCUSDT,1731243599999,LONG,-0.16625027742998663,0.2588749252398941,1731243600000,0.005392925243027677,0.005008679320912969,-0.002191146072254656
LTCUSDT,1731254399999,SHORT,0.22615933365411278,-0.051586192406898546,1731254400000,-0.004107836328391987,0.014250791761471955,0.006581942842904529
LTCUSDT,1731257999999,LONG,-0.051586192406898546,0.08042889027508895,1731258000000,-0.002180466457442181,-0.04279917741247331,-0.013544225107757149
LTCUSDT,1731268799999,SHORT,0.15960358570487593,-0.25292468122221595,1731268800000,0.024699135768855504,-0,0.013661055747644679
LTCUSDT,1731272399999,LONG,-0.25292468122221595,0.22634554566224985,1731272400000,0.013151966394314332,0.03572746681033371,0.021170412248402333
LTCUSDT,1731279599999,SHORT,0.19890724938319254,-0.13249899817046937,1731279600000,-0.005888142625222532,-0.017174504889910215,-0.007322208446898544
LTCUSDT,1731383999999,LONG,-0.36406054740333055,0.0774376518483758,1731384000000,-0.007724979845401034,0.0051588664272783314,-0.04515731090578253
LTCUSDT,1731434399999,SHORT,0.39873512841404535,-0.04202643172829845,1731434400000,-0.02002815816959011,-0.02377953699493964,0.039099075701488746
LTCUSDT,1732726799999,LONG,-0.015971678769090076,0.09743194835778402,1732726800000,0.005279788650930081,0.019733425538427496,0.009915387989884668
LTCUSDT,1732755599999,SHORT,0.02253169240201012,-0.0020307162891396854,1732755600000,-0.005203827875027044,0.004614209673515787,0.023915421075814545
LTCUSDT,1732759199999,LONG,-0.0020307162891396854,0.02298055721206162,1732759200000,-0.014042151504533806,-0.013423020332140661,-0.027133247551413223
LTCUSDT,1732762799999,SHORT,0.02298055721206162,-0.26294166440706046,1732762800000,0.002169982768322693,0.0008261049623055033,0.017703263551872326
LTCUSDT,1732921199999,LONG,-0.013420851696169632,0.019975516107943785,1732921200000,0.015864954647977342,-0.019771614014739522,-0.015037877364540559
LTCUSDT,1732928399999,SHORT,0.09137941922252167,-0.2505130359077443,1732928400000,0.007338225777548322,0.01423616404704335,0.007927616757282282
LTCUSDT,1732949999999,LONG,-0.04397674521757963,0.14582157479719096,1732950000000,0.010230268250815043,0.004931462800126269,0.015014265659036456
LTCUSDT,1732967999999,SHORT,0.011577509157256628,-0.005030840089316774,1732968000000,0.0002947389125822134,-0.0030405594510242075,-0.00996978251093613
LTCUSDT,1732971599999,LONG,-0.005030840089316774,0.07312357986319434,1732971600000,-0.001770434218713114,0.009876382045169689,-0.003248194203907694
LTCUSDT,1732975199999,SHORT,0.07312357986319434,-0.05373711601049191,1732975200000,0.004638089924984069,-0.011258623990241322,-0
LTCUSDT,1732993199999,LONG,-0.38218162424340246,0.006481241295853156,1732993200000,-0.002242699979548949,-0.006939381802958802,-0.013631002915007307
LTCUSDT,1732996799999,SHORT,0.006481241295853156,-0.1368151406634635,1732996800000,0.0028354944443967343,-0.003897880592954177,0.009811695667531244
LTCUSDT,1734170399999,LONG,-0.20684533562061586,0.16162301675530028,1734170400000,-0.004962385615489906,-0.042520804746715234,-0.051195066126346764
LTCUSDT,1734177599999,SHORT,0.3188430482222375,-0.4962839686741885,1734177600000,0.015099009265368718,0.01276119405683966,0.027209156424032373
LTCUSDT,1734317999999,LONG,-0.4857041913822134,0.12428364294494558,1734318000000,-0.012129361956598531,-0.011133676510913947,-0.04624276772858398
LTCUSDT,1734505199999,SHORT,0.5139518107152341,-0.19875048621527966,1734505200000,-0.015790685906324122,-0.0173727670889754,0.003816960399884352
LTCUSDT,1735016399999,LONG,-0.4190240106714916,0.40575881700315486,1735016400000,-0.0008437632338585044,0.0034613440236781843,0.022424957496525042
LTCUSDT,1735034399999,SHORT,0.2586726543613757,-0.33670306626620894,1735034400000,0.0014015419252883332,-0.024897551621727302,-0.010033528989578005
LTCUSDT,1735282799999,LONG,-0.015663262045554783,0.27773537204853377,1735282800000,-0.018753570393927443,0.004300259863907458,-0.010396705123367777
LTCUSDT,1735286399999,SHORT,0.27773537204853377,-0.01026823412606697,1735286400000,-0.011929727826992085,-0.02247936053054859,-0.001170161030646297
LTCUSDT,1735289999999,LONG,-0.01026823412606697,0.027341614268316515,1735290000000,0.017773998725006436,0.006822029820993697,-0.01544844908045607
LTCUSDT,1735297199999,SHORT,0.09374241799169468,-0.09473169369452686,1735297200000,0.0004768944722936247,0.02686671066538969,0.048952282773850546
LTCUSDT,1735430399999,LONG,-0.02333765217031757,0.031186890932619935,1735430400000,-0.007878375329759563,0.00019864918619145075,-0.005478374177758447
LTCUSDT,1735433999999,SHORT,0.031186890932619935,-0.31937751520514795,1735434000000,0.0033094349013671424,-0.005491501993675382,-0.002999102517898466
LTCUSDT,1735459199999,LONG,-0.10810891902748707,0.0820180872832019,1735459200000,-0.0071642097467805735,-0.007363950085005728,-0.019320887313447953
LTCUSDT,1735469999999,SHORT,0.13015100103933191,-0.3026716918295295,1735470000000,0.003788260935556986,0.003988041177955545,0.030305349495328922
AVAXUSDT,1672606799999,LONG,-0.033962227337467815,0.08909327133268026,1672606800000,-0.00036798528474124575,-0.006274240918473405,0.02417200831863427
AVAXUSDT,1672617599999,SHORT,0.0928542678303331,-0.05648831134248933,1672617600000,0.005169878575420181,0.0019355736721763832,-0.0253661493572634
AVAXUSDT,1672621199999,LONG,-0.05648831134248933,0.1779397444354924,1672621200000,-0.0065001621757320065,0.004893597319345826,0.03206103383487334
AVAXUSDT,1672682399999,SHORT,0.7275852574551209,-0.19849839433351293,1672682400000,-0.0026888964843066183,-0.008401157643373505,-0.016290919770473887
AVAXUSDT,1672696799999,LONG,-0.41234545174212855,0.5318300940143914,1672696800000,-0.010107872632105126,-0.014161749631085225,0.0038196804157824074
AVAXUSDT,1672714799999,SHORT,0.06693593026981248,-0.08497172800009956,1672714800000,-0.0031479092415536867,-0.014043792691324646,-0.01484290483151869
AVAXUSDT,1672721999999,LONG,-0.015066405431457989,0.17484831716759291,1672722000000,0.012617903323046407,0.002233040988654714,0.013147564352378276
AVAXUSDT,1672736399999,SHORT,0.017633205177219537,-0.030869530891800768,1672736400000,-0.006225562618821446,-0.008351150169635791,-0.009677351681373883
AVAXUSDT,1672739999999,LONG,-0.030869530891800768,0.10636959927153836,1672740000000,0.003009917286549962,0.0061870446612222,0.005570059934056569
AVAXUSDT,1672783199999,SHORT,0.5639195270422592,-0.04228700937507348,1672783200000,-0.0007932660942183422,-0.015139208420424337,-0.04204512415703734
AVAXUSDT,1672786799999,LONG,-0.04228700937507348,0.268120567163752,1672786800000,0.0023760296301678866,0.028403351166166244,0.042434790182172694
AVAXUSDT,1672837199999,SHORT,0.08795550952284065,-0.1335232102456375,1672837200000,-0.006937422070491421,-0.017003776681114656,-0.018671694672656777
AVAXUSDT,1672851599999,LONG,-0.009012536608281881,0.007489754693382074,1672851600000,0.006572676434152192,0.002334501643857354,0.00922278150480634
AVAXUSDT,1672865999999,SHORT,0.05446095997869076,-0.01828318425586628,1672866000000,0.0035873729708240866,0.0005831146818564703,0.007271543595296301
AVAXUSDT,1672919999999,LONG,-0.5435736099917056,0.6664943972621692,1672920000000,-0.0014305552151462472,-0.010227025705507587,-0.012608586752907137
AVAXUSDT,1673002799999,SHORT,0.2188710012945539,-0.26420937392666377,1673002800000,-0.000524109026672277,-0.0019203916516373214,-0.027150989065950898
AVAXUSDT,1673193599999,LONG,-0.10387946961632558,0.022628745586611047,1673193600000,-0.00840694316702403,-0.005961644929289159,0.04677493956811342
AVAXUSDT,1673197199999,SHORT,0.022628745586611047,-0.07721661988172435,1673197200000,0.0019439637614058548,-0.009579905198085041,-0.04990332266029086
AVAXUSDT,1673200799999,LONG,-0.07721661988172435,0.2370517938667141,1673200800000,0.0005919912219908586,0.009513858331650265,0.051280605025254354
AVAXUSDT,1673204399999,SHORT,0.2370517938667141,-0.23146830753652636,1673204400000,-0.0037969922848838946,-0.013935752728057948,-0.04859288937910109
AVAXUSDT,1673207999999,LONG,-0.23146830753652636,0.11325369202131547,1673208000000,0.006965745088959192,0.01769662209088315,0.04664633408387035
AVAXUSDT,1673276399999,SHORT,0.0120303009217813,-0.1424655118858852,1673276400000,-0.003994572699996925,0.005941406478131181,0.025293177139081247
AVAXUSDT,1673513999999,LONG,-0.20200919051034627,0.34146370330397363,1673514000000,-0.0070754246682114596,-0.009031606825659384,-0.003174503006035473
AVAXUSDT,1673517599999,SHORT,0.34146370330397363,-0.03220920709269976,1673517600000,0.0073878273976750895,-0.014100227140508072,-0.00019539518738682753
AVAXUSDT,1673524799999,LONG,-0.030404993696354014,0.5525395296016437,1673524800000,0.007074110852624783,-0.016168929547892945,0.015199744666080463
AVAXUSDT,1673535599999,SHORT,0.665558473658113,-0.07150733212721666,1673535600000,-0.004955809767853063,-0.027153986232130334,-0.02420943969106537
AVAXUSDT,1673539199999,LONG,-0.07150733212721666,0.050746887112673285,1673539200000,-0.0012032087013078723,0.022981926749318347,0.03026745952779015
AVAXUSDT,1673560799999,SHORT,0.07538767815197767,-0.009314901030116323,1673560800000,0.004111069772564998,0.012516135998006916,-0.03380603613045369
AVAXUSDT,1673593199999,LONG,-0.2540563040234978,0.0018935393398887865,1673593200000,0.010987701029743422,0.02933099606764307,0.00815538500695309
AVAXUSDT,1673596799999,SHORT,0.0018935393398887865,-0.06460621930151822,1673596800000,-0.007175378341731991,-0.003722247912106581,-0.005769986517210145
AVAXUSDT,1674147599999,LONG,-0.03272637477578014,0.06790728542695461,1674147600000,-0.011357697468388203,0.011291843518599996,-0.00031202221851347735
AVAXUSDT,1674151199999,SHORT,0.06790728542695461,-0.08294582887768528,1674151200000,-0.00992221152096918,-0.014784457729003364,-0.006103142862847288
AVAXUSDT,1674161999999,LONG,-0.04875975884877683,0.16619251277676844,1674162000000,-0.008051573287548523,-0.007367770071894328,-0.016043124840575577
AVAXUSDT,1674190799999,SHORT,0.06718276147297357,-0.2574899871582879,1674190800000,0.005005641787193516,0.004315878474064448,-0.025632949933383217
AVAXUSDT,1674201599999,LONG,-0.16958123435967415,0.2170933171740047,1674201600000,-0.00018803472429963864,0.0015030062949685198,0.047607643830246765
AVAXUSDT,1674205199999,SHORT,0.2170933171740047,-0.3348226397351729,1674205200000,-0.0023160474814079854,-0.011526966473890338,-0.07814639622609684
AVAXUSDT,1674237599999,LONG,-0.1425596384725604,0.12196881724172101,1674237600000,0.0024811656046248225,0.05378654816329563,0.04339744398464079
AVAXUSDT,1674248399999,SHORT,0.042017395330622626,-0.1676806441649234,1674248400000,-0.009287367382279676,-0.004683307684091099,-0.003297946114104331
AVAXUSDT,1674251999999,LONG,-0.1676806441649234,0.012869508445490842,1674252000000,-0.0036241302933912338,-0.0006318389595307864,0.0077220460939103185
AVAXUSDT,1674255599999,SHORT,0.012869508445490842,-0.22233066146874347,1674255600000,-0.00820688126609987,0.0002881761352471479,0.012992468592518864
AVAXUSDT,1674266399999,LONG,-0.09791249018570305,0.07640668668030806,1674266400000,-0.0032228388853138977,-0.00969984510484207,-0.008887921381064954
AVAXUSDT,1674298799999,SHORT,0.08919487079952493,-0.1897108969797816,1674298800000,-0.0053575716317624785,-0.004660383595155921,0.0009931357614887573
AVAXUSDT,1674849599999,LONG,-0.6469797975070949,0.13367001338245546,1674849600000,0.010286720673501582,0.09768801049470356,0.06677349962892454
AVAXUSDT,1674860399999,SHORT,0.13832711876444037,-0.13664615715305417,1674860400000,-0.04377941302653537,-0.02681334134186516,0.0011329771414646857
AVAXUSDT,1674871199999,LONG,-0.15219810567193628,0.029540381821978823,1674871200000,-0.0016761251918717712,-0.007781766620411029,-0.02809568822583309
AVAXUSDT,1674881999999,SHORT,0.020094821346838234,-0.07250109227032694,1674882000000,0.0037543363312355278,0.02077643783193697,-0.004075278323826381
AVAXUSDT,1674896399999,LONG,-0.28865276055520694,0.18964889064846463,1674896400000,0.0026451154290892294,0.002498347981845477,0.005185667899730783
AVAXUSDT,1674935999999,SHORT,0.30758342871674327,-0.48159219689868793,1674936000000,0.017557462936971767,0.015364105490986211,0.022792180499495985
AVAXUSDT,1675403999999,LONG,-0.3811914481215709,0.2561044031904102,1675404000000,-0.006684579803023309,-0.008149850785769373,0.015641320649734416
AVAXUSDT,1675411199999,SHORT,0.04842069161399182,-0.11991720147161783,1675411200000,-0.002846166714260346,-0.013869455271664102,-0.008373000027387287
AVAXUSDT,1675436399999,LONG,-0.17077648141851032,0.013894342814034441,1675436400000,0.014285624857742171,0.0006090847518870938,-0.002627999072212048
AVAXUSDT,1675443599999,SHORT,0.024487410674229756,-0.268363671667697,1675443600000,-0.007231628029537331,0.011840550174213585,0.014810919410698769
AVAXUSDT,1675465199999,LONG,-0.3964402981148871,0.0926329865924704,1675465200000,0.0002807411584973914,-0.00412661781379191,-0.006525997949161707
AVAXUSDT,1675475999999,SHORT,0.10460804687405365,-0.05437116096213111,1675476000000,-0.0031533147672560243,0.005435695089287543,-0.012693676143680083
AVAXUSDT,1675814399999,LONG,-0.18930236778962117,0.054242942882581184,1675814400000,0.0037816277325247675,-0.0036997039197638718,-0.009977188438902948
AVAXUSDT,1675821599999,SHORT,0.04761410735307378,-0.542483922096721,1675821600000,0.006496497909103285,0.009784861044435742,0.010657123166032097
AVAXUSDT,1676224799999,LONG,-0.07445225506022833,0.08918456572341268,1676224800000,0.0026058646667817356,-0.03417151185819428,-0.046794440057281915
AVAXUSDT,1676239199999,SHORT,0.0594847065870868,-0.038325889256345586,1676239200000,-0.002135312117251049,0.022642906157951538,0.039236463966417424
AVAXUSDT,1676253599999,LONG,-0.20055177924148934,0.3315881318293551,1676253600000,0.002930447122530264,0.010133771203381232,0.001380103726818473
AVAXUSDT,1676289599999,SHORT,0.522138657323415,-0.6421654293631189,1676289600000,-0.016250249928977674,0.00034740316486272,-0.019605099122230202
AVAXUSDT,1676332799999,LONG,-0.049983605962023815,0.30251086559980855,1676332800000,-0.004608958626807047,-0.013315623777932394,0.00357011684555536
AVAXUSDT,1676365199999,SHORT,0.03714637497711934,-0.5409221353642881,1676365200000,-0.01615839204267271,-0.016837816822517584,-0.039335827692374724
AVAXUSDT,1676465999999,LONG,-0.07663055595018349,0.22909691270093097,1676466000000,-0.007404438639443425,-0.003992667438504083,0.06957066658674342
AVAXUSDT,1676541599999,SHORT,0.10746447628438274,-0.2706374939368583,1676541600000,0.006594702850141854,0.024636166616992715,0.02494477684472752
AVAXUSDT,1676681999999,LONG,-0.2702563287290003,0.1874180857119424,1676682000000,0.008540977187332901,0.006869032529329198,0.004584593634490567
AVAXUSDT,1676703599999,SHORT,0.1690308880213156,-0.06254451051602627,1676703600000,0.0058904349467477106,0.015408468115752378,0.007827629679803624
AVAXUSDT,1676876399999,LONG,-0.09288995775015378,0.20959639222104412,1676876400000,0.003342621496689707,0.0011154490838656155,0.013351848027195514
AVAXUSDT,1676955599999,SHORT,0.21779831972021693,-0.9768765391337881,1676955600000,-0.003158025216619683,0.01693084241180672,0.0024848364754927466
AVAXUSDT,1677005999999,LONG,-0.056391476761401285,0.03535751706660982,1677006000000,-0.010723076837760035,-0.018829553923309962,-0.029902797876380154
AVAXUSDT,1677009599999,SHORT,0.03535751706660982,-0.3037691125397034,1677009600000,-0.005210071938032154,0.0029962212984108857,0.004760100381817727
AVAXUSDT,1677290399999,LONG,-1.3006101616510797,0.037786484616104773,1677290400000,-0.010736299447255813,-0.008810629682154807,-0.009690475765859657
AVAXUSDT,1677293999999,SHORT,0.037786484616104773,-0.01687757394837588,1677294000000,-0.00016520278679609438,-0.009045866348472377,-0.0008257411495585541
AVAXUSDT,1677297599999,LONG,-0.01687757394837588,0.05622819400245648,1677297600000,0.006202506368205581,0.004669183686761712,-0.001598016595748069
AVAXUSDT,1677376799999,SHORT,0.5740977034379834,-0.023491259101019388,1677376800000,-0.0064570221560456675,-0.004123946994878134,-0.012210841626159541
AVAXUSDT,1677380399999,LONG,-0.023491259101019388,0.16396576867717705,1677380400000,0.0011644995354815027,0.0006101450670467852,0.0033235503921744142
AVAXUSDT,1677387599999,SHORT,0.10794555458076101,-0.03172168876741061,1677387600000,0.00022243229808652197,-0.0025544216466439375,-0.005765941571910722
AVAXUSDT,1677416399999,LONG,-0.20887972554560927,0.007313905018857965,1677416400000,0.005143674403067072,0.0030451536417830383,0.017098192729530337
AVAXUSDT,1677427199999,SHORT,0.04844016907508327,-0.03736271367321255,1677427200000,0.0034216368923427436,-0.016447110083733462,-0.006863068089184417
AVAXUSDT,1677434399999,LONG,-0.08845185600862922,0.07955831119068496,1677434400000,0.012371517545327981,0.01579310947815987,-0.004029036551124474
AVAXUSDT,1677463199999,SHORT,0.15346320533401964,-0.15146717958515118,1677463200000,0.0024573391205150556,0.013894833208114594,-0.005167970158442598
AVAXUSDT,1677509999999,LONG,-0.07056001522638972,0.017213577975842154,1677510000000,-0.011400774951372797,-0.03644561992045632,-0.042172433618126386
AVAXUSDT,1677513599999,SHORT,0.017213577975842154,-0.03347084838982733,1677513600000,0.009821483025549953,0.023925775917651385,0.028184917079298315
AVAXUSDT,1677535199999,LONG,-0.09719325643906616,0.14799544610060608,1677535200000,0.005647679059479649,-0.003145186529827696,-0.023891049780325017
AVAXUSDT,1677545999999,SHORT,0.27659365211635184,-0.15834739382821306,1677546000000,0.0006748018025843619,0.004620247119052959,0.00852462327714366
AVAXUSDT,1677668399999,LONG,-0.07036295574437156,0.0025025506712116866,1677668400000,-0.0015188594599948578,-0.005919679020299842,-0.008410763363474981
AVAXUSDT,1677671999999,SHORT,0.0025025506712116866,-0.039056717846827085,1677672000000,0.000844856283884557,0.0018032237501958207,-0.00016888563667797184
AVAXUSDT,1677715199999,LONG,-0.0662377837796078,0.08719637459219623,1677715200000,-0.005531424613229091,-0.01874948397136299,-0.025540095321899572
AVAXUSDT,1677725999999,SHORT,0.006925554853444322,-0.03474107478649587,1677726000000,0.0016618438826491455,0.01814239730885135,0.01273462137390706
AVAXUSDT,1677898799999,LONG,-0.24719247547250628,0.2984253997226471,1677898800000,0.0026913087025972867,0.0029898963850883177,-0.001018604599890292
AVAXUSDT,1677927599999,SHORT,0.4089138226703753,-0.2234878496407918,1677927600000,-0.002093364800463101,0.0012581255591193306,0.03969502032636748
AVAXUSDT,1678147199999,LONG,-0.389911377096111,0.48252706773475185,1678147200000,-0.0015765222765632752,0.0025414512045509405,-0.01970205677040795
AVAXUSDT,1678190399999,SHORT,0.05012816105061459,-0.00498279904963365,1678190400000,-0.00542307362243368,-0.0006794947291741322,0.0011128973573520243
AVAXUSDT,1678334399999,LONG,-0.9198702505385085,0.04797300237470037,1678334400000,-0.0003256374381570182,-0.00313050539361179,0.007589799983706959
AVAXUSDT,1678341599999,SHORT,0.03777759703608749,-0.024580168583615537,1678341600000,-0.004810827117516117,-0.0003257859615065166,-0.0006514658210861205
AVAXUSDT,1678348799999,LONG,-0.018739762998787636,0.08545413023882388,1678348800000,0.0024139630055294717,0.009879833370513427,-0.028826168468835518
AVAXUSDT,1678359599999,SHORT,0.029867738680941103,-0.41240441805640843,1678359600000,-0.004277942743993817,-0.012971689743887316,0.07784743581653054
AVAXUSDT,1678489199999,LONG,-0.6974788491087104,0.050411249698665936,1678489200000,-0.004791640684700704,-0.0002019997986870776,-0.039832224399764256
AVAXUSDT,1678496399999,SHORT,0.06250841327036148,-0.2747317133790303,1678496400000,-0.022923255759048113,0.013653021144113722,0.04209690455172593
AVAXUSDT,1678618799999,LONG,-0.42345521272989756,0.003588801977375284,1678618800000,-0.00076127205309807,-0.010011903139570648,0.10129831551626266
AVAXUSDT,1678636799999,SHORT,0.25932437904479794,-0.32801384924557714,1678636800000,-0.004816595120420262,-0.03140970376914606,-0.11389581456146369
AVAXUSDT,1678654799999,LONG,-0.2134900166556309,0.1007197985596055,1678654800000,0.01725420230915915,0.06933122371484522,0.036633658906834794
AVAXUSDT,1678708799999,SHORT,0.10785062584572529,-0.15885480405063407,1678708800000,0.00025489071698570396,-0.047591004955006816,-0.047651756451031146
AVAXUSDT,1678719599999,LONG,-0.06637427720291131,0.062267863777316135,1678719600000,0.00866440224231531,0.009635983567225686,0.001836772695422359
AVAXUSDT,1678751999999,SHORT,0.05138423707274437,-0.3487564431575588,1678752000000,0.004078284253840626,0.0006684289131688277,0.009460231071312213
AVAXUSDT,1679108399999,LONG,-0.007341949915122874,0.0017435488502590372,1679108400000,0.006260501163178293,-0.0047775714064782265,-0.01645173776564008
AVAXUSDT,1679111999999,SHORT,0.0017435488502590372,-0.5562761472081774,1679112000000,0.012219883001152947,0.013009772457704245,0.03521071281736978
AVAXUSDT,1679450399999,LONG,-0.014819571398825336,0.12266898988632588,1679450400000,0.00581413720855725,0.013647000789050425,0.004320656547248778
AVAXUSDT,1679482799999,SHORT,0.038944751338347544,-0.03915365537246675,1679482800000,0.001491681286349893,-0.01609406628020827,0.04107762160235017
AVAXUSDT,1679615999999,LONG,-0.43221613151311317,0.34089828028107116,1679616000000,-0.0011411618264533239,-0.0036563112031105433,-0.022141125877213518
AVAXUSDT,1679633999999,SHORT,0.6699157639352274,-0.3554383797798596,1679634000000,-0.0017270167207682314,0.011706885367874665,0.016674315153908513
AVAXUSDT,1679857199999,LONG,-0.19718717868269287,0.022724835830340923,1679857200000,0.00017574177720160481,0.0027497457723745992,-0.016599607310851344
AVAXUSDT,1679864399999,SHORT,0.13207845391105943,-0.04643592113247532,1679864400000,0.0004695386868751934,-0.0018759531823504183,0.018357831825812392
AVAXUSDT,1680062399999,LONG,-0.08622947914607497,0.1841527436984388,1680062400000,0.008605649714045767,0.024900483031143835,0.026933299180565102
AVAXUSDT,1680094799999,SHORT,0.131388994624979,-0.2722549455416276,1680094800000,-0.00017394833778247592,0.007625404392941155,0.0065741866356796835
AVAXUSDT,1680292799999,LONG,-0.041735030423997725,0.24727612356991951,1680292800000,-0.0062838101982937425,-0.001129305597151414,-0.0034483767459476834
AVAXUSDT,1680296399999,SHORT,0.24727612356991951,-0.03377278245509008,1680296400000,-0.006114495639659235,-0.007129953246944104,-0.003514742847277388
AVAXUSDT,1680299999999,LONG,-0.03377278245509008,0.3172868118697273,1680300000000,-0.00005644455734839565,0.005965127423413916,-0.002147136094414306
AVAXUSDT,1680310799999,SHORT,0.0536473252030954,-0.08056976848694113,1680310800000,-0.004949669816129032,-0.0048374489653772,0.0039548074144766104
AVAXUSDT,1680670799999,LONG,-0.3235711298831021,0.038542141149635015,1680670800000,0.007181954521184066,0.008667144155828754,-0.017675815381903028
AVAXUSDT,1680721199999,SHORT,0.12465388945553442,-0.000821513212527426,1680721200000,-0.008759180089881774,-0.013444074325106529,-0.004950505159856205
AVAXUSDT,1681117199999,LONG,-0.13682689330237766,0.2715436149462308,1681117200000,0.0039779560327002665,-0.004794529732451257,0.008335507988858225
AVAXUSDT,1681142399999,SHORT,0.19028735686628806,-0.004305525205114738,1681142400000,-0.012055875333527297,-0.015216327199478406,-0.03109233844128183
AVAXUSDT,1681145999999,LONG,-0.004305525205114738,0.054819202664215895,1681146000000,0.008274511763050057,0.0009604249205817154,0.030065731937302834
AVAXUSDT,1681250399999,SHORT,0.7614334917874251,-0.08090541452757741,1681250400000,0.0015398155264191853,0.010606662248214037,0.00872018330002152
AVAXUSDT,1681736399999,LONG,-0.09315195395653975,0.027756202122719717,1681736400000,0.013776883378038035,0.002732307622229792,-0.012412919891035728
AVAXUSDT,1681747199999,SHORT,0.07036243596002205,-0.1265590368436257,1681747200000,-0.007109945400931822,0.002558472105936325,-0.00648744436328001
AVAXUSDT,1681750799999,LONG,-0.1265590368436257,0.08542504448116069,1681750800000,-0.014660049406651292,-0.01194331557639894,-0.002780442826741535
AVAXUSDT,1681757999999,SHORT,0.11866484312728365,-0.4880475196744133,1681758000000,-0.0016931528123939681,-0.0023213087123463076,-0.03730268807458206
AVAXUSDT,1682135999999,LONG,-0.6539502848233048,0.060007766693254805,1682136000000,0.006608017963623112,-0.005589400601748127,0.010563581262056716
AVAXUSDT,1682222399999,SHORT,0.31465922386940515,-0.34532549049829797,1682222400000,0.0001759685607380292,-0.006955228365549206,0.01025770946743349
AVAXUSDT,1682805599999,LONG,-0.10280468977795644,0.06347016422985194,1682805600000,-0.003097398369418207,-0.011520201135438281,-0.0009167479012528981
AVAXUSDT,1682809199999,SHORT,0.06347016422985194,-0.052301275408871105,1682809200000,-0.004184946056817237,0.0061659226668389295,-0.0006317300999756813
AVAXUSDT,1682830799999,LONG,-0.4491177376381751,0.20033516632011097,1682830800000,0.0048362118557517065,0.004778775251387963,0.01994180873978375
AVAXUSDT,1682859599999,SHORT,0.09734354635428875,-0.0458097287230698,1682859600000,-0.0027646602104238545,-0.019307162822044775,0.009038300230584
AVAXUSDT,1682877599999,LONG,-0.08770364603938527,0.018527559059049018,1682877600000,-0.002673874441906752,-0.02211653463245846,-0.03521307355230412
AVAXUSDT,1682881199999,SHORT,0.018527559059049018,-0.0320747431954877,1682881200000,0.013246745873121893,0.01862979363008754,0.027842149610528298
AVAXUSDT,1683053999999,LONG,-0.08504601258795615,0.20206844000730176,1683054000000,0.0011250260238622072,-0.00017775144469846108,-0.008388662096108484
AVAXUSDT,1683064799999,SHORT,0.34198151417241995,-0.3064479744570694,1683064800000,-0.0005927331096426105,0.008275580822578076,0.010250387723904974
AVAXUSDT,1683313199999,LONG,-0.1821774196637072,0.00408387697850122,1683313200000,0.008966594654573157,0.009139350982203474,-0.00565253100266946
AVAXUSDT,1683323999999,SHORT,0.04548251112371766,-0.23938656198706876,1683324000000,-0.0008064516566105101,0.006359138090372345,0.02078737985580184
AVAXUSDT,1683496799999,LONG,-0.0717331985041581,0.15901861702146558,1683496800000,-0.0010275318985612247,-0.04352404488177865,-0.04383959188512273
AVAXUSDT,1683500399999,SHORT,0.15901861702146558,-0.03971475139432904,1683500400000,0.008076067819536532,0.035080520267010785,0.0382172856997
AVAXUSDT,1683795599999,LONG,-0.055375283842536455,0.026932743860732862,1683795600000,0.0018997090643276954,0.00013113034374934653,-0.017995854487464862
AVAXUSDT,1683838799999,SHORT,0.131854813739095,-0.14259916507834808,1683838800000,0.0007346312147933615,0.0012692476402506793,0.0032096316420550525
AVAXUSDT,1683946799999,LONG,-0.14516309987852388,0.3558528210288509,1683946800000,0.001392250034284372,-0.0009956524004616327,-0.007926241250668344
AVAXUSDT,1684040399999,SHORT,0.017334726729151925,-0.0032041058223460637,1684040400000,-0.00020060851316064466,-0.0004680239446246104,-0.004270944096436989
AVAXUSDT,1684043999999,LONG,-0.0032041058223460637,0.22783439559056265,1684044000000,-0.00006686056232234927,0.0020037409856695845,0.0018702830914368422
AVAXUSDT,1684051199999,SHORT,0.19380959422119462,-0.39668906639646323,1684051200000,-0.000267415431464022,-0.0008020318569211311,0.003415829984832475
AVAXUSDT,1684137599999,LONG,-0.06302495428708471,0.3230646102567555,1684137600000,0.004052822909165178,-0.0019013282239873461,-0.005253837526672399
AVAXUSDT,1684169999999,SHORT,0.15301714084183857,-0.048165646898651916,1684170000000,-0.0007872466456574828,0.006056236008017112,0.01888161033395591
AVAXUSDT,1684177199999,LONG,-0.09565505479227428,0.1519228839421961,1684177200000,-0.0015133075230687088,-0.0021719822932928317,-0.017977863211021284
AVAXUSDT,1684184399999,SHORT,0.0918839548400717,-0.06473514432363656,1684184400000,-0.0032301686018293067,0.006558269341170793,0.008420962801508355
AVAXUSDT,1684288799999,LONG,-0.2522792344015006,0.1834885095083498,1684288800000,-0.004202387533955404,-0.006008831005155012,-0.019424611819664758
AVAXUSDT,1684306799999,SHORT,0.1334829833865305,-0.16053550757427373,1684306800000,0.00719500128420067,0.0048357942312701975,-0.003678318810407512
AVAXUSDT,1684367999999,LONG,-0.13825194648429442,0.3240757102107856,1684368000000,-0.0038309161779121258,-0.0007254262196979979,-0.00980464959361786
AVAXUSDT,1684375199999,SHORT,0.21664489065474396,-0.2518984814962779,1684375200000,-0.003772465508427775,0.0013934510068003324,0.011940241247012158
AVAXUSDT,1684378799999,LONG,-0.2518984814962779,0.30125167011147186,1684378800000,0.0012542497600957327,-0.011225997198204649,-0.016584348933823982
AVAXUSDT,1684425599999,SHORT,0.04265499154334257,-0.1748208539826987,1684425600000,-0.0004721276181180878,0.017146776500005262,0.011534935875834634
AVAXUSDT,1684652399999,LONG,-0.03966823318040828,0.11094492087169634,1684652400000,-0.00020520537710099084,-0.00651870425132457,-0.021779821749108873
AVAXUSDT,1684706399999,SHORT,0.4396858362501056,-0.102004241109556,1684706400000,-0.0015367424091616163,0.006944715926455349,-0.014504574353871586
AVAXUSDT,1684781999999,LONG,-0.048118654690480746,0.03345868044709415,1684782000000,-0.00020436663445210385,0.00013622122347722442,0.007532353327500527
AVAXUSDT,1684785599999,SHORT,0.03345868044709415,-0.18568086994867572,1684785600000,-0.00414726773174973,0.00047701796536413134,-0.007871919042804884
AVAXUSDT,1684789199999,LONG,-0.18568086994867572,0.41934567897776626,1684789200000,-0.0025813478092946763,-0.007695750856239255,0.004129859293861091
AVAXUSDT,1684868399999,SHORT,0.27326433697501823,-0.19399755721478826,1684868400000,-0.0022520226530804367,-0.005450718680166055,0.02015112006848175
AVAXUSDT,1685051999999,LONG,-0.021972623847545412,0.006991280063534745,1685052000000,0.0010653788429128021,-0.004487027221280124,0.0017040617585668194
AVAXUSDT,1685069999999,SHORT,0.2167304096842295,-0.18275670706874642,1685070000000,-0.0030562588202067403,-0.0003558592258470989,-0.013012913470773189
AVAXUSDT,1685127599999,LONG,-0.2441493055711914,0.035946984935762434,1685127600000,0.006847427537196418,0.005105084691289441,0.012541096577744451
AVAXUSDT,1685264399999,SHORT,0.08533023123119761,-0.01956364322272041,1685264400000,0.003305788134499544,0.0018581609558318843,-0.012164436201391042
AVAXUSDT,1685678399999,LONG,-0.03330331087079483,0.029363361590213344,1685678400000,0.0018921481520379623,0.005386700212625194,0.014692322918999717
AVAXUSDT,1685692799999,SHORT,0.24894675900331636,-0.20402461044021628,1685692800000,-0.006190247553489239,-0.007645297177951106,-0.01213565047957721
AVAXUSDT,1685696399999,LONG,-0.20402461044021628,0.5839403067389615,1685696400000,0.001662741134087209,0.00006933610680534192,0.003599117949368071
AVAXUSDT,1685782799999,SHORT,0.8076043828984576,-0.04951795616251233,1685782800000,-0.0018570107472129108,-0.0009633249213967781,-0.00034415115458237214
AVAXUSDT,1685786399999,LONG,-0.04951795616251233,0.06197702788123988,1685786400000,-0.00034363080644665494,-0.00268345707524402,-0.002201280382588785
AVAXUSDT,1685818799999,SHORT,0.10095639533059154,-0.2110008119788232,1685818800000,-0,-0.0059196208104037315,-0.01391720265682101
AVAXUSDT,1685833199999,LONG,-0.17139453426513834,0.09451932991596765,1685833200000,0.0002744802048386432,0.002878291460797808,0.013090798520233437
AVAXUSDT,1685840399999,SHORT,0.018899719814558305,-0.015995491248691564,1685840400000,-0.004876215836226187,-0.007749584441060486,-0.015168369530828802
AVAXUSDT,1685843999999,LONG,-0.015995491248691564,0.2629776792879692,1685844000000,0.0011640249183139596,0.002736728582759121,0.010359961797696911
AVAXUSDT,1685851199999,SHORT,0.13407396618762898,-0.5361893115527362,1685851200000,-0.0015040681033297177,-0.006138754698324842,-0.012172466776467444
AVAXUSDT,1686103199999,LONG,-0.053915660650018515,0.06074138471749807,1686103200000,0.0020655474157404113,0.004401355018011501,-0.009417699964453432
AVAXUSDT,1686110399999,SHORT,0.07621639665483897,-0.1003558187686436,1686110400000,-0.0018452081093992092,0.005143515094355776,0.03820611072336021
AVAXUSDT,1686117599999,LONG,-0.14298867940322815,0.018561254970402417,1686117600000,-0.003092467158888711,-0.014444426816837493,-0.03193021343506683
AVAXUSDT,1686149999999,SHORT,0.13777575801125969,-0.008879381261059261,1686150000000,0.004042702055485595,0.0024804236522302336,0.01131805511619041
AVAXUSDT,1686463199999,LONG,-0.778235118163778,0.10930469549407922,1686463200000,0.0028398108667823403,0.0006891799032259499,0.003527037077146702
AVAXUSDT,1686484799999,SHORT,0.025666652834901327,-0.16741786672159334,1686484800000,0.004206556402544335,0.018154025537653714,0.009295186987123715
AVAXUSDT,1686495599999,LONG,-0.1978783854308036,0.3689582313919234,1686495600000,-0.007301205836846343,0.008537110445209526,-0.0219769822188326
AVAXUSDT,1686520799999,SHORT,0.030062726027235316,-0.2693098002551271,1686520800000,0.0062993693229496115,0.011071819701816896,0.009941728739628728
AVAXUSDT,1686607199999,LONG,-0.23198212488205588,0.3017344084519573,1686607200000,-0.0012990951465431673,0.003283507659307393,0.017672245111407078
AVAXUSDT,1686689999999,SHORT,0.18202125004745578,-0.3433106512722478,1686690000000,-0.0007679508888870585,-0.00739893667521805,-0.009684071603840966
AVAXUSDT,1686747599999,LONG,-0.07653719862851796,0.09509434740624993,1686747600000,-0.0036142085990583197,-0.004203806426203537,-0.042767561272707484
AVAXUSDT,1686751199999,SHORT,0.09509434740624993,-0.06529255900305271,1686751200000,-0.0026066863614265,-0.0006733440200539532,0.043185791955089224
AVAXUSDT,1686754799999,LONG,-0.06529255900305271,0.11743046615362689,1686754800000,-0.0015127324508394104,-0.004123370170871732,-0.040706532593697116
AVAXUSDT,1686765599999,SHORT,0.05723795501796875,-0.29660384154280905,1686765600000,0.002190027829499128,0.044210846169571445,0.03754941387581809
AVAXUSDT,1686815999999,LONG,-0.01026155783004709,0.06288734904451523,1686816000000,-0.013534917329266894,0.0008899172964280751,0.019222882716793354
AVAXUSDT,1686819599999,SHORT,0.06288734904451523,-0.02662556833638003,1686819600000,-0.001442871564238137,-0.010771130075414125,-0.03493882599242052
AVAXUSDT,1686884399999,LONG,-0.44175220107306246,0.8040900671073465,1686884400000,0.00182966724970099,0.002438813158977331,-0.007088814527277287
AVAXUSDT,1686970799999,SHORT,0.4674448496663774,-0.6078678157535075,1686970800000,0.004075091259513053,-0.014517284548719084,-0.011528001031377685
AVAXUSDT,1686995999999,LONG,-0.10024900168863286,0.034985957299724556,1686996000000,0.003915565098000637,0.003065658536556366,-0.006417134320633429
AVAXUSDT,1687006799999,SHORT,0.05708056296912282,-0.059977339027737164,1687006800000,0.000255047822849122,0.003064875547452931,0.02304487191502469
AVAXUSDT,1687222799999,LONG,-0.010741219747659556,0.1682086815828055,1687222800000,-0.0021719308307783305,-0.004784490010754016,-0.013278783389291587
AVAXUSDT,1687442399999,SHORT,0.03529946672186893,-0.1598376177884333,1687442400000,0.016104162918530503,0.0015521927835081733,0.015395138585049874
AVAXUSDT,1687478399999,LONG,-0.8744968435017418,0.08312192895707682,1687478400000,0.0058322990040538215,0.010301667795557566,0.01420578769162615
AVAXUSDT,1687611599999,SHORT,0.1677921149791896,-0.2380091908762134,1687611600000,0.004661300611257544,0.01916548945622879,0.007499269917748652
AVAXUSDT,1687708799999,LONG,-0.05579990925334859,0.003200997266081686,1687708800000,0.006416495938345255,0.004555476307169193,-0.000524089406672678
AVAXUSDT,1687712399999,SHORT,0.003200997266081686,-0.07343370334126476,1687712400000,0.0035762219607690915,0.004621700362322069,0.0076897612865613205
AVAXUSDT,1687726799999,LONG,-0.0456158738480532,0.10158140966649598,1687726800000,0.006257003653667488,-0.007575509695715413,0.007889293673305256
AVAXUSDT,1687730399999,SHORT,0.10158140966649598,-0.2443468277204641,1687730400000,0.001486326076244121,0.018437155699548805,0.0024536240422129174
AVAXUSDT,1687773599999,LONG,-0.19444787759344864,0.003555428269674664,1687773600000,0.0030475364575918876,0.01514564801758495,-0.03191921255953739
AVAXUSDT,1687777199999,SHORT,0.003555428269674664,-0.03824096006623052,1687777200000,-0.004812150689068101,-0.004516686068806688,0.025251210135375766
AVAXUSDT,1687787999999,LONG,-0.31467975855988806,0.18977978477076374,1687788000000,-0.007507211234593734,-0.03499443137037802,-0.027203461210317748
AVAXUSDT,1687805999999,SHORT,0.19240441447046014,-0.0038383849972154663,1687806000000,-0.002340065230880329,0.007053231621650381,-0.002340065230880329
AVAXUSDT,1687809599999,LONG,-0.0038383849972154663,0.1648988705985949,1687809600000,-0.012824093493316244,-0.008632493407434038,0.00623851096919907
AVAXUSDT,1687813199999,SHORT,0.1648988705985949,-0.2030703199034902,1687813200000,0.00628258272427738,-0.005635963128590429,-0.013503467209495945
AVAXUSDT,1687827599999,LONG,-0.004417495258006522,0.018421181500189086,1687827600000,0.007942853513936731,0.005830920310793144,0.01739174271186924
AVAXUSDT,1687831199999,SHORT,0.018421181500189086,-0.08565620262455756,1687831200000,-0.0035353002333182305,0.003245408335565983,-0.007357390545873136
AVAXUSDT,1688068799999,LONG,-0.025950620737324348,0.12507166358407423,1688068800000,-0.010022575315896919,-0.0055907858527093155,0.026194926148302697
AVAXUSDT,1688090399999,SHORT,0.06652927384419503,-0.03336086563340651,1688090400000,-0.014714204581948246,-0.03471333279157544,0.006010298836160266
AVAXUSDT,1688093999999,LONG,-0.03336086563340651,0.006402934017394819,1688094000000,0.011356296482954845,0.008741111545049366,-0.020724503418108452
AVAXUSDT,1688097599999,SHORT,0.006402934017394819,-0.05340276226177738,1688097600000,-0.005668341488738534,-0.004216019429527354,0.03231879125516752
AVAXUSDT,1688111999999,LONG,-0.03791917726064732,0.31691552219711805,1688112000000,0.00944121524868789,0.011560822401076006,-0.013632898784338987
AVAXUSDT,1688165999999,SHORT,0.4935134729143871,-0.2378210800821324,1688166000000,-0.0005376137758610843,-0.001381851901141816,0.007170147522071546
AVAXUSDT,1688353199999,LONG,-0.5017709646403783,0.07178880977804085,1688353200000,0.0076462141640584996,-0.007705129523808713,-0.01051486672559705
AVAXUSDT,1688363999999,SHORT,0.3020787499896075,-0.03926702289018366,1688364000000,0.005067897840473159,0.0024172847546487714,0.004385640299700067
AVAXUSDT,1688371199999,LONG,-0.04431635544588561,0.5767282503884389,1688371200000,0.0038347353281749184,-0.0029423990446685593,0.003008878454778791
AVAXUSDT,1688385599999,SHORT,0.24557194705500232,-0.19306747785732079,1688385600000,0.0030266366930308012,-0.0033187539889219225,-0.0009062075835380904
AVAXUSDT,1688774399999,LONG,-0.11606931449085894,0.010992407642545858,1688774400000,0.012490404381780834,0.04628075256400618,0.06198223226151904
AVAXUSDT,1688979599999,SHORT,0.13804870683271236,-0.7200697259387642,1688979600000,0.0010554886383997355,0.000527605062173108,-0.01836694904657838
AVAXUSDT,1689289199999,LONG,-0.10308355530588395,0.09022073480536358,1689289200000,0.00946659975430992,0.04447974647076524,0.0896836715441532
AVAXUSDT,1689339599999,SHORT,0.023854859068431336,-0.3190081363126777,1689339600000,-0.007593150313552269,-0.019584867502410074,0.04022259472318381
AVAXUSDT,1689404399999,LONG,-0.8420234636833317,0.39267369296070076,1689404400000,0.005174221132986806,0.004973128529165392,0.017762219115075892
AVAXUSDT,1689458399999,SHORT,1.0852850692408,-0.17299657932055168,1689458400000,-0.0050756377364764805,0.00149375367264514,0.006944472352811046
AVAXUSDT,1691139599999,LONG,-0.055088112762635914,0.16241468595579447,1691139600000,0.0036108364207032037,0.006969227551021488,-0.007180055855155936
AVAXUSDT,1691179199999,SHORT,0.1905427758567778,-0.568582889744684,1691179200000,0.004604394418360266,0.0007256016765327299,0.006062829290386602
AVAXUSDT,1691297999999,LONG,-0.07981615138661038,0.09344231889235248,1691298000000,-0.0001584283906989275,0.001741057736415808,-0.003173346574144223
AVAXUSDT,1691301599999,SHORT,0.09344231889235248,-0.03249335197221498,1691301600000,0.003809830784921687,0.0004754358251202874,0.0029354616659827072
AVAXUSDT,1691308799999,LONG,-0.12359989400368528,0.12458754655637753,1691308800000,0.005073336288008569,0.0017468640300522921,-0.00047694754481238875
AVAXUSDT,1691434799999,SHORT,0.08050346514537747,-0.14697084426946638,1691434800000,-0.002653054577032403,-0,-0.006179546970973504
AVAXUSDT,1691438399999,LONG,-0.14697084426946638,0.015616014885272513,1691438400000,-0.0016874928669980368,0.0008025682613773624,0.0009630046486941748
AVAXUSDT,1691441999999,SHORT,0.015616014885272513,-0.459681421982884,1691442000000,0.001851479699761639,-0.004173360792406739,-0.0021691111135848
AVAXUSDT,1691510399999,LONG,-0.1884760590154977,0.09044758653727779,1691510400000,0.004357305368955626,0.004673460920118914,0.0021414133574742776
AVAXUSDT,1691549999999,SHORT,0.16036963766969153,-0.09432888730232347,1691550000000,-0.0015064423066930297,-0.0041965301699434954,-0.0021400555070450436
AVAXUSDT,1691553599999,LONG,-0.09432888730232347,0.05841128480440657,1691553600000,0.002532047562644675,0.006003177586210402,0.0006336132003519345
AVAXUSDT,1691582399999,SHORT,0.4929575348023921,-0.2485405762574358,1691582400000,-0.00793000661732582,0.004424086849305543,0.004661644755162044
AVAXUSDT,1692928799999,LONG,-0.21948508242265286,0.19787669685177306,1692928800000,-0.0026800353527046705,-0.008561525665906341,-0.013673550029593215
AVAXUSDT,1692935999999,SHORT,0.20442431705791372,-0.4988614532205423,1692936000000,0.007423790114475349,0.0007999200506531314,0.0040060143709387585
AVAXUSDT,1693054799999,LONG,-0.039771713372297034,0.020566725569162142,1693054800000,-0.0009960160185962168,-0.0028911839091550298,0.004271600395720625
AVAXUSDT,1693213199999,SHORT,0.018591538798945685,-0.6106164680989294,1693213200000,0.0008996851708975738,-0.017629455297802896,-0.027982121254887835
AVAXUSDT,1693267199999,LONG,-0.019104612617520243,0.10208856673896187,1693267200000,0.008262921724623775,0.014177840705950828,-0.0021247834920763153
AVAXUSDT,1693357199999,SHORT,0.11951745206315778,-0.3017063932395659,1693357200000,0.0029898181666227416,0.005425644741044372,0.01997616600274424
AVAXUSDT,1693465199999,LONG,-0.2842392988564487,0.8649454450152427,1693465200000,-0.00443673567300323,0.0025950324524901323,-0.03306894944722655
AVAXUSDT,1693501199999,SHORT,0.06588423139443414,-0.06936001481180396,1693501200000,-0.005600014634735637,-0.0025038823237321954,-0.0031038823417323526
AVAXUSDT,1693745999999,LONG,-0.04809913288022179,0.011490768523265192,1693746000000,0.00020210186002506865,-0.004659651866963692,0.0005051780860153327
AVAXUSDT,1693749599999,SHORT,0.011490768523265192,-0.0330231163737872,1693749600000,0.0008086526267003686,0.0034412989426976454,-0.00020206102311614253
AVAXUSDT,1693763999999,LONG,-0.17489178839637115,0.03072186653045146,1693764000000,0.002430627082833127,-0.0019284451548601152,0.0015198341240558802
AVAXUSDT,1693868399999,SHORT,0.04338783400351781,-0.3996860772739723,1693868400000,-0.006651341993865843,0.003599901033470165,-0.01234646569574835
AVAXUSDT,1693911599999,LONG,-0.0941154846716263,0.04110897308999002,1693911600000,-0.00010140445174221747,0.0013173229852511757,0.0046535238251786265
AVAXUSDT,1694069999999,SHORT,0.13408479564611817,-0.25772679506932294,1694070000000,-0.00030137124141906436,0.003926113665544357,0.00020096463090132357
AVAXUSDT,1694203199999,LONG,-0.5112818746369272,0.09648404258799825,1694203200000,-0.0023231160389877215,0.0007059654370154013,-0.0031324231140156364
AVAXUSDT,1694206799999,SHORT,0.09648404258799825,-0.14426353193911326,1694206800000,-0.0006066734260897282,0.0021262601034494483,0.0003034747886323182
AVAXUSDT,1694213999999,LONG,-0.18021731068289254,0.04576714756312535,1694214000000,0.0006050827130963872,-0.0001008827239190869,-0.002120677391590757
AVAXUSDT,1694221199999,SHORT,0.04516773450911414,-0.4015834418143975,1694221200000,-0.003743238727619285,-0.002025112073220948,-0.0017216065825003484
AVAXUSDT,1694433599999,LONG,-0.13533593799224544,0.08138572768505312,1694433600000,0.008991015450493193,0.00974561043051352,0.004018032228823094
AVAXUSDT,1694437199999,SHORT,0.08138572768505312,-0.40758723934154933,1694437200000,0.004863559978737999,0.0037807228399060443,-0.0016159443322481858
AVAXUSDT,1694512799999,LONG,-0.12640676149408173,0.2730638020226783,1694512800000,0.011013560441772631,0.0008515168156877,-0.013292081217922242
AVAXUSDT,1694591999999,SHORT,0.06783294835025121,-0.18908049661298887,1694592000000,-0.008375531639269816,-0.010971811764901614,-0.01205160886798265
AVAXUSDT,1694660399999,LONG,-0.3960389569631575,0.06088500017411976,1694660400000,-0.002460288987711832,-0.005356199200524847,0.004902493033355762
AVAXUSDT,1694671199999,SHORT,0.3402247831670714,-0.08692274367987082,1694671200000,-0.004197842664130229,0.0017273025993845344,-0.011475272042549082
AVAXUSDT,1694674799999,LONG,-0.08692274367987082,0.20713234054959823,1694674800000,0.0012881066615733636,-0.002150538463228696,0.0031100888386052013
AVAXUSDT,1694681999999,SHORT,0.09323230722792065,-0.217281122414678,1694682000000,0.001943005792627993,-0.007413410261827396,-0.008910896903843685
AVAXUSDT,1694714399999,LONG,-0.020902648170933187,0.060509332254995454,1694714400000,-0.004167340539813755,-0.00042662116688015186,0.002236779970769764
AVAXUSDT,1694725199999,SHORT,0.15993890329882549,-0.020928090508191503,1694725200000,-0.0019220507785817518,-0.004798217874481143,0.0018186685943516751
AVAXUSDT,1694728799999,LONG,-0.020928090508191503,0.008285769609289674,1694728800000,0.004469994671451719,0.007438929096998428,-0.0040615703546856945
AVAXUSDT,1694732399999,SHORT,0.008285769609289674,-0.026223813800845524,1694732400000,0.002339182353172266,-0.007828242663860906,0.008532474973720703
AVAXUSDT,1694735999999,LONG,-0.026223813800845524,0.07122327477306863,1694736000000,0.0007448789916104024,0.00647251450561752,-0.013827327867480185
AVAXUSDT,1694746799999,SHORT,0.1489063717682014,-0.047679174912882975,1694746800000,0.003694910511415746,0.00974171194121256,0.031470005720901424
AVAXUSDT,1694865599999,LONG,-0.4419676845811269,0.17112190572912114,1694865600000,-0.001586546421959113,-0.005723386052685221,-0.009450561444607649
AVAXUSDT,1694876399999,SHORT,0.04293340761406889,-0.3293571036911328,1694876400000,-0.002021599879860789,-0.0040391211376028255,0.015888686370507048
AVAXUSDT,1694901599999,LONG,-0.01135012451516074,0.02049349252558978,1694901600000,-0.0020250473213918826,-0.01426221161983054,-0.011781222266756531
AVAXUSDT,1694905199999,SHORT,0.02049349252558978,-0.06020068342315357,1694905200000,-0,0.014183110858445334,0.009433020959679536
AVAXUSDT,1695272399999,LONG,-0.31413677699312814,0.0526320662399451,1695272400000,-0.004972111232202591,-0.018577763287981258,-0.023756205570502377
AVAXUSDT,1695283199999,SHORT,0.2996083582255318,-0.017149275570807535,1695283200000,0.0058217808855976355,0.01246856928385954,0.010887362719942973
AVAXUSDT,1695592799999,LONG,-0.01881135703293731,0.11248965721326235,1695592800000,-0.0026984500296001824,-0.01915832558355317,-0.010043530794620665
AVAXUSDT,1695603599999,SHORT,0.12444063598685413,-0.08954719794822044,1695603600000,0.004909526331067676,-0.0021616710163983653,-0.0017069705424963377
AVAXUSDT,1695628799999,LONG,-0.1320708170446758,0.11661282666983679,1695628800000,-0.0010159734463116193,-0.007133586272099974,0.0068589688140251555
AVAXUSDT,1695632399999,SHORT,0.11661282666983679,-0.741171361351842,1695632400000,0.004187658205059176,0.0066859561204276555,-0.003270003477614575
AVAXUSDT,1696157999999,LONG,-0.19674532346662169,0.035286637297215234,1696158000000,-0.003733282361524532,-0.008523960134617809,0.015712775132339183
AVAXUSDT,1696172399999,SHORT,0.130495178766424,-0.0706895013134972,1696172400000,-0.0027105938197653904,0.010599878855358137,-0.01933376323871372
AVAXUSDT,1696197599999,LONG,-0.10189022860843223,0.2716681770215863,1696197600000,0.026222210604401632,0.017420598160501222,0.016803631559953743
AVAXUSDT,1696211999999,SHORT,0.01177287881415127,-0.20930260013868093,1696212000000,-0.00400144175216515,0.00525693113952245,0.0070154006901443815
AVAXUSDT,1696222799999,LONG,-0.09009391591071521,0.05574241897422187,1696222800000,-0.005051296756729125,0.0008222839398466546,-0.021305040701236053
AVAXUSDT,1696226399999,SHORT,0.05574241897422187,-1.0580707828987908,1696226400000,-0.004228336109521105,-0.0047427658754828714,0.010493057681071253
AVAXUSDT,1696269599999,LONG,-0.19585379467315572,0.32472890573502855,1696269600000,-0.02484928282595838,-0.03345148640862157,-0.032695832462155336
AVAXUSDT,1696283999999,SHORT,0.3469017760751,-0.14688034381581333,1696284000000,-0.004202818837972216,-0.006243964736517095,-0.011702318310963186
AVAXUSDT,1696312799999,LONG,-0.020979630881968428,0.11766087443793034,1696312800000,0.00784570632058173,0.010838760398921371,0.004951037990055552
AVAXUSDT,1696352399999,SHORT,0.015425647521884547,-0.19645441211254916,1696352400000,-0.0006443991201402087,-0.005357347003979429,-0.0023607694192072305
AVAXUSDT,1696381199999,LONG,-0.025051884862637184,0.03173727023556738,1696381200000,0.004978904105024991,0.012293910905717105,0.05365595250034162
AVAXUSDT,1696384799999,SHORT,0.03173727023556738,-0.033885898615027915,1696384800000,-0.0038793152098327093,-0.02946865010451081,-0.04279801542390817
AVAXUSDT,1696388399999,LONG,-0.033885898615027915,0.11265181127016564,1696388400000,0.00032259799193697385,0.04119189813447407,0.03684766292002363
AVAXUSDT,1696395599999,SHORT,0.06620384494916384,-0.1469108521439818,1696395600000,-0.022153643303818422,-0.042800742901256586,-0.05626483858613763
AVAXUSDT,1696435199999,LONG,-0.19374488476205087,0.046234258530164545,1696435200000,0.014080428524114086,0.028364948648251724,0.0312572859760232
AVAXUSDT,1696489199999,SHORT,0.0911726804474284,-0.04727753840095809,1696489200000,0.0018955460357226853,-0.0228603905274212,-0.00883161284841061
AVAXUSDT,1696492799999,LONG,-0.04727753840095809,0.11003152005661292,1696492800000,0.004582594192132088,0.016733892137323594,0.01614455904885935
AVAXUSDT,1696546799999,SHORT,0.15651187487912846,-0.2847713515786739,1696546800000,0.0000987508024306438,-0.03168389420042199,-0.051480894050421305
AVAXUSDT,1696557599999,LONG,-0.15581178469345722,0.08136748656013817,1696557600000,0.026660490383928922,0.0161781133029153,0.050575803804548465
AVAXUSDT,1696622399999,SHORT,0.2024358618735159,-0.10038928840766548,1696622400000,-0.001033397621205255,-0.0009394964990177771,-0.012794944573833884
AVAXUSDT,1696633199999,LONG,-0.008566342909602266,0.04949800696007901,1696633200000,-0.004497337290747075,0.016962913103802983,0.0010277973341124161
AVAXUSDT,1696748399999,SHORT,0.3560822811059418,-0.3765710835611237,1696748400000,-0.006086207066174245,0.011387952945132724,0.012783209300643882
AVAXUSDT,1696899599999,LONG,-0.3424686563995428,0.22293952253266122,1696899600000,-0.006613155891717341,0,0.006569709223161041
AVAXUSDT,1696910399999,SHORT,0.06059235085271884,-0.10536701770075882,1696910400000,0.001359193057802975,-0.01873469896520104,-0.003650210028863191
AVAXUSDT,1696931999999,LONG,-0.052730654953831356,0.02614115228645989,1696932000000,-0.002158163316470759,0.0021535156761372516,-0.02294893298554465
AVAXUSDT,1696935599999,SHORT,0.02614115228645989,-0.06021338492883954,1696935600000,0.005777977279888682,-0.0013365549720087291,0.017749181504282365
AVAXUSDT,1696971599999,LONG,-0.1397610008045966,0.015296732248750626,1696971600000,0.001156130245966631,0.003569182877809497,-0.02039803008901931
AVAXUSDT,1696975199999,SHORT,0.015296732248750626,-0.5471763967414267,1696975200000,-0.0029365516645109553,0.003999163401963984,0.01066479671528275
AVAXUSDT,1697205599999,LONG,-0.19735889899240208,0.07044999768470508,1697205600000,-0.008330641184936918,-0.003718289498331265,0.005334507234144105
AVAXUSDT,1697288399999,SHORT,0.10984467310439038,-0.46883486032985444,1697288400000,-0.000872600404409008,-0.004029409208975191,0.0027317943011845834
AVAXUSDT,1697353199999,LONG,-0.008427260460268865,0.01832645129706679,1697353200000,0.00010914051852576115,-0.003389277830347364,0.0031602489114220555
AVAXUSDT,1697356799999,SHORT,0.01832645129706679,-0.20316071786582662,1697356800000,0.0002182691266985608,0.006239416005567555,0.0006549503563453864
AVAXUSDT,1697363999999,LONG,-0.21325805832626177,0.011438001026356628,1697364000000,-0.0016414076016605052,-0.007462721201589712,0.0026206610325098635
AVAXUSDT,1697367599999,SHORT,0.011438001026356628,-0.20796420827861953,1697367600000,0.0026318690485215967,0.002522069432709835,-0.001969366063195037
AVAXUSDT,1697486399999,LONG,-0.4629990336870168,0.4580445547112613,1697486400000,-0.001703215229712892,-0.0011706487794622166,-0.00758024235005385
AVAXUSDT,1697533199999,SHORT,0.12655007478156874,-0.30219909609515405,1697533200000,0.0028949787012303987,0.014776734384031417,0.026031838717946867
AVAXUSDT,1697633999999,LONG,-0.032605726195612264,0.006269458559186765,1697634000000,-0.004744836488082551,-0.008290546574008989,-0.02429088792045022
AVAXUSDT,1697641199999,SHORT,0.015678505912514632,-0.32693072968661374,1697641200000,-0.0004440497408665212,0.00746729577366442,0.027580968195153197
AVAXUSDT,1697763599999,LONG,-0.04596588604017469,0.1797857685811747,1697763600000,0.006505342970468769,0.021016535361658564,0.01602141149951669
AVAXUSDT,1697821199999,SHORT,0.6446407052919683,-0.5671194414553489,1697821200000,-0.005887500652191188,-0.005017462533143527,-0.007299700115609765
AVAXUSDT,1698047999999,LONG,-0.16410444690265555,0.014941990570875195,1698048000000,-0.005332819274665807,-0.013585413961342966,0.005010571960479416
AVAXUSDT,1698055199999,SHORT,0.014687845119002532,-0.3791170948162535,1698055200000,-0.006428952328893126,-0.0018123242979036494,-0.023898379223524932
AVAXUSDT,1698062399999,LONG,-0.2965814992826968,0.1235615828048052,1698062400000,-0.0007990411931327893,-0.004904178372423447,0.05553747000711195
AVAXUSDT,1698069599999,SHORT,0.044141502854233426,-0.06890933848618436,1698069600000,-0.004115851817409337,-0.007116754339519601,-0.05251475914081984
AVAXUSDT,1698073199999,LONG,-0.06890933848618436,0.13732633709849473,1698073200000,-0.001604010368968954,0.014716383717252096,0.06692723155746486
AVAXUSDT,1698083999999,SHORT,0.04949319988776658,-0.1847345506961505,1698084000000,-0.01181565650201259,-0.014969300586101577,-0.03946270114340746
AVAXUSDT,1698091199999,LONG,-0.041781737470185085,0.02506416550620534,1698091200000,-0.005011064281081568,0.0370394896716867,0.024781057078963133
AVAXUSDT,1698116399999,SHORT,0.11316730798007561,-0.3162130345614194,1698116400000,0.022455820657345957,0.02764365052679061,0.00046858161206016636
AVAXUSDT,1698533999999,LONG,-0.16362010905779173,0.0782857115654465,1698534000000,-0.0006376098954458054,-0.005203827875026886,-0.005661598539921829
AVAXUSDT,1698537599999,SHORT,0.0782857115654465,-0.07735277635047771,1698537600000,-0.006810469002526879,0.01191581468239729,0.00392569089541337
AVAXUSDT,1699181999999,LONG,-0.02514461258207646,0.15176207726205457,1699182000000,0.004064560287925546,-0.016506675363771452,-0.015613999305304157
AVAXUSDT,1699217999999,SHORT,0.1586307217190528,-0.2138475856452352,1699218000000,0.012067987294266757,-0.010321007599211951,-0.0343364276550972
AVAXUSDT,1700614799999,LONG,-0.3123040689665549,0.2921435528099966,1700614800000,0.013070741455734891,0.025972840540133622,0.041436809094634035
AVAXUSDT,1700647199999,SHORT,0.1175015212014176,-0.05742365612961983,1700647200000,0.0007409054202749119,-0.003893068856813004,-0.036267124909448216
AVAXUSDT,1701241199999,LONG,-0.43915844455279607,0.46025107862757825,1701241200000,-0.008051459555501541,-0.018219750150335196,-0.010275838711616136
AVAXUSDT,1701277199999,SHORT,0.04782886675258021,-0.28931621411921915,1701277200000,-0.007761019791449204,-0.0013374733304967617,-0.016497174330896595
AVAXUSDT,1701817199999,LONG,-0.2398560194033587,0.025545918495363223,1701817200000,-0.002034009325453857,0.06805774100877193,0.047963499443297496
AVAXUSDT,1701820799999,SHORT,0.025545918495363223,-0.2697243519591288,1701820800000,-0.07478837286037159,-0.08445282713693292,-0.04206404567564655
AVAXUSDT,1705748399999,LONG,-1.7138821184875406,0.06387189427804497,1705748400000,0.0074354391757263365,0.010024836430191324,0.023388745354551807
AVAXUSDT,1705759199999,SHORT,0.02568474128141997,-0.017660888395127045,1705759200000,0.0030125134214879757,0.002243152414758895,0.0004912194621676842
AVAXUSDT,1705762799999,LONG,-0.017660888395127045,0.04601604462276945,1705762800000,-0.0008623876350661887,-0.0063002061387803865,0.015275868354167284
AVAXUSDT,1705834799999,SHORT,0.5429827310893228,-0.21755073581295103,1705834800000,0.0022489102268394893,0.0028494747755489717,0.020638631246221756
AVAXUSDT,1706216399999,LONG,-0.04438460433662558,0.043880013202750895,1706216400000,-0.0022256416086708967,-0.006724754302920811,0.009112569973391133
AVAXUSDT,1706219999999,SHORT,0.043880013202750895,-0.10054135649236204,1706220000000,0.0011147542138005315,0.003874192251364371,-0.014864237508327958
AVAXUSDT,1706245199999,LONG,-0.1330277592326346,0.11167149686913784,1706245200000,-0.0009460892965702828,0.0065004941747081445,0.06970782546372362
AVAXUSDT,1706255999999,SHORT,0.06780117229050052,-0.03462491387189821,1706256000000,-0.008262896719658696,-0.052000260316911955,-0.06549150172256873
AVAXUSDT,1706259599999,LONG,-0.03462491387189821,0.21612684183441572,1706259600000,0.003460490832199724,0.02448161436647833,0.046029521706520665
AVAXUSDT,1706342399999,SHORT,0.05083938969672695,-0.014961298811435814,1706342400000,0.0049392078905529805,-0.007580030080406448,-0.020188986380179803
AVAXUSDT,1706558399999,LONG,-0.29227355325903237,0.0023881269743453518,1706558400000,0.0014182230099209054,0.002973174175673416,-0.005861027104474806
AVAXUSDT,1706561999999,SHORT,0.0023881269743453518,-0.418437637664182,1706562000000,0.00022236428921162802,0.005126930341967018,-0.007227645935348406
AVAXUSDT,1706907599999,LONG,-0.26085181455286666,0.09391012098476897,1706907600000,0.0008290041372311888,0.02133385070789295,-0.01529341616949835
AVAXUSDT,1706932799999,SHORT,0.08881145354194905,-0.0355193371044186,1706932800000,0.0001387790223856683,0.002083710312599396,0.006767037338402943
AVAXUSDT,1706939999999,LONG,-0.11048094165409593,0.5350248653656597,1706940000000,-0.008172100364918163,-0.013815471888364829,0.002279563201324439
AVAXUSDT,1706950799999,SHORT,0.236478513473553,-0.16129283657277524,1706950800000,-0.0069378670275977656,-0.002635343138376686,-0.01421547477100368
AVAXUSDT,1706965199999,LONG,-0.009079124594540001,0.04441391419320511,1706965200000,-0.0029160261795727923,0.0024049228593263808,0.013957077099280554
AVAXUSDT,1706975999999,SHORT,0.0720576292427448,-0.02172035184191356,1706976000000,-0.000419047093056368,-0.013571289955133271,-0.011667447205832054
AVAXUSDT,1706979599999,LONG,-0.02172035184191356,0.08056563270038407,1706979600000,0.017992568865880465,0.009175141519597143,0.00033512064656804217
AVAXUSDT,1707008399999,SHORT,0.0031860550578522158,-0.007638395420829652,1707008400000,-0.005479314891291542,0.011244964603792224,0.005842707027728448
AVAXUSDT,1707011999999,LONG,-0.007638395420829652,0.03389368457174662,1707012000000,-0.0034657312718271954,-0.01854034734151625,-0.013991269544190488
AVAXUSDT,1707022799999,SHORT,0.06981176123589156,-0.12000927460671136,1707022800000,0.0018165309263977827,0.008749600113309764,0.004000732741239061
AVAXUSDT,1707188399999,LONG,-0.0036431019821013826,0.0755224154306909,1707188400000,-0.005529754540395661,-0.014101735420615184,-0.021036209187512055
AVAXUSDT,1707191999999,SHORT,0.0755224154306909,-0.11428820263470024,1707192000000,0.0061151583941915005,0.00523927150277389,0.005998329140013255
AVAXUSDT,1707249599999,LONG,-0.14639886454291737,0.11242686460077703,1707249600000,-0.0034817244821695025,-0.0026906895035447064,-0.006005496217335877
AVAXUSDT,1707335999999,SHORT,0.030999265164550177,-0.5396096468708352,1707336000000,-0.009370543052817834,-0.00690863765383133,-0.005178852311344411
AVAXUSDT,1707508799999,LONG,-0.2698188311841789,0.12548684841666835,1707508800000,-0.001129335256797047,-0.0023125650860208167,0.025193774778669784
AVAXUSDT,1707555599999,SHORT,0.13843804650333988,-0.10615744634283981,1707555600000,0.0009039607005265203,0.005851452368885169,-0.032809809032506944
AVAXUSDT,1707782399999,LONG,-0.039597238012776335,0.028831421706813163,1707782400000,0.01411867931826746,-0.01039479818152541,0.0012917851583685524
AVAXUSDT,1707789599999,SHORT,0.10988473150555587,-0.2346575042027288,1707789600000,0.005029753796629481,0.00782152595642588,0.03203351989446392
AVAXUSDT,1707908399999,LONG,-0.3014115220846177,0.05825175216490857,1707908400000,0.0012775857780375382,0.009888713453732293,0.019254793284695326
AVAXUSDT,1707973199999,SHORT,0.3531609883022255,-0.4858366466981644,1707973200000,0.010302100126598221,-0.012689056255817252,0.003024640004311953
AVAXUSDT,1708595999999,LONG,-0.629035810814419,0.044691612276126974,1708596000000,-0.011374705330460715,-0.03362378809593865,-0.0255688196872618
AVAXUSDT,1708599599999,SHORT,0.044691612276126974,-0.18535774029466062,1708599600000,0.003829282700726653,0.009440070103635746,0.015594597237004204
AVAXUSDT,1708628399999,LONG,-0.32109527031550505,0.21910940147477992,1708628400000,-0.005078052391701931,-0.011178991828792487,-0.02046878712289777
AVAXUSDT,1708642799999,SHORT,0.0766898189010743,-0.18811359946303854,1708642800000,0.007876294219254888,0.021556023837252955,0.006491421691293961
AVAXUSDT,1710579599999,LONG,-0.2630144828465525,0.07570071303386089,1710579600000,-0.0059857085888244945,-0.04105208276079892,-0.11716536594542588
AVAXUSDT,1710593999999,SHORT,0.005002395384578814,-0.07523481985196333,1710594000000,0.018987912244691343,0.018373699339195384,0.09998193184902573
AVAXUSDT,1712383199999,LONG,-0.46831755728334745,0.03834987693191596,1712383200000,0.010061238821257285,0.005138987565903507,0.026018242458593514
AVAXUSDT,1712401199999,SHORT,0.05007634605064301,-0.011058778114471318,1712401200000,0.0008730928268931488,-0.004460026507529524,-0.029653859865134146
AVAXUSDT,1712804399999,LONG,-0.01972642077067406,0.33583627830670126,1712804400000,0.00002132628144369327,0.003788931500187534,-0.014954513577527414
AVAXUSDT,1712807999999,SHORT,0.33583627830670126,-0.07559963163276516,1712808000000,0.002455560941341614,-0.007605891900071794,0.016666156413812673
AVAXUSDT,1713113999999,LONG,-0.04760563273283449,0.3315998369496264,1713114000000,-0.01744041265811315,-0.013200767103773757,0.004947530042938419
AVAXUSDT,1713171599999,SHORT,0.06133939038702349,-0.31274891575373864,1713171600000,-0.005961624906080219,-0.011415106115923722,0.07700887772634511
AVAXUSDT,1713178799999,LONG,-0.29453607680384775,0.33346827226909104,1713178800000,-0.015132730770267324,-0.03544552877101069,-0.06737093900474218
AVAXUSDT,1713200399999,SHORT,0.009883654927288706,-0.020338622332467443,1713200400000,0.009436402694567404,0.03241939757057024,0.05479766964824172
AVAXUSDT,1713203999999,LONG,-0.020338622332467443,0.008217652747996343,1713204000000,-0.030535853955790736,-0.009895906748550615,-0.030593704239273344
AVAXUSDT,1713207599999,SHORT,0.008217652747996343,-0.1822867118900845,1713207600000,-0.02182861914416226,-0.027613141262699738,-0.014215594845176701
AVAXUSDT,1713214799999,LONG,-0.15768848290163337,0.07510275212642757,1713214800000,0.012832021864395643,-0.00922622159923439,0.015265732774993632
AVAXUSDT,1713243599999,SHORT,0.17482216113967675,-0.503639979669618,1713243600000,-0.014627300423687905,-0.03775880882500875,0.0010278549573856906
AVAXUSDT,1713437999999,LONG,-0.4313715346613005,0.26044112592150603,1713438000000,0.010593685347345203,0.01368151945680519,0.011023121790195102
AVAXUSDT,1713448799999,SHORT,0.011453089003717694,-0.0335428694470907,1713448800000,-0.02001047076110758,-0.001077006027637966,0.043846961597421484
AVAXUSDT,1713455999999,LONG,-0.03635248370300257,0.603513513240829,1713456000000,-0.008894813608155994,-0.0038351506652416537,-0.04185565527149874
AVAXUSDT,1713459599999,SHORT,0.603513513240829,-0.03975773093630228,1713459600000,0.009353034057139187,-0.006807534655509294,0.01970521447121436
AVAXUSDT,1713466799999,LONG,-0.037661797015331254,0.31684172002406424,1713466800000,0.008553091062308069,0.010386639778255309,0.030280744083043622
AVAXUSDT,1713531599999,SHORT,0.24779739622318547,-0.008775395064297689,1713531600000,-0.0026045367609682573,0.0029240201952159942,0.02802753199949923
AVAXUSDT,1713535199999,LONG,-0.008775395064297689,0.011628134189663387,1713535200000,-0.0019813196405177548,-0.001046779833323125,-0.013178496331273853
AVAXUSDT,1713571199999,SHORT,0.46646468602629665,-0.1337552923863838,1713571200000,0.010122923738440504,-0.014554045753487885,-0.010535629755795329
AVAXUSDT,1713585599999,LONG,-0.012117090853337393,0.12299253745828526,1713585600000,0.013083163205411022,0.018989160527299768,0.039868129416418756
AVAXUSDT,1713603599999,SHORT,0.45693293501268717,-0.036872280700224074,1713603600000,0.0061098552801206844,0.014219923835151766,-0.06309010426706149
AVAXUSDT,1713607199999,LONG,-0.036872280700224074,0.17978653566727615,1713607200000,-0.0023751637021381883,-0.004841116398009307,0.07448311964554111
AVAXUSDT,1713661199999,SHORT,0.17317476233903872,-0.34775171605735267,1713661200000,-0.006162817891974553,-0.011160329542446116,0.013005056783517538
AVAXUSDT,1713664799999,LONG,-0.34775171605735267,0.026047999146642943,1713664800000,0.013566454829226889,0.0030277921581676145,-0.027481012969064085
AVAXUSDT,1713671999999,SHORT,0.032285509343058995,-0.04221838604902283,1713672000000,0.0015729869015164296,0.004331681818715294,0.02608785908358103
AVAXUSDT,1713931199999,LONG,-0.37976010115390957,0.34104868281921275,1713931200000,0.01707268559594805,0.0033305182836860354,-0.05615658511713548
AVAXUSDT,1713952799999,SHORT,0.09362603271769478,-0.06032023281865655,1713952800000,0.0013578778203140501,0.022788287381880545,0.05561740061997968
AVAXUSDT,1713959999999,LONG,-0.06646912183899809,0.08282277456498076,1713960000000,-0.008003326117950224,-0.060560750580823955,-0.07389573886924415
AVAXUSDT,1713967199999,SHORT,0.06073159612701195,-0.0011767495647037373,1713967200000,0.016453777421309556,0.026301591760242105,0.059911077204352764
AVAXUSDT,1713970799999,LONG,-0.0011767495647037373,0.02040249457699093,1713970800000,-0.01914242772156149,-0.02128913850914361,-0.03763483880742367
AVAXUSDT,1713974399999,SHORT,0.02040249457699093,-0.13145278515988038,1713974400000,-0.002521385657111412,-0.004279877595102582,0.02685168202673903
AVAXUSDT,1714186799999,LONG,-0.8808260990619426,0.15905637817078944,1714186800000,0.006945085447909196,0.00870312158882915,0.009551732405407635
AVAXUSDT,1714244399999,SHORT,0.03790190755216379,-0.07142000805644573,1714244400000,0.0002610019589963689,0.008883251705469731,-0.011474495959416487
AVAXUSDT,1714258799999,LONG,-0.09536252026884146,0.4231771845587876,1714258800000,0.007722271120438028,0.02704154382392131,0.012356065504692192
AVAXUSDT,1714276799999,SHORT,0.1587186427360011,-0.2547521446008236,1714276800000,0.004644503761869206,-0.0006004889876334796,0.008675722328246588
AVAXUSDT,1714291199999,LONG,-0.32187592045987623,0.10108692730379555,1714291200000,-0.006711627087197366,-0.017155057507099628,0.0002286628947252805
AVAXUSDT,1714294799999,SHORT,0.10108692730379555,-0.11140394378489928,1714294800000,0.0022761660767211334,0.007046960570265597,-0.00836848949934613
AVAXUSDT,1714323599999,LONG,-0.2213257157183927,0.1871970663978184,1714323600000,0.008074026740377483,0.007246719862204191,-0.03281569563512282
AVAXUSDT,1714334399999,SHORT,0.34231142621128285,-0.16830646687515277,1714334400000,-0.0013994204685690128,0.03043858324798871,0.052843810658713145
AVAXUSDT,1714571999999,LONG,-0.08509891339392574,0.19397397524473783,1714572000000,0.014713811109286308,-0.0034336125297242527,0.011299902224661991
AVAXUSDT,1714579199999,SHORT,0.1594324137678291,-0.0042013287713633125,1714579200000,0.014335606059716606,0.001634163625828194,-0.00965776365939524
AVAXUSDT,1714600799999,LONG,-0.02061379467883337,0.03549824527944428,1714600800000,-0.00012113136711556012,-0.008301073892855506,-0.004522079361168888
AVAXUSDT,1714633199999,SHORT,0.1930183681123305,-0.15803285511134296,1714633200000,-0.0031610147697457096,-0.014040458956664574,-0.035302223981542404
AVAXUSDT,1714636799999,LONG,-0.15803285511134296,0.0758178734510067,1714636800000,0.006535571760538468,0.03356343240216418,0.03341527766909052
AVAXUSDT,1714708799999,SHORT,0.02250395928144196,-0.3241499125194768,1714708800000,0.0061095798795813205,0.018412045802103153,-0.026213479841921336
AVAXUSDT,1715021999999,LONG,-0.504811490886111,0.3031765787375801,1715022000000,-0.0008332549839031954,0.004717622066116218,-0.016197537221742414
AVAXUSDT,1715039999999,SHORT,0.23285677096395704,-0.47873441676080064,1715040000000,0.0009708476801497026,0.008336765025677276,0.018307209695869346
AVAXUSDT,1715943599999,LONG,-0.7279372897622701,1.5927058085581813,1715943600000,-0.009180249438842658,-0.003204869795486715,-0.010741358965060881
AVAXUSDT,1715965199999,SHORT,0.1406267175881221,-0.19782917177883655,1715965200000,0.005334507234144056,0.01234516142729081,-0.015327105795037509
AVAXUSDT,1716274799999,LONG,-0.38351327165304216,0.009228241891168503,1716274800000,-0.00044201066456447225,-0.0035908447546419966,0.004751533591218306
AVAXUSDT,1716278399999,SHORT,0.009228241891168503,-0.21205974630755264,1716278400000,0.006431524208748783,0.00734662969522715,0.006579862816615739
AVAXUSDT,1717275599999,LONG,-0.3458005587391043,0.3615577479476737,1717275600000,0.0008046503673560167,-0.0015834436255197637,-0.0051484104981703435
AVAXUSDT,1717361999999,SHORT,0.5257944762191429,-0.34343126823497905,1717362000000,0.004418416275830867,0.008942533487217227,-0.027686438074561275
AVAXUSDT,1718107199999,LONG,-0.14254269410155124,0.05887824977058264,1718107200000,-0.0050163135036329,-0.026877885726769902,-0.013538823343740103
AVAXUSDT,1718128799999,SHORT,0.12017464383429494,-0.027238407387966606,1718128800000,-0.011911382866443446,-0.015438275075846405,-0.022990250299570806
AVAXUSDT,1718135999999,LONG,-0.02893791042726889,0.05027771843203759,1718136000000,-0.003171182970867296,-0.0012038651857887873,0.01940895266131431
AVAXUSDT,1718139599999,SHORT,0.05027771843203759,-0.46510769623794496,1718139600000,-0.0013647979519965715,0.004488380738520983,-0.01915785483646209
AVAXUSDT,1718164799999,LONG,-0.017757372027869825,0.7816882942679421,1718164800000,0.003204728141805582,0.01331685825275815,0.052832531472137595
AVAXUSDT,1718251199999,SHORT,0.21154880097160864,-0.9124314811942829,1718251200000,-0.0064393697303276615,0.002865022523212288,0.038092976936305846
AVAXUSDT,1718506799999,LONG,-0.04799178669337648,0.15397867464808798,1718506800000,-0.002566112084158625,0.012075243903381957,-0.0009323699519962771
AVAXUSDT,1718521199999,SHORT,0.09318435618336622,-0.019035388130138105,1718521200000,0.0023046036406790056,0.0095160143170462,0.02315395674972678
AVAXUSDT,1718827199999,LONG,-0.4629576332827564,0.41140660493508546,1718827200000,-0.002105302814582889,-0.006514922173409393,0.037512091586351284
AVAXUSDT,1718945999999,SHORT,0.2749912332847344,-0.36001034093789497,1718946000000,0.0049467785572640975,0.022053603382809303,0.02461573647797651
AVAXUSDT,1719021599999,LONG,-0.15355305143562614,0.19576744336442253,1719021600000,-0.0016148570323997334,-0.08759496030770639,-0.057393571661054514
AVAXUSDT,1719032399999,SHORT,0.15208191090610962,-0.004041591156592842,1719032400000,0.04783282663867606,0.03973981298477971,0.007468866709641229
AVAXUSDT,1719039599999,LONG,-0.03251080192189502,0.11089613885877184,1719039600000,0.01000405326316828,0.006165125030179485,0.02808886133269711
AVAXUSDT,1719071999999,SHORT,0.01069168637263614,-0.40027133195278336,1719072000000,0.003683952130626715,0.011984036455248077,0.004991946469605111
AVAXUSDT,1719237599999,LONG,-0.37712444362436515,0.1042601066021392,1719237600000,-0.016939941472761344,-0.029691019139337936,-0.0009649017755024598
AVAXUSDT,1719251999999,SHORT,0.17240616153364244,-0.39835363455849027,1719252000000,-0.0038425829741621617,-0.02275615917062588,-0.0372587735034428
AVAXUSDT,1719295199999,LONG,-0.27260734771608947,0.12302718823014835,1719295200000,0.005409073364011811,0.008656343760648964,0.007311194008840687
AVAXUSDT,1719305999999,SHORT,0.06655990393673113,-0.02399235163963816,1719306000000,-0.014897112905476925,-0.0114911690188802,-0.02096729315264584
AVAXUSDT,1719309599999,LONG,-0.02399235163963816,0.19415043544088026,1719309600000,-0.0012263387418198156,-0.002097556918262842,0.0048903710020940325
AVAXUSDT,1719334799999,SHORT,0.24967187759336276,-0.21899021546683184,1719334800000,0.0024515631100237092,-0.004963766888953546,0.0010273432229640266
AVAXUSDT,1719572399999,LONG,-0.12035198386941337,0.04589284914120364,1719572400000,0.000840306761396057,-0.011909936410713196,-0.0173481129223022
AVAXUSDT,1719619199999,SHORT,0.2818084776555373,-0.07810747353702173,1719619200000,-0.010992444512371602,-0.015017589414461019,-0.005030963459559724
AVAXUSDT,1719626399999,LONG,-0.024443977603106834,0.027725300911069076,1719626400000,-0.00014131279610890514,0.00875763972373961,-0.018864110655482814
AVAXUSDT,1719655199999,SHORT,0.46072142594913146,-0.32383021432047016,1719655200000,0.005579756813227303,0.015608853375695507,0.01334352096737549
AVAXUSDT,1719734399999,LONG,-0.0007812494654286911,0.002881696762778056,1719734400000,0.0022609258226888307,0.0045167513889357355,0.007926065272420723
AVAXUSDT,1719817199999,SHORT,0.1348097318774521,-0.29058622098294384,1719817200000,0.0009413663954993119,-0.008699198328617364,0.0032312380857347995
AVAXUSDT,1719925199999,LONG,-0.18571425080353474,0.1738721212818846,1719925200000,-0.000530082175147413,-0.0030429575529116147,0.01653798948243157
AVAXUSDT,1720011599999,SHORT,0.28636544330703406,-0.2976145733598329,1720011600000,-0.010746636653874715,-0.0008907033433551457,0.014887684264871717
AVAXUSDT,1720259999999,LONG,-0.06050150406919348,0.9020066063162482,1720260000000,0.00416286321009636,0.010702754561072668,0.059665556395696706
AVAXUSDT,1720346399999,SHORT,0.4585321859857415,-0.09174364142660504,1720346400000,0.007921879295026368,0.0329639318144065,0.028392052483253643
AVAXUSDT,1720475999999,LONG,-0.04435842352338884,0.002820501297910754,1720476000000,0.002806825190768077,-0.01511765693303544,0.014190210790759257
AVAXUSDT,1720511999999,SHORT,0.3062953363434995,-0.1278656391361578,1720512000000,-0.005056409061791836,0.00015598798924120708,-0.017356782002324603
AVAXUSDT,1720569599999,LONG,-0.14372517553103561,0.003921611397157186,1720569600000,-0.012950095281945276,0.015918044557140822,0.016923163301602172
AVAXUSDT,1720573199999,SHORT,0.003921611397157186,-0.5295622080248656,1720573200000,-0.007942610870374017,-0.04402495647436537,-0.024127673586886264
AVAXUSDT,1720735199999,LONG,-0.12651532848997565,0.07330909199197048,1720735200000,0.0038436439054500503,0.005937554553365268,-0.007891945779635225
AVAXUSDT,1720742399999,SHORT,0.07467615753504608,-0.3533527307076444,1720742400000,-0.00035729173249746213,-0.00873678740365518,0.0062533810614968325
AVAXUSDT,1720864799999,LONG,-0.23444831492888224,0.040847736907520506,1720864800000,-0.01679678194501606,-0.01551847997551493,-0.018853238194046485
AVAXUSDT,1720868399999,SHORT,0.040847736907520506,-0.119279218382137,1720868400000,0.0011247504433935561,0.0016293598670072472,-0.009067994455302071
AVAXUSDT,1720875599999,LONG,-0.06694324329242612,0.1820654082005534,1720875600000,-0.003786566094598898,0.0007324736733355638,0
AVAXUSDT,1720893599999,SHORT,0.007686822277125367,-0.06317313254605665,1720893600000,0.00007746833485697353,0.002792647847075089,-0.014954627570015417
AVAXUSDT,1720907999999,LONG,-0.125543208975856,0.18026111103008646,1720908000000,0.011046848530087772,0.011699652731217406,0.018814397963330568
AVAXUSDT,1720918799999,SHORT,0.044118053280263525,-0.019812353249076257,1720918800000,-0.004578604024128388,-0.0020033138417698635,0.00852024828240408
AVAXUSDT,1720922399999,LONG,-0.019812353249076257,0.030216169544301116,1720922400000,-0.006160737209276515,0.005970395476015667,-0.004269976290219339
AVAXUSDT,1720947599999,SHORT,0.07231044666002391,-0.08504394084097582,1720947600000,-0.005082263179491863,0.015131334359153554,0.013227349015844174
AVAXUSDT,1721087999999,LONG,-0.2970395682614632,0.12321645536242276,1721088000000,-0.00010784578063839348,0.00762747426778242,-0.02117961286547832
AVAXUSDT,1721159999999,SHORT,0.2555977112185624,-0.0849779263087837,1721160000000,0.00003545282116200358,0.007544251290353796,-0.01586246220320077
AVAXUSDT,1721163599999,LONG,-0.0849779263087837,0.028174845403777116,1721163600000,-0.0009222147995143578,0.006960052121071464,0.016107258732604303
AVAXUSDT,1721167199999,SHORT,0.028174845403777116,-0.11691961049548368,1721167200000,0.009627458922303335,-0.015213703775603245,-0.022630559684588523
AVAXUSDT,1721185199999,LONG,-0.09524600290423095,0.03447644413890379,1721185200000,0.004980419524171567,0.001116655732460432,-0.012366221174860286
AVAXUSDT,1721195999999,SHORT,0.12521393774636977,-0.19222024103596838,1721196000000,-0.0010468282064211912,-0.006333980945077626,0.030700745076025243
AVAXUSDT,1721703599999,LONG,-0.0197159393439786,0.3115548886345455,1721703600000,-0.009462863222371052,-0.04758813245246832,-0.053825361522020304
AVAXUSDT,1721710799999,SHORT,0.4750254403923089,-0.2122642874567683,1721710800000,0.017483243208490647,0.024530442951034286,0.0626957882888857
AVAXUSDT,1721717999999,LONG,-0.11510180953623168,0.012910972561970937,1721718000000,-0.015633732800356077,-0.01333374821491443,-0.034126034737366855
AVAXUSDT,1721743199999,SHORT,0.05141536880436687,-0.017350882364842307,1721743200000,-0.021542335037523584,0.004973556991901555,0.041227186534080335
AVAXUSDT,1721746799999,LONG,-0.017350882364842307,0.09439028174709076,1721746800000,-0.013286507271812261,-0.027823629365895084,-0.06666777569187168
AVAXUSDT,1721750399999,SHORT,0.09439028174709076,-0.394525643466689,1721750400000,0.02484537543048849,0.013633703016231733,0.04457487183045712
AVAXUSDT,1722031199999,LONG,-0.37717548739778595,0.07066664980341829,1722031200000,-0.0003155514287355148,0.00024536006712768684,0.005488660670188187
AVAXUSDT,1722059999999,SHORT,0.007658483073750341,-0.23169419248803447,1722060000000,-0.007358127101778213,-0.008683832012655854,0.00017585509585451596
AVAXUSDT,1722063599999,LONG,-0.23169419248803447,0.028482643677324473,1722063600000,-0.0006285574813223554,-0.0015371719069297168,-0.012152012708481432
AVAXUSDT,1722117599999,SHORT,0.18702719795297928,-0.13120244130367772,1722117600000,0.0036981639400764004,0.0151252374286885,0.029178842795271047
AVAXUSDT,1722229199999,LONG,-0.05473611567875932,0.5782606358986329,1722229200000,0.011105153699383466,0.013171523404088765,-0.03411183450686303
AVAXUSDT,1722265199999,SHORT,0.060596381010508335,-0.10677629928928244,1722265200000,0.007312249775950886,0.009094100826499212,0.026496698760672264
AVAXUSDT,1722383999999,LONG,-0.13891012393597646,0.29279434186368586,1722384000000,0.004854562573628578,0.007914459564733415,-0.0036564504649405855
AVAXUSDT,1722401999999,SHORT,0.21197480318092501,-0.11237113210507103,1722402000000,-0.011626703811465975,-0.007053350819526285,-0.020334262426028628
AVAXUSDT,1722405599999,LONG,-0.11237113210507103,0.17643490664201744,1722405600000,0.0053094784924808385,-0.007212808189240686,0.014683664785609531
AVAXUSDT,1722412799999,SHORT,0.14432368353646227,-0.6539880624912834,1722412800000,0.0034319740824560597,0.0023629860831286004,0.010139164395439272
AVAXUSDT,1722571199999,LONG,-0.057153892344328876,0.027343327172567856,1722571200000,-0.0004345507406363513,-0.013199412403961074,-0.04942625252418952
AVAXUSDT,1722596399999,SHORT,0.24712885657515757,-0.08717862724473548,1722596400000,0.003478959821969471,0.046073407615321846,0.06149073068329664
AVAXUSDT,1722697199999,LONG,-0.1223661777954428,0.2989837355200986,1722697200000,-0.021150681425840076,-0.054248982255081825,-0.044028628974384594
AVAXUSDT,1722700799999,SHORT,0.2989837355200986,-0.019042389284241852,1722700800000,0.012977956095775343,0.03887121974384211,0.023535597132718387
AVAXUSDT,1722715199999,LONG,-0.11037115022259109,0.1047076569207079,1722715200000,0.0007568506471740113,0.00900048196124539,0.005374565983370873
AVAXUSDT,1722722399999,SHORT,0.11085239549274567,-0.03790496629130076,1722722400000,-0.0004862845744687314,-0.002914166668492526,0.00416519567083132
AVAXUSDT,1722725999999,LONG,-0.03790496629130076,0.0029792365434197217,1722726000000,0.0013692279253193283,0.008406554645895629,-0.0016366977753995413
AVAXUSDT,1722729599999,SHORT,0.0029792365434197217,-0.2906991916142058,1722729600000,-0.0026007817000574403,-0.0063796771364022795,0.006287379578696978
AVAXUSDT,1722909599999,LONG,-0.3205031082741729,0.22562702287529626,1722909600000,-0.006084076103424483,0.006577698314420157,-0.014812188783682083
AVAXUSDT,1722949199999,SHORT,0.3434877750405196,-0.20925370258461495,1722949200000,-0.00226802187744641,-0.047287057112923386,-0.02832306111803905
AVAXUSDT,1722963599999,LONG,-0.08504974771193405,0.24914671591148632,1722963600000,-0.005666005053872297,-0.00851109208846834,0.008766023554256553
AVAXUSDT,1722974399999,SHORT,0.11218368709335061,-0.04190397588127395,1722974400000,0.0023714676262921123,0.011147219087014357,-0.005668681625931228
AVAXUSDT,1723100399999,LONG,-0.12282654704155316,0.5644023960449104,1723100400000,-0.007749723955026839,-0.0066805689715174615,0.04813284852164861
AVAXUSDT,1723183199999,SHORT,0.08585826746605175,-0.10368267604300396,1723183200000,-0.002110576603611543,0.004142317332853545,0.012711350057954854
AVAXUSDT,1723348799999,LONG,-0.6480809559528397,0.03648508808978174,1723348800000,-0.0011839709944082338,0.0037249066417733468,-0.03190579493446298
AVAXUSDT,1723363199999,SHORT,0.028552705064200205,-0.32177394037575247,1723363200000,-0.002128768609687502,0.013557827558012141,0.057289111700023744
AVAXUSDT,1723525199999,LONG,-0.596682637193876,0.23918558393745612,1723525200000,0.001381972628152527,-0.004013766856471759,0.026261568510776025
AVAXUSDT,1723593599999,SHORT,0.636734519292568,-0.09016385501136978,1723593600000,-0.002057132896188824,0.0034692955565897555,-0.008528140788905667
AVAXUSDT,1723859999999,LONG,-0.2970492545002225,0.12741407883912093,1723860000000,-0.0004896440385738907,0.0049807222454446645,0.0005383316742433756
AVAXUSDT,1723863599999,SHORT,0.12741407883912093,-0.11809019464489683,1723863600000,-0.00014692558245691867,-0.006152363156311337,-0.004154555207147098
AVAXUSDT,1723939199999,LONG,-0.6271019072521367,0.04253867985288256,1723939200000,0.0028960344596522087,-0.004359838325891609,0.015254289171081988
AVAXUSDT,1723946399999,SHORT,0.15519179611991174,-0.6456143319777753,1723946400000,-0.010540154630350847,-0.009577783273234027,-0.028178977773131445
AVAXUSDT,1724104799999,LONG,-0.13175792150617238,0.018912637024498427,1724104800000,0.010011047998570092,0.038534981144387,0.05757621760865526
AVAXUSDT,1724147999999,SHORT,0.10837566757531714,-0.10723152223708762,1724148000000,0.0033526671491322744,-0.0029356659070772484,-0.01588474573995051
AVAXUSDT,1724241599999,LONG,-0.2197634614959201,0.04755328310695945,1724241600000,0.010137794310790031,0.009314945040655213,0.028071262184266182
AVAXUSDT,1724266799999,SHORT,0.042318858169816266,-0.012872837516601952,1724266800000,-0.007058752785600672,-0.004555622567481903,0.007151911600807792
AVAXUSDT,1724277599999,LONG,-0.03005243970558675,0.22231162544655567,1724277600000,-0.002248860606204876,-0.006377843805467989,-0.01129522057114906
AVAXUSDT,1724349599999,SHORT,0.16528431904886445,-0.10570884975160674,1724349600000,-0.009775811032566424,-0.018809075583165063,-0.06081156152892208
AVAXUSDT,1724353199999,LONG,-0.10570884975160674,0.010689908506396955,1724353200000,-0.0001226366889631086,0.015614861097530342,0.05154260928377199
AVAXUSDT,1724356799999,SHORT,0.010689908506396955,-0.20598285229238034,1724356800000,-0.01235185539795925,-0.02964612150065626,-0.051434331048117926
AVAXUSDT,1724486399999,LONG,-0.6708335409740919,0.48545772930817843,1724486400000,0.0004886024189061956,0.032620029121929184,0.0313456565778545
AVAXUSDT,1724518799999,SHORT,0.05125874572267191,-0.0249680848084638,1724518800000,0.003630822375180948,0.009394527091931039,0.021614938299485326
AVAXUSDT,1724781599999,LONG,-0.09098194878657791,0.1526181126438314,1724781600000,0.010545325030567956,-0.033090887678561255,-0.05608040590326016
AVAXUSDT,1724792399999,SHORT,0.13963291322593968,-0.049534150106223904,1724792400000,0.028289241173498497,0.06179902007237656,0.0575692673416387
AVAXUSDT,1724795999999,LONG,-0.049534150106223904,0.021166420838361465,1724796000000,-0.02120713617039617,-0.030578885625973763,0.006150379507316609
AVAXUSDT,1724813999999,SHORT,0.04169462460610688,-0.02391306209326843,1724814000000,-0.016078990133657323,-0.004274047989674739,-0.007696850513213805
AVAXUSDT,1724817599999,LONG,-0.02391306209326843,0.16030829174588754,1724817600000,-0.006674844955940267,-0.024638897244504188,-0.014483959035490896
AVAXUSDT,1724821199999,SHORT,0.16030829174588754,-0.14274005087997618,1724821200000,-0.0016625107736134572,0.004627997169828011,0.008773818556356068
AVAXUSDT,1725058799999,LONG,-0.06076868021613795,0.08906920958022042,1725058800000,0.0008166950098248909,-0.003100911223303871,-0.008550751701584123
AVAXUSDT,1725145199999,SHORT,0.2310780621865863,-0.12215470579915629,1725145200000,-0.0019768495466319304,0.013770114197175349,0.023897009901377345
AVAXUSDT,1725317999999,LONG,-0.3048828983445924,0.057329005344409004,1725318000000,-0.0045086342919947175,0.002313374107602787,-0.005224742275870951
AVAXUSDT,1725357599999,SHORT,0.1365589988837706,-0.03337223073276924,1725357600000,-0.005747400311959438,0.010183617845413922,0.027158838510303332
AVAXUSDT,1725515999999,LONG,-0.21603894334646903,0.06194625224454952,1725516000000,-0.004775909151386585,-0.00897362272125337,-0.005282389812350605
AVAXUSDT,1725519599999,SHORT,0.06194625224454952,-0.010309459034251971,1725519600000,-0.0022990629953886124,0.003412343069499921,0.005631997160018264
AVAXUSDT,1725695999999,LONG,-0.8758477007811041,0.38337594165426125,1725696000000,-0.00018455292107363402,-0.004068052947471266,0.007033703288357818
AVAXUSDT,1725800399999,SHORT,0.23709926588723385,-0.14143439704404703,1725800400000,-0.0012761558641870801,0.0058293752781119436,-0.02672039061594032
AVAXUSDT,1725832799999,LONG,-0.04981960809467831,0.02150460152837819,1725832800000,-0.006956925541761532,0.0039966532926172665,0.02504648840045777
AVAXUSDT,1725836399999,SHORT,0.02150460152837819,-0.0016817042307456143,1725836400000,-0.007301352289903184,-0.019622363770825286,-0.03615236275154014
AVAXUSDT,1725886799999,LONG,-0.4409905747093156,0.08098629811284104,1725886800000,0.000252855157485248,0.017547241671284214,0.0007583737460583465
AVAXUSDT,1725904799999,SHORT,0.2786188970788279,-0.23525781371859592,1725904800000,0.0028297979765827294,0.0015387497577743668,0.01208233933597534
AVAXUSDT,1725915599999,LONG,-0.07897873569569987,0.0951968217746827,1725915600000,-0.0010815308874529746,-0.012929861912137953,-0.01592457069010037
AVAXUSDT,1725919199999,SHORT,0.0951968217746827,-0.07931388821318709,1725919200000,0.0030011276745695644,0.01391414259010334,0.01121679194300379
AVAXUSDT,1726120799999,LONG,-0.1699161170026489,0.30615543964481395,1726120800000,0.0009784112234309916,0.0019133879171268971,0.013233466560446435
AVAXUSDT,1726178399999,SHORT,0.25585794156383734,-0.27390102222537527,1726178400000,-0.010378833488727677,-0.006081340695538406,0.0016841400132383269
AVAXUSDT,1726181999999,LONG,-0.27390102222537527,0.3649493133815981,1726182000000,-0.0004997709487223412,-0.009748827235829422,0.0024535807538983998
AVAXUSDT,1726189199999,SHORT,0.440824515400563,-0.2515169240527647,1726189200000,-0.001338912333912033,0.009676544855820894,0.0022634875740953544
AVAXUSDT,1726747199999,LONG,-0.3556155153677554,0.5787165810855095,1726747200000,0.005966763545693072,0.005322396992553279,0.01577039396706991
AVAXUSDT,1726786799999,SHORT,0.05015448499165611,-0.17106557694958863,1726786800000,0.0013124099602049247,-0.01568980395363763,-0.06888294513749486
AVAXUSDT,1726804799999,LONG,-0.18368154178199417,0.003341918914630129,1726804800000,0.00862151404305181,0.012780410999955178,-0.023336330873716053
AVAXUSDT,1726808399999,SHORT,0.003341918914630129,-0.020238005547086775,1726808400000,-0.005010226346369479,-0.013375522291425973,0.039083931399753996
AVAXUSDT,1726811999999,LONG,-0.020238005547086775,0.04425436548577797,1726812000000,0.0018060454295605554,0.005690368262510335,-0.047322061485678815
AVAXUSDT,1726815599999,SHORT,0.04425436548577797,-0.0357570619861775,1726815600000,0.002586131987806511,-0.011433118400879709,0.03943868199592291
AVAXUSDT,1726869599999,LONG,-0.17375634590288458,0.2957917684974618,1726869600000,0.003232898436813692,-0.00902734416585811,0.0027250448328341695
AVAXUSDT,1726883999999,SHORT,0.16170947853198298,-0.1392591017897849,1726884000000,0.0005876519800361134,0.004268321599616729,-0.017398706343669173
AVAXUSDT,1726909199999,LONG,-0.06412307673494584,0.07774805224589516,1726909200000,0.005421053460864568,0.006835147498062509,-0.0012411478559029498
AVAXUSDT,1726948799999,SHORT,0.7851494488770169,-0.1647791261904192,1726948800000,-0.000730807209052121,-0.014767779857699214,-0.000730807209052121
AVAXUSDT,1726952399999,LONG,-0.1647791261904192,0.23949436650306938,1726952400000,-0.0013522652500136498,0.008582495040714577,-0.0016448875133401241
AVAXUSDT,1726995599999,SHORT,0.2884344004046785,-0.023410759293643214,1726995600000,0.011368985017336757,0.012405599822687517,0.005981120481687575
AVAXUSDT,1727035199999,LONG,-0.301336665535253,0.105873725781341,1727035200000,0.002653401225104852,0.006913571464216407,0.019586258449410057
AVAXUSDT,1727038799999,SHORT,0.105873725781341,-0.3334214318674297,1727038800000,0.017260687247136766,-0.00011039761552371099,-0.005797755855853933
AVAXUSDT,1727089199999,LONG,-0.23062844075103933,0.07550510829859186,1727089200000,-0.0023032639740929186,0.0038997771519622675,-0.002998941647098184
AVAXUSDT,1727096399999,SHORT,0.03970782199553392,-0.26138573541340043,1727096400000,0.0003288211790465051,0.005567983907741391,0.014311975128069242
AVAXUSDT,1727348399999,LONG,-0.02376818571365396,0.015594402193119984,1727348400000,0.004471581018802621,0.018151877365858618,0.037146030715265003
AVAXUSDT,1727351999999,SHORT,0.015594402193119984,-0.11385204874879042,1727352000000,-0.0070227733798628785,-0.033227267899486664,-0.03199324998674562
AVAXUSDT,1727366399999,LONG,-0.029961711156604693,0.18253179142620857,1727366400000,-0.00010277316259201278,-0.009810918812092157,0.00716800010762797
AVAXUSDT,1727387999999,SHORT,0.3520380829349388,-0.025990267479995378,1727388000000,-0.002161421203418543,0.0004465896087552749,-0.02593497565073276
AVAXUSDT,1727391599999,LONG,-0.025990267479995378,0.21300941791405228,1727391600000,-0.0008571184205202008,-0.004843788992659379,0.014189461747628527
AVAXUSDT,1727434799999,SHORT,0.35489823428555634,-0.019316344116448614,1727434800000,-0.008879977624815901,-0.03590418501939937,-0.02611062153860146
AVAXUSDT,1727449199999,LONG,-0.2196337587350152,0.15869132435892314,1727449200000,-0.0176914285015708,-0.014048678505272366,-0.006638675721537871
AVAXUSDT,1727452799999,SHORT,0.15869132435892314,-0.03616365270931697,1727452800000,-0.012560949787230494,-0.0020548179436946,-0.0013924346645248088
AVAXUSDT,1727459999999,LONG,-0.06295226094451103,0.09104152643164601,1727460000000,-0.005833803068185255,-0.004050388347997714,-0.019613352101311748
AVAXUSDT,1727495999999,SHORT,0.015741020018943265,-0.24690263534352969,1727496000000,0.0031855614939740443,0.024719945325423383,0.02421068526926278
AVAXUSDT,1728226799999,LONG,-0.05185119880585268,0.07999819170495787,1728226800000,0.002343707477095328,0.007458428979048436,0.0156319585221598
AVAXUSDT,1728327599999,SHORT,0.25675045581173994,-0.2675995900779604,1728327600000,-0.010155758154662443,0.005903469543812955,0.00924425078951257
AVAXUSDT,1728338399999,LONG,-0.08012611692282955,0.07297043567751152,1728338400000,-0.01554281307984283,-0.005772448961144567,-0.019071610194635612
AVAXUSDT,1728363599999,SHORT,0.20093375399707192,-0.002095972078633405,1728363600000,0.011786191476331911,0.012388578452869874,0.013368231884648104
AVAXUSDT,1728377999999,LONG,-0.020810897256366014,0.3334471856641859,1728378000000,0.0013924171974051382,-0.005059096379530966,0.00045180723660130797
AVAXUSDT,1728392399999,SHORT,0.1020272657361615,-0.40567620331361404,1728392400000,-0.012824304675409657,-0.004041783128892006,0.0028427954329302957
AVAXUSDT,1728665999999,LONG,-0.10211478923855968,0.0612777991936541,1728666000000,0.00662944699881221,0.021807487501286266,0.0617296586334562
AVAXUSDT,1728759599999,SHORT,0.20553710104188824,-0.15301667574372038,1728759600000,-0.00044915093953890994,0.010945400190781213,0.0005876557889012079
AVAXUSDT,1728777599999,LONG,-0.17052880312618005,0.08804802487846036,1728777600000,-0.0020633345899374236,0.00588677527719271,0.012877874562040743
AVAXUSDT,1728784799999,SHORT,0.073654965493056,-0.057623429619383326,1728784800000,-0.011937539824740006,-0.011868545758202351,-0.00962364333205932
AVAXUSDT,1728788399999,LONG,-0.057623429619383326,0.3481012777321612,1728788400000,-0.006784145641725208,-0.002383050394717181,-0.01732819975635609
AVAXUSDT,1728939599999,SHORT,0.21694264454040846,-0.04896952987643347,1728939600000,0.005542469048173853,0.006371312858574717,0.006129495774746607
AVAXUSDT,1729421999999,LONG,-0.1808665012463395,0.007879230654118004,1729422000000,0.005884152990014903,0.01491028368244349,0.030642673610956878
AVAXUSDT,1729429199999,SHORT,0.12697511033587053,-0.33876641300194116,1729429200000,-0.006726562984852548,-0.012522237797269539,-0.04811467045619261
AVAXUSDT,1729472399999,LONG,-0.008149094163115843,0.038890307929801984,1729472400000,-0.004629558516453807,-0.01322515487445833,-0.03942875449951171
AVAXUSDT,1729479599999,SHORT,0.2061752722817881,-0.008505460190199002,1729479600000,0.0018460793483703784,0.0019158094927400299,0.033186616457222866
AVAXUSDT,1729486799999,LONG,-0.03698982169440436,0.020270957312746207,1729486800000,0.0015587927710783707,-0.0116112115362216,-0.04321397688355038
AVAXUSDT,1729501199999,SHORT,0.1445827482282778,-0.12543305307817446,1729501200000,0.0006315124933590342,0.014626651858939181,0.022738329562751864
AVAXUSDT,1730116799999,LONG,-0.1277905571519535,0.21557952371161201,1730116800000,0.0006487188031591277,-0.024694521207683222,0.0020972762172815334
AVAXUSDT,1730127599999,SHORT,0.045255339740877316,-0.33038750690021157,1730127600000,0.013022282719118743,0.009546056193424047,-0.03551073012652349
AVAXUSDT,1730170799999,LONG,-0.2747944784265065,0.28235288597144137,1730170800000,-0.001379902134039409,-0.008608804149748591,-0.011846880701708045
AVAXUSDT,1730195999999,SHORT,0.0656644217161581,-0.018439181472335968,1730196000000,-0.003004697096263627,-0.0019540797619975103,-0.0037169878909672845
AVAXUSDT,1730213999999,LONG,-0.08987814797354118,0.4210720856803746,1730214000000,0.007850837611948606,0.020048831920081542,0.003125179040732813
AVAXUSDT,1730253599999,SHORT,0.0729273844222113,-0.08536256536588457,1730253600000,-0.0009026629167143871,0.0019208683708923436,0.011466756987918394
AVAXUSDT,1730793599999,LONG,-0.14609040902650214,0.12835744095523413,1730793600000,0.0042194155427082896,0.004777798822899697,0.021934821563131073
AVAXUSDT,1730879999999,SHORT,0.15982505958167648,-0.2068536270165005,1730880000000,0.001507975152845458,-0.017844624378968093,-0.027513834022696294
AVAXUSDT,1730897999999,LONG,-0.052464977026349696,0.028131958477772757,1730898000000,0.00586778386674633,-0.0008736444822860526,0.03700882581058461
AVAXUSDT,1730905199999,SHORT,0.0016504124427537692,-0.1245058605757365,1730905200000,-0.0038311287377544414,-0.01727658177433194,-0.07164557596277857
AVAXUSDT,1734026399999,LONG,-0.20701429735666213,0.029476605226740112,1734026400000,-0.01264903321000118,-0.03483474121002705,-0.03935450136673931
AVAXUSDT,1734033599999,SHORT,0.0017702681662077622,-0.2673768181727626,1734033600000,-0.018244519742537494,-0.018696395032648652,0.0076045993852194155
AVAXUSDT,1734771599999,LONG,-0.16649887982588316,0.05140815349115735,1734771600000,-0.000583600833605253,-0.051016970718670195,-0.08645462100669152
AVAXUSDT,1734785999999,SHORT,0.12686284897510752,-0.1328119483963638,1734786000000,0.010776437506801647,0.02872724304067124,0.04072500332559408
AVAXUSDT,1734994799999,LONG,-0.09745278034625146,0.13395399482966105,1734994800000,-0.011549352492601373,-0.03859870465267233,-0.025384609053002105
AVAXUSDT,1734998399999,SHORT,0.13395399482966105,-0.22300533635207553,1734998400000,0.007499328877514225,0.013705549827142307,-0.012990001792078959
AVAXUSDT,1735358399999,LONG,-0.2903312986757704,0.1557697369786388,1735358400000,0.0005999945635035227,-0.007228155443436644,0.010556264157480589
AVAXUSDT,1735369199999,SHORT,0.11685223348999585,-0.2862433446302919,1735369200000,0.0038669914488865006,0.0007119386938169417,-0.026684814518289805
AVAXUSDT,1735401599999,LONG,-0.049049213328993445,0.023908225555450243,1735401600000,0.0117544224314654,0.015030624970343768,0.011514278343859445
AVAXUSDT,1735408799999,SHORT,0.08866241232279536,-0.033612411684920296,1735408800000,0.004042881268058735,-0.0025979549101278645,0.010486667685547532
AVAXUSDT,1735426799999,LONG,-0.004749102636313298,0.001609431746847338,1735426800000,-0.005602995866990371,-0.016636046704181236,-0.01803048526646146
AVAXUSDT,1735430399999,SHORT,0.001609431746847338,-0.10820688848111905,1735430400000,0.008891550433692615,0.006861364081246329,0.01759309587087615
UNIUSDT,1672556399999,SHORT,0.4779367934239163,-0.1568734885328065,1672556400000,0.000583600833605253,-0.004656585829951064,-0.014863703817578339
UNIUSDT,1672610399999,LONG,-0.13595560461158346,0.27545223105509375,1672610400000,0.0001904580521899651,-0.009954140384233817,0.010044621551460624
UNIUSDT,1672642799999,SHORT,0.4740297404129874,-0.052989548477199166,1672642800000,-0.006649592280113998,-0.008352364425525964,-0.030043566409573747
UNIUSDT,1672649999999,LONG,-0.05011855822163405,0.020496440097642128,1672650000000,-0.002448442696005975,-0.0022598879674374786,0.019374674600555877
UNIUSDT,1672653599999,SHORT,0.020496440097642128,-0.011957804315200736,1672653600000,0.002454452284784935,-0.005078540022760223,-0.022745201271530367
UNIUSDT,1672657199999,LONG,-0.011957804315200736,0.00290463394521445,1672657200000,0.001699877640417054,0.014078130212453804,0.01165207695571938
UNIUSDT,1672664399999,SHORT,0.004594993243613946,-0.14339972089404457,1672664400000,-0.004701466111806801,-0.01589561285495923,-0.01922956667471659
UNIUSDT,1672667999999,LONG,-0.14339972089404457,0.3731933083287726,1672668000000,0.006732772768016769,0.012679640321860584,0.00524051358417807
UNIUSDT,1672675199999,SHORT,0.015457594176681256,-0.016810802066332835,1672675200000,0.0007418397966325423,-0.006651909228305698,0.0007418397966325423
UNIUSDT,1672678799999,LONG,-0.016810802066332835,0.10679951358771061,1672678800000,0.0011123471669742067,0.005364918982023116,-0.0065134686406055926
UNIUSDT,1672682399999,SHORT,0.10679951358771061,-0.1413085048474324,1672682400000,-0.0014809332584428847,-0.0049893848307104435,0.0011121409858068402
UNIUSDT,1672786799999,LONG,-0.24965064923380192,0.509427937559227,1672786800000,0.001862197931064621,0.026305204783746493,0.031917602968304946
UNIUSDT,1672880399999,SHORT,0.22301670260373901,-0.07073497955874528,1672880400000,-0.002357850008659592,-0.0025389930215631274,0.01242478983952063
UNIUSDT,1673053199999,LONG,-0.14340249531153335,1.0398727917900137,1673053200000,-0.0028922652121467973,-0.009977407031998791,-0.015461881474158296
UNIUSDT,1673107199999,SHORT,0.19588008140111118,-0.17634989538350215,1673107200000,0.004419082868085872,0.004972843842089012,0.000919033241784019
UNIUSDT,1673189999999,LONG,-0.17783888274386617,0.14076516743451278,1673190000000,0.002904867692630207,-0.01299313731511116,0.03589350581101947
UNIUSDT,1673254799999,SHORT,0.6511540748262661,-0.21673737600287374,1673254800000,-0.011272121433125594,-0.024633060169335367,-0.007644234582865415
UNIUSDT,1673261999999,LONG,-0.026512082987039054,0.009464221893195948,1673262000000,-0.0025713565209295633,0.01140534961096104,-0.011710138979375903
UNIUSDT,1673265599999,SHORT,0.009464221893195948,-0.13564053929817027,1673265600000,-0.008544139469576315,-0.01261953991409453,0.007406803304473588
UNIUSDT,1673380799999,LONG,-0.07130093811114378,0.18450746872088739,1673380800000,0.003968601533449463,-0.0005188067561245312,-0.008159059236729525
UNIUSDT,1673391599999,SHORT,0.22068310438688923,-0.018701694052565183,1673391600000,-0.002598078884128537,0.01432338898135623,0.0006939625538737676
UNIUSDT,1673477999999,LONG,-0.9732283455785056,0.27802072594776733,1673478000000,0.009343480867633962,0.020441627399888928,0.023613848108304327
UNIUSDT,1673564399999,SHORT,0.46536324229133924,-0.49730437004031214,1673564400000,-0.0032430707846890236,0.007826552261443244,0.0030906897315286183
UNIUSDT,1673589599999,LONG,-0.08679433833428447,0.10275666363625645,1673589600000,0.003930565165194448,0.00800854161827301,0.003930565165194448
UNIUSDT,1673596799999,SHORT,0.10095782204982433,-0.48013146838892673,1673596800000,-0.000986031304211876,0.0036237891739498438,-0.009816832763457725
UNIUSDT,1674179999999,LONG,-0.36337929792636214,0.17104705749288557,1674180000000,-0.0003238341997211802,-0.008780544217944598,-0.011069623046132147
UNIUSDT,1674194399999,SHORT,0.03254064765832459,-0.03605335392723776,1674194400000,0.004584910602575558,0.0004902361402211008,-0.03151893004763054
UNIUSDT,1674197999999,LONG,-0.03605335392723776,0.30652967545841114,1674198000000,0.0029498546464211185,0.0024588160900285536,0.035312012277215934
UNIUSDT,1674291599999,SHORT,0.6133829839461411,-0.3104941519817634,1674291600000,-0.010924164005610328,-0.0037546037949758473,-0.024817381859128497
UNIUSDT,1674791999999,LONG,-0.4271604867357186,0.010096535872935528,1674792000000,0.001361058811245458,0.027169905351927856,0.008288797361723268
UNIUSDT,1674799199999,SHORT,0.1492677957949323,-0.9529152918167685,1674799200000,-0.007724340248061439,-0.0023830812588771667,-0.011416833919905596
UNIUSDT,1674975599999,LONG,-0.21313295960147935,0.04914185994162096,1674975600000,-0.0008839128448218733,0.015343327229737648,0.023143453445046338
UNIUSDT,1675036799999,SHORT,0.16956191144790506,-0.3987014750954033,1675036800000,-0.010336009330662073,0.007095822981468993,0.048941690800527196
UNIUSDT,1675288799999,LONG,-0.07692326061671512,0.20362995179982138,1675288800000,-0.004819990343798943,0.012453100405692663,0.025037279057914162
UNIUSDT,1675339199999,SHORT,0.28090336146139894,-0.29955285791457664,1675339200000,-0.014216581194553997,-0.007203929735203754,-0.009593753041725722
UNIUSDT,1675814399999,LONG,-0.4793304908635037,0.030782412254617534,1675814400000,0.007842059152355956,0.0032868911335475997,-0.007759774531280525
UNIUSDT,1675821599999,SHORT,0.06639722487156172,-0.35303358174211963,1675821600000,0.00787236585527341,0.004715978729722019,0.011038747314822074
UNIUSDT,1676051999999,LONG,-0.04218183125985004,0.007707682531352673,1676052000000,0.0025192896335107418,-0.00918600060954927,0.008789885505563123
UNIUSDT,1676066399999,SHORT,0.033107448098951,-0.08771859686793657,1676066400000,-0.007292359519778836,-0.020940700645454356,-0.01797588611511244
UNIUSDT,1676069999999,LONG,-0.08771859686793657,0.47097122923193024,1676070000000,0.004413626332526115,0.018779894651596275,0.007867861200613738
UNIUSDT,1676091599999,SHORT,0.3618214722385347,-0.030283503940293034,1676091600000,0.00576550097281358,0.006234434158428942,0.006234434158428942
UNIUSDT,1676102399999,LONG,-0.3110512712236377,0.11177356980038745,1676102400000,-0.0020304575503819517,-0.0006243171733922023,-0.0012490243622234093
UNIUSDT,1676156399999,SHORT,0.06682286614714303,-0.1613328433781299,1676156400000,0.0003087849337488221,0.001390283687289127,-0.00569538982767077
UNIUSDT,1676177999999,LONG,-0.03166601637951222,0.21839266574349592,1676178000000,0.006325717305685119,0.007555351644449403,0.010775966344491518
UNIUSDT,1676195999999,SHORT,0.04284040057850219,-0.1343227303640979,1676196000000,0.003524097725210476,0.010300652226889853,0.02917649539741864
UNIUSDT,1676228399999,LONG,-0.013635183093557296,0.007896909737555245,1676228400000,0.0038565416097536376,-0.018721295608208968,-0.019981932396653593
UNIUSDT,1676267999999,SHORT,0.1647869997925584,-0.5438704716250726,1676268000000,-0.0011043623430532275,0.028175387068196143,0.03273194499255144
UNIUSDT,1676278799999,LONG,-0.20920417893222437,0.23574359780389878,1676278800000,-0.012103754640239143,0.003203077690504115,-0.0038572853997579305
UNIUSDT,1676296799999,SHORT,0.23339536687591675,-0.3561771572961767,1676296800000,-0.008366903194681334,0.009415653976673502,-0.005478582829856379
UNIUSDT,1676685599999,LONG,-0.5541566869874572,0.8037926370277758,1676685600000,-0.014819348968502222,-0.014094868751347038,-0.0055854065720642165
UNIUSDT,1676750399999,SHORT,0.029876646831809905,-0.0034133698480047284,1676750400000,0.0077275713678948,0.0057183858469949085,-0.0029891133208875625
UNIUSDT,1676757599999,LONG,-0.015651058347533484,0.0397506966238557,1676757600000,0.0011433472733307628,0.00042890843462583926,0.007408496628913696
UNIUSDT,1676771999999,SHORT,0.20428370829205028,-0.7958809169012551,1676772000000,0.0017167386190545851,-0.012076583513281334,-0.03662796313964411
UNIUSDT,1677074399999,LONG,-1.6224101883010256,0.007285091594217645,1677074400000,-0.0101508992270939,-0.023207638664958723,0.003456722439558622
UNIUSDT,1677081599999,SHORT,0.0024399735094381187,-0.07823757554484391,1677081600000,0.0029603337190581727,-0.00530661622648703,-0.03528496715967103
UNIUSDT,1677103199999,LONG,-0.35780032129696693,0.01190939074647878,1677103200000,0.01396183238176876,0.018429020443212058,0.020439937524187646
UNIUSDT,1677106799999,SHORT,0.01190939074647878,-0.2295728292190956,1677106800000,-0.0015874164528318939,-0.015761896737827907,-0.00877135539496221
UNIUSDT,1677142799999,LONG,-0.019620106479598397,0.038180998931944175,1677142800000,-0.0021500760809192924,-0.007906315892056828,-0.007906315892056828
UNIUSDT,1677160799999,SHORT,0.21837316868801465,-0.7587761514171345,1677160800000,-0.005010389123179059,0.016058211247974293,-0.0015774004848129223
UNIUSDT,1677329999999,LONG,-0.05324623407439377,0.06825517095646587,1677330000000,0,-0.005520639692124053,-0.013549091029034307
UNIUSDT,1677394799999,SHORT,0.24142308858009887,-1.0148415051008213,1677394800000,-0.0001528701371164472,0.0004587506770568347,-0.00897959005330414
UNIUSDT,1677416399999,LONG,-0.12366973310092687,0.06731277704624802,1677416400000,0.0027637051216179423,0.0026103661655557525,0.012832440069884578
UNIUSDT,1677531599999,SHORT,0.15826614812175976,-0.009232561017548054,1677531600000,-0.0015605496300607684,-0.00436341661606114,-0.01164519021247254
UNIUSDT,1677535199999,LONG,-0.009232561017548054,0.19541339269798427,1677535200000,0.003580048963410777,0.0063729134630442314,0.011935350549272854
UNIUSDT,1677549599999,SHORT,0.14668279857515032,-0.31431773779520655,1677549600000,-0.0012385819821525608,-0.005253411340425496,-0.01308214117050151
UNIUSDT,1677610799999,LONG,-0.030924316594417335,0.07126093692635083,1677610800000,-0.009600073729019342,-0.019911823430745018,0.032231975511881526
UNIUSDT,1677621599999,SHORT,0.04459999006240413,-0.707467449936244,1677621600000,-0.007921141052068512,-0.019762878812349824,-0.05461694006604063
UNIUSDT,1677646799999,LONG,-0.35237240547935617,0.4625520331437428,1677646800000,-0.005028852485305218,0.0019161329467947714,0.004563193315970124
UNIUSDT,1677675599999,SHORT,0.0341458379357873,-0.31535531493710683,1677675600000,0.0005891884100331461,-0.0026470603691752114,-0.002940746127526929
UNIUSDT,1677977999999,LONG,-0.45643934275176734,0.06562942009447116,1677978000000,0.007399100830325192,0.014902927849912956,0.014743856824364696
UNIUSDT,1677985199999,SHORT,0.19123126193499362,-0.5084188877507004,1677985200000,-0.003854807214755884,-0.0051364478900311344,-0.010087348364538977
UNIUSDT,1678121999999,LONG,-0.06916134069836063,0.1788965942235354,1678122000000,-0.0038968173386010286,-0.01694423971650006,-0.005459806090676408
UNIUSDT,1678125599999,SHORT,0.1788965942235354,-0.006854249228294604,1678125600000,0.0009376465759635034,0.009258598895911227,-0.0003123535867968965
UNIUSDT,1678597199999,LONG,-0.352913125916136,0.13191034442653574,1678597200000,-0.004596863845403703,0.00036683786178073636,-0.0014686986300808036
UNIUSDT,1678604399999,SHORT,0.11694008800901516,-0.2582489253793808,1678604400000,-0.0011047690315333732,-0.008621533729941691,-0.04061563572053097
UNIUSDT,1679014799999,LONG,-0.061765030123608164,0.18410607965092723,1679014800000,0.028175630168571875,0.03497330203765623,0.054769449523305716
UNIUSDT,1679104799999,SHORT,0.07578906781472292,-0.2792945309688106,1679104800000,-0.007816730734948657,-0.005064856196007003,-0.000615289974803114
UNIUSDT,1679435999999,LONG,-0.04599916773581524,0.04474499166887341,1679436000000,-0.0014054816087349209,-0.006418808731169863,-0.015570024377385687
UNIUSDT,1679439599999,SHORT,0.04474499166887341,-0.39761525635268347,1679439600000,-0.0034321406545882497,0.0010945196933495975,0.011631693543739299
UNIUSDT,1679572799999,LONG,-0.3809976155542868,0.37556774627652534,1679572800000,-0.004548415898665805,0.0365991524483297,0.01096078026831524
UNIUSDT,1679608799999,SHORT,0.24743315919483366,-0.5115407273623873,1679608800000,-0.00628983607395178,-0.011581277908024679,0.03876134610123042
UNIUSDT,1679867999999,LONG,-0.4962467182911048,0.3231903898350599,1679868000000,0.004333889075217628,-0.0027835786936463705,-0.000695168606375856
UNIUSDT,1679882399999,SHORT,0.22057426762559715,-0.17839726770640107,1679882400000,-0.0010449321744935213,0.004890839443499615,-0.007983381519414334
UNIUSDT,1679893199999,LONG,-0.13949628512207382,0.06007847226562244,1679893200000,-0.009237538454549773,-0.0036499562551161914,-0.03065239097026791
UNIUSDT,1679896799999,SHORT,0.06007847226562244,-0.20673320188842234,1679896800000,-0.005413442016146291,-0.007153480736019605,0.020342082879491113
UNIUSDT,1680051599999,LONG,-0.5087619125698515,0.03766767990823163,1680051600000,0.007361156238731551,0.01922972553315967,0.02812314768716064
UNIUSDT,1680155999999,SHORT,0.1604220997742044,-0.07948087119950645,1680156000000,0.0008445233168101765,0.004568922407792683,0.013598713722528171
UNIUSDT,1680163199999,LONG,-0.08773360273444941,0.04903886910040246,1680163200000,-0.005419149587205412,0.0035404234907769057,-0.008480376467590133
UNIUSDT,1680166799999,SHORT,0.04903886910040246,-0.42629124821229863,1680166800000,-0.0011879509246017818,-0.00980068676202297,-0.003897979683466966
UNIUSDT,1680271199999,LONG,-0.02301852987653801,0.23171064986082593,1680271200000,0.007915608612661218,0.0057779772798886315,0.009064750986511232
UNIUSDT,1680328799999,SHORT,0.23585608736383581,-0.6890380563729827,1680328800000,0.006433011875751424,-0.011931170381244078,0.0027990468591593065
UNIUSDT,1680587999999,LONG,-0.10626825143638967,0.3534210282159691,1680588000000,0.0069368351930943544,0.01833679100746069,0.039286010747088235
UNIUSDT,1680685199999,SHORT,0.02207764836914833,-0.8386860788054644,1680685200000,0.00443881515121095,0.004121102678323868,0.019325044425685174
UNIUSDT,1680940799999,LONG,-0.5476468342900858,0.2716370935612808,1680940800000,-0.006157962373549006,-0.004823294174089715,-0.018419810806350124
UNIUSDT,1680955199999,SHORT,0.00890717060611772,-0.1042394503568786,1680955200000,0.004176068877037844,0.0021693792404488136,0.014946957252949143
UNIUSDT,1681005599999,LONG,-0.2166772093350064,0.0020697634673857166,1681005600000,-0.004545079787883521,-0.010807264930089294,-0.015060780488145766
UNIUSDT,1681012799999,SHORT,0.09694582317336929,-0.031973401913070146,1681012800000,-0.002710947102503764,0.008690520743203046,0.009032869257330605
UNIUSDT,1681077599999,LONG,-0.20916846487329038,0.0677469688616996,1681077600000,0.0023592865679033146,-0.013418460358223677,-0.0071114420934610826
UNIUSDT,1681084799999,SHORT,0.08902934330470458,-0.2940098000202231,1681084800000,0.0013550137574596468,0.005260937038620042,0.006623103092936031
UNIUSDT,1681433999999,LONG,-0.16755669976763027,0.022846410347617384,1681434000000,0.0059551970386739145,0.006267648220719063,-0.02112698705494394
UNIUSDT,1681441199999,SHORT,0.027390949718247064,-0.17023694818623705,1681441200000,0.000625390889676531,-0.0031211011603388505,0.01989015847921946
UNIUSDT,1681498799999,LONG,-0.39410286014577484,0.46731741034616314,1681498800000,0.005856763872332748,0.00031746032012655356,-0.009090246791204286
UNIUSDT,1681509599999,SHORT,0.3766570905110909,-0.7824158655362563,1681509600000,-0.0006350214533127773,0.004296974861776276,-0.0007937138284771903
UNIUSDT,1681847999999,LONG,-0.07087137377938657,0.18038862193925592,1681848000000,0.005541057476656,0.004909345516292845,-0.006210705527784846
UNIUSDT,1681880399999,SHORT,1.132131868006503,-0.19774454776043926,1681880400000,-0.0004735222249319739,0.06894776447054733,0.06827140326789458
UNIUSDT,1682240399999,LONG,-0.20855386005897644,0.5807624842938754,1682240400000,-0.001996189756412079,-0.002177859300012927,-0.024221367588628643
UNIUSDT,1682261999999,SHORT,0.14538673646215508,-0.030624836892357198,1682262000000,0.0031275897079519766,0.01797842882262506,-0.004947330292469362
UNIUSDT,1682283599999,LONG,-0.001346851006613102,0.23744114643572506,1682283600000,0.0016702240126632755,0.015481326519276391,-0.0018590821491273027
UNIUSDT,1682294399999,SHORT,0.2469820251843028,-0.2528030327356947,1682294400000,-0.007895019435179902,-0.008260717007366532,-0.0031287409345312767
UNIUSDT,1682344799999,LONG,-0.3764954341530362,0.11704215192783889,1682344800000,-0.007355678623243342,-0.01867830538732343,-0.024481934894406327
UNIUSDT,1682355599999,SHORT,0.19772270726216928,-0.1021118570435342,1682355600000,-0.007494882376621922,-0.00898714156046027,-0.004316418449901904
UNIUSDT,1682380799999,LONG,-0.25836400410732485,0.19347002038835856,1682380800000,-0.0048671005850669784,-0.009004000053954143,-0.0058058033668469825
UNIUSDT,1682384399999,SHORT,0.19347002038835856,-0.003681586677843619,1682384400000,0.0005631159229047887,-0.0020620496574581914,0.002254368792443726
UNIUSDT,1682387999999,LONG,-0.003681586677843619,0.001983611816015187,1682388000000,-0.0013154187746608345,0.0041229443711056826,-0.005838607790579418
UNIUSDT,1682391599999,SHORT,0.001983611816015187,-0.019946213343757214,1682391600000,0.0020705889750700524,0.001882176350866982,0.010966266071209575
UNIUSDT,1682398799999,LONG,-0.07571604582416963,0.2056859405831902,1682398800000,0.0011227546089613064,-0.004503666835431816,-0.011865663276501038
UNIUSDT,1682409599999,SHORT,0.10589526564675433,-0.18875016822586496,1682409600000,-0.0067937607974055125,-0.008109426808069116,-0.004911230120961982
UNIUSDT,1682427599999,LONG,-0.0911586265200493,0.024225779518645903,1682427600000,-0.004335130717291988,-0.007361996441069194,0.022134261766695744
UNIUSDT,1682431199999,SHORT,0.024225779518645903,-0.012373759984460104,1682431200000,0.006254166126232109,-0.0069660453019026874,-0.02702615333442849
UNIUSDT,1682441999999,LONG,-0.07361744594385551,0.08072994271180843,1682442000000,0.009993483754222385,0.02267076017228192,0.03445726862798248
UNIUSDT,1682463599999,SHORT,0.006056822284734736,-0.08132985498568691,1682463600000,-0.0033088265482530623,-0.0023908057365113243,-0.024553384050990876
UNIUSDT,1682560799999,LONG,-0.274084855814683,0.02165727321357738,1682560800000,0.004030047586678571,-0.0029411785908162623,-0.005521825184307973
UNIUSDT,1682564399999,SHORT,0.02165727321357738,-0.019309472769213226,1682564400000,0.0077092892833680845,0.012326528994211884,0.008631033288161978
UNIUSDT,1682571599999,LONG,-0.0089983979421803,0.10099152362663823,1682571600000,-0.004225229028639075,-0.013286779706213912,0.006577769011701427
UNIUSDT,1682575199999,SHORT,0.10099152362663823,-0.1509437676488409,1682575200000,0.005538134885971264,0.006464146619889238,-0.014075728234184428
UNIUSDT,1682578799999,LONG,-0.1509437676488409,0.026138528772560093,1682578800000,-0.0035234157916036023,0.002588280239550073,0.026848475973340495
UNIUSDT,1682582399999,SHORT,0.026138528772560093,-0.3598637128418316,1682582400000,-0,-0.00426360827543561,-0.03217239639251227
UNIUSDT,1683169199999,LONG,-0.22581960982038643,0.03030733147423196,1683169200000,-0.003542466648523709,-0.005224867269675971,-0.018597323815589515
UNIUSDT,1683212399999,SHORT,0.08468027372996634,-0.32177458022447486,1683212400000,-0.00018959143103531128,0.0070402726337442595,-0.007932052919903993
UNIUSDT,1683215999999,LONG,-0.32177458022447486,0.01591922853365156,1683216000000,0.0013261345128103175,-0.00952388151125559,0.004728141195945896
UNIUSDT,1683223199999,SHORT,0.04780921741189181,-0.33480031246040587,1683223200000,0.005142378725665422,0.0043788742029869385,-0.00341361985192438
UNIUSDT,1683316799999,LONG,-0.013038202620999771,0.33284514795843895,1683316800000,-0.002353581243949666,0.0019871743509691482,-0.005257921640922366
UNIUSDT,1683374399999,SHORT,0.010156433355235629,-0.056177834960578654,1683374400000,0.002381171561951706,0.03575799957478136,0.03386370084579751
UNIUSDT,1683755999999,LONG,-0.18172845166214383,0.9931332650134036,1683756000000,0.003352068602618373,0.01703752168787277,0.007085249085246551
UNIUSDT,1683777599999,SHORT,0.3944288905629476,-0.13624285787298093,1683777600000,-0.006433397761690075,-0.006433397761690075,0.002349717157072748
UNIUSDT,1683788399999,LONG,-0.22914036254132797,0.3417903282045866,1683788400000,0.0019451474718923075,-0.007034026657380048,-0.023243118443429578
UNIUSDT,1683795599999,SHORT,0.2564066806793875,-0.30749721469714053,1683795600000,0.003328441643577435,0.0023483376741073965,0.014570054950868187
UNIUSDT,1683842399999,LONG,-0.23856924110165342,0.33906129767624543,1683842400000,0.000790982837364434,-0.007745049141815055,-0.0027733773719408506
UNIUSDT,1683867599999,SHORT,0.08169804262770138,-0.03774857994575316,1683867600000,0.00883362499907125,0.0020008009875957613,-0.010142276459934492
UNIUSDT,1683881999999,LONG,-0.050051249588752796,0.39496728756672317,1683882000000,0.009767844033367407,0.02179598865249309,0.025122476408319595
UNIUSDT,1683907199999,SHORT,0.43244497756368655,-0.0694267358362611,1683907200000,0.001976675875872536,-0.01509092823149261,-0.01567430209344329
UNIUSDT,1684126799999,LONG,-0.022788911376675287,0.05655758325166369,1684126800000,-0.0009660903079678797,0.005777023576922301,-0.005616360265341594
UNIUSDT,1684148399999,SHORT,0.2091929957167539,-0.4876662570371676,1684148400000,0.005985151566794716,0.007341609482368838,0.008505753967742648
UNIUSDT,1684270799999,LONG,-0.04842550595551482,0.22971260102721966,1684270800000,0.006245141296780877,0.015154748946179908,0.005271905210228815
UNIUSDT,1684310399999,SHORT,0.03503879600191369,-0.04338495933183761,1684310400000,-0.00038955980235539376,0.0017548995436783388,-0.029938908505676598
UNIUSDT,1684400399999,LONG,-0.06960721479590534,0.08679106632779947,1684400400000,-0.0043099476442078856,-0.009015838681620652,-0.012607185514900669
UNIUSDT,1684403999999,SHORT,0.08679106632779947,-0.04700802556797968,1684404000000,-0.0013134442267247045,0.003385370921779379,0.004139234508178977
UNIUSDT,1684479599999,LONG,-0.759081697436836,0.13822374787271588,1684479600000,0.0020717589103498597,0.00018851918238507303,0.006202444468246377
UNIUSDT,1684493999999,SHORT,0.05186379541674171,-0.041540204366371805,1684494000000,-0.0003768607544130919,-0.0030109168399496027,-0.0009418857247142301
UNIUSDT,1684501199999,LONG,-0.014143890277922554,0.10615799773573152,1684501200000,0.0020694203603847344,0.0024452189367729195,-0.005665737535677196
UNIUSDT,1684529999999,SHORT,0.35078296474882564,-0.40471744675804855,1684530000000,0.002443839922934254,0.008674389673570248,0.008295673516799981
UNIUSDT,1684792799999,LONG,-0.37275913259010585,0.2809206253989494,1684792800000,-0.002560316514325612,0.0049053370214532715,0.006665384410389584
UNIUSDT,1684803599999,SHORT,0.009546285696423977,-0.07981095350420112,1684803600000,-0.00864955264801412,-0.015865576158905728,-0.01216655510091678
UNIUSDT,1684814399999,LONG,-0.014143388781165117,0.0896629696349245,1684814400000,-0.009284399381004326,-0.014935783417601926,-0.014154380760143304
UNIUSDT,1684828799999,SHORT,0.004619012336763441,-0.008504885410859978,1684828800000,0.0025432861209681787,-0.00214697066953428,0.013177494251681535
UNIUSDT,1685055599999,LONG,-0.19737049983378702,0.1527180926106009,1685055600000,0.0006063668705245394,0.0006063668705245394,0.008054816002141581
UNIUSDT,1685080799999,SHORT,0.18887902077115498,-0.05543507996436987,1685080800000,-0.004424785980355636,-0.005026651782454219,-0.0006045340234488908
UNIUSDT,1685159999999,LONG,-1.2058486253618246,0.1094700906780128,1685160000000,0.002801682841237346,0.0047980899726744,0.002601822742640618
UNIUSDT,1685300399999,SHORT,0.16432756548407773,-0.060383606333596206,1685300400000,0.0017774271490935052,-0.01643872634315994,-0.017020855010030856
UNIUSDT,1685440799999,LONG,-0.06667436243039808,0.06367276120812265,1685440800000,0.0013517429884855442,-0.0032904316922796745,-0.006786259684359017
UNIUSDT,1685491199999,SHORT,0.031062798284977582,-0.19481083811419475,1685491200000,-0.0031110272029266682,-0.0025284463533586906,0.017682189574949284
UNIUSDT,1685494799999,LONG,-0.19481083811419475,0.0014300573419641547,1685494800000,-0.0013596195160397067,-0.017820896570111548,-0.021780513701558632
UNIUSDT,1685498399999,SHORT,0.0014300573419641547,-0.06426468446648263,1685498400000,-0,0.026389873308425186,0.01863712599874443
UNIUSDT,1685509199999,LONG,-0.2019239449069349,0.014970531158070158,1685509200000,-0.009928596254353309,0.0011848342618317686,-0.009130670818042166
UNIUSDT,1685512799999,SHORT,0.014970531158070158,-0.24486991195989785,1685512800000,-0.004778030192937932,-0.013478895841520257,-0.004380731816635338
UNIUSDT,1685519999999,LONG,-0.20074555773572303,0.2183881052558232,1685520000000,0,-0.00435127268820052,-0.008920665758379376
UNIUSDT,1685527199999,SHORT,0.20366326181326666,-0.06142762401206404,1685527200000,0.00552814833319231,0.005726148531839427,0.01667697971859108
UNIUSDT,1685541599999,LONG,-0.0021330675217255484,0.019495443592388355,1685541600000,0.0007919224329928518,-0.003173976082555697,-0.0045657647553783735
UNIUSDT,1685545199999,SHORT,0.019495443592388355,-0.028176073461575635,1685545200000,0.004363354800590113,0.003767229596647477,0.01615995266130674
UNIUSDT,1685555999999,LONG,-0.03327946832007315,0.4360154217667264,1685556000000,0,-0.007777484612607223,-0.002585779660555697
UNIUSDT,1685570399999,SHORT,0.19765350617515215,-0.03162492898184239,1685570400000,0.00040040040574986874,-0.005986846858068959,-0.006384698464669616
UNIUSDT,1685573999999,LONG,-0.03162492898184239,0.149494060253878,1685574000000,0.005192741846056231,-0.00441501820911672,0.00539192519498692
UNIUSDT,1685584799999,SHORT,0.08515495391527228,-0.0314484696096971,1685584800000,0.010603280296674707,0.0007963368925710924,0.0009955202415018161
UNIUSDT,1685599199999,LONG,-0.07870299654894816,0.35766137251450053,1685599200000,-0.00019922303084108275,0.0015923570243632046,-0.00019922303084108275
UNIUSDT,1685649599999,SHORT,0.18768847650297235,-0.05125456459691871,1685649600000,0.0011992805754821268,0.005608989064182312,-0.009147011478662063
UNIUSDT,1685671199999,LONG,-0.5525859887869102,0.11559696243428061,1685671200000,0.004982571344464093,0.011126679464757053,0.006373253996329468
UNIUSDT,1685887199999,SHORT,0.16881216031806903,-0.05182347605460692,1685887200000,0.006898618075642664,0.01245198419219807,0.01763644246477171
UNIUSDT,1686095999999,LONG,-0.08402001043819227,0.10453049890866775,1686096000000,-0.0020986366569211382,-0.003570307268377319,-0.012658396871923354
UNIUSDT,1686196799999,SHORT,0.11785567820016644,-0.018187461291065556,1686196800000,-0.0057218465967444915,-0.009882588392495653,-0.022909259792504258
UNIUSDT,1686200399999,LONG,-0.018187461291065556,0.1253703365741044,1686200400000,-0.0030769255044793085,0.00721551179070815,0.014379332724342832
UNIUSDT,1686261599999,SHORT,0.06320641987989471,-0.1186697130856614,1686261600000,-0.0017278622009370187,0.0015143323607792094,0.004549894101977254
UNIUSDT,1686553199999,LONG,-0.17907438157251707,0.02041429784843241,1686553200000,-0.00590552897404141,0.02208023707983801,0.026868371676528023
UNIUSDT,1686585599999,SHORT,0.7470392376096642,-0.0511554065333663,1686585600000,-0.000726480235365932,-0.01943206160917195,-0.044072519787703
UNIUSDT,1686603599999,LONG,-0.26130979013350947,0.15034292194969592,1686603600000,0.0016433857437298416,-0.00235238875827891,0.021616181576158074
UNIUSDT,1686617999999,SHORT,0.1789325813606656,-0.12387950155501021,1686618000000,-0.012640617750833808,-0.018670320620531918,-0.05007936588382231
UNIUSDT,1686621599999,LONG,-0.12387950155501021,0.17545455298459042,1686621600000,0.003714887021246722,0.004178279059195958,0.01935098392252745
UNIUSDT,1686729599999,SHORT,0.09922411217955387,-0.549229242142223,1686729600000,-0.014615734021420171,-0.033776904194178156,-0.0690707682737483
UNIUSDT,1686772799999,LONG,-0.23463486900098562,0.014759957160309114,1686772800000,-0.051488542956826575,-0.04006767875337035,-0.03689307291259773
UNIUSDT,1686776399999,SHORT,0.014759957160309114,-0.007128104731679118,1686776400000,-0.016853052034034675,-0.030980431293245195,-0.0022941051584685706
UNIUSDT,1686779999999,LONG,-0.007128104731679118,0.03556601528151611,1686780000000,-0.0011298159602007348,0.0013540963477292301,-0.01938266129370557
UNIUSDT,1686787199999,SHORT,0.09363151252822897,-0.10394418396045452,1686787200000,-0.019789267331984165,-0.03591330522621261,0.005465738954355469
UNIUSDT,1686790799999,LONG,-0.10394418396045452,0.030073169191074497,1686790800000,-0.01277328291148121,0.015027907125703547,-0.027541244136302146
UNIUSDT,1686794399999,SHORT,0.030073169191074497,-0.19614020947473337,1686794400000,-0.006967103134342671,-0.012327848605675288,0.012253386805765001
UNIUSDT,1686812399999,LONG,-0.13909748616252227,0.17795743138410203,1686812400000,-0.003841378579730348,-0.02396554273427636,-0.012938552985361524
UNIUSDT,1686819599999,SHORT,0.8659860298251588,-0.05556068831496904,1686819600000,0.004823714418139488,-0.0011450819984743918,-0.024446667881973864
UNIUSDT,1686880799999,LONG,-0.6580586128388931,0.13733478726918874,1686880800000,0.0011270146577785432,0.0076387700128344015,-0.009062137231701307
UNIUSDT,1686887999999,SHORT,0.0199409243171224,-0.0307374861402787,1686888000000,-0.0002260142398589746,-0.0031595602903682967,-0.008552831790307015
UNIUSDT,1686895199999,LONG,-0.09826889251600932,0.05441277946355537,1686895200000,-0.005612316897745806,-0.004937173404113597,0.018190386217885553
UNIUSDT,1687021199999,SHORT,1.1501941372044961,-0.006233061512774894,1687021200000,0.005720587657732604,0.007266353671602934,0.006603589922610773
UNIUSDT,1687028399999,LONG,-0.09964057933550045,0.41850346414517436,1687028400000,-0.003305788134499433,-0.0026437556707298014,-0.009061836792052993
UNIUSDT,1687039199999,SHORT,0.28592967649109774,-0.02571110084277054,1687039200000,-0.0033145539129009007,0.0037698237350157343,-0.001548159106078064
UNIUSDT,1687057199999,LONG,-0.1701793930633163,0.072293608004199,1687057200000,0.0017699119664584136,-0.0026607554500264015,0.013635575242959353
UNIUSDT,1687078799999,SHORT,0.05511459052497194,-0.11749541800135023,1687078800000,-0.006429464560499369,-0.013476399690355618,0.002895647418087728
UNIUSDT,1687093199999,LONG,-0.04670402031496273,0.07408516820686184,1687093200000,-0.0013175232472406023,0.009391791213303597,-0.02263745135897288
UNIUSDT,1687147199999,SHORT,0.0538468674941935,-0.21688248358727508,1687147200000,-0.006485542133597875,0.00044883304164605676,0.009694586129874179
UNIUSDT,1687157999999,LONG,-0.21969867215354988,0.3637102791261247,1687158000000,-0.0035850363290709977,-0.01102001481658916,-0.015098878391410086
UNIUSDT,1687161599999,SHORT,0.3637102791261247,-0.34842386331534336,1687161600000,0.002247191956904721,-0,0.006982796702738902
UNIUSDT,1687291199999,LONG,-0.008071926946973233,0.02892561374481927,1687291200000,-0.0015262185454667017,-0.004148024722846495,0.00021784119463135636
UNIUSDT,1687294799999,SHORT,0.02892561374481927,-0.04291563761050148,1687294800000,0.005690538446367983,-0.0034858423096859386,0.001091822359798689
UNIUSDT,1687298399999,LONG,-0.04291563761050148,0.00462480614005475,1687298400000,-0.0010980565504307405,0.013300097939916199,0.0076528196821492945
UNIUSDT,1687301999999,SHORT,0.00462480614005475,-0.3301860875637683,1687302000000,-0.00416530252557764,-0.013528462927532221,-0.00021965952861535866
UNIUSDT,1687305599999,LONG,-0.3301860875637683,0.17448214392488784,1687305600000,0.005889426991382631,0.012176710575255285,0.0008746993778773272
UNIUSDT,1687395599999,SHORT,0.03693457228718385,-0.010198669277813639,1687395600000,-0.0018467225931647112,0.00041084634924655683,0.017193587714382327
UNIUSDT,1687402799999,LONG,-0.06454788922549755,0.05866433401633611,1687402800000,-0.006964387018469336,-0.01729505740634881,-0.038918656307152286
UNIUSDT,1687406399999,SHORT,0.05866433401633611,-0.17477248809456886,1687406400000,-0.0006165861874514965,0.004326781242773812,0.02751319854772542
UNIUSDT,1687496399999,LONG,-0.02806381446096977,0.18672717041834924,1687496400000,0.0020946802799337283,0.004184982044384956,0.02177831588692703
UNIUSDT,1687579199999,SHORT,0.9682323322508133,-0.033000666203663945,1687579200000,0.0010310342185647508,0.011400268561876937,0.028642074996383004
UNIUSDT,1687582799999,LONG,-0.033000666203663945,0.3409174102043896,1687582800000,0.002884221200079472,-0.006831617502358782,-0.028247510513953484
UNIUSDT,1687589999999,SHORT,0.449401861696576,-0.15764540903073376,1687590000000,0.0074766703430202515,0.0024860174394619014,0.020908141938836253
UNIUSDT,1687723199999,LONG,-0.14783063927789913,0.5051535007726708,1687723200000,0.0005637508370673312,0.018991447722920655,0.018068853322208818
UNIUSDT,1687827599999,SHORT,0.10177138746712538,-0.11347393920072715,1687827600000,-0.006828554606859989,-0.007962127371359078,-0.014736711053114105
UNIUSDT,1687831199999,LONG,-0.11347393920072715,0.09131314331840196,1687831200000,0.0022658619966257607,-0.0018921481520378152,0.0015111449796700075
UNIUSDT,1687845599999,SHORT,0.25645176176293105,-0.07029429795769221,1687845600000,0.0026545332235437093,-0.002836344909911003,-0.0043457791587654905
UNIUSDT,1687859999999,LONG,-0.12497542582684626,0.10735638519160355,1687860000000,0.007711878717100695,0.0003775722151708866,-0.0022684319746282653
UNIUSDT,1687906799999,SHORT,0.25936293459173,-0.12506570143868034,1687906800000,-0.005318151185756773,0.02389784185415884,0.028393988613233525
UNIUSDT,1688097599999,LONG,-0.10363133525725353,0.023192076622489947,1688097600000,-0.0019305025300578502,-0.008522228608122934,-0.039737722382223145
UNIUSDT,1688111999999,SHORT,0.19640936916671853,-0.08944623045268776,1688112000000,0.0019470411135398562,-0.009871366328421319,-0.022312908763943318
UNIUSDT,1688115599999,LONG,-0.08944623045268776,0.090331731249426,1688115600000,-0.0037098548845940376,0.022737010310334867,0.03070669196216703
UNIUSDT,1688119199999,SHORT,0.090331731249426,-0.29033731135883917,1688119200000,-0.013603008046508781,0.028780392700167603,-0.04158085345194558
UNIUSDT,1688126399999,LONG,-0.13288247315715276,0.24204304308105679,1688126400000,0.010918602868373832,-0.04108686010252148,0.014531804479245639
UNIUSDT,1688191199999,SHORT,0.10520300631213483,-0.10546346611158453,1688191200000,-0.004208116385827103,-0.00516204186119785,-0.05427905682615282
UNIUSDT,1688198399999,LONG,-0.1808432154137912,0.1350633339146319,1688198400000,0.0007661367928854477,0.01860342186092531,0.059327612087494
UNIUSDT,1688360399999,SHORT,0.7148669271689568,-0.2885709430492338,1688360400000,0.0033406624474791365,0.005103398669824477,0.016459092023497907
UNIUSDT,1688619599999,LONG,-0.3030787536309078,0.6971944336082218,1688619600000,0.015149005762405658,0.03763001054430617,-0.004103717753076055
UNIUSDT,1688666399999,SHORT,0.10232193089333885,-0.07598809060582,1688666400000,-0.00962435709577299,-0.002600298641990584,-0.00962435709577299
UNIUSDT,1688677199999,LONG,-0.06853870186665795,0.48951378635247444,1688677200000,-0.006655598611736063,-0.025001302205417155,0.006245428088749064
UNIUSDT,1688684399999,SHORT,0.06095500799735913,-0.0032796575513300433,1688684400000,0.020696881771154862,-0.0024179310580469886,-0.018085010340929734
UNIUSDT,1688702399999,LONG,-0.048499275883708656,0.060706215599314224,1688702400000,-0.006772241495670216,-0.008426501591696802,0.01268822532390922
UNIUSDT,1688705999999,SHORT,0.060706215599314224,-0.20698843173088585,1688706000000,0.0031264393282537002,-0.002750528918448951,-0.008775193421514383
UNIUSDT,1688727599999,LONG,-0.03127941881693218,0.2502487962799447,1688727600000,-0.0058694225728058436,0.014164028331883245,-0.0007317965932141176
UNIUSDT,1688763599999,SHORT,0.577638642216794,-0.011918309914717248,1688763600000,-0.002731495825609655,0.009159250695911971,0.014695341602115573
UNIUSDT,1688767199999,LONG,-0.011918309914717248,0.4856801000589858,1688767200000,-0.006566969969936271,-0.01115287179760149,-0.022431534391752318
UNIUSDT,1688770799999,SHORT,0.4856801000589858,-0.39322132480669136,1688770800000,-0.0023768180126217727,0.004770651249796912,0.021462433446986062
UNIUSDT,1689159599999,LONG,-0.048516577792888815,0.07620391526958116,1689159600000,0.005832017282547898,0.0032024139641253784,-0.009288285902353833
UNIUSDT,1689224399999,SHORT,0.285260188816147,-0.24862798197439578,1689224400000,-0.004200884543367128,-0.019892670742203227,-0.07428563938346862
UNIUSDT,1689242399999,LONG,-0.08923388809180803,0.13599018433983087,1689242400000,-0.0011183598556131229,-0.000372647665948349,0.06403774375758452
UNIUSDT,1689249599999,SHORT,0.07088565195525802,-0.16711054916056536,1689249600000,0.003557057012705321,-0.030188193376298175,-0.09308211721121487
UNIUSDT,1689278399999,LONG,-0.08579198284735721,0.09810638650561497,1689278400000,-0.005413442016146331,0.02255799484151027,0.028499782970261314
UNIUSDT,1689332399999,SHORT,0.09529777857677821,-0.18759762062228016,1689332400000,-0.0032282756777032256,-0.013690740334919542,0.014225966197143782
UNIUSDT,1689343199999,LONG,-0.19533272040186667,0.07865949297024347,1689343200000,0.006568444668532467,0.011925899304307406,-0.017213889049393433
UNIUSDT,1689350399999,SHORT,0.09056290447012182,-0.019640546301934715,1689350400000,-0.015317766351993055,0.043072103647889444,0.035992733668682185
UNIUSDT,1689407999999,LONG,-0.3916442507100717,0.07787102684935134,1689408000000,-0.007985770074836755,-0.003730082317413303,-0.015348186689004674
UNIUSDT,1689436799999,SHORT,0.04429266809642043,-0.10711352258473487,1689436800000,0.008073564424567926,0.00445816924949882,0.018301615797806224
UNIUSDT,1689469199999,LONG,-0.09428413167713408,0.23504576807162225,1689469200000,-0.00034536349851133107,-0.006756197202258821,0.0008628872741805984
UNIUSDT,1689472799999,SHORT,0.23504576807162225,-0.16212618900893827,1689472800000,0.008848847537694418,0.0046749284345308844,-0.002932300505570585
UNIUSDT,1689677999999,LONG,-0.08299013855511418,0.061679378866794074,1689678000000,-0.010573502330463684,-0.03339950162748213,-0.046196443394567625
UNIUSDT,1689681599999,SHORT,0.061679378866794074,-0.05004344979930916,1689681600000,0.012671937854488571,0.028698992098719813,0.034775985817404834
UNIUSDT,1689706799999,LONG,-0.032329458638348574,0.37800670646880863,1689706800000,-0.011135596761755379,-0.009948653002226698,-0.007409936228705004
UNIUSDT,1689717599999,SHORT,0.03294574243930232,-0.10361491877527473,1689717600000,-0.002715087362791722,-0.014675138964704126,0.002722479136042644
UNIUSDT,1689843599999,LONG,-0.7081059817793628,0.12297270179217235,1689843600000,0.008422145398878705,0.004467617259716052,-0.024850170607290833
UNIUSDT,1689883199999,SHORT,0.024993687306077535,-0.0736744075158178,1689883200000,0.008970187929828078,-0.01305676399580027,-0.03167498034895226
UNIUSDT,1689897599999,LONG,-0.06832842120157785,0.08530757641146527,1689897600000,-0.007847105964874779,0.02577504585986472,0.028526524491420277
UNIUSDT,1689926399999,SHORT,0.268151592165685,-0.053994608454650046,1689926400000,-0.003259455297709296,-0.009908308138268165,-0.014262802560272236
UNIUSDT,1689965999999,LONG,-0.15613930378236707,0.5896509111351791,1689966000000,-0.007854492572420064,-0.009303884886705216,-0.009303884886705216
UNIUSDT,1690063199999,SHORT,0.15676906254537518,-0.16272762850335964,1690063200000,0.0009805524564048909,0.011995871398443448,0.008694993669502698
UNIUSDT,1690091999999,LONG,-0.4246144335759493,0.1490451542834768,1690092000000,0.0027889444703684714,-0.002961502658069274,0.016618173245437132
UNIUSDT,1690178399999,SHORT,0.2605739903121288,-0.03758774587280185,1690178400000,0.004672905699392482,0.026488263100249862,0.03904756797061346
UNIUSDT,1690343999999,LONG,-0.011134418184537368,0.028668953312313228,1690344000000,-0.0058610752165462595,0.0006872852504217678,0.004801106616044421
UNIUSDT,1690473599999,SHORT,0.0845787411904253,-0.009007532599746286,1690473600000,-0.0046149983626964965,-0.0020537402392347527,-0.0242036017408864
UNIUSDT,1690487999999,LONG,-0.09036261312305469,0.22702527790299798,1690488000000,0.0008546278616065241,0.003754911392527759,0.009191554073270292
UNIUSDT,1690538399999,SHORT,0.03269981514505884,-0.03347218948775926,1690538400000,-0.002187264268999964,-0.0005051780860151107,-0.011221958482676944
UNIUSDT,1690563599999,LONG,-0.13561117985891044,0.1437453502590366,1690563600000,-0.0045412574891560255,0.007190065253333447,0.014494214592424507
UNIUSDT,1690577999999,SHORT,0.034398930849204534,-0.03585877491905727,1690578000000,-0.0004997917638395319,-0.006808960957104392,-0.008297425632808645
UNIUSDT,1690671599999,LONG,-0.18276769786202363,0.133505000712836,1690671600000,0.0017417469370398786,0.005373807779425096,0.01009153944202299
UNIUSDT,1690678799999,SHORT,0.14368122393585359,-0.6257829825704745,1690678800000,-0.006016484266496844,-0.009955047845425238,-0.018565668560994154
UNIUSDT,1690696799999,LONG,-0.04457476961493765,0.3437752042285914,1690696800000,-0.008324873335455224,0.0040587005450513705,0.003123538382136247
UNIUSDT,1690999199999,SHORT,0.03269252336749219,-0.3751641006491245,1690999200000,0.0058479698824232115,-0.001618385205153263,-0.0019417481829101624
UNIUSDT,1691132399999,LONG,-0.07746959920578457,0.14346060429180968,1691132400000,0.004744385177454431,0.003927991957157833,-0.0011485767117154534
UNIUSDT,1691146799999,SHORT,0.17028144322872374,-0.11926794611740756,1691146800000,0.0019623882013029992,-0.014113301011984701,0.011171464959382673
UNIUSDT,1691297999999,LONG,-0.324831726065261,0.21464112699421797,1691298000000,-0.0011459443015512643,-0.001637465569741466,-0.016330259806787806
UNIUSDT,1691308799999,SHORT,0.13136688754670647,-0.11065586146419272,1691308800000,-0.0018043144401304536,0.006588724214163146,0.018893502012230418
UNIUSDT,1691312399999,LONG,-0.11065586146419272,0.010696439442364095,1691312400000,-0.005092413469029002,-0.011038912656755486,-0.01818833208630959
UNIUSDT,1691315999999,SHORT,0.010696439442364095,-0.07583018726792627,1691316000000,0.0018135360670738828,0.008103906088754848,0.016776408743786282
UNIUSDT,1691463599999,LONG,-0.5918448077521294,0.3360715181681952,1691463600000,-0.0020505817164874146,0.0006825938831590231,0.007991201243784097
UNIUSDT,1691719199999,SHORT,0.31520584219275355,-0.023842182917622076,1691719200000,0.004879645336259417,-0.005662987385450513,0.0021115901616796133
UNIUSDT,1691726399999,LONG,-0.3637763999223042,0.016315199368012137,1691726400000,0.0017800797644835788,-0.0009722898189392223,-0.0069890572994167266
UNIUSDT,1691791199999,SHORT,0.3317045005862444,-0.10818709940814679,1691791200000,0.00226281008141167,-0.00016143353009479908,0.006803849347668155
UNIUSDT,1691798399999,LONG,-0.31469248461285076,0.7244013765611435,1691798400000,0.007552056460386972,-0.0037165753372838516,-0.007772059847702973
UNIUSDT,1691884799999,SHORT,0.5512443110500118,-0.13134580686210837,1691884800000,0.004832483631156972,0.008067162175321945,0.014731144577513145
UNIUSDT,1691891999999,LONG,-0.3870437546808301,0.46334315191746334,1691892000000,0.0009688358581173689,-0.006970928771632326,-0.01071960890106748
UNIUSDT,1691942399999,SHORT,0.03092232813968232,-0.1892613825841392,1691942400000,0.002457204938540261,-0.009768882636695028,-0.004244904333325036
UNIUSDT,1691974799999,LONG,-0.20882207890735238,0.0547453949825339,1691974800000,0.00212470456657119,0.006523180339123476,0.014133936855562863
UNIUSDT,1691981999999,SHORT,0.06489436068756593,-0.15315025682243036,1691982000000,0.002603320702305615,-0.0017858597164576132,-0.014358559179757018
UNIUSDT,1692028799999,LONG,-0.14821428905673711,0.08634133202898477,1692028800000,0.008556540875354237,-0.0067060765447869534,-0.003666803630201301
UNIUSDT,1692039599999,SHORT,0.04258342949464914,-0.03803705687923179,1692039600000,-0.00016021789668187815,-0.006388777520337759,-0.00016021789668187815
UNIUSDT,1692071999999,LONG,-0.3340257385295327,0.22314518522068363,1692072000000,-0.002718914109987785,-0.004482158936459875,-0.002879080683566301
UNIUSDT,1692075599999,SHORT,0.22314518522068363,-0.47047971257394094,1692075600000,0.00546098369685143,-0.0033581226088950063,-0.0014405764796230885
UNIUSDT,1692385199999,LONG,-0.4040794781373356,0.17596332655162697,1692385200000,-0.008763940736472586,0,-0.01081312178140811
UNIUSDT,1692449999999,SHORT,0.03537234669497504,-0.4839887848821156,1692450000000,-0.0006128076997003904,-0.020227226837101393,-0.0030602900554354616
UNIUSDT,1692489599999,LONG,-0.6758851323656903,0.43151349605631933,1692489600000,0.0006113092396179321,-0.004084973000748776,0.00040758101236762663
UNIUSDT,1692547199999,SHORT,0.041265425528531546,-0.013953404741837849,1692547200000,0.005121387819916193,0.001840679525733933,0.007794911263282856
UNIUSDT,1692554399999,LONG,-0.1093056676780336,0.05370849491319017,1692554400000,-0.0028606476393927046,-0.0016336536204239842,-0.007167021566079587
UNIUSDT,1692575999999,SHORT,0.046821714882223926,-0.7343725859197473,1692576000000,-0.0014275519911853237,0.009020151359383896,0.009020151359383896
UNIUSDT,1692691199999,LONG,-0.17880636553346507,0.28417725664323484,1692691200000,-0.0014757038621957606,-0.010163119448502315,-0.033632815496727225
UNIUSDT,1692734399999,SHORT,0.33658496706202895,-0.27885722002458335,1692734400000,-0.004781578334358937,-0.016636442895224784,-0.029622256031343185
UNIUSDT,1692748799999,LONG,-0.43403045258983186,0.30269255924549726,1692748800000,0.004275337850401946,0,0.005128216366919529
UNIUSDT,1692860399999,SHORT,0.32583271979384587,-0.4642274456534604,1692860400000,0.0018826488146166764,0.0050282946925358325,0.030771658666753774
UNIUSDT,1692914399999,LONG,-0.4564964463607433,0.16374034215880118,1692914400000,-0.002374016438176543,0.0010772380660383186,-0.008225154596275139
UNIUSDT,1692939599999,SHORT,0.002114690414291279,-0.2980402509072119,1692939600000,-0.005886858819131012,-0.006756046183717923,0.00834436110881825
UNIUSDT,1693155599999,LONG,-0.15673799961449994,0.07523228224223635,1693155600000,-0.005991886105909407,-0.0032054734146432615,-0.01569755918900723
UNIUSDT,1693173599999,SHORT,0.2249428649339874,-0.013216560950858249,1693173600000,-0.005555569844601964,0.013156665569185128,0.017508282531965704
UNIUSDT,1693177199999,LONG,-0.013216560950858249,0.3542632059941501,1693177200000,-0.0023466677435614214,-0.020668119988189473,-0.016543507606482162
UNIUSDT,1693191599999,SHORT,0.04859729109479331,-0.006120749557583896,1693191600000,-0.003908799765052639,-0.0028245537518619243,-0.02535044452743016
UNIUSDT,1693202399999,LONG,-0.27741700849009965,0.1958371898468775,1693202400000,0.002606996914280167,-0.0023957323883782287,0.017039126785731072
UNIUSDT,1693205999999,SHORT,0.1958371898468775,-0.024426084206399978,1693206000000,0.0006511123398777619,-0.001517615467427236,-0.018274183690460615
UNIUSDT,1693209599999,LONG,-0.024426084206399978,0.1309779345127401,1693209600000,-0.0008688097853192159,0.005844805036017837,0.016579128802911264
UNIUSDT,1693213199999,SHORT,0.1309779345127401,-0.2607014566037023,1693213200000,0.003482807177461397,-0.02149695850470352,-0.01402547535450424
UNIUSDT,1693465199999,LONG,-0.01811756980612293,0.11215063084818504,1693465200000,-0.00021652051616458755,0.0010818999216080133,-0.0492557412497952
UNIUSDT,1693508399999,SHORT,0.3859302187111205,-0.24338562667587674,1693508400000,0.002732242136872839,0.007760824161744967,0.002504269948492546
UNIUSDT,1693648799999,LONG,-0.14025729203914877,0.2596775057237648,1693648800000,0.0032080687458724087,0.0070897952776786365,0.000458926120950481
UNIUSDT,1693655999999,SHORT,0.28007334684922275,-0.21346294463284066,1693656000000,-0.0016045848714965943,-0.0020625651863485457,-0.008679816942417507
UNIUSDT,1693713599999,LONG,-0.32253890959704584,0.026352394002748733,1693713600000,0,0.014701158129078847,0.008620743043906955
UNIUSDT,1693731599999,SHORT,0.32788806298228357,-0.014047271390748428,1693731600000,0.002043365451584957,-0.006555918134601621,-0.0024917897138062584
UNIUSDT,1693778399999,LONG,-0.2640336757688732,0.04922147296853776,1693778400000,-0.00045516614349778544,0.00589838370696598,0.012661258896576977
UNIUSDT,1693781999999,SHORT,0.04922147296853776,-0.03829058423868973,1693782000000,-0.0034087068569710116,-0.013116425040074787,-0.013565661345923009
UNIUSDT,1693792799999,LONG,-0.003781671281935285,0.05974082597867147,1693792800000,0.006762875189610889,-0.0018111845566960085,0.0031617009174364054
UNIUSDT,1693799999999,SHORT,0.06369603108553219,-0.15965760937898715,1693800000000,0.00022429068166240784,0.004270149201206066,0.011730339785489605
UNIUSDT,1693817999999,LONG,-0.6471557391465138,0.14898250224137388,1693818000000,-0.0017957356116223724,-0.012865542541069567,-0.011276619269539018
UNIUSDT,1693943999999,SHORT,0.17695761811274338,-0.05841429660183949,1693944000000,0.002070632282442996,-0.006186295362128149,-0.0029833642322812017
UNIUSDT,1693954799999,LONG,-0.05127001451217422,0.02104917511567495,1693954800000,0.0018289899931724968,0.0072959739967712505,0.012959144642505116
UNIUSDT,1693958399999,SHORT,0.02104917511567495,-0.07961918367385767,1693958400000,0.0016001832194936256,0.0011427266698875813,-0.013161070387449472
UNIUSDT,1693983599999,LONG,-0.6567055479650622,0.36449948893634443,1693983600000,-0.00343131984843689,0.010901765930742754,0.0077343424681490976
UNIUSDT,1694026799999,SHORT,0.2599856570903524,-0.030440656740287328,1694026800000,-0.0018107746007100058,-0.007448403694014917,-0.01350155523339337
UNIUSDT,1694123999999,LONG,-0.4068760620122686,0.25798984406005204,1694124000000,0.010254213791814348,-0.0053920597952346605,-0.013762202542862933
UNIUSDT,1694167199999,SHORT,0.09160870331816734,-0.1597750014412727,1694167200000,0.013493629551585156,0.005695424895511776,0.009128315324832605
UNIUSDT,1694199599999,LONG,-0.03597826642028957,0.09593731991357063,1694199600000,0.0022820639753185316,-0.0029744902379338256,-0.008258821891301638
UNIUSDT,1694206799999,SHORT,0.09712564558185992,-0.18938818739186986,1694206800000,0.004346341052324167,0.008021126997523506,0.010555398599256341
UNIUSDT,1694415599999,LONG,-0.03854936685259088,0.006622989627000467,1694415600000,-0.002130430442431153,-0.023446050075723986,-0.031222516968151048
UNIUSDT,1694422799999,SHORT,0.00011564682667737534,-0.25911997531496045,1694422800000,0.011036580355676248,0.006703400730095974,0.028314051138320414
UNIUSDT,1694437199999,LONG,-0.00147323110600853,0.4247963202426963,1694437200000,-0.005783148648091411,-0.01281603807016992,-0.010385312517499011
UNIUSDT,1694541599999,SHORT,0.35721855283323967,-0.030773638552809502,1694541600000,-0.007359083656537388,-0.004279607102365001,0.0016692504174073302
UNIUSDT,1694545199999,LONG,-0.030773638552809502,0.2636215249508029,1694545200000,-0.0009462976812144112,-0.0064049560675429286,-0.0037905754934720324
UNIUSDT,1694555999999,SHORT,0.41740891608907843,-0.06749837073725488,1694556000000,0.003088989031010028,-0.0033159670365328713,-0.01366656520806912
UNIUSDT,1694599199999,LONG,-0.004783476574746224,0.3353592542830916,1694599200000,-0.0035165901906001507,-0.0023430188788145343,-0.0049266961821863315
UNIUSDT,1694699999999,SHORT,0.5187949054115985,-0.10428300062193974,1694700000000,-0.00787223329180689,-0.0025536868201677734,0.0069979291876444425
UNIUSDT,1694818799999,LONG,-0.10625848947178453,0.04214058367515587,1694818800000,-0.001607902034712447,0.005721494037969604,-0.002757988417949811
UNIUSDT,1694847599999,SHORT,0.03922888362691085,-0.1989611827302202,1694847600000,-0.004596652543172763,-0.000921022399898656,0.002999194773276105
UNIUSDT,1694851199999,LONG,-0.1989611827302202,0.1734109640222506,1694851200000,-0.005287976455946658,-0.010372341464741109,-0.011531493095631824
UNIUSDT,1694854799999,SHORT,0.1734109640222506,-0.07969010722430332,1694854800000,0.0011532696469102762,0.00023054755145356218,0.0034638067191877842
UNIUSDT,1694865599999,LONG,-0.11189013408815231,0.3778142599510795,1694865600000,0.004853817457340882,0.0009263548601308826,0.003931095361884109
UNIUSDT,1694883599999,SHORT,0.09919948897116122,-0.3256979797658145,1694883600000,-0.005080842338892585,-0.0009257117069308295,-0.0018505672641835637
UNIUSDT,1694969999999,LONG,-0.26435964274133195,0.051608098138204966,1694970000000,-0.007232038986208835,-0.012396369712863758,0.005794430397209564
UNIUSDT,1694980799999,SHORT,0.04150244287014994,-0.13985857585233819,1694980800000,0.008903526483165586,0.0018678501811602783,-0.010211274616649611
UNIUSDT,1695131999999,LONG,-0.1197111386426103,0.09393271119417182,1695132000000,0.005428649387115824,0.0015864025989937,0.0024917897138062584
UNIUSDT,1695153599999,SHORT,0.07708787977840176,-0.15940388933327843,1695153600000,-0.00022740193389629118,-0.001590728661760329,-0.00022740193389629118
UNIUSDT,1695254399999,LONG,-0.09750272193628778,0.1966427122229911,1695254400000,0.003205130948948331,-0.00022933149968630082,-0.022493701997085842
UNIUSDT,1695470399999,SHORT,0.18757437449242306,-0.021619195621608727,1695470400000,0.0009369876534663758,0.006106172096018803,-0.0014038373854422333
UNIUSDT,1695513599999,LONG,-0.32627670342500087,0.07984124727584263,1695513600000,-0.002340825038908632,-0.00046772685604796343,-0.0011697275868777903
UNIUSDT,1695517199999,SHORT,0.07984124727584263,-0.2748129111212074,1695517200000,-0.0032748567279841296,0.0007031524958645101,-0.0037418191459953486
UNIUSDT,1695553199999,LONG,-0.13072566452020037,0.1502917606017591,1695553200000,0.003282535186606075,0.00515344312241777,0.0018770535778710846
UNIUSDT,1695599999999,SHORT,0.13304888955092206,-0.2983268302878202,1695600000000,-0.00588860493250108,-0.0002362111738869302,0.002128415134826176
UNIUSDT,1695614399999,LONG,-0.320670724523684,0.0022898027344298005,1695614400000,0.0021228926477187956,0.004711433921319663,0.00588583217726113
UNIUSDT,1695632399999,SHORT,0.19481493869263428,-0.04714235711402418,1695632400000,0.004486959942599582,0.0021228926477188806,-0.003058466094278642
UNIUSDT,1695718799999,LONG,-0.22091446135267495,0.0891946301159406,1695718800000,-0.0009332711829986569,-0.0030363213797773227,-0.013145729212502616
UNIUSDT,1695736799999,SHORT,0.06524119657472563,-0.10201151108820587,1695736800000,0.0018845706402208535,0.0030642333935145165,-0.011698776381470245
UNIUSDT,1696042799999,LONG,-0.3377164778458912,0.03639582834037331,1696042800000,-0.001812415539170856,0.0036150061961943915,0.005417620474310197
UNIUSDT,1696165199999,SHORT,0.12927866021061893,-0.0699488854985765,1696165200000,-0.007887858600952233,0.002202159004900653,-0.015713985501952205
UNIUSDT,1696327199999,LONG,-0.0792432080748857,0.07876195638227003,1696327200000,-0.0026726073814765483,-0.010508760767485371,-0.03071605523044707
UNIUSDT,1696330799999,SHORT,0.07876195638227003,-0.019284692103042636,1696330800000,0.007162071796615055,0.01732131935006347,0.026439230706489562
UNIUSDT,1696334399999,LONG,-0.019284692103042636,0.4292927419530355,1696334400000,-0.0074383302499586345,-0.014932404155488535,-0.021335353083309905
UNIUSDT,1696352399999,SHORT,0.14472373095670713,-0.280422641396461,1696352400000,0.0034227072775021715,0.0034227072775021715,0.02094678957293528
UNIUSDT,1696503599999,LONG,-0.32111803957233515,0.11383539378963158,1696503600000,-0.0037114401221014924,-0.0025501346844220125,-0.006737161038638412
UNIUSDT,1696625999999,SHORT,0.021088042733275737,-0.124760902031561,1696626000000,-0.005003421854917063,-0.005003421854917063,0.0045703918679444394
UNIUSDT,1696755599999,LONG,-0.026508751951210323,0.08277474065986037,1696755600000,-0.00531977662580904,-0.009735820990081552,0.006896579059060459
UNIUSDT,1696759199999,SHORT,0.08277474065986037,-0.053524533083650704,1696759200000,0.00488202759730831,-0.002547772078798783,-0.00992277669777008
UNIUSDT,1696798799999,LONG,-0.13569327870642695,0.0067657358553856566,1696798800000,-0.002293578987099401,-0.013376583219591951,-0.01873103670606324
UNIUSDT,1696802399999,SHORT,0.0067657358553856566,-0.30275527849851547,1696802400000,0.004371340217484907,0.006448663526533519,0.04100375269628605
UNIUSDT,1696949999999,LONG,-0.28881479698866536,0.042238402217829464,1696950000000,-0.002672174552525967,-0.0029154539601239085,-0.008527277886127121
UNIUSDT,1696971599999,SHORT,0.05952345220435774,-0.335055372099763,1696971600000,-0.007098304189420288,-0.015598658954812866,-0.01244981294742557
UNIUSDT,1696975199999,LONG,-0.335055372099763,0.3353960101662298,1696975200000,0.004867373931743109,0.010435721451191999,0.008986095683927565
UNIUSDT,1697032799999,SHORT,0.059949652104556085,-0.12102263936350112,1697032800000,0.003645647493845639,0.014416865462677621,0.005839432651559328
UNIUSDT,1697295599999,LONG,-0.1653009776319039,0.009835896365031625,1697295600000,0.003921573653181644,0.0009818361122566383,0.009045410653051165
UNIUSDT,1697299199999,SHORT,0.009835896365031625,-0.002004926291273509,1697299200000,0.0012238405639645644,-0.0004891171533070534,-0.004149890002988337
UNIUSDT,1697803199999,LONG,-0.3921614496337048,0.027689799855630717,1697803200000,-0.004707056876236585,-0.015191426503375498,-0.0126851595273158
UNIUSDT,1697806799999,SHORT,0.027689799855630717,-0.10941996507066935,1697806800000,-0.002480160001486704,0.009230450967544964,0.01023346007871412
UNIUSDT,1697929199999,LONG,-0.23220159305699775,0.12449582372430036,1697929200000,-0.003134420890490344,-0.007975873097240129,-0.004342588247792482
UNIUSDT,1697979599999,SHORT,0.08980154782006777,-0.10437015539939665,1697979600000,-0.007501547579513193,-0.0026682853914939794,-0.03976240979773463
UNIUSDT,1698008399999,LONG,-0.24731046178929222,0.3108723176472853,1698008400000,-0.007255170881172022,0.03177881834289538,0.03271208952589381
UNIUSDT,1698011999999,SHORT,0.3108723176472853,-0.3617743523996377,1698012000000,-0.013500687218902524,-0.050868446871070186,-0.028002308282987207
UNIUSDT,1698263999999,LONG,-0.09062681743520497,0.27135588987142945,1698264000000,-0.011234730335211811,-0.009553452168067435,0.03572225275255915
UNIUSDT,1698328799999,SHORT,0.2815812315955493,-0.0028638151267440953,1698328800000,0.023287572594229755,0.034769315927493674,0.04514234052568162
UNIUSDT,1698508799999,LONG,-0.19342097452583967,0.055810542265753195,1698508800000,-0.0026741233876319418,-0.007554562552540316,-0.011967415999439906
UNIUSDT,1698533999999,SHORT,0.25135360256491,-0.12443136071343541,1698534000000,0.0012235410800863589,-0.0004889975647563065,-0.016974219378269224
UNIUSDT,1698573599999,LONG,-0.07629814253300889,0.03263579425159218,1698573600000,-0.0004807692400296098,-0.0048181254373739135,0.002640107137721729
UNIUSDT,1698577199999,SHORT,0.03263579425159218,-0.10332963198975985,1698577200000,-0,-0.00431966114451638,-0.009097501098229316
UNIUSDT,1698584399999,LONG,-0.0632003897588582,0.3147617853034629,1698584400000,-0.0074582325750957,-0.0038424639015451115,-0.0036018768680255667
UNIUSDT,1698587999999,SHORT,0.3147617853034629,-0.02684529732290459,1698588000000,-0.008175087606945188,-0.006977052241415809,-0.0033743102635884286
UNIUSDT,1698591599999,LONG,-0.02684529732290459,0.3101334221566054,1698591600000,-0.0011983224921086443,0.002870128734187636,-0.0033589283020146205
UNIUSDT,1698595199999,SHORT,0.3101334221566054,-0.5838049317734205,1698595200000,0.0033629625737291893,-0.0028735651957317787,0.008912500281114762
UNIUSDT,1700675999999,LONG,-0.09717824896692213,0.13834868396460795,1700676000000,0.010547903170003906,0.057652372357477506,0.049710033824464574
UNIUSDT,1700783999999,SHORT,0.17630645153946337,-0.4634113767330676,1700784000000,-0.03079080126957398,0.011915305002539324,0.0053840193399327585
UNIUSDT,1700787599999,LONG,-0.4634113767330676,0.15781197791237786,1700787600000,-0.011395257276190125,-0.05346344638342494,-0.04606077337653451
UNIUSDT,1700798399999,SHORT,0.18916140326926661,-0.029721004282147565,1700798400000,0.010764020709595366,0.01060250895926434,0.017571178275357785
UNIUSDT,1700805599999,LONG,-0.06531505241751226,0.17771948354602488,1700805600000,0.014407164517774072,-0.011350859668689563,-0.0025831464153793196
UNIUSDT,1700819999999,SHORT,0.03132493641109846,-0.09009721341622513,1700820000000,-0.011675177210429611,-0.012480914100366806,-0.001141087416993395
UNIUSDT,1700823599999,LONG,-0.09009721341622513,0.07075748263462751,1700823600000,0.015037877364540502,0.0043425882477925145,-0.0069551432818587946
UNIUSDT,1700845199999,SHORT,0.0003433359083995643,-0.016834653912878354,1700845200000,0.005320447858874368,0.015883640252819468,-0.003210791006896974
UNIUSDT,1701525599999,LONG,-0.048559472254161684,0.19415448861187332,1701525600000,-0.009009807856349453,-0.013462688966817625,0.006177876907728726
UNIUSDT,1701532799999,SHORT,0.198835532392126,-0.19058104947165153,1701532800000,0.0036405798938719956,-0.017519891432906543,-0.014756785245844117
UNIUSDT,1703483999999,LONG,-0.09229643781870243,0.09489571602781006,1703484000000,-0.0059753875964275605,-0.021443030435263077,0.0167150865702077
UNIUSDT,1703487599999,SHORT,0.09489571602781006,-0.02523609096325179,1703487600000,0.008073438347626636,0.01398624197473984,-0.01724805422825387
UNIUSDT,1704268799999,LONG,-0.04636975381685869,0.053685943132555834,1704268800000,0.00890843964472078,-0.021709731006587355,-0.13384610545166775
UNIUSDT,1704275999999,SHORT,0.07989395152665056,-0.1683922516313944,1704276000000,0.0006822678848269586,0.10246983721152715,0.1269471185971197
UNIUSDT,1704470399999,LONG,-0.25369295572261996,0.01288157850999869,1704470400000,-0.019644487025430306,-0.009215190728444662,0.0018960346966262562
UNIUSDT,1704473999999,SHORT,0.01288157850999869,-0.25972591416669705,1704474000000,-0.012183542819740241,-0.02280255060071411,-0.012024192966801812
UNIUSDT,1704488399999,LONG,-0.04764167244879102,0.14550150079124707,1704488400000,-0.0015777851174668131,0.006756251640830154,-0.02231879666077961
UNIUSDT,1704495599999,SHORT,0.13324116512707002,-0.8387714267079558,1704495600000,-0.014715356330195219,-0.003306308609057682,0.017499651155809624
UNIUSDT,1704603599999,LONG,-0.372954877388057,0.06610480568041556,1704603600000,-0.0007809449830713962,-0.009411834182346706,-0.04404733084510299
UNIUSDT,1704617999999,SHORT,0.1877039940257158,-0.15226794592996723,1704618000000,0.004106781952653471,0.006325131776968814,0.02716255825257934
UNIUSDT,1704625199999,LONG,-0.14349838562917683,0.592145654157018,1704625200000,-0.0031660624832330316,-0.007137789048292406,-0.052400276393531786
UNIUSDT,1704632399999,SHORT,0.6660916388833581,-0.292392649102961,1704632400000,-0.0026926443765430946,0.028311364913288197,0.06910616667769166
UNIUSDT,1705715999999,LONG,-0.5821709659640336,0.22983140294603327,1705716000000,-0.002805488124398906,0.0041935294816788735,0.011913191100430017
UNIUSDT,1705737599999,SHORT,0.12883003845498392,-0.26938430352277104,1705737600000,0.004898968769089833,0.008434985982538676,0.012601980205647114
UNIUSDT,1705755599999,LONG,-0.12424978598040898,0.020404099831530506,1705755600000,-0.0009223674750777617,-0.007248084780762859,-0.010658940800744912
UNIUSDT,1705759199999,SHORT,0.020404099831530506,-0.08659726407099748,1705759200000,0.0029264556888549654,0.003235002436134614,0.011290816722163902
UNIUSDT,1705762799999,LONG,-0.08659726407099748,0.1495299015349669,1705762800000,-0.00030854674727968077,-0.0035540483983480947,-0.0009259259920785293
UNIUSDT,1705766399999,SHORT,0.1495299015349669,-0.012550281827939345,1705766400000,0.003090714869550425,0.002317140142337549,-0.0027734994666327862
UNIUSDT,1705769999999,LONG,-0.012550281827939345,0.04412132845763337,1705770000000,0.0030907148695505492,0.00478654507631629,0.005094569104625723
UNIUSDT,1705802399999,SHORT,0.42608664999753443,-0.16403419645654332,1705802400000,-0.0072829019512521,-0.009287992466470722,-0.006665141313845161
UNIUSDT,1705805999999,LONG,-0.16403419645654332,0.08118440730873142,1705806000000,0.003236498163074227,-0.00681539193230293,0.004313007302022315
UNIUSDT,1705813199999,SHORT,0.22269724984626685,-0.12111466235772499,1705813200000,0.0007701194065641862,0.006487511168860192,0.009280809074472969
UNIUSDT,1706115599999,LONG,-0.10943147737790883,0.0018292258374201175,1706115600000,-0.002566077877160832,-0.016537844615411367,-0.009441319809620034
UNIUSDT,1706119199999,SHORT,0.0018292258374201175,-0.03992757789339013,1706119200000,0.006185586732710857,0.006013247223451858,0.010676870841397903
UNIUSDT,1706133599999,LONG,-0.15778910145390015,0.012790691906371223,1706133600000,0.006183461818194141,0.00034453058049663,-0.0005170185380142018
UNIUSDT,1706144399999,SHORT,0.0793593289586897,-0.009176273640431677,1706144400000,0.007378840858450626,0.008757675961424972,0.017070851651629675
UNIUSDT,1706241599999,LONG,-0.11736721314014652,0.0096499815857805,1706241600000,-0.0010369859207862387,-0.008326153911367826,0.021531932333482502
UNIUSDT,1706252399999,SHORT,0.16129960245103295,-0.0023681042546469474,1706252400000,0.0015664436237594083,-0.014503016636270512,-0.033182452606198856
UNIUSDT,1706259599999,LONG,-0.46454342638822743,0.05855787632295998,1706259600000,0.0020822495810799736,0.01242895336974021,0.027244039154880908
UNIUSDT,1706306399999,SHORT,0.3231749648193822,-0.2549575056420933,1706306400000,-0.0038835000263978334,-0.0043889334463059525,0.0008462385205014983
UNIUSDT,1706461199999,LONG,-0.1957263570011421,0.6572351453173039,1706461200000,-0.003504968955755357,-0.006351350115683277,0.004654263720918785
UNIUSDT,1706504399999,SHORT,0.39391373483960196,-0.1692469801823556,1706504400000,0.0056544304987428,0.011844328974252317,-0.00545771635049954
UNIUSDT,1706507999999,LONG,-0.1692469801823556,0.011784278867189288,1706508000000,-0.0003335557068950752,-0.004010030436203822,0.011110304153697962
UNIUSDT,1706515199999,SHORT,0.039546638375320915,-0.012961543856734106,1706515200000,0.0005033134910378856,0.0038652262221565486,-0.01580863274293057
UNIUSDT,1706518799999,LONG,-0.012961543856734106,0.12886024471232904,1706518800000,0.0023466319853272105,-0.005721994743646981,0.020759692632204653
UNIUSDT,1706536799999,SHORT,0.05019211147619509,-0.014941501910584484,1706536800000,-0.0013573127295891314,-0.029113650676575228,-0.04530767431661087
UNIUSDT,1706543999999,LONG,-0.0037871124449699676,0.0006664527738157441,1706544000000,0.010445257861538604,0.009455158770755197,0.027290860235903675
UNIUSDT,1706547599999,SHORT,0.0006664527738157441,-0.3852301155384543,1706547600000,-0.00016492125047691243,-0.0034576473074527077,-0.018142198990373976
UNIUSDT,1706569199999,LONG,-0.06520058978584205,0.07881694930699551,1706569200000,0.0037511256575556307,0.006189952978073895,0.009432497972155215
UNIUSDT,1706572799999,SHORT,0.07881694930699551,-0.02343542248939012,1706572800000,-0.0011390449527019506,-0.0038999074453278893,-0.007299894530221013
UNIUSDT,1706630399999,LONG,-1.0447313067873523,0.07748174204149194,1706630400000,0.008765694823650066,0.009717320589359039,0.001759296735257552
UNIUSDT,1706633999999,SHORT,0.07748174204149194,-0.08780680809828723,1706634000000,0.0036557300508657234,-0.0015852888545153795,0.013095044998090256
UNIUSDT,1706644799999,LONG,-0.07833306392562273,0.023210993661029102,1706644800000,0.0007923302846966548,-0.008277665857781962,-0.015013858129936157
UNIUSDT,1706648399999,SHORT,0.023210993661029102,-0.08610769680769038,1706648400000,0.0012682309879951648,0.0038095284166677302,0.023077947282544725
UNIUSDT,1706763599999,LONG,-0.02751579800351082,0.2706560196156086,1706763600000,-0.005347606326595242,-0.0011673477520067809,-0.0033389012655145986
UNIUSDT,1706767199999,SHORT,0.2706560196156086,-0.007274087717115813,1706767200000,-0.0020083688759071593,-0.0006699045636559749,-0.005513337831662512
UNIUSDT,1706770799999,LONG,-0.007274087717115813,0.21022246134793662,1706770800000,-0.00033444816365259256,0.0016705650393678121,0.004171191498718708
UNIUSDT,1706792399999,SHORT,0.09223313974236692,-0.3643407512770744,1706792400000,-0.0016730805308121978,-0.0013386882855964013,-0.020714967248735144
UNIUSDT,1706903999999,LONG,-0.21857223839518927,0.08937937400207212,1706904000000,-0.0008177283962083937,0.0024491807491397164,0.008140715748927855
UNIUSDT,1707001199999,SHORT,0.24581188883018656,-0.6329532945801405,1707001200000,-0.0014745640420666293,-0.0018019498691847582,0.012539349252735364
UNIUSDT,1707087599999,LONG,-0.28271590187623863,0.018952191945949083,1707087600000,-0.0025060576143022214,-0.00888298810149463,0.012931214672248784
UNIUSDT,1707091199999,SHORT,0.018952191945949083,-0.06890772957210671,1707091200000,0.000669456091948313,0.0003346720245428218,-0.01593394707332125
UNIUSDT,1707094799999,LONG,-0.06890772957210671,0.08226758460039273,1707094800000,-0.0016758844210643436,0.0028425736053812015,0.013637330922582916
UNIUSDT,1707098399999,SHORT,0.08226758460039273,-0.21051846649512868,1707098400000,0.00369686188132598,-0.006186793415076348,-0.019105157897338458
UNIUSDT,1707112799999,LONG,-0.003251473403317913,0.02714294309092377,1707112800000,0.003162715911397466,0.009458296678238129,-0.001668613769435348
UNIUSDT,1707170399999,SHORT,0.18434820515376887,-0.5276385441850607,1707170400000,-0.005880887317882678,-0.01969027405747922,-0.03851397414072575
UNIUSDT,1707224399999,LONG,-0.20800394270466666,0.08294569741625112,1707224400000,0.00502391462646092,0.006961899729139609,0.02566299616603754
UNIUSDT,1707242399999,SHORT,0.0868118753948835,-0.07197508418340215,1707242400000,-0.0052745267332697885,-0.012264229535227107,-0.0033597343818369684
UNIUSDT,1707249599999,LONG,-0.0007707363666734789,0.01816291109373503,1707249600000,0.013814976387506128,-0.007935290012670897,-0.01224667393651251
UNIUSDT,1707296399999,SHORT,0.25876911304326533,-0.4310211603279894,1707296400000,-0.006057726160381941,-0.0022360654581248633,-0.0280642728410159
UNIUSDT,1707454799999,LONG,-0.10064763073852952,0.11596506952922023,1707454800000,0.0009360375098415009,0.012563174156227331,0.017176437758485163
UNIUSDT,1707555599999,SHORT,0.04185180400245984,-0.5476490418248218,1707555600000,-0.004104908842738443,-0.005166399578545119,-0.013167046074439685
UNIUSDT,1707638399999,LONG,-0.0823708034454081,0.022177061562413624,1707638400000,-0.003165275082250103,-0.0015060243810377976,0.02129165520677144
UNIUSDT,1707645599999,SHORT,0.1623378946758767,-0.0035919479993890948,1707645600000,0.0015121732807435648,0.006062461732555205,-0.015294945035637643
UNIUSDT,1707663599999,LONG,-0.3183706780457043,0.07864160280749388,1707663600000,0.0004543045432874426,0.024832988872920854,0.004835307093859504
UNIUSDT,1707667199999,SHORT,0.07864160280749388,-0.019036923731489436,1707667200000,-0.007090623356392583,-0.02732940939769115,-0.002268431974628044
UNIUSDT,1707670799999,LONG,-0.019036923731489436,0.027025893578087563,1707670800000,0.011954714997878414,0.009277337227162025,-0.0019562115936588805
UNIUSDT,1707685199999,SHORT,0.11658343724795758,-0.07448325680441059,1707685200000,-0.0008932559772149207,0.0032821154332656325,0.02137669838282161
UNIUSDT,1707908399999,LONG,-0.10961082452980274,0.05613847401172492,1707908400000,0.0021822951848425084,0.00043684019624424636,0.0017462169745741645
UNIUSDT,1707951599999,SHORT,0.3196340108738195,-0.4172509616946981,1707951600000,-0.0021784918934401585,-0.010845309106806263,-0.036403991285826616
UNIUSDT,1708063199999,LONG,-0.12628674532120884,0.4979880739217248,1708063200000,-0.0066137807220367105,-0.012203361418321861,-0.02767001362601171
UNIUSDT,1708077599999,SHORT,0.3516840099283587,-0.3375020888907364,1708077600000,-0.010620038749512048,-0.0027986957696033684,0.009251255898274163
UNIUSDT,1708106399999,LONG,-0.037651018451530266,0.10160417930314329,1708106400000,0.0074269465686724895,0.006215396309415633,0.01879754596750242
UNIUSDT,1708113599999,SHORT,0.16619510961193326,-0.21439261185640768,1708113600000,-0.0006731740409044118,-0.0030928552860027985,-0.00911656669341034
UNIUSDT,1708271999999,LONG,-0.009915817986353945,0.029243730522776706,1708272000000,0.0019616824442879274,-0.0045922799330399035,0.01054765947746206
UNIUSDT,1708354799999,SHORT,0.50283041267594,-0.11082938318008234,1708354800000,-0.0018401687632218816,-0.003808027712462184,-0.0014461318499997134
UNIUSDT,1708635599999,LONG,-0.07303910479266183,0.039407639686478584,1708635600000,-0.012041890226220623,-0.012849862260479914,-0.061007059612601035
UNIUSDT,1708639199999,SHORT,0.039407639686478584,-0.31364479035636667,1708639200000,0.0014815815222789662,0.007158806827502567,0.04093415872877385
UNIUSDT,1708649999999,LONG,-0.2697260847447833,0.4078608357507072,1708650000000,-0.00621623623324469,-0.026620915405427863,-0.04013181108924336
UNIUSDT,1708653599999,SHORT,0.4078608357507072,-0.02488391146640733,1708653600000,0.01103779006197364,0.03222531669439886,0.025390782802797295
UNIUSDT,1708765199999,LONG,-0.2616022603989351,0.03340063912240372,1708765200000,0.007687676947402047,-0.03009915941858935,-0.0921794236763546
UNIUSDT,1708768799999,SHORT,0.03340063912240372,-0.39467926759157473,1708768800000,-0.002576283527839668,0.03653186862127858,0.10307909481993044
UNIUSDT,1708772399999,LONG,-0.39467926759157473,0.014353773417865453,1708772400000,-0.02417011504025168,-0.09941927796005957,-0.10386966358753535
UNIUSDT,1708934399999,SHORT,0.3273619156188864,-0.37203718041065753,1708934400000,-0.007477369169079673,0.009047276865974627,0.011511733089609212
UNIUSDT,1709251199999,LONG,-0.18192294037101198,0.033730564492877736,1709251200000,0.008045814903719514,-0.006935402714722424,0.0007178107082548607
UNIUSDT,1709258399999,SHORT,0.08914654023457666,-0.44846985811979134,1709258400000,0.014517684854632907,0.022311108985551463,-0.025646935310610665
UNIUSDT,1709531999999,LONG,-0.3619963704258102,0.11313801482468981,1709532000000,-0.004252423465882448,0.0036761809162332766,-0.03023637361468896
UNIUSDT,1709582399999,SHORT,0.2595821442994324,-0.16305912063568714,1709582400000,0.005442079791838189,-0.0021847320256802596,-0.05131354529631066
UNIUSDT,1709870399999,LONG,-0.15533032568537128,0.25300983193474813,1709870400000,-0.021176259236049617,-0.03216940768701108,-0.05926323947917609
UNIUSDT,1709877599999,SHORT,0.021018840076804924,-0.15594032603434171,1709877600000,-0.013713435516194052,-0.021747193989058836,0.009699005108549331
UNIUSDT,1709881199999,LONG,-0.15594032603434171,0.08395242871593364,1709881200000,-0.01317735026580259,0.008033758472864777,-0.03225002363720843
UNIUSDT,1709884799999,SHORT,0.08395242871593364,-0.25840395834517876,1709884800000,-0.01720115464314475,-0.009201905298514996,0.020643012475246043
UNIUSDT,1709956799999,LONG,-0.22991467658615897,0.06393111294681539,1709956800000,-0.007552754547657447,-0.02242291702710876,-0.05284351372782065
UNIUSDT,1709963999999,SHORT,0.018109579390319864,-0.009469349849226934,1709964000000,0.0028468805237271363,0.03037407966383848,0.03779760279522251
UNIUSDT,1710165599999,LONG,-0.22732179904339012,0.03634140865855056,1710165600000,-0.004737837240010244,-0.0023307564317667784,0.017136282242987237
UNIUSDT,1710176399999,SHORT,0.005407090627325159,-0.04984012893546804,1710176400000,-0.0012736151159090218,-0.009723179539971913,-0.019491607760535018
UNIUSDT,1710370799999,LONG,-0.09465974647815507,0.09487666358071842,1710370800000,0.00626828829885628,0.011590057038276234,0.0025402215183581785
UNIUSDT,1710406799999,SHORT,0.18838709197116046,-0.04884682648372106,1710406800000,-0.0057338804742332545,-0.00007012376847999767,0.029173182352802383
UNIUSDT,1710424799999,LONG,-0.21774276925766314,0.022019198221276556,1710424800000,0.006259238392804496,0.003673958676394502,0
UNIUSDT,1710428399999,SHORT,0.022019198221276556,-0.06672564682456589,1710428400000,0.013351333174864225,0.02372168829097158,0.04629131742166751
UNIUSDT,1710449999999,LONG,-0.09210589969360178,0.059991432751411264,1710450000000,0.006477172699030411,0.015759638492950187,-0.09816624002379917
UNIUSDT,1710453599999,SHORT,0.059991432751411264,-0.7756581649485033,1710453600000,-0.001791794064762182,0.006044053512298443,0.08336601427554456
UNIUSDT,1711040399999,LONG,-0.073415934202184,0.012034080471557018,1711040400000,-0.018232045587427383,-0.012727444532098349,-0.005599948752641102
UNIUSDT,1711047599999,SHORT,0.017562843405008546,-0.0712826080466368,1711047600000,-0.012163339416972018,-0.02343365113973754,-0.030794835696772813
UNIUSDT,1711054799999,LONG,-0.0863481766420815,0.0019439671294836855,1711054800000,0.009271589595557782,0.013711291042506768,-0.005922359554829421
UNIUSDT,1711058399999,SHORT,0.0019439671294836855,-0.0023056679425137645,1711058400000,0.007525983502695199,0.013270494158854748,0.010186001696254833
UNIUSDT,1711339199999,LONG,-0.13227243295007915,0.11095754084626398,1711339200000,0.00608504467870777,-0.004712505104093038,0.03564862248084345
UNIUSDT,1711353599999,SHORT,0.010244532395648511,-0.15758936175113925,1711353600000,-0.0029791481815596163,0.003403764026745116,-0.04773983100672795
UNIUSDT,1711360799999,LONG,-0.23565069488169976,0.12946215483947537,1711360800000,0.0013988893455883762,0.0013166558847469028,0.02384068001832984
UNIUSDT,1711468799999,SHORT,0.007414830709905839,-0.7678135316888333,1711468800000,0.0074219246564855195,0.0013525880249658678,-0.005313045288352901
UNIUSDT,1711587599999,LONG,-0.05219008873770879,0.04179258568217671,1711587600000,-0.010987779939322106,0.0012942891306890764,0.000809126996162498
UNIUSDT,1711609199999,SHORT,0.002190326553761506,-0.45550064237569976,1711609200000,0.0007188785804216556,0.005524654750015456,-0.0071605047773003905
UNIUSDT,1711709999999,LONG,-0.3433019141856287,0.08448581495340868,1711710000000,0.02173323665243709,0.010770415516951523,-0.00922319415120403
UNIUSDT,1711749599999,SHORT,0.20529386089732488,-0.2162274954630123,1711749600000,-0.009388993223939018,-0.019161314668800448,-0.00930979471282941
UNIUSDT,1711753199999,LONG,-0.2162274954630123,0.05047909368872439,1711753200000,0.0021359922681493055,0.007338179455432776,0.0011081210568772034
UNIUSDT,1711763999999,SHORT,0.12708234946122435,-0.13581336550395337,1711764000000,0.0023557136924590365,0.0026702285558789208,-0.0077347156969084195
UNIUSDT,1712188799999,LONG,-0.01808650442530641,0.03870663869689743,1712188800000,0.014783988924501425,-0.004238075258113237,0.023353021649602863
UNIUSDT,1712231999999,SHORT,0.09867349480173661,-0.28767475108398705,1712232000000,-0.0036756507383166248,0.0003593244738624667,0.01347278392474263
UNIUSDT,1712332799999,LONG,-0.1540021294304219,0.6091726013810007,1712332800000,-0.0025678664146965902,-0.0014665447174766796,0.008209477831421919
UNIUSDT,1712469599999,SHORT,0.12973907819859984,-0.3940705846599385,1712469600000,0.00907855162295321,0.010850973214215019,0.009167098132065102
UNIUSDT,1712483999999,LONG,-0.39634499139993684,0.10174082616206,1712484000000,0.005131392308887081,0.00671855426802857,-0.00044359668917094713
UNIUSDT,1712523599999,SHORT,0.3438996004114464,-0.19590460616891123,1712523600000,0.0026586332568969014,-0.0067916468337758966,-0.035728951382516944
UNIUSDT,1712725199999,LONG,-0.013325663722006827,0.026462086342060685,1712725200000,0.0034813692827289975,-0.002327664435008575,0.010761877336175027
UNIUSDT,1712728799999,SHORT,0.026462086342060685,-0.06193120856759308,1712728800000,-0.0032028497130546104,0.0023195656755731317,-0.002403098481908771
UNIUSDT,1712757599999,LONG,-0.038796724771247945,0.0956841705885815,1712757600000,0.014527221160235183,0.02840203533788145,-0.16444678107952226
UNIUSDT,1712761199999,SHORT,0.0956841705885815,-0.2191611784414282,1712761200000,-0.002700757853369569,0.07698988857285514,0.1509256205934516
UNIUSDT,1712768399999,LONG,-0.23805187661061383,0.07135705762703162,1712768400000,-0.004788941397905279,-0.13021288227648967,-0.18085399754087797
UNIUSDT,1712771999999,SHORT,0.07135705762703162,-0.005844769014466013,1712772000000,0.09095484562702151,0.12643220875992847,0.1768074073091498
UNIUSDT,1713113999999,LONG,-0.9620839805449304,0.151865817477965,1713114000000,-0.018616819976079547,-0.0139998128237809,0.019492200321632153
UNIUSDT,1713193199999,SHORT,0.02552739199053778,-0.14762899647039332,1713193200000,-0.010175479415533057,0.04472094157649683,0.030191487878474463
UNIUSDT,1713196799999,LONG,-0.14762899647039332,0.03546047581588676,1713196800000,-0.022085465406072972,-0.023311707129317297,-0.05897773680099075
UNIUSDT,1713200399999,SHORT,0.03546047581588676,-0.5590448783084657,1713200400000,0.009301120260891225,0.01674943055713087,0.054558984250434366
UNIUSDT,1713225599999,LONG,-0.009515033561424554,0.053021885417924366,1713225600000,-0.016283151501433252,-0.02318215809789526,0.007837785052781694
UNIUSDT,1713322799999,SHORT,0.07016220539053511,-0.08110523539352076,1713322800000,-0,0.0005627462163142567,0.039006952598040046
UNIUSDT,1713326399999,LONG,-0.08110523539352076,0.09839971569367804,1713326400000,0.012993546412328758,-0.00436897319575246,-0.05893851772159894
UNIUSDT,1713333599999,SHORT,0.15768777360510108,-0.13516482135591734,1713333600000,0.0011251759274280824,0.007477988992053632,0.029239764019605645
UNIUSDT,1713369599999,LONG,-0.21147620828152494,0.003864558852421758,1713369600000,-0.00029837386466325164,0.03790605278062771,0.05400441311775683
UNIUSDT,1713373199999,SHORT,0.003864558852421758,-0.0013099903661129037,1713373200000,-0.030418920191539064,-0.024612545916625855,-0.05246390111166644
UNIUSDT,1713376799999,LONG,-0.0013099903661129037,0.3327686327218521,1713376800000,0.0180727810596946,0.005485002204085963,0.013085239548655534
UNIUSDT,1713484799999,SHORT,1.0960814005189383,-0.03567643326664941,1713484800000,0.011997661668712105,0.031187269352645187,-0.029578765177028125
UNIUSDT,1713571199999,LONG,-0.27215898686578294,0.598119692821723,1713571200000,-0.007775880445623211,0.011155494171785452,0.0006675122068828015
UNIUSDT,1713671999999,SHORT,0.07083823364370055,-0.11431849359949436,1713672000000,-0.001148032526115739,0.0006383658052724418,0.01375077889776725
UNIUSDT,1713679199999,LONG,-0.002869115918671799,0.04975249220391424,1713679200000,0,-0.003971054984601206,-0.019754047550600208
UNIUSDT,1713686399999,SHORT,0.0023048919370831666,-0.02260524046377457,1713686400000,0.00525002806490031,0.002557546151117232,0.02155895801444448
UNIUSDT,1713790799999,LONG,-0.3571108086826857,0.11671664602444552,1713790800000,-0.0029988776691906283,-0.002623525772384592,0.029261984549030798
UNIUSDT,1713815999999,SHORT,0.18640698263022837,-0.24597057849836318,1713816000000,-0.004330350101220896,-0.016234522093721407,-0.0004958472891975498
UNIUSDT,1713819599999,LONG,-0.24597057849836318,0.2322307920712734,1713819600000,0.005540180375615351,0.018712708932154164,-0.00992563979996993
UNIUSDT,1713837599999,SHORT,0.04444663107140487,-0.23027692106527667,1713837600000,0.006241224444672559,-0.00012198841125242805,0.01573867480452391
UNIUSDT,1713927599999,LONG,-0.43167560817124234,0.18593029787907142,1713927600000,0.003124026283332985,0.01650878429063349,-0.020994827045667144
UNIUSDT,1714021199999,SHORT,0.25092379717961577,-0.11652256659245212,1714021200000,-0.0023291935996006727,-0.007228636097581027,-0.04235987084569103
UNIUSDT,1714039199999,LONG,-0.28922434021204496,0.03992078284719737,1714039200000,-0.018220181288431715,-0.002582646063631992,0.02433396073994195
UNIUSDT,1714042799999,SHORT,0.03992078284719737,-0.0517355336969972,1714042800000,-0.013048201825730604,-0.029887728224690293,-0.0387710353726699
UNIUSDT,1714057199999,LONG,-0.01698890300186093,0.30070339881907776,1714057200000,0.023177760060989074,0.016556460337878696,0.0017825316662831252
UNIUSDT,1714071599999,SHORT,0.3028147087139511,-0.5930124671330006,1714071600000,0.0031381435406451067,0.008053396993168462,0.024614285040182274
UNIUSDT,1714226399999,LONG,-0.07439192280357382,0.3050618233095367,1714226400000,-0.0011661808901825075,0.034492760801837365,0.04060441063303755
UNIUSDT,1714280399999,SHORT,0.14336666554621152,-0.03664071580097825,1714280400000,0.0008731990824895815,0.0004988775359140897,-0.011159446248898449
UNIUSDT,1714291199999,LONG,-0.13741936735888918,0.10067959703848635,1714291200000,0.0001247582809925594,-0.0032491905616115345,-0.0042510691676444935
UNIUSDT,1714301999999,SHORT,0.12550174479128928,-0.1602136630487324,1714302000000,0.0032491905616115345,-0.01363094215428475,0.014198894072317348
UNIUSDT,1714309199999,LONG,-0.13912169190857734,0.16884379127885413,1714309200000,0.005334007560832362,0.008668784936446485,-0.023278811483290373
UNIUSDT,1714323599999,SHORT,0.25651593292628516,-0.004276856838975937,1714323600000,0.01666083546778429,0.016159456665603977,0.05239715476391615
UNIUSDT,1714460399999,LONG,-0.42660145910341957,0.14023489200247743,1714460400000,-0.00941675805011854,-0.04867952202182013,-0.08457653151037792
UNIUSDT,1714467599999,SHORT,0.04502394694077374,-0.015722360750278438,1714467600000,0.0031281902421871123,0.033695537946947005,0.05255198380051779
UNIUSDT,1714471199999,LONG,-0.015722360750278438,0.01775616116774771,1714471200000,-0.003410877172749609,-0.031687189323264336,-0.0465589314405522
UNIUSDT,1714474799999,SHORT,0.01775616116774771,-0.040041352279894,1714474800000,0.019458283145397888,0.020015852159006545,0.039018464917481094
UNIUSDT,1714528799999,LONG,-0.5789406397904548,0.2039976658624297,1714528800000,-0.001990050408010036,0.0036853337245891316,-0.027789564517092562
UNIUSDT,1714615199999,SHORT,0.17641159906559206,-0.3791221028484866,1714615200000,-0.004623617541908739,-0.008508235044687274,-0.02347324032756146
UNIUSDT,1714622399999,LONG,-0.18279344185119828,0.02700437458422821,1714622400000,0.0005742176442589765,-0.00345224738722951,0.029012152964792353
UNIUSDT,1714712399999,SHORT,0.3487394826996916,-0.26363532644201304,1714712400000,-0.0007039775017943326,0.013327859271974624,-0.04623828581192791
UNIUSDT,1714737599999,LONG,-0.16104564349080483,0.20036029692133356,1714737600000,0.02335831540013994,0.057134685388347574,0.07565249955096146
UNIUSDT,1714787999999,SHORT,0.010438021839250237,-0.5448120635141653,1714788000000,0.000531844182194608,-0.0010628405411302606,-0.00159383750037443
UNIUSDT,1714805999999,LONG,-0.12841450496240167,0.18423087811619587,1714806000000,-0.008096135536395802,0.01599824312667569,-0.0027798019091630067
UNIUSDT,1714809599999,SHORT,0.18423087811619587,-0.2914679359114247,1714809600000,-0.003857157139634232,-0.005581409838195266,-0.009153078427762175
UNIUSDT,1714874399999,LONG,-0.3332151460055904,0.03599901769432265,1714874400000,-0.0017542680431699483,-0.005272063579937134,0.001885776420911264
UNIUSDT,1714881599999,SHORT,0.03004482390243549,-0.06738201861357129,1714881600000,-0.0004030362115415549,0.0024216344405313182,-0.011489772358647747
UNIUSDT,1714895999999,LONG,-0.2742349608091443,0.405063395092099,1714896000000,0.006578529464253556,0.001615074375298056,0.011117923106965742
UNIUSDT,1715061599999,SHORT,0.17507771987459303,-0.32160954043628825,1715061600000,0.002142762303723933,-0.013421236607026927,-0.00958601402598119
UNIUSDT,1715068799999,LONG,-0.18909274342534627,0.14775995947290138,1715068800000,0.018417214835729088,0.0029376439873427997,0.0025375639660029916
UNIUSDT,1715075999999,SHORT,0.16148532303610297,-0.010842900325646564,1715076000000,0.000528122536700658,0.009949010896277833,0.010882655512281427
UNIUSDT,1715079599999,LONG,-0.010842900325646564,0.18709104152816833,1715079600000,-0.009554212804811722,0.006056634709336007,-0.015304044785418622
UNIUSDT,1715115599999,SHORT,0.30816845354372796,-0.07193409213039852,1715115600000,-0.0017362274812277327,0.012238737930157484,0.024492124735922403
UNIUSDT,1715119199999,LONG,-0.07193409213039852,0.07090613890977039,1715119200000,-0.004949511809837827,-0.016820688586633402,-0.02773633797141979
UNIUSDT,1715155199999,SHORT,0.023853804282855794,-0.7231833265978711,1715155200000,-0.003568001589548116,-0.010393966659947892,-0.0156860612417133
UNIUSDT,1715165999999,LONG,-0.36354003151660785,0.6183688620933683,1715166000000,-0.00040807998933988925,0.017525387884136275,-0.003678728857462657
UNIUSDT,1715252399999,SHORT,1.2167014409661696,-1.1142067641221387,1715252400000,-0.0143927200798772,-0.019463655361996898,-0.04829885175789439
UNIUSDT,1715417999999,LONG,-0.18907969111715942,0.11712444772811957,1715418000000,0.00436835754196647,-0.0028284561354272202,-0.000706364372098168
UNIUSDT,1715425199999,SHORT,0.13133997222826024,-0.16968535785568611,1715425200000,0.0017004396898816182,0.0008498584080918779,0.0011333051220078435
UNIUSDT,1715432399999,LONG,-0.03902307688801373,0.4881830366226143,1715432400000,0.007057192309998979,0.0033936684154364134,-0.005681833467430946
UNIUSDT,1715518799999,SHORT,0.2112965460637773,-0.13432083493824046,1715518800000,-0.0011250176970575678,-0.0028101746749753984,0.0036650731751211823
UNIUSDT,1715529599999,LONG,-0.18167460746834363,0.15424867479592305,1715529600000,-0.007687507284157569,-0.01416275513425417,-0.03831886430213666
UNIUSDT,1715540399999,SHORT,0.05281798784424782,-0.11278091608562472,1715540400000,-0.0028284561354270984,0.0011336263081675945,0.00810527011060445
UNIUSDT,1715547599999,LONG,-0.05932958910025898,0.5413403841683871,1715547600000,-0.00368585617172111,0.001979078960919573,0.016281061383947228
UNIUSDT,1715569199999,SHORT,0.18052285957582148,-0.11832872937422453,1715569200000,0.0017346058122084188,-0.011487777109642428,-0.020725389874854186
UNIUSDT,1715583599999,LONG,-0.1499150447800086,0.09485628528718132,1715583600000,0.01008459650856852,0.01628354563491405,0.002423897957270119
UNIUSDT,1715641199999,SHORT,0.45975617089557286,-0.28486894624478865,1715641200000,-0.003289711899099465,0.005314959003144868,0.00805527946031829
UNIUSDT,1715644799999,LONG,-0.28486894624478865,0.4104160131204089,1715644800000,-0.0055854065720642165,-0.007166434569383028,-0.009038150615062034
UNIUSDT,1715731199999,SHORT,0.24544198046207286,-0.7576183624242823,1715731200000,0.005470554043727641,-0.012309651332053433,-0.01143539803434704
UNIUSDT,1715738399999,LONG,-0.884993820938113,0.5941457171764069,1715738400000,0.002192182098221051,0.004379569044021513,0.03874229137315107
UNIUSDT,1715831999999,SHORT,0.17293421064844544,-0.12867828164861722,1715832000000,0.003114634517364899,-0.0009460099360829206,0.028109069404521413
UNIUSDT,1715932799999,LONG,-0.10967476855552764,0.040271349830257853,1715932800000,-0.0018716583003950801,-0.012364087085785095,0.006257926021301159
UNIUSDT,1715939999999,SHORT,0.2454714884036585,-0.2221239103978203,1715940000000,0.0035139919927418737,0.0014851822077839778,-0.012602392289715672
UNIUSDT,1716026399999,LONG,-0.3467743836401992,0.33276661206420094,1716026400000,-0.0011768553172594976,0.013628609930728123,0.03303429995927372
UNIUSDT,1716083999999,SHORT,0.10670048418215675,-0.16936306348943048,1716084000000,-0.010722594436645276,-0.015156629699025264,0.003084835351210151
UNIUSDT,1716091199999,LONG,-0.11336708196462875,0.10207778385177509,1716091200000,0.0023967214247996296,-0.0012637433755683858,-0.02869784435383554
UNIUSDT,1716101999999,SHORT,0.019305099141019202,-0.42052320883740807,1716102000000,-0.0007590133191715234,0.014403410051387608,0.026025441693286563
UNIUSDT,1716159599999,LONG,-0.340099498264796,0.024544651673482007,1716159600000,-0.003921061094862152,0.01591751497944813,0.013217764030660288
UNIUSDT,1716235199999,SHORT,0.022014534361737174,-0.03303553533024984,1716235200000,-0.05576757478247175,-0.09601797740376897,-0.09096664740888824
UNIUSDT,1716238799999,LONG,-0.03303553533024984,0.1867145277483466,1716238800000,0.051332351765633596,0.04013880170605412,0.03799241753796273
UNIUSDT,1716245999999,SHORT,0.18587468792663375,-0.1655809737683888,1716246000000,-0.016320275771260433,0.0018541751508371741,-0.020706013132175148
UNIUSDT,1716292799999,LONG,-0.13013666316075942,0.21137775051283675,1716292800000,0.005205302027785447,-0.004590346998175915,0.0285583712589621
UNIUSDT,1716296399999,SHORT,0.21137775051283675,-0.1176193691595112,1716296400000,0.0053123796843411045,0.006698233538681512,-0.017541545319810836
UNIUSDT,1716325199999,LONG,-0.08761457358988568,0.027660035402510007,1716325200000,-0.002094022333600093,0.004487354255697735,-0.007980720716331623
UNIUSDT,1716343199999,SHORT,0.05324481167554441,-0.017891041445392233,1716343200000,-0.005449604767564685,-0.0049268929266944985,0.03671020591319277
UNIUSDT,1716346799999,LONG,-0.017891041445392233,0.049004630375658685,1716346800000,0.0017749939403136508,0.0060429439987036235,-0.029267278221923664
UNIUSDT,1716350399999,SHORT,0.049004630375658685,-0.4089651782860554,1716350400000,0.007224027647233303,0.011752496235879524,0.03254991836639733
UNIUSDT,1716407999999,LONG,-0.4788373943837051,0.4316872142242203,1716408000000,0.002947117780099427,0.017661220745858002,0.0604445598231765
UNIUSDT,1716501599999,SHORT,0.11197786021010174,-0.5658310786938451,1716501600000,0.0077591777729753035,-0.011688444759184865,0.005676871140794412
UNIUSDT,1716573599999,LONG,-0.17454336419491584,0.4368227207067844,1716573600000,0.030193790982369274,0.08190738589097504,0.15315984496789475
UNIUSDT,1716627599999,SHORT,0.06547151515727981,-0.12356424180539648,1716627600000,-0.009005758348268035,-0.0111076553980992,-0.02028578334597914
UNIUSDT,1716638399999,LONG,-0.04411109014214179,0.007163971515258449,1716638400000,-0.0020063846219998973,-0.005389863685397076,0.03191951098474069
UNIUSDT,1716645599999,SHORT,0.03974898112157546,-0.1872543949303725,1716645600000,-0.013988833423735629,-0.02977887535561139,-0.0488834521027056
UNIUSDT,1716663599999,LONG,-0.05066300784706232,0.09240137840304294,1716663600000,-0.028710959248169878,-0.01666262073199542,-0.011759120513294126
UNIUSDT,1716667199999,SHORT,0.09240137840304294,-0.11349452525930612,1716667200000,0.00009045271590438404,-0.02465731494295624,-0.024569065373115373
UNIUSDT,1716674399999,LONG,-0.04162237670065946,0.4454669820784384,1716674400000,-0.0023210151465875334,0.003649151839916369,0.006222242297327474
UNIUSDT,1716685199999,SHORT,0.03213174568577773,-0.16168946871218356,1716685200000,0.0021299262578248533,0.00881533690468175,-0.025643552796027896
UNIUSDT,1716713999999,LONG,-0.3047949110836246,0.28093166599922015,1716714000000,-0.0002658042810138218,0.024934584315427902,0.0038903674177572086
UNIUSDT,1716717599999,SHORT,0.28093166599922015,-0.027070606057145077,1716717600000,-0.007064047035007538,-0.007855638615108991,-0.003803126681864776
UNIUSDT,1716724799999,LONG,-0.03400249766185138,0.08923582416682119,1716724800000,0.002162537065252099,-0.008347874564820024,-0.03256470095318215
UNIUSDT,1716735599999,SHORT,0.054968558717734664,-0.0838692316865259,1716735600000,0.020398287212529828,0.020747632194248543,0.04077565176566925
UNIUSDT,1716742799999,LONG,-0.12225831405907572,0.020833835132404884,1716742800000,0.0012267789831596292,-0.006421273768081115,-0.027647434103308582
UNIUSDT,1716746399999,SHORT,0.020833835132404884,-0.22887957195844208,1716746400000,-0.00262398471208255,0.007913520590703443,0.02231761065389866
UNIUSDT,1716821999999,LONG,-0.17558557413353515,0.10971447890397228,1716822000000,0.005138618474247952,0.011055795502336381,-0.017321975638728157
UNIUSDT,1716962399999,SHORT,0.3267899649183558,-0.17264193634590844,1716962400000,0.00647251450561759,0.012711066849093722,0.0370241269617792
UNIUSDT,1717113599999,LONG,-0.17614874118586935,0.23726609380085512,1717113600000,0.009428799747470051,-0.001022162426961618,0.02068183464641365
UNIUSDT,1717149599999,SHORT,0.42224163834283157,-0.5737877225159728,1717149600000,-0.014627362863620647,0.00028159759889465345,0.050725400148759994
UNIUSDT,1717581599999,LONG,-0.43823924087038724,0.6954275020648375,1717581600000,-0.003696861881326203,0.005564544963329082,0.007174275234018381
UNIUSDT,1717585199999,SHORT,0.6954275020648375,-0.07143440541662299,1717585200000,-0.008187548549678002,0.006980672923493393,-0.006573343195136592
UNIUSDT,1717606799999,LONG,-0.4272578849438867,0.01590499700978687,1717606800000,0.005371062952422915,-0.002336449661019599,-0.03777485109780215
UNIUSDT,1717613999999,SHORT,0.07484132754957767,-0.06156456703556487,1717614000000,0.003505148962361785,0.0003589375487209819,0.036081915644253726
UNIUSDT,1717628399999,LONG,-0.16450630532256583,0.1967024946303204,1717628400000,0.0026888964843066183,0.0061736875728328885,-0.0438481687222162
UNIUSDT,1717639199999,SHORT,0.26300857584322623,-0.09941497750014476,1717639200000,0.0024054535185498533,0.049805094413333875,0.04896369764514219
UNIUSDT,1717736399999,LONG,-0.07230365469842376,0.08420358144056904,1717736400000,0.0016817718623313755,-0.0034658832877207434,-0.03259970312492669
UNIUSDT,1717757999999,SHORT,0.07679338313945802,-0.33981238091372457,1717758000000,-0.006173152231080795,-0.0057943643477639225,0.0679930856434774
UNIUSDT,1717891199999,LONG,-0.07718123411856502,0.02413859642171469,1717891200000,-0.00278967999987366,-0.008492832183390068,-0.016957211619044527
UNIUSDT,1717898399999,SHORT,0.17145440940147366,-0.12790362124361995,1717898400000,0.006530389410652261,0.0014029464171062018,0.013814184890852291
UNIUSDT,1718233199999,LONG,-0.35646067834826706,0.0029612112817088564,1718233200000,-0.0014868417270529311,-0.03569287041450631,-0.01647812787763593
UNIUSDT,1718240399999,SHORT,0.008642168871536536,-0.004213251538303512,1718240400000,0.012058544640870085,0.02527970911772657,0.01446770059429959
UNIUSDT,1718258399999,LONG,-0.08492132678515393,0.02170654077528222,1718258400000,-0.01064325084258539,-0.0001008318629539925,0.015010789206127422
UNIUSDT,1718261999999,SHORT,0.02170654077528222,-0.27836778756270114,1718262000000,-0.005689915777678456,-0.01185124025350986,-0.03267806049532547
UNIUSDT,1718272799999,LONG,-0.10532794138969097,0.08532662496547118,1718272800000,0.0013098898542793515,-0.002523851725856441,0.013221346438142845
UNIUSDT,1718315999999,SHORT,0.13382267409414425,-0.30852665750213715,1718316000000,-0.007237428111529814,-0.019217147185778136,-0.056765854764442944
UNIUSDT,1718333999999,LONG,-0.18305777398410483,0.23998458062251538,1718334000000,0.005477359583616113,0.037540455044263586,0.02821637816914031
UNIUSDT,1718384399999,SHORT,0.08207113946302141,-0.17252400196686304,1718384400000,-0.0015460434039037151,0.0013547515135710292,-0.0035716047427099664
UNIUSDT,1718398799999,LONG,-0.10006525906753892,0.07883504730413352,1718398800000,0.020036139751712936,0.024959459675587804,0.05693244337655468
UNIUSDT,1718499599999,SHORT,0.33336013948791005,-0.03219117492734965,1718499600000,-0.011670573151191504,0.003949972219314156,-0.0068098744048628495
UNIUSDT,1718521199999,LONG,-0.030210571767190657,0.026772090773252884,1718521200000,0.006726384827872487,0.010636543174746924,0.008466120826869284
UNIUSDT,1718539199999,SHORT,0.10023881059482927,-0.0022134067234655733,1718539200000,-0.0002610625259573209,0.0008707009692439209,-0.04176150082663893
UNIUSDT,1718542799999,LONG,-0.0022134067234655733,0.06838087369820726,1718542800000,-0.005934217606353233,-0.0013931216880902673,0.003040704310599371
UNIUSDT,1718546399999,SHORT,0.06838087369820726,-0.02833485333880072,1718546400000,0.004561811577961001,-0.006543098588935887,0.02580044701895242
UNIUSDT,1718564399999,LONG,-0.031102152762481287,0.07607065242878262,1718564400000,0.00034761449902487226,0.010978197303834319,-0.05200261975736731
UNIUSDT,1718571599999,SHORT,0.06744667610607391,-0.05701083477694564,1718571600000,-0.0038055745634070605,0.0010404023827324407,0.04892448861516637
UNIUSDT,1718582399999,LONG,-0.2771402085266689,0.7288868863391187,1718582400000,-0.03845973399008235,-0.08525241493000467,-0.09511821158699478
UNIUSDT,1718668799999,SHORT,0.7525025043679365,-0.39651313110779884,1718668800000,0.01291198039299761,0.055666881749172475,0.08985391038828584
UNIUSDT,1718740799999,LONG,-0.6079827780948655,0.6405476281734948,1718740800000,0.010107937881108793,0.02196069194841753,0.08258531376485226
UNIUSDT,1718751599999,SHORT,0.49934328073528467,-0.020185586988514467,1718751600000,-0.005239110036993221,-0.052662219994892276,-0.059769985666647936
UNIUSDT,1718755199999,LONG,-0.020185586988514467,0.5259178095448672,1718755200000,0.008365688454246336,0.06696233064508664,0.03414056965438566
UNIUSDT,1718776799999,SHORT,0.01869655124452541,-0.051284176452140603,1718776800000,-0.017116045581178713,-0.013542025838574346,0.005902624122455153
UNIUSDT,1718783999999,LONG,-0.015995053293345645,0.16000184629024064,1718784000000,-0.008132487458704162,-0.026478025760383446,-0.03373199506580897
UNIUSDT,1718794799999,SHORT,0.1600375345030192,-0.12127663661271694,1718794800000,0.020384868942904855,0.029835324754421827,0.035850380484183056
UNIUSDT,1718805599999,LONG,-0.19191691053952603,0.18926264903414877,1718805600000,-0.010736756884336536,0.002173054983930025,-0.014441762874935943
UNIUSDT,1718812799999,SHORT,0.00847799355000412,-0.2973869759201836,1718812800000,-0.005982071677547469,-0.002696361547742533,0.006823225348125425
UNIUSDT,1719086399999,LONG,-0.08284947091037795,0.302763031707184,1719086400000,-0.004355098796237549,-0.006387206790795223,0.011255269053789993
UNIUSDT,1719097199999,SHORT,0.22422940170504038,-0.1952996656271675,1719097200000,0.0012197602650755937,-0.007791590138955945,-0.01702211619685637
UNIUSDT,1719449999999,LONG,-0.4653722299842511,0.039478315013923265,1719450000000,0.0017187672079578748,0.008564445883483969,0.021801256931487753
UNIUSDT,1719453599999,SHORT,0.039478315013923265,-0.02074369975190035,1719453600000,-0.006526530415393456,0.0023643213593080026,-0.025540518261947975
UNIUSDT,1719457199999,LONG,-0.02074369975190035,0.04994848369343364,1719457200000,-0.00921270575923192,-0.015907472152633724,0.013661848709498875
UNIUSDT,1719467999999,SHORT,0.0318770799351136,-0.26581046088722204,1719468000000,0.007017572658646535,-0.005578815027038934,-0.017172839490335108
UNIUSDT,1720256399999,LONG,-0.102507353682477,0.4137806643293482,1720256400000,0.007145621829703077,0.003834360526047177,0.04580380210277924
UNIUSDT,1720263599999,SHORT,0.32158062714482705,-0.33440488505981786,1720263600000,0.0019080333970283656,-0.003298658154759162,-0.04400411643591234
UNIUSDT,1720414799999,LONG,-1.188734177199858,0.07593123357250797,1720414800000,0.000783801477096461,0.06672509903664917,0.0360642227418593
UNIUSDT,1720421999999,SHORT,0.075457483645677,-0.08116747999739037,1720422000000,-0.0040325257896918,-0.04186420409869889,-0.04797052253045959
UNIUSDT,1720425599999,LONG,-0.08116747999739037,0.753641813053183,1720425600000,0.059952476118831276,0.053206053719976804,0.03957511156569196
UNIUSDT,1720519199999,SHORT,0.17403964674000974,-0.421764043156593,1720519200000,0.001349941912067305,0.011098893068048803,0.012091448980800602
UNIUSDT,1720569599999,LONG,-1.1555781674216743,0.27268720229915866,1720569600000,-0.016541544925273762,-0.005647651598258279,-0.010213587833294067
UNIUSDT,1720573199999,SHORT,0.27268720229915866,-0.1929981153783281,1720573200000,-0.0033550823643733736,-0.02907288477267903,-0.008428408843408328
UNIUSDT,1720583999999,LONG,-0.223311063016031,0.05010696434632098,1720584000000,0.0180558766409528,-0.0004925501885072969,-0.0037000535552518376
UNIUSDT,1720735199999,SHORT,0.0939654055870774,-0.021223911866769366,1720735200000,0.002673287824621812,-0.0017782298601699978,0.014727806710243286
UNIUSDT,1720745999999,LONG,-0.15645089920772784,0.153988437946467,1720746000000,0.002923049676103187,-0.0003818980378666191,-0.003059275808583076
UNIUSDT,1720749599999,SHORT,0.153988437946467,-0.06253037685141181,1720749600000,-0.006830282056314828,0.0067494684753302775,-0.013238546745611812
UNIUSDT,1720756799999,LONG,-0.05561231720702512,0.005975888187934216,1720756800000,-0.0003818980378666191,-0.0058718575655243264,0.03329468987513213
UNIUSDT,1720778399999,SHORT,0.11215775751525957,-0.13684007213057603,1720778400000,-0.0011604668957528519,-0.02961767170978842,-0.038595288116886735
UNIUSDT,1720814399999,LONG,-0.3091216948695159,0.057243986330321836,1720814400000,-0.0022285511266138605,0.0032102756302481894,0.013268007906100191
UNIUSDT,1720861199999,SHORT,0.5554987741567897,-0.21642602126760646,1720861200000,-0.011869212451858074,-0.010530279746198712,0.003946724412639198
UNIUSDT,1720907999999,LONG,-0.4530016912082972,0.0816419799659899,1720908000000,0.011644428931786617,0.01140067512192654,0.033938537799724534
UNIUSDT,1720915199999,SHORT,0.03485777045416433,-0.32990172420313785,1720915200000,-0.005993535157887016,-0.0024506812902498894,-0.016426724542889612
UNIUSDT,1720936799999,LONG,-0.16475507721297344,0.03379298794323964,1720936800000,-0.002507014982267893,0.0004768148856578289,-0.02609158759970421
UNIUSDT,1720940399999,SHORT,0.03379298794323964,-0.0602543822439553,1720940400000,0.004192878260036039,0.01021336604161902,0.02260871249633664
UNIUSDT,1720947599999,LONG,-0.06387610128793227,0.45784513350668715,1720947600000,0.0023863512100130565,-0.02137117255323989,-0.021615283380767368
UNIUSDT,1720954799999,SHORT,0.43925331343988055,-0.23554629385698056,1720954800000,-0.0007243752580417016,0.009708814126960938,-0.017360507841257283
UNIUSDT,1720958399999,LONG,-0.23554629385698056,0.20364551713968712,1720958400000,-0.011285842742226047,-0.00848284291785461,0.01556544836253341
UNIUSDT,1720979999999,SHORT,0.015446222656496152,-0.021861824440051306,1720980000000,-0.0008563215398802627,-0.02704499012693386,-0.03144269139643631
UNIUSDT,1721969999999,LONG,-1.0763780895047808,0.12399361208516864,1721970000000,0.013494053149332115,0.01624977958323372,0.014282178764801852
UNIUSDT,1722016799999,SHORT,0.15864049870467545,-0.3916084646677063,1722016800000,-0.002626741725718264,-0.006292626951823811,-0.007468098908501007
UNIUSDT,1722020399999,LONG,-0.3916084646677063,0.0014859053460966993,1722020400000,0.004449104433981116,0.007707922412834826,0.009528232368079079
UNIUSDT,1722027599999,SHORT,0.04305881132078103,-0.033718870123044614,1722027600000,-0.0036658852261056206,-0.0031430093971992214,-0.012124521123564944
UNIUSDT,1722052799999,LONG,-0.25093338028912826,0.09632671643217924,1722052800000,-0.001567193738552483,0.006762933826856927,0.009998135613368387
UNIUSDT,1722056399999,SHORT,0.09632671643217924,-0.19216844216704093,1722056400000,-0.001306165284968984,-0.008589329225751067,-0.004434018740844438
UNIUSDT,1722441599999,LONG,-0.07487213432055448,0.05260842901439236,1722441600000,-0.004523344015728122,-0.017521314620860765,-0.022684236854667385
UNIUSDT,1722470399999,SHORT,0.6468036364286613,-0.14969356839761144,1722470400000,-0.012618901413237767,0.002515021585580586,-0.0016731738426533154
UNIUSDT,1722574799999,LONG,-0.7911204742837117,0.09978711760549717,1722574800000,-0.013088639457877926,-0.006030450923867004,-0.0718733343523056
UNIUSDT,1722625199999,SHORT,0.00439930861039943,-0.034805914542333304,1722625200000,-0.000302297463003366,0.001967164135917719,-0.013513719166722855
UNIUSDT,1722689999999,LONG,-0.12011409927059287,0.1821997928918797,1722690000000,-0.011000556896196757,-0.036740055097772346,-0.017147963616016035
UNIUSDT,1722693599999,SHORT,0.1821997928918797,-0.015575355515981342,1722693600000,-0.0016428948508964943,0.027735353627290193,0.012030220276542124
UNIUSDT,1722697199999,LONG,-0.015575355515981342,0.33931707650752946,1722697200000,-0.01928641970959434,-0.021571090568577075,-0.010048828466172891
UNIUSDT,1722776399999,SHORT,0.3780981511439934,-0.7110574452753985,1722776400000,-0,0.05635516107449968,0.11590452487759617
UNIUSDT,1722779999999,LONG,-0.7110574452753985,0.3721945790975691,1722780000000,-0.0297552912295828,-0.06631036365112931,-0.20338606972580958
UNIUSDT,1722783599999,SHORT,0.3721945790975691,-0.32105072319198275,1722783600000,0.01738342154823765,0.024163108533616327,0.16647933071387183
UNIUSDT,1723024799999,LONG,-0.22851567003166845,0.0715526055000838,1723024800000,0.0008435259884392802,-0.021322769468821196,-0.048942074441390246
UNIUSDT,1723031999999,SHORT,0.4637896505531346,-0.11933672466659591,1723032000000,-0.002224314374176089,0.024799675532777538,0.031494556070904345
UNIUSDT,1723175999999,LONG,-0.5493528319580092,0.018245315104769923,1723176000000,-0.013283849961288136,-0.0024168222510734436,-0.038049850763099385
UNIUSDT,1723179599999,SHORT,0.018245315104769923,-0.16434935127310538,1723179600000,-0.007149851712907519,-0.013122910071989175,0.010986418613554112
UNIUSDT,1723204799999,LONG,-0.3593935322253555,0.09204840220138431,1723204800000,-0.012726554539222777,-0.03061967605327209,-0.004712773815669056
UNIUSDT,1723208399999,SHORT,0.09204840220138431,-0.15422814090964437,1723208400000,0.0006570302470262544,0.004113539325792142,-0.0027875725191921193
UNIUSDT,1723276799999,LONG,-0.14077602861147614,0.3024646226714636,1723276800000,-0.0027572801508945325,0.007905179507113247,0.006779686985378769
UNIUSDT,1723409999999,SHORT,0.1713010195756089,-0.04557766070281047,1723410000000,-0.005726813697670242,0.0023676655741833915,-0.0127561313444371
UNIUSDT,1723413599999,LONG,-0.04557766070281047,0.3675687018851947,1723413600000,-0.005558845275338825,-0.0025229178296850827,0.01896895478890775
UNIUSDT,1723424399999,SHORT,0.30025095508018956,-0.055341166471100205,1723424400000,-0.005403593019837135,-0.0035493994839701916,-0.05276528869768552
UNIUSDT,1723507199999,LONG,-0.497800560182564,0.016116595795467745,1723507200000,0.0016028213080402462,-0.01437943832714724,-0.015356318899785972
UNIUSDT,1723550399999,SHORT,0.09287960838679886,-0.04503201929512869,1723550400000,-0.007142887512380204,-0.01327095055354356,-0.03237981225159003
UNIUSDT,1723553999999,LONG,-0.04503201929512869,0.03250183535651846,1723554000000,0.007414605213178753,0.022713708399339946,0.02508319059159267
UNIUSDT,1723561199999,SHORT,0.07833510076454854,-0.030599683376329893,1723561200000,-0.002092219319572335,-0.021674155220244427,-0.017408408961880093
UNIUSDT,1723564799999,LONG,-0.030599683376329893,0.254121027117208,1723564800000,0.016584656954723945,0.015635289794811026,0.018322825994695705
UNIUSDT,1723600799999,SHORT,0.22539254534661707,-0.1929163144646525,1723600800000,-0.008746179630222261,-0.02039435162627007,-0.004780123824719235
UNIUSDT,1723604399999,LONG,-0.1929163144646525,0.08155082902771187,1723604400000,0.0026875361998845897,0.019439395648190295,-0.003171082409957783
UNIUSDT,1723654799999,SHORT,0.16794829161031372,-0.05552797036027916,1723654800000,-0.0031407060992550842,-0.007989390033478861,0.010593821900718252
UNIUSDT,1723759199999,LONG,-0.234937092074653,0.19547914492738627,1723759200000,0.014312377463308143,0.01606718368851888,0.044972746256115984
UNIUSDT,1723766399999,SHORT,0.23003571822760627,-0.2850667684790609,1723766400000,-0.004663512512421244,-0.014084739881739023,-0.03531362107485678
UNIUSDT,1723867199999,LONG,-0.49520821956915306,0.13638033827255544,1723867200000,-0.00491250604143118,-0.012792036959856581,-0.030790801269573998
UNIUSDT,1723874399999,SHORT,0.09443132504221137,-0.4442828540225523,1723874400000,0.004176663199033002,0.007592815589587786,0.016655377614786363
UNIUSDT,1723885199999,LONG,-0.24493030027641655,0.1382944891225682,1723885200000,-0.0038810884702202906,-0.0027928644996333025,-0.010435419050317946
UNIUSDT,1723892399999,SHORT,0.07047984455821966,-0.1273747517113645,1723892400000,-0.0010933230296432377,0.003600786669409215,0.000781677519673534
UNIUSDT,1723899599999,LONG,-0.15868332409582217,0.013661869437022354,1723899600000,-0.00607715154315265,-0.009678502025988994,-0.006546158039672855
UNIUSDT,1723903199999,SHORT,0.013661869437022354,-0.428308386671509,1723903200000,0.003600786669409215,0.004385285022972024,0.004856279615241291
UNIUSDT,1724115599999,LONG,-0.12307389930310443,0.32492562692321025,1724115600000,-0.005727028061803638,0.014957375601745248,0.01010109598650392
UNIUSDT,1724155199999,SHORT,0.28660486571444665,-0.11593797619647188,1724155200000,0.00047099459226931283,0.034329227157718425,0.01853518409870179
UNIUSDT,1724241599999,LONG,-0.35215127699437454,0.3877412967884884,1724241600000,-0.005750268389489301,0.02146334117745987,0.09526791527060205
UNIUSDT,1724295599999,SHORT,0.30941112634750195,-0.05957434655197399,1724295600000,-0.0035947986083872457,-0.00817736426780791,0.00476500793293669
UNIUSDT,1724299199999,LONG,-0.05957434655197399,0.1456347007164689,1724299200000,0.002007744830471621,-0.0027312602330655843,-0.00980965742916037
UNIUSDT,1724320799999,SHORT,0.11773304697968906,-0.1069932246389259,1724320800000,-0.00837187337753271,-0.0075090605543772036,-0.0020272233991563042
UNIUSDT,1724335199999,LONG,-0.019340547912567514,0.00509877586629471,1724335200000,-0.006204478456433091,-0.009684255782472818,-0.005481046463658142
UNIUSDT,1724338799999,SHORT,0.00509877586629471,-0.1227523056798796,1724338800000,0.0015933949920087427,0.0020283982613927207,0.003625031157364829
UNIUSDT,1724367599999,LONG,-0.07298685888305247,0.12570962072258915,1724367600000,-0.00014460270432254096,-0.004637689471751031,-0.007255872785543911
UNIUSDT,1724504399999,SHORT,0.11645653581518445,-0.13972254801067036,1724504400000,-0.010484835727172367,-0.02565705161860515,0.016156380831734218
UNIUSDT,1724507999999,LONG,-0.13972254801067036,0.4030492450973227,1724508000000,0.006976606926475745,0.005130408858949807,-0.03681754506794402
UNIUSDT,1724551199999,SHORT,0.0006844114025764031,-0.049673309053439765,1724551200000,-0.011056352033123643,-0.014568722100953573,0.003117811151555837
UNIUSDT,1724554799999,LONG,-0.049673309053439765,0.01747778129587141,1724554800000,-0.0027894020875786365,-0.0017608221717525724,-0.010167331378926272
UNIUSDT,1724572799999,SHORT,0.07699685747679376,-0.44566773067366894,1724572800000,-0.0054998280587076525,0.003284565508909426,0.010488558843728568
UNIUSDT,1724590799999,LONG,-0.21316626513870726,0.06232985027878238,1724590800000,0.001934956322997707,-0.008077830012071708,-0.01168902864004434
UNIUSDT,1724594399999,SHORT,0.06232985027878238,-0.7788655067796918,1724594400000,-0.004155541747286739,0.008213291896200035,0.02316938304985005
UNIUSDT,1724918399999,LONG,-0.011161848676256194,0.07762863459245097,1724918400000,0,0.01461865231123779,-0.007735320048420661
UNIUSDT,1724925599999,SHORT,0.030565339911052942,-0.06123262197454175,1724925600000,-0.0102145934097182,-0.017975725669085233,0.008420017096738083
UNIUSDT,1724929199999,LONG,-0.06123262197454175,0.13241910478718227,1724929200000,0.003888752892821306,0.00287575263736209,-0.014160434515205742
UNIUSDT,1724943599999,SHORT,0.3008275382840997,-0.09382759413186327,1724943600000,-0.007907839644030457,0.02844118376655822,0.01566256056295581
UNIUSDT,1725076799999,LONG,-0.1343604885932827,0.2887612487803433,1725076800000,0.01333690740177782,0.015347295078383175,0.015849261122554997
UNIUSDT,1725094799999,SHORT,0.5277263536390162,-0.1231152179995539,1725094800000,-0.010315471533139097,-0.012164366924944435,-0.007113851138875921
UNIUSDT,1725317999999,LONG,-0.1730358001655326,0.1278882101060094,1725318000000,-0.010597637294243333,-0.004062734116696515,0.0016204832585164136
UNIUSDT,1725321599999,SHORT,0.1278882101060094,-0.14339616860425697,1725321600000,-0.004742057778404639,-0.009136953759357611,-0.025407953076975017
UNIUSDT,1725328799999,LONG,-0.13494192658592435,0.13222164114711327,1725328800000,0.0019559908436676344,0.011356384216187638,0.0008154611884651253
UNIUSDT,1725418799999,SHORT,0.08906226577540545,-0.03932825700002737,1725418800000,-0.01670979403876339,-0.029587957185496293,-0.07192483867028214
UNIUSDT,1725505199999,LONG,-0.4785488640177985,0.36638066748367304,1725505200000,-0.009911195739182078,-0.0216797794030906,-0.03294115967562967
UNIUSDT,1725519599999,SHORT,0.6006051104517609,-0.31214942665790424,1725519600000,-0.0009595394946998982,-0.0006397952873393857,-0.004629268383662219
UNIUSDT,1725699599999,LONG,-0.04032304557122293,0.255707518616084,1725699600000,-0.006231520398723223,0.00711856921236076,-0.0042020138087399865
UNIUSDT,1725785999999,SHORT,0.0033109218456460667,-0.005008464123120948,1725786000000,0.007343209311326061,0.01505674617910786,0.016480008853142464
UNIUSDT,1725836399999,LONG,-0.0654139452722235,0.004203075861892438,1725836400000,0.007276210526558875,0.019805740141491546,0.05181704988506878
UNIUSDT,1725839999999,SHORT,0.004203075861892438,-0.2646959722043915,1725840000000,-0.00644200515195574,-0.016105421995936224,-0.046204707418501474
UNIUSDT,1725865199999,LONG,-0.5425525901115158,0.19703556930818777,1725865200000,0.01084838121483569,0.004986787818226984,0.007094904846513271
UNIUSDT,1725937199999,SHORT,0.2678847326009635,-0.10327569798438853,1725937200000,0.006513694165616574,0.01506075474407494,0.007121781748963669
UNIUSDT,1726264799999,LONG,-0.3410571324947988,0.11984987673579647,1726264800000,-0.0014467595116118268,-0.013096811182304439,-0.02829893407207848
UNIUSDT,1726347599999,SHORT,0.0053280290077543,-0.050437727132720565,1726347600000,0.0018020728709215587,-0.0008998200967064995,-0.017844339656160554
UNIUSDT,1726365599999,LONG,-0.19200586315959334,0.01325445623455436,1726365600000,0.004320304671455982,0.006102571592066979,0.009509729913681356
UNIUSDT,1726369199999,SHORT,0.01325445623455436,-0.9702153717731479,1726369200000,-0.0019306458807468948,-0.004153692368693395,-0.010204924766216742
UNIUSDT,1726387199999,LONG,-0.29092868970732905,0.18945586058293507,1726387200000,0,-0.002360927760361887,-0.020548668227387677
UNIUSDT,1726397999999,SHORT,0.16070856852533208,-0.2138942056081377,1726398000000,-0.0057782218698341214,-0.00975906015304912,0.022692385552775748
UNIUSDT,1726401599999,LONG,-0.2138942056081377,0.08797470063951784,1726401600000,0.00280256839532643,0.004715599660820064,-0.03624729471968718
UNIUSDT,1726419599999,SHORT,0.1164157426806976,-0.27192499451647456,1726419600000,0.004619634174942025,0.013169900020294962,0.04314156240907075
UNIUSDT,1726610399999,LONG,-0.5351030337973691,0.15400394936599432,1726610400000,-0.006465856472200688,-0.018479349121024616,-0.04769950384589295
UNIUSDT,1726711199999,SHORT,0.33042612249706077,-0.053501252453527284,1726711200000,-0.008358432707786521,-0.006604559121690023,-0.0019124684019609555
UNIUSDT,1726714799999,LONG,-0.053501252453527284,0.3634056513644367,1726714800000,0.004371273170633553,-0.0017538735860964589,-0.00924234555260852
UNIUSDT,1726729199999,SHORT,0.033013020244867276,-0.0731548816362109,1726729200000,-0.00452522485958744,0.004839783590909263,0.0004390136896442126
UNIUSDT,1726732799999,LONG,-0.0731548816362109,0.12952062536757988,1726732800000,-0.012013036351706856,-0.006721240965957054,-0.011718311916918033
UNIUSDT,1726768799999,SHORT,0.5198748120873923,-0.1244988261792169,1726768800000,-0.0005856515540744451,0.007940050536614212,-0.008748962193235545
UNIUSDT,1727240399999,LONG,-0.08891569433639541,0.06270390641654874,1727240400000,-0.0024479816386401127,-0.009247284505821943,-0.005624879617448051
UNIUSDT,1727243999999,SHORT,0.06270390641654874,-0.06500041883379196,1727244000000,0.011892816025823616,0.01422994826113116,0.011601058182762055
UNIUSDT,1727380799999,LONG,-0.47120006338232123,0.15015172925632628,1727380800000,-0.005511933480958757,0.010253695688436539,0.010117669027001152
UNIUSDT,1727384399999,SHORT,0.15015172925632628,-0.17797849049693162,1727384400000,-0.013997758400041704,-0.018213444251813603,-0.020923840273462002
UNIUSDT,1727391599999,LONG,-0.1541442902187078,0.28698872176909773,1727391600000,-0.0036657430228435378,-0.011723144074133517,0.004327254892992295
UNIUSDT,1727395199999,SHORT,0.28698872176909773,-0.11713272163395609,1727395200000,-0.0023096267314762706,-0.005561221521576946,-0.01310741014075324
UNIUSDT,1727398799999,LONG,-0.11713272163395609,0.06782319403923959,1727398800000,-0.0033988204835323503,0.003657797209757236,0.010664967775502824
UNIUSDT,1727402399999,SHORT,0.06782319403923959,-0.13792935144320953,1727402400000,0.006832494467377438,-0.011778380260194262,-0.014600773102117034
UNIUSDT,1727719199999,LONG,-0.06705754804526046,0.20186496721911767,1727719200000,-0.007677072781475172,-0.008474626990972232,0.010884639624036624
UNIUSDT,1727726399999,SHORT,0.08047075404075052,-0.14015815991079209,1727726400000,-0.018217377682433818,0.008625390402348533,-0.0395974124974799
UNIUSDT,1727733599999,LONG,-0.05751955195985913,0.026426135476971667,1727733600000,-0.008949502062191623,-0.00039901576641655274,0.02728395894846851
UNIUSDT,1727751599999,SHORT,0.2240318968065768,-0.04217866965186491,1727751600000,-0.019975530258752646,-0.039688268183005866,0.03342248327029247
UNIUSDT,1727758799999,LONG,-0.08954806596279193,0.039366444453454955,1727758800000,-0.0006519330043797336,0.017955659047023228,-0.0803034298755086
UNIUSDT,1727787599999,SHORT,0.07335523056776745,-0.10031078969477161,1727787600000,0.03470546980915612,0.08147583931091644,0.10231289975371322
UNIUSDT,1727798399999,LONG,-0.24366965713819963,0.0017888539652532243,1727798400000,-0.014999930780677184,-0.02965481352920601,-0.02522148485221534
UNIUSDT,1727801999999,SHORT,0.0017888539652532243,-0.09139029207423509,1727802000000,0.0018388858707535758,0.019839371894374548,0.009656422663448527
UNIUSDT,1727909999999,LONG,-0.43926228997104616,0.19479264647698052,1727910000000,-0.008517048123287276,0.005933855120711972,-0.015897155420909782
UNIUSDT,1727924399999,SHORT,0.030507013064231602,-0.19672165595051447,1727924400000,-0,0.007871132937272571,0.045393572260362246
UNIUSDT,1728057599999,LONG,-0.20791192604414754,0.17527602137167894,1728057600000,0.010215500784451858,0.005638833757040118,-0.005970166986503796
UNIUSDT,1728075599999,SHORT,0.2296379228544955,-0.14632462264196683,1728075600000,0.0020802384916231514,-0.004738643547947708,-0.004147539644228556
UNIUSDT,1728082799999,LONG,-0.07630995815800068,0.06095700589771937,1728082800000,0.00014893141735762924,-0.007324944927171294,0.00252882247073274
UNIUSDT,1728212399999,SHORT,0.05872483389612028,-0.02855909915140367,1728212400000,-0.006013952852608492,-0.020243901113739533,-0.029000147399258578
UNIUSDT,1728241199999,LONG,-0.6235223839972702,0.11588731768786195,1728241200000,-0.0025989041483472225,0.008900431996964789,0.05389265285229519
UNIUSDT,1728435599999,SHORT,0.1168629562342737,-0.035305263351630686,1728435600000,-0.0037570488777123423,0.00938447954546206,-0.005006268278144222
UNIUSDT,1728500399999,LONG,-0.06802431547260486,0.02723280022266968,1728500400000,0.004538897827434613,-0.0026226807772632963,0.052760373201377574
UNIUSDT,1728511199999,SHORT,0.024953845637896696,-0.1471721876108103,1728511200000,-0.007770262489101236,-0.024220256459054894,-0.07807993535236855
UNIUSDT,1728521999999,LONG,-0.11723160985906471,0.02824854657963695,1728522000000,0.014654785312722586,0.029499862250475396,0.11900867620692018
UNIUSDT,1728665999999,SHORT,0.39732528746758483,-0.046712421946915224,1728666000000,-0.015734480317684863,-0.003925297854244344,0.014440222804528136
UNIUSDT,1728669599999,LONG,-0.046712421946915224,0.09589758557622527,1728669600000,-0.010546237107391878,-0.009915362062809895,-0.028374291113245544
UNIUSDT,1728673199999,SHORT,0.09589758557622527,-0.1392588976226657,1728673200000,0.002906795095708372,0.0039198381100392175,0.009382597041987548
UNIUSDT,1729069199999,LONG,-0.6536733574715423,0.10443540909534191,1729069200000,0.0033453453741493703,-0.0020642505072256587,-0.014801620530786746
UNIUSDT,1729094399999,SHORT,0.40805926258381514,-0.27749773965880514,1729094400000,-0.007207946808803348,-0.0026270867598372147,-0.00590126950280059
UNIUSDT,1729101599999,LONG,-0.21529869871889445,0.03274543720816297,1729101600000,-0.0019632229327668197,-0.006295928456814812,-0.017144030607113954
UNIUSDT,1729105199999,SHORT,0.03274543720816297,-0.19490219779925033,1729105200000,0.0014419613169012952,0.0028860048891349867,0.020914064729721696
UNIUSDT,1729425599999,LONG,-0.16339006077897528,0.237102500239169,1729425600000,0.00013348461609634388,0.0178611614696262,0.03515115994606645
UNIUSDT,1729468799999,SHORT,0.3258689923468541,-0.1586332939911808,1729468800000,0.002192841897725945,0.009840814881442676,0.01754773043662977
UNIUSDT,1729803599999,LONG,-0.1996075044899478,0.05671963068365435,1729803600000,0.004861337090173238,0.013774493399346511,-0.01688548183206279
UNIUSDT,1729807199999,SHORT,0.05671963068365435,-0.023766062496891786,1729807200000,0.006236767128829901,-0.01346281063723817,0.019969266397311072
UNIUSDT,1729821599999,LONG,-0.10932770908455336,0.03090447148314264,1729821600000,-0.01085358459141079,-0.020448075985171683,-0.007510963094721078
UNIUSDT,1729825199999,SHORT,0.03090447148314264,-0.037370869118522845,1729825200000,-0.0011153108535768886,0.010344704950629922,0.0013648491479096485
UNIUSDT,1729925999999,LONG,-0.6462917716439333,0.25713297561369963,1729926000000,-0.010679777162319059,-0.007107163372305817,-0.029817196278146024
UNIUSDT,1730019599999,SHORT,0.24112417536309033,-0.06696848963135867,1730019600000,0.010943656530507268,0.013227529357730996,0.009200678278695633
UNIUSDT,1730026799999,LONG,-0.071380367141502,0.011436368376662662,1730026800000,0.002017621237271404,-0.0066194095126754435,0.015895612854959447
UNIUSDT,1730037599999,SHORT,0.040877699408565164,-0.016985694465981343,1730037600000,0.003247634789480296,-0.017941303310097627,-0.014751507941997415
UNIUSDT,1730041199999,LONG,-0.016985694465981343,0.3174635063543041,1730041200000,0.014663611099061476,0.021053409197832263,0.009844324663112526
UNIUSDT,1730062799999,SHORT,0.22637188793032625,-0.023278891589776776,1730062800000,-0.01079362867476944,-0.011588541276245664,-0.0030767197035054747
UNIUSDT,1730066399999,LONG,-0.023278891589776776,0.046379194610801755,1730066400000,0.00013252932230643148,-0.004383350313850514,-0.0010608673584794179
UNIUSDT,1730084399999,SHORT,0.09640297314813673,-0.6153281466664208,1730084400000,0.00970750511164145,0.012964394949429418,-0.00987992015283824
UNIUSDT,1730289599999,LONG,-0.03976463931401625,0.17614125724465574,1730289600000,0.009313945008883988,0.016457712303043083,0.01264584171752251
UNIUSDT,1730314799999,SHORT,0.17322356030637176,-0.029148798659600378,1730314800000,0.00341214077093664,0.006346128205724265,0.03138772430863618
UNIUSDT,1730321999999,LONG,-0.09434075467951572,0.0971022776004457,1730322000000,0.00048216008648656225,-0.019233703077930934,-0.0485430280835934
UNIUSDT,1730329199999,SHORT,0.3665796817838324,-0.21401983836331945,1730329200000,0.006263453083325548,0.01616820163178281,0.03500824644651059
UNIUSDT,1730494799999,LONG,-0.04464589483878087,0.17153685634580856,1730494800000,-0.0023634464783112248,-0.011210140473610655,-0.02308407092188488
UNIUSDT,1730530799999,SHORT,0.42063620156204884,-0.0898543852457085,1730530800000,0.004397954713200277,0.012848142477848911,0.020555570261071895
UNIUSDT,1730534399999,LONG,-0.0898543852457085,0.05643227326952629,1730534400000,-0.004819931676957735,-0.01033774394055264,-0.013040448288437756
UNIUSDT,1730537999999,SHORT,0.05643227326952629,-0.3022353391876182,1730538000000,-0.0006709158252334698,0.010660650184316358,0.008356970054474602
UNIUSDT,1730663999999,LONG,-0.06106854982601561,0.08851750973939786,1730664000000,0.010418990990840801,0.010276995960428184,-0.012560621356205346
UNIUSDT,1730743199999,SHORT,0.18808417586503576,-0.22062631813451225,1730743200000,-0.0004403669795935318,0.026331011734320522,-0.013562001521945597
UNIUSDT,1730933999999,LONG,-0.018751984541601728,0.23742261586113678,1730934000000,-0.030001720158546963,-0.02174916809765843,-0.06683183633020133
UNIUSDT,1731052799999,SHORT,0.15302281526126715,-0.26565623928675397,1731052800000,0.0027494575689118077,-0.0013718991519501324,0.00263474578215001
UNIUSDT,1731110399999,LONG,-0.11897483482598363,0.2771049785099868,1731110400000,-0.004977385841551921,-0.0201750730842295,0.026721696817152474
UNIUSDT,1731272399999,SHORT,0.16458948612750954,-0.08229220322515687,1731272400000,-0.0181964412683367,-0.03962544420641374,0.0024663689632421
UNIUSDT,1731614399999,LONG,-0.43594104310115456,0.014758628138141803,1731614400000,-0.020255356404189722,-0.04129603587824417,-0.05445816697289766
UNIUSDT,1731617999999,SHORT,0.014758628138141803,-0.7045228811423545,1731618000000,-0.015084317131278429,0.026189663679870332,0.020432313300008356
UNIUSDT,1731995999999,LONG,-0.05776496000312664,0.23029552678594134,1731996000000,-0.00355163694654646,0,0.015140496065606069
UNIUSDT,1732078799999,SHORT,0.15357362971724595,-0.2710256578315434,1732078800000,-0.013616026491390786,-0.0032847943692850047,0.031755774028254496
UNIUSDT,1732255199999,LONG,-0.0965728171070681,0.1063515595161833,1732255200000,-0.00758105173716132,0.005939141436961418,-0.0030895459508645633
UNIUSDT,1732262399999,SHORT,0.10305323016990829,-0.03013255688660237,1732262400000,-0.011115975939907732,-0.01958342703900621,0.001290600308200695
UNIUSDT,1732269599999,LONG,-0.08798206241607016,0.08533464023655601,1732269600000,-0.01792430362799143,-0.02105115937528715,0.005798951355105496
UNIUSDT,1732273199999,SHORT,0.08533464023655601,-0.1906246417855108,1732273200000,-0.02119693784998579,-0.00558240848532775,-0.019931381891155397
UNIUSDT,1732280399999,LONG,-0.08295271361131334,0.14768602568733613,1732280400000,-0.028215872354676718,-0.0016812024554574932,0.04304943319564529
UNIUSDT,1732298399999,SHORT,0.03492943565992477,-1.1108245155546053,1732298400000,0.014832602113145521,-0.014720943624132026,-0.09363083678007367
UNIUSDT,1732359599999,LONG,-0.23817913645275735,0.02430997663324548,1732359600000,-0.008546248958989403,0.025209065309538356,0.014922148221413752
UNIUSDT,1732363199999,SHORT,0.02430997663324548,-0.16342059333699757,1732363200000,-0.017580793079559745,-0.07227409121012611,-0.024117984832137226
UNIUSDT,1732384799999,LONG,-0.1276865009763329,0.3657612686705816,1732384800000,-0.0031595602903684815,-0.0263930209626834,-0.0038831493233871975
UNIUSDT,1732391999999,SHORT,0.11391875600356015,-0.022949232652688206,1732392000000,0.015292943672709539,0.011936297164437169,-0.023633166814801695
UNIUSDT,1732694399999,LONG,-0.06945301812537526,0.5317314109353248,1732694400000,-0.001967915073596086,0.012993261645854317,0.13268694694221056
UNIUSDT,1732791599999,SHORT,0.59961384761065,-0.37167843824556474,1732791600000,-0.00898338268055446,-0.000549127293657463,-0.011158478698506797
UNIUSDT,1733000399999,LONG,-0.8055694014944543,0.022349760572160846,1733000400000,-0.003384097984240457,-0.027083367431510134,0.01599546632968324
UNIUSDT,1733003999999,SHORT,0.022349760572160846,-0.2264598626928882,1733004000000,0.01404266840228924,-0.0001540713353327225,-0.003614415439483093
UNIUSDT,1734271199999,LONG,-0.05646890890580001,0.4269295081656127,1734271200000,0.02078658326525763,-0.0002393919456042425,0.028958470908042492
UNIUSDT,1734285599999,SHORT,0.04526334760148474,-0.4701822683132328,1734285600000,0.0006585840681088081,0.021720913241653324,-0.0011365336949428102
UNIUSDT,1734335999999,LONG,-0.3088391233145763,0.08862133627072558,1734336000000,-0.005381822473838,-0.025917420089945267,0.001192037332712691
UNIUSDT,1734346799999,SHORT,0.08437158330848693,-0.14484861575450922,1734346800000,0.007135264301969616,0.001885587979981818,0.0013986441515031485
UNIUSDT,1734371999999,LONG,-0.5765971891188933,0.04701841112430924,1734372000000,0.01440137288818015,-0.023808517404149836,-0.05871006916316446
UNIUSDT,1734379199999,SHORT,0.09123233360768655,-0.3044430891516077,1734379200000,0.014459528961637226,0.03386458013759955,0.05692718295488063
UNIUSDT,1734386399999,LONG,-0.26166905299759335,0.7341836150609846,1734386400000,-0.007698640757960681,-0.036340806098383575,-0.023152434539442466
UNIUSDT,1734397199999,SHORT,0.17090579466743008,-0.24116384414542547,1734397200000,-0.0073536675305414965,-0.0073536675305414965,-0.02786943248452814
UNIUSDT,1734407999999,LONG,-0.154551728510237,0.252716490805586,1734408000000,-0.0069891080131575965,-0.013901288355423718,-0.02391404627850292
UNIUSDT,1734458399999,SHORT,0.10909007989705914,-0.04563233910299034,1734458400000,0.01236078969821969,-0.016044434806947026,-0.014281141248201259
UNIUSDT,1734796799999,LONG,-1.0982569290169142,0.09915950265153695,1734796800000,-0.013880349032405679,-0.010224583406099325,0.02057415535002023
UNIUSDT,1734803999999,SHORT,0.037925574341778207,-0.027798197979412704,1734804000000,0.005969276044488607,0.009568020369262213,-0.00726413393635476
UNIUSDT,1734865199999,LONG,-0.0187435564339094,0.03925446593481044,1734865200000,-0.001625154924017788,-0.04276837115042361,-0.015367405436252481
UNIUSDT,1734883199999,SHORT,0.038677105982145785,-1.4697867553274682,1734883200000,-0.02570613520133584,0.003653639431579111,-0.03617225152874005
UNIUSDT,1734940799999,LONG,-0.5927575026530719,0.16197465208184916,1734940800000,0.015365035191956245,-0.0037694861596542714,-0.008647367041182295
UNIUSDT,1734973199999,SHORT,0.31806936282674747,-0.18570034533764485,1734973200000,0.021713760223784247,-0.018274183690460615,-0.01699513853634035
UNIUSDT,1735109999999,LONG,-0.15726974978152186,0.44888227061016395,1735110000000,-0.0017677218674267082,-0.001980058634335557,-0.02091663506806993
UNIUSDT,1735185599999,SHORT,0.16415404364690828,-0.08290605820848886,1735185600000,0.008183960565216798,0.019377406512033474,0.046562357118968264
UNIUSDT,1735289999999,LONG,-0.10393263997933347,0.03701520450948804,1735290000000,0.028941621178633723,0.021748626450791418,-0.024924560598530543
UNIUSDT,1735318799999,SHORT,0.5777370591961973,-0.21202574349701175,1735318800000,-0.005953284437949502,0.003364363384248905,0.018151505702374598
UNIUSDT,1735437599999,LONG,-0.17501311578354062,0.14632416894857467,1735437600000,0.0073702176170096275,0.00044822950100523173,-0.0017200767057377444
UNIUSDT,1735466399999,SHORT,0.0834327896678086,-0.13400634635649117,1735466400000,0.0028430364803014373,0.001869508863816211,0.03134148852724426
ZECUSDT,1672635599999,LONG,-0.33208694082002355,0.08593555221750893,1672635600000,0.0021459235702766762,0.0175676596795143,0.028588500693793404
ZECUSDT,1672689599999,SHORT,0.058864832265672636,-0.42682360366663086,1672689600000,-0.014145221959494615,-0.005327933445898134,-0.02784577254170606
ZECUSDT,1672790399999,LONG,-0.11194387242431361,0.21228955110086573,1672790400000,-0.0002499687552073415,0.028580412912669856,0.013899454349212227
ZECUSDT,1672963199999,SHORT,0.18309954113485094,-0.084202422137179,1672963200000,-0.00851068966790861,0.0020130857326814042,0.020828794651491827
ZECUSDT,1673164799999,LONG,-0.04939428351940895,0.8537294631093261,1673164800000,0.0007202016875939115,-0.00941013096607814,-0.006263571429371124
ZECUSDT,1673326799999,SHORT,0.3084260223311958,-0.025031979029133122,1673326800000,-0.0006972690578840509,-0.0016262054925428458,0.007936549595736303
ZECUSDT,1673330399999,LONG,-0.025031979029133122,0.4618111829408843,1673330400000,-0.001860898420243884,0.0018574419085348633,-0.0037252662406226365
ZECUSDT,1673355599999,SHORT,0.017927634395644213,-0.07436950426387236,1673355600000,-0.0035223706725056947,-0.0037567548292099127,-0.036720440082101714
ZECUSDT,1673362799999,LONG,-0.016348589426061978,0.04828054752213566,1673362800000,0.007480165780163908,0.009573920180037184,0.021356429135930242
ZECUSDT,1673366399999,SHORT,0.04828054752213566,-0.06183856786111584,1673366400000,0.006307695250726275,-0.0071934409272534335,-0.014565047678715885
ZECUSDT,1673384399999,LONG,-0.1962397413378851,0.03967108297048012,1673384400000,0.010519191440782196,0.013698844358161927,0.01573758104801006
ZECUSDT,1673391599999,SHORT,0.48734973318440045,-0.6363148940107609,1673391600000,-0.004100233534821319,0.006182046019405745,-0.0052362100286719535
ZECUSDT,1673434799999,LONG,-0.232440835306005,0.15634941129427057,1673434800000,-0.003866716975158912,-0.019022001303448593,-0.007748443506965258
ZECUSDT,1673578799999,SHORT,0.15399492404480483,-0.23738678460538795,1673578800000,-0.005986050465303853,0.0031180426152678845,0.018855777501160093
ZECUSDT,1673643599999,LONG,-0.09428598971970942,0.006831558973979907,1673643600000,0.005320340636670669,0.03193622240676664,0.07367921356205676
ZECUSDT,1673690399999,SHORT,0.2799317285046992,-0.2172842522796159,1673690400000,-0.004340284591313771,-0.012105638539110166,-0.008446179068334031
ZECUSDT,1674179999999,LONG,-0.17500692313415553,0.2984856848466496,1674180000000,-0.004233989612007206,-0.006917354370604223,0.007752835377189611
ZECUSDT,1674305999999,SHORT,0.01489924877511551,-0.00664631968069948,1674306000000,-0.0016410260092944299,-0.009806002988797,0.01135554681788579
ZECUSDT,1674309599999,LONG,-0.00664631968069948,0.16593870260923754,1674309600000,-0.0008203445907140469,-0.0006151953439180327,-0.010717332590888628
ZECUSDT,1674334799999,SHORT,0.12118104094832188,-0.44349256220732186,1674334800000,-0.005302888217007627,0.015248595480260805,0.017743399269043485
ZECUSDT,1675508399999,LONG,-0.15788836268202147,0.1624712448857877,1675508400000,0.006633168645300082,0.011101736566177101,0.010252118843021513
ZECUSDT,1675526399999,SHORT,0.021270860192069238,-0.15093892191621255,1675526400000,-0.0002128338839577157,-0.00530730467725908,0.017175175304417367
ZECUSDT,1676087999999,LONG,-0.15966432192238555,0.7904316736546922,1676088000000,0.005699320112006503,0.00955638672021801,0.041644701271718605
ZECUSDT,1676113199999,SHORT,0.40104823729140443,-0.12637848295343287,1676113200000,-0.0002285975550014991,-0.04667588327241088,-0.04054760845734543
ZECUSDT,1676116799999,LONG,-0.12637848295343287,0.020443384509563754,1676116800000,0.0004569339809912696,0.041187558406614644,0.040968236111624326
ZECUSDT,1676120399999,SHORT,0.020443384509563754,-0.17923898026326163,1676120400000,-0.058984064734973876,-0.027040854436452603,-0.035453567324779736
ZECUSDT,1676451599999,LONG,-0.013598852729177213,0.5588260616958091,1676451600000,0.012126907567038681,0.01892657111836976,0.05049877994950013
ZECUSDT,1676505599999,SHORT,0.05140737096656099,-0.11053610499978492,1676505600000,0.004981060650639961,-0.0032352017865115157,-0.00043196544948159905
ZECUSDT,1677430799999,LONG,-0.061520608527273486,0.08412586913387173,1677430800000,0.0006760563637775557,0.01853766094102207,0.002251746053884272
ZECUSDT,1677441599999,SHORT,0.15809686693055336,-0.19745337385201694,1677441600000,-0.0011070520337985532,0.00044316419958619275,0.018332728950361234
ZECUSDT,1677463199999,LONG,-0.012396600836252037,0.007320211067663265,1677463200000,-0.0026743942840168904,-0.015702431201833223,-0.0026743942840168904
ZECUSDT,1677466799999,SHORT,0.007320211067663265,-0.1845971227841926,1677466800000,0.0026815658526916364,0.01099528635902332,-0.006450917710580995
ZECUSDT,1678607999999,LONG,-0.5260508333580167,0.5416571838706618,1678608000000,-0.0012812301560484619,0,0.028090848156281926
ZECUSDT,1678694399999,SHORT,0.15159886068826753,-0.6435528577036659,1678694400000,0.017536487444447448,0.019637643853072366,-0.039855115929679066
ZECUSDT,1678856399999,LONG,-0.6942701437506568,0.008257508926607132,1678856400000,-0.0019196495679733947,0.010085951657607294,-0.10932574885389959
ZECUSDT,1678859999999,SHORT,0.008257508926607132,-0.3124851746920309,1678860000000,-0.0002744613712851428,0.007439075496496774,0.09465159902205558
ZECUSDT,1678867199999,LONG,-0.23007434848765912,0.17980108889037558,1678867200000,-0.0005422993625311492,-0.029154980291721873,-0.10599322684628584
ZECUSDT,1678877999999,SHORT,0.15037483100223586,-0.08719803484421597,1678878000000,0.0011157602273287692,0.019139340210697395,0.07825543858522999
ZECUSDT,1678985999999,LONG,-0.22013447457209215,0.08110281806017602,1678986000000,0.002649008171577084,-0.015145055628891062,0.019843078851114172
ZECUSDT,1678989599999,SHORT,0.08110281806017602,-0.04179584053056522,1678989600000,0.004123717183862041,0.013315775975772175,-0.013720839981033843
ZECUSDT,1679288399999,LONG,-0.47424682452773237,0.8586924404955778,1679288400000,-0.007240354659564036,0.010763178280335387,-0.03099712803422668
ZECUSDT,1679295599999,SHORT,0.29192975573282887,-0.06799250495945114,1679295600000,-0.02291335579558803,-0.008065681328493874,0.029759883613150177
ZECUSDT,1679479199999,LONG,-0.58266395771298,0.03894090524117359,1679479200000,0.0011191942970150324,-0.0002799944019412057,-0.04612015957774397
ZECUSDT,1679507999999,SHORT,0.09364879018132174,-0.014142617659166504,1679508000000,-0.0028248606355548407,0.03570779591202748,0.01453224035827968
ZECUSDT,1679511599999,LONG,-0.014142617659166504,0.046502462264065195,1679511600000,-0.05032872373216723,-0.030357428533961686,-0.019080744051999526
ZECUSDT,1679515199999,SHORT,0.046502462264065195,-0.20277739586816432,1679515200000,-0.01852177011128444,-0.026933712389746903,-0.039563042134772415
ZECUSDT,1679525999999,LONG,-0.24062100026594804,0.042236423404901434,1679526000000,0.00666572530388817,0.004062686957726246,0.03850468528710723
ZECUSDT,1679533199999,SHORT,0.11288380067242573,-0.045669987404926275,1679533200000,0.010732517812630972,0.004916857338710348,-0.03654279987959587
ZECUSDT,1679558399999,LONG,-0.16205651093116918,0.07149077521726589,1679558400000,-0.0028571448007796685,0.023404423709996326,0.06836499966633057
ZECUSDT,1679565599999,SHORT,0.1514466949416452,-0.44517537972531407,1679565600000,-0.01522442712723061,-0.013263916766748814,-0.06222761441189105
ZECUSDT,1679716799999,LONG,-0.0461010991129738,0.24795357136599958,1679716800000,-0.005855307402219221,-0.0128709107525361,-0.002505220516937123
ZECUSDT,1679770799999,SHORT,0.13531336082072992,-0.1504873873406417,1679770800000,0.009169118680129552,-0.0138792767561612,-0.01920963023819349
ZECUSDT,1679781599999,LONG,-0.0049722758035856286,0.04730872903209917,1679781600000,0.010178204915756052,0.01438873745209967,0.032707317975784314
ZECUSDT,1679806799999,SHORT,0.07173020027210575,-0.08824985359916332,1679806800000,-0.004747949151217557,-0.018583255615770216,-0.009750738907149444
ZECUSDT,1680620399999,LONG,-0.1756310051756862,0.09548911440715799,1680620400000,0.0016211838189999106,0.0070062264498875915,0.03245828965355091
ZECUSDT,1680623999999,SHORT,0.09548911440715799,-0.06994723375566446,1680624000000,0.0018916368294381416,-0.012875714360045367,-0.03005145697915976
ZECUSDT,1680641999999,LONG,-0.07066604811883218,0.018783480565595725,1680642000000,0.0005291005414439304,0.014970732653839858,0.0031704121668459035
ZECUSDT,1680645599999,SHORT,0.018783480565595725,-0.06189750815154814,1680645600000,0.003974041526361668,-0.013394816162152169,-0.0034314406113274756
ZECUSDT,1680649199999,LONG,-0.06189750815154814,0.011219246558259852,1680649200000,0.0013260842680566434,0.013706065904367296,0.015536849729448719
ZECUSDT,1680652799999,SHORT,0.011219246558259852,-0.04857350862645319,1680652800000,-0.016294710074833237,-0.01132932681673429,-0.01342302033214055
ZECUSDT,1680656399999,LONG,-0.04857350862645319,0.017684340064930464,1680656400000,-0.0007823706227738328,-0.006538535129468644,0.002083334086854269
ZECUSDT,1680659999999,SHORT,0.017684340064930464,-0.022841975896241613,1680660000000,0.0036582220049689172,0.006279455484843248,-0.0002607901957667231
ZECUSDT,1680836399999,LONG,-0.2093387466841925,0.3009311717684747,1680836400000,-0.006109728130370445,-0.010649727916658039,-0.005843310118937135
ZECUSDT,1680839999999,SHORT,0.3009311717684747,-0.13987027578490235,1680840000000,-0.0029259230875398052,0.01990918598347759,-0.003987776120681155
ZECUSDT,1680850799999,LONG,-0.0032594285280599785,0.2554170047233355,1680850800000,-0.015370398322507342,-0.006712335579392681,0.006933361107953479
ZECUSDT,1680854399999,SHORT,0.2554170047233355,-0.5342775243428071,1680854400000,-0.00298386224372168,0.001903467603950158,-0.02495099254947435
ZECUSDT,1681012799999,LONG,-0.40246951313641033,0.11902776434926297,1681012800000,-0.0028822239263581696,-0.008407826723746334,0
ZECUSDT,1681030799999,SHORT,0.21648018338501626,-0.010098014074656178,1681030800000,-0.002643406244514127,-0.022508147270953818,-0.03126883200605122
ZECUSDT,1681037999999,LONG,-0.17662953564501785,0.1792802285136954,1681038000000,0.012064137926856911,0.008669435619940739,0.05167580697226171
ZECUSDT,1681052399999,SHORT,0.1294279179351012,-0.2715124407852414,1681052400000,-0,-0.011187836221304044,-0.02353049741019425
ZECUSDT,1681077599999,LONG,-0.033910622789713615,0.2707101734211745,1681077600000,0.01260732785373014,-0.005853178690517555,-0.016114941392406473
ZECUSDT,1681095599999,SHORT,0.051424652491384615,-0.04397748448483724,1681095600000,-0.002552323999139894,0.008211490841506214,0.011825330603115351
ZECUSDT,1681196399999,LONG,-0.2285323343844165,0.7660356440156799,1681196400000,-0.0025207979065670436,-0.011393970587053466,0.0057738330353119946
ZECUSDT,1681210799999,SHORT,0.01590298579805628,-0.2288339972050656,1681210800000,0.0007644286268538146,-0.015919477069000224,-0.011396856294845258
ZECUSDT,1681347599999,LONG,-0.02951048410641405,0.0542900362652625,1681347600000,0.004030232155421456,0.009795381598738733,0.04225458725323611
ZECUSDT,1681444799999,SHORT,0.14866589264566268,-0.18601083922782127,1681444800000,-0.0007064641763270316,0.0016503599172033674,0.03842009145134448
ZECUSDT,1681963199999,LONG,-0.0275687259940462,0.020902969433578004,1681963200000,0.0002599090333018807,-0.008615116591930703,-0.02393906242414153
ZECUSDT,1681970399999,SHORT,0.02758813953666312,-0.24160977936092873,1681970400000,-0.005996628581003154,-0.008592684036935796,0.029995613110694333
ZECUSDT,1681973999999,LONG,-0.24160977936092873,0.3343988211585624,1681974000000,-0.008355139988360703,0.0012992076661838211,-0.02661203019740516
ZECUSDT,1682017199999,SHORT,0.09798158780582185,-0.11860763845074235,1682017200000,-0,-0.005857311740721286,-0.003731347612858184
ZECUSDT,1682020799999,LONG,-0.11860763845074235,0.019857804349680493,1682020800000,0.003998405966695423,0.00851068966790861,0.022187914975362356
ZECUSDT,1682024399999,SHORT,0.019857804349680493,-0.014341073602265145,1682024400000,0.000532197990209175,-0.01163726436408162,-0.01163726436408162
ZECUSDT,1682027999999,LONG,-0.014341073602265145,0.1695876394146309,1682028000000,0.0026581621180721106,0.004514680354526613,0.011906477474405739
ZECUSDT,1682071199999,SHORT,0.2292911570049397,-0.2463141441492216,1682071200000,0.0013163092594301606,0.007393749024938265,0.04879016416943183
ZECUSDT,1682092799999,LONG,-0.22599056449527807,0.45551560532335084,1682092800000,0.002381898704533674,-0.039453914693468276,-0.030126000694039683
ZECUSDT,1682107199999,SHORT,0.30911196524819773,-0.05481609113875392,1682107200000,0.009140071939398213,-0.007142887512379983,-0.004127121004650827
ZECUSDT,1682110799999,LONG,-0.05481609113875392,0.03872571502222503,1682110800000,0.0074865177062981335,0.011896668183850616,0.012721410498641122
ZECUSDT,1682114399999,SHORT,0.03872571502222503,-0.04286624286830818,1682114400000,-0.006607953560032094,-0.010442524130994118,-0.00962206736406203
ZECUSDT,1682225999999,LONG,-0.08175873470315043,0.43310533590148004,1682226000000,0.006916760749314225,0.006916760749314225,-0.015062145969460974
ZECUSDT,1682279999999,SHORT,0.1176693473194366,-0.008707789213820616,1682280000000,-0.0054915019936751614,-0.01881959266497192,-0.01881959266497192
ZECUSDT,1682283599999,LONG,-0.008707789213820616,0.13532751578257637,1682283600000,0.0030083435788191507,0.023817093321477027,0.011438033196926376
ZECUSDT,1682308799999,SHORT,0.36914241503043727,-0.3136616734498303,1682308800000,-0.001350439097871325,-0.00027023375384004934,0.008958930560989708
ZECUSDT,1682312399999,LONG,-0.3136616734498303,0.13405713006318312,1682312400000,-0.002701974083730335,-0.003513991992741985,-0.02154726756240266
ZECUSDT,1682315999999,SHORT,0.13405713006318312,-0.3810002535963798,1682316000000,0.0018962487058177626,-0.007280603819893787,0.013075642573622087
ZECUSDT,1682409599999,LONG,-0.06334739309352343,0.06809351647734782,1682409600000,0.00662071383934875,0.007994529139913102,0.0011065008044576017
ZECUSDT,1682416799999,SHORT,0.0679934761926753,-0.02467896448462155,1682416800000,-0.0008283860752602288,-0.009074721975465754,-0.033146202014218216
ZECUSDT,1682420399999,LONG,-0.02467896448462155,0.36573268206038473,1682420400000,0.005230569392476158,-0.01026503672999893,0.025076266256782283
ZECUSDT,1682434799999,SHORT,0.26866081108988576,-0.35470700819918977,1682434800000,0.0011163830352880126,-0.007226268243737056,-0.0329247846964664
ZECUSDT,1682445599999,LONG,-0.14686069380248776,0.03382000100038658,1682445600000,-0.0016602106746402589,0.03397527488193704,0.021606200809476804
ZECUSDT,1682467199999,SHORT,0.32826795634096606,-0.009035375774954408,1682467200000,0.007245436231497409,0.01508649303338008,-0.012224441360690457
ZECUSDT,1682819999999,LONG,-0.5941569144215082,0.5513790616271614,1682820000000,0,0.004708352930386873,0.0005242464078125572
ZECUSDT,1682859599999,SHORT,0.20244412699728406,-0.39309029636518783,1682859600000,0.002094241603114848,-0.0018288705293570584,0.012631746905900687
ZECUSDT,1683017999999,LONG,-0.3833046099675952,0.01490227931057685,1683018000000,-0.0035670225775691223,0.0038272326651150154,0.005463001841197478
ZECUSDT,1683025199999,SHORT,0.005333289724195621,-0.15902234221541275,1683025200000,-0.0038314223115560888,-0.005741642567675183,-0.010094206566517425
ZECUSDT,1683053999999,LONG,-0.37404949940386145,0.08590583744755895,1683054000000,-0.0027159169328723957,-0.0008140008589468601,-0.009538156519285263
ZECUSDT,1683064799999,SHORT,0.1428725163238611,-0.011423302953496778,1683064800000,-0.0024459857282604423,0.0019065782705816427,0.0013614705983209633
ZECUSDT,1683068399999,LONG,-0.011423302953496778,0.11176661795014675,1683068400000,-0.0029911647046842313,-0.007905179507113261,-0.005991303324829011
ZECUSDT,1683082799999,SHORT,0.26221210577855203,-0.2619060738007289,1683082800000,-0.0019138761822841976,0.0005474952230928634,0.006865329724881702
ZECUSDT,1683316799999,LONG,-0.2148326736324819,0.02150368663360525,1683316800000,0.0008091706442856756,0.0008091706442856756,-0.016871148465456228
ZECUSDT,1683320399999,SHORT,0.02150368663360525,-0.02102072221790033,1683320400000,-0.003767496383126022,-0.004036060907366774,0.02152965023069452
ZECUSDT,1683331199999,LONG,-0.10556668616584619,0.155279641379174,1683331200000,0.0037664827954768648,-0.011385322225125352,-0.019597796523413175
ZECUSDT,1683345599999,SHORT,0.11788277550665073,-0.06674014061424795,1683345600000,0.0008182190556035907,0.006564574996506555,0.03185423735532831
ZECUSDT,1683381599999,LONG,-0.23196381126033738,0.06454929209170579,1683381600000,-0.013174682501111217,-0.0019512201312615824,-0.005025136202673043
ZECUSDT,1683385199999,SHORT,0.06454929209170579,-0.11325557790060739,1683385200000,-0.002536284296055508,-0.02094171183877086,-0.002536284296055508
ZECUSDT,1683489599999,LONG,-0.578819719395911,0.012155218959430364,1683489600000,0.0016920477810245234,-0.005377117809401772,-0.05601348004635982
ZECUSDT,1683493199999,SHORT,0.012155218959430364,-0.33548262595245043,1683493200000,-0.0002818092170264938,-0.0016896652851266735,0.058319642218143425
ZECUSDT,1683619199999,LONG,-0.4932152668981859,0.32702364738602413,1683619200000,-0.003343976364288683,0.007558614973926624,0.006051455683355061
ZECUSDT,1683716399999,SHORT,0.4232892766096868,-0.08027516655448462,1683716400000,-0.006945520900022556,-0.0168273201325253,-0.013843134092197657
ZECUSDT,1683838799999,LONG,-0.24949396926247763,0.29371256566174064,1683838800000,0.003410327286044168,0.012039040299107625,-0.0018650922409961304
ZECUSDT,1683863999999,SHORT,0.045203061317524135,-0.02722634338423862,1683864000000,-0.011882566328223664,-0.010327114155849524,-0.0068965790590602375
ZECUSDT,1683982799999,LONG,-1.0964224762708579,0.04538873770822432,1683982800000,-0.005518101065032481,-0.003982238376393583,-0.007672279463847406
ZECUSDT,1684004399999,SHORT,0.2020513739342083,-0.11513884188276212,1684004400000,-0.0009223674750779126,-0.006133107234478726,-0.0006150061694462856
ZECUSDT,1684015199999,LONG,-0.14511907621628314,0.06431955386911005,1684015200000,0.0009175715584903978,-0.01355535235337448,-0.0021442801905744184
ZECUSDT,1684018799999,SHORT,0.06431955386911005,-0.0007962498738610512,1684018800000,0.0021416560121062687,0.011372490787636627,0.0027544011293169322
ZECUSDT,1684040399999,LONG,-0.026260714434155782,0.2601569762286844,1684040400000,0.0006167129396820761,0.003694585483361607,0.01560858008074277
ZECUSDT,1684069199999,SHORT,0.08568285780301631,-1.4868999859554968,1684069200000,-0.007002616528181962,-0.0060920078751838785,0.00582198672219738
ZECUSDT,1684115999999,LONG,-0.03512800675132467,0.11345216609705369,1684116000000,-0.0024198438910351793,0.0015094342488541186,0.006624534915624735
ZECUSDT,1684119599999,SHORT,0.11345216609705369,-0.5477304812364109,1684119600000,-0.003023891025076919,-0.011143015463581065,-0.009044378806659991
ZECUSDT,1684951199999,LONG,-0.07758296379763213,0.08753632310456526,1684951200000,-0.0032175059932278596,-0.002251166732975836,0.003207186841470409
ZECUSDT,1684958399999,SHORT,0.1295270782938206,-0.02535378407913737,1684958400000,-0.00321337037428963,0.004192878260035927,-0.0025715218285059854
ZECUSDT,1684987199999,LONG,-0.2726431304083965,0.37215681294709196,1684987200000,0.00964947982656512,0.006764400088542063,0.009969531037490407
ZECUSDT,1685019599999,SHORT,0.23138864156555985,-0.1396045904869495,1685019600000,-0.0009546540104507638,0.006387757267867054,0.008312068317093036
ZECUSDT,1685138399999,LONG,-0.34021398576925405,0.05978125394802463,1685138400000,-0.005786524445284005,-0.013144007052581097,-0.009765106587045175
ZECUSDT,1685141999999,SHORT,0.05978125394802463,-0.10501196251596334,1685142000000,0.005820203288410722,0.006127470152097179,0.003671974750121189
ZECUSDT,1685167199999,LONG,-0.15340612131937262,0.2946161143807546,1685167200000,0.0009161704717795821,-0.0036730987118613503,-0.0098250713596331
ZECUSDT,1685188799999,SHORT,0.19417847307641573,-0.023203097656008195,1685188800000,-0.002776494148292223,-0.0009263548601306608,-0.014719676992466735
ZECUSDT,1685203199999,LONG,-0.04019707862512066,0.45759396823417886,1685203200000,0.0009254975209429712,-0.0012353306079927434,0.026197050966497944
ZECUSDT,1685257199999,SHORT,0.24329510847675495,-0.07576742382486261,1685257200000,0.0006004203122439229,-0.0008999550629907484,-0.008665824438372386
ZECUSDT,1685260799999,LONG,-0.07576742382486261,0.3135857487041692,1685260800000,-0.0015021784408067935,-0.005116640207171459,0.008965989531425876
ZECUSDT,1685264399999,SHORT,0.3135857487041692,-0.1978339230056471,1685264400000,0.00030070666291838406,0.009364212816265255,-0.013142363593534602
ZECUSDT,1685271599999,LONG,-0.00056998864641006,0.106105453131953,1685271600000,-0.006316760363215869,-0.008431245367931307,0.028379084508725706
ZECUSDT,1685278799999,SHORT,0.5865175918041811,-0.11164275536668253,1685278800000,-0.00785977444013901,-0.00785977444013901,-0.03430612334095484
ZECUSDT,1685282399999,LONG,-0.11164275536668253,0.6572766057215494,1685282400000,-0.004224508394953797,0.0006020469778476642,0.025859666572459666
ZECUSDT,1685386799999,SHORT,0.2400925312558177,-0.13213771365055574,1685386800000,-0.0008871803036440923,0.005934735519814466,0.004447746398236254
ZECUSDT,1685393999999,LONG,-0.048837037809976856,0.02322180807317955,1685394000000,-0.0023696693553183134,-0.008020242010835775,-0.0002959017627745096
ZECUSDT,1685397599999,SHORT,0.02322180807317955,-0.23671746895580859,1685397600000,0.0038615821044001956,-0.002073153415414314,-0.004437220710294934
ZECUSDT,1685609999999,LONG,-0.028675202934475577,0.055311327764591495,1685610000000,0.005316666159440619,0.0037558729598052647,-0.005660392471710255
ZECUSDT,1685617199999,SHORT,0.05303593737068645,-0.06968013495390019,1685617200000,-0.0006259781112076208,0.0021940143576213832,0.010385616559340085
ZECUSDT,1685653199999,LONG,-0.15845612988515767,0.5296888977796934,1685653200000,-0.0028422567689300286,-0.004108079722759994,0.011912366571509575
ZECUSDT,1685692799999,SHORT,0.19898153291529844,-0.15929603913873128,1685692800000,-0.002183747553196779,-0.003429465559198377,0.0015627444968186696
ZECUSDT,1686020399999,LONG,-0.43680090417059964,0.12448251104561976,1686020400000,-0.001366587161776527,0.003748513504993866,0.015582971151996701
ZECUSDT,1686113999999,SHORT,0.7276587601550522,-0.26524112219132406,1686114000000,0.0020066896365890452,0.014471058518833449,0.038485934722707296
ZECUSDT,1686142799999,LONG,-0.1865092714269734,0.01526854922813374,1686142800000,0,-0.01789448987655053,-0.016159884064342104
ZECUSDT,1686146399999,SHORT,0.01526854922813374,-0.03847752985137237,1686146400000,0.016512243072490294,0.016512243072490294,0.01685916415142497
ZECUSDT,1686167999999,LONG,-0.12240555926216418,0.03381887426043112,1686168000000,-0.0069108775398470275,-0.010036422713235812,-0.008298802814695066
ZECUSDT,1686189599999,SHORT,0.171447811420879,-0.4542794940882602,1686189600000,0.002780676105238856,0.002780676105238856,-0.011389251670621794
ZECUSDT,1686214799999,LONG,-0.13973008332768408,0.1427920092400139,1686214800000,-0.0003456022152941655,0.008258821891301723,0.009970857919816712
ZECUSDT,1686229199999,SHORT,0.061599335058792754,-0.10927188242182478,1686229200000,0.001028983112571327,0.006189840946066005,0.010337790204786385
ZECUSDT,1686391199999,LONG,-0.4374398247726221,0.06282099167175051,1686391200000,0.0012544429828170475,-0.00967003541157229,0.00041832253276855285
ZECUSDT,1686477599999,SHORT,0.5660568302144191,-0.5135682636464203,1686477600000,-0.006303866221214189,-0.005465643204825591,-0.04653917841311324
ZECUSDT,1686563999999,LONG,-0.26560881394402974,1.0862970146920428,1686564000000,0.003662262485909608,0.00040758101236740464,0.022970987867340253
ZECUSDT,1686635999999,SHORT,0.9722027608566364,-0.26620116513494474,1686636000000,-0.0007833921278040774,0.001961169485223544,0.015798116876591176
ZECUSDT,1687096799999,LONG,-0.42748471944986777,0.038907788918390855,1687096800000,0.004199280841556791,0.01141130678740967,-0.02009341172748769
ZECUSDT,1687114799999,SHORT,0.12002645574562279,-0.12232979110616149,1687114800000,-0.0034007212067548977,0.023359285363656872,0.016409450440780505
ZECUSDT,1687118399999,LONG,-0.12232979110616149,0.15300277834030865,1687118400000,-0.02212142075036124,-0.029864394007281355,-0.014820715892703909
ZECUSDT,1687132799999,SHORT,0.15034713567673522,-0.15617085337566264,1687132800000,0.0019451474718923936,-0.0007770008160922242,-0.018101784473398393
ZECUSDT,1687143599999,LONG,-0.3021226909844945,0.13620054177756125,1687143600000,-0.0023273866207773053,0.006949834922876274,0.015379003604792649
ZECUSDT,1687262399999,SHORT,0.13557307808249258,-0.052444026184754286,1687262400000,0.008700641230831412,0.01365208916832732,0.005287021378906956
ZECUSDT,1687269599999,LONG,-0.05158742779627386,0.03074881116127089,1687269600000,-0.0019153424740689152,-0.0022988515871107127,0.025690872715346893
ZECUSDT,1687273199999,SHORT,0.03074881116127089,-0.042703448164268736,1687273200000,-0.0038255593709835486,-0.012947629467560746,-0.034284766855691984
ZECUSDT,1687301999999,LONG,-0.19356590305924531,0.03479246351655569,1687302000000,0.004934532692631045,0.0270286723879192,0.024061311160117293
ZECUSDT,1687305599999,SHORT,0.03479246351655569,-0.3493071175728333,1687305600000,-0.00942158844152175,-0.018755238429773568,-0.023574524865722393
ZECUSDT,1687834799999,LONG,-0.060186077909445496,0.489836592207648,1687834800000,-0.008165977110286418,-0.028710105882431253,-0.01375717733627879
ZECUSDT,1687849199999,SHORT,0.4074312884229697,-0.36324896361920095,1687849200000,-0.006671138817022601,-0.010983635133964196,-0.014288330805095185
ZECUSDT,1688155199999,LONG,-0.13933311242173582,0.38802702525433497,1688155200000,-0.012426285065886108,0.01702295847503342,0.014354313451683122
ZECUSDT,1688158799999,SHORT,0.38802702525433497,-0.07688467746103973,1688158800000,-0.012731302606759224,-0.032415803389305484,-0.026194482775053044
ZECUSDT,1688165999999,LONG,-0.07779362987581263,0.16639122308630763,1688166000000,0.011915541634193954,0.009543764655178855,-0.006916280764865718
ZECUSDT,1688187599999,SHORT,0.14291342873490506,-0.2320339604701677,1688187600000,-0.0008978004493525883,-0.0074571561080819995,-0.02015480197846034
ZECUSDT,1688245199999,LONG,-0.2637341390668561,0.30729501279849586,1688245200000,-0.0058360247345419225,-0.01968625350342634,-0.03343012087449492
ZECUSDT,1688252399999,SHORT,0.1890924317012305,-0.2923961509477803,1688252400000,-0.0017652255245691492,0.023537508484185458,0.016028838275898915
ZECUSDT,1688507999999,LONG,-0.6940563669311235,0.014756957121482823,1688508000000,-0.00029722098598939387,-0.02314848590275756,0.005334926701880277
ZECUSDT,1688615999999,SHORT,0.311309169056287,-0.04759436994198648,1688616000000,0.0070153348939049264,-0.03681014464612462,-0.0015875539133629686
ZECUSDT,1688666399999,LONG,-0.0937614132856992,0.005159077437434099,1688666400000,0.005690815231754795,-0.023741891555363458,-0.011479717905261854
ZECUSDT,1688673599999,SHORT,0.014543031817386334,-0.23586693272651613,1688673600000,0.0006447453479312305,0.022157960954781543,0.006141929765160116
ZECUSDT,1688741999999,LONG,-0.055333291642495556,0.11552800969532273,1688742000000,-0.006420567802922695,-0.039822494187171556,-0.05289457575452438
ZECUSDT,1688745599999,SHORT,0.11552800969532273,-0.03111674621387263,1688745600000,0.018850086902095477,0.027086008929174232,0.05254802097093766
ZECUSDT,1688857199999,LONG,-0.05394946621640246,0.11012092416313304,1688857200000,0.004883162825071764,0.007315831270630024,0
ZECUSDT,1688965199999,SHORT,0.34260237067285537,-0.08388354826438382,1688965200000,0.00972905519811915,0.01007827818054033,0.0010378828124200546
ZECUSDT,1688972399999,LONG,-0.12963255036372728,0.11144174490555572,1688972400000,0.0024352073262491726,0.007979227070365124,0.014523076838370652
ZECUSDT,1688997599999,SHORT,0.1378085477795838,-0.038773087078047073,1688997600000,-0.00840341079637938,-0.012578782206860185,-0.016736792355523826
ZECUSDT,1689047999999,LONG,-0.5854460644833822,0.6036771983389841,1689048000000,-0.001040402382732552,0.007940659711209894,-0.0017346058122083075
ZECUSDT,1689134399999,SHORT,0.2824072956359861,-0.34599569228859184,1689134400000,-0.003787231243882765,-0.018117056798707756,0.003109347815177651
ZECUSDT,1689137999999,LONG,-0.34599569228859184,0.4838090410695608,1689138000000,0.005483221414531401,0.007531702841003887,-0.005859055189403193
ZECUSDT,1689224399999,SHORT,0.34868986667270613,-0.1651101319843317,1689224400000,-0.010183387390698871,-0.02526662960202733,-0.04926120721360786
ZECUSDT,1689227999999,LONG,-0.1651101319843317,0.3881652412331317,1689228000000,0.007737633222060285,0.02600146481520193,0.05646396285060048
ZECUSDT,1689314399999,SHORT,0.0344211396471996,-0.7975778432168933,1689314400000,0.0006108735681719222,0.013216728428366336,0.02067017908294722
ZECUSDT,1689418799999,LONG,-0.08402752125934507,0.07011792144071874,1689418800000,-0.005335019714973833,-0.013867225054360504,-0.027285956752881355
ZECUSDT,1689422399999,SHORT,0.07011792144071874,-0.3230448481855363,1689422400000,0.005680040515703457,0.013303965626362928,0.017137836137084823
ZECUSDT,1689487199999,LONG,-0.10194049270689655,0.32512902691558465,1689487200000,-0.002576490958304783,-0.00032169857121575496,0.0035318707447741533
ZECUSDT,1689490799999,SHORT,0.32512902691558465,-0.03353948832558413,1689490800000,-0.0016105656565632888,-0,0.00032242463603510314
ZECUSDT,1689497999999,LONG,-0.06504592390080162,0.007147027957458415,1689498000000,0,0.004814645795540672,-0.0041915263688415555
ZECUSDT,1689501599999,SHORT,0.007147027957458415,-0.009161046950416175,1689501600000,0.001932367751053924,-0.004174030783241343,-0.002891568279799074
ZECUSDT,1689505199999,LONG,-0.009161046950416175,0.0036489279106515613,1689505200000,0.0038610086574595933,0.014084739881739023,0.006106398534295232
ZECUSDT,1689551999999,SHORT,0.49360377121707455,-0.10963574332579508,1689552000000,-0.0006487188031591277,-0.026574318698215346,-0.014815085785140682
ZECUSDT,1689562799999,LONG,-0.06612768741725897,0.1285844546037658,1689562800000,0.006975297780708872,0.015469921772131951,0.02202732231829091
ZECUSDT,1689652799999,SHORT,0.1371052539042952,-0.5506166069451792,1689652800000,0.0003121585790916413,0.019858808649603286,0.026246565917470304
ZECUSDT,1690055999999,LONG,-0.25453331351027636,0.0870828678269789,1690056000000,0.004408067591172004,-0.010786906623899646,0.005036208315343013
ZECUSDT,1690059599999,SHORT,0.0870828678269789,-0.10232122622178641,1690059600000,0.0022009126947574436,0.022230194570329934,-0.004074602095567743
ZECUSDT,1690441199999,LONG,-0.8155414915050931,0.15499587471387097,1690441200000,0.00465117117573088,0.005313861723508567,-0.00903167203034782
ZECUSDT,1690444799999,SHORT,0.15499587471387097,-0.05718291424135912,1690444800000,-0.007594555241206185,-0.0019867556203970187,0.01368284320607857
ZECUSDT,1690448399999,LONG,-0.05718291424135912,0.6812391883223217,1690448400000,0.002299984585441683,-0.008921255269966132,-0.02127739844728485
ZECUSDT,1690455599999,SHORT,0.6936409496593343,-0.09431089902056929,1690455600000,-0.0013240650726191981,0.005980084266471675,0.0046480827375308875
ZECUSDT,1690505999999,LONG,-0.14226446547756816,0.1539201612792047,1690506000000,-0.000987979662119469,-0.000987979662119469,0.0006581112445491024
ZECUSDT,1690577999999,SHORT,0.052393011618698374,-0.06919788369371827,1690578000000,-0.003593013827840486,-0.003919012200735823,0.005249355886143678
ZECUSDT,1690703999999,LONG,-0.3200325680278058,0.22054501552325537,1690704000000,0.000664231176862766,-0.0023282897595911845,-0.02217087789415452
ZECUSDT,1690804799999,SHORT,0.1082877752962295,-0.1129705012761876,1690804800000,-0.003632165129019473,0.015333633763681685,-0.001652619777881429
ZECUSDT,1690970399999,LONG,-0.33561727075761255,0.024083517776540685,1690970400000,-0.0006662225429631394,-0.002667557433780574,-0.010713192520722607
ZECUSDT,1691045999999,SHORT,0.18972007449627132,-0.7394316870059867,1691046000000,0.0016946284346954607,0.0006775068009832858,-0.005403593019837135
ZECUSDT,1691402399999,LONG,-0.0231887658320994,0.010003583777221147,1691402400000,0.001017121633712267,-0.0047602946063002305,-0.01263030956360408
ZECUSDT,1691488799999,SHORT,0.2583835011893503,-0.38281041342297667,1691488800000,-0.008484693697282551,-0.0010219724956931895,-0.01488525454102728
ZECUSDT,1691582399999,LONG,-0.24895982994727783,0.05359829842122764,1691582400000,0.0037143382227295507,-0.0030492993303976525,-0.0023708732528161976
ZECUSDT,1691593199999,SHORT,0.03878731163345495,-0.024816350227395093,1691593200000,0.0010174665961707706,0.0020359694850986204,-0.000677736386497595
ZECUSDT,1691603999999,LONG,-0.2422565087789716,0.13143005963759266,1691604000000,0.003402521145839934,0.004081638319648678,0.007470323365165373
ZECUSDT,1691611199999,SHORT,0.11553843659241597,-0.2770086932534809,1691611200000,-0.0010191949243041705,-0.0023765076538932975,-0.0013586958611927161
ZECUSDT,1691830799999,LONG,-0.010314914955374994,0.045444841972963515,1691830800000,0.0010164324100572545,-0.0003390405185893715,-0.01296504001728894
ZECUSDT,1691841599999,SHORT,0.18575913149795764,-0.22438937792161245,1691841600000,-0.002716470261281254,0.0010205818201724551,0.006823636166254047
ZECUSDT,1691845199999,LONG,-0.22438937792161245,0.1568728402613186,1691845200000,-0.0023757011003926972,-0.004416518135245366,-0.008168867753795873
ZECUSDT,1691888399999,SHORT,0.2694848648711083,-0.1022876954154009,1691888400000,-0.001707359130822735,0.0017102791923286876,-0.013240729851756176
ZECUSDT,1691895599999,LONG,-0.10460976304858007,0.3135189778177467,1691895600000,-0.002051282770557472,-0.001025115415245297,0.015924442898528016
ZECUSDT,1691906399999,SHORT,0.09699079313588353,-0.05276726516184808,1691906400000,-0.004111002706522288,-0.009226103373292632,-0.02139663899354789
ZECUSDT,1691909999999,LONG,-0.05276726516184808,0.23092889541014866,1691910000000,0.008168867753795871,0.010877061690675389,0.029299957550231542
ZECUSDT,1691931599999,SHORT,0.43951556495471533,-0.16307271042650245,1691931600000,0.0013495278701333038,0.0006745362818998383,-0.007055295518232374
ZECUSDT,1691949599999,LONG,-0.041156550773970464,0.0672708186407885,1691949600000,0.012356143177318767,0.011027680677062645,0.009697451016325489
ZECUSDT,1691996399999,SHORT,0.4377306794675743,-0.028751712773337896,1691996400000,0.00033528919006471414,-0.0030125545796194373,0.010785409571809004
ZECUSDT,1691999999999,LONG,-0.028751712773337896,0.022185597130493007,1692000000000,0.0013404827744518287,-0.002686368304583399,-0.01011130960432068
ZECUSDT,1692021599999,SHORT,0.030497180728382665,-0.14192742506361095,1692021600000,-0.008751318052906512,-0.0027008794271324624,0.005423742109362169
ZECUSDT,1692363599999,LONG,-0.47234166867986965,0.538803937697641,1692363600000,0.0008146639961762836,-0.005311554877896674,-0.001223241742744094
ZECUSDT,1692377999999,SHORT,0.17726515838649218,-0.1572212495681828,1692378000000,-0.003680233145812683,-0.001637331516012368,-0.012215135595650059
ZECUSDT,1692395999999,LONG,-0.1565449587346797,0.19422901199264234,1692396000000,-0.0016413626992300952,0.005723646042568943,0.013843869305495955
ZECUSDT,1692406799999,SHORT,0.14661548509838956,-0.20692829124009016,1692406800000,-0.0008156607303766942,-0.008126822460497384,-0.0077220460939103185
ZECUSDT,1692417599999,LONG,-0.28889648040226407,0.08204637577162818,1692417600000,0.0020255222643205547,-0.0008113590708792473,0.01409324715332941
ZECUSDT,1692424799999,SHORT,0.06892882169229965,-0.7427276865410923,1692424800000,0.0016326534238853348,-0.008527970465314304,-0.013770975014554383
ZECUSDT,1692525599999,LONG,-0.24545727125287892,0.25054049629273095,1692525600000,0,-0.005205216957808666,0.007162784304875678
ZECUSDT,1692575999999,SHORT,0.3379384319322452,-0.0861652546909214,1692576000000,-0.0019900504080097876,0.008803578266759635,0.010815246617663086
ZECUSDT,1692673199999,LONG,-0.4513585244778446,0.19983604196080498,1692673200000,-0.002402884616310315,0.007174203748000453,0.006379606964038988
ZECUSDT,1692773999999,SHORT,0.7996702663479078,-0.0138010492837812,1692774000000,0.0039619703173548685,0.022391979148548947,-0.006306682314657875
ZECUSDT,1692953999999,LONG,-0.04440366048010681,0.27168716317216557,1692954000000,0.0016168152269054777,0.004037147186971163,0.012062872449275163
ZECUSDT,1693004399999,SHORT,0.20061471677012369,-0.5312627998321058,1693004400000,-0.0012012013456339273,0.0004007213036992982,0.005221943981151824
ZECUSDT,1693357199999,LONG,-0.07235066273070426,0.02731239752977212,1693357200000,-0.01037074783656253,-0.0034449794836024696,-0.014239224614482814
ZECUSDT,1693360799999,SHORT,0.02731239752977212,-0.474619909489848,1693360800000,0.004257796252404907,-0.01228422357186869,0.0027074083449497967
ZECUSDT,1693371599999,LONG,-0.468309151923895,0.2344823305387516,1693371600000,0.005355789389904727,-0.0015355089389363558,-0.007314758312710609
ZECUSDT,1693382399999,SHORT,0.024553460745250662,-0.027324559233930484,1693382400000,-0,0.011980819637055485,-0.0034515854017563414
ZECUSDT,1693385999999,LONG,-0.027324559233930484,0.442921202091813,1693386000000,-0.0038506016002851457,-0.008490981156787444,0.005366053504638826
ZECUSDT,1693461599999,SHORT,0.13664357187565898,-0.3301950121974601,1693461600000,0.0057725771226804275,0.017028275228110776,0.047946314631420954
ZECUSDT,1693475999999,LONG,-0.03307830052081953,0.2373371383045147,1693476000000,-0.0011721040607373238,-0.0046966818234097886,-0.03456153324709203
ZECUSDT,1693493999999,SHORT,0.29969323971150413,-0.1391651154671236,1693494000000,0.013056565302427848,0.02871010588243148,0.033982882243820234
ZECUSDT,1693637999999,LONG,-0.7476978325036904,0.03901013215210488,1693638000000,0.0032786914616982953,0.004914014802429163,-0.005350908013261876
ZECUSDT,1693735199999,SHORT,0.2548544216724014,-0.5451048746644456,1693735200000,-0,-0.008881770134780408,0.0008113590708792473
ZECUSDT,1693771199999,LONG,-0.06306796071324006,0.0257679360364801,1693771200000,0.0012099215027131511,-0.0020197946676715726,-0.012588998746416226
ZECUSDT,1693774799999,SHORT,0.0257679360364801,-0.16330527586002574,1693774800000,0.006875659038390542,0.0008064516566104678,0.008500354765392381
ZECUSDT,1693796399999,LONG,-0.03426764853069768,0.06145571192008079,1693796400000,-0.0024000011520010547,-0.017735249215581714,-0.023035975184656558
ZECUSDT,1693807199999,SHORT,0.13141131356402852,-0.07948801263545797,1693807200000,-0.0004067520902123965,0.002443993069878102,0.002443993069878102
ZECUSDT,1693900799999,LONG,-0.2893718589066612,0.10096999514094838,1693900800000,0.0012162985484879924,0.0016214028683890767,-0.003657797209757414
ZECUSDT,1694019599999,SHORT,0.018531019887300954,-0.030877236863293495,1694019600000,-0.006825965070399891,-0.001207972766176587,-0.014003029370763406
ZECUSDT,1694026799999,LONG,-0.013047658909230328,0.07193477660198086,1694026800000,-0.0016109548389281725,0.004817351749044017,0.013589337821881136
ZECUSDT,1694030399999,SHORT,0.07193477660198086,-0.15217110177154422,1694030400000,-0.0016109548389282489,-0.013213405458391829,-0.014803230912491507
ZECUSDT,1694174399999,LONG,-0.28511288518560995,0.0019177150919050866,1694174400000,0.003980896977022511,0.0043781164459990776,-0.001996407131436959
ZECUSDT,1694177999999,SHORT,0.0019177150919050866,-0.011302895639485687,1694178000000,0.0023875856945015225,0.005979686942712076,0.009183534296773252
ZECUSDT,1694185199999,LONG,-0.0014297191551752525,0.1650949567608354,1694185200000,-0.006728701420991141,-0.01831261365769154,-0.00871637848169145
ZECUSDT,1694188799999,SHORT,0.1650949567608354,-0.18856503302002442,1694188800000,0.007171345474991126,0.015200292660809345,0.0015891938187707567
ZECUSDT,1694203199999,LONG,-0.1229620304527663,0.06796195849760252,1694203200000,0.008032171697264253,0.008831851867828517,0.019169916107720123
ZECUSDT,1694235599999,SHORT,0.12294957645731526,-0.18347102756661368,1694235600000,0.0003976933836467654,-0.005551164136125505,-0.007920833491444058
ZECUSDT,1694347199999,LONG,-0.06692842301102188,0.13105817006933806,1694347200000,0.0052663682583918535,0.00040609137613892234,0.006074122744960616
ZECUSDT,1694404799999,SHORT,0.328516431537219,-0.31396791348861786,1694404800000,0.0019940186068643953,0.011218066361277132,0.022155991897208595
ZECUSDT,1694426399999,LONG,-0.022488340063938024,0.3758303161988411,1694426400000,-0.011917133022189403,0.0024479816386400372,-0.01150382448148469
ZECUSDT,1694447999999,SHORT,0.14309495527013605,-0.0037753912131608777,1694448000000,0.00612621887407296,0.0226486930457797,-0.035596639717590105
ZECUSDT,1694455199999,LONG,-0.003581426829817522,0.12253760712856485,1694455200000,-0.006546668226314333,-0.013136477905369964,0.02298024931032021
ZECUSDT,1694458799999,SHORT,0.12253760712856485,-0.06099332219277191,1694458800000,0.014061439295436908,-0.0008210181085160052,-0.022335953942063082
ZECUSDT,1694465999999,LONG,-0.10121372616344794,0.22912813107402658,1694466000000,-0.0012389016657937024,0.022041708672833872,0.029683008672792485
ZECUSDT,1694509199999,SHORT,0.022059788933061344,-0.20297617407212112,1694509200000,-0.007977704855542871,0.0016032067562152478,0.0024057750175927764
ZECUSDT,1694606399999,LONG,-0.08775708965834424,0.04401355088296013,1694606400000,0.0023622058228376834,0.005503158542529486,-0.0019727763352151506
ZECUSDT,1694624399999,SHORT,0.06914965334484091,-0.07207886274759304,1694624400000,0.0027586224390797514,-0.004711433921319884,0.0075054667952992775
ZECUSDT,1694627999999,LONG,-0.07207886274759304,0.005763096310234265,1694628000000,0.004331568103538753,0.0027586224390796607,-0.0071287430607531515
ZECUSDT,1694685599999,SHORT,0.1758487571986817,-0.04102209020305284,1694685600000,-0.005869709672017155,-0.0011767014497575208,0.003932368417721076
ZECUSDT,1694689199999,LONG,-0.04102209020305284,0.1977874902368131,1694689200000,0.0003902439073914441,0.0007803355838811049,-0.007443717034559927
ZECUSDT,1694717999999,SHORT,0.04511712190172559,-0.06050327974636569,1694718000000,-0.0023649991314978833,-0.0035454045410353526,-0.017602645000260365
ZECUSDT,1694728799999,LONG,-0.12293415130326799,0.36052848852397135,1694728800000,0.001574183717441141,-0.0015766656793948371,0.011357083105173313
ZECUSDT,1694746799999,SHORT,0.08840831990320443,-0.0018376157327640132,1694746800000,-0.0011743982559414398,-0.010132588639860924,0.008259633977417033
ZECUSDT,1694750399999,LONG,-0.0018376157327640132,0.1801163584355396,1694750400000,0.005851391768464087,0.006628996784318897,-0.00549236374802592
ZECUSDT,1694804399999,SHORT,0.8404234703432589,-0.16571677328167814,1694804400000,-0.010176213060452457,-0.02869526082768991,-0.02907745078074653
ZECUSDT,1694807999999,LONG,-0.16571677328167814,0.027002048879296487,1694808000000,0.0069821850761455,0.014299760574906763,0.02688333939344045
ZECUSDT,1694815199999,SHORT,0.12957285760050896,-0.3865438302383366,1694815200000,-0.009602532014979301,-0.010366765907735338,-0.009984721968035898
ZECUSDT,1694843999999,LONG,-0.12522671604626742,0.010393850096215322,1694844000000,-0.005335378510146775,-0.005335378510146775,-0.01031527771183291
ZECUSDT,1694854799999,SHORT,0.1267976822085006,-0.05760126946540491,1694854800000,0.002671247533833708,0.004966581364850749,0.010342938401231183
ZECUSDT,1695056399999,LONG,-0.1955292982782377,0.32744431323537204,1695056400000,-0.015486178630494306,-0.0197872605298849,-0.013147907884681776
ZECUSDT,1695077999999,SHORT,0.24258861923664624,-0.38273253443363525,1695078000000,0.009032066113504305,-0.0003908540210008852,-0.012045997612749751
ZECUSDT,1695268799999,LONG,-0.4741122925740977,0.1324754238519408,1695268800000,0.0015255533088371917,-0.0026753312345300603,-0.0026753312345300603
ZECUSDT,1695293999999,SHORT,0.13518969248904472,-0.0072050451664759565,1695294000000,-0.007770046861931858,-0.015096086954004821,-0.019313076143606608
ZECUSDT,1695297599999,LONG,-0.0072050451664759565,0.048956947405059,1695297600000,0.0011603172835367873,0.011160400618120037,0.008477892782297837
ZECUSDT,1695329999999,SHORT,0.190824262864195,-0.12771352966219016,1695330000000,0.0007710100613245905,-0.006146773099139757,-0.012636584004512275
ZECUSDT,1695337199999,LONG,-0.09201957738227176,0.22974647401384893,1695337200000,-0.002682507835822082,-0.00038277512429076244,0.0030569378027939425
ZECUSDT,1695340799999,SHORT,0.22974647401384893,-0.03609434394967409,1695340800000,-0.0015331547656271182,-0.009923745562807573,-0.006880761092222287
ZECUSDT,1695351599999,LONG,-0.13067190380317528,0.03732092037434693,1695351600000,0.008007669099987624,-0.000382921697192919,0.009525695956965029
ZECUSDT,1695355199999,SHORT,0.03732092037434693,-0.2987338688407293,1695355200000,0.0011396012629336736,0.0068571697261370235,-0.0007590133191715234
ZECUSDT,1695373199999,LONG,-0.34126442045751826,0.04385988987741244,1695373200000,0.000760745567309132,-0.0026671762810947753,0.01135085966868948
ZECUSDT,1695380399999,SHORT,0.026643274553642488,-0.11667325965466604,1695380400000,-0.0011435107020790205,-0.005704522029641574,-0.01589136733663466
ZECUSDT,1695416399999,LONG,-0.051284219857586105,0.1789706990490623,1695416400000,0.0037551677623236424,0.0063754200569162995,0.004504512121104508
ZECUSDT,1695423599999,SHORT,0.14031638224807058,-0.023425373755444935,1695423600000,-0.0018751177442443815,-0.0018751177442443815,-0.001500375375234492
ZECUSDT,1695427199999,LONG,-0.023425373755444935,0.20216042767119385,1695427200000,0.0022455099255828236,-0.0018751177442444145,-0.0003747423690098073
ZECUSDT,1695437999999,SHORT,0.011226666805081817,-0.3975935109857306,1695438000000,0.0022497197340154416,-0.003365118150313555,0.004880805634481654
ZECUSDT,1695704399999,LONG,-0.3066812798673392,0.28769749210365836,1695704400000,-0.004987541511039051,-0.007683479981948102,0.005724114083888643
ZECUSDT,1695783599999,SHORT,0.27172903378511126,-0.3307634517043858,1695783600000,-0.008770313604097572,-0.0007656968214837046,0.006532203822739531
ZECUSDT,1695869999999,LONG,-0.2010672806211786,0.03983711174203287,1695870000000,-0.0007665772701956842,0.001913876182283976,0
ZECUSDT,1696017599999,SHORT,0.3526356058718264,-0.18168964632396123,1696017600000,0.004462632917473424,0.010069076307583212,0.014576972746773111
ZECUSDT,1696125599999,LONG,-0.28225271767935456,0.0004316245203437397,1696125600000,0.0018494549381177048,0.0161590001510153,0.015065506329644169
ZECUSDT,1696129199999,SHORT,0.0004316245203437397,-0.09642306849089877,1696129200000,-0.0033204236373025474,-0.012486390651382458,-0.008830079448272216
ZECUSDT,1696139999999,LONG,-0.11272326709564016,0.2185033203042887,1696140000000,-0.0018231545615151365,-0.0021881846805527827,-0.010989121575595206
ZECUSDT,1696147199999,SHORT,0.02304021624746167,-0.3706241538395616,1696147200000,-0.0044069112819906525,-0.008794486876437893,-0.006237407857547018
ZECUSDT,1696298399999,LONG,-0.09239960632290137,0.24242958661064784,1696298400000,0.0003633060893731734,0.000726480235365932,-0.006928013125166364
ZECUSDT,1696359599999,SHORT,0.012913221702397832,-0.03035635073870448,1696359600000,0.003710579396535713,0.0051986749092375545,0.01042451733588409
ZECUSDT,1696481999999,LONG,-0.29134994638799394,0.3057664888690165,1696482000000,-0.0018385737850635494,-0.0007350239213683204,-0.01294157459592007
ZECUSDT,1696550399999,SHORT,0.15375222147708908,-0.11347063378529852,1696550400000,-0.0018426391799213294,-0.00881386535741609,-0.00881386535741609
ZECUSDT,1696553999999,LONG,-0.11347063378529852,0.07600185219674706,1696554000000,0.0018392501046595418,0.004408530284765956,-0.0029498546464212347
ZECUSDT,1696564799999,SHORT,0.18426925165071836,-0.196115205731521,1696564800000,0.0021969983205420525,-0.004015336659736085,0.0058694225728058436
ZECUSDT,1696629599999,LONG,-0.1929969102700682,0.13770872235798642,1696629600000,-0.0033475947200265156,-0.002975085868633838,-0.0014864365427342352
ZECUSDT,1696697999999,SHORT,0.04040801831275643,-0.13383876747513182,1696698000000,0.0029706668708652773,0.004831825048157468,-0.0007412898782745744
ZECUSDT,1696723199999,LONG,-0.15156710681286886,0.026249276242388646,1696723200000,0.001111317024914533,0.00406880531739388,-0.01681968262996146
ZECUSDT,1696726799999,SHORT,0.026249276242388646,-0.018501898129770634,1696726800000,0.0022238704495181377,0.0007407407746110242,0.023601020515355755
ZECUSDT,1696780799999,LONG,-0.5058153646583923,0.06575738372398966,1696780800000,-0.0026702285558789208,0.0007616146598157249,-0.0038167985267008537
ZECUSDT,1696813199999,SHORT,0.05297898978473449,-0.03453874102680715,1696813200000,-0.0019051253618946526,-0.004945796651817699,0.023930126850036915
ZECUSDT,1696816799999,LONG,-0.03453874102680715,0.05236793328572279,1696816800000,-0.0030499451778279022,0.0007610350443413563,-0.021936611796274364
ZECUSDT,1696823999999,SHORT,0.029123088146746103,-0.04717672288903577,1696824000000,-0.008001566791295526,-0.004580160678574381,0.027143969724154473
ZECUSDT,1696838399999,LONG,-0.1124395120533519,0.48213128296339514,1696838400000,-0.006111554546002356,-0.02701823936531624,-0.03408540658840861
ZECUSDT,1696863599999,SHORT,0.04446231774112048,-0.0379510225450759,1696863600000,0.0074408019040582635,0.011379365482986703,-0.0038940859176730984
ZECUSDT,1696978799999,LONG,-0.3614479454218241,0.14724760575699383,1696978800000,-0.00039269586210510706,-0.012643392445617479,-0.006301714434332925
ZECUSDT,1696993199999,SHORT,0.074400386432529,-0.30584812298686903,1696993200000,-0,0.010789315452739133,0.0007952286701383577
ZECUSDT,1697014799999,LONG,-0.19653561015324938,0.019823917522146524,1697014800000,0.007927112458082987,0.0019876770607003946,-0.0015929911771698343
ZECUSDT,1697021999999,SHORT,0.027774076718678417,-0.2667018537599416,1697022000000,0.004750602758597865,0.007134394113874092,0.005544568659774406
ZECUSDT,1697158799999,LONG,-0.24844880626544166,0.006788702237568484,1697158800000,-0.0036667386774198937,0.0036533428090857537,0.013330837691151223
ZECUSDT,1697162399999,SHORT,0.006788702237568484,-0.020077138050874847,1697162400000,-0.0028530689824064807,-0.007320081486505851,-0.013782139514596661
ZECUSDT,1697169599999,LONG,-0.019367737199311005,0.00424985890931006,1697169600000,0.009772064733792522,0.01944955961585788,0.01098688569712411
ZECUSDT,1697209199999,SHORT,0.02327474776297053,-0.1567249667088307,1697209200000,0.0008090615328061228,-0.0012123662830705016,-0.012856745997549034
ZECUSDT,1697291999999,LONG,-0.1363358763919694,0.06006611132768337,1697292000000,-0.002385687016203097,-0.0003972194689765008,-0.0051762010853272505
ZECUSDT,1697324399999,SHORT,0.07549821809199561,-0.17011120393780954,1697324400000,0.0028039273327342593,-0.00677698427902389,0.00040008002133980235
ZECUSDT,1697345999999,LONG,-0.1650258814010411,0.03289589451402261,1697346000000,0.000397693383646691,-0.0035863756312275773,0.0007952286701383172
ZECUSDT,1697360399999,SHORT,0.30243130283844905,-0.049035263779337396,1697360400000,0.0011983224921087556,0.005203133611621326,-0.006763503005899652
ZECUSDT,1697410799999,LONG,-0.039859317839900654,0.7470896844689354,1697410800000,-0.0007955449902473464,0.0011921320704529766,0.013035934158214395
ZECUSDT,1697482799999,SHORT,0.18196001427865388,-0.1724995480424715,1697482800000,0.002346500881123648,-0.0031201273362434566,0.016145261120997945
ZECUSDT,1697792399999,LONG,-0.06527517084182519,0.9732248772705306,1697792400000,0.0007797271350210612,-0.009010834720396597,-0.012954057495436653
ZECUSDT,1697846399999,SHORT,0.009745047527851962,-0.23635999343373199,1697846400000,-0.00039596120097621864,-0.0007917656787340257,-0.00946006266665525
ZECUSDT,1697853599999,LONG,-0.16535519113846564,0.0648355448788167,1697853600000,0.00039549140321705326,0.002370605614336222,0.014140062773812693
ZECUSDT,1697864399999,SHORT,0.09782846989598208,-0.09127613932706621,1697864400000,-0.0003947108794091983,-0.004726278982947928,-0.015279435355834833
ZECUSDT,1697878799999,LONG,-0.0013272462392443143,0.11764278891315925,1697878800000,0.001962709167848689,-0.0003930045246102828,0.008607251886517495
ZECUSDT,1697921999999,SHORT,0.21803895023301578,-0.006838499895744532,1697922000000,0.0007791196342700281,-0.0019451474718923075,0.016094557421657555
ZECUSDT,1697947199999,LONG,-0.1006700636815619,0.02947382478849693,1697947200000,0.006218442113744001,-0.008220833144857023,-0.011764841579586257
ZECUSDT,1697968799999,SHORT,0.004779100589280005,-0.1600570527116952,1697968800000,-0.0051353065648727745,-0.00946006266665525,-0.01259363358172643
ZECUSDT,1697972399999,LONG,-0.1600570527116952,0.003333709841445,1697972400000,-0.004343540886138696,-0.0015772873932486113,0.01757514482150749
ZECUSDT,1697975999999,SHORT,0.003333709841445,-0.05436334074572075,1697976000000,0.0015841587471364324,-0.003160808637089441,-0.02346607479783487
ZECUSDT,1697979599999,LONG,-0.05436334074572075,0.06861508822836859,1697979600000,0.009856180715011608,0.008285705323519327,0.026584833811061657
ZECUSDT,1697986799999,SHORT,0.007792423257798026,-0.391933947470438,1697986800000,-0,-0.007467120567200968,-0.03526813883745805
ZECUSDT,1697990399999,LONG,-0.391933947470438,0.037454580727042754,1697990400000,0.0035426134275066638,0.009419221916491778,0.03905387079617023
ZECUSDT,1697993999999,SHORT,0.037454580727042754,-0.01063053055841706,1697994000000,-0.007045038923208838,-0.0074349784875179905,-0.04116757502038775
ZECUSDT,1697997599999,LONG,-0.01063053055841706,0.07254029236964143,1697997600000,-0.003517689771586499,-0.0023437510728844466,0.02694543313223834
ZECUSDT,1698001199999,SHORT,0.07254029236964143,-0.06336271282370214,1698001200000,-0.001955034835803295,-0.010899290458035638,-0.02206398775851686
ZECUSDT,1698094799999,LONG,-0.7735940208393357,0.011652479563055177,1698094800000,0.0018751177442443815,0.031408456504965945,0.03031655466763655
ZECUSDT,1698101999999,SHORT,0.014351437834565158,-0.008838331544395396,1698102000000,0.006212334980278198,-0.015902033683858067,-0.012669852741051904
ZECUSDT,1698476399999,LONG,-0.7631737057774525,0.01645990301848053,1698476400000,0.0014398850579875444,0.0032368307346891945,0.003954705855252964
ZECUSDT,1698479999999,SHORT,0.01645990301848053,-0.06955644077065114,1698480000000,0.00468722689775686,-0.00035964754928195894,-0.001078554841207844
ZECUSDT,1698490799999,LONG,-0.14850524237441842,0.10009117629076339,1698490800000,-0.0010781672203454436,0.0021528533611010927,0.0025112120820118843
ZECUSDT,1698537599999,SHORT,0.10720343353273502,-0.12115841841804889,1698537600000,0.002515724597247247,0.007927969452190433,0.0010773928138602276
ZECUSDT,1698551999999,LONG,-0.20320037739801955,0.23033873680159866,1698552000000,0.004692302419239066,0.005412244854943258,0.013654542009391774
ZECUSDT,1698562799999,SHORT,0.018188279459874328,-0.571113333732742,1698562800000,-0.0010801081158084225,-0,-0.008251167888758237
ZECUSDT,1698886799999,LONG,-0.1556304832753091,0.14712647798931802,1698886800000,0.010398707220898517,0.0020884100872706744,-0.004539906522893661
ZECUSDT,1698901199999,SHORT,0.0866424553764816,-0.2727505875411078,1698901200000,0.013300861120949478,0.004530413742822394,0.043346039552337214
ZECUSDT,1699336799999,LONG,-0.21792198308738334,0.21487753788054897,1699336800000,0.005335124358580949,-0.01890032636775119,-0.029863094605318146
ZECUSDT,1699347599999,SHORT,0.14522550065770248,-0.3262131861156611,1699347600000,0.02023677828735282,0.01717503070078282,0.012768990697072522
ZECUSDT,1699930799999,LONG,-1.164531868250704,0.0794567328994705,1699930800000,0.0006688963460101634,0.014942997624539715,0.009655477043856359
ZECUSDT,1699934399999,SHORT,0.0794567328994705,-0.25228709903516927,1699934400000,-0.007994712801708697,-0.015596798661016669,0.005029348405001973
ZECUSDT,1700053199999,LONG,-0.08280752216765391,0.009082139545252325,1700053200000,-0.0036321651290194845,-0.0069456207781763745,0.011795680672765273
ZECUSDT,1700056799999,SHORT,0.009082139545252325,-0.061318318446180214,1700056800000,0.005972147810150076,0.007304149339090873,-0.00921968993721163
ZECUSDT,1700074799999,LONG,-0.0027437696583935073,0.07356384025256191,1700074800000,0.009192448184164145,0.003292726056975907,0.02024228437074914
ZECUSDT,1700081999999,SHORT,0.16255176920420006,-0.04987974872718769,1700082000000,0.00725118536453927,-0.008176660437245539,-0
ZECUSDT,1700427599999,LONG,-0.055816490600010635,0.011063782569324774,1700427600000,0,0.005490748180416591,0.010270545604177953
ZECUSDT,1700431199999,SHORT,0.011063782569324774,-0.08833151864680168,1700431200000,0.0058671436639928945,-0.004463526723886578,-0.01672108570997053
ZECUSDT,1700456399999,LONG,-0.04393018114583502,0.20437347942053385,1700456400000,-0.004819286435948883,0.008207980417829582,-0.0024067400305649764
ZECUSDT,1700477999999,SHORT,0.6262940831334011,-0.051934109529746565,1700478000000,0.007148966617341369,-0.0030482665432500088,0.016761124387571793
ZECUSDT,1700488799999,LONG,-0.10544457359593298,0.00397910673507912,1700488800000,0.012249217464736156,0.01021807255519844,0.0003422899229037016
ZECUSDT,1700492399999,SHORT,0.00397910673507912,-0.008559460007914941,1700492400000,0.004066423766790211,0.011222698982808187,0.028122566621026388
ZECUSDT,1700762399999,LONG,-0.22320606707462715,0.2674124980203334,1700762400000,0.0020979028673419795,0.006628316610164238,0.01700544189945515
ZECUSDT,1700783999999,SHORT,0.05092478765053245,-0.02981260599903844,1700784000000,-0.0024242436115064756,-0.0058772857165644305,-0.006566465619790305
ZECUSDT,1700787599999,LONG,-0.02981260599903844,0.32825899836021566,1700787600000,0.0006915629597889147,0.0027633869053093995,0.004486633928340536
ZECUSDT,1700881199999,SHORT,0.5400311198630918,-0.31745022005776674,1700881200000,-0.003318954258063717,-0.0026560440581162104,0.001663617086400032
ZECUSDT,1701287999999,LONG,-0.15352974510382297,0.23324178380984661,1701288000000,-0.006198366952339019,-0.0017179183060246272,0.012960617983504879
ZECUSDT,1701298799999,SHORT,0.09345326039822066,-0.22283390819234855,1701298800000,-0,-0.006512448038475895,-0.015356043090512675
ZECUSDT,1701511199999,LONG,-0.41791997243507434,0.08130573210543589,1701511200000,0,0.006850459019838829,0.03537346297258083
ZECUSDT,1701583199999,SHORT,0.26093085074824535,-0.002850354066121231,1701583200000,0.006678352059347405,0.008914417517472262,0.022436838635825265
ZECUSDT,1703044799999,LONG,-0.016950190036091578,1.29292665936121,1703044800000,0.004602592653273946,0.01339463100084941,0.04033926624430154
ZECUSDT,1703069999999,SHORT,0.4872803192955584,-0.04182296124757129,1703070000000,-0.00663526094250797,-0.013226785241873646,-0.01736757790790492
ZECUSDT,1703073599999,LONG,-0.04182296124757129,0.04688268821348026,1703073600000,-0.0013927578853034689,0.020661892063956844,0.015193662443760672
ZECUSDT,1703102399999,SHORT,0.07460039049287513,-0.03226903780311911,1703102400000,0.00822485788088481,0.004103972928382051,-0.012211820686764463
ZECUSDT,1705481999999,LONG,-0.3066726237548435,0.2721359166543221,1705482000000,0,0.00563870502908658,-0.0026132419052770405
ZECUSDT,1705485599999,SHORT,0.2721359166543221,-0.006537056416345019,1705485600000,-0.0030401760658228935,0.001305767323724366,0.005233330740400274
ZECUSDT,1705820399999,LONG,-0.09718060616214527,0.02944214704425509,1705820400000,-0.005042027488248088,0.00626699356339184,-0.0008385744726210274
ZECUSDT,1705838399999,SHORT,0.12339860459778838,-0.08718289353864678,1705838400000,0.005046268067624384,0.01777448402757766,0.019056261601061362
ZECUSDT,1706039999999,LONG,-0.05979496504066897,0.042087704610988694,1706040000000,0.006200830743843313,0.025042650514720426,0.05673301768336879
ZECUSDT,1706050799999,SHORT,0.05103584113368471,-0.3974593080105792,1706050800000,-0.007024145012042025,-0.007024145012042025,-0.049953111028594635
ZECUSDT,1706273999999,LONG,-0.06978462072273632,0.004797073544001777,1706274000000,-0.007954085241320375,-0.0035273405179682992,0.002198286222697771
ZECUSDT,1706284799999,SHORT,0.07127714264495029,-0.2773939244048826,1706284800000,0.0013242111844554935,0.0039779057979218236,-0.0035226808775217864
ZECUSDT,1706306399999,LONG,-0.11975112521491585,0.016690663832535004,1706306400000,0.0026536946134663015,0.008818399297520225,-0.0008861320916577988
ZECUSDT,1706324399999,SHORT,0.4833843913245482,-0.45117750471933527,1706324400000,0.001756697860633441,0.015031229069329589,0.011474088813439762
ZECUSDT,1706417999999,LONG,-0.11716295080593742,0.11091683091977254,1706418000000,-0.007428480740611715,-0.010063528378616897,-0.023343936046511245
ZECUSDT,1706421599999,SHORT,0.11091683091977254,-0.10945931807483161,1706421600000,0.003076249404642299,-0,0.021286834813151762
ZECUSDT,1707202799999,LONG,-0.5844413399673759,0.016416740845759194,1707202800000,-0.011241336175524873,-0.01975605176229916,-0.03894129248364791
ZECUSDT,1707206399999,SHORT,0.016416740845759194,-0.5256815171923052,1707206400000,-0,0.018061327470354185,0.04775443129589999
ZECUSDT,1707541199999,LONG,-0.19391712325320123,0.10409732742134874,1707541200000,-0.007168489478612516,-0.018260959134609088,-0.00047630389088141906
ZECUSDT,1707544799999,SHORT,0.10409732742134874,-0.26698209322920113,1707544800000,0.003842463901545,0.008182957815174625,-0.0062126842599151055
ZECUSDT,1707771599999,LONG,-0.5031827147304944,0.3998552627669406,1707771600000,0,0.01143414077111977,0.010012002584052007
ZECUSDT,1707803999999,SHORT,0.07718325542464519,-0.23244121421904934,1707804000000,0.0014255169912209499,-0.007097261870761685,0.014829260029122023
ZECUSDT,1708171199999,LONG,-0.7492316791817957,0.022241937529923473,1708171200000,0.01138864696400881,0.03293191873797249,0.0904928280552809
ZECUSDT,1708261199999,SHORT,0.32855063183013433,-0.9625118219968367,1708261200000,-0.02196196919283912,-0.023485198733360725,-0.010848614728848465
ZECUSDT,1708585199999,LONG,-0.013339339984383792,0.03837041165789597,1708585200000,0.06630250113281215,0.051029606140867934,0.021241715384246938
ZECUSDT,1708592399999,SHORT,0.12203564395413885,-0.045521388936937426,1708592400000,0.0340192471975026,0.04824423812884986,0.07253399491376858
ZECUSDT,1709024399999,LONG,-0.27099619964206123,0.046808121666720125,1709024400000,-0.0020087050610805954,-0.004021453140777725,-0.044102173334621866
ZECUSDT,1709031599999,SHORT,0.05721738209158167,-0.20663153014796165,1709031600000,0.0010154003241696812,0.005767615649174981,0.024312103125892402
ZECUSDT,1709103599999,LONG,-1.0000007142992773,0.2548725422564544,1709103600000,0.0031201273362436777,0.01925781660441452,-0.060472723631326164
ZECUSDT,1709107199999,SHORT,0.2548725422564544,-0.0050632318993349525,1709107200000,0.0006925208033001659,-0.005178675478451498,0.052222840343975514
ZECUSDT,1709117999999,LONG,-0.010104304559316801,0.044689063692275675,1709118000000,-0.010959013789719543,-0.010614720448394573,-0.04173067245647311
ZECUSDT,1709189999999,SHORT,0.07548697072411124,-1.9192425868205696,1709190000000,-0,0.002680068605866529,0.040975346302573004
ZECUSDT,1709287199999,LONG,-0.5665902966862126,0.03546409842421597,1709287200000,-0.004776535864153464,-0.0030680099060891664,0.0030586260038721388
ZECUSDT,1709290799999,SHORT,0.03546409842421597,-0.07543664717455234,1709290800000,-0.0010251154152453505,0.005485101170755194,-0.011894787652149146
ZECUSDT,1709294399999,LONG,-0.07543664717455234,0.09472232354531776,1709294400000,0.003751070041936773,-0.015493510132418373,0.010535356578859283
ZECUSDT,1709315999999,SHORT,0.0008235936701590401,-0.1252615907701463,1709316000000,-0.005449604767564685,-0.006468107656492428,-0.051583552804948016
ZECUSDT,1709323199999,LONG,-0.1390387371134114,0.036329325672061485,1709323200000,0.0010164324100572545,0.0027081939368795564,0.04636592055792556
ZECUSDT,1709326799999,SHORT,0.036329325672061485,-0.5788196726215638,1709326800000,0.0020338990062280303,-0.012117280540015249,-0.027719256771597766
ZECUSDT,1710745199999,LONG,-1.4297044514552617,0.26296345607363175,1710745200000,-0.007856573290368655,-0.022364599779947196,-0.08112075254517075
ZECUSDT,1710831599999,SHORT,0.5969100293115763,-0.09308213996734253,1710831600000,0.0027274515251943634,0.022428640345673337,-0.028765166403134174
ZECUSDT,1711094399999,LONG,-0.15618481919427393,0.2813880778997727,1711094400000,-0.00578134580873405,-0.03555163016547845,-0.022981632255808793
ZECUSDT,1711105199999,SHORT,0.10437535005530163,-0.04191236807880827,1711105200000,0.0035075448096772025,0.020517168234048446,0.008792038347575373
ZECUSDT,1711501199999,LONG,-0.44625805967647153,0.17796591662418576,1711501200000,-0.006920442844573795,-0.01994683832104893,-0.021547094703512903
ZECUSDT,1711511999999,SHORT,0.04099119771970773,-0.00028611749553912814,1711512000000,0.0031928507328369067,0.021263687749855775,0.026160057904267096
ZECUSDT,1711519199999,LONG,-0.35480783566434554,0.07806656902366918,1711519200000,-0.0019077907217273263,-0.0205398748540738,-0.02248729513846932
ZECUSDT,1711522799999,SHORT,0.07806656902366918,-0.12051559640508959,1711522800000,0.022856298374744125,0.01281247507908238,0.03135863867156916
ZECUSDT,1711537199999,LONG,-0.24276248539199394,0.13485716641616521,1711537200000,0.007384846533041799,-0.0009672739751426019,0.0035386879455634583
ZECUSDT,1711558799999,SHORT,0.009934320308869855,-0.005614612697268193,1711558800000,0.0032435967458421546,-0.014467379807524994,-0.007099094028613054
ZECUSDT,1711706399999,LONG,-0.19160711438617725,0.010963619145159741,1711706400000,0.015247659557728796,0.007166154445764537,-0.014488234989617672
ZECUSDT,1711745999999,SHORT,0.20267245943416115,-0.19001303426619567,1711746000000,0.0062820507471917555,-0.016669776431010676,0.0026402655601762536
ZECUSDT,1711753199999,LONG,-0.13048805871495867,0.038405461099472286,1711753200000,0.0045632412952058676,-0.000653594794509084,-0.011169629923693887
ZECUSDT,1711767599999,SHORT,0.031756621760771056,-0.4603245866942951,1711767600000,0.0039305651651944315,0.006230549750636086,0.01283123378198814
ZECUSDT,1711850399999,LONG,-0.10167200632043831,0.19391045584806596,1711850400000,0.002635915858990041,0.006904515346544486,0.010502229774972137
ZECUSDT,1711900799999,SHORT,0.08316587991251123,-1.1210250535715378,1711900800000,-0.0009834454160929256,-0.003927991957157833,0.004602243494656086
ZECUSDT,1712332799999,LONG,-0.25379169314736716,0.23013747764392367,1712332800000,-0.00510205188389551,-0.006930540233893881,-0.0021834069809436177
ZECUSDT,1712386799999,SHORT,0.40438479303743796,-0.19365479824207485,1712386800000,0.00036251586403904625,-0.0028954055696398216,0.005451585371510157
ZECUSDT,1712404799999,LONG,-0.3340413203142145,0.0901692622964553,1712404800000,-0.005433811594952767,-0.00434468460401098,-0.005797117684325958
ZECUSDT,1712408399999,SHORT,0.0901692622964553,-0.08990095420294882,1712408400000,0.007660077579529313,-0.00290275965796141,-0.005435780733691719
ZECUSDT,1712494799999,LONG,-0.026012827533364036,0.046540412078443255,1712494800000,0.0010685664418374349,-0.00321256746044657,-0.006076873034917273
ZECUSDT,1712573999999,SHORT,0.48536853070933283,-0.01851067571976971,1712574000000,-0.0007037297968118593,-0.0007037297968118593,-0.010504298266875975
ZECUSDT,1712602799999,LONG,-0.2301087212290809,0.05619860333498758,1712602800000,0.0006995453240857167,0.004538321631251383,-0.00631802733456098
ZECUSDT,1712613599999,SHORT,0.02620749710286639,-0.036993402692392686,1712613600000,-0.0020920509722241725,0.007708517497840105,0.004197277935339813
ZECUSDT,1712624399999,LONG,-0.26148597485393443,0.14983923333657087,1712624400000,-0.0038616863857819164,0.004195810351335524,0
ZECUSDT,1712663999999,SHORT,0.05554358987342277,-0.14527319673334452,1712664000000,-0.0010517091241096903,0.01697953774788368,0.030267576687968537
ZECUSDT,1712948399999,LONG,-0.1848138311269189,0.7077024268027371,1712948400000,0.034376971702885915,0.05505977718302739,0.08678125387274713
ZECUSDT,1712980799999,SHORT,0.1948473289105066,-0.05160508143315956,1712980800000,-0.005537820329311158,-0.006811435445220341,-0.004687841527606754
ZECUSDT,1712998799999,LONG,-0.004256225329684959,0.01845042284313355,1712998800000,0.004268038915973332,0.013594092097163191,-0.22764468419500128
ZECUSDT,1713009599999,SHORT,0.1929210350579861,-0.7620080080382525,1713009600000,-0.007623925110659366,-0,0.14084671420089548
ZECUSDT,1713074399999,LONG,-0.027644327370391,0.3696170811233346,1713074400000,0.015395685477973691,0.011220314067493062,-0.023306643541064452
ZECUSDT,1713092399999,SHORT,0.04103542495516758,-0.12852369226269753,1713092400000,0.025926505212028175,0.0297542610817926,-0.021179428866761336
ZECUSDT,1713128399999,LONG,-0.07884408756875799,0.10209934662609794,1713128400000,0.008101068845332531,0.03710216586801778,0.07864312731911313
ZECUSDT,1713135599999,SHORT,0.27356270421751805,-0.15568024883281187,1713135600000,-0,0.011921278275638837,-0.032289800752775995
ZECUSDT,1713279599999,LONG,-0.03354402565074923,0.06904404195265657,1713279600000,-0.006281731214527547,0.02520942060770006,0.025679014417691447
ZECUSDT,1713283199999,SHORT,0.06904404195265657,-0.10164287474437642,1713283200000,-0.02394750454480495,-0.022052667407522725,-0.030081045830641598
ZECUSDT,1713286799999,LONG,-0.10164287474437642,0.2988450402604518,1713286800000,-0.0018939399600707096,0.003777152743745394,0.016885954691525498
ZECUSDT,1713344399999,SHORT,0.12288755682892896,-0.20600625585013507,1713344400000,-0.0028409110016036497,0.024479264084779725,0.010486273401573817
ZECUSDT,1713391199999,LONG,-0.12493171648548441,0.1532815257358927,1713391200000,-0.0004713646092458503,-0.006619409512675555,-0.009469767737031962
ZECUSDT,1713394799999,SHORT,0.1532815257358927,-0.17116900182007141,1713394800000,0.008051191963358269,0.003307350050001409,0.0047281411959459
ZECUSDT,1713430799999,LONG,-0.1989940639036492,0.2932364219550357,1713430800000,0.009560302261982116,0.02373153611082087,0.0496589143669575
ZECUSDT,1713488399999,SHORT,0.28013279738428304,-0.05474026063238883,1713488400000,0.04101446877741739,0.005558143072227112,-0.036730494861798295
ZECUSDT,1713578399999,LONG,-0.6611835679201523,0.19174446199888465,1713578400000,0.004903063087445181,0.005791952034861888,0.007123805727851146
ZECUSDT,1713603599999,SHORT,0.0848457740849082,-0.020915043165122705,1713603600000,-0.0008924587830197916,-0.008446371618917758,-0.0368139731227164
ZECUSDT,1713607199999,LONG,-0.020915043165122705,0.13633084280679555,1713607200000,0.0017825316662831252,0.005338090967616178,0.03204136288822903
ZECUSDT,1713758399999,SHORT,0.10718402117463036,-0.15739279658027544,1713758400000,-0.015551069332331729,-0.03170788337630742,-0.04136168342882028
ZECUSDT,1713761999999,LONG,-0.15739279658027544,0.29793278894297104,1713762000000,0.032471754463270844,0.007260335116774856,0.024138372904126387
ZECUSDT,1713776399999,SHORT,0.18139580365796737,-0.036193884359930005,1713776400000,-0.00636269378782865,-0.012264903164752972,-0.028111773565278397
ZECUSDT,1713779999999,LONG,-0.036193884359930005,0.24111893906454027,1713780000000,0.004217635944203513,0.003796671930409501,0.02586710764105677
ZECUSDT,1713790799999,SHORT,0.1046537619422049,-0.06332944320248518,1713790800000,0.0012623607819856459,-0.005033567674829123,-0.025738241036520403
ZECUSDT,1713797999999,LONG,-0.042302483433463975,0.06121773645047332,1713798000000,0.005445039631055839,0.008781156153066095,0.010445050047761362
ZECUSDT,1713801599999,SHORT,0.06121773645047332,-0.5840598933273868,1713801600000,0.0016722411923622174,-0.005830920310793144,0.002928259779088334
ZECUSDT,1713934799999,LONG,-0.3509674770422314,0.22905768471063723,1713934800000,-0.008237278866478806,-0.01446007430474787,-0.045739040156875854
ZECUSDT,1713938399999,SHORT,0.22905768471063723,-0.3859480648942326,1713938400000,-0,0.006222795438268962,0.03364488914272424
ZECUSDT,1714035599999,LONG,-0.11902193023561006,0.059332147135896546,1714035600000,-0.0013230431918901959,-0.009298273766260015,0.03379871107118175
ZECUSDT,1714042799999,SHORT,0.012942611110398235,-0.040697481054658834,1714042800000,-0.010165833403748967,-0.017177255641553067,-0.0357804311146976
ZECUSDT,1714046399999,LONG,-0.040697481054658834,0.20407064000698852,1714046400000,-0.011059612838961532,0.023049509226066515,0.02648298899395816
ZECUSDT,1714078799999,SHORT,0.1956266030612562,-0.08285296167426959,1714078800000,0.004268038915973405,0.01761592277423339,0.021959978258888863
ZECUSDT,1714082399999,LONG,-0.08285296167426959,0.021281943517046736,1714082400000,-0.002140870010583746,-0.008591118132316675,-0.017691939342915457
ZECUSDT,1714085999999,SHORT,0.021281943517046736,-0.07382497510688307,1714086000000,-0.000857265376118367,0.0021463841680913302,0.026506005364824455
ZECUSDT,1714154399999,LONG,-0.1750617403208102,0.17614515378523968,1714154400000,0.0008691873645869339,0.0021715535135079325,-0.008733679968754553
ZECUSDT,1714208399999,SHORT,0.25968124671007775,-0.14921222584092592,1714208400000,0.0013218772579158245,-0.009204535729071706,-0.01962129658732731
ZECUSDT,1714705199999,LONG,-0.33866663578728345,0.23981905349504914,1714705200000,-0.004846892061977175,-0.007943554567515047,0.009623871304047339
ZECUSDT,1714802399999,SHORT,0.009209633299396315,-0.26775504714648457,1714802400000,0.011777671583320087,0.0056534179710998455,-0.006914461428832412
ZECUSDT,1714809599999,LONG,-0.05912288739290308,0.08483236817514513,1714809600000,0.0026223791251904524,0.005237899360792966,0.018213859973986474
ZECUSDT,1714816799999,SHORT,0.019660951334770208,-0.8653713879216722,1714816800000,-0.014718880444387263,-0.008684379373534789,-0.008251946934363638
ZECUSDT,1714946399999,LONG,-0.0400219293299058,0.5473119094582805,1714946400000,0.0008688097853192257,0.009946027936435784,0.036274512622495356
ZECUSDT,1714953599999,SHORT,0.15956107610380224,-0.2691723379847898,1714953600000,-0.012925643119113449,-0.0017331026868350958,-0.015063766661906411
ZECUSDT,1715137199999,LONG,-0.08008813487258777,0.14462328893627474,1715137200000,0.001773050109885593,-0.004446427957134589,0.017590603089594484
ZECUSDT,1715155199999,SHORT,0.0600750078786999,-0.05402079958407273,1715155200000,-0.003134097035965152,-0.004474280394921107,-0.04214846862444524
ZECUSDT,1715158799999,LONG,-0.05402079958407273,0.17397563827946724,1715158800000,0.0035682464265180975,0.001785714760234753,0.029498066558878336
ZECUSDT,1715180399999,SHORT,0.11654235090577175,-0.15285138198893913,1715180400000,0.0013086152358205403,-0.00824836454212302,-0.02539409103804648
ZECUSDT,1715299199999,LONG,-0.15938455731736761,0.04300070146311756,1715299200000,0.003830606939842185,0.005952398527295352,0.02151527835496031
ZECUSDT,1715313599999,SHORT,0.08558310035444804,-0.35018134649566074,1715313600000,-0.002961711494328106,-0.00801861228330188,0.01882005932676993
ZECUSDT,1715637599999,LONG,-0.029747427243976596,0.9138896926715663,1715637600000,0.009491596681571391,0.006788892333686348,0.009491596681571391
ZECUSDT,1715644799999,SHORT,0.9533032258999745,-0.31449086699908624,1715644800000,-0.006743113884890101,0.001354096347729369,-0.00539812376955731
ZECUSDT,1715839199999,LONG,-0.04162539570730502,0.06368817021912333,1715839200000,-0.005519012098394934,-0.00893052926639684,-0.014928833455015944
ZECUSDT,1715871599999,SHORT,0.051788241423559964,-0.18674386587481168,1715871600000,-0.017323949931774246,-0.01603501312604318,-0.022890224205096076
ZECUSDT,1715875199999,LONG,-0.18674386587481168,0.3171302237946186,1715875200000,0.0017160021370888668,0.008976337253863646,0.0008583691514160834
ZECUSDT,1715961599999,SHORT,0.33069251931440885,-0.07295585586339028,1715961600000,0.002110150603632045,0.0004216740522105283,0.006343857181484901
ZECUSDT,1715990399999,LONG,-0.6860986726908461,0.22117410400812382,1715990400000,0.002119093821176517,0,-0.0004243581646539036
ZECUSDT,1716001199999,SHORT,0.17571800473625487,-0.020117090231982167,1716001200000,-0.0016985142087684903,-0,0.0098228421676162
ZECUSDT,1716249599999,LONG,-0.07855658945312322,0.5962650520679826,1716249600000,0.007168489478612497,-0.009235158991665963,-0.013277201681676863
ZECUSDT,1716332399999,SHORT,0.07480462057646732,-0.14566202279591534,1716332400000,-0.006527970958452084,-0.008965015219049997,0.001638673041820182
ZECUSDT,1716335999999,LONG,-0.14566202279591534,0.20196089596184558,1716336000000,-0.004074985264024847,0.000813008174863347,-0.012686890036803662
ZECUSDT,1716350399999,SHORT,0.20539484270785716,-0.30608892360713696,1716350400000,0.010214593409718295,0.013505423199807232,-0.007290433262679274
ZECUSDT,1716613199999,LONG,-0.2800840734909289,0.23567618673233662,1716613200000,0.001824485089209081,0.005826673440205975,-0.020664942006770316
ZECUSDT,1716631199999,SHORT,0.05348944507018232,-0.12029790741770752,1716631200000,0.002920776081521536,0.018025133967293855,0.02286235270164402
ZECUSDT,1716764399999,LONG,-0.19789412489084632,0.08234303952906505,1716764400000,-0.00825520635596635,-0.005621150270429959,0.015573173462969887
ZECUSDT,1716796799999,SHORT,0.17259856633497675,-0.4608620578499685,1716796800000,-0.01193153602904712,-0.02920185320497691,-0.024820685189413952
ZECUSDT,1716803999999,LONG,-0.014845616627932311,0.1073611453522532,1716804000000,0.004424785980355636,0.017945912856281693,0.0047926359017374355
ZECUSDT,1716825599999,SHORT,0.07534865550940381,-0.09804365866813704,1716825600000,0.013718626702914362,0.020283201699421043,0.03837488953591659
ZECUSDT,1716832799999,LONG,-0.5803068215356145,0.09323759993657933,1716832800000,0.0007235890330186378,-0.016052880290945717,-0.026032634158798012
ZECUSDT,1716919199999,SHORT,0.13614777594959884,-0.2888293389798619,1716919200000,0.0026530241068078923,-0.012786936165848367,-0.032765403096734855
ZECUSDT,1717073999999,LONG,-0.05090257720471892,0.018019966984530466,1717074000000,0.0029784087542608544,0.00520640819057375,-0.010871709703884196
ZECUSDT,1717081199999,SHORT,0.04338591359579115,-0.22399023936661497,1717081200000,-0.006323249634827626,-0.0074349784875179905,0.011257154524634447
ZECUSDT,1717084799999,LONG,-0.22399023936661497,0.15593677763561178,1717084800000,-0.0007415647355034903,-0.006693963262798842,-0.015689526171376828
ZECUSDT,1717171199999,SHORT,0.13207747614573317,-0.20713905849000505,1717171200000,-0.009002311358964999,-0.016813398125851756,-0.015330268450944814
ZECUSDT,1717178399999,LONG,-0.16809411729379373,0.04410917538312089,1717178400000,0.0007459903367213952,0.005210283465406847,-0.0026153573659833187
ZECUSDT,1717333199999,SHORT,0.5501711822773435,-0.2868455596049459,1717333200000,-0.0007487832622410887,0.0011242272122808802,0.017378601330315574
ZECUSDT,1717552799999,LONG,-0.05363430080141582,0.27046798089945845,1717552800000,-0.003281680246879615,-0.006574165386935403,-0.029180279059759444
ZECUSDT,1717592399999,SHORT,0.2532647866016422,-0.0764891952453812,1717592400000,0.005606443390109749,0.012375931445356151,0.006731513825679183
ZECUSDT,1717610399999,LONG,-0.14635042549422073,0.12167276771161124,1717610400000,-0.0033815549788404477,-0.007908156446254273,-0.017786656230942055
ZECUSDT,1717624799999,SHORT,0.04865841676842794,-0.30418842367708354,1717624800000,-0.0007561437033240965,-0.0037750139205757296,0.00568937624169575
ZECUSDT,1717757999999,LONG,-0.8432683427452476,0.0442998934669185,1717758000000,0.0033438634167064687,-0.0011171105239188646,-0.064563332262881
ZECUSDT,1717761599999,SHORT,0.0442998934669185,-0.04620425670334553,1717761600000,0.010818982604443538,0.008196767204178515,0.07911549388434422
ZECUSDT,1717966799999,LONG,-0.1296522418018532,0.028457266567635357,1717966800000,0.0029542118974313827,0.0008449514655640918,-0.00042274361229879424
ZECUSDT,1717981199999,SHORT,0.009261517836151605,-0.1256713765052201,1717981200000,-0.0058922729399564855,-0.0021083710108277588,0.005927197708267384
ZECUSDT,1718009999999,LONG,-0.2965398493716428,0.08889124136276778,1718010000000,0.006322465739487108,-0.004237294475515155,-0.004662013105811301
ZECUSDT,1718017199999,SHORT,0.11727414837446437,-0.2919771601438459,1718017200000,0.001692047781024449,-0.01301718989605226,0.002115507452819195
ZECUSDT,1718074799999,LONG,-0.017121501382582956,0.11016931161749419,1718074800000,0.002145463170101298,-0.012970350442627517,-0.03141619623337904
ZECUSDT,1718085599999,SHORT,0.1689628430082411,-0.1336445478692508,1718085600000,0.008234066023675242,0.009540401937730774,0.03067725224704712
ZECUSDT,1718103599999,LONG,-0.5076689867293983,0.11686761805314677,1718103600000,0.00173686539538305,-0.019750477417416482,-0.015327648447414285
ZECUSDT,1718135999999,SHORT,0.4509582944507394,-1.1711813778215372,1718136000000,0.0039691342075045466,-0.002198286222697771,-0.02305953818041481
ZECUSDT,1718243999999,LONG,-0.14689327856495926,0.1928743058603635,1718244000000,-0.014511564941045958,-0.024448998198970538,-0.020116235788216676
ZECUSDT,1718247599999,SHORT,0.1928743058603635,-0.14780031122686346,1718247600000,-0.0017189518628842985,0.013423020332140661,0.0038784793285708565
ZECUSDT,1718265599999,LONG,-0.12337582876630554,0.16311044004819458,1718265600000,0.00043057051257231073,-0.00734820682708784,-0.010824959568738513
ZECUSDT,1718279999999,SHORT,0.144530895253121,-0.03448193153247188,1718280000000,-0.0008673027430046688,0.012661160184527284,0.012221889367009372
ZECUSDT,1718294399999,LONG,-0.0047407360910926314,0.04885430882279972,1718294400000,0.006132301302063693,0.009184407442876562,0.010924294789144287
ZECUSDT,1718319599999,SHORT,0.029295826707496826,-0.4856976519767888,1718319600000,0.01308919211001405,0.00216966889192575,-0.01292007636510429
ZECUSDT,1718467199999,LONG,-0.11889727140531241,0.09788348527419621,1718467200000,-0.00531209748488983,-0.00044159859406071086,-0.007978765731805199
ZECUSDT,1718485199999,SHORT,0.06291782056345609,-0.06613048588611457,1718485200000,-0.0026631174194836284,-0.011928570865273812,-0.013245226750020723
ZECUSDT,1718488799999,LONG,-0.06613048588611457,0.09054862599004519,1718488800000,0.003538261099598604,0.005302707962305998,0.01364157568215275
ZECUSDT,1718492399999,SHORT,0.09054862599004519,-0.02220442082337055,1718492400000,-0,0.00531209748488983,-0.01663786190355093
ZECUSDT,1718495999999,LONG,-0.02220442082337055,0.21666671740280097,1718496000000,0.004401415556210501,-0.008861378322199912,0.016623304923219964
ZECUSDT,1718503199999,SHORT,0.11796614794053648,-0.05217855391168145,1718503200000,0.007076544347597304,-0.003519581283897841,-0.006151161749953714
ZECUSDT,1718517599999,LONG,-0.014362506481227196,0.09061942689062695,1718517600000,0.003505700347628487,0.004380208492560977,-0.005281702419175893
ZECUSDT,1718521199999,SHORT,0.09061942689062695,-0.038636328275862906,1718521200000,-0,-0.00697170579790416,0.01054954838924381
ZECUSDT,1718528399999,LONG,-0.007822951483311283,0.4233625910736032,1718528400000,0.0035026305512020745,0.0043763745997987815,-0.007926065272420716
ZECUSDT,1718549999999,SHORT,0.2033434708087012,-0.14656599330615236,1718550000000,-0.0044189201380354145,-0.002211900923930074,-0.0008853475567243344
ZECUSDT,1718557199999,LONG,-0.1844448776907528,0.2229436598250253,1718557200000,-0.0013230431918901959,-0.0030898281037759203,-0.002647839146304427
ZECUSDT,1718571599999,SHORT,0.2818211779922677,-0.08218748490320242,1718571600000,-0.0013253812410684883,-0.008802873745955123,0.026429309873722613
ZECUSDT,1718589599999,LONG,-0.03744868861182231,0.08611984334493424,1718589600000,-0.0030925582411974795,-0.006194710075284542,-0.03364300243962281
ZECUSDT,1718596799999,SHORT,0.08523391935382582,-0.1205288575865889,1718596800000,-0.010215500784451858,0.006718950248744869,0.022574322038539065
ZECUSDT,1718740799999,LONG,-0.17321973598428242,0.011385250682645329,1718740800000,0.01042969474153768,0.022705812573081387,0.03964306720743915
ZECUSDT,1718747999999,SHORT,0.00277509530598393,-0.2980505497938818,1718748000000,-0.006352330180671695,-0.015081774557322252,-0.01314847284350636
ZECUSDT,1718794799999,LONG,-0.10629343379380662,0.2647923626584933,1718794800000,-0.0106178603705129,-0.030711650865721453,-0.04718319870915501
ZECUSDT,1718877599999,SHORT,0.2006292553345622,-0.15792849886125127,1718877600000,-0.006343031757433644,0.008355910008993285,0.022272635609123178
ZECUSDT,1719241199999,LONG,-0.6667893221994006,0.022644844793484505,1719241200000,-0.011901822251827752,-0.004123717183862152,0.013285836711649719
ZECUSDT,1719259199999,SHORT,0.28517154361953884,-0.03162205933538716,1719259200000,-0.011287959773851575,-0.021945254247839278,-0.012817401825749525
ZECUSDT,1719262799999,LONG,-0.03162205933538716,0.0830054634851247,1719262800000,0.01166637629523293,0.0005100739717832051,0.0035650661644961446
ZECUSDT,1719266399999,SHORT,0.0830054634851247,-0.16123286411576643,1719266400000,0.007085049880670283,0.014220656100329746,0.0010090818212450574
ZECUSDT,1719284399999,LONG,-0.055530844389011354,0.29024768749677826,1719284400000,0.003547001438582631,-0.003559627455573148,0.019105659079585616
ZECUSDT,1719377999999,SHORT,0.3667202000034076,-0.06703051429234122,1719378000000,-0.002998502996256633,0.002004008686715143,0.012084739215071999
ZECUSDT,1719381599999,LONG,-0.06703051429234122,0.04957680497343294,1719381600000,0.0009975063171253381,-0.005002511682971687,-0.015083242211328588
ZECUSDT,1719392399999,SHORT,0.08306484161240157,-0.038553358127702136,1719392400000,-0,0.012616871882658063,0.002008032803245746
ZECUSDT,1719395999999,LONG,-0.038553358127702136,0.06925691632980045,1719396000000,-0.015159461607372443,-0.0010035123772400224,-0.0010035123772400224
ZECUSDT,1719399599999,SHORT,0.06925691632980045,-0.4197467322357673,1719399600000,-0.004062981719253772,-0.01063032030175633,-0.00861419058657171
ZECUSDT,1719406799999,LONG,-0.12766803959876658,0.017881307285971332,1719406800000,0.011613359505418105,0.0025361413543011535,0.008596765965992218
ZECUSDT,1719421199999,SHORT,0.06706939536699937,-0.2450477247800403,1719421200000,-0,-0.008072697725111261,-0.012585114506973149
ZECUSDT,1719431999999,LONG,-0.2511246905117472,0.007862951502251836,1719432000000,0.0010055305020187962,0,0.0015079168476769278
ZECUSDT,1719435599999,SHORT,0.007862951502251836,-0.06388382610613419,1719435600000,-0.0010045204260057121,0.0020120731134201197,-0.005512416865195585
ZECUSDT,1719442799999,LONG,-0.0002695636230534287,0.006751277201388593,1719442800000,0.0025182586967233927,0.00503019169299879,0.016008345860987316
ZECUSDT,1719532799999,SHORT,0.4396787742572926,-0.046439362220109255,1719532800000,0.009629347395432447,0.0033597343818371384,-0.0004790419253285486
ZECUSDT,1719885599999,LONG,-0.26562806860563737,0.23457407513222184,1719885600000,-0.0038948442615409622,0.004847319234324997,0.004363643287773492
ZECUSDT,1719896399999,SHORT,0.060809064444042826,-0.30807849910350826,1719896400000,-0.0058196090532640025,0.0024348685026749956,-0.004367878820077388
ZECUSDT,1719899999999,LONG,-0.30807849910350826,0.3907644392500396,1719900000000,-0.006309169193264832,-0.005335933106712706,-0.004363643287773464
ZECUSDT,1719914399999,SHORT,0.12390842404393676,-0.48362707450527476,1719914400000,-0.003881615742175897,-0.004849670028811233,-0.007265713726416498
ZECUSDT,1720047599999,LONG,-0.13826477189228015,0.01169590078338338,1720047600000,0.008210623281107525,-0.0330323352529415,-0.0497120244515968
ZECUSDT,1720051199999,SHORT,0.01169590078338338,-0.02083053071784935,1720051200000,0.009666580830223495,0.041242958534049134,0.06559728248581323
ZECUSDT,1720065599999,LONG,-0.04555015003170612,0.049319778260738946,1720065600000,0.007490671729157659,-0.01515180502060222,-0.028987536873252298
ZECUSDT,1720130399999,SHORT,0.19505503545514494,-0.2583092877615559,1720130400000,0.01095186957007193,0.08099405909664098,0.13234655836269085
ZECUSDT,1720202399999,LONG,-0.23917375168867022,0.8095669604344118,1720202400000,0.008879081641129924,0.009431415264671911,0.027489361497797765
ZECUSDT,1720220399999,SHORT,0.23323974322362334,-0.04992272523578985,1720220400000,-0.008239541259244278,-0.018579769444388838,-0.030955499093781223
ZECUSDT,1720223999999,LONG,-0.04992272523578985,0.16723917406313682,1720224000000,0.01250356055940222,0.01573980933861046,0.032295594691350626
ZECUSDT,1720245599999,SHORT,0.10964126648906017,-0.23852844595293826,1720245600000,-0.014008849785739618,-0.008105961703960482,-0.07119698793274248
ZECUSDT,1720367999999,LONG,-0.2381636272128667,0.24258148077212827,1720368000000,0.0005119017260489781,-0.00307692550447942,-0.029620248061711842
ZECUSDT,1720385999999,SHORT,0.10943248626300267,-0.10399793413441387,1720386000000,0.022846268851169846,0.07957225025194743,-0.015283027980177158
ZECUSDT,1720400399999,LONG,-0.0002662180739937705,0.022869049787614008,1720400400000,0.004434597067865554,0.04984780572756752,0.10436001532424286
ZECUSDT,1720418399999,SHORT,0.020254068134391786,-0.30613045590507604,1720418400000,-0.011275287237963914,-0.06683070848245619,-0.08137094960880979
ZECUSDT,1720439999999,LONG,-0.05305945441159463,0.07821121763927678,1720440000000,-0.007976114070008757,-0.007976114070008757,0.0147858780450874
ZECUSDT,1720443599999,SHORT,0.07821121763927678,-0.2184497955365342,1720443600000,-0.002997005240269506,0.005517947283880661,-0.019812436074055244
ZECUSDT,1720454399999,LONG,-0.0665902268711716,0.007683710552592441,1720454400000,-0.0045169461992958975,0.010956284897022467,0.037833055373657415
ZECUSDT,1720457999999,SHORT,0.007683710552592441,-0.03393138640520214,1720458000000,-0.011011122263117427,-0.010015106244521267,-0.036080019231809875
ZECUSDT,1720465199999,LONG,-0.024261751864298776,0.01291534680503182,1720465200000,0.003473087093207632,0.007920833491444058,0.07375289634130612
ZECUSDT,1720594799999,SHORT,0.4999407057598801,-0.07062000894610904,1720594800000,-0.017376631835815823,-0.019957278429307473,-0.016514934238334722
ZECUSDT,1720598399999,LONG,-0.07062000894610904,0.11635671193647246,1720598400000,-0.0004305705125724509,-0.006911474596655448,-0.004746502978140999
ZECUSDT,1720627199999,SHORT,0.0754332699652606,-0.3477362836637774,1720627200000,-0.0034602110648956526,-0.0017316021642781155,0.0017346058122083075
ZECUSDT,1720727999999,LONG,-0.1375351735645572,0.08761028277446327,1720728000000,-0.00621763661087045,0,-0.02003405903311608
ZECUSDT,1720781999999,SHORT,0.2982289977232829,-0.3933956030019168,1720782000000,-0.0067911975780017555,-0.005097717071668801,-0.014376568967258304
ZECUSDT,1720817999999,LONG,-0.299976864528673,0.06573678058842507,1720818000000,0.0054910380841003735,0.026746266286070592,0.09064024985701659
ZECUSDT,1720871999999,SHORT,0.8790706196500823,-0.279797340691167,1720872000000,0.00273064339753227,0.0003896356955587065,-0.04008935378539591
ZECUSDT,1720958399999,LONG,-0.2032194301460349,1.5130654863854491,1720958400000,0.009589844404614946,0.020138465425359423,0.04603323180597463
ZECUSDT,1721037599999,SHORT,0.44044155749712344,-0.1306850126866835,1721037600000,-0.007195508174323503,-0.0020611481017403185,0.022254047730278396
ZECUSDT,1721113199999,LONG,-0.07500328943634113,0.07275950052126708,1721113200000,0.024289882589684002,0.01947887674659232,0.07182225687286588
ZECUSDT,1721289599999,SHORT,0.19698739169007437,-0.029050887916100308,1721289600000,-0.02282459697422177,-0.03244931034843141,-0.008211575128572275
ZECUSDT,1721293199999,LONG,-0.029050887916100308,0.12737684102360428,1721293200000,0.01662974044461194,0.01726385587486449,-0.012656342882819931
ZECUSDT,1721300399999,SHORT,0.18582099075828232,-0.14773042219805946,1721300400000,-0.002557546151117193,0.0035273405179684107,0.022989518224698604
ZECUSDT,1721379599999,LONG,-0.1769220296630229,0.031717333507722066,1721379600000,-0.01298503345580659,-0.02580139775688247,-0.02072266667786685
ZECUSDT,1721383199999,SHORT,0.031717333507722066,-0.23116654828463254,1721383200000,0.00033528919006471414,0.02134588925242107,0.011463375699472242
ZECUSDT,1721397599999,LONG,-0.0799019052431208,0.0032883265302886986,1721397600000,0.002051984304144795,0.020332791290330464,0.01021807255519844
ZECUSDT,1721433599999,SHORT,0.252521066950326,-0.12314633215668676,1721433600000,0.0037357829149480973,0.006120386327323413,0.01916554214243626
ZECUSDT,1721437199999,LONG,-0.12314633215668676,0.23856147990700596,1721437200000,0.0040747085240219975,0.005767615649175027,-0.01750516640620058
ZECUSDT,1721444399999,SHORT,0.3320054657081059,-0.18598030484185382,1721444400000,0.003064875547452931,-0.011830457398987538,0.004088591726261606
ZECUSDT,1721530799999,LONG,-0.14367319028371298,0.02369527071888428,1721530800000,-0.025116984607774062,-0.03554601100800475,0.054307676074519064
ZECUSDT,1721537999999,SHORT,0.12682058550884828,-0.011255914437144614,1721538000000,-0.004726544923561185,-0.009095565484485115,-0.08867384091807651
ZECUSDT,1721541599999,LONG,-0.011255914437144614,0.19712085918634611,1721541600000,-0.0033761004383446136,0.028900865487755764,0.07466152876901956
ZECUSDT,1721606399999,SHORT,0.48844342484553127,-0.21938993847825342,1721606400000,0.0018744147943503039,0.012246973609973252,0.0028129413766146126
ZECUSDT,1721617199999,LONG,-0.3200097267024323,0.4191692893297279,1721617200000,-0.011310205391586446,-0.017649370835322167,-0.019877606676885096
ZECUSDT,1721710799999,SHORT,0.27593233106132536,-0.1798755993204387,1721710800000,0.008541444833031358,-0.012999858082368313,0.03325880203835723
ZECUSDT,1721725199999,LONG,-0.09616249174941377,0.009745585600769439,1721725200000,0.007399100830325192,-0.013327029686791654,-0.035829633720494844
ZECUSDT,1721728799999,SHORT,0.009745585600769439,-0.07927430019746119,1721728800000,0.018444140390174193,0.03890014895755658,0.04794089360970558
ZECUSDT,1721851199999,LONG,-0.016829280053298565,0.0002819465723348745,1721851200000,0.016249735770319337,0.006996530289836102,-0.0070458268332027575
ZECUSDT,1721941199999,SHORT,0.4385421354659596,-0.5089231728926694,1721941200000,0.0024050861962741955,-0.0695875242044264,-0.08986705315495537
ZECUSDT,1721987999999,LONG,-0.15698609942991798,0.14707203761442522,1721988000000,0.002189896073035976,-0.0141935831774881,0.012758847422270337
ZECUSDT,1721991599999,SHORT,0.14707203761442522,-0.541214976317762,1721991600000,0.0006250000203450813,0.022430256435664098,-0.012110068816511948
ZECUSDT,1722009599999,LONG,-0.17501821644314167,0.2630187887397035,1722009600000,0.0050188311119427655,0.01001259929242977,-0.012339976235576026
ZECUSDT,1722121199999,SHORT,0.035327681118459756,-0.028698254253403346,1722121200000,-0.006013627871242022,0.00031751071865416554,0.007328374361837525
ZECUSDT,1722124799999,LONG,-0.028698254253403346,0.043971708331217677,1722124800000,-0.0022120407186988094,-0.01206746940011758,0.0012618298204221654
ZECUSDT,1722157199999,SHORT,0.2598059245743799,-0.15244742651940676,1722157200000,0.00032087277669823734,-0.01622947316697922,-0.041476255901763286
ZECUSDT,1722164399999,LONG,-0.34300979349562666,0.22388239880543204,1722164400000,0.014288225296897293,0.04134632137972027,0.01617798963882002
ZECUSDT,1722351599999,SHORT,0.26764734686354125,-0.31474593368288567,1722351600000,0.016601790857850622,0.013448208931781726,0.01470844854406956
ZECUSDT,1722427199999,LONG,-0.9790277507166414,0.31837947824569435,1722427200000,0.0044011388237513915,-0.002839566508077848,0.053071800124972264
ZECUSDT,1722837599999,SHORT,0.020362639437615744,-0.11334448109422313,1722837600000,-0.03772650293877962,-0.06851994643675614,-0.16068821407361453
ZECUSDT,1722841199999,LONG,-0.11334448109422313,0.13018756349637473,1722841200000,0.053537359778808746,-0.01484727618060239,0.078437704146657
ZECUSDT,1723042799999,SHORT,0.14395014127586367,-0.37203088755697805,1723042800000,0.008261883664991703,0.000949818022966149,-0.049091505139016646
ZECUSDT,1723071599999,LONG,-0.20765336570354592,0.023333617512206688,1723071600000,0.003391401431519748,0.02470767748239405,0.009528272486629935
ZECUSDT,1723078799999,SHORT,0.08004356762170667,-0.17444941181591916,1723078800000,-0.025270990408963502,-0.02739897418811456,-0.02861293488348112
ZECUSDT,1723089599999,LONG,-0.2297602682826319,0.04390256801488404,1723089600000,-0.013872357567290258,-0.006309169193264721,0.0008980692116846272
ZECUSDT,1723093199999,SHORT,0.04390256801488404,-0.2682190566671421,1723093200000,-0.008464379435654583,-0.014167531619170858,-0.026364618720939956
ZECUSDT,1723096799999,LONG,-0.2682190566671421,0.2679440770126136,1723096800000,0.008395851417458038,-0.00392216523316467,0.01642563433910112
ZECUSDT,1723334399999,SHORT,0.12475010740906818,-0.12014980124992658,1723334400000,-0.0009696970456819416,-0.001454193179190206,0.0024283644764758246
ZECUSDT,1723341599999,LONG,-0.025493159906099034,0.04712728908804281,1723341600000,-0.0009668842909406488,-0.003630646611881805,-0.006787904850853973
ZECUSDT,1723348799999,SHORT,0.14172903459128045,-0.0034472538457009753,1723348800000,-0.0007263043534390549,0.006073139035484774,0.007048273193691082
ZECUSDT,1723355999999,LONG,-0.08327685438742843,0.47742908934131234,1723356000000,-0.0007277137980331728,-0.005836592444451426,-0.006568567589979501
ZECUSDT,1723395599999,SHORT,0.29459258300633934,-0.10101595492772474,1723395600000,0.0019507443396575023,0.02416291125038401,-0.01210668540302005
ZECUSDT,1723399199999,LONG,-0.10101595492772474,0.3716589032810855,1723399200000,-0.002688502169303699,-0.017978565767295878,0.003411309351007323
ZECUSDT,1723629599999,SHORT,0.549752040132599,-0.001126706347736411,1723629600000,0.002020883139772246,0.04543107468239803,0.05510210182147556
ZECUSDT,1723633199999,LONG,-0.001126706347736411,1.0123923892541806,1723633200000,-0.010395573844011206,-0.03407211943413669,-0.04836309710217379
ZECUSDT,1723636799999,SHORT,1.0123923892541806,-0.5525480761847636,1723636800000,0.020889087339272455,0.02763879293677897,0.04293500833984712
ZECUSDT,1723665599999,LONG,-0.09270406137227223,0.15654091705544293,1723665600000,-0.004699256768094328,-0.011552645284735926,-0.00587752955670518
ZECUSDT,1723712399999,SHORT,0.22384117207487675,-0.04760886298268827,1723712400000,-0.007611835039630074,0.012252405529016115,0.010803129913025698
ZECUSDT,1723715999999,LONG,-0.04760886298268827,0.12323119788955474,1723716000000,-0.010000083334583422,-0.003322262191977848,-0.008565362858923046
ZECUSDT,1723780799999,SHORT,0.0961967431142817,-0.20400181489130023,1723780800000,-0.005226906649479334,-0.003329372873287853,0.004296974861776276
ZECUSDT,1723787999999,LONG,-0.030923865123385883,0.018245980268698666,1723788000000,0.0018832397279648725,-0.004723674347776217,-0.004013699167083708
ZECUSDT,1723852799999,SHORT,0.43787983024091803,-0.0017894426787974942,1723852800000,0.010212652591100395,0.0026026277556365596,-0.01872713905069773
ZECUSDT,1723863599999,LONG,-0.06272145239304894,0.037524852489557586,1723863600000,0.0004739336581601461,0.0063792301388629095,0.03516487596529728
ZECUSDT,1724050799999,SHORT,0.10745182632831969,-0.3170929432073941,1724050800000,0.022902665548496202,0.023619425822880586,0.03105618793688585
ZECUSDT,1724061599999,LONG,-0.03299735252113899,0.03572075210909346,1724061600000,-0.0050065666622894365,-0.010999632664136576,-0.011480633154410932
ZECUSDT,1724065199999,SHORT,0.03572075210909346,-0.1103691913896217,1724065200000,0.0007174459233964199,0.0007174459233964199,0.009849929486668886
ZECUSDT,1724072399999,LONG,-0.1266998882393578,0.35084063389204423,1724072400000,-0.0043186247542636325,-0.002636942676258192,0.0028687564498593673
ZECUSDT,1724126399999,SHORT,0.035011285297853086,-0.10703669495523342,1724126400000,-0.00787311713258983,-0.014505069436341209,-0.0026312657209890773
ZECUSDT,1724133599999,LONG,-0.07640356906412923,0.05433336624762926,1724133600000,0.004023197948250664,-0.008334373757981031,-0.010968159549614656
ZECUSDT,1724144399999,SHORT,0.2108163513307539,-0.24797885681973428,1724144400000,0.008334373757981031,0.01457090152744185,0.012167631925642734
ZECUSDT,1724234399999,LONG,-0.2555896601141923,0.125778810495266,1724234400000,0.002129422311801659,0.013644060167576575,-0.030298061688922195
ZECUSDT,1724241599999,SHORT,0.2233912051528118,-0.29540907429502355,1724241600000,-0.005676458004805342,-0.005204648607046263,0.01626052087178029
ZECUSDT,1724309999999,LONG,-0.15518720108502698,0.0419538479607133,1724310000000,-0.00774634713521117,0.0007231529783627383,-0.0033816457346489484
ZECUSDT,1724320799999,SHORT,0.059432428706142404,-0.08706380493721703,1724320800000,-0.0004820438753260544,-0.0014454350866397274,0.006045236642517967
ZECUSDT,1724327999999,LONG,-0.2513721357495291,0.40412903508084286,1724328000000,0.011497132631154537,0.0016849203649194455,-0.002653481233678644
ZECUSDT,1724353199999,SHORT,0.08493029827048605,-0.028579705399342955,1724353200000,-0.002657327327681752,0.0038778526539789064,0.02102252927441231
ZECUSDT,1724363999999,LONG,-0.04422725934673778,0.1736844632153912,1724364000000,-0.0009708738626695356,-0.0009708738626695356,-0.026052100078839305
ZECUSDT,1724374799999,SHORT,0.33784943753149793,-0.0019532307146675624,1724374800000,0.0016984111810466568,0.005835173376722123,0.025286728436184007
ZECUSDT,1724378399999,LONG,-0.0019532307146675624,0.023032644515771434,1724378400000,-0.005846545277501776,-0.010499424983153536,-0.025087395389042692
ZECUSDT,1724396399999,SHORT,0.21981007773781874,-0.06352018205155455,1724396400000,0.0037133351246610114,0.007440510516583341,0.004705891037412617
ZECUSDT,1724399999999,LONG,-0.06352018205155455,0.23943749163195727,1724400000000,0,-0.00422623376088243,0.03366171476363104
ZECUSDT,1724453999999,SHORT,0.3221646552400733,-0.03581260120977131,1724454000000,-0.018812318097328043,0.004577769709741863,-0.05563481785939744
ZECUSDT,1724457599999,LONG,-0.03581260120977131,0.000010271162538168482,1724457600000,-0.003308131561362959,-0.022424603783241726,0.015914213701473494
ZECUSDT,1724461199999,SHORT,0.000010271162538168482,-0.000010571728982341205,1724461200000,0.01646618757215612,0.021048373329862823,-0.04647698081972076
ZECUSDT,1724493599999,LONG,-0.09025196350147875,0.326146347941419,1724493600000,0.014658989018401937,0.008500912767010173,-0.0064815041719961
ZECUSDT,1724529599999,SHORT,0.023560507695914466,-0.050641973011774484,1724529600000,0.008485316363161178,0.018903283026403248,0.06291085966639742
ZECUSDT,1724536799999,LONG,-0.07780930688955695,0.0407891752366631,1724536800000,-0.007695036221800367,-0.02326506059918596,-0.038115632922512147
ZECUSDT,1724540399999,SHORT,0.0407891752366631,-0.1736595837828937,1724540400000,-0.006069112933528609,0.005164330726654858,0.03526693813456656
ZECUSDT,1724626799999,LONG,-0.28712897496207546,0.12092806949889197,1724626800000,-0.004016069654890054,-0.002257054249710439,0.016397882954405394
ZECUSDT,1724651999999,SHORT,0.037450362421802545,-0.045415624849905155,1724652000000,0.004768486887328211,-0.02056818884349292,0.04454281237513954
ZECUSDT,1724659199999,LONG,-0.010587761199054146,0.09802921106914039,1724659200000,0.03965112361498695,0.020894403934423014,-0.04927361858782539
ZECUSDT,1724673599999,SHORT,0.15806802000062775,-0.00017436533956815124,1724673600000,0.0039940142959381765,0.007000028583543455,0.08986910500100147
ZECUSDT,1724677199999,LONG,-0.00017436533956815124,0.22559718551713942,1724677200000,-0.0007506568599702225,-0.0027551676789903234,-0.0826097816813241
ZECUSDT,1724695199999,SHORT,0.004001171911261106,-0.1918868870039402,1724695200000,0.01609321106295976,0.03678453100183478,0.03542786277041544
ZECUSDT,1725087599999,LONG,-0.1994514775140082,0.22122774855573124,1725087600000,-0.0067073422191293135,-0.005178991012259506,-0.01654449501709555
ZECUSDT,1725091199999,SHORT,0.22122774855573124,-0.0780529058955532,1725091200000,0.00030585716708856096,-0.007919627138063224,0.010761056956298146
ZECUSDT,1725105599999,LONG,-0.9567276228521644,0.09232121386518384,1725105600000,-0.00455997142169483,-0.013435316598379564,-0.02456371583270465
ZECUSDT,1725109199999,SHORT,0.09232121386518384,-0.023623306386675254,1725109200000,0.0018298266770762272,0.010413570368467776,0.010413570368467776
ZECUSDT,1725116399999,LONG,-0.12114840265179792,0.03797945808903649,1725116400000,-0.006129348027828938,-0.011060020574936196,-0.025999607491122824
ZECUSDT,1725119999999,SHORT,0.03797945808903649,-0.2547477139435158,1725120000000,0.0015382251917830496,0.005548719538350528,0.013929957486946485
ZECUSDT,1725260399999,LONG,-0.02678534038380284,0.032656949634112205,1725260400000,-0.011604225778260143,-0.014354313451683054,-0.016421853816039268
ZECUSDT,1725263999999,SHORT,0.032656949634112205,-0.18248399371927126,1725264000000,-0.0013722129082868236,0.006198366952339019,0.006889451983299434
ZECUSDT,1725285599999,LONG,-0.02828819023511785,0.35457035535450476,1725285600000,0.0065755557916638025,0.008298802814695064,0.037817485499956435
ZECUSDT,1725325199999,SHORT,0.04322493331391168,-0.02231781722743878,1725325200000,0.00033428046441986943,-0.00033416875833098907,0.009739791520802689
ZECUSDT,1725922799999,LONG,-0.07152448081644219,0.23463706969290887,1725922800000,-0.00034077355926986355,-0.006151762394475386,0.024235450726332177
ZECUSDT,1726009199999,SHORT,0.29184947993656557,-0.15259513334923597,1726009200000,0.0022716219406637016,0.03395744101480448,0.05325717667353135
ZECUSDT,1726117199999,LONG,-0.18868456212610302,0.02603195691814033,1726117200000,-0.004676027224257288,-0.0006666666913581492,-0.01747943662509096
ZECUSDT,1726127999999,SHORT,0.08852075897781674,-0.687990907993496,1726128000000,-0.005014217425357594,0.007062413750086261,0.011798552508375318
ZECUSDT,1726214399999,LONG,-0.061774111887711904,0.49767287441884034,1726214400000,0.00775851420905975,0.010443079579728846,0.02541092928331459
ZECUSDT,1726279199999,SHORT,0.34071258680125194,-0.09613861036723945,1726279200000,-0.0045946913783104035,0.009253205480483159,0.001316655884746785
ZECUSDT,1726437599999,LONG,-0.05908932327113689,0.026551973843530374,1726437600000,-0.00475544374431934,-0.01639941091830956,-0.01193128181439065
ZECUSDT,1726441199999,SHORT,0.026551973843530374,-0.08838577062742266,1726441200000,0.0061496606516752515,0.008551445988782947,0.005807018880291379
ZECUSDT,1726462799999,LONG,-0.02400367311983164,0.10710743730668829,1726462800000,0.006166514915663958,0.008554372096658595,-0.005859055189403193
ZECUSDT,1726516799999,SHORT,0.07960124957766272,-0.03827471097324194,1726516800000,0.006894201729277117,0.0013750431867472705,-0.01263030956360412
ZECUSDT,1726707599999,LONG,-0.26304550488305023,0.008426960316133441,1726707600000,-0.01165816312738952,0.006738353749209022,0.02887714535120913
ZECUSDT,1726711199999,SHORT,0.008426960316133441,-0.11473513889176666,1726711200000,-0.015514209036478955,-0.015834876026560515,-0.0336300707455492
ZECUSDT,1726736399999,LONG,-0.07182808337969167,0.2560224957143379,1726736400000,0.0015855402084901328,0.014493007302566824,0.006011725114051671
ZECUSDT,1726790399999,SHORT,0.6464963425113691,-0.2513248559520181,1726790400000,0.009864837357746056,-0.012899345133930684,0.0057161159132883554
ZECUSDT,1726876799999,LONG,-0.15648714534717917,0.7171137379595299,1726876800000,0.0006397952873393857,-0.021019367224075346,-0.011263192278710827
ZECUSDT,1726894799999,SHORT,0.0014915503191268143,-0.0910705008145071,1726894800000,-0.003921573653181644,-0.013335699340118681,-0.026176967288443334
ZECUSDT,1726905599999,LONG,-0.18798092810393308,0.03718433231072195,1726905600000,-0.003225809248882677,-0.004842624475788015,0.005460106707798169
ZECUSDT,1726916399999,SHORT,0.038747436262238075,-0.22541643652089363,1726916400000,-0.0038910554929665006,-0.02280490670220003,-0.006153865574378286
ZECUSDT,1727470799999,LONG,-0.11635021970465387,0.06925739716189919,1727470800000,-0.0009883051372712756,0.01113305539507368,0.011458629221813899
ZECUSDT,1727474399999,SHORT,0.06925739716189919,-0.03671937762897095,1727474400000,-0.00525970969297982,-0.010818004205774135,0.0009892828506744607
ZECUSDT,1727477999999,LONG,-0.03671937762897095,0.21844472728214503,1727478000000,-0.0036118903164023245,0.0117303397854896,0.0006553080182081126
ZECUSDT,1727492399999,SHORT,0.12053518309499346,-0.2349672646955646,1727492400000,-0.000971345389631659,0.007804917669384091,0.013042245516450323
ZECUSDT,1728104399999,LONG,-0.1555604102509725,0.051419390557719664,1728104400000,0.004464293128685528,0.009278225772677416,0.037325957612686346
ZECUSDT,1728287999999,SHORT,0.6076855531647162,-0.08852313332082525,1728288000000,0.006040286821330224,0.01618922372994285,0.021644402617981014
ZECUSDT,1728302399999,LONG,-0.13757393749599353,0.02455755984656469,1728302400000,-0.007166043291667667,-0.008536845425446239,-0.015419185048388006
ZECUSDT,1728309599999,SHORT,0.01681652696600965,-0.18565446025489798,1728309600000,-0.0037664827954768648,-0.0034246608813641747,-0.005473841926299597
ZECUSDT,1728313199999,LONG,-0.18565446025489798,0.015582462027960554,1728313200000,-0.003081666537408112,-0.0110004546898218,0.007153837356618774
ZECUSDT,1728449999999,SHORT,0.21102198101403422,-0.2184891752283631,1728450000000,-0.0003450060410277764,0.007968169649176845,-0.007220247973487097
ZECUSDT,1728543599999,LONG,-0.07365906831842368,0.47532129618878116,1728543600000,0.0032916422083901073,0.018618862203209987,0.04952780672875531
ZECUSDT,1728723599999,SHORT,0.22612015958801224,-0.016096405882440164,1728723600000,-0.003350086885282027,0.003641970687568545,0.03819215952191993
ZECUSDT,1728727199999,LONG,-0.016096405882440164,0.13391552760876002,1728727200000,-0.005310983832382464,-0.012907025420378845,-0.04533919781461211
ZECUSDT,1728737999999,SHORT,0.0858457999919679,-0.2433486671966723,1728738000000,0.00619371349393251,0.027024827705403667,0.02760169533028484
ZECUSDT,1728763199999,LONG,-0.014776126538510629,0.23689345520011604,1728763200000,-0.0020316361653561657,0.0011590844531513577,0.02998939577775576
ZECUSDT,1728770399999,SHORT,0.2979338166767581,-0.036113313775869994,1728770400000,-0.013329667083379933,-0.020500212650017606,-0.0383451841319365
ZECUSDT,1728773999999,LONG,-0.036113313775869994,0.5093319052593523,1728774000000,-0.005775355354081549,0.01826013646140657,0.016279097183268525
ZECUSDT,1728899999999,SHORT,0.0242508312917362,-0.18577200599461485,1728900000000,-0.005865119452397837,-0.00836824967051658,-0.01776837418243167
ZECUSDT,1728903599999,LONG,-0.18577200599461485,0.029565414911631973,1728903600000,-0.001951764177370738,0.00638624966531588,0.013006963504664414
ZECUSDT,1728989999999,SHORT,0.15950874688251626,-0.05730406373111154,1728990000000,0.025215928304103866,0.018717123952937866,0.0053120974848900535
ZECUSDT,1729256399999,LONG,-0.2450497732125163,0.4854665623690425,1729256400000,0.011645358415816728,-0.01703337885404569,-0.027618435902385805
ZECUSDT,1729285199999,SHORT,0.14068237206612014,-0.05898321298179654,1729285200000,0.0030730573143473573,0.003912805439272277,0.003632811037331088
ZECUSDT,1729443599999,LONG,-0.8101020015561207,0.03870435773686119,1729443600000,0.000546597444601055,0.00898087407918745,0.01141626968150482
ZECUSDT,1729504799999,SHORT,0.08848513866418678,-0.004797828387044179,1729504800000,0.0020887736053917987,0.019223765135253545,0.006279455484843248
ZECUSDT,1729508399999,LONG,-0.004797828387044179,0.032641136262846177,1729508400000,-0.008398999505238706,-0.013154622734806836,-0.013684424071702521
ZECUSDT,1729511999999,SHORT,0.032641136262846177,-0.15463319566303368,1729512000000,0.00608065323660227,0.012732267490925599,0.01353344259053054
ZECUSDT,1729526399999,LONG,-0.08281253849462888,0.021534353851329725,1729526400000,-0.00911778909794276,0.017727676853529887,0.008506165057421146
ZECUSDT,1729529999999,SHORT,0.021534353851329725,-0.5319671637519787,1729530000000,-0.0016150743752982777,-0.023167059281534595,-0.01576940335226598
ZECUSDT,1729616399999,LONG,-0.0595633457896044,0.05519654827050861,1729616400000,0.008686265255960453,0.012462908536295695,0.037457562534900415
ZECUSDT,1729619999999,SHORT,0.05519654827050861,-0.13894034638547356,1729620000000,-0.0059267414865610026,-0.013152786578300685,-0.03556638141520065
ZECUSDT,1729713599999,LONG,-0.2633952394073772,0.019123567305188577,1729713600000,-0.003975094673835305,0.0015856240108618614,-0.016533709965862974
ZECUSDT,1729717199999,SHORT,0.019123567305188577,-0.3184001060534956,1729717200000,0.0026588688889439957,-0.018937967350547716,0.021742904593660628
ZECUSDT,1729724399999,LONG,-0.32998450646284894,0.20493952000707738,1729724400000,0.0013211786833919631,-0.01760514928467382,-0.02381383436583961
ZECUSDT,1729799999999,SHORT,0.006551202228611594,-0.05314613113045724,1729800000000,0.013004789080533454,-0.0005382131453927857,0.012732123775504017
ZECUSDT,1729889999999,LONG,-0.2350790069011215,0.05778540379048003,1729890000000,0.0027631960106960945,0.004141936060896453,-0.005549403808669573
ZECUSDT,1729893599999,SHORT,0.05778540379048003,-0.29264695465985396,1729893600000,0.011939611500331234,0.01054393786135642,0.006090827246202009
ZECUSDT,1730019599999,LONG,-0.0432827317281569,0.009577337598796448,1730019600000,0.005057276880179018,-0.004783267714854622,0.09142551930884248
ZECUSDT,1730210399999,SHORT,0.23466309343533298,-0.1102802496656353,1730210400000,-0.01610424414339025,-0.007824766058229942,-0.039281137939546976
ZECUSDT,1730458799999,LONG,-0.01971830931229545,0.21341820170002346,1730458800000,0.005389395960466553,0.024817818108803635,0.020856370963333065
ZECUSDT,1730473199999,SHORT,0.10470960355215482,-0.08817953265456793,1730473200000,0.0034323466040265807,0.004755623229568159,-0.012832440069884578
ZECUSDT,1730523599999,LONG,-0.16811622945632904,0.024019371576319993,1730523600000,0.003683245416296368,-0.01166503153050292,-0.022388994893478613
ZECUSDT,1730527199999,SHORT,0.024019371576319993,-0.1736737857851876,1730527200000,0.006320800607054994,0.00923124055010856,0.037175025429988094
ZECUSDT,1730534399999,LONG,-0.3795045220949962,0.028958933554820588,1730534400000,-0.000533191161658835,-0.0034708351490016203,-0.03003066195068203
ZECUSDT,1730552399999,SHORT,0.09596027897536032,-0.05210696258516674,1730552400000,0.004065597143608718,-0.0035101966648490752,0.00923919615781742
ZECUSDT,1730555999999,LONG,-0.05210696258516674,0.16476902235301702,1730556000000,-0.003535975396449219,-0.003535975396449219,-0.009274480008617518
ZECUSDT,1730624399999,SHORT,0.018441135979394296,-0.19723470834729262,1730624400000,0.015559205655122997,0.012811951179984253,-0.0024347367634131875
ZECUSDT,1730631599999,LONG,-0.10810567240378442,0.18991676007995673,1730631600000,-0.011176346402453746,-0.025533302005164762,0.018531482376734985
ZECUSDT,1730653199999,SHORT,0.08212077449524526,-0.6472946554464896,1730653200000,-0.009685975822825014,-0.028780936794645006,-0.03604978021397086
ZECUSDT,1730815199999,LONG,-0.38043415874928144,0.6471104385099531,1730815200000,0.01421450624684998,0.02176564224408175,0.02435631726817415
ZECUSDT,1730908799999,SHORT,0.4802962178630584,-0.03999884545326602,1730908800000,-0.032030331161090046,-0.04264306945744232,-0.11572227021629011
ZECUSDT,1731023999999,LONG,-0.008633372385591202,0.018555822464197992,1731024000000,-0.027146824611650508,-0.041474726795498455,-0.011642638075685427
ZECUSDT,1731027599999,SHORT,0.018555822464197992,-0.19511183840169055,1731027600000,-0.004885434865200008,0.014564504574636055,-0.017568644202323395
ZECUSDT,1731052799999,LONG,-0.16007807462879897,0.10253169954027579,1731052800000,-0.011021925586771661,-0.005495777514795229,0.0494532833540703
ZECUSDT,1731056399999,SHORT,0.10253169954027579,-0.13681850708617538,1731056400000,-0.004606180414897281,-0.007359738832080137,-0.05872177512816231
ZECUSDT,1731074399999,LONG,-0.180964426257027,0.020504665825324363,1731074400000,-0.004916211019006791,0.01328628933233491,0.04148160751180547
ZECUSDT,1731077999999,SHORT,0.020504665825324363,-0.012915404654704645,1731078000000,-0.006475405009013096,-0.026308580447977077,-0.031097444628260272
ZECUSDT,1731088799999,LONG,-0.09089663863764247,0.1231338174058897,1731088800000,0.008106080096635451,0.0126777654292847,0.03331478328566146
ZECUSDT,1731099599999,SHORT,0.13181264197865183,-0.15207974101068544,1731099600000,-0.002392085515979827,-0.01940552485774829,0.021345292752266407
ZECUSDT,1731153599999,LONG,-0.41448511865459564,0.1800719533864747,1731153600000,-0.006248625553602045,0.001778173395850987,0.025262189084973456
ZECUSDT,1731160799999,SHORT,0.25858860374150144,-0.26969908096644224,1731160800000,-0.000673325129242891,-0.008050132918987096,-0.029859566577520546
ZECUSDT,1731167999999,LONG,-0.00685428391881174,0.472625375292863,1731168000000,-0.004006237274627059,-0.006909645232696991,0.000444148352848627
ZECUSDT,1731178799999,SHORT,0.006671423901828191,-0.1886722950114192,1731178800000,0.003572229742002634,-0.020077894536528654,-0.04616539312683243
ZECUSDT,1731189599999,LONG,-0.3204622040982976,0.015958376163710323,1731189600000,0.01696262721957945,0.019362541101900964,0.04538831371753088
ZECUSDT,1731225599999,SHORT,0.6121499739888145,-0.049533768326604194,1731225600000,-0.007052064699611481,-0.03207702742390493,0.003437167723342563
ZECUSDT,1731365999999,LONG,-0.23541301950389346,0.0611690000262354,1731366000000,0.020940840953215252,-0.03342036826567217,-0.0643884498534298
ZECUSDT,1731373199999,SHORT,0.304164713612247,-0.08285490450444712,1731373200000,0.007674981241149125,0.05524223609315062,0.09277236388238784
ZECUSDT,1731391199999,LONG,-0.46054873785814854,0.8081375649252457,1731391200000,0.010280464374250727,-0.0049440948268655825,-0.048355782246977494
ZECUSDT,1731434399999,SHORT,0.0114106931695534,-0.2941860087566418,1731434400000,-0.019768795099041152,-0.030106668150117765,0.0440932994774917
ZECUSDT,1731445199999,LONG,-0.19507049479665162,0.008052414975585358,1731445200000,0.01033787305107674,0.01057702168309046,-0.04928569533458248
ZECUSDT,1731448799999,SHORT,0.008052414975585358,-0.006800763388389504,1731448800000,-0.023163408587263595,0.0011963154914034608,0.05404065273008277
ZECUSDT,1731826799999,LONG,-0.11425510262204477,0.9895384380914796,1731826800000,0.0038535693159899723,-0.009814069412673767,-0.030906518997791867
ZECUSDT,1731869999999,SHORT,0.10243331204363036,-0.39963444104867796,1731870000000,0.0004687133903481561,-0.02613167539225462,-0.0908699026771593
ZECUSDT,1732240799999,LONG,-0.41311080105407383,0.07689726670966686,1732240800000,-0.0065331242822748254,0.005195941544835015,-0.04098480351852546
ZECUSDT,1732273199999,SHORT,0.11714873444484125,-0.6995691884882302,1732273200000,-0.009116238786982986,0.01303975311022565,-0.0008930565451774607
ZECUSDT,1732712399999,LONG,-0.24284423663699145,0.015748618204383943,1732712400000,0.018100041643617937,-0.016646391114742174,-0.01165884960370316
ZECUSDT,1732831199999,SHORT,0.4361746142054109,-0.2691272290724411,1732831200000,-0.008828090844957667,-0.007032758226283363,0.0025366927898673483
ZECUSDT,1733421599999,LONG,-0.008998241527525333,0.0026858860686114006,1733421600000,-0.0009618688477767778,0.015671098112304244,0.0061614489440486265
ZECUSDT,1733439599999,SHORT,0.025402189321116177,-0.05070100798477989,1733439600000,0.011934153574506905,-0.01784403110635325,0.022013023761947446
ZECUSDT,1733450399999,LONG,-0.06487944022248789,0.020803841383676944,1733450400000,-0.009958475314188106,-0.005580903344053855,-0.055969395756867144
ZECUSDT,1733468399999,SHORT,0.04914838682760697,-0.14493620522998518,1733468400000,0.009288207067011585,0.03339255260895654,0.04127055654147459
ZECUSDT,1733979599999,LONG,-0.10596979166085947,0.022745255011419746,1733979600000,-0.0019547408675180435,-0.012546457376538865,-0.0859058389509365
ZECUSDT,1733983199999,SHORT,0.022745255011419746,-0.1342362412270493,1733983200000,0.005130537887453538,0.008160843236632416,0.08476989776889252
ZECUSDT,1733997599999,LONG,-0.12697176674182167,0.08797669247575014,1733997600000,-0.024730543821054815,-0.08086487330399733,-0.10500656020195262
ZECUSDT,1734001199999,SHORT,0.08797669247575014,-0.21995239508759173,1734001200000,0.013309520827002978,0.042904578454643544,0.08518891786137836
ZECUSDT,1734163199999,LONG,-0.025207013522558552,0.2573802154764962,1734163200000,0.005006686025907108,-0.001171842437606444,-0.03213196107287973
ZECUSDT,1734227999999,SHORT,0.16596820360836198,-0.026929572030376773,1734228000000,0.007338543045895924,0.018881439748989582,0.004430818428138327
ZECUSDT,1734260399999,LONG,-0.17442486971738466,0.08526586879713458,1734260400000,0.003652495581574469,0.034592490247378774,0.0031315265674471317
ZECUSDT,1734263999999,SHORT,0.08526586879713458,-0.33155365606113846,1734264000000,-0.008987271000236458,-0.02739897418811456,-0.025369889961333516
ZECUSDT,1734285599999,LONG,-0.17736951263753367,0.20349005975768394,1734285600000,-0.0020415114269766847,-0.03141981224871085,0.009303966294532014
ZECUSDT,1734296399999,SHORT,0.26673939080114906,-0.268825724156018,1734296400000,0.019967674438144137,-0.04306805198681385,-0.005656996315140666
ZECUSDT,1734587999999,LONG,-0.29233680962136016,0.03489642635813366,1734588000000,-0.019033692233302587,-0.021342273481772436,-0.07494949099972019
ZECUSDT,1734591599999,SHORT,0.03489642635813366,-0.24735877291623087,1734591600000,0.0007689350628771679,-0.013171899898073868,0.08456869161412583
ZECUSDT,1734609599999,LONG,-0.12455164631764869,0.0002839260608579116,1734609600000,-0.0236021614492099,-0.02746167994138778,-0.09608173395959396
ZECUSDT,1734613199999,SHORT,0.0002839260608579116,-0.538414522353668,1734613200000,-0.009006480350023917,-0.0015387577569757828,0.06132265171564202
ZECUSDT,1734721199999,LONG,-0.04780783775471434,0.04653824552097133,1734721200000,0.0349753931995045,0.0726379241124331,0.10395553467098899
ZECUSDT,1734735599999,SHORT,0.029940496961525218,-0.227984661632589,1734735600000,0.0001838742305446965,-0.007327382115455018,-0.007327382115455018
ZECUSDT,1734983999999,LONG,-0.4594256001024939,0.0688245104337565,1734984000000,0.003923727862236952,0.034163613051954936,0.06822725898580215
ZECUSDT,1735009199999,SHORT,0.4353149839882725,-0.4200802701630606,1735009200000,-0.016714335289423204,-0.047707159499486805,-0.07748206980735424
ZECUSDT,1735041599999,LONG,-0.11884868547169053,0.20504150161002144,1735041600000,0.0027261656886865544,-0.004319661144516396,-0.004897028366097912
ZECUSDT,1735055999999,SHORT,0.08571803321809866,-0.11824411754072414,1735056000000,0.0040468330990979,0.008400976407718379,-0.004604987271415849
ZECUSDT,1735171199999,LONG,-0.10142222555153596,0.11258455400409305,1735171200000,-0.014530756009429838,-0.044525997028028556,-0.03658944743229217
ZECUSDT,1735181999999,SHORT,0.06725817194134998,-0.06965687431529699,1735182000000,0.013847896858793602,0.015699353629219995,0.038042625445850554
ZECUSDT,1735444799999,LONG,-0.13349778228318038,0.21624684371305777,1735444800000,-0.00979199990461765,-0.045157913730365394,-0.07244627848249728
ZECUSDT,1735451999999,SHORT,0.1314331026309428,-0.08899984609165325,1735452000000,0.013509473445613792,0.02001485140563506,0.05929924057536627
ZECUSDT,1735455599999,LONG,-0.08899984609165325,0.025830739633171198,1735455600000,-0.006984155373664187,-0.014177855966712465,-0.049613027145887265
ZECUSDT,1735466399999,SHORT,0.15288205949338138,-0.08887056459658574,1735466400000,0.00767144564553019,0.02123973650091103,0.038959642315639614
ZECUSDT,1735469999999,LONG,-0.08887056459658574,0.020117381525835,1735470000000,-0.007893717992015511,-0.024034934171400645,-0.03245290910982247
ZECUSDT,1735473599999,SHORT,0.020117381525835,-0.0351329063027891,1735473600000,0.008120882700356899,0.01187875004229462,0.01943711662033093
ZECUSDT,1735621199999,LONG,-0.19979005920381557,0.052011277798551726,1735621200000,-0.005502077153983422,-0.0003429943439561146,-0.00757318593711958
