symbol,signal_time,side,premium_high,premium_low,premium_close,premium_range,prior_24h_max_range,r1,r4,r12
ZECUSDT,2023-01-01T02:00:00+00:00,SHORT,0.00235232,-0.00225084,1.585e-05,0.00460316,0.00348105,0.005102737001932726,0.014299447751607219,0.012670340684815167
AVAXUSDT,2023-01-01T12:00:00+00:00,LONG,0.00018018,-0.00176466,-0.00053859,0.00194484,0.0018416399999999999,-0.0036301059084483415,-0.0005576208322928172,0.0038021096482080577
UNIUSDT,2023-01-01T17:00:00+00:00,LONG,0.0,-0.00182449,-0.00107417,0.00182449,0.00160271,0.004416713852923245,0.01014848346180965,0.014520698391853189
AVAXUSDT,2023-01-01T18:00:00+00:00,LONG,0.00081167,-0.00145607,-0.00076447,0.00226774,0.00194484,0.0025768466311113067,0.0034037105672384987,0.0019332572189269196
AVAXUSDT,2023-01-02T01:00:00+00:00,LONG,0.0010529,-0.00274047,-0.00116127,0.00379337,0.00226774,0.0031627933341925136,0.011855283798511737,0.03623120649190058
DOGEUSDT,2023-01-02T01:00:00+00:00,LONG,0.00102401,-0.00369835,-0.00056527,0.00472236,0.00260717,0.004185616271703785,0.015214876538286995,0.03677563564486464
LTCUSDT,2023-01-02T01:00:00+00:00,LONG,0.00064121,-0.00272724,-0.00047443,0.0033684500000000003,0.00214058,0.005121650120054924,0.0066813810282477255,0.07114905805824787
UNIUSDT,2023-01-02T01:00:00+00:00,LONG,0.00072889,-0.00287753,-0.00083879,0.00360642,0.00182449,-0.00038491147511408836,0.014328261173901263,0.025269702151448317
AVAXUSDT,2023-01-02T07:00:00+00:00,LONG,0.00699225,-0.011185,-0.0003344,0.01817725,0.00379337,0.0014375564021046803,0.0015273350976804856,0.005737867634023997
DOGEUSDT,2023-01-02T07:00:00+00:00,LONG,0.00934171,-0.02445077,-0.00077881,0.03379248,0.00472236,0.003754958865774841,0.00027862914641111643,0.00528072377789947
SOLUSDT,2023-01-02T07:00:00+00:00,LONG,0.0632301,-0.02817288,-0.00074717,0.09140298,0.00384938,0.00844493384677457,-0.00697119295947734,0.01433202604355346
UNIUSDT,2023-01-02T07:00:00+00:00,LONG,0.00430704,-0.00469569,-0.0004186,0.00900273,0.00360642,0.006417538069115286,0.0034026497858291277,0.027823660221048065
ZECUSDT,2023-01-02T07:00:00+00:00,LONG,0.00608669,-0.00563009,-0.00133725,0.01171678,0.0042057299999999995,0.002113048858069266,0.0010570825508652622,0.038640876203457485
SOLUSDT,2023-01-03T14:00:00+00:00,LONG,0.0,-0.01787002,-0.00957045,0.01787002,0.01143373,0.05318783756191099,0.05816800504130092,0.11533935574289648
AVAXUSDT,2023-01-04T03:00:00+00:00,LONG,0.00316593,-0.00275997,-0.00096359,0.0059259,0.00229384,-0.006539023767056651,0.006916940272810449,0.024498528840559617
DOGEUSDT,2023-01-04T03:00:00+00:00,LONG,0.00177479,-0.00154319,-0.00032378,0.00331798,0.00328447,-0.00813180692171953,-0.0038509193511683353,-0.006472514505617479
LTCUSDT,2023-01-04T03:00:00+00:00,LONG,0.00249529,-0.00292868,-0.00045594,0.00542397,0.00503478,-0.008164368554190393,-0.01090070487619005,-0.01705215415409834
UNIUSDT,2023-01-04T03:00:00+00:00,LONG,0.00058864,-0.00212567,-3.488e-05,0.00271431,0.00191036,0.005221943981151625,0.0009022828366351597,0.002884444040626503
DOGEUSDT,2023-01-05T00:00:00+00:00,LONG,0.00326586,-0.00228278,-0.00067199,0.0055486400000000005,0.00331798,-0.0032881246230335465,0.009122535863305066,0.002186091866648127
ZECUSDT,2023-01-05T15:00:00+00:00,LONG,0.00103524,-0.00295363,-0.00070303,0.00398887,0.00386444,-0.0017524100116115258,0.004741119298936876,-0.007028141379109111
DOGEUSDT,2023-01-05T23:00:00+00:00,LONG,0.00218209,-0.00379475,-0.00053281,0.00597684,0.0055486400000000005,0.008636353999675937,-0.002100694001280501,-0.01394683450544313
UNIUSDT,2023-01-05T23:00:00+00:00,LONG,0.0,-0.00462311,-0.00041122,0.00462311,0.00198335,0.005382843623739482,0.000558191474164017,-0.014434593111977301
AVAXUSDT,2023-01-06T13:00:00+00:00,LONG,0.00253224,-0.00358213,-0.0004281,0.00611437,0.00244466,-0.0020037468044969246,0.0074568974685184095,0.028231314169439328
DOGEUSDT,2023-01-06T13:00:00+00:00,LONG,0.00402801,-0.00490181,-0.00073923,0.008929820000000002,0.00597684,-0.001553343530580096,0.008990087238140048,0.02521903070580567
LTCUSDT,2023-01-06T13:00:00+00:00,LONG,0.00224404,-0.00398137,-0.00035181,0.00622541,0.00404973,-0.0030916080811311795,0.0124042937595659,0.020589157934477503
SOLUSDT,2023-01-06T13:00:00+00:00,LONG,0.00666598,-0.01189557,-0.0019972,0.01856155,0.007680160000000001,0.002235326787322168,0.017440968372284517,0.025823120526985783
ZECUSDT,2023-01-06T14:00:00+00:00,LONG,0.00186804,-0.00411699,-0.00323884,0.0059850300000000006,0.00533698,0.007843177461025879,0.01125531823196256,0.01368545308525423
LTCUSDT,2023-01-07T19:00:00+00:00,LONG,0.00101435,-0.00092459,-0.0005367,0.00193894,0.00183191,0.0,-0.000654578801928458,-0.00841114171619335
AVAXUSDT,2023-01-07T23:00:00+00:00,LONG,0.00078544,-0.0013118,-5.031e-05,0.0020972399999999998,0.0017943999999999998,-0.00743815680882413,-0.0053807193063726035,0.00501296771783166
DOGEUSDT,2023-01-08T00:00:00+00:00,LONG,0.00056602,-0.00174533,-6.36e-05,0.00231135,0.0016262,0.0029282597790883597,0.002371156700612756,-0.0009779951879765147
LTCUSDT,2023-01-08T08:00:00+00:00,LONG,0.00015788,-0.00367511,-0.00031737,0.00383299,0.00193894,0.0018406526364276546,-0.0005265236399116114,0.005380943490781318
SOLUSDT,2023-01-08T08:00:00+00:00,LONG,0.00230444,-0.0021367,-0.00065397,0.00444114,0.00303004,-0.006420923200460582,-0.009461228089548655,0.011047410888788627
SOLUSDT,2023-01-08T10:00:00+00:00,LONG,0.00428878,-0.00180406,-0.00070089,0.0060928399999999995,0.00444114,-0.0014068344847437382,0.021737599799334918,0.01388758129340784
UNIUSDT,2023-01-08T16:00:00+00:00,LONG,0.0,-0.0015899,-0.00061691,0.0015899,0.00156043,-0.001838911882676873,0.004948236981826993,0.05138515127458528
UNIUSDT,2023-01-08T20:00:00+00:00,LONG,0.0010723,-0.00112505,-0.00050609,0.00219735,0.0015899,0.002008582798905274,0.03396247713340272,0.047126335499645226
ZECUSDT,2023-01-08T20:00:00+00:00,LONG,0.00191679,-0.00183419,-0.00121525,0.00375098,0.0036853999999999997,0.0,0.032936404575368144,0.04923425183280149
AVAXUSDT,2023-01-08T23:00:00+00:00,LONG,0.00081367,-0.00211075,-0.00010204,0.00292442,0.00228917,0.02298199696774628,0.03495722546856652,0.02564661964331535
DOGEUSDT,2023-01-08T23:00:00+00:00,SHORT,0.00109174,-0.00171532,0.0002228,0.00280706,0.00240589,-0.014966907849972677,-0.01723948419066129,-0.0562598835182801
LTCUSDT,2023-01-08T23:00:00+00:00,SHORT,0.01162924,-0.00214824,0.00016701,0.013777480000000002,0.00383299,-0.03312595865782538,-0.04181793968332162,-0.038399132934535965
AVAXUSDT,2023-01-09T01:00:00+00:00,SHORT,0.00200438,-0.00128598,0.00039001,0.00329036,0.00292442,-0.0008063866254240298,-0.0037843758679923295,0.0033939426517945806
SOLUSDT,2023-01-09T01:00:00+00:00,LONG,0.01034035,-0.00826247,-7.223e-05,0.01860282,0.01513723,0.03339898870183716,0.04013344079233382,0.05762911283663642
DOGEUSDT,2023-01-09T13:00:00+00:00,SHORT,0.00340834,-0.00131012,0.00056893,0.00471846,0.00430568,-0.015214321321259673,-0.021210384447488125,0.0037748173687823365
UNIUSDT,2023-01-10T02:00:00+00:00,LONG,0.00018463,-0.00244731,-7.216e-05,0.0026319399999999997,0.00180896,0.006386489300179242,0.002939398675557865,-0.013598535909598792
AVAXUSDT,2023-01-10T11:00:00+00:00,LONG,0.00225345,-0.00132639,-0.00037786,0.00357984,0.00268861,-0.004427101044773642,0.019643559777982773,0.022160471599039687
LTCUSDT,2023-01-10T22:00:00+00:00,SHORT,0.00082081,-0.0014675,0.00017959,0.00228831,0.0019120699999999999,-0.0012365526492171756,0.009697949934794822,-0.017538929995153687
AVAXUSDT,2023-01-11T02:00:00+00:00,LONG,0.00127964,-0.00275036,-0.00067382,0.00403,0.00357984,-0.0014454350866395314,0.0052023007400245165,0.0024844733276619658
UNIUSDT,2023-01-11T03:00:00+00:00,LONG,0.00011871,-0.00221543,-0.00221543,0.00233414,0.00193037,-0.0005300821751473019,0.013335870565211254,-0.0072688911489230896
LTCUSDT,2023-01-11T12:00:00+00:00,LONG,0.00024189,-0.00359112,-0.00017409,0.00383301,0.00228831,-0.0017167386190545851,-0.00984987032733218,0.06279877047170906
DOGEUSDT,2023-01-11T15:00:00+00:00,LONG,0.00202671,-0.00179444,-0.00037354,0.00382115,0.00381921,-0.0006660894138233815,0.029006561481583537,0.06346423275023998
LTCUSDT,2023-01-11T15:00:00+00:00,LONG,0.00295418,-0.00227154,-0.00014257,0.00522572,0.00383301,0.00037126415871019007,0.026746419413104565,0.04761653471875552
AVAXUSDT,2023-01-11T18:00:00+00:00,LONG,0.00258031,-0.00368758,-0.00196793,0.00626789,0.00403,0.04546397164717226,0.10990803204813704,0.10058998869951057
AVAXUSDT,2023-01-11T23:00:00+00:00,LONG,0.0060197,-0.00666916,-0.0017218,0.01268886,0.00895371,-6.312932043382979e-05,0.006418345718514673,-0.04031973235777921
SOLUSDT,2023-01-11T23:00:00+00:00,LONG,0.00472285,-0.00389564,-0.00068814,0.00861849,0.00480614,0.03219000669599881,0.003905778186288875,-0.017829523171963596
UNIUSDT,2023-01-11T23:00:00+00:00,LONG,0.00210925,-0.00265105,-0.00034593,0.0047603,0.00237513,0.012938095288665193,0.014772805168682953,0.016936767727644537
LTCUSDT,2023-01-12T01:00:00+00:00,SHORT,0.01699146,-0.02407,0.00025927,0.04106146,0.0110873,0.013661736451592061,0.021877535477709483,0.0016389607976926596
ZECUSDT,2023-01-12T04:00:00+00:00,LONG,0.00459223,-0.00195358,-0.00109825,0.00654581,0.0044189799999999994,-0.013420018000830428,-0.011395498132646745,-0.014546524822674952
AVAXUSDT,2023-01-12T13:00:00+00:00,LONG,0.01920991,-0.02270973,-0.00065148,0.04191964,0.01323189,-0.04432331041908374,0.003718429723626606,-0.026291616566993137
DOGEUSDT,2023-01-12T13:00:00+00:00,LONG,0.01289994,-0.02005913,-0.00036491,0.03295907,0.00678373,-0.023337384305662946,0.013470336491970094,0.008581577146954079
SOLUSDT,2023-01-12T13:00:00+00:00,LONG,0.01046909,-0.01973346,-0.00204913,0.03020255,0.01104996,-0.033977507773093676,0.015120062165329594,0.004517436410753391
UNIUSDT,2023-01-12T13:00:00+00:00,LONG,0.00685332,-0.01296003,-0.0007459,0.01981335,0.0047603,-0.024480216847290674,-0.0019627091678488173,-0.00836824967051658
ZECUSDT,2023-01-12T13:00:00+00:00,LONG,0.00617034,-0.00835155,-0.00017039,0.014521889999999999,0.00654581,-0.0254501352470634,0.012042964461840182,0.008712218626971297
AVAXUSDT,2023-01-13T21:00:00+00:00,LONG,0.00222877,-0.0061202,-0.0008982,0.00834897,0.00558476,0.0013228765039845214,0.04991816880105545,0.05726696961058234
DOGEUSDT,2023-01-13T21:00:00+00:00,LONG,0.00285871,-0.00547563,-0.00022844,0.00833434,0.0035586899999999998,0.009644438830665892,0.08228591500313338,0.045930667398409834
LTCUSDT,2023-01-13T21:00:00+00:00,LONG,0.00294639,-0.00369921,-0.00011704,0.0066456,0.00244919,-0.007879530918425498,0.03960241456976705,0.013641525236290919
SOLUSDT,2023-01-13T21:00:00+00:00,LONG,0.00752297,-0.00631773,-0.00068039,0.013840700000000001,0.0037150599999999996,-0.012098695754408641,0.133893467659989,0.21230554114152572
ZECUSDT,2023-01-13T21:00:00+00:00,LONG,0.0028415,-0.00288731,-0.00045892,0.00572881,0.00561384,0.0015464489992365106,0.04665065248974524,0.016228426328384775
AVAXUSDT,2023-01-14T00:00:00+00:00,SHORT,0.02694745,-0.01687932,7.602e-05,0.04382677,0.00834897,-0.028959317780212046,-0.03440142671733232,-0.054242644479216236
LTCUSDT,2023-01-14T00:00:00+00:00,SHORT,0.02456514,-0.01026196,0.00031708,0.0348271,0.0066456,-0.01779665303365966,-0.0058552132149355144,0.004640904815001519
SOLUSDT,2023-01-14T00:00:00+00:00,SHORT,0.05534344,-0.01894731,0.00063539,0.07429075,0.013840700000000001,-0.04388469238559289,-0.11091532437624257,-0.11831022621467971
UNIUSDT,2023-01-14T00:00:00+00:00,LONG,0.00799187,-0.00797709,-0.00106384,0.015968959999999997,0.00463709,0.04304999395656801,0.04349499878479722,0.028704260783400732
AVAXUSDT,2023-01-14T09:00:00+00:00,SHORT,0.02088579,-0.03379744,0.00070278,0.05468323,0.04382677,-0.003446230386399035,-0.020967845154023442,0.0045935949529467375
DOGEUSDT,2023-01-14T09:00:00+00:00,SHORT,0.01824805,-0.01982899,0.00138612,0.03807704,0.023367239999999997,0.005918893853821981,-0.0027732858079762583,-0.0003470816255123728
SOLUSDT,2023-01-16T01:00:00+00:00,SHORT,0.00416577,-0.00270132,0.0005819,0.00686709,0.00672636,-0.00990276147832252,-0.009690370593340925,0.002706129097160945
UNIUSDT,2023-01-16T01:00:00+00:00,SHORT,0.00221397,-0.00138923,0.00074952,0.0036032,0.0035215,0.005384398291234321,0.00044759418874829303,0.041107934362947275
AVAXUSDT,2023-01-16T02:00:00+00:00,SHORT,0.00341843,-0.00221419,0.00033222,0.00563262,0.0055492399999999996,0.011939381734521706,-0.00041119629327878555,0.02770095214601844
UNIUSDT,2023-01-16T07:00:00+00:00,SHORT,0.00117294,-0.00260842,0.0003965,0.00378136,0.0036032,0.027507846895090646,0.027972782974756197,0.013659341224414827
AVAXUSDT,2023-01-16T08:00:00+00:00,SHORT,0.02100024,-0.01385315,0.00099272,0.03485339,0.00563262,-0.008056499341984377,-0.0009118818833041495,-0.024452271126306466
DOGEUSDT,2023-01-16T08:00:00+00:00,SHORT,0.01041807,-0.00672832,0.00104805,0.01714639,0.00535793,-0.0023781224049674193,0.0009528347552719656,-0.005461250662483837
LTCUSDT,2023-01-16T08:00:00+00:00,SHORT,0.01804468,-0.00684765,0.0004121,0.02489233,0.00303147,-0.005364444351345891,-0.006875281991284093,-0.016122833732578914
SOLUSDT,2023-01-16T08:00:00+00:00,SHORT,0.01822186,-0.0077918,0.00037837,0.02601366,0.01424654,-0.012692982839092669,-0.006775298331453516,-0.0211228692720742
ZECUSDT,2023-01-16T08:00:00+00:00,SHORT,0.01839323,-0.01137067,0.00121719,0.0297639,0.00410543,-0.003915702342820366,0.006947688901309678,0.007645120058255616
ZECUSDT,2023-01-17T19:00:00+00:00,LONG,0.00182398,-0.00809479,-0.00483222,0.009918769999999999,0.00806552,0.0033426214966899284,-0.004025950416553065,0.006674107087693218
SOLUSDT,2023-01-18T13:00:00+00:00,SHORT,0.00599557,-0.005297,0.00012739,0.01129257,0.008727780000000001,-0.003287342378213424,0.056045308760750416,0.0929171353646728
AVAXUSDT,2023-01-18T15:00:00+00:00,LONG,0.01595868,-0.0227507,-0.00011959,0.03870938,0.0072613800000000004,-0.011145778735443614,0.002690803971882692,-0.02914064106095076
DOGEUSDT,2023-01-18T15:00:00+00:00,LONG,0.01328933,-0.01373433,-0.00045499,0.027023659999999998,0.00563405,-0.04399094541599467,-0.03479237684609795,-0.046581780249964615
LTCUSDT,2023-01-18T15:00:00+00:00,LONG,0.00526702,-0.00557533,-0.00032423,0.01084235,0.00535351,-0.009937382143595177,-0.007562366183356793,-0.02177750132696901
SOLUSDT,2023-01-18T15:00:00+00:00,LONG,0.04262961,-0.02654276,-0.00231558,0.06917237,0.01129257,-0.016806340154407632,0.0,-0.01998629045845718
UNIUSDT,2023-01-18T15:00:00+00:00,LONG,0.01908484,-0.02127012,-0.00105346,0.040354959999999995,0.0068511100000000005,-0.02040067538689015,-0.014736771581395849,-0.03264672604957895
ZECUSDT,2023-01-20T14:00:00+00:00,LONG,0.00247901,-0.00214802,-0.00049774,0.00462703,0.00415614,0.02003551340298855,0.04683992606270214,0.07396655055212238
AVAXUSDT,2023-01-20T16:00:00+00:00,SHORT,0.00161987,-0.00098239,0.00058435,0.0026022600000000003,0.00210605,-0.004007048042642478,-0.04844827292807891,-0.050937348335478055
DOGEUSDT,2023-01-20T16:00:00+00:00,LONG,0.00138425,-0.00091061,-0.00013504,0.00229486,0.00208712,0.004978457249975373,0.040203422233512746,0.04777524476839837
SOLUSDT,2023-01-20T17:00:00+00:00,LONG,0.00215309,-0.00173894,-0.00053718,0.00389203,0.00364492,0.017669939127228848,0.07623960099177873,0.0971917390652691
UNIUSDT,2023-01-20T17:00:00+00:00,LONG,0.00023185,-0.00219063,-0.00016337,0.00242248,0.00169582,-0.0007918283729901813,0.03193666545056408,0.05841525301134985
LTCUSDT,2023-01-20T18:00:00+00:00,SHORT,0.00127686,-0.00051486,0.0003398,0.0017917200000000001,0.0017342199999999999,-0.0025174518387533905,-0.017040057881073732,-0.038215484114512956
SOLUSDT,2023-01-20T19:00:00+00:00,LONG,0.00287393,-0.0014294,-0.00012266,0.004303329999999999,0.00389203,0.03429100438500925,0.09176533938565563,0.0930188159883379
AVAXUSDT,2023-01-20T20:00:00+00:00,SHORT,0.01279177,-0.00531092,0.00049416,0.018102689999999998,0.0026022600000000003,-0.009287367382279676,-0.004683307684091099,-0.003297946114104331
DOGEUSDT,2023-01-20T20:00:00+00:00,SHORT,0.01439477,-0.0103403,0.00038077,0.024735069999999998,0.00229486,-0.0010515862393380006,-0.004665275548086422,-0.01749856341543535
LTCUSDT,2023-01-20T20:00:00+00:00,SHORT,0.0045724,-0.00422462,4.49e-06,0.00879702,0.0017917200000000001,-0.000563221642599069,-0.008303458839241547,-0.01420843950926143
ZECUSDT,2023-01-20T20:00:00+00:00,SHORT,0.00850667,-0.00461087,0.00045437,0.01311754,0.00593653,0.0037298012571738925,0.0031072008427487155,-0.0049515265185083425
SOLUSDT,2023-01-20T22:00:00+00:00,SHORT,0.01330563,-0.00631354,0.00101377,0.019619170000000002,0.01944095,-0.010322367282530347,0.013275325020877358,0.0067153014956907444
SOLUSDT,2023-01-21T00:00:00+00:00,SHORT,0.01843969,-0.01073538,0.00195201,0.02917507,0.019619170000000002,0.0031292651709036194,-0.0012409681142625762,-0.01628959340937873
AVAXUSDT,2023-01-21T10:00:00+00:00,SHORT,0.01722216,-0.01183057,0.00102456,0.02905273,0.018102689999999998,-0.0053575716317624785,-0.004660383595155921,0.0009931357614887573
DOGEUSDT,2023-01-21T10:00:00+00:00,SHORT,0.01313857,-0.01462437,0.00098069,0.02776294,0.024735069999999998,-0.006813352761732211,-0.01048940514951192,0.001971815288300001
LTCUSDT,2023-01-21T10:00:00+00:00,SHORT,0.0108493,-0.00698939,0.00049316,0.017838689999999997,0.00879702,0.002688173661800414,0.006846651135232996,0.001119194297015223
SOLUSDT,2023-01-21T10:00:00+00:00,SHORT,0.01958743,-0.01508262,0.00030565,0.03467005,0.02917507,-0.004455413528253124,-0.004415720750349006,0.010339530255778905
UNIUSDT,2023-01-21T10:00:00+00:00,SHORT,0.0090026,-0.00656156,0.00035253,0.01556416,0.00949932,-0.006619551777883293,0.002266718008690921,-0.017951117787433208
ZECUSDT,2023-01-21T10:00:00+00:00,SHORT,0.01129071,-0.01355619,0.00076849,0.024846899999999998,0.01311754,-0.0016556295172611565,-0.009482651967729492,0.0006215684443358969
AVAXUSDT,2023-01-22T15:00:00+00:00,SHORT,0.01155269,-0.00909739,0.00127063,0.02065008,0.00960934,0.011426160143433024,0.01517075023924002,0.01019964496486602
DOGEUSDT,2023-01-22T15:00:00+00:00,SHORT,0.00922316,-0.01010785,0.0009854,0.01933101,0.00918697,-0.0583952089683996,-0.03191820726199315,-0.035489241075862044
LTCUSDT,2023-01-22T15:00:00+00:00,SHORT,0.00656908,-0.00707493,0.00036576,0.01364401,0.00612602,-0.003037293521186687,0.0019171136404521978,0.009736293373261892
UNIUSDT,2023-01-22T15:00:00+00:00,SHORT,0.00901851,-0.00970162,0.00057641,0.01872013,0.00465609,0.015415663542059753,0.016279097183268393,0.03151113172628967
AVAXUSDT,2023-01-22T20:00:00+00:00,SHORT,0.01135646,-0.01384282,0.00030855,0.02519928,0.02065008,-0.0014460482029304109,-0.01641922183934922,-0.020680712989772945
SOLUSDT,2023-01-22T20:00:00+00:00,SHORT,0.02175113,-0.01026063,0.00045726,0.03201176,0.01223147,-0.013512876342131008,-0.01816874268711246,-0.01890838769124665
UNIUSDT,2023-01-23T13:00:00+00:00,SHORT,0.01269429,-0.01345294,0.00054502,0.02614723,0.01872013,0.010388932856945868,-0.008380553349932054,-0.0005904059212094592
AVAXUSDT,2023-01-24T21:00:00+00:00,LONG,0.00413181,-0.00311413,-6.688e-05,0.007245939999999999,0.00622954,-0.030658369893549777,-0.05197031320440957,-0.018755195531178964
UNIUSDT,2023-01-24T21:00:00+00:00,SHORT,0.00441828,-0.00375785,0.00020028,0.00817613,0.00434888,0.03066149459402025,0.049487832376011724,0.03636764417087483
DOGEUSDT,2023-01-24T22:00:00+00:00,LONG,0.00550397,-0.00705756,-0.0003797,0.012561530000000001,0.00785865,-0.00511206011338974,-0.009172736898185268,-0.004754555491813954
SOLUSDT,2023-01-24T22:00:00+00:00,LONG,0.00900255,-0.01573856,-0.00035658,0.024741109999999997,0.01178913,-0.009441454870918674,-0.012212087951426873,0.009654799534390543
LTCUSDT,2023-01-25T21:00:00+00:00,LONG,0.004177,-0.00195799,-0.00046529,0.00613499,0.00611894,-0.029474412992246218,-0.021267970444230122,-0.03230039124780681
DOGEUSDT,2023-01-26T13:00:00+00:00,SHORT,0.0049697,-0.00352681,0.00022528,0.008496509999999999,0.00842722,0.0020838164521226788,0.010345921983668054,0.0251784481792867
SOLUSDT,2023-01-26T13:00:00+00:00,SHORT,0.00920336,-0.00553602,0.000336,0.01473938,0.01342629,0.014657157799973468,0.023604940731660425,0.05529274165699888
AVAXUSDT,2023-01-27T01:00:00+00:00,SHORT,0.00613894,-0.00442761,0.00017528,0.010566550000000001,0.006819169999999999,-0.011791059288455518,-0.02460817540224584,-0.015932778982976025
DOGEUSDT,2023-01-27T01:00:00+00:00,LONG,0.00541135,-0.0035736,-0.00014519,0.00898495,0.008496509999999999,0.004969248275788445,0.015067971958934097,0.01249426908763089
SOLUSDT,2023-01-27T01:00:00+00:00,LONG,0.00952828,-0.00791099,-5.776e-05,0.01743927,0.01473938,0.008856333190130156,0.016052113726829145,0.0002541296074666929
ZECUSDT,2023-01-27T01:00:00+00:00,SHORT,0.00250881,-0.0038297,0.00025093,0.00633851,0.00536614,-0.0050289818462320385,-0.010466733146361012,-0.0028455748652884178
ZECUSDT,2023-01-28T07:00:00+00:00,SHORT,0.00328885,-0.00078436,0.00063222,0.00407321,0.0036037200000000004,0.00109134573748011,0.0034965070587294257,0.005030081682875151
LTCUSDT,2023-01-29T00:00:00+00:00,SHORT,0.00231036,-0.00033551,0.00043361,0.00264587,0.00168687,-0.013037720163727288,-0.004856428463760475,-0.0015862108755968155
SOLUSDT,2023-01-29T01:00:00+00:00,SHORT,0.00464922,-0.00126704,0.00017024,0.00591626,0.00439895,0.012031650318826926,0.006762912374088143,-0.007615185214343581
UNIUSDT,2023-01-29T01:00:00+00:00,SHORT,0.00264133,-0.00103633,4.927e-05,0.00367766,0.00183255,0.004285826408049105,-0.005881504970877254,-0.01681694965968691
AVAXUSDT,2023-01-29T02:00:00+00:00,SHORT,0.00300361,-0.00117278,0.00039026,0.00417639,0.00404292,0.00633301903097089,-0.008818785989631267,-0.006293164170149298
AVAXUSDT,2023-01-29T11:00:00+00:00,SHORT,0.00284806,-0.00241682,8.455e-05,0.0052648799999999996,0.00417639,-0.0030431130838214932,0.004557804631804741,-0.01531438201544274
DOGEUSDT,2023-01-29T11:00:00+00:00,SHORT,0.00356776,-0.00230486,0.00029452,0.00587262,0.00526902,0.0006677053441926659,0.00011125326817940959,-0.0031100769265075224
LTCUSDT,2023-01-29T11:00:00+00:00,SHORT,0.00471275,-0.00133247,0.00091337,0.0060452200000000005,0.00406226,0.007474112376296693,-0.0,0.004309218923256105
UNIUSDT,2023-01-29T11:00:00+00:00,SHORT,0.00390821,0.0,0.00015674,0.00390821,0.00367766,-0.0013057673237245279,-0.0034782643763247925,-0.0059347355198145265
SOLUSDT,2023-01-29T20:00:00+00:00,SHORT,0.00461948,-0.00209999,0.00148241,0.00671947,0.00591626,-0.012573989250588766,-0.0068019674534664535,0.03539674550241018
AVAXUSDT,2023-01-30T09:00:00+00:00,SHORT,0.01612984,-0.01178404,0.00025051,0.027913880000000002,0.0052648799999999996,-0.012067564415383947,0.0009034331070210616,-0.004105342703908404
DOGEUSDT,2023-01-30T09:00:00+00:00,SHORT,0.00916531,-0.00476136,0.00034343,0.013926669999999999,0.00587262,-0.006872078759733829,-0.00617537645565834,-0.013927801744468804
DOGEUSDT,2023-01-30T19:00:00+00:00,SHORT,0.01470461,-0.01354967,0.00014247,0.02825428,0.013926669999999999,-0.0014922805960483514,-0.014370685266512792,-0.08897192752796039
LTCUSDT,2023-01-30T19:00:00+00:00,SHORT,0.01652158,-0.01357369,3.18e-06,0.03009527,0.01070514,0.0013343713755749884,-0.014561757582391737,-0.05101544714617548
AVAXUSDT,2023-01-31T21:00:00+00:00,SHORT,0.00256235,-0.00253591,0.00046757,0.00509826,0.00347777,-0.005588997706056284,0.00841704594079403,0.039549977150228316
LTCUSDT,2023-01-31T21:00:00+00:00,SHORT,0.00109112,-0.00208728,9.282e-05,0.0031783999999999996,0.00281007,-0.004385737360914596,-0.035904261893273955,-0.028638296773263232
SOLUSDT,2023-01-31T21:00:00+00:00,LONG,0.00143888,-0.00508849,-0.00039925,0.00652737,0.004693589999999999,0.008399723429272912,0.0018028977022455813,-0.015947547217136034
ZECUSDT,2023-01-31T21:00:00+00:00,SHORT,0.00231483,-0.00278921,0.00039721,0.00510404,0.00420736,-0.007316294690684197,-0.0026666682469152977,0.010288616814856225
AVAXUSDT,2023-02-01T18:00:00+00:00,LONG,0.00257085,-0.00520624,-0.00130341,0.00777709,0.00509826,0.04196778793989019,0.08629065623771151,0.13758395062526196
DOGEUSDT,2023-02-01T19:00:00+00:00,LONG,0.00762278,-0.00667232,-7.631e-05,0.0142951,0.006579,0.009086054937151276,0.02245595300839625,0.012418495537885097
LTCUSDT,2023-02-01T19:00:00+00:00,SHORT,0.00521645,-0.0070294,0.00128018,0.012245849999999999,0.0031783999999999996,0.005919592709484309,-0.021841741915048854,-0.017851313635082983
SOLUSDT,2023-02-01T19:00:00+00:00,LONG,0.01053253,-0.01167981,-0.00087554,0.02221234,0.00652737,0.01459281511320508,0.03221956976441145,0.026445464945324355
AVAXUSDT,2023-02-02T21:00:00+00:00,LONG,0.00545047,-0.00419554,-0.00419554,0.00964601,0.0087269,0.01500039882188564,0.0038774400764142146,0.0016095439945144792
SOLUSDT,2023-02-02T22:00:00+00:00,LONG,0.00769112,-0.00927401,-9.789e-05,0.01696513,0.00809671,-0.010269929261153433,-0.016582222019530548,-0.006985179849102083
UNIUSDT,2023-02-02T22:00:00+00:00,SHORT,0.00636678,-0.00584032,0.00013602,0.0122071,0.00795862,0.012280366441271784,0.020315935160366935,0.01989139683940778
ZECUSDT,2023-02-02T22:00:00+00:00,SHORT,0.00496341,-0.00447154,6.67e-05,0.009434950000000001,0.00639057,0.002392605817839093,0.006101566107619816,-0.009728754714505523
LTCUSDT,2023-02-03T13:00:00+00:00,SHORT,0.00598795,-0.00312053,0.00066664,0.009108479999999999,0.00628785,-0.006893083552883036,-0.01764425468122597,-0.015242812662630277
ZECUSDT,2023-02-04T14:00:00+00:00,SHORT,0.00261663,-0.00093168,0.00044462,0.00354831,0.0033368399999999998,0.0021258511407389125,-0.004026708842379408,0.022550080401781455
DOGEUSDT,2023-02-04T23:00:00+00:00,SHORT,0.00285575,-0.00335228,8.015e-05,0.00620803,0.00304678,0.010077767424920748,0.008180433662950366,0.006181590222204514
LTCUSDT,2023-02-04T23:00:00+00:00,SHORT,0.00088242,-0.00091086,5.22e-06,0.00179328,0.00136978,0.005088551586499249,-0.0018255583163279956,0.005292633219860751
SOLUSDT,2023-02-04T23:00:00+00:00,LONG,0.0017748,-0.00331533,-0.00038378,0.00509013,0.00184829,-0.005732329035752784,-0.0014814817524430284,-0.00540151813251663
UNIUSDT,2023-02-04T23:00:00+00:00,SHORT,0.00149999,-0.00214849,0.00108136,0.00364848,0.00176841,0.006120480922840419,0.0024993070494034116,0.003751306934724039
ZECUSDT,2023-02-04T23:00:00+00:00,SHORT,0.00289216,-0.00108427,0.00048929,0.0039764299999999995,0.00354831,0.00883721668908625,0.009053737205250875,0.01535331272485804
AVAXUSDT,2023-02-05T12:00:00+00:00,LONG,0.01385992,-0.01129914,-0.00170902,0.025159059999999997,0.00354708,0.006709447961953224,-0.002378829548781804,-0.0002475308807412711
DOGEUSDT,2023-02-05T12:00:00+00:00,LONG,0.01430372,-0.01272574,-0.00263529,0.027029459999999998,0.00620803,0.002705482955385929,-0.009800797170427474,0.004972445657761973
LTCUSDT,2023-02-05T12:00:00+00:00,LONG,0.00426951,-0.00358202,-0.00079756,0.007851529999999999,0.00179328,0.003708286078919186,-0.0018593125901834246,0.0009283615087306918
SOLUSDT,2023-02-05T12:00:00+00:00,LONG,0.00909021,-0.00781369,-0.00438037,0.0169039,0.00509013,0.002160880445944668,-0.009932092132490866,0.0032184325231898576
ZECUSDT,2023-02-05T12:00:00+00:00,LONG,0.01514325,-0.01010084,-0.00111691,0.02524409,0.0039764299999999995,0.005595985504121246,-0.010379154546971874,0.001345895223355163
SOLUSDT,2023-02-06T15:00:00+00:00,SHORT,0.00342074,-0.00235,0.00024762,0.00577074,0.00536297,0.008727701503187546,0.004739446543698589,0.017879107855175082
AVAXUSDT,2023-02-06T23:00:00+00:00,SHORT,0.00349226,-0.00302337,0.00047567,0.00651563,0.00564202,-0.007886676846953133,-0.020727702299226998,-0.029842446014638712
DOGEUSDT,2023-02-06T23:00:00+00:00,LONG,0.00405331,-0.00437694,-0.0006158,0.00843025,0.00386738,0.002119708497146987,0.014634407518437777,0.020778820090778836
UNIUSDT,2023-02-06T23:00:00+00:00,SHORT,0.00238878,-0.00127194,0.00027158,0.00366072,0.00353736,-0.004202948246441561,-0.013001752309180423,-0.027155018196565354
LTCUSDT,2023-02-07T17:00:00+00:00,LONG,0.00306643,-0.00200221,-0.00015065,0.00506864,0.00266068,-0.01202901433123181,-0.000797448208128891,0.009026495845972125
SOLUSDT,2023-02-07T18:00:00+00:00,LONG,0.00311976,-0.00381688,-0.00037597,0.00693664,0.0043291200000000005,0.013330068411454602,0.029831178318458187,0.028646394191376153
UNIUSDT,2023-02-07T18:00:00+00:00,SHORT,0.0017705,-0.00221988,0.00018863,0.00399038,0.00366072,-0.01774630425177883,-0.029739801097148855,-0.03074475416428362
ZECUSDT,2023-02-08T15:00:00+00:00,SHORT,0.00262476,-0.00409086,0.00082672,0.00671562,0.0037117,0.005917825489629669,0.012313260233356901,0.05064940897690404
AVAXUSDT,2023-02-08T16:00:00+00:00,SHORT,0.00408905,-0.00111585,0.00062196,0.0052049,0.00465271,-0.002728785399951873,0.016733019043530677,0.036581115697160334
DOGEUSDT,2023-02-08T16:00:00+00:00,LONG,0.00411357,-0.00249795,-0.00032135,0.006611520000000001,0.00391936,0.0016623265311865732,-0.012275569837964554,-0.03395509776549096
AVAXUSDT,2023-02-09T03:00:00+00:00,LONG,0.00562204,-0.00515627,-0.00031269,0.01077831,0.0052049,0.006306886083401537,0.02109014208814226,0.016917745051518777
DOGEUSDT,2023-02-09T03:00:00+00:00,LONG,0.00848798,-0.00767385,-0.00054912,0.01616183,0.006611520000000001,0.006792956867858635,0.01456531283085478,0.015475748764915876
LTCUSDT,2023-02-09T03:00:00+00:00,LONG,0.00438897,-0.00338786,-0.00028452,0.00777683,0.00356932,0.0062363781791850235,0.009236742542671485,0.005303397237616521
SOLUSDT,2023-02-09T03:00:00+00:00,LONG,0.00800011,-0.00884182,-0.00087501,0.016841929999999998,0.00358331,0.009005455180401101,0.018809888265458295,0.014052170039781391
ZECUSDT,2023-02-09T03:00:00+00:00,SHORT,0.00381008,-0.00659026,0.00040444,0.01040034,0.00671562,-0.0025261237454415816,-0.015741171382424073,-0.02205888192650345
AVAXUSDT,2023-02-09T19:00:00+00:00,SHORT,0.00676805,-0.00568867,0.00018488,0.012456720000000001,0.01077831,0.00328743795299698,0.03811081602746179,0.023077109867510902
DOGEUSDT,2023-02-09T19:00:00+00:00,LONG,0.00697911,-0.00948857,-0.00033378,0.01646768,0.01616183,-0.006380567002901395,-0.022942075591902804,-0.012073067083780715
ZECUSDT,2023-02-11T14:00:00+00:00,LONG,0.00632267,-0.002809,-2.36e-05,0.00913167,0.00498919,-0.005031182000692265,-0.017832063042446406,-0.020055768650790146
AVAXUSDT,2023-02-12T04:00:00+00:00,LONG,0.00037895,-0.00185095,-0.00119564,0.0022299,0.00220717,-0.000614714037630727,0.0030679148313368324,0.023792902890518348
DOGEUSDT,2023-02-12T09:00:00+00:00,LONG,0.00146159,-0.00166845,-0.00033112,0.0031300399999999997,0.00237773,-0.0033281856467262754,-0.006786952288832375,-0.021227636443626668
SOLUSDT,2023-02-12T15:00:00+00:00,LONG,0.00055001,-0.00161427,-0.00074313,0.0021642799999999998,0.0021205499999999997,0.0070744035153348815,0.028410871000429147,-0.023965413261945942
SOLUSDT,2023-02-12T18:00:00+00:00,LONG,0.00344394,-0.00340504,-0.00128942,0.006848979999999999,0.00233884,-0.004439217291972683,-0.02591482811812306,-0.05071065119245217
AVAXUSDT,2023-02-12T21:00:00+00:00,LONG,0.00064596,-0.00224827,-0.00114448,0.0028942300000000002,0.0026056900000000003,0.002135312117251049,-0.022642906157951538,-0.039236463966417424
DOGEUSDT,2023-02-12T21:00:00+00:00,LONG,0.0009864,-0.00378384,-9.669e-05,0.00477024,0.0031300399999999997,-0.0026705526918013355,-0.01687081579038686,-0.02392311844933217
LTCUSDT,2023-02-12T21:00:00+00:00,LONG,0.00104127,-0.00236874,-0.00028669,0.0034100099999999998,0.00172641,0.0008683382722971078,0.01123000680029075,-0.020847803555658895
UNIUSDT,2023-02-12T21:00:00+00:00,LONG,0.0,-0.00173464,-0.0001512,0.00173464,0.00138359,0.0001574927162872713,-0.010768116716069224,-0.030382893483406677
AVAXUSDT,2023-02-13T02:00:00+00:00,LONG,0.00049139,-0.00329176,-0.00015661,0.00378315,0.00330823,0.004408193770701768,0.010955887047049048,0.0058352568321925246
UNIUSDT,2023-02-13T02:00:00+00:00,LONG,0.0,-0.00248951,-0.00035326,0.00248951,0.00173464,0.0007914523563115516,0.004266420313700989,-0.011787329850548662
DOGEUSDT,2023-02-13T09:00:00+00:00,LONG,0.00408741,-0.00417938,-0.00066316,0.00826679,0.00477024,0.002480160001486704,0.009515054796438027,0.009392061130456831
LTCUSDT,2023-02-13T09:00:00+00:00,LONG,0.0024347,-0.00385545,-8.042e-05,0.0062901499999999996,0.00547746,0.0039836281518056925,0.007841445005816438,-0.010365096976492863
SOLUSDT,2023-02-13T09:00:00+00:00,LONG,0.00325461,-0.00413403,-4.905e-05,0.00738864,0.006848979999999999,0.010386649645807466,0.005696621995662854,0.00014773594688678344
AVAXUSDT,2023-02-14T13:00:00+00:00,LONG,0.00886226,-0.00957043,-0.0001809,0.01843269,0.00323079,0.020890681599934055,0.017225843248514935,0.014886660895342742
LTCUSDT,2023-02-14T13:00:00+00:00,LONG,0.00518961,-0.00837991,-0.00042225,0.013569520000000002,0.00285432,0.024208551546906886,0.028959655875544357,0.03274435341252888
SOLUSDT,2023-02-14T13:00:00+00:00,LONG,0.01505966,-0.01085699,-0.00035734,0.02591665,0.00329575,0.02525235163663731,0.015356723882413275,0.007452640577452885
UNIUSDT,2023-02-14T13:00:00+00:00,LONG,0.00497043,-0.0073887,-0.00032918,0.01235913,0.00265091,0.017852024363337042,0.018782834235072085,0.03432280385399219
SOLUSDT,2023-02-15T20:00:00+00:00,SHORT,0.00545162,-0.0034282,0.00010867,0.00887982,0.0058395800000000005,0.001613108979923084,-0.003302988393531508,-0.004992606097173713
ZECUSDT,2023-02-15T20:00:00+00:00,LONG,0.00274833,-0.00209642,-2.875e-05,0.00484475,0.00478434,0.0017490166242615523,0.007846596492380137,0.01390722110407123
DOGEUSDT,2023-02-16T13:00:00+00:00,SHORT,0.00401604,-0.00295023,0.00101983,0.00696627,0.0054473,-0.0031948908965192886,-0.02772633372754623,0.0160132446554948
AVAXUSDT,2023-02-16T16:00:00+00:00,SHORT,0.00689197,-0.00209058,0.00014422,0.008982549999999999,0.00746343,-0.001050867061954259,0.015591808659355638,0.05141715346769929
DOGEUSDT,2023-02-16T16:00:00+00:00,SHORT,0.00541525,-0.00396915,0.0003515,0.009384400000000001,0.00696627,0.006205693674221738,0.030053843004116173,0.04948085779139796
LTCUSDT,2023-02-16T16:00:00+00:00,SHORT,0.00920826,-0.00345077,7.067e-05,0.01265903,0.00592922,-0.0018504996758592453,0.0040048893577900235,0.026873776888659152
SOLUSDT,2023-02-16T16:00:00+00:00,LONG,0.00968064,-0.00504975,-0.00020556,0.014730390000000001,0.00887982,0.0024888751748028005,-0.017339874223668384,-0.04381649157569072
UNIUSDT,2023-02-16T16:00:00+00:00,LONG,0.00525458,-0.00478353,-5.993e-05,0.01003811,0.00477791,-0.0007266914061526254,-0.011984943222725497,-0.03564148046167222
AVAXUSDT,2023-02-17T14:00:00+00:00,SHORT,0.00613723,-0.00359895,0.00011773,0.00973618,0.008982549999999999,-0.006803815433885207,-0.016716962657761396,-0.030055281783685817
DOGEUSDT,2023-02-18T16:00:00+00:00,SHORT,0.00315796,-0.0013085,0.00027069,0.00446646,0.00331462,0.004153342671411747,0.016034670558164498,0.004153342671411747
ZECUSDT,2023-02-18T20:00:00+00:00,SHORT,0.00257369,-0.00138351,0.00090702,0.0039572,0.0038419200000000004,-0.003068831869212723,-0.02386230358738551,-0.01330299849387676
AVAXUSDT,2023-02-19T05:00:00+00:00,SHORT,0.00153383,-0.0004348,0.00066949,0.00196863,0.00183896,0.0033497468260878047,0.004621526216632584,0.006047841979806955
SOLUSDT,2023-02-19T11:00:00+00:00,SHORT,0.00170502,-0.00046497,6.026e-05,0.00216999,0.00212724,-0.030751197262077493,-0.06549813820803162,-0.047672212076673846
UNIUSDT,2023-02-19T13:00:00+00:00,SHORT,0.00195168,-2.448e-05,0.00024126,0.00197616,0.0018551800000000001,-0.029200146180828588,-0.003988726834332696,0.010668615218489465
AVAXUSDT,2023-02-19T14:00:00+00:00,SHORT,0.00193158,-0.00034829,0.00083044,0.00227987,0.00196863,0.0004463068185461629,0.024339427570419736,0.028411716221825516
DOGEUSDT,2023-02-19T15:00:00+00:00,SHORT,0.00435548,-0.00298174,0.00109973,0.00733722,0.00446646,0.013984664586909798,0.027937315456571146,0.01830973392863083
LTCUSDT,2023-02-19T15:00:00+00:00,SHORT,0.00203162,-0.00259466,0.00033669,0.00462628,0.0017557599999999999,0.009901566118620305,0.024889188438800065,0.02734092120230877
SOLUSDT,2023-02-19T15:00:00+00:00,SHORT,0.00404204,-0.00273389,0.00080481,0.00677593,0.0026425999999999997,0.027570266855230816,0.025703004287113557,-0.034114967636052984
UNIUSDT,2023-02-19T15:00:00+00:00,SHORT,0.00293845,-0.00417939,0.00041343,0.00711784,0.00197616,0.016079671117123277,0.0377914545569176,0.035447434179974785
ZECUSDT,2023-02-20T01:00:00+00:00,LONG,0.00681703,-0.00929349,-0.00010957,0.01611052,0.014936620000000001,0.008440605952882428,0.04625685773863723,0.03354313861458131
DOGEUSDT,2023-02-21T08:00:00+00:00,SHORT,0.00227688,-0.00250017,5.627e-05,0.00477705,0.00355995,-0.004265381992801614,-0.0013853615699867617,0.005793087687717859
SOLUSDT,2023-02-21T08:00:00+00:00,SHORT,0.00537716,-0.00307678,0.00046347,0.00845394,0.00482649,-0.003120990187673088,0.0019803555268087364,0.0020200026672638144
ZECUSDT,2023-02-21T08:00:00+00:00,SHORT,0.00511537,-0.0020764,0.00062871,0.00719177,0.00400909,-0.008419805363565269,-0.008624283434004884,-0.003910677002065449
AVAXUSDT,2023-02-21T13:00:00+00:00,SHORT,0.00207736,-0.00428553,0.00010582,0.0063628899999999995,0.00628137,-0.013173724591313654,-0.049362122334775396,-0.04403334390542512
DOGEUSDT,2023-02-21T13:00:00+00:00,LONG,0.00158132,-0.00345369,-0.0003208,0.00503501,0.00477705,0.004646308742083008,0.007077006159700351,-0.012064568003954466
SOLUSDT,2023-02-21T13:00:00+00:00,SHORT,0.00692613,-0.00350504,0.00072465,0.01043117,0.00845394,-0.010685907105560107,-0.019569940819716695,0.011287711559721025
AVAXUSDT,2023-02-21T21:00:00+00:00,SHORT,0.00569399,-0.00492399,0.00092051,0.010617979999999999,0.0063628899999999995,-0.0017251298125461891,-0.005357326503175123,0.01133498208594732
DOGEUSDT,2023-02-21T21:00:00+00:00,LONG,0.00353133,-0.00537006,-0.00027777,0.00890139,0.00503501,0.008814771772419272,0.0017691813307193548,0.03263368023021157
LTCUSDT,2023-02-21T21:00:00+00:00,LONG,0.00625433,-0.00418465,-0.00010863,0.01043898,0.00640468,0.0069025295627705855,0.015570784384879195,0.030063025118734106
DOGEUSDT,2023-02-22T02:00:00+00:00,LONG,0.00420752,-0.005522,-8.053e-05,0.00972952,0.00890139,0.003892661948715485,-0.007116623559653735,0.005774572642918773
DOGEUSDT,2023-02-22T09:00:00+00:00,LONG,0.00813733,-0.00176763,-0.00032393,0.00990496,0.00972952,-0.006879183285442175,-0.019265751330186612,-0.03369669338174966
SOLUSDT,2023-02-23T11:00:00+00:00,LONG,0.00536165,-0.00556677,-0.00032614,0.010928420000000001,0.00770014,0.011473201810761955,0.005040968456774515,0.006882975089711201
DOGEUSDT,2023-02-24T13:00:00+00:00,LONG,0.00219541,-0.00190044,-0.00022656,0.00409585,0.00387146,-0.0003594321011559971,-0.035977296401546455,-0.0246177471609459
SOLUSDT,2023-02-24T13:00:00+00:00,LONG,0.00232859,-0.0024085,-0.00053953,0.00473709,0.0042948,0.004495151965129896,-0.029240083911480075,-0.013177224981948467
UNIUSDT,2023-02-24T13:00:00+00:00,LONG,0.00262272,-0.00160454,-0.00030273,0.00422726,0.00281219,0.0013180056092632565,-0.03595524170363827,-0.03458901758220745
DOGEUSDT,2023-02-24T15:00:00+00:00,LONG,0.00493388,-0.00616698,-0.0006667,0.01110086,0.00409585,-0.010328383957614554,-0.010451985712916787,-0.006504287519211046
LTCUSDT,2023-02-24T15:00:00+00:00,LONG,0.00207098,-0.00225847,-0.0002858,0.00432945,0.0027961,-0.008091897625537027,-0.002835643736709997,-0.003491166539600252
SOLUSDT,2023-02-24T15:00:00+00:00,LONG,0.00414736,-0.00644706,-0.00056823,0.01059442,0.00473709,-0.01091237367203443,-4.341314116475078e-05,-0.004001919299855447
ZECUSDT,2023-02-24T15:00:00+00:00,SHORT,0.00262571,-0.00119469,9e-06,0.0038204,0.00339659,0.021699481561948324,0.015954878932483953,0.02680890065264966
UNIUSDT,2023-02-24T16:00:00+00:00,LONG,0.00355801,-0.00293274,-0.00049577,0.00649075,0.00422726,-0.0036391245620090297,-0.0006056018353143797,-0.008511983298009392
DOGEUSDT,2023-02-25T19:00:00+00:00,LONG,0.00046963,-0.00316566,-2.601e-05,0.00363529,0.00339743,-0.009906658235580382,0.007087378128282408,0.011907855913368804
SOLUSDT,2023-02-25T19:00:00+00:00,LONG,0.00360819,-0.0036396,-0.00083146,0.0072477900000000005,0.00355232,-0.010143983433737203,0.02087928343006164,0.04001608005158945
UNIUSDT,2023-02-25T20:00:00+00:00,SHORT,0.00144722,-0.00505174,5.705e-05,0.00649896,0.00271355,0.0015792801766326102,-0.017829687208724746,-0.030613842837498517
DOGEUSDT,2023-02-27T08:00:00+00:00,LONG,0.00012834,-0.00224509,-0.00052049,0.00237343,0.00206938,0.0014825799602228961,-0.001113379220598602,-0.0032198170231961852
ZECUSDT,2023-02-27T12:00:00+00:00,SHORT,0.00157642,-0.00237124,0.00124121,0.00394766,0.00332746,-0.016878987423854533,-0.00791232792981378,-0.00022693747969861853
LTCUSDT,2023-02-27T13:00:00+00:00,LONG,0.00024508,-0.00111268,-0.00029548,0.00135776,0.0012576900000000001,-0.0015674803355705895,-0.022491840910817837,-0.015256227304412524
AVAXUSDT,2023-02-27T15:00:00+00:00,LONG,0.0009046,-0.00161451,-0.00048871,0.0025191099999999998,0.0025138499999999998,-0.009821483025549953,-0.023925775917651385,-0.028184917079298315
LTCUSDT,2023-02-27T15:00:00+00:00,LONG,0.00138876,-0.0022063,-0.00022694,0.0035950599999999997,0.00135776,-0.005937252385963742,-0.015661109524266175,-0.0036005545622476657
SOLUSDT,2023-02-27T15:00:00+00:00,LONG,0.0001812,-0.00322446,-0.00037436,0.00340566,0.0029002100000000003,-0.007752652070385517,-0.02321858128211795,-0.019230098263729057
DOGEUSDT,2023-02-27T16:00:00+00:00,LONG,0.00042587,-0.00314575,-0.00017004,0.00357162,0.00237343,-0.0038354516551319696,-0.004455452914995285,0.013126606932084959
DOGEUSDT,2023-02-28T18:00:00+00:00,LONG,0.00148582,-0.00163906,-0.00020762,0.00312488,0.00252453,-0.012717217123443389,-0.018022923937271104,0.0
LTCUSDT,2023-02-28T19:00:00+00:00,LONG,0.00037657,-0.00158007,-7.86e-05,0.00195664,0.0014701599999999999,-0.003920119445103345,-0.00860197519871813,0.028972430790787887
UNIUSDT,2023-02-28T20:00:00+00:00,LONG,0.00041412,-0.00147571,-0.00073462,0.0018898300000000001,0.00160076,-0.01869213301215252,-0.0069108775398470275,0.03857889295277609
SOLUSDT,2023-02-28T21:00:00+00:00,LONG,0.00059662,-0.00188506,-0.00078129,0.00248168,0.00221002,0.01140532640530971,0.004013505341920526,0.03577500512212658
ZECUSDT,2023-02-28T21:00:00+00:00,SHORT,0.00109226,-0.00273985,0.00013046,0.0038321099999999997,0.00382066,-0.010178204915756273,-0.007181775337145068,-0.033157261740405675
SOLUSDT,2023-03-01T00:00:00+00:00,LONG,0.00092913,-0.00160148,-6.346e-05,0.00253061,0.00248168,0.010018152907241685,0.03913052755656733,0.0402793435189002
LTCUSDT,2023-03-01T01:00:00+00:00,LONG,0.0004322,-0.00168904,-7.492e-05,0.00212124,0.00195664,0.006004126111040813,0.0237000182929931,0.027201927320307937
UNIUSDT,2023-03-01T04:00:00+00:00,LONG,0.0025707,-0.0009231,-0.00016695,0.0034938,0.0018898300000000001,-0.005028852485305218,0.0019161329467947714,0.004563193315970124
AVAXUSDT,2023-03-01T08:00:00+00:00,LONG,0.00198916,-0.00087566,-0.0002505,0.0028648199999999997,0.00190975,-0.0015232295405215258,0.0004508820456251547,-0.014765445153853135
LTCUSDT,2023-03-01T08:00:00+00:00,LONG,0.00145595,-0.00135915,-0.00060444,0.0028151,0.00212124,0.00010223380880958147,-0.003277012661221417,-0.005639016326761813
SOLUSDT,2023-03-01T08:00:00+00:00,LONG,0.00204814,-0.0016257,-0.00073415,0.0036738400000000003,0.00253061,-0.003213667444105541,-0.004713976612653162,-0.02231104500858107
DOGEUSDT,2023-03-02T14:00:00+00:00,LONG,0.00049186,-0.00198658,-0.00079236,0.00247844,0.00235554,0.0034934533345601267,0.007222945474387265,-0.0654638334964912
AVAXUSDT,2023-03-02T23:00:00+00:00,LONG,0.00050963,-0.00141731,-7.716e-05,0.0019269399999999998,0.00185637,-0.004821499410396722,-0.07710763914632286,-0.05750877565948483
LTCUSDT,2023-03-02T23:00:00+00:00,LONG,0.0003087,-0.00242837,-0.00032858,0.00273707,0.00180715,-0.005153295308281979,-0.07174650565824031,-0.06949501309393803
AVAXUSDT,2023-03-03T01:00:00+00:00,LONG,0.02038391,-0.01783755,-0.00029399,0.03822146,0.0019269399999999998,0.01218422396156551,0.02077964527624238,0.03938511685176761
DOGEUSDT,2023-03-03T01:00:00+00:00,LONG,0.0182904,-0.01840391,-0.00044012,0.036694309999999994,0.00247844,0.017635241984915968,0.0230913736918789,0.03325849104732322
LTCUSDT,2023-03-03T01:00:00+00:00,LONG,0.03190646,-0.01832067,-0.00058945,0.050227129999999995,0.00273707,0.012246439480002983,0.01337281941436593,0.016968732941905918
ZECUSDT,2023-03-03T01:00:00+00:00,LONG,0.04769049,-0.02386038,-0.00069284,0.07155087,0.0044005699999999995,0.004145083655168622,0.023349360959610835,0.0324380375089124
DOGEUSDT,2023-03-04T20:00:00+00:00,LONG,5.675e-05,-0.00550949,-0.00013551,0.00556624,0.00202717,-0.013319033532897404,0.010208282067069188,0.013410419559713196
LTCUSDT,2023-03-04T20:00:00+00:00,LONG,0.00017381,-0.00313987,-9.679e-05,0.00331368,0.0018479199999999999,-0.006569284016845611,0.01423551473451594,0.019674231731406106
SOLUSDT,2023-03-04T20:00:00+00:00,LONG,0.00049547,-0.00300743,-0.00015839,0.0035029,0.00262365,-0.009008850585841657,0.036180640897772634,0.027446140662193412
SOLUSDT,2023-03-05T01:00:00+00:00,LONG,0.00160571,-0.0029304,-0.00014357,0.00453611,0.0035029,-0.01112243673838101,-0.005428437683399879,-0.008436100085087066
UNIUSDT,2023-03-05T01:00:00+00:00,LONG,0.00083077,-0.00209215,-0.00068544,0.00292292,0.00207834,-0.004014457418661959,0.004158010148663677,0.008934328733765774
DOGEUSDT,2023-03-05T02:00:00+00:00,LONG,0.00151677,-0.00468595,-0.00017342,0.00620272,0.00556624,0.003190643493805905,0.0029251450188626715,0.0033233663024154142
LTCUSDT,2023-03-05T02:00:00+00:00,LONG,0.00171841,-0.00507483,-0.00051479,0.00679324,0.00331368,0.0003313635640857533,0.0029783266183293303,0.000552211621520484
AVAXUSDT,2023-03-06T13:00:00+00:00,LONG,0.00157475,-0.00165013,-0.00014377,0.0032248800000000003,0.0027154400000000004,0.0026177228596896652,0.00843733191295366,0.014583780910838492
AVAXUSDT,2023-03-06T23:00:00+00:00,LONG,0.00302187,-0.00130395,-2.335e-05,0.004325819999999999,0.0032248800000000003,-0.0015765222765632752,0.0025414512045509405,-0.01970205677040795
LTCUSDT,2023-03-07T14:00:00+00:00,LONG,0.0,-0.0027766,-0.00057477,0.0027766,0.00227024,0.0065313971397113445,0.009433482872608501,0.0009356725828838651
SOLUSDT,2023-03-07T14:00:00+00:00,LONG,0.00372215,-0.00432126,-0.00073773,0.00804341,0.0027900800000000003,0.005305573459514025,-0.007465488409402201,-0.01278954626476106
AVAXUSDT,2023-03-07T15:00:00+00:00,LONG,0.00638214,-0.00580483,-0.00027028,0.01218697,0.004325819999999999,-0.010366003252484183,-0.010428399908043761,-0.004331958009003242
DOGEUSDT,2023-03-07T15:00:00+00:00,LONG,0.00703976,-0.00600935,-0.00053392,0.01304911,0.00272556,-0.005299285449805193,-0.002170669689649728,-0.002306493119400014
ZECUSDT,2023-03-07T15:00:00+00:00,SHORT,0.00516275,-0.00704052,0.00060746,0.012203269999999999,0.00427804,0.007522872662987524,0.01049384041210135,-0.002939999444954094
AVAXUSDT,2023-03-09T16:00:00+00:00,LONG,0.00181796,-0.00320822,-0.00036075,0.00502618,0.00464362,0.002412546405383926,-0.06744128079553253,-0.06186984776126834
SOLUSDT,2023-03-09T16:00:00+00:00,LONG,0.00258607,-0.00505288,-0.00017533,0.00763895,0.0054063,-0.0001654852859776655,-0.0761296163194943,-0.0629439116075257
UNIUSDT,2023-03-09T16:00:00+00:00,LONG,0.00105003,-0.00215509,-0.00056431,0.00320512,0.0023994100000000003,0.0008218953368066655,-0.07670453728223148,-0.07546241131292768
AVAXUSDT,2023-03-09T18:00:00+00:00,LONG,0.00409177,-0.00456124,-0.00056042,0.00865301,0.00502618,-0.014483817355304901,-0.05790319407648036,-0.05272074673263392
DOGEUSDT,2023-03-09T18:00:00+00:00,LONG,0.00474582,-0.00487023,-0.00066833,0.009616050000000001,0.00391701,-0.019828422985721364,-0.0683481954143389,-0.06712138955582515
LTCUSDT,2023-03-09T18:00:00+00:00,LONG,0.00310292,-0.00502721,-0.00021241,0.00813013,0.0065844,-0.004430776479424381,-0.07230531108956152,-0.10422862275313702
SOLUSDT,2023-03-09T18:00:00+00:00,LONG,0.00653091,-0.00682369,-0.00025692,0.013354600000000001,0.00763895,-0.006357443562068958,-0.04016558203606157,-0.060393309891273735
UNIUSDT,2023-03-09T18:00:00+00:00,LONG,0.00226403,-0.00351246,-0.00073486,0.0057764900000000004,0.00320512,-0.01483756777145009,-0.05098503976679491,-0.07252570351979007
ZECUSDT,2023-03-09T18:00:00+00:00,LONG,0.00299955,-0.0036095,-0.00140211,0.00660905,0.00489995,-0.012936063406880631,-0.06433364317892896,-0.08876556269667346
AVAXUSDT,2023-03-09T20:00:00+00:00,SHORT,0.00949844,-0.0111577,0.00298318,0.02065614,0.00865301,0.009968492515715159,0.001747824404121671,0.0016778527426160868
DOGEUSDT,2023-03-09T20:00:00+00:00,SHORT,0.01153458,-0.01199774,0.0086129,0.02353232,0.009616050000000001,0.005617992304223261,-0.014982132120292247,-0.016667052485211643
LTCUSDT,2023-03-09T20:00:00+00:00,SHORT,0.01260251,-0.00796306,0.00929878,0.02056557,0.00813013,0.003188100468645992,-0.0006629101999474445,0.033993022062207674
SOLUSDT,2023-03-09T20:00:00+00:00,SHORT,0.01292441,-0.01032633,0.00647662,0.02325074,0.013354600000000001,-0.005460278270448325,-0.014944606087629037,-0.0027338659604431484
UNIUSDT,2023-03-09T20:00:00+00:00,SHORT,0.00889825,-0.00775289,0.00860751,0.016651140000000002,0.0057764900000000004,-0.00425155644844177,-0.008485113662412995,0.014123771027969068
ZECUSDT,2023-03-09T20:00:00+00:00,SHORT,0.01071385,-0.00902184,0.00773404,0.01973569,0.00660905,-0.010524830276516784,-0.023305506549498804,0.036322860364691616
SOLUSDT,2023-03-10T13:00:00+00:00,LONG,0.00915572,-0.01629991,-0.00046418,0.02545563,0.02325074,-0.013065339714039784,0.005054100880250595,0.06256176077703289
DOGEUSDT,2023-03-11T07:00:00+00:00,LONG,0.00677862,-0.00744015,-0.00039621,0.01421877,0.00827538,0.011814221044323033,0.011041244272435203,0.018897712319437345
LTCUSDT,2023-03-11T07:00:00+00:00,LONG,0.0104608,-0.01241882,-0.00076156,0.02287962,0.01382225,0.014665014500999185,0.02570990289912188,0.04146753695054606
UNIUSDT,2023-03-11T07:00:00+00:00,LONG,0.00919001,-0.00653854,-0.00026134,0.01572855,0.009116659999999999,0.003931484985303372,-0.003947002586776637,0.0067302553540676685
ZECUSDT,2023-03-11T07:00:00+00:00,LONG,0.00456855,-0.0061831,-0.00100148,0.010751650000000001,0.00730549,0.006637926796127772,0.012903404835908001,0.031144952993483594
AVAXUSDT,2023-03-12T17:00:00+00:00,LONG,0.00633109,-0.00697196,-0.00073617,0.01330305,0.00273493,0.011362612584843815,0.04262441273406235,0.08226123038291556
DOGEUSDT,2023-03-12T17:00:00+00:00,LONG,0.00525857,-0.00692379,-0.00021347,0.01218236,0.00433031,0.00742063363618851,0.03282345944654994,0.047988270806659065
LTCUSDT,2023-03-12T17:00:00+00:00,LONG,0.0057559,-0.00626587,-0.00073059,0.012021770000000001,0.00512489,0.014360376301202394,0.030857596636779863,0.0959287684110908
SOLUSDT,2023-03-12T17:00:00+00:00,LONG,0.00749697,-0.00931874,-7.375e-05,0.01681571,0.0049318,0.0022603744622207776,0.029098368169660948,0.058340066945412515
UNIUSDT,2023-03-12T17:00:00+00:00,LONG,0.00345895,-0.0073989,-0.00054291,0.01085785,0.00254138,0.00995563778393116,0.02575098197293697,0.07136038414780246
ZECUSDT,2023-03-12T17:00:00+00:00,LONG,0.0048073,-0.00751374,-0.00076849,0.012321039999999998,0.004889599999999999,0.022852771008911067,0.05122996115975145,0.07413059019160798
AVAXUSDT,2023-03-12T22:00:00+00:00,LONG,0.02001933,-0.02486064,-0.00076707,0.04487997,0.01330305,0.011189971293543587,0.005672801423598893,-0.016260520871780405
SOLUSDT,2023-03-12T22:00:00+00:00,LONG,0.01561931,-0.04192241,-6.115e-05,0.057541720000000005,0.01681571,0.017837541069798558,-0.008098849693794041,-0.0241860863290077
LTCUSDT,2023-03-13T00:00:00+00:00,LONG,0.00581728,-0.00836,-6.075e-05,0.01417728,0.012021770000000001,-0.00178207786470232,-0.01602495673105771,-0.04540026585760181
AVAXUSDT,2023-03-14T12:00:00+00:00,LONG,0.00423466,-0.00739998,-0.00028891,0.01163464,0.0073995,0.017427103837366703,0.03664804518801489,0.005959353930121796
SOLUSDT,2023-03-14T12:00:00+00:00,LONG,0.01158869,-0.01799363,-0.00010927,0.029582320000000002,0.01771783,0.01225869734659414,0.015530062025983803,-0.024259376232145996
ZECUSDT,2023-03-14T12:00:00+00:00,SHORT,0.00429344,-0.00550775,0.00125909,0.00980119,0.007132949999999999,-0.016751730462923293,-0.036970777516229604,-0.00497238593561267
AVAXUSDT,2023-03-14T19:00:00+00:00,SHORT,0.01080802,-0.00592253,0.00068225,0.01673055,0.01163464,0.012833717563136022,0.010615256731507478,0.0009813826736560737
DOGEUSDT,2023-03-14T19:00:00+00:00,SHORT,0.0149227,-0.00774077,0.00124371,0.02266347,0.01280142,0.007372193432134632,0.0036122856859136607,-0.006655155669652851
LTCUSDT,2023-03-14T19:00:00+00:00,SHORT,0.00812393,-0.00533888,0.00147934,0.013462809999999999,0.01346058,0.008820081016447023,0.0035663375887900854,0.001543851621887067
UNIUSDT,2023-03-14T19:00:00+00:00,SHORT,0.0076356,-0.00615082,0.000328,0.01378642,0.00823758,0.00581168682033998,0.010232281325736494,-0.000939261183642084
UNIUSDT,2023-03-16T19:00:00+00:00,LONG,0.00044488,-0.00255386,-0.00033222,0.0029987399999999997,0.0026838699999999997,-0.016285347190989976,-0.007261705472849647,0.01982572225108798
AVAXUSDT,2023-03-17T01:00:00+00:00,LONG,0.00096486,-0.00360881,-5.027e-05,0.00457367,0.00448785,-0.0018686937043750865,0.002858565207784951,0.03701864174207146
DOGEUSDT,2023-03-17T01:00:00+00:00,SHORT,0.00112953,-0.00464561,1.61e-05,0.00577514,0.00426019,0.005182772103136528,0.002860842493390499,-0.01351189317963981
LTCUSDT,2023-03-17T01:00:00+00:00,LONG,0.00091748,-0.00353835,-0.00021731,0.00445583,0.0040916,0.0008702679731206224,0.006570407322689903,0.03182643161167715
SOLUSDT,2023-03-17T01:00:00+00:00,LONG,0.00054014,-0.0041965,-0.00034294,0.004736639999999999,0.00407635,-0.0051202360746374,0.0013509796655862454,0.01825809798205107
DOGEUSDT,2023-03-17T14:00:00+00:00,SHORT,0.00375496,-0.00419032,0.00022218,0.007945279999999999,0.00577514,-0.0057181912106093495,-0.017862450571025718,-0.05756794220551121
LTCUSDT,2023-03-17T14:00:00+00:00,LONG,0.00263427,-0.00231494,-0.00051163,0.004949210000000001,0.00445583,0.0009801520020172095,0.009879936438086183,0.061446284937556155
AVAXUSDT,2023-03-17T21:00:00+00:00,LONG,0.00210154,-0.00373971,-0.00072887,0.005841249999999999,0.00457367,0.028144556328682395,0.05647055970372197,0.039878756965401004
ZECUSDT,2023-03-17T21:00:00+00:00,SHORT,0.00194682,-0.00287625,0.00044473,0.00482307,0.0046802400000000004,-0.017884642335424607,-0.034650854442919383,-0.03973311762241117
AVAXUSDT,2023-03-18T00:00:00+00:00,SHORT,0.00331132,-0.00267303,0.00050198,0.005984349999999999,0.005841249999999999,-0.002409572206156623,0.005231343670022046,0.010887147446250472
SOLUSDT,2023-03-18T15:00:00+00:00,SHORT,0.00382856,-0.00249812,0.00024158,0.0063266799999999995,0.00538179,-0.00693528353528492,-0.004841518546447234,0.0007328356486083139
UNIUSDT,2023-03-18T15:00:00+00:00,LONG,0.00298818,-0.00456375,-0.00018216,0.00755193,0.00476492,0.007138453652544326,0.008529167003477276,0.03489259860840663
AVAXUSDT,2023-03-18T16:00:00+00:00,SHORT,0.00695715,-0.00727619,0.00016916,0.01423334,0.00780688,0.007499746702046342,0.004724055334565406,0.008310776754612552
AVAXUSDT,2023-03-19T20:00:00+00:00,SHORT,0.00631049,-0.00390631,0.00011438,0.0102168,0.00622518,-5.690709917599888e-05,0.0013667428095656508,0.0005692491757292112
DOGEUSDT,2023-03-19T20:00:00+00:00,LONG,0.00761881,-0.00402129,-0.00085568,0.0116401,0.00635462,-0.0042689499195758904,-0.007348553344304172,-0.009093403125957447
UNIUSDT,2023-03-19T20:00:00+00:00,LONG,0.00137461,-0.00338151,-0.00028265,0.00475612,0.00356199,-0.0012294453677102017,-0.0030764522033936022,-0.007244733035930714
SOLUSDT,2023-03-20T13:00:00+00:00,SHORT,0.00657028,-0.00459238,0.00032769,0.011162660000000001,0.00937906,0.006269882259240462,0.03826735978494504,0.033342225037226024
UNIUSDT,2023-03-20T13:00:00+00:00,LONG,0.00255328,-0.00298755,-0.00051867,0.00554083,0.00475612,0.0069150047666080875,-0.014775072180509725,-0.0199098716525482
ZECUSDT,2023-03-21T07:00:00+00:00,LONG,0.00324911,-0.00425787,-0.00067065,0.00750698,0.00704002,0.009840544595033508,0.0364853648839704,0.07001123201465186
UNIUSDT,2023-03-21T17:00:00+00:00,LONG,0.0035668,-0.00313429,-9.955e-05,0.00670109,0.00357032,-0.010216198874721154,0.002186817491283801,0.006546158039672863
SOLUSDT,2023-03-22T14:00:00+00:00,SHORT,0.00317552,-0.00532406,0.00010812,0.00849958,0.00507957,0.0035738748357522143,0.01589308068766536,0.05816673320747646
AVAXUSDT,2023-03-22T18:00:00+00:00,LONG,0.00915386,-0.00784023,-0.0012464,0.01699409,0.00519732,-0.054671408175228906,-0.032383166371737666,-0.013214384446714954
DOGEUSDT,2023-03-22T18:00:00+00:00,LONG,0.01014191,-0.0085511,-0.0012533,0.018693010000000003,0.0062227,-0.043860128738685215,-0.02338816283830977,-0.00987992015283827
LTCUSDT,2023-03-22T18:00:00+00:00,LONG,0.01381178,-0.01179385,-0.00023606,0.025605629999999997,0.00437323,0.007171975068313435,0.052171278981667436,0.06973270591161454
SOLUSDT,2023-03-22T18:00:00+00:00,LONG,0.01531494,-0.01029264,-0.00208706,0.02560758,0.00849958,-0.0578957565955189,-0.04199552510655749,-0.03794344811533253
UNIUSDT,2023-03-22T18:00:00+00:00,LONG,0.00933078,-0.00655274,-0.00066192,0.015883519999999998,0.004668439999999999,-0.04407883423821774,-0.02624651436314741,-0.012629701555714485
ZECUSDT,2023-03-22T18:00:00+00:00,LONG,0.01059811,-0.00862814,-0.00077842,0.01922625,0.00584247,-0.05032872373216723,-0.030357428533961686,-0.019080744051999526
DOGEUSDT,2023-03-24T11:00:00+00:00,LONG,0.00932304,-0.00806995,-0.00112001,0.017392989999999997,0.011670090000000001,0.010629094351578565,0.007546188619176375,0.007411933399802961
SOLUSDT,2023-03-24T11:00:00+00:00,LONG,0.01655953,-0.01303562,-0.00076304,0.02959515,0.0128034,0.010046128861059374,-0.009959212302414944,-0.03539687362993946
UNIUSDT,2023-03-24T11:00:00+00:00,LONG,0.00177291,-0.00890227,-0.00216492,0.01067518,0.00725432,0.01365841990136002,0.011311000983055037,-0.0018693182433774365
ZECUSDT,2023-03-24T11:00:00+00:00,LONG,0.00245341,-0.01116425,-7.888e-05,0.01361766,0.01267569,0.016533856940176207,0.0060942016866104625,-0.0047347254583736285
UNIUSDT,2023-03-25T18:00:00+00:00,LONG,0.0,-0.00276129,-0.00087996,0.00276129,0.00224721,-0.005081935058785713,-0.0028006319723527205,-0.0003496503532125384
AVAXUSDT,2023-03-25T19:00:00+00:00,LONG,0.00048851,-0.00279436,-0.0006529,0.0032828700000000002,0.00315746,0.005532097150732043,0.028722758031715534,0.036099816480463606
LTCUSDT,2023-03-25T19:00:00+00:00,LONG,0.00093779,-0.00278367,-0.00063553,0.00372146,0.00267283,0.003431674370103583,0.013765979183397031,0.03540481981192617
SOLUSDT,2023-03-25T19:00:00+00:00,LONG,0.00064762,-0.00439053,-0.00044131,0.00503815,0.00286215,0.009098164024884798,0.012930151027920295,0.030765637780298387
DOGEUSDT,2023-03-26T00:00:00+00:00,LONG,0.00040597,-0.00287961,-0.000216,0.0032855799999999998,0.0031982499999999997,0.0016229378731305688,0.007819913113531614,0.011840827256322704
DOGEUSDT,2023-03-26T19:00:00+00:00,LONG,2.081e-05,-0.00430128,-0.00023329,0.00432209,0.0032855799999999998,-0.005414931330475524,0.0032349401441800073,-0.010177169053693525
UNIUSDT,2023-03-26T22:00:00+00:00,LONG,0.00032291,-0.00218471,-0.00090301,0.00250762,0.00211772,0.0,-0.006246766799620008,0.00017296549381540482
ZECUSDT,2023-03-27T02:00:00+00:00,LONG,0.00136916,-0.00259998,-0.00019264,0.0039691399999999995,0.00390275,0.00306023329659417,-0.00670955829921097,0.0005571030784755648
UNIUSDT,2023-03-27T05:00:00+00:00,LONG,0.00023836,-0.00232894,-0.00069188,0.0025673,0.00250762,0.005413442016146291,0.007153480736019605,-0.020342082879491113
ZECUSDT,2023-03-27T12:00:00+00:00,LONG,0.00174819,-0.00258162,-0.00042535,0.00432981,0.0039691399999999995,0.008343474588842058,-0.04307678690734426,-0.03185332453749462
AVAXUSDT,2023-03-27T14:00:00+00:00,SHORT,0.00292266,-0.00255409,0.00194236,0.005476750000000001,0.0021991299999999997,-0.0012178786062628049,-0.0025558341667990645,0.0003047015471942384
DOGEUSDT,2023-03-27T14:00:00+00:00,SHORT,0.00363444,-0.00299886,0.00243675,0.0066333,0.00432209,0.003295800841060558,0.0060506235199051924,0.00784533650249787
SOLUSDT,2023-03-27T14:00:00+00:00,SHORT,0.0064806,-0.00488817,0.00580459,0.01136877,0.00173527,0.005600276991425376,0.0015608875050455748,0.009503660651319515
UNIUSDT,2023-03-27T14:00:00+00:00,SHORT,0.00428256,-0.0037836,0.00197348,0.00806616,0.0025673,0.0030214188096875988,0.005338090967616241,0.004446427957134589
ZECUSDT,2023-03-27T14:00:00+00:00,SHORT,0.00296536,-0.00295779,0.00142899,0.00592315,0.00432981,0.004746623458914823,0.007268692891624585,-0.0030593821665505887
AVAXUSDT,2023-03-28T18:00:00+00:00,SHORT,0.00327447,-0.00191871,0.00010754,0.0051931799999999995,0.0023328100000000003,0.001013624389919246,0.006217141020509878,-0.02221855256222861
DOGEUSDT,2023-03-28T18:00:00+00:00,LONG,0.00156939,-0.00349966,-0.00011816,0.00506905,0.00446705,0.005986412435747567,0.0024533200256464786,0.0335466852245799
LTCUSDT,2023-03-28T18:00:00+00:00,LONG,0.00258154,-0.00497411,-0.00010688,0.0075556500000000006,0.005568040000000001,0.005188956933277308,0.0007913628811616044,0.03947297371368073
SOLUSDT,2023-03-28T18:00:00+00:00,LONG,0.0031844,-0.00502798,-0.00019955,0.00821238,0.0019053,0.0023226566137102517,-0.010715084010395297,0.024595718059991795
UNIUSDT,2023-03-28T18:00:00+00:00,LONG,0.00206163,-0.00225707,-0.00049594,0.0043187,0.00225696,0.009248224847222816,-0.0022392568137329523,0.02682218169647417
ZECUSDT,2023-03-28T18:00:00+00:00,LONG,0.0035608,-0.00326512,-0.000327,0.006825919999999999,0.00467525,0.007412525360970444,0.0019270480842991013,0.031197430384412254
AVAXUSDT,2023-03-30T00:00:00+00:00,LONG,0.002623,-0.00359888,-0.00038307,0.00622188,0.00400465,0.0005252254213123185,0.008833671670034413,0.013279021483882518
UNIUSDT,2023-03-30T02:00:00+00:00,LONG,0.00134621,-0.00129472,-0.00079627,0.00264093,0.0024989699999999997,-0.013287555688205645,-0.01125778503191864,-0.006705808867191317
DOGEUSDT,2023-03-30T03:00:00+00:00,LONG,0.00830065,-0.00694778,-0.00018556,0.01524843,0.00417462,0.0021316288380568596,0.004922513764738471,-0.0028046762959417753
LTCUSDT,2023-03-30T03:00:00+00:00,LONG,0.01059925,-0.00903059,-0.00013542,0.01962984,0.00549762,0.002995508979798371,0.006534161350931452,-0.009825894151291172
SOLUSDT,2023-03-30T03:00:00+00:00,LONG,0.00972982,-0.00747832,-0.00014656,0.01720814,0.00572471,0.0057339334922203965,-0.0016647248725527289,-0.02507168832746883
ZECUSDT,2023-03-30T03:00:00+00:00,SHORT,0.00757968,-0.00765132,0.00132025,0.015231,0.0052842,-0.015333185407358223,-0.018531482376734985,-0.00027103943789708805
UNIUSDT,2023-03-31T12:00:00+00:00,LONG,0.00073014,-0.00505349,-5.72e-06,0.00578363,0.00262215,0.003317302760130402,0.008602203582663068,0.007448515774436692
ZECUSDT,2023-04-01T14:00:00+00:00,LONG,0.00196155,-0.00291271,-0.00085636,0.00487426,0.00441855,0.0018589834061597866,0.0010626993561220547,0.0071514011576250865
AVAXUSDT,2023-04-01T16:00:00+00:00,LONG,0.00035396,-0.0017154,-0.00058441,0.00206936,0.00202479,0.00011350093650444235,0.007238213008629695,0.0014178366191998637
SOLUSDT,2023-04-01T16:00:00+00:00,LONG,0.0010961,-0.00214844,-0.00022535,0.00324454,0.0031787,0.003067193049662083,0.009601449480227137,0.004214969359312132
DOGEUSDT,2023-04-01T17:00:00+00:00,LONG,0.00111304,-0.00138218,-0.00039651,0.0024952200000000003,0.0023416599999999997,0.035311043048765305,0.04156604596547629,0.07333384790000212
UNIUSDT,2023-04-02T06:00:00+00:00,LONG,-9.573e-05,-0.0024497,-0.00032196,0.00235397,0.00231035,-0.0019821612039910997,-0.005626359373113559,-0.019832330707618643
AVAXUSDT,2023-04-02T15:00:00+00:00,LONG,0.00270498,-0.00410616,-0.00085029,0.00681114,0.00206936,-0.00548896365846762,-0.011882475701800739,-0.024261993709504756
DOGEUSDT,2023-04-02T15:00:00+00:00,LONG,0.00789883,-0.00836226,-0.00091552,0.01626109,0.00404994,0.007838219649522863,0.002788341477045147,-0.01999810267642435
LTCUSDT,2023-04-02T15:00:00+00:00,LONG,0.00515785,-0.00413958,-0.00074828,0.00929743,0.00195948,0.0016210086220983248,-0.01756632371789917,-0.0172361635872381
SOLUSDT,2023-04-02T15:00:00+00:00,LONG,0.00423458,-0.00420515,-0.00132576,0.00843973,0.00324454,-0.0005348763833728739,-0.011538777611149215,-0.026850887684726172
UNIUSDT,2023-04-02T15:00:00+00:00,LONG,0.00145057,-0.00406571,-3.849e-05,0.00551628,0.00235397,-0.0005047531023293123,-0.0037074528479171284,-0.008615645827242158
ZECUSDT,2023-04-02T15:00:00+00:00,LONG,0.00279099,-0.00564483,-0.00076736,0.00843582,0.00441329,0.0016260166184187566,-0.016131586999117174,-0.013379039156076833
AVAXUSDT,2023-04-03T01:00:00+00:00,LONG,0.00634782,-0.00469735,-0.00024118,0.01104517,0.00681114,-0.0017154184798694174,0.0008270810420082177,0.021805441165707817
DOGEUSDT,2023-04-03T01:00:00+00:00,LONG,0.01225011,-0.00698562,-0.00026022,0.01923573,0.01626109,0.005700235670396151,0.011881839385631166,0.014574321299414262
LTCUSDT,2023-04-03T01:00:00+00:00,LONG,0.00621525,-0.00490137,-0.00029343,0.01111662,0.00929743,0.003182444386927712,-0.0003297971777267326,0.016244565447689176
DOGEUSDT,2023-04-03T20:00:00+00:00,LONG,0.01663024,-0.013548,-0.00077932,0.030178240000000002,0.02614975,0.015110918937401536,0.012536638850108356,0.07508628627055683
SOLUSDT,2023-04-03T20:00:00+00:00,LONG,0.00723876,-0.00525694,-0.0008179,0.0124957,0.00788966,0.0020629704256329194,0.0016212634664747214,0.012508713865613483
UNIUSDT,2023-04-03T20:00:00+00:00,LONG,0.00433048,-0.00404184,-0.00051109,0.008372319999999999,0.00582474,-0.0028860048891349867,0.0028776998276151956,0.012466468729230785
DOGEUSDT,2023-04-04T23:00:00+00:00,SHORT,0.00089292,-0.0085492,0.0008528,0.00944212,0.00658511,-0.005137087357316011,-0.03135117870029454,-0.02757508603663623
AVAXUSDT,2023-04-05T00:00:00+00:00,LONG,0.00109543,-0.00247558,-0.00050212,0.00357101,0.00285178,-0.003233722710859536,0.003999783122580059,0.007817954487766605
LTCUSDT,2023-04-05T00:00:00+00:00,LONG,0.00108669,-0.00286251,-0.00023093,0.0039492,0.0033575799999999998,-0.0005336464185557108,-0.00021342439521831604,0.006911612393646782
UNIUSDT,2023-04-05T00:00:00+00:00,LONG,0.0,-0.00235602,-0.0007769,0.00235602,0.0022142,0.004624838799200695,0.004465717150364761,0.006373507872092201
AVAXUSDT,2023-04-05T12:00:00+00:00,SHORT,0.00175305,-0.00194258,5.55e-05,0.00369563,0.00357101,0.0012711046504062188,0.021549429876313912,0.014800247901385405
LTCUSDT,2023-04-05T12:00:00+00:00,LONG,0.00168501,-0.00228545,-0.00040154,0.00397046,0.0039492,-0.008940985586782087,-0.021637519387992805,-0.02467406873348733
SOLUSDT,2023-04-05T12:00:00+00:00,LONG,0.00300382,-0.00284669,-0.00047985,0.00585051,0.0031457300000000002,-0.005368566472783538,-0.02106853127076642,-0.01773511433354162
UNIUSDT,2023-04-05T12:00:00+00:00,LONG,0.0013004,-0.00185572,-0.00010879,0.00315612,0.00235602,-0.01005675328838862,-0.01552652239531981,-0.017140988357877685
ZECUSDT,2023-04-05T12:00:00+00:00,LONG,0.00236006,-0.00219838,-0.00032131,0.00455844,0.00422027,-0.0023440562888264577,-0.01811310840705796,-0.02103126938491277
LTCUSDT,2023-04-05T15:00:00+00:00,LONG,0.00086886,-0.0031396,-0.00043182,0.00400846,0.00397046,0.002819346911973303,0.006170520255226517,0.00379342567290436
DOGEUSDT,2023-04-06T10:00:00+00:00,LONG,0.00140284,-0.00715081,-0.00042917,0.00855365,0.00649748,0.005727456838218065,0.0047191098814567895,-0.033555968247820776
DOGEUSDT,2023-04-06T20:00:00+00:00,LONG,0.0103564,-0.01438935,-0.00014488,0.02474575,0.00855365,0.012378997268804787,0.011450060834145851,-0.035523677827227526
ZECUSDT,2023-04-06T20:00:00+00:00,LONG,0.00169926,-0.00248942,-0.00054057,0.00418868,0.0038559300000000005,0.007243492435494883,0.021838417817167294,-0.0059411462899082645
ZECUSDT,2023-04-07T03:00:00+00:00,SHORT,0.00184399,-0.00283997,0.00047914,0.00468396,0.00425158,-0.0029259230875398052,0.01990918598347759,-0.003987776120681155
UNIUSDT,2023-04-07T07:00:00+00:00,LONG,0.0,-0.00242435,-0.00024174,0.00242435,0.00196613,0.0013413818242013111,0.001173807462686398,0.004018759594917655
AVAXUSDT,2023-04-07T12:00:00+00:00,LONG,0.00101481,-0.00190681,-0.00063054,0.00292162,0.00274508,-0.0019915224653885314,-0.0011375271389269229,-0.006329676423413035
LTCUSDT,2023-04-07T12:00:00+00:00,LONG,0.00075401,-0.00121292,-0.0006737,0.00196693,0.00160395,0.0017736397510694165,0.00033279716320245314,0.0008872131002289881
SOLUSDT,2023-04-07T12:00:00+00:00,LONG,0.00203154,-0.00141455,-0.00077497,0.00344609,0.0029242599999999997,0.001322589528805448,0.0027412029500334997,-0.0048152608764878285
ZECUSDT,2023-04-07T17:00:00+00:00,LONG,0.00546633,-0.001978,-0.00136416,0.007444330000000001,0.00468396,0.0007975542094971338,-0.005600761406826468,0.011634187281340604
UNIUSDT,2023-04-08T15:00:00+00:00,LONG,1.721e-05,-0.00239515,-0.00021363,0.00241236,0.0013663999999999998,-0.003346723337950377,-0.011593845735950212,-0.01548852511500419
AVAXUSDT,2023-04-08T17:00:00+00:00,LONG,0.00027023,-0.00173712,-0.00060572,0.0020073499999999998,0.00164755,-0.002512277214930922,-0.0019978886115847166,-0.005088196667840386
LTCUSDT,2023-04-08T17:00:00+00:00,LONG,0.00060458,-0.00179543,-0.00026128,0.00240001,0.00131654,-0.0041250964342807355,0.0003337226795532277,0.0063217645241759055
SOLUSDT,2023-04-08T17:00:00+00:00,LONG,0.00166611,-0.00173181,-0.00059435,0.00339792,0.0020315700000000003,-0.006782372096972027,-0.0062857491229192505,-0.008771334017640475
UNIUSDT,2023-04-08T17:00:00+00:00,LONG,0.00072557,-0.00214248,-0.00083681,0.00286805,0.00241236,-0.005237825610077855,-0.002531006160042208,-0.007442524205134826
DOGEUSDT,2023-04-08T18:00:00+00:00,LONG,0.00034005,-0.0066978,-0.00042205,0.00703785,0.00248706,-0.0004930966569339376,-0.00012325137132766797,0.005408076111111106
AVAXUSDT,2023-04-09T06:00:00+00:00,LONG,0.00035682,-0.00197694,-8.32e-05,0.00233376,0.0020073499999999998,-0.0015611902907837706,-0.0010405226674392281,0.008113518053454767
AVAXUSDT,2023-04-10T22:00:00+00:00,LONG,0.00144852,-0.0021529,-0.00056255,0.00360142,0.00189877,0.0030715127601727483,0.004854243037331937,0.027908274983552223
UNIUSDT,2023-04-11T00:00:00+00:00,LONG,0.0004413,-0.00110336,-0.00018482,0.00154466,0.00153381,0.0006622516798331573,0.002150716355537323,-0.00514737541662276
DOGEUSDT,2023-04-11T01:00:00+00:00,LONG,0.00166321,-0.00200769,-0.00032642,0.0036709,0.00351445,-0.0016513332367757215,-0.0073338393529628985,0.005992615313262694
ZECUSDT,2023-04-11T14:00:00+00:00,LONG,0.00141489,-0.00289691,-0.00135908,0.0043118,0.0038905600000000004,0.006993035490970604,0.0012523483164660952,-0.03831886430213666
ZECUSDT,2023-04-11T21:00:00+00:00,SHORT,0.00231414,-0.00210398,0.00023045,0.00441812,0.0043118,0.00025179403381164306,0.01931936040263748,0.029639369434626917
DOGEUSDT,2023-04-12T02:00:00+00:00,LONG,0.01650239,-0.01067646,-0.00070883,0.027178849999999997,0.00356727,-0.0015959735755192096,0.004162082149787761,0.009887172395865347
LTCUSDT,2023-04-12T02:00:00+00:00,LONG,0.00318951,-0.00617755,-0.00039087,0.00936706,0.00259343,-0.0006554511923537868,0.0018547820493851944,0.007940434389165765
SOLUSDT,2023-04-12T02:00:00+00:00,SHORT,0.00508323,-0.00666831,0.00036301,0.011751540000000001,0.00289094,-0.00448760000441803,-0.018355615960429363,-0.05121313442384681
UNIUSDT,2023-04-12T02:00:00+00:00,LONG,0.0035118,-0.00720231,-0.00011207,0.010714109999999999,0.0015952,-0.0012130666074676917,0.007935180502603063,0.02985805696502517
AVAXUSDT,2023-04-12T12:00:00+00:00,LONG,0.00467055,-0.00367066,-0.00038556,0.00834121,0.0076668,0.005374882681384814,-0.007950571915764622,0.0
LTCUSDT,2023-04-12T12:00:00+00:00,LONG,0.00599626,-0.00494447,-0.00074523,0.01094073,0.00936706,-0.005435386791777661,-0.0059805538989941495,-0.0032576855827215687
SOLUSDT,2023-04-12T12:00:00+00:00,LONG,0.01017251,-0.01088581,-0.00149754,0.02105832,0.011751540000000001,0.0006250130414508896,-0.01448418444918618,-0.0052655894992440465
UNIUSDT,2023-04-13T14:00:00+00:00,LONG,0.00064488,-0.00139982,-4.698e-05,0.0020447,0.0018250900000000001,0.0006490345838739518,0.007760750350322063,0.037746339494892575
DOGEUSDT,2023-04-13T17:00:00+00:00,SHORT,0.00380141,-0.00154644,0.0003031,0.0053478499999999995,0.004865680000000001,0.0080999815401639,0.013728621982003844,-0.03131896731601656
ZECUSDT,2023-04-13T17:00:00+00:00,LONG,0.00207731,-0.00301763,-0.00092519,0.00509494,0.00464264,0.0035966949215356825,-0.009412402058124913,0.02420621273080387
AVAXUSDT,2023-04-14T00:00:00+00:00,SHORT,0.00416528,-0.00103411,0.00032094,0.00519939,0.00201359,-0.0010958905206368877,-0.0046882411234555384,0.015947286726697714
DOGEUSDT,2023-04-14T00:00:00+00:00,SHORT,0.00568368,-0.00350123,0.00039748,0.009184910000000001,0.0053478499999999995,-0.015260619318908304,-0.02424022624472368,-0.003724399090982494
LTCUSDT,2023-04-14T00:00:00+00:00,SHORT,0.00488529,-0.01398439,0.0001441,0.01886968,0.00192575,-0.00020521239554886075,-0.00807403844526247,0.018539187701418998
SOLUSDT,2023-04-14T00:00:00+00:00,SHORT,0.00582173,-0.0042821,0.00046022,0.01010383,0.00365429,-0.012223223230775722,-0.01812035949831431,0.006982531515925699
UNIUSDT,2023-04-14T00:00:00+00:00,LONG,0.00088056,-0.00319251,-0.00013173,0.00407307,0.0020447,0.0059551970386739145,0.006267648220719063,-0.02112698705494394
ZECUSDT,2023-04-14T00:00:00+00:00,LONG,0.0046885,-0.00403155,-0.00013618,0.00872005,0.00509494,0.0073924266540595475,0.016615620805263593,-0.011797416230420877
SOLUSDT,2023-04-14T15:00:00+00:00,SHORT,0.00622525,-0.00437537,0.00064029,0.01060062,0.01010383,-0.0029313253820726125,-0.028729887532577776,-0.01741921863609242
ZECUSDT,2023-04-15T13:00:00+00:00,SHORT,0.0046906,-0.00120339,0.00044537,0.00589399,0.00411475,-0.006631952303751207,-0.009460808504228889,-0.01134227660393451
SOLUSDT,2023-04-16T00:00:00+00:00,SHORT,0.00227435,-0.0001074,0.00054085,0.00238175,0.00233637,-0.0019466137149846017,-0.014201568255338437,-0.0023602984104138763
AVAXUSDT,2023-04-16T01:00:00+00:00,SHORT,0.00133082,-0.0015273,0.00064251,0.00285812,0.00202943,-0.008477287816240449,-0.01128715541583976,-0.0012604381690778685
LTCUSDT,2023-04-16T01:00:00+00:00,SHORT,0.00106494,-0.00103789,0.0001688,0.00210283,0.0015516,-0.001768715021779338,-0.0014568160745089902,-0.02377021933391185
SOLUSDT,2023-04-16T04:00:00+00:00,SHORT,0.00159416,-0.00157307,0.00129881,0.00316723,0.0027505000000000003,0.00471167521248805,0.005697787544842179,0.004670608293938535
LTCUSDT,2023-04-16T09:00:00+00:00,SHORT,0.00226426,-0.0005438,5.362e-05,0.0028080600000000002,0.00210283,0.003203640418906842,-0.014544966035468393,-0.044101793750380765
LTCUSDT,2023-04-16T16:00:00+00:00,SHORT,0.00259218,-0.00049898,0.00048443,0.00309116,0.0028080600000000002,0.004822606659931196,0.005513452974108895,0.02959414896343419
DOGEUSDT,2023-04-16T19:00:00+00:00,SHORT,0.00309285,0.0,0.00084101,0.00309285,0.00274639,-0.011880020923010192,-0.000884857927439657,-0.030191383640366738
SOLUSDT,2023-04-16T19:00:00+00:00,SHORT,0.00381525,-0.00039979,0.0006264,0.00421504,0.00316723,-0.03399794893019922,-0.032145768148089955,-0.023947215383398494
UNIUSDT,2023-04-16T19:00:00+00:00,LONG,0.00299885,-0.00062012,-0.00012686,0.00361897,0.0030369000000000004,0.0058865813130394625,0.007788325150857242,-0.012685838531718839
AVAXUSDT,2023-04-16T20:00:00+00:00,SHORT,0.00470766,-0.00171476,0.00049482,0.00642242,0.00285812,-0.035497861118761166,-0.020388934219343326,-0.04425150355383247
LTCUSDT,2023-04-17T00:00:00+00:00,SHORT,0.00393126,-0.00163668,0.00061626,0.0055679399999999995,0.00309116,-0.011977406685914007,-0.009654055976677355,-0.01005850492051232
SOLUSDT,2023-04-17T00:00:00+00:00,SHORT,0.00315196,-0.00277251,0.00050126,0.00592447,0.0047336,-0.021801396556289716,-0.029445944437766394,-0.020462497403766287
UNIUSDT,2023-04-17T00:00:00+00:00,LONG,0.00409711,-0.00224352,-0.00033758,0.00634063,0.00361897,0.007180187505740446,0.01930154803808528,0.01058900502624383
DOGEUSDT,2023-04-17T11:00:00+00:00,SHORT,0.00676153,-0.00457866,0.00095759,0.01134019,0.005908409999999999,-0.01278108782166487,0.03634779388175473,0.020358039307142247
SOLUSDT,2023-04-17T11:00:00+00:00,SHORT,0.00502573,-0.00441294,0.00039935,0.00943867,0.00592447,-0.017971936142085136,0.015444634648231183,0.013531459619800883
ZECUSDT,2023-04-18T12:00:00+00:00,SHORT,0.0035485,-0.00093343,0.00118598,0.00448193,0.00406077,-0.0046641875601047015,0.008922341416347556,0.008215044440026135
LTCUSDT,2023-04-18T15:00:00+00:00,SHORT,0.0013819,-0.00136865,0.00055795,0.00275055,0.00240145,-0.0010860444371032648,0.004852215293155985,0.004157598544810227
DOGEUSDT,2023-04-18T17:00:00+00:00,SHORT,0.0013269,-0.00284995,0.0008457,0.00417685,0.0030437800000000003,-0.009857632767532768,-0.018123473400092818,-0.018871536486005862
UNIUSDT,2023-04-19T01:00:00+00:00,SHORT,0.00230578,-0.00012866,0.0006274,0.00243444,0.00203207,0.007484831450272561,0.015657122729098964,0.08389507736189092
SOLUSDT,2023-04-19T06:00:00+00:00,SHORT,0.00122851,-0.00076032,6.461e-05,0.00198883,0.00191025,-0.0027955946508377715,0.04871812065511816,0.04966951321952914
AVAXUSDT,2023-04-19T08:00:00+00:00,LONG,0.02791791,-0.02518077,-0.00092506,0.05309868,0.0034162199999999998,0.012175140077495513,0.012585270299588164,0.0077040788481988216
DOGEUSDT,2023-04-19T08:00:00+00:00,LONG,0.02293706,-0.016831,-0.00050476,0.039768059999999994,0.00417685,0.009514601495796056,0.01542975922748823,0.02524869709584189
LTCUSDT,2023-04-19T08:00:00+00:00,LONG,0.02218558,-0.01012545,-0.0002755,0.03231103,0.00275055,0.0022083188952287188,0.0029433428165969323,-0.018809331957496116
SOLUSDT,2023-04-19T08:00:00+00:00,LONG,0.04822478,-0.01848485,-0.00053856,0.06670963,0.00198883,0.0037610470294706815,0.008464273919816788,0.00811664431565543
UNIUSDT,2023-04-19T08:00:00+00:00,LONG,0.01360365,-0.00814315,-3.692e-05,0.0217468,0.00243444,0.0,0.0005072280098604675,-0.004406786792568646
ZECUSDT,2023-04-19T08:00:00+00:00,SHORT,0.01860428,-0.01175132,0.00048902,0.030355600000000003,0.00448193,0.007459841668304476,-0.00485748110927516,0.006427583512127431
LTCUSDT,2023-04-19T23:00:00+00:00,LONG,0.03483604,-0.01907594,-6.745e-05,0.05391198,0.03231103,0.00342258131507853,0.0012158056208899498,-0.005545095721078192
AVAXUSDT,2023-04-20T16:00:00+00:00,LONG,0.01985728,-0.01348116,-0.00085351,0.033338440000000004,0.01697858,-0.004309058403425091,0.004398953518766349,-0.005129335703130772
DOGEUSDT,2023-04-20T16:00:00+00:00,LONG,0.01539828,-0.01262147,-0.00101283,0.02801975,0.01974781,-0.004789854685147292,-0.0051500203652515555,0.0032202305840821764
SOLUSDT,2023-04-20T16:00:00+00:00,LONG,0.01133259,-0.01321621,-0.00092327,0.024548800000000003,0.02393083,-0.003622372084092132,-0.009856323972518264,0.002257337301650086
UNIUSDT,2023-04-20T16:00:00+00:00,LONG,0.01085142,-0.00824618,-0.00059962,0.0190976,0.00974611,0.0024565725637022582,0.012916918988604472,0.0175886118868812
AVAXUSDT,2023-04-21T17:00:00+00:00,LONG,0.00178012,-0.00221101,-0.0005141,0.00399113,0.00316053,-0.008218673233672775,-0.040950787657190034,-0.019244143245380287
DOGEUSDT,2023-04-21T17:00:00+00:00,LONG,0.00796309,-0.00643192,-4.135e-05,0.01439501,0.00416798,0.0036683826904588598,-0.05333926818089678,-0.028832617368036235
LTCUSDT,2023-04-21T17:00:00+00:00,LONG,0.00240306,-0.00238386,-0.00032756,0.00478692,0.00428381,-0.012154099650683394,-0.056605862221517124,-0.03947130383261953
SOLUSDT,2023-04-21T17:00:00+00:00,LONG,0.00292087,-0.00299341,-0.00073348,0.00591428,0.0032671,0.0055846728583107685,-0.019772080692473767,-0.006221293105521906
AVAXUSDT,2023-04-21T19:00:00+00:00,LONG,0.01934086,-0.01225052,-0.00082568,0.03159138,0.00399113,-0.010147551693318714,-0.0008860274066751236,0.0007082571269332205
DOGEUSDT,2023-04-21T19:00:00+00:00,LONG,0.01298424,-0.01203487,-0.00025255,0.025019109999999997,0.01439501,-0.021536532939535686,-0.006106112344274295,-0.0010150996938144044
LTCUSDT,2023-04-21T19:00:00+00:00,LONG,0.02551481,-0.01861482,-0.00073451,0.04412963,0.00478692,-0.009998318895961436,-0.0017571608808665026,0.00011703434971518089
SOLUSDT,2023-04-21T19:00:00+00:00,LONG,0.02275197,-0.01734126,-0.00045243,0.04009323,0.00591428,0.0034376431866030856,0.002261698179386179,0.003343618458030247
UNIUSDT,2023-04-21T19:00:00+00:00,LONG,0.01332022,-0.0079463,-0.00081197,0.02126652,0.00427931,-0.007168489478612516,0.000915331871688206,0.01092907053219023
ZECUSDT,2023-04-21T19:00:00+00:00,LONG,0.02510928,-0.01676936,-2.815e-05,0.04187864,0.0051661599999999995,-0.009140071939398213,0.007142887512379983,0.004127121004650827
SOLUSDT,2023-04-22T22:00:00+00:00,LONG,0.00061619,-0.00165928,-0.00026165,0.00227547,0.00188487,-0.0033457876617831346,-0.01020980171254576,0.003881726531806271
AVAXUSDT,2023-04-23T00:00:00+00:00,LONG,0.00282659,-0.00368763,-0.00064573,0.006514219999999999,0.00271566,-0.002582767343225182,-0.000645066728129857,0.0069519777579707025
DOGEUSDT,2023-04-23T00:00:00+00:00,LONG,0.00267568,-0.00299987,-0.00099404,0.00567555,0.00269053,-0.0022641519106383844,0.008133686835922213,0.005762982624965766
LTCUSDT,2023-04-23T00:00:00+00:00,LONG,0.00331125,-0.00320614,-0.00041094,0.00651739,0.00172662,-0.0005809562703338964,0.0031313449767433428,0.0063683420228718545
SOLUSDT,2023-04-23T00:00:00+00:00,LONG,0.00222191,-0.00278059,-0.00042332,0.0050025,0.00227547,0.0009268270740849171,0.013858736048439547,0.021828720169663998
UNIUSDT,2023-04-23T00:00:00+00:00,LONG,0.00117322,-0.00297282,-0.00011408,0.00414604,0.00220967,0.0009178522902289597,0.0067722414956701985,0.010777344246118713
ZECUSDT,2023-04-23T07:00:00+00:00,LONG,0.0019319,-0.00252075,-0.00076718,0.00445265,0.00426405,-0.0007950179297770174,-0.009849673667616845,-0.03889229026878928
ZECUSDT,2023-04-23T17:00:00+00:00,SHORT,0.001802,-0.00266689,3.285e-05,0.00446889,0.00445265,0.019573333356724218,0.0002730375443584452,-0.008968669982760316
DOGEUSDT,2023-04-23T18:00:00+00:00,LONG,0.00254802,-0.00607134,-0.00021105,0.00861936,0.00567555,0.007870500598108173,0.017972242404430436,0.019624820165645238
SOLUSDT,2023-04-23T18:00:00+00:00,LONG,0.00105221,-0.00511569,-0.00037112,0.0061679000000000005,0.0050025,0.003452927773800612,0.016820543165065684,0.01191639751489136
ZECUSDT,2023-04-25T00:00:00+00:00,LONG,0.00102152,-0.00334699,-0.00043999,0.00436851,0.00423262,-0.00027356039016185606,0.0027314958256094337,0.0016397926604153686
LTCUSDT,2023-04-25T09:00:00+00:00,LONG,0.00213434,-0.00133627,-0.00034703,0.0034706100000000003,0.0028064400000000003,-0.001234221755552594,0.0025757335478959874,0.021959405178152765
AVAXUSDT,2023-04-26T12:00:00+00:00,LONG,0.00108676,-0.00147139,-0.00061405,0.00255815,0.0022613399999999997,-0.00407916336534244,-0.008951819739298884,-0.030439925270792305
DOGEUSDT,2023-04-26T12:00:00+00:00,LONG,0.00143801,-0.00160908,-2.546e-05,0.0030470899999999997,0.0026421400000000003,-0.0032528189635403844,-0.006516253297559005,-0.036750828616492905
LTCUSDT,2023-04-26T12:00:00+00:00,LONG,0.0017046,-0.00453041,-0.00075317,0.00623501,0.0030256099999999998,-0.007718734720501643,-0.015172185375082466,-0.03809362536020778
SOLUSDT,2023-04-26T12:00:00+00:00,LONG,0.00151583,-0.00225393,-0.00099346,0.0037697599999999996,0.00307528,-0.003589882149675287,-0.005521486420305158,-0.04208282195030261
DOGEUSDT,2023-04-26T19:00:00+00:00,LONG,0.00987456,-0.00817644,-0.00076489,0.018050999999999998,0.0030470899999999997,0.011849700736167677,0.017340361277310593,0.03187825716687013
LTCUSDT,2023-04-26T19:00:00+00:00,LONG,0.00987206,-0.00734133,-0.00078753,0.017213390000000002,0.00623501,0.020314005471476076,0.020881896905898947,0.02969949868919109
SOLUSDT,2023-04-26T19:00:00+00:00,LONG,0.016782,-0.01643009,-0.00076811,0.03321209,0.0037697599999999996,0.0178286350886652,0.008836442612519273,0.02766447572785143
UNIUSDT,2023-04-26T19:00:00+00:00,LONG,0.0087962,-0.00601299,-0.00030809,0.01480919,0.00192081,0.0017050302510839691,0.014681234894832524,0.02045675164772521
ZECUSDT,2023-04-26T19:00:00+00:00,LONG,0.01440355,-0.01036704,-0.00080332,0.02477059,0.00634496,0.012767311920050444,0.020185947400536558,0.02782165398427534
LTCUSDT,2023-04-28T13:00:00+00:00,LONG,0.00545682,-0.00543481,-0.00047191,0.01089163,0.00716867,0.0031738861374920034,0.011064807479131931,0.018336753156767548
SOLUSDT,2023-04-28T13:00:00+00:00,LONG,0.00413409,-0.00376537,-0.00030621,0.00789946,0.006130109999999999,-0.004435988006871779,0.03419211615510065,0.039148488762385296
UNIUSDT,2023-04-28T13:00:00+00:00,LONG,0.00130753,-0.00333185,-0.00014569,0.00463938,0.0043564499999999996,-0.00018286550293257535,0.0036503052031163228,0.008738449925658162
ZECUSDT,2023-04-28T13:00:00+00:00,LONG,0.0026441,-0.0048877,-0.00074651,0.0075318,0.00666971,0.0002664180114331719,0.005314920829289571,0.0013313808383896126
AVAXUSDT,2023-04-29T17:00:00+00:00,LONG,0.00406372,-0.00530112,-0.00021259,0.00936484,0.0048322,0.0031989059610410854,-0.0010303967938964107,-0.0038407568208911015
DOGEUSDT,2023-04-29T17:00:00+00:00,LONG,0.00252791,-0.0042184,-0.00092151,0.00674631,0.00173762,0.0033249214794625094,0.006516282970445606,0.005535409914853579
LTCUSDT,2023-04-29T17:00:00+00:00,LONG,0.0039088,-0.00442918,-0.00022419,0.008337979999999998,0.00166254,0.002994512302554351,0.012253837715351048,0.008846679393736682
SOLUSDT,2023-04-29T17:00:00+00:00,LONG,0.00534292,-0.00810654,-0.00041946,0.01344946,0.00276102,0.006281481739018295,-0.0037186015955649417,0.0047792388228590655
UNIUSDT,2023-04-29T17:00:00+00:00,LONG,0.00104868,-0.00274055,-5.069e-05,0.00378923,0.00139036,0.0025107617206919343,0.00876022407452047,0.011249114248209693
AVAXUSDT,2023-04-30T19:00:00+00:00,LONG,0.00140434,-0.00244887,-0.00025748,0.00385321,0.00362604,-0.007939999405772627,-0.013951281331883418,-0.014361129401088236
LTCUSDT,2023-04-30T19:00:00+00:00,LONG,0.00189803,-0.00218007,-0.00050399,0.0040781,0.0039978800000000005,-0.006425815470673614,-0.009257234769835164,-0.017456802404159682
SOLUSDT,2023-04-30T20:00:00+00:00,LONG,0.00291635,-0.00247611,-0.00023742,0.00539246,0.00361662,0.002342632627463946,-0.00859310428251659,-0.03419514153276287
ZECUSDT,2023-04-30T20:00:00+00:00,LONG,0.00127675,-0.00319562,-0.00087806,0.00447237,0.00423185,0.003190643493806126,0.005576963067156221,-0.020991082896962925
AVAXUSDT,2023-05-01T01:00:00+00:00,LONG,0.00754642,-0.00610208,-0.00048808,0.013648500000000001,0.00385321,0.005093289068088463,0.008866878451728014,0.004443266885354493
DOGEUSDT,2023-05-01T01:00:00+00:00,LONG,0.01540721,-0.00535333,-0.00063672,0.02076054,0.00292814,0.005219284968894937,0.006488159647451314,0.0033129490036351897
LTCUSDT,2023-05-01T01:00:00+00:00,LONG,0.01611902,-0.01076953,-0.00030389,0.02688855,0.0040781,0.002298059152222349,0.006878394653373685,0.005964004373638009
SOLUSDT,2023-05-01T01:00:00+00:00,LONG,0.01589618,-0.01569205,-0.00043827,0.031588229999999995,0.00539246,0.0005409791854954569,4.509277839915097e-05,-0.002212040718698698
ZECUSDT,2023-05-01T01:00:00+00:00,LONG,0.00749709,-0.00508721,-0.00089574,0.0125843,0.00447237,0.008334501800847658,0.0002699419641171087,-0.006500564603093428
DOGEUSDT,2023-05-03T02:00:00+00:00,LONG,0.00048314,-0.00225088,-0.00018472,0.0027340199999999998,0.00247145,0.0001278363696210836,0.002170998873262752,-0.010409398110745937
LTCUSDT,2023-05-03T02:00:00+00:00,LONG,0.0,-0.00229652,-0.00015203,0.00229652,0.00202566,0.0003427983807779449,0.0062660415786463435,-0.01787306153471045
SOLUSDT,2023-05-03T02:00:00+00:00,LONG,0.00023653,-0.0034213,-0.00058627,0.00365783,0.00259429,-0.00036564742854479864,-0.0066481985312277815,-0.02479886509326054
AVAXUSDT,2023-05-03T18:00:00+00:00,LONG,0.00768843,-0.00584318,-0.00013312,0.01353161,0.0026108800000000003,-0.012383877488072325,0.007554222686818033,-0.002102067806613587
DOGEUSDT,2023-05-03T18:00:00+00:00,LONG,0.0064304,-0.0039835,-0.00039055,0.0104139,0.0027340199999999998,-0.006542259239918247,0.026994575570001674,0.015100851639569835
LTCUSDT,2023-05-03T18:00:00+00:00,LONG,0.00645544,-0.00501563,-0.00068342,0.01147107,0.00229652,-0.0036900410874537957,0.025792488123524224,0.0184746958282586
SOLUSDT,2023-05-03T18:00:00+00:00,LONG,0.00569153,-0.00439878,-0.00020303,0.01009031,0.00365783,-0.00842472808555259,0.02702434638396981,0.029367534190039016
UNIUSDT,2023-05-03T18:00:00+00:00,LONG,0.00426787,-0.00425904,-3.236e-05,0.00852691,0.00181218,-0.002460957228774733,0.01798811852450893,0.010532352393165646
AVAXUSDT,2023-05-05T01:00:00+00:00,LONG,0.00289147,-0.00542329,-0.00035896,0.008314760000000001,0.00311882,-0.003457473630896371,-0.005573005947193697,-0.0005851717646062553
LTCUSDT,2023-05-05T01:00:00+00:00,LONG,0.00086983,-0.00208537,-0.00038437,0.0029552,0.00241996,-0.006214358171875763,-0.00893822774841989,-0.011783503667821372
AVAXUSDT,2023-05-05T12:00:00+00:00,LONG,0.01087938,-0.0117455,-0.00051053,0.02262488,0.008314760000000001,0.008818917759134536,0.01308281838120326,0.026686895158768015
DOGEUSDT,2023-05-05T12:00:00+00:00,LONG,0.01211979,-0.01671447,-0.00038725,0.02883426,0.00342291,0.008313663027854436,0.018956104790108567,0.029237037872550616
LTCUSDT,2023-05-05T12:00:00+00:00,LONG,0.01492129,-0.0135834,-0.00037506,0.02850469,0.0029552,0.007780359613916401,0.019225892231373564,0.021139552971844427
SOLUSDT,2023-05-05T12:00:00+00:00,LONG,0.01076122,-0.01216186,-0.00044079,0.02292308,0.00426404,0.014992647938268138,0.0326120766440657,0.05463252470106729
UNIUSDT,2023-05-05T12:00:00+00:00,LONG,0.00739446,-0.00721821,-0.00061986,0.014612670000000001,0.00210681,0.02756116374751707,0.03880946812120537,0.045641569489834305
AVAXUSDT,2023-05-06T14:00:00+00:00,LONG,0.00287269,-0.00483188,-6.18e-05,0.00770457,0.00561018,-0.003757124768669305,0.007592227358371773,-0.003635706604362869
DOGEUSDT,2023-05-06T14:00:00+00:00,LONG,0.00548574,-0.00412729,-0.0006122,0.00961303,0.007591509999999999,-0.0009160505777011133,0.009632982586691154,0.0001307958931953567
LTCUSDT,2023-05-06T14:00:00+00:00,LONG,0.02214568,-0.01386471,-0.00043961,0.03601039,0.0061417699999999995,-0.0017050302510838342,0.018446481216701137,0.011132738406138633
SOLUSDT,2023-05-06T14:00:00+00:00,LONG,0.00449442,-0.00633687,-0.00054786,0.01083129,0.0063599799999999995,0.003959489519143544,0.017604880934403405,0.0031320554368153564
ZECUSDT,2023-05-06T14:00:00+00:00,LONG,0.00215989,-0.00409497,-0.00130074,0.006254859999999999,0.0053696,0.002536284296055508,0.02094171183877086,0.002536284296055508
ZECUSDT,2023-05-07T16:00:00+00:00,SHORT,0.00220017,-0.00269492,0.00210274,0.0048950899999999995,0.00449352,0.0050690055032973375,0.003094671199579608,0.06139739223671038
SOLUSDT,2023-05-07T19:00:00+00:00,LONG,0.00044739,-0.00155341,-0.00058818,0.0020008,0.0019603900000000002,0.003915466626314364,-0.035022858230529225,-0.055924015648808986
SOLUSDT,2023-05-07T22:00:00+00:00,LONG,0.00043321,-0.00172005,-0.00012941,0.00215326,0.0020008,-0.022235820820557563,-0.0388089854078502,-0.041770696902178495
AVAXUSDT,2023-05-07T23:00:00+00:00,LONG,0.00047865,-0.00367865,-4.7e-06,0.0041573,0.00240668,0.004136762195675627,-0.026375019484378245,-0.030451665978141647
DOGEUSDT,2023-05-07T23:00:00+00:00,LONG,0.00107339,-0.00278867,-2.123e-05,0.00386206,0.0030493399999999998,0.006126591541742431,-0.0162133651141609,-0.020341475377604546
LTCUSDT,2023-05-07T23:00:00+00:00,LONG,0.00080468,-0.00273894,-0.00022354,0.00354362,0.0013602500000000001,0.009074689140200038,-0.013282011241683227,-0.02403611708357197
AVAXUSDT,2023-05-08T01:00:00+00:00,LONG,0.01413783,-0.00880731,-5.035e-05,0.022945140000000003,0.0041573,0.007544833023861328,0.0030876863751035976,-0.001579030803376321
DOGEUSDT,2023-05-08T01:00:00+00:00,LONG,0.01670878,-0.0098566,-0.00034154,0.02656538,0.00386206,0.008015004167928845,0.005217054171270927,-0.0021482285382896063
LTCUSDT,2023-05-08T01:00:00+00:00,LONG,0.01220312,-0.00756657,-0.00043043,0.01976969,0.00354362,0.007965240323551748,0.008697304777914586,-0.0014774688725578764
SOLUSDT,2023-05-08T01:00:00+00:00,LONG,0.01482718,-0.01173003,-0.00053918,0.02655721,0.00313364,0.008722150483743845,0.010035656325358007,0.006513451073189899
ZECUSDT,2023-05-08T01:00:00+00:00,LONG,0.02524994,-0.01797714,-0.00165419,0.04322708,0.0048950899999999995,-0.003849005492053303,0.0,0.005011064281081413
DOGEUSDT,2023-05-08T18:00:00+00:00,LONG,0.01846003,-0.01450145,-0.00051231,0.03296148,0.02656538,0.002925404329105136,0.006535516553204911,0.007089763484394772
LTCUSDT,2023-05-08T18:00:00+00:00,LONG,0.01597026,-0.01350257,-0.00027103,0.02947283,0.01976969,-0.004674726082218945,0.007614413765838787,0.013127601651757411
SOLUSDT,2023-05-08T18:00:00+00:00,LONG,0.01642174,-0.01556271,-0.00057795,0.03198445,0.02655721,-0.003379622642255992,0.00871454603440244,0.0015634927697607873
LTCUSDT,2023-05-10T00:00:00+00:00,LONG,0.00188834,-0.0013318,-0.00039109,0.00322014,0.0020372,0.0016196353132522303,-0.006253929076299456,0.015956798459659506
SOLUSDT,2023-05-10T01:00:00+00:00,LONG,0.00099824,-0.00172953,-0.00078702,0.00272777,0.00184216,-0.0066108764904613355,-0.0039516219316964,0.01678787996279887
UNIUSDT,2023-05-10T01:00:00+00:00,LONG,0.00354218,-0.00130286,-0.00058809,0.00484504,0.00195793,-0.001612578458699055,0.0010065426114014722,0.023291587400836387
AVAXUSDT,2023-05-10T04:00:00+00:00,LONG,0.00065743,-0.00140962,-0.00031137,0.00206705,0.0019759,-0.000325828421637392,-0.00476766732704692,0.013782611652666895
AVAXUSDT,2023-05-10T12:00:00+00:00,LONG,0.00595262,-0.0081255,-0.00124005,0.01407812,0.00206705,0.000705693694081964,-0.0013486178712936404,-0.01135935797789231
DOGEUSDT,2023-05-10T12:00:00+00:00,LONG,0.00425481,-0.00458728,-0.0013127,0.00884209,0.0039787699999999995,-0.0005398839380696021,-0.0043272548929921975,-0.021688090076617074
LTCUSDT,2023-05-10T12:00:00+00:00,LONG,0.00742028,-0.0104815,-0.00072881,0.01790178,0.00322014,-0.003687773079184736,-0.0066478147076616395,-0.020828920626229323
SOLUSDT,2023-05-10T12:00:00+00:00,LONG,0.00545197,-0.00840444,-0.00106025,0.01385641,0.00272777,0.00047305928314896474,-0.002416089480982796,-0.022780464434397307
UNIUSDT,2023-05-10T12:00:00+00:00,LONG,0.00437011,-0.00484285,-0.00066384,0.00921296,0.00484504,0.00019679228637737493,-0.0035488996238229103,0.012517276674417847
ZECUSDT,2023-05-10T12:00:00+00:00,LONG,0.00856881,-0.00685564,-0.0010514,0.01542445,0.00492942,-0.005925943267547269,-0.015481107038635826,-0.028162436403035625
AVAXUSDT,2023-05-10T17:00:00+00:00,LONG,0.01730277,-0.02278563,-0.00058576,0.040088399999999996,0.01407812,0.005670168676851246,0.012987195526811112,0.004434597067865775
DOGEUSDT,2023-05-10T17:00:00+00:00,LONG,0.01738958,-0.0128923,-0.00029962,0.030281880000000004,0.00884209,0.006780625162772322,0.011046784526558247,0.010085047830872607
LTCUSDT,2023-05-10T17:00:00+00:00,LONG,0.01722695,-0.01272587,-0.00013542,0.02995282,0.01790178,0.007273671396229871,0.017591371229899722,0.01412258678047618
SOLUSDT,2023-05-10T17:00:00+00:00,LONG,0.02010315,-0.01570928,-0.00045803,0.03581243,0.01385641,0.0013507648346432204,0.008508235044687054,-0.003820952146961716
AVAXUSDT,2023-05-12T05:00:00+00:00,LONG,0.0036274,-0.00437701,-0.00105314,0.00800441,0.00795946,0.005344892802799778,0.014947760136141198,0.007165097572717571
DOGEUSDT,2023-05-12T19:00:00+00:00,LONG,0.00532684,-0.00394602,-0.00068437,0.00927286,0.00881463,-0.0001404198555983717,0.014912129162573904,0.010475687670081175
LTCUSDT,2023-05-12T19:00:00+00:00,LONG,0.00582378,-0.00508306,-0.00097958,0.010906840000000001,0.00981939,0.0037773905403788825,0.014278799710993087,0.014278799710993087
SOLUSDT,2023-05-12T19:00:00+00:00,LONG,0.00498275,-0.00514577,-0.00108007,0.01012852,0.00670744,0.003363313837990593,0.020155833507666032,0.034739375822300876
ZECUSDT,2023-05-12T19:00:00+00:00,LONG,0.00362326,-0.00392843,-0.00035475,0.00755169,0.0054499100000000005,-0.0024645730281616994,0.01526747213078838,0.00979799632625303
AVAXUSDT,2023-05-14T00:00:00+00:00,LONG,0.00041138,-0.00257839,-3.989e-05,0.0029897699999999997,0.00205918,-0.004907737841436273,0.0027458745444914495,0.007416597655049619
DOGEUSDT,2023-05-14T00:00:00+00:00,LONG,0.00178028,-0.00204736,-0.00014539,0.0038276399999999998,0.00191456,-0.004195223605053688,0.005288808430947579,0.007230287337834598
LTCUSDT,2023-05-14T00:00:00+00:00,LONG,0.00159879,-0.00169387,-0.00047732,0.00329266,0.00204019,-0.0026205792747252305,0.007202315996647598,0.018398987874358258
UNIUSDT,2023-05-14T00:00:00+00:00,LONG,6.647e-05,-0.00157888,-0.00046592,0.0016453499999999999,0.0015333599999999999,-0.0011780877074309387,0.0056746067546095385,0.010152371464017908
ZECUSDT,2023-05-14T08:00:00+00:00,LONG,0.00219807,-0.0024729,-0.00090532,0.00467097,0.00439584,0.0024562493159675856,0.006129348027828822,0.0021495478874017904
UNIUSDT,2023-05-14T15:00:00+00:00,LONG,0.00083623,-0.00121392,-0.00071955,0.00205015,0.0016453499999999999,-0.0042619204379299525,-0.009907803244044586,0.003088209364224603
AVAXUSDT,2023-05-15T00:00:00+00:00,LONG,0.00379363,-0.0036338,-0.00043992,0.0074274300000000005,0.0029897699999999997,0.018205964496572517,0.01853633550621783,0.024924029676386093
DOGEUSDT,2023-05-15T00:00:00+00:00,LONG,0.00356996,-0.00415812,-0.00044064,0.00772808,0.0038276399999999998,0.019337042669142494,0.022638283631505374,0.02030103090051011
LTCUSDT,2023-05-15T00:00:00+00:00,LONG,0.00322821,-0.00315174,-0.00065597,0.0063799500000000006,0.00329266,0.02248091806005541,0.04296264521580393,0.04781646267314473
UNIUSDT,2023-05-15T00:00:00+00:00,LONG,0.00272194,-0.00373079,-0.00053933,0.00645273,0.00205015,0.01697105005557222,0.01851724286458048,0.01793770068666725
ZECUSDT,2023-05-15T00:00:00+00:00,SHORT,0.0032562,-0.00426713,9.326e-05,0.00752333,0.00467097,-0.017063180592125603,-0.017969114520912766,-0.023687715507750288
AVAXUSDT,2023-05-16T01:00:00+00:00,LONG,0.00370334,-0.00395983,-0.00029627,0.00766317,0.00395375,0.003014976656581638,0.003215652265135087,-0.0018805835349622534
DOGEUSDT,2023-05-16T01:00:00+00:00,LONG,0.00379558,-0.00396725,-0.00106395,0.00776283,0.00455528,0.003639421710293825,0.005733078696720079,0.006569315679248907
LTCUSDT,2023-05-16T01:00:00+00:00,LONG,0.0034481,-0.00397295,-0.00023017,0.00742105,0.00617977,-0.007067167223092555,-0.006152463294692298,0.00701757265864654
SOLUSDT,2023-05-16T01:00:00+00:00,LONG,0.00391762,-0.00290395,-0.00064595,0.006821570000000001,0.0035594299999999997,0.002975764134951608,0.0017769244680276182,-0.003129290279588298
UNIUSDT,2023-05-16T01:00:00+00:00,LONG,0.00287823,-0.0041813,-0.00072523,0.00705953,0.00565337,0.004333274458337516,0.009039165495750208,0.0053154963229842065
ZECUSDT,2023-05-17T13:00:00+00:00,LONG,0.00118496,-0.00323076,-0.00188002,0.00441572,0.00413147,-0.002703110220784895,0.019014238921137735,0.01606699246120562
UNIUSDT,2023-05-17T19:00:00+00:00,LONG,0.00115637,-0.00149981,-4.719e-05,0.00265618,0.00260775,-0.002460957228774733,0.008659692669873965,0.012027959327401451
AVAXUSDT,2023-05-18T14:00:00+00:00,LONG,0.0002928,-0.0027248,-0.00045994,0.0030176,0.00263608,-0.0045098181641950175,-0.026886084322298897,-0.01953134106202362
AVAXUSDT,2023-05-18T17:00:00+00:00,SHORT,0.00396938,-0.00436814,0.00033935,0.008337520000000001,0.0030176,0.0030309315756697746,-0.014137165618170354,-0.008424418852106453
DOGEUSDT,2023-05-18T17:00:00+00:00,SHORT,0.00340248,-0.0033226,0.00021229,0.00672508,0.00323483,0.008441204207713191,-0.015858158711513685,-0.015044047404676594
LTCUSDT,2023-05-18T17:00:00+00:00,LONG,0.00335028,-0.0035631,-0.00026508,0.00691338,0.00334164,-0.0013345197710123468,0.01587684949057215,0.028161615606480166
SOLUSDT,2023-05-18T17:00:00+00:00,LONG,0.00297313,-0.00432195,-0.00011642,0.00729508,0.00294101,0.004642442158536642,0.012495243249037367,0.010292868689428941
UNIUSDT,2023-05-18T17:00:00+00:00,LONG,0.0006993,-0.00316931,-4.422e-05,0.0038686099999999998,0.00371253,0.003437085682706577,0.01443245712158606,0.01367802479610062
ZECUSDT,2023-05-18T17:00:00+00:00,LONG,0.00124326,-0.00365872,-0.0005266,0.00490198,0.0044234,0.004852906096729526,0.02373552917316034,0.021952467779503753
ZECUSDT,2023-05-20T05:00:00+00:00,LONG,0.00162622,-0.00269909,-0.00065734,0.00432531,0.00404485,-0.0030404401652665974,0.006053287248922645,0.004241145405996428
UNIUSDT,2023-05-20T19:00:00+00:00,LONG,0.00037023,-0.00150265,-0.00010543,0.00187288,0.00146106,-0.0011361485789465925,0.0007567158893062981,-0.009889772505181256
DOGEUSDT,2023-05-21T00:00:00+00:00,LONG,0.00046269,-0.0014003,-0.00068992,0.00186299,0.00163253,-0.0033886850455168184,-0.002303055952596721,-0.00965402834102016
LTCUSDT,2023-05-21T07:00:00+00:00,LONG,0.00062358,-0.00113654,-0.00079369,0.00176012,0.0014116200000000001,0.002799011408620015,-0.005296450796866585,-0.009967579816074674
ZECUSDT,2023-05-21T11:00:00+00:00,LONG,0.00135964,-0.0032835,-0.0002782,0.0046431400000000005,0.00403795,0.0,-0.009759150343286938,-0.025823752847093814
AVAXUSDT,2023-05-21T15:00:00+00:00,LONG,0.00299757,-0.00515071,-0.00015311,0.00814828,0.0018725,-0.003770954189274807,0.0009057025038252996,-0.005731876450789503
DOGEUSDT,2023-05-21T15:00:00+00:00,LONG,0.00155233,-0.00422093,-0.00120251,0.0057732600000000005,0.00186299,0.001108186842875417,0.001938521792325633,-0.010309369658861325
LTCUSDT,2023-05-21T15:00:00+00:00,LONG,0.00216269,-0.00390024,-0.00036051,0.00606293,0.00176012,-0.002621233479874304,0.0017436796048268374,-0.009424727296624528
SOLUSDT,2023-05-21T15:00:00+00:00,LONG,0.00256429,-0.00540391,-0.00079591,0.0079682,0.00183204,-0.0018592503031834014,0.002807441559201664,-0.019824717002477968
UNIUSDT,2023-05-21T15:00:00+00:00,LONG,0.0,-0.00234094,-0.00066587,0.00234094,0.00187288,-0.001935359613188851,-0.00309837583267011,-0.014803542639748743
ZECUSDT,2023-05-21T15:00:00+00:00,LONG,0.0016396,-0.00427896,-0.00145137,0.00591856,0.0046431400000000005,-0.0009198222325673623,-0.0070736878069457025,-0.023880806123326933
SOLUSDT,2023-05-21T21:00:00+00:00,LONG,0.00532847,-0.00656014,-0.00044458,0.01188861,0.0079682,0.0019869074473520395,-0.00752479811758262,0.013423700291791674
UNIUSDT,2023-05-21T21:00:00+00:00,LONG,0.00013662,-0.00223486,-0.00052112,0.00237148,0.00234094,0.0035238877499359734,-0.004914980895928651,0.006451004680371204
DOGEUSDT,2023-05-22T00:00:00+00:00,LONG,0.00191842,-0.00425548,-0.00073657,0.0061738999999999995,0.0057732600000000005,-0.0002814919089663441,0.006732143237990833,0.02624968437591365
AVAXUSDT,2023-05-23T01:00:00+00:00,LONG,0.00134837,-0.0010719,-8.387e-05,0.00242027,0.00206494,0.004946647389799931,0.006297633815221401,-0.002380386746457345
DOGEUSDT,2023-05-23T01:00:00+00:00,LONG,0.00083385,-0.00164633,-0.00053424,0.0024801800000000002,0.00194598,0.0012269103849748095,0.0012269103849748095,-0.008493201738951052
LTCUSDT,2023-05-23T01:00:00+00:00,LONG,0.00090859,-0.00162217,-0.00036167,0.00253076,0.001761,0.003936152031474487,0.01154571152502264,0.0007665772701954624
SOLUSDT,2023-05-23T01:00:00+00:00,LONG,0.00097907,-0.00172684,-0.00066634,0.00270591,0.00236049,0.004942515609189703,0.007705711619885777,0.0025247438173959915
UNIUSDT,2023-05-23T01:00:00+00:00,LONG,0.0006253,-0.00113915,-0.00021622,0.0017644499999999999,0.00175572,0.002541297428672548,0.00410196883401733,-0.0013710706290412582
LTCUSDT,2023-05-23T03:00:00+00:00,LONG,0.00111428,-0.00143154,-0.00041952,0.00254582,0.00253076,-0.004000221562115388,-0.008342862194157459,-0.011830604149279339
SOLUSDT,2023-05-23T03:00:00+00:00,LONG,0.00341975,-0.00280421,-0.00016442,0.006223960000000001,0.00270591,-0.006559042165274861,-0.010132002210183916,-0.00209821728574738
AVAXUSDT,2023-05-23T12:00:00+00:00,SHORT,0.00188784,-0.00102789,0.00013379,0.00291573,0.00242027,0.004145013239385051,0.002784098494773334,0.005780559467408845
AVAXUSDT,2023-05-24T03:00:00+00:00,LONG,0.00065086,-0.00350182,-0.00047399,0.00415268,0.00291573,0.0036758372699665772,-0.005993466962039876,-0.021278145577092275
DOGEUSDT,2023-05-24T03:00:00+00:00,LONG,0.00082062,-0.00267499,-0.00044606,0.0034956099999999997,0.00222911,-0.0007015082714904705,-0.0036532287363355894,-0.011993089075561044
LTCUSDT,2023-05-24T03:00:00+00:00,LONG,0.00706268,-0.00395301,-0.0003658,0.01101569,0.00254582,-0.009345336268462283,-0.04153202276436377,-0.03791706926209503
UNIUSDT,2023-05-24T03:00:00+00:00,LONG,0.0004108,-0.00354989,-0.00031075,0.00396069,0.00319592,0.004016069654889965,-0.004840671009312906,-0.009095565484485158
ZECUSDT,2023-05-24T03:00:00+00:00,LONG,0.0017233,-0.00348369,-0.00030091,0.00520699,0.00464743,0.006004126111040813,-0.004447275436666993,-0.01565277126668118
AVAXUSDT,2023-05-24T13:00:00+00:00,LONG,0.00310168,-0.00339877,-0.00032639,0.00650045,0.00415268,-0.011309139474472756,-0.009178910734524884,-0.019875725272803978
DOGEUSDT,2023-05-24T13:00:00+00:00,LONG,0.0116685,-0.00822876,-0.00100436,0.01989726,0.0034956099999999997,0.002417005513051117,0.004261370084967894,-0.006426298445528404
LTCUSDT,2023-05-24T13:00:00+00:00,LONG,0.00836621,-0.0070345,-0.0002353,0.015400710000000001,0.01101569,-0.003388843441848875,-0.0019851702671737836,-0.023011222439658127
SOLUSDT,2023-05-24T13:00:00+00:00,LONG,0.01729653,-0.01335763,-0.00031834,0.03065416,0.00580566,-0.006775413928497838,0.00672981646303836,-0.0010474495563309518
AVAXUSDT,2023-05-25T01:00:00+00:00,LONG,0.00472946,-0.00607272,-0.00024626,0.01080218,0.00952087,0.004149680419921274,0.014731789750458227,0.016496392290576773
ZECUSDT,2023-05-25T22:00:00+00:00,LONG,0.00183468,-0.00667939,-0.00099711,0.00851407,0.00737921,-0.0006404098841991698,-0.0035273405179684107,0.002557546151117193
DOGEUSDT,2023-05-26T12:00:00+00:00,LONG,0.00207418,-0.00145227,-0.00052659,0.0035264500000000004,0.00258202,0.0015526857519839652,-0.0002825656984046615,0.004228932155293791
LTCUSDT,2023-05-26T12:00:00+00:00,LONG,0.00264256,-0.00177482,-0.00029809,0.00441738,0.004112650000000001,0.003910748025402382,0.007234342856091524,0.0029919469960241
UNIUSDT,2023-05-26T12:00:00+00:00,LONG,0.00176248,-0.00198947,-0.0005874,0.0037519500000000004,0.00213369,-0.00020082337651590698,0.0006022282627056972,-0.0026138549113483116
DOGEUSDT,2023-05-27T13:00:00+00:00,LONG,0.00079131,-0.00215405,-0.0005043,0.0029453599999999997,0.0019785,0.003937012959339599,0.005339341053403713,0.02559249552893692
LTCUSDT,2023-05-27T13:00:00+00:00,LONG,0.00106285,-0.00200204,-0.00044421,0.00306489,0.00243561,0.001369081788292487,0.004669978303208861,0.024249764372839627
SOLUSDT,2023-05-27T13:00:00+00:00,LONG,0.00120441,-0.00158881,-0.00030378,0.00279322,0.00158441,0.003228536896154375,0.0077208615678481295,0.0552174194417443
UNIUSDT,2023-05-27T13:00:00+00:00,LONG,1.218e-05,-0.00238964,-0.00052219,0.0024018200000000003,0.00140532,0.0016006405978457453,-0.0014026652935959331,0.019040638704849944
AVAXUSDT,2023-05-27T22:00:00+00:00,LONG,0.00093052,-0.00115658,-0.00035214,0.0020870999999999997,0.00190449,0.0010308925004930125,0.0104655697172514,0.00027500859575180263
DOGEUSDT,2023-05-28T00:00:00+00:00,LONG,0.00163188,-0.00179928,-1.19e-05,0.00343116,0.0029453599999999997,-0.004248036535572452,-0.006172435754889452,-0.012244770174129888
LTCUSDT,2023-05-28T00:00:00+00:00,LONG,0.00364764,-0.00270093,-0.0002329,0.0063485699999999996,0.00306489,0.005139101914836382,0.004470280130903732,-0.0026917916657114146
SOLUSDT,2023-05-28T00:00:00+00:00,LONG,0.00473669,-0.00183924,-0.0004391,0.00657593,0.00279322,-0.00126207482409285,-0.006668151548177839,-0.0033528542792278988
ZECUSDT,2023-05-28T04:00:00+00:00,LONG,0.00150199,-0.00338378,-0.00023977,0.004885769999999999,0.00446282,0.001803426999150505,0.0006015037775341097,-0.0009029345985922534
AVAXUSDT,2023-05-28T08:00:00+00:00,LONG,0.0015232,-0.00388205,-0.00028681,0.00540525,0.0029953500000000004,-0.003305788134499544,-0.0018581609558318843,0.012164436201391042
DOGEUSDT,2023-05-28T08:00:00+00:00,LONG,0.00145172,-0.00275796,-0.00057489,0.00420968,0.00343116,-0.0019329013335347516,-0.003592652751899035,0.004678692998778139
ZECUSDT,2023-05-28T09:00:00+00:00,SHORT,0.00175676,-0.00326025,0.00033994,0.005017010000000001,0.004885769999999999,-0.0027022985968511042,0.001504438376126315,-0.019354482372765654
UNIUSDT,2023-05-28T18:00:00+00:00,LONG,0.00083385,-0.00144017,-0.00033246,0.00227402,0.00222493,-0.0017774271490935052,0.01643872634315994,0.017020855010030856
DOGEUSDT,2023-05-28T22:00:00+00:00,LONG,0.00178263,-0.00264697,-0.00025274,0.0044296,0.00420968,0.00027210884521640405,0.0009520571953404918,-0.005594611030973767
SOLUSDT,2023-05-28T22:00:00+00:00,LONG,0.00489363,-0.00305948,-0.00048571,0.00795311,0.00657593,-0.006709183167340368,-0.005988185275067222,-0.012447595538622963
UNIUSDT,2023-05-28T22:00:00+00:00,LONG,0.00075643,-0.00193264,-0.00045286,0.00268907,0.00227402,-0.0021369605023893283,-0.0021369605023893283,-0.002915170658395288
ZECUSDT,2023-05-29T04:00:00+00:00,SHORT,0.00285756,-0.00267205,0.0004515,0.00552961,0.005017010000000001,-0.003538782814208531,0.0008866558878497555,0.010095097609065027
UNIUSDT,2023-05-30T00:00:00+00:00,SHORT,0.00040271,-0.00129116,7.025e-05,0.00169387,0.0014005,-0.00682463407340994,-0.004684763594379007,-0.011090686694158356
DOGEUSDT,2023-05-30T04:00:00+00:00,SHORT,0.00071887,-0.00250578,0.00010864,0.00322465,0.0020400600000000002,0.0017905107737883443,0.001514838821663323,0.004136795750508112
LTCUSDT,2023-05-30T09:00:00+00:00,LONG,0.0010544,-0.00091228,-0.0004342,0.00196668,0.0017863699999999998,0.007695263682587883,0.00010879617048211281,-0.0005441584723707131
LTCUSDT,2023-05-30T14:00:00+00:00,LONG,0.00024094,-0.00173988,-0.00035848,0.00198082,0.00196668,0.006335357071999857,0.011439902502803538,0.005572871331665136
UNIUSDT,2023-05-30T14:00:00+00:00,LONG,0.00017297,-0.00152792,-0.00058703,0.00170089,0.00169387,0.0009738047317408231,0.0036954238300581856,0.002529922532622883
ZECUSDT,2023-05-30T16:00:00+00:00,LONG,0.00216417,-0.00340258,-0.00092344,0.0055667500000000005,0.0048776800000000006,0.005055772850906507,0.016265329754749133,-0.009887721006407488
DOGEUSDT,2023-05-31T02:00:00+00:00,LONG,0.00107651,-0.00261493,-0.00023399,0.00369144,0.00322465,0.002627758928580547,-0.006669470324747188,-0.015913233624286552
LTCUSDT,2023-05-31T02:00:00+00:00,LONG,0.00044076,-0.00372769,-0.00032349,0.00416845,0.00198082,-0.0006540222600690283,-0.026500391437621038,-0.03357470088015842
AVAXUSDT,2023-05-31T04:00:00+00:00,LONG,0.00137417,-0.00402476,-0.00063658,0.00539893,0.00420021,-0.0029785143642587176,-0.0008500992294324858,-0.005467404537948089
DOGEUSDT,2023-05-31T04:00:00+00:00,LONG,0.00238668,-0.00363968,-0.00047671,0.00602636,0.00369144,0.0007004272892646994,0.0005603810737846829,-0.004072181432950339
LTCUSDT,2023-05-31T04:00:00+00:00,LONG,0.00334517,-0.00348464,-0.00039616,0.00682981,0.00416845,-0.006629610213591298,0.0,-0.0035902652724491553
SOLUSDT,2023-05-31T04:00:00+00:00,LONG,0.00221808,-0.00341813,-0.00055129,0.00563621,0.00253131,-0.008280317508704414,-0.0007236064861431275,-0.010811964430484048
UNIUSDT,2023-05-31T04:00:00+00:00,LONG,0.00120719,-0.00205156,-0.00072418,0.00325875,0.0018531300000000001,-0.009928596254353309,0.0011848342618317686,-0.009130670818042166
ZECUSDT,2023-05-31T04:00:00+00:00,SHORT,0.00261847,-0.00321011,4.001e-05,0.00582858,0.0055667500000000005,0.008466939000382308,0.013642776403786602,0.03274967507928865
AVAXUSDT,2023-05-31T14:00:00+00:00,LONG,0.00188601,-0.00353368,-0.00091886,0.00541969,0.00539893,-0.004058244863436559,0.0007102777484488769,-0.013087975129104921
LTCUSDT,2023-05-31T14:00:00+00:00,LONG,0.00511474,-0.00239733,-0.00067522,0.007512070000000001,0.00682981,-0.0006763612026525902,0.006738569973209269,0.013098424045918109
SOLUSDT,2023-05-31T14:00:00+00:00,LONG,0.00363275,-0.00291548,-0.00077656,0.00654823,0.00563621,-0.004483656811945979,0.005189525917803945,-0.0039953278638688175
AVAXUSDT,2023-06-01T02:00:00+00:00,LONG,0.00181433,-0.00365321,-0.00062113,0.00546754,0.00541969,0.009101069662880762,0.008744321772828518,0.02108490391459618
DOGEUSDT,2023-06-02T00:00:00+00:00,LONG,0.00172219,-0.00257211,-0.00023179,0.0042943,0.00427903,0.001955854213876269,0.006551002590580024,0.006273109022027613
LTCUSDT,2023-06-02T00:00:00+00:00,LONG,0.00217933,-0.00333315,-0.0004694,0.00551248,0.0051102000000000005,-0.0032830318076707736,0.006113648219027126,-0.0008462027160326631
AVAXUSDT,2023-06-02T12:00:00+00:00,LONG,0.00280933,-0.00434523,-0.0002475,0.007154560000000001,0.0047219,-0.006189817029645668,-0.0017348465542620076,0.0024929034446161376
DOGEUSDT,2023-06-02T12:00:00+00:00,LONG,0.00303932,-0.00401687,-0.00039134,0.0070561899999999995,0.0042943,-0.004736044512045583,0.000694589178443305,0.005266817441619515
SOLUSDT,2023-06-02T12:00:00+00:00,LONG,0.00467441,-0.00322685,-1.7e-05,0.00790126,0.00522789,-0.007692710902679339,-0.0022257485569576736,0.004012751755319545
UNIUSDT,2023-06-02T12:00:00+00:00,LONG,0.00220092,-0.00282447,-0.00010603,0.005025389999999999,0.00282673,-0.004753425468427464,-0.0015819659221694064,-0.0011862397595061973
ZECUSDT,2023-06-02T12:00:00+00:00,LONG,0.00342185,-0.0029917,-0.00028056,0.0064135500000000005,0.00584637,-0.008486613877318694,-0.0034488198473615287,0.0031250025431350595
UNIUSDT,2023-06-03T15:00:00+00:00,LONG,0.00044167,-0.00072041,-4.333e-05,0.00116208,0.0011415599999999998,-0.0007855459948339697,-0.005906691715390244,0.002744561613027539
AVAXUSDT,2023-06-03T19:00:00+00:00,LONG,0.00121848,-0.00112377,-4.915e-05,0.00234225,0.00166094,0.003239706435164049,0.006263140333161175,0.01521098187063568
DOGEUSDT,2023-06-03T19:00:00+00:00,LONG,0.00201145,-0.00115552,-0.00085293,0.00316697,0.0015587700000000001,0.0013815973460451771,0.004827262666780812,0.0074380508210014264
LTCUSDT,2023-06-03T19:00:00+00:00,LONG,0.00155109,-0.00159262,-0.00022151,0.00314371,0.00233972,-0.005414423889616508,-0.002911815701285564,-0.005518835270551938
SOLUSDT,2023-06-03T19:00:00+00:00,LONG,0.00194791,-0.00096863,-0.0001843,0.00291654,0.00173363,-0.0008553913936958793,0.006203405710786871,0.02602176877200061
UNIUSDT,2023-06-03T19:00:00+00:00,LONG,0.00062158,-0.00102653,-4.16e-06,0.0016481100000000002,0.00116208,0.0009868746483372775,0.003548200056097177,0.009825192027119704
AVAXUSDT,2023-06-03T21:00:00+00:00,SHORT,0.00094527,-0.00146286,4.49e-05,0.00240813,0.00234225,-0.0033685110736623863,-0.00508277761614624,-0.016052805523257416
SOLUSDT,2023-06-04T06:00:00+00:00,LONG,0.00220989,-0.00297575,-0.0001864,0.00518564,0.00291654,-0.0028653314732863936,-0.004069369777492858,0.02587490046047551
ZECUSDT,2023-06-04T14:00:00+00:00,LONG,0.00238736,-0.0023059,-0.00021097,0.0046932599999999994,0.00467006,-0.0006205398895993665,-0.006222795438269185,-0.02512695007742176
AVAXUSDT,2023-06-04T22:00:00+00:00,LONG,0.00084429,-0.0011799,-7.104e-05,0.00202419,0.0016691,-0.005330107413737413,-0.009669097272025164,-0.00858258351581057
DOGEUSDT,2023-06-04T22:00:00+00:00,LONG,0.00086404,-0.00121787,-0.00044596,0.00208191,0.0015266,-0.0057795674847718,-0.01925667317294251,-0.01730027232534307
LTCUSDT,2023-06-04T22:00:00+00:00,LONG,0.00095777,-0.00151806,-0.00041545,0.00247583,0.00241016,-0.012349093553465548,-0.028299760906886743,-0.030460288915939496
UNIUSDT,2023-06-04T22:00:00+00:00,LONG,0.00021638,-0.00116829,-0.00019055,0.00138467,0.0013407,-0.006561311937499764,-0.019814517973294466,-0.016786964949256866
AVAXUSDT,2023-06-05T00:00:00+00:00,LONG,0.00074564,-0.0014752,-0.00028875,0.00222084,0.00202419,0.005604903757071838,-0.004003398052611256,-0.0006096528554620457
DOGEUSDT,2023-06-05T00:00:00+00:00,LONG,0.00050632,-0.0020823,-0.00049142,0.00258862,0.00208191,-0.0002769315996652285,-0.007643703396080545,-0.009039766724875681
LTCUSDT,2023-06-05T00:00:00+00:00,LONG,0.000401,-0.00299563,-0.00023689,0.00339663,0.00247583,-0.0005337033803364979,-0.0073903833397812296,-0.01332063954618494
AVAXUSDT,2023-06-05T02:00:00+00:00,LONG,0.00074993,-0.00163425,-0.00043668,0.00238418,0.00222084,-0.003266864676350063,-0.000883722568644547,0.007513997106509865
LTCUSDT,2023-06-05T02:00:00+00:00,SHORT,0.00025316,-0.00356021,1.938e-05,0.00381337,0.00339663,-0.0021556378254605673,-0.007310288414125106,0.002484741731041642
AVAXUSDT,2023-06-05T15:00:00+00:00,SHORT,0.0052525,-0.00313891,0.00265911,0.00839141,0.00238418,-0.0008584305556120923,0.004303241238571119,-0.0012873696528379389
DOGEUSDT,2023-06-05T15:00:00+00:00,SHORT,0.01080626,-0.00390462,0.00895406,0.014710879999999999,0.00258862,0.03387625283310214,0.023306925995662735,0.022856441717453536
LTCUSDT,2023-06-05T15:00:00+00:00,SHORT,0.0113543,-0.00515619,0.00640064,0.01651049,0.00381337,-0.014089619846798494,-0.015808325511930028,-0.01535029275458069
SOLUSDT,2023-06-05T15:00:00+00:00,SHORT,0.01180729,-0.0052321,0.00935068,0.01703939,0.0041908299999999996,-0.00410390446359956,-0.0038541479748765354,-0.0020040086867150406
UNIUSDT,2023-06-05T15:00:00+00:00,SHORT,0.00360143,-0.0045001,6.695e-05,0.00810153,0.00264432,0.0023135986763438404,0.011621895205985637,0.010135221894043018
ZECUSDT,2023-06-05T15:00:00+00:00,SHORT,0.0116194,-0.00447415,0.0116194,0.016093549999999998,0.0054134000000000005,0.0054719698779933795,0.004101167744214678,0.0023903033405852517
ZECUSDT,2023-06-07T14:00:00+00:00,LONG,0.00158349,-0.00386568,-0.00070856,0.00544917,0.0050387999999999995,-0.0010414859472915425,0.001386962774348806,-0.0031277175801777846
AVAXUSDT,2023-06-09T02:00:00+00:00,LONG,0.00387524,-0.00376067,-0.00068391,0.007635909999999999,0.00200051,0.0031877155153906874,0.001884878041007541,0.02394722981244482
DOGEUSDT,2023-06-09T02:00:00+00:00,LONG,0.00395056,-0.00281582,-0.00081011,0.00676638,0.00248859,0.0029529033711397324,0.001034508331380634,0.027562809370288162
LTCUSDT,2023-06-09T02:00:00+00:00,LONG,0.0039981,-0.00408534,-0.00058816,0.00808344,0.00183467,0.0014861391703528213,0.0028560023982665025,0.022063462168548785
SOLUSDT,2023-06-09T02:00:00+00:00,LONG,0.00178056,-0.00378371,-0.00057312,0.00556427,0.00351333,0.007116706067512518,0.0021992767346544475,0.010788973958723478
UNIUSDT,2023-06-09T02:00:00+00:00,LONG,0.00212199,-0.00272235,-0.00067575,0.00484434,0.00167995,0.006296839826562448,0.00043554007657135705,0.010400960502521532
ZECUSDT,2023-06-09T20:00:00+00:00,SHORT,0.00264191,-0.00238919,0.00049644,0.0050311,0.004112589999999999,-0.004150818827150295,0.00451624877408523,0.18322317630227114
DOGEUSDT,2023-06-10T00:00:00+00:00,LONG,0.01036886,-0.00129843,-0.00068512,0.01166729,0.00676638,-0.009561257283536757,-0.16065762529664487,-0.17832444299744588
SOLUSDT,2023-06-10T01:00:00+00:00,LONG,0.00428093,-0.00810656,-0.00051903,0.012387490000000001,0.00556427,-0.032369932576915283,-0.17459172105170803,-0.14190140926773973
ZECUSDT,2023-06-10T01:00:00+00:00,SHORT,0.00286421,-0.00457053,0.00040104,0.00743474,0.0050311,0.012099791748413599,0.20110312790132212,0.17759274817960638
LTCUSDT,2023-06-10T03:00:00+00:00,LONG,0.003328,-0.00379299,-0.00041179,0.00712099,0.00612763,-0.08201014286160166,-0.10026257760059505,-0.11516091902998403
AVAXUSDT,2023-06-10T04:00:00+00:00,LONG,0.13614432,-0.07885229,-0.00242102,0.21499661000000003,0.009798330000000001,-0.015069275717494762,0.037576803052439565,0.021833955619929245
DOGEUSDT,2023-06-10T04:00:00+00:00,LONG,0.1617777,-0.07976075,-0.00184764,0.24153845000000002,0.01166729,0.008633624938404465,0.004824096521736853,0.009294672723177338
SOLUSDT,2023-06-10T04:00:00+00:00,LONG,0.12828336,-0.08442778,-0.00100434,0.21271114000000002,0.025817859999999998,-0.020264399189074037,0.016894134773996292,0.007664970459166246
UNIUSDT,2023-06-10T04:00:00+00:00,LONG,0.07155808,-0.06511047,-0.00166452,0.13666855,0.01002732,-0.022053040564616436,0.010719857632196645,0.029082843743116937
ZECUSDT,2023-06-10T04:00:00+00:00,LONG,0.10861127,-0.07140674,-0.00299911,0.18001801,0.01161818,-0.03276191753354148,0.005426855314119201,-0.0267248142471998
UNIUSDT,2023-06-11T13:00:00+00:00,LONG,0.00292091,-0.00437056,-0.00021177,0.0072914699999999995,0.0063119100000000004,-0.0009928022657114965,0.010119795113192923,0.004208447850135784
AVAXUSDT,2023-06-12T02:00:00+00:00,LONG,0.0024083,-0.00652522,-0.0006011,0.00893352,0.007752739999999999,0.007232985577569354,0.011442779551384516,0.01728947363573546
LTCUSDT,2023-06-12T02:00:00+00:00,LONG,0.00393358,-0.00760305,-0.00038393,0.011536629999999999,0.00691582,0.006063021077383267,0.00973563800711328,0.01600034134644112
SOLUSDT,2023-06-12T02:00:00+00:00,LONG,0.00535362,-0.00825141,-0.00047626,0.01360503,0.00856333,0.004784062280628565,0.009281424358371104,0.017627127472309552
UNIUSDT,2023-06-12T02:00:00+00:00,LONG,0.00360124,-0.0054146,-8.986e-05,0.00901584,0.0072914699999999995,0.013241917414882601,0.024594457898498574,0.040419499042895296
ZECUSDT,2023-06-12T02:00:00+00:00,SHORT,0.00490105,-0.00485822,6.664e-05,0.00975927,0.00760484,-0.007872425161427526,-0.013223333174689433,-0.028702257297334985
DOGEUSDT,2023-06-13T12:00:00+00:00,SHORT,0.00315596,-0.00640792,0.00026146,0.00956388,0.00855194,0.0027572801508945325,0.011238818517299598,-0.0025881606165369707
LTCUSDT,2023-06-13T12:00:00+00:00,LONG,0.00404418,-0.00701388,-0.00025125,0.01105806,0.00829225,-0.007062629678312746,-0.012878478058315792,-0.006804930926725402
SOLUSDT,2023-06-13T12:00:00+00:00,LONG,0.00696202,-0.00937286,-0.00045719,0.01633488,0.008298759999999999,-0.016637147731848954,-0.03496192022516827,-0.023966574052565293
UNIUSDT,2023-06-13T12:00:00+00:00,SHORT,0.0024678,-0.00596346,0.00032574,0.00843126,0.007594439999999999,0.017863674573668598,0.050090875258604006,0.0446860918044777
ZECUSDT,2023-06-13T12:00:00+00:00,SHORT,0.00202673,-0.00579035,6.927e-05,0.00781708,0.00586099,0.0035608346230090694,0.007134394113874092,0.0015810279973187068
ZECUSDT,2023-06-14T17:00:00+00:00,SHORT,0.00173658,-0.00325872,0.0009264,0.0049953,0.00481262,0.006272070737669166,0.049669800643098526,0.04108254689275575
AVAXUSDT,2023-06-14T18:00:00+00:00,LONG,0.00163829,-0.00796274,-0.00083681,0.00960103,0.0023285299999999997,-0.0028708961709411245,-0.046688663919296165,-0.05173716673715249
DOGEUSDT,2023-06-14T18:00:00+00:00,LONG,0.00273576,-0.00543572,-0.00109975,0.00817148,0.0027437499999999997,-0.005037794029957181,-0.028444169987150388,-0.030113340796994483
LTCUSDT,2023-06-14T18:00:00+00:00,LONG,0.00318799,-0.00855929,-0.00037486,0.01174728,0.00226905,-0.007156363896759322,-0.055855124565373594,-0.06300980560841259
SOLUSDT,2023-06-14T18:00:00+00:00,LONG,0.00373734,-0.00800248,-0.00061481,0.01173982,0.00239174,-0.005358041593055861,-0.050744837516182445,-0.027488773121033573
AVAXUSDT,2023-06-14T20:00:00+00:00,LONG,0.01549794,-0.01498667,-0.002233,0.030484610000000002,0.00960103,0.01212136053234482,0.016421310117623083,-0.013712964156052599
DOGEUSDT,2023-06-14T20:00:00+00:00,LONG,0.01759639,-0.01442302,-0.00257494,0.03201941,0.00817148,0.015504186535965254,0.02250304863296701,0.02017553303525846
LTCUSDT,2023-06-14T20:00:00+00:00,LONG,0.02778807,-0.02305475,-0.00156432,0.05084282,0.01174728,0.016827983309444426,0.025136959805842435,0.011066650500763785
SOLUSDT,2023-06-14T20:00:00+00:00,LONG,0.02110478,-0.01676095,-0.00086275,0.03786573,0.01173982,0.022050994653816876,0.029203215500840277,0.040920769011117644
UNIUSDT,2023-06-14T20:00:00+00:00,LONG,0.01688047,-0.01917051,-0.00147862,0.03605098,0.005618880000000001,0.016853052034034675,0.030980431293245195,0.0022941051584685706
ZECUSDT,2023-06-14T20:00:00+00:00,LONG,0.01457847,-0.01334659,-0.00216601,0.02792506,0.00887864,0.011565597733618213,0.025026947242206565,0.010743905000450582
ZECUSDT,2023-06-15T21:00:00+00:00,LONG,0.00245789,-0.0035259,-0.00095987,0.00598379,0.00556683,-0.006047186337653825,-0.010505147114671194,-0.022765210773012433
DOGEUSDT,2023-06-16T14:00:00+00:00,LONG,0.00349321,-0.00434648,-0.0001967,0.00783969,0.00488283,0.0024328939094501465,0.010821392848462525,0.007119771175948605
LTCUSDT,2023-06-16T14:00:00+00:00,SHORT,0.00376815,-0.00529222,0.00019341,0.00906037,0.0026539199999999997,-0.0037081223789863973,-0.01029576148579239,-0.011083369822647328
SOLUSDT,2023-06-16T14:00:00+00:00,LONG,0.00512239,-0.00677442,-0.00027662,0.01189681,0.00777884,0.020609565675872594,0.035694204998673186,0.041717136462735914
AVAXUSDT,2023-06-17T05:00:00+00:00,LONG,0.00523327,-0.00596539,-0.00050138,0.01119866,0.00641711,-0.0056127369049573245,-0.0056127369049573245,-0.010142852776454523
LTCUSDT,2023-06-17T05:00:00+00:00,LONG,0.0030983,-0.00635948,-0.00036492,0.009457779999999999,0.00906037,-0.004131703747267783,-0.0018055202222363232,-0.008150637010447326
SOLUSDT,2023-06-17T05:00:00+00:00,SHORT,0.01431104,-0.01390331,3.654e-05,0.02821435,0.01189681,0.012784532089043352,0.011964937427270237,0.02528747159363158
DOGEUSDT,2023-06-18T00:00:00+00:00,LONG,0.00454529,-0.00293964,-0.00024928,0.007484929999999999,0.00658741,0.0032341554710434576,0.002426596677256767,0.008547749810347284
AVAXUSDT,2023-06-18T20:00:00+00:00,LONG,0.00549862,-0.00903766,-0.00061889,0.014536279999999999,0.0039257,-0.0016684965451425262,-0.007044142889793708,-0.008990012953631638
DOGEUSDT,2023-06-18T20:00:00+00:00,LONG,0.00539751,-0.00728394,-0.00097325,0.01268145,0.007484929999999999,-0.001782387249803448,0.002102369982742608,0.001294289130689298
LTCUSDT,2023-06-18T20:00:00+00:00,LONG,0.00421732,-0.00411145,-0.00016946,0.00832877,0.00299351,-0.0037523496185505757,-0.004789963200620726,-0.0023273866207774163
SOLUSDT,2023-06-18T20:00:00+00:00,LONG,0.00702586,-0.00805099,-0.00070625,0.01507685,0.00376573,-0.004851709229175484,0.001934111878793754,-0.003037649774782129
UNIUSDT,2023-06-18T20:00:00+00:00,LONG,0.00527055,-0.00506942,-0.0007333,0.01033997,0.00209388,-0.0031270965844360926,-0.006488444287140875,-0.008735636244045535
LTCUSDT,2023-06-19T18:00:00+00:00,LONG,0.00440163,-0.00467616,-0.00049858,0.00907779,0.00832877,0.007949478235077476,0.011059900649469653,0.006390631465786253
SOLUSDT,2023-06-20T17:00:00+00:00,SHORT,0.0052099,-0.00793941,1.537e-05,0.013149309999999999,0.01038426,-0.0022652839760100027,-0.004769484399035205,-0.03735660378728
AVAXUSDT,2023-06-21T01:00:00+00:00,LONG,0.0032521,-0.00348581,-0.00049964,0.00673791,0.00484142,0.0024433959053150292,0.009334104537280879,-0.0004078137163490621
DOGEUSDT,2023-06-21T01:00:00+00:00,LONG,0.00359122,-0.00344452,-0.00017613,0.00703574,0.00471496,0.004228998392975039,0.010616805421695222,0.005790766631706868
LTCUSDT,2023-06-21T01:00:00+00:00,LONG,0.00580977,-0.00328018,-0.00067609,0.00908995,0.00676984,0.002559884374689189,0.02816070563053844,0.029109584838253752
UNIUSDT,2023-06-21T01:00:00+00:00,LONG,0.0039645,-0.00254889,-0.00033041,0.00651339,0.00651236,-0.0006499837732899972,0.005400164327393413,-0.013519612812930296
ZECUSDT,2023-06-21T01:00:00+00:00,LONG,0.00327787,-0.00352706,-0.00059284,0.00680493,0.00472689,0.0070619137564612924,0.01444202105408367,0.006320898531742038
DOGEUSDT,2023-06-21T17:00:00+00:00,LONG,0.00477612,-0.00254648,-0.00030983,0.0073226,0.00703574,0.004263749416622086,-0.003516016769020205,0.035969710151805154
AVAXUSDT,2023-06-22T11:00:00+00:00,LONG,0.01618956,-0.01306181,-0.00043167,0.02925137,0.0063393600000000005,0.012440872689955654,-0.0036841115547437825,-0.010302477976048148
DOGEUSDT,2023-06-22T11:00:00+00:00,LONG,0.0220074,-0.01765928,-0.00041603,0.039666679999999996,0.0073226,0.011033135422524713,0.003943581631371966,-0.004111785279865908
LTCUSDT,2023-06-22T11:00:00+00:00,LONG,0.01323448,-0.00978685,-0.00034358,0.02302133,0.00728211,0.005132403660994227,-0.001404330248349136,0.004434079610269395
SOLUSDT,2023-06-22T11:00:00+00:00,LONG,0.0171242,-0.01451652,-0.00058221,0.03164072,0.00849793,0.01027709712768421,0.002549584850317916,-0.013387720872379242
AVAXUSDT,2023-06-23T15:00:00+00:00,LONG,0.00226855,-0.00264869,-0.00014539,0.00491724,0.00427242,0.009757650884966208,0.008100275185405336,0.01486315037501628
DOGEUSDT,2023-06-23T15:00:00+00:00,LONG,0.00355672,-0.00469562,-0.00078609,0.00825234,0.0041859,0.002945076491796586,0.0076392320969362205,0.002503867572219324
LTCUSDT,2023-06-23T15:00:00+00:00,LONG,0.00358837,-0.00391362,-0.00029873,0.00750199,0.0043501,0.012896169757352964,0.03526255135565216,0.037982753239730244
SOLUSDT,2023-06-23T15:00:00+00:00,LONG,0.00460718,-0.00560661,-0.00108418,0.01021379,0.005873089999999999,0.003413776122837857,0.008921817705612779,0.023252118342502223
UNIUSDT,2023-06-23T15:00:00+00:00,LONG,0.00311461,-0.00320454,-0.00034345,0.00631915,0.00400559,0.0006157003786086149,0.0,-0.003908263742601897
ZECUSDT,2023-06-23T16:00:00+00:00,LONG,0.0047761,-0.01163073,-0.00053251,0.01640683,0.00474543,0.018298456357579193,0.025457171095100116,0.023757357665250518
AVAXUSDT,2023-06-24T15:00:00+00:00,LONG,0.00900426,-0.00695967,-0.00048842,0.01596393,0.01545237,0.0017889788149330255,0.010455080714096955,0.04862332602984627
LTCUSDT,2023-06-24T15:00:00+00:00,LONG,0.01517184,-0.00786328,-0.00056421,0.02303512,0.01864103,0.008310139462108252,0.0183491386681964,0.02773258553399425
UNIUSDT,2023-06-25T22:00:00+00:00,LONG,0.00537313,-0.00688886,-0.00049463,0.01226199,0.00428719,-0.004600247325063685,-0.027358177843461333,0.0012842860218592492
AVAXUSDT,2023-06-26T01:00:00+00:00,LONG,0.00214853,-0.00506679,-0.00045221,0.00721532,0.00297652,0.0029459552219371484,0.0056576170221274815,0.03120482550119848
DOGEUSDT,2023-06-26T01:00:00+00:00,LONG,0.00298526,-0.00372878,-0.0001626,0.00671404,0.00378079,0.003045996872295707,0.0018287112685440347,0.015288271736983416
LTCUSDT,2023-06-26T01:00:00+00:00,LONG,0.00437514,-0.00479249,-0.00013316,0.00916763,0.00470658,-0.0013791520402320976,-0.0009192233210747784,0.03231919708590004
SOLUSDT,2023-06-26T01:00:00+00:00,LONG,0.00280551,-0.00435138,-0.00080844,0.007156890000000001,0.00508806,0.0006602046874262026,0.005747142255568071,0.02601551121865158
ZECUSDT,2023-06-26T01:00:00+00:00,LONG,0.00134224,-0.00656134,-0.00042819,0.00790358,0.005016339999999999,-0.013373653019126141,-0.0059960206290349035,0.05429443242906879
AVAXUSDT,2023-06-26T16:00:00+00:00,LONG,0.01271708,-0.01408069,-0.00026838,0.02679777,0.00721532,0.0015198726233013563,-0.004191600085882198,0.007198909580218135
DOGEUSDT,2023-06-26T16:00:00+00:00,LONG,0.00827849,-0.01028517,-0.00089292,0.01856366,0.00671404,-0.00371057939653549,-0.006813281234046513,0.004772543890541724
LTCUSDT,2023-06-26T16:00:00+00:00,LONG,0.00607141,-0.00632696,-0.00016589,0.01239837,0.00916763,-0.0003456022152939434,0.0009210223998990997,0.013386161786021821
SOLUSDT,2023-06-26T16:00:00+00:00,LONG,0.00850163,-0.01292945,-0.00073151,0.021431079999999998,0.007156890000000001,-0.006323889072035094,-0.010520907947366532,0.010593061432165108
AVAXUSDT,2023-06-28T02:00:00+00:00,LONG,0.00086246,-0.00490387,-0.00075251,0.00576633,0.00478498,0.006953056442148033,0.0019362589792528855,-0.01193229209089658
SOLUSDT,2023-06-28T02:00:00+00:00,LONG,0.00154549,-0.0043959,-0.00045959,0.00594139,0.00517974,0.01184317220598096,-0.0015444018513740248,0.008298802814695284
UNIUSDT,2023-06-28T02:00:00+00:00,LONG,0.00099654,-0.00435636,-0.00092741,0.0053529,0.00410453,0.005446424667359802,-0.004104373982271397,-0.02408328003437957
ZECUSDT,2023-06-28T02:00:00+00:00,LONG,0.0016816,-0.00386955,-0.00139135,0.0055511499999999995,0.00526865,0.007098221454532686,-0.0003392705715325261,-0.0027173929765000266
DOGEUSDT,2023-06-28T07:00:00+00:00,LONG,0.00819786,-0.00719439,-0.00057396,0.01539225,0.00576532,0.0035845125265686778,0.004828293781439391,-0.03576066387909809
LTCUSDT,2023-06-28T07:00:00+00:00,LONG,0.0067636,-0.00387941,-4.4e-05,0.01064301,0.0062217,0.008812700240574182,0.01068273351110938,-0.026671436869737504
SOLUSDT,2023-06-28T07:00:00+00:00,LONG,0.00915121,-0.00857975,-0.0007109,0.01773096,0.00594139,0.007555216856747971,0.015115518096591245,-0.003893499015524218
UNIUSDT,2023-06-28T07:00:00+00:00,LONG,0.00349976,-0.00378948,-0.00027392,0.007289240000000001,0.0053529,0.008063766774753865,0.0017756737426779343,-0.052083495930051356
ZECUSDT,2023-06-28T07:00:00+00:00,LONG,0.00497196,-0.0054154,-0.00023313,0.01038736,0.0055511499999999995,0.0034317123589131084,0.0034317123589131084,-0.014194456775690692
AVAXUSDT,2023-06-28T19:00:00+00:00,LONG,0.01986586,-0.01106875,-0.00090494,0.03093461,0.01059342,0.0011430438867006717,0.007811903995952161,0.010159798043001619
DOGEUSDT,2023-06-28T19:00:00+00:00,LONG,0.03914531,-0.02867558,-0.0012873,0.06782089,0.01539225,0.005807404610064251,0.011261380272539014,0.01668577136507462
LTCUSDT,2023-06-28T19:00:00+00:00,LONG,0.02495736,-0.01253204,-0.00069076,0.0374894,0.01064301,0.004112245756320048,0.005559598559942029,0.01742099683618019
SOLUSDT,2023-06-28T19:00:00+00:00,LONG,0.01844119,-0.01006427,-0.00067151,0.02850546,0.01773096,0.00720983656674975,0.004645331642881746,0.02215260770595661
UNIUSDT,2023-06-28T19:00:00+00:00,LONG,0.01991613,-0.01125763,-0.00057126,0.031173760000000002,0.007289240000000001,0.0006238952058459557,0.0047732787526575905,0.02445411078652248
ZECUSDT,2023-06-28T19:00:00+00:00,LONG,0.04025356,-0.02577795,-0.00091987,0.06603151,0.01038736,0.008682117395285485,0.006605273450446339,0.054305843138348645
SOLUSDT,2023-06-29T20:00:00+00:00,LONG,0.00303868,-0.00437189,-0.00046793,0.00741057,0.0043982299999999995,0.009598801442304808,0.03592932352313437,0.07797723590196977
DOGEUSDT,2023-06-30T02:00:00+00:00,LONG,0.00150336,-0.00223866,-0.00052299,0.00374202,0.00368812,0.014027204949606072,0.00773159874333779,-0.010141283575872746
LTCUSDT,2023-06-30T02:00:00+00:00,LONG,0.00502701,-0.00408058,-0.00025871,0.00910759,0.00451994,0.07324962710248653,0.06791460738751282,0.07814113917134405
SOLUSDT,2023-06-30T02:00:00+00:00,SHORT,0.00374472,-0.00484759,0.00024456,0.008592309999999999,0.00741057,-0.025817195939930475,-0.004484191311493622,0.015442426205790205
UNIUSDT,2023-06-30T02:00:00+00:00,LONG,0.00204892,-0.00175845,-0.00024134,0.00380737,0.0037653,0.024210475750599474,0.012178504477959474,-0.01674012786249576
ZECUSDT,2023-06-30T04:00:00+00:00,LONG,0.00149151,-0.0031817,-0.00033695,0.00467321,0.00414109,-0.0037209345256901854,0.02807630253009592,0.04033905526834036
DOGEUSDT,2023-06-30T05:00:00+00:00,SHORT,0.00115266,-0.00334678,9.405e-05,0.00449944,0.00374202,-0.001850139288161595,-0.01379332213233577,-0.01774289433316918
ZECUSDT,2023-06-30T08:00:00+00:00,LONG,0.00246365,-0.00326677,-0.00034919,0.00573042,0.00467321,-0.0057358647824505065,0.017012796541049702,-0.013028513328591906
AVAXUSDT,2023-06-30T13:00:00+00:00,LONG,0.04216422,-0.03071167,-0.00669403,0.07287589,0.00660227,-7.931786639103723e-05,0.0328461091052712,0.039730027983369776
DOGEUSDT,2023-06-30T13:00:00+00:00,LONG,0.04764039,-0.03403593,-0.00567307,0.08167632,0.00449944,0.006765819216686543,0.040531456580904686,0.08471951997822567
LTCUSDT,2023-06-30T13:00:00+00:00,LONG,0.06044939,-0.04454698,-0.01109256,0.10499637,0.0176203,0.014220231259098206,0.1283976604576364,0.1143135774431988
SOLUSDT,2023-06-30T13:00:00+00:00,LONG,0.06327629,-0.04186732,-0.00963869,0.10514361,0.008592309999999999,0.007285202484431199,0.07828138174614413,0.02812779301761489
UNIUSDT,2023-06-30T13:00:00+00:00,LONG,0.03637015,-0.02950878,-0.00775206,0.06587893,0.00418061,0.0020116683509034685,0.046428479940484976,0.06528079491969412
ZECUSDT,2023-06-30T13:00:00+00:00,LONG,0.05572043,-0.04498599,-0.01052573,0.10070641999999999,0.00573042,0.011503313541101465,0.0738175699446242,0.06769956105823915
SOLUSDT,2023-07-02T00:00:00+00:00,LONG,0.00311355,-0.00416211,-0.00024414,0.00727566,0.005844739999999999,-0.004236044834006105,0.031236902754023115,0.012337300861458305
ZECUSDT,2023-07-02T00:00:00+00:00,LONG,0.00135787,-0.00523033,-0.00055319,0.0065882,0.0057599,-0.012849422272262847,-0.014354313451683054,-0.01134679238772793
SOLUSDT,2023-07-02T02:00:00+00:00,SHORT,0.00283333,-0.00674073,0.00028955,0.00957406,0.00727566,-0.009800587215593922,-0.020455621890244614,-0.027915206806720775
LTCUSDT,2023-07-02T09:00:00+00:00,SHORT,0.00889264,-0.00099703,0.00020567,0.00988967,0.00732351,0.008783503746807114,-0.003060583899569943,-0.012364640996820246
AVAXUSDT,2023-07-02T15:00:00+00:00,LONG,0.00606758,-0.00553247,-0.00050796,0.01160005,0.0058472,0.0037601241401473673,-0.0006921746094465744,0.029095165431825328
SOLUSDT,2023-07-02T15:00:00+00:00,LONG,0.00689566,-0.00702371,-0.00034305,0.01391937,0.00957406,0.0065133339595056855,0.004037063606242187,0.014825763165796178
ZECUSDT,2023-07-02T15:00:00+00:00,LONG,0.00324235,-0.00677652,-0.00015321,0.010018870000000001,0.0065882,-0.006077198892091225,-0.01772662554587504,0.02866723630739083
LTCUSDT,2023-07-03T16:00:00+00:00,SHORT,0.01184868,-0.00653698,0.00040754,0.01838566,0.01262284,-0.012424841048507381,-0.0025348556031881157,-0.01770287543192892
AVAXUSDT,2023-07-04T16:00:00+00:00,LONG,0.0014371,-0.00318928,-0.0002305,0.00462638,0.00427653,-0.007262305917870256,-0.011980731719107508,-0.014807210817132719
DOGEUSDT,2023-07-04T19:00:00+00:00,LONG,0.00281483,-0.00401727,-0.00107691,0.0068321,0.0045966800000000006,0.002035180234377833,0.0023255824434754366,0.002035180234377833
LTCUSDT,2023-07-04T19:00:00+00:00,SHORT,0.01084472,-0.00991098,2.19e-06,0.020755700000000002,0.0050441900000000005,-0.01285218975817779,0.007925560703422195,0.0008563681002926425
SOLUSDT,2023-07-04T19:00:00+00:00,LONG,0.00200594,-0.00374762,-0.00011655,0.00575356,0.00493926,-0.0034421673381900826,-0.01905411275491834,-0.009740587746678112
UNIUSDT,2023-07-04T19:00:00+00:00,LONG,0.00219052,-0.00460184,-3.835e-05,0.006792360000000001,0.003972160000000001,0.001841621146649554,0.014275498651098648,0.04628538400547312
ZECUSDT,2023-07-04T19:00:00+00:00,LONG,0.0005269,-0.00370866,-0.00077632,0.00423556,0.00297238,0.009358558869368218,0.00514295491477723,0.024566843642558917
AVAXUSDT,2023-07-05T10:00:00+00:00,SHORT,0.00917108,-0.01120876,0.00030986,0.02037984,0.00613768,0.0015016797921741248,-0.001893641089770588,0.002926406960511337
DOGEUSDT,2023-07-05T10:00:00+00:00,LONG,0.00844621,-0.01159811,-0.00063864,0.020044319999999997,0.0068321,-0.0013543001091863049,0.004950133861170223,0.00435142107573606
SOLUSDT,2023-07-05T10:00:00+00:00,LONG,0.01131921,-0.02029937,-8.202e-05,0.03161858,0.00575356,0.00439584711288096,0.010900455246311315,0.010794162729204582
DOGEUSDT,2023-07-06T11:00:00+00:00,LONG,0.00396765,-0.0039113,-0.00046393,0.00787895,0.00483019,-0.006147406719819329,-0.017187216386258364,-0.03204769667231692
UNIUSDT,2023-07-06T12:00:00+00:00,LONG,0.00084288,-0.00455863,-0.00070411,0.00540151,0.00503342,-0.006494131738876634,-0.010597849491952657,-0.021309217524017262
AVAXUSDT,2023-07-06T14:00:00+00:00,LONG,0.00422897,-0.00702583,-9.722e-05,0.0112548,0.00495687,0.0183564611617985,0.024270138951846376,0.012725771000739454
DOGEUSDT,2023-07-06T14:00:00+00:00,LONG,0.00374667,-0.00743774,-0.00121568,0.01118441,0.00787895,0.006101300196176892,0.01382685554838794,0.003512794753896606
LTCUSDT,2023-07-06T14:00:00+00:00,LONG,0.01004175,-0.01022882,-0.00031426,0.02027057,0.01152818,0.0036600284859106837,0.0044715521660736324,-0.009414723654266688
SOLUSDT,2023-07-06T14:00:00+00:00,LONG,0.0060698,-0.00820099,-0.00032273,0.01427079,0.00917426,0.020162283614920482,0.07284117863831174,0.050673803205855905
UNIUSDT,2023-07-06T14:00:00+00:00,LONG,0.00162243,-0.00712714,-0.00054799,0.00874957,0.00540151,0.011475998394526241,0.026882335601113146,0.018373220256619322
ZECUSDT,2023-07-06T14:00:00+00:00,LONG,0.00759656,-0.00958353,-0.00020115,0.01718009,0.00860374,0.01824926585907324,0.024574397636042133,0.0025814793296836925
SOLUSDT,2023-07-07T12:00:00+00:00,LONG,0.00703768,-0.01123894,-0.00080299,0.01827662,0.01427079,0.0007194417442622419,0.02922055563231672,0.035584234585039946
AVAXUSDT,2023-07-08T19:00:00+00:00,LONG,0.0004288,-0.00328126,-0.000106,0.00371006,0.00277815,0.002949202167119469,0.00662351553075842,0.029107781539649605
DOGEUSDT,2023-07-08T19:00:00+00:00,LONG,0.00017097,-0.00255956,-0.00066103,0.0027305299999999997,0.0021934,0.00245173276350851,0.0076417917347573975,0.006423022540628028
UNIUSDT,2023-07-08T19:00:00+00:00,LONG,0.0,-0.00337357,-0.00052482,0.00337357,0.0024019,-0.0015387577569757314,0.008230499136515444,0.012035678765951196
SOLUSDT,2023-07-09T15:00:00+00:00,LONG,0.00053232,-0.00594009,-0.00020497,0.0064724100000000005,0.0045206,0.0010347585702928173,0.0015517366102410462,-0.0002823928102731546
AVAXUSDT,2023-07-10T00:00:00+00:00,LONG,0.00495281,-0.0056106,-0.00113128,0.01056341,0.00285323,-0.00753185755367968,-0.0036082125893995114,-0.004738454204650768
DOGEUSDT,2023-07-10T00:00:00+00:00,LONG,0.01182717,-0.01389843,-0.00090262,0.0257256,0.00197645,-0.00046616425364427207,0.0054225866857118415,0.001707412133848347
LTCUSDT,2023-07-10T00:00:00+00:00,LONG,0.01002049,-0.01359286,-0.00064027,0.023613349999999998,0.00288948,-0.0012879684081639343,0.003853981860562878,0.011411631330809491
SOLUSDT,2023-07-10T00:00:00+00:00,LONG,0.01035662,-0.00701437,-0.00049446,0.01737099,0.0064724100000000005,-0.002913574052586293,0.004900454652996009,-0.013782723522873184
UNIUSDT,2023-07-10T00:00:00+00:00,LONG,0.00590874,-0.00884648,-0.00081539,0.01475522,0.00264032,-0.004107585237445513,0.0033128745100083905,0.006226912511857929
ZECUSDT,2023-07-10T00:00:00+00:00,LONG,0.01192938,-0.01297253,-0.00104867,0.02490191,0.00463423,0.0035587226169939328,0.030544765321858607,0.019418085857101516
ZECUSDT,2023-07-12T00:00:00+00:00,LONG,0.00015892,-0.00476381,-6.1e-06,0.00492273,0.00272061,0.006219785082430036,0.008628181223338189,0.0188846813905272
AVAXUSDT,2023-07-12T12:00:00+00:00,LONG,0.00337599,-0.00449719,-0.00031101,0.00787318,0.00210102,-0.0015093203378421251,-0.017496262532692937,-0.02473597375969704
DOGEUSDT,2023-07-12T12:00:00+00:00,LONG,0.00354865,-0.00267836,-0.00066649,0.00622701,0.0028759799999999998,-0.0023004380975415336,-0.00614630084869429,-0.00846093809843286
LTCUSDT,2023-07-12T12:00:00+00:00,LONG,0.0059582,-0.00634016,-0.00022216,0.012298360000000001,0.00229921,-0.0003105107927448847,-0.01176300452453255,-0.006645232635771581
SOLUSDT,2023-07-12T12:00:00+00:00,LONG,0.01880497,-0.01501857,-0.00081477,0.03382354,0.0027930499999999996,0.004110635340069934,-0.0032288471479757362,-0.023419637628517006
ZECUSDT,2023-07-12T12:00:00+00:00,SHORT,0.00451986,-0.00489139,0.00025803,0.00941125,0.00492273,0.007168489478612404,0.016115555356592207,0.010600201837525641
DOGEUSDT,2023-07-12T19:00:00+00:00,LONG,0.00203312,-0.00532003,-2.956e-05,0.007353149999999999,0.00622701,0.005442825037601121,0.013167257080182609,0.010238997301094286
AVAXUSDT,2023-07-13T15:00:00+00:00,SHORT,0.01190367,-0.01244686,0.00172157,0.024350530000000002,0.0033208400000000002,-0.011060288838684299,-0.030197228340555153,-0.07741079350897354
DOGEUSDT,2023-07-13T15:00:00+00:00,LONG,0.00816396,-0.0088215,-0.00439521,0.01698546,0.007353149999999999,0.01966314269156692,0.03809153636277672,0.0494391758603143
LTCUSDT,2023-07-13T15:00:00+00:00,SHORT,0.01388526,-0.01542478,0.00645556,0.029310040000000002,0.00459025,0.008812355079923704,-0.001169134973390101,0.010387158554990244
SOLUSDT,2023-07-13T15:00:00+00:00,SHORT,0.05251467,-0.06187616,0.00541721,0.11439083,0.0050747299999999995,-0.04903915782138024,-0.08433077235269265,-0.17042937053556134
UNIUSDT,2023-07-13T15:00:00+00:00,SHORT,0.00812965,-0.00901162,0.00084514,0.01714127,0.00323291,-0.020278846550834093,-0.04015462176781693,-0.07456109645346812
ZECUSDT,2023-07-13T15:00:00+00:00,SHORT,0.01124152,-0.00915799,0.00078955,0.02039951,0.00391345,-0.013076355007707194,-0.04535268285742944,-0.08330263247399669
AVAXUSDT,2023-07-14T16:00:00+00:00,SHORT,0.01244755,-0.01027918,0.00010202,0.02272673,0.0190755,0.03421265587587504,0.0743459068814177,0.06929206940860713
LTCUSDT,2023-07-14T16:00:00+00:00,SHORT,0.01018698,-0.00688259,0.00011996,0.01706957,0.01273303,0.03467149108099167,0.06791874606668781,0.05709980303327125
UNIUSDT,2023-07-14T16:00:00+00:00,SHORT,0.0079577,-0.00614903,0.00026935,0.01410673,0.012866490000000001,0.021474231198078085,0.05423066002196742,0.0507859442491852
AVAXUSDT,2023-07-14T18:00:00+00:00,LONG,0.0173056,-0.02228783,-0.00054611,0.03959343,0.02272673,0.004483055981240086,0.015465303011557654,0.041192608227096625
DOGEUSDT,2023-07-14T18:00:00+00:00,LONG,0.01251119,-0.01423268,-0.00031448,0.02674387,0.02137922,0.0075371671377444,0.0115045516672141,0.03641532565854625
LTCUSDT,2023-07-14T18:00:00+00:00,LONG,0.01284742,-0.01976208,-0.00085294,0.0326095,0.01706957,0.0016091834186385972,0.011316444028086185,0.01724364173635352
UNIUSDT,2023-07-14T18:00:00+00:00,LONG,0.01411204,-0.01506154,-0.00067339,0.029173579999999998,0.01410673,-0.007079369979207185,-0.0032744535935493825,0.002749142624921935
ZECUSDT,2023-07-14T18:00:00+00:00,LONG,0.0096477,-0.01498748,-0.00041908,0.02463518,0.02348758,-0.0064474755909696485,0.003848625661294235,0.026634421587883053
DOGEUSDT,2023-07-15T21:00:00+00:00,SHORT,0.00076723,-0.00283804,0.0002996,0.00360527,0.00304541,-0.001393728448603883,-0.0006971070341557344,0.009247648921659973
UNIUSDT,2023-07-16T01:00:00+00:00,LONG,0.00038431,-0.00179006,-0.00064817,0.00217437,0.0018632000000000002,-0.008848847537694418,-0.0046749284345308844,0.002932300505570585
AVAXUSDT,2023-07-16T02:00:00+00:00,LONG,0.00788195,-0.00787525,-0.00018303,0.0157572,0.0029254399999999996,-0.003708286078919209,0.003489688443406995,0.013277694809569897
DOGEUSDT,2023-07-16T02:00:00+00:00,LONG,0.00940194,-0.01253762,-0.00021043,0.021939559999999997,0.00360527,-0.00198075899509133,-0.000141352746012416,0.00844480739949839
LTCUSDT,2023-07-16T02:00:00+00:00,LONG,0.00838385,-0.0064287,-0.0002216,0.01481255,0.00148294,-0.004871342895784504,0.0010558548124829448,0.003901106745122088
SOLUSDT,2023-07-16T02:00:00+00:00,LONG,0.0131308,-0.01140118,-0.00037259,0.024531980000000002,0.00538428,-0.01920880175744458,0.007667861643884602,0.02902073237609454
DOGEUSDT,2023-07-17T05:00:00+00:00,LONG,0.00371941,-0.00349348,-0.0002853,0.00721289,0.00646236,-0.008383449966571999,-0.035836991223473905,-0.04758732588261905
AVAXUSDT,2023-07-17T10:00:00+00:00,LONG,0.00581261,-0.01161141,-0.00059846,0.017424020000000002,0.00560703,0.0022658085173382207,0.019584383352799127,0.016730321340962973
DOGEUSDT,2023-07-17T10:00:00+00:00,LONG,0.00584371,-0.01033415,-0.00090673,0.016177860000000002,0.00721289,0.002311137819126054,0.01264566355665895,0.006199111613028677
LTCUSDT,2023-07-17T10:00:00+00:00,LONG,0.00353823,-0.00958565,-0.00085239,0.01312388,0.00680461,0.0003296160003472898,0.011472401162236781,0.011689650782904282
SOLUSDT,2023-07-17T10:00:00+00:00,LONG,0.00529358,-0.0124972,-0.00014982,0.01779078,0.0060909,0.0009220839749683388,0.0048957453352032184,-0.017720663246857202
UNIUSDT,2023-07-17T10:00:00+00:00,LONG,0.00439777,-0.01059498,-0.00031576,0.01499275,0.0037030400000000003,0.006022559716254159,0.01795994567377961,0.01948446532197489
ZECUSDT,2023-07-17T10:00:00+00:00,LONG,0.00600957,-0.01295373,-0.00047233,0.0189633,0.00419303,0.0012795907056252546,0.028090848156281926,0.03460552917747574
SOLUSDT,2023-07-18T11:00:00+00:00,LONG,0.00551473,-0.00579516,-0.00044509,0.01130989,0.010406789999999999,0.005739125393587721,0.019513393493313918,0.020766919198038223
AVAXUSDT,2023-07-18T16:00:00+00:00,LONG,0.00965914,-0.00962789,-0.00052269,0.01928703,0.00714235,0.005485794037449917,-0.006535496357934551,0.015798116876591092
DOGEUSDT,2023-07-18T16:00:00+00:00,LONG,0.00417643,-0.00751517,-0.00034635,0.0116916,0.006240310000000001,0.004856879074321661,0.003828601348755768,0.02376378317258694
LTCUSDT,2023-07-18T16:00:00+00:00,LONG,0.00626857,-0.00657955,-0.00061859,0.012848120000000001,0.006453749999999999,0.002986893088493838,0.005414078746104994,0.03462512468106177
SOLUSDT,2023-07-18T16:00:00+00:00,LONG,0.00658239,-0.01152118,-6.863e-05,0.01810357,0.01130989,0.002679487772271319,-0.003636655126636263,0.036456418639396075
UNIUSDT,2023-07-18T16:00:00+00:00,LONG,0.00391051,-0.00494327,-0.00059377,0.008853779999999999,0.00701067,0.007935879554967584,-0.005268984740202878,0.012633874772979926
ZECUSDT,2023-07-18T16:00:00+00:00,LONG,0.00530795,-0.00777239,-0.0003559,0.01308034,0.00524899,0.0035466746834297487,-0.001939864817826703,0.020144566092467495
DOGEUSDT,2023-07-19T15:00:00+00:00,LONG,0.00464164,-0.00828229,-0.00115552,0.01292393,0.0116916,-0.016987951003809676,-0.005913011737703285,-0.013994150207605601
AVAXUSDT,2023-07-20T14:00:00+00:00,LONG,0.00797545,-0.00826236,-0.00067048,0.01623781,0.0029354100000000003,-0.00021714740775126792,-0.005006359086945126,0.01172801873113185
LTCUSDT,2023-07-20T14:00:00+00:00,LONG,0.0073194,-0.00600596,-0.00038262,0.013325360000000001,0.00202851,-0.0007599197022052164,-0.0030431498324571798,0.00799831328359706
SOLUSDT,2023-07-20T14:00:00+00:00,LONG,0.00902821,-0.00477204,-0.00051469,0.01380025,0.0027574500000000003,-0.01572888106470006,-0.02728608008372936,-0.020687988437867025
UNIUSDT,2023-07-20T14:00:00+00:00,LONG,0.00368939,-0.00410622,-0.0004676,0.00779561,0.00281933,-0.0003390980025710597,-0.0011873464205542736,0.04734416082351293
ZECUSDT,2023-07-20T14:00:00+00:00,SHORT,0.00449495,-0.0041738,0.0001803,0.00866875,0.00278867,0.0054513522845613975,0.018070837017018893,-0.01617798963882002
AVAXUSDT,2023-07-21T19:00:00+00:00,LONG,0.00053594,-0.00238996,-0.00016598,0.0029259,0.00188791,0.0012890291100252952,0.0014321520528774007,-0.0018648692823911267
DOGEUSDT,2023-07-21T19:00:00+00:00,LONG,0.00073688,-0.00276463,-0.00050239,0.00350151,0.00287887,0.0095799281994648,0.006305709721837167,-0.002891966485722136
LTCUSDT,2023-07-21T19:00:00+00:00,LONG,0.00053609,-0.00244704,-0.00033165,0.00298313,0.00165862,-0.0023434182006762446,0.00042548665677547964,0.005411440867486995
SOLUSDT,2023-07-21T19:00:00+00:00,LONG,0.00150952,-0.00352892,-0.00049899,0.00503844,0.00427949,-0.001785714760234755,-0.011311455343426712,-0.000776005936586452
AVAXUSDT,2023-07-22T10:00:00+00:00,LONG,0.00141053,-0.00409386,-0.00085986,0.0055043900000000005,0.0029259,0.00036378188039873127,0.0008728542887600372,-0.006058191588129502
DOGEUSDT,2023-07-22T10:00:00+00:00,LONG,0.00653838,-0.00685232,-0.00046312,0.0133907,0.00350151,0.0011185683492910977,0.0039095274593133125,-0.008711590853901299
LTCUSDT,2023-07-22T10:00:00+00:00,LONG,0.003007,-0.00309837,-0.00040956,0.006105370000000001,0.00298313,-0.0007471050029988752,-0.0026707990877372022,-0.010402796371063517
SOLUSDT,2023-07-22T10:00:00+00:00,LONG,0.0027134,-0.00255817,-0.00033322,0.00527157,0.00503844,-0.000820168375761317,0.0014434238954509678,-0.01712808877496445
UNIUSDT,2023-07-22T10:00:00+00:00,LONG,0.00037864,-0.00268961,-0.00099364,0.00306825,0.00250696,0.0024368463037566625,-0.0022797599842895823,-0.005218537609533547
AVAXUSDT,2023-07-22T23:00:00+00:00,LONG,0.00950892,-0.01080396,-0.00077245,0.02031288,0.0055043900000000005,-0.005268051508174885,0.0035458410498593364,0.003914477467938862
LTCUSDT,2023-07-22T23:00:00+00:00,LONG,0.00360045,-0.00402298,-0.00042431,0.00762343,0.006105370000000001,-0.002283975107830505,0.004552359910460476,0.004552359910460476
SOLUSDT,2023-07-22T23:00:00+00:00,LONG,0.02645157,-0.01549404,-0.00059825,0.04194561,0.00527157,-0.008604142071760783,0.007518985209313999,0.005776365571146919
UNIUSDT,2023-07-22T23:00:00+00:00,LONG,0.00280461,-0.00356061,-8.973e-05,0.0063652199999999996,0.00306825,0.0020020026706729687,0.00914311082203951,0.01162224604766363
AVAXUSDT,2023-07-24T01:00:00+00:00,LONG,0.00057836,-0.00192354,-0.00021525,0.0025019,0.00188142,-0.0013458952233550141,-0.0013458952233550141,-0.021907508568621135
LTCUSDT,2023-07-24T04:00:00+00:00,LONG,0.00035916,-0.00109753,-0.00056109,0.00145669,0.00136239,0.002057502485543461,-0.0010845988048042183,-0.03642786880879241
UNIUSDT,2023-07-24T04:00:00+00:00,LONG,0.00198671,-0.00156811,-0.000564,0.00355482,0.00213109,-0.0008320160227036476,-0.0055041419919605655,-0.03745248364707522
DOGEUSDT,2023-07-24T07:00:00+00:00,SHORT,0.00256882,-0.0022128,0.00072009,0.00478162,0.00244266,0.03274200619540157,0.007461255898143601,0.02108670645913568
AVAXUSDT,2023-07-24T09:00:00+00:00,SHORT,0.0169899,-0.01471879,0.00029568,0.03170869,0.0025019,-0.01875247081768482,-0.015625919294520278,-0.015625919294520278
LTCUSDT,2023-07-24T09:00:00+00:00,SHORT,0.02471182,-0.0169089,6.509e-05,0.04162072,0.00145669,-0.003922232853670206,-0.00011227755022181435,0.001910649639972775
SOLUSDT,2023-07-24T09:00:00+00:00,SHORT,0.03031817,-0.02155437,0.00158131,0.051872539999999995,0.00296847,-0.016081814710806722,-0.005119901959802282,-0.005885631354429857
UNIUSDT,2023-07-24T09:00:00+00:00,SHORT,0.00763409,-0.00753998,0.00069856,0.01517407,0.00355482,-0.011049836186584935,0.00875617234946149,0.013249785164968643
ZECUSDT,2023-07-24T09:00:00+00:00,SHORT,0.0391739,-0.02458596,0.00283758,0.06375986,0.0028215899999999997,-0.029225524451423898,-0.027606090899121125,0.001667500803257047
DOGEUSDT,2023-07-25T16:00:00+00:00,LONG,0.00376296,-0.00418446,-0.00074908,0.00794742,0.00347714,0.020087470217058184,0.013807048120435636,0.0036256837867708336
LTCUSDT,2023-07-25T16:00:00+00:00,LONG,-2.68e-05,-0.00118958,-0.0006354,0.00116278,0.00112656,0.006061985335024293,0.003035586118754023,0.0075158803515161425
UNIUSDT,2023-07-26T01:00:00+00:00,LONG,0.00021592,-0.00238977,-0.00010782,0.00260569,0.00207525,0.012398987843470556,0.009828512604129189,0.0017313023715095906
ZECUSDT,2023-07-26T01:00:00+00:00,LONG,0.00031758,-0.00261117,-2.087e-05,0.00292875,0.0029225099999999997,0.0074349784875179905,0.014480805320720816,0.009117064670502953
UNIUSDT,2023-07-26T09:00:00+00:00,LONG,0.0027602,-0.00116284,-0.00020791,0.00392304,0.00260569,-0.0012082507726918438,-0.0027638642572568317,0.002067896652799747
LTCUSDT,2023-07-26T13:00:00+00:00,LONG,0.00092072,-0.00102757,-0.00031595,0.00194829,0.00194269,-0.00011170064239488741,-0.009088421603953015,0.020233981261635434
SOLUSDT,2023-07-26T14:00:00+00:00,LONG,0.00194131,-0.00151301,-0.00030758,0.00345432,0.00311148,0.01664848579645012,0.024331904282895573,0.010483213311021098
SOLUSDT,2023-07-26T17:00:00+00:00,LONG,0.00098789,-0.00253745,-0.00022218,0.00352534,0.00345432,0.015871754579128206,0.021635459295878148,0.024168910100696415
AVAXUSDT,2023-07-26T18:00:00+00:00,LONG,0.00360813,-0.00513982,-0.00012267,0.00874795,0.00243107,0.005638476765967813,0.0021087520994087297,-0.004003782496722051
DOGEUSDT,2023-07-26T18:00:00+00:00,LONG,0.0037134,-0.00704694,-0.00031565,0.01076034,0.00577214,0.002292994635252912,-0.004473708490361534,-0.0019148534605641135
LTCUSDT,2023-07-26T18:00:00+00:00,LONG,0.0035457,-0.00382026,-0.00066443,0.0073659599999999995,0.00194829,0.0016788856145640125,0.008144185138994377,0.015340452009589582
LTCUSDT,2023-07-28T14:00:00+00:00,LONG,0.00017627,-0.00132874,-0.00037442,0.00150501,0.00147412,-0.0014175892456269707,-0.00568245436832086,-0.006120906638854705
UNIUSDT,2023-07-29T16:00:00+00:00,LONG,0.00025915,-0.00128805,-0.0002156,0.0015471999999999999,0.0014948300000000002,0.010042196474780218,0.02380681840610225,0.034715155170240465
ZECUSDT,2023-07-29T16:00:00+00:00,LONG,0.00045439,-0.00162572,-0.00018173,0.00208011,0.001996,0.0,0.0026324464033723504,-0.004292560660913863
DOGEUSDT,2023-07-29T18:00:00+00:00,LONG,0.00381669,-0.0013227,-0.0005,0.005139390000000001,0.00231924,-0.005305706813827739,-0.009893724037938492,-0.017253577630283113
LTCUSDT,2023-07-29T20:00:00+00:00,LONG,0.0002852,-0.00142805,-0.00058239,0.00171325,0.0010505,0.00412103392031613,0.03565325858971715,0.029446958754780934
LTCUSDT,2023-07-30T01:00:00+00:00,LONG,0.00025506,-0.00149802,-7.755e-05,0.0017530800000000002,0.00171325,-0.003603607503298433,0.0020081389193029016,-0.002542374250776688
SOLUSDT,2023-07-30T07:00:00+00:00,LONG,0.00023145,-0.00176222,-0.00053396,0.00199367,0.0015015,0.0024451360012694725,0.00200465146116098,-0.027587395214897566
UNIUSDT,2023-07-30T09:00:00+00:00,SHORT,0.00076048,-0.00155536,0.0001561,0.00231584,0.00205975,0.006879326692520588,0.007664071298436399,0.008449432212124687
UNIUSDT,2023-07-30T11:00:00+00:00,LONG,0.00166563,-0.00100784,-0.00025539,0.00267347,0.00231584,0.002341007701973445,-0.003913899321136329,0.002185110905336789
AVAXUSDT,2023-07-30T13:00:00+00:00,LONG,0.00043844,-0.00111759,-4.231e-05,0.00155603,0.00154925,0.008672427191366594,0.013690600475251783,0.0012867579264763172
ZECUSDT,2023-07-30T14:00:00+00:00,LONG,0.00043424,-0.00199147,-0.00062157,0.00242571,0.00208011,0.0,-0.001328903850053863,0.007277570988693355
LTCUSDT,2023-07-30T16:00:00+00:00,LONG,0.00096517,-0.00102522,-0.00051806,0.00199039,0.0017530800000000002,-0.001679966795784413,-0.019064335066728413,-0.024317630450074
DOGEUSDT,2023-07-30T19:00:00+00:00,LONG,0.00544059,-0.00868765,-0.00105203,0.01412824,0.00384544,0.007821054034428045,0.003725834592121944,0.011517915915754053
LTCUSDT,2023-07-30T19:00:00+00:00,LONG,0.0047803,-0.00713251,-0.00042312,0.01191281,0.00199039,0.0061136029963597726,0.010913868227520595,0.0027932979056126536
SOLUSDT,2023-07-30T19:00:00+00:00,LONG,0.00520949,-0.01537748,-0.00010239,0.02058697,0.00199367,0.0013605163814500762,-0.00012377514198366255,0.010097778929554371
UNIUSDT,2023-07-30T19:00:00+00:00,SHORT,0.00329633,-0.00533935,0.00022222,0.00863568,0.00267347,-0.0004742708175216634,-0.014131181923737525,-0.024831446845633032
ZECUSDT,2023-07-30T19:00:00+00:00,LONG,0.00440088,-0.00641317,-0.00038166,0.01081405,0.00242571,0.005759799084633379,0.015174798019235132,0.023174840686311527
AVAXUSDT,2023-08-01T02:00:00+00:00,LONG,0.00712796,-0.0132741,-0.00041887,0.02040206,0.00993393,-0.005784256054334657,0.001500020018362966,-0.0008694621738897934
DOGEUSDT,2023-08-01T02:00:00+00:00,LONG,0.00697267,-0.00859382,-0.0006596,0.01556649,0.012601669999999999,-0.0001313283868194471,0.005891997405374911,0.00393185303390064
LTCUSDT,2023-08-01T02:00:00+00:00,LONG,0.01142647,-0.01998962,-0.00043388,0.03141609,0.00855116,-0.002885044167133239,0.0021030501967786684,0.02570554443914333
SOLUSDT,2023-08-01T02:00:00+00:00,LONG,0.00831174,-0.01947882,-0.00056872,0.02779056,0.009814699999999999,-0.0001709986324274792,0.005881617773694242,-0.011954560772983625
UNIUSDT,2023-08-01T02:00:00+00:00,LONG,0.0036027,-0.01206083,-0.00031615,0.01566353,0.0037358699999999996,-0.009332778893012348,0.0003095975256928294,-0.0026354561413284524
LTCUSDT,2023-08-02T14:00:00+00:00,LONG,0.00783813,-0.00816425,-0.00059702,0.01600238,0.01196927,0.00044964029534550165,-0.01575192635068954,-0.0113072213298863
AVAXUSDT,2023-08-02T16:00:00+00:00,LONG,0.00593549,-0.00767137,-0.0017153,0.01360686,0.00307279,0.004716424267119212,0.003998405966695202,-0.0004007213036992982
DOGEUSDT,2023-08-02T16:00:00+00:00,LONG,0.00693743,-0.01086245,-0.00047822,0.017799879999999997,0.00497475,0.004964121014423023,0.0033568343035510874,0.0020154524793497075
LTCUSDT,2023-08-02T16:00:00+00:00,LONG,0.01679823,-0.01616093,-0.00078856,0.03295916,0.01600238,-0.0013810567277383508,0.005962636631471362,0.00022999080138183463
SOLUSDT,2023-08-02T16:00:00+00:00,LONG,0.00933066,-0.01171616,-0.00128461,0.02104682,0.007672160000000001,0.004901651647104453,0.004901651647104453,0.006760589129876284
UNIUSDT,2023-08-02T16:00:00+00:00,LONG,0.00584484,-0.00726466,-0.00144472,0.0131095,0.00343687,-0.00822784346433162,-0.00871394895879402,-0.010660737373781771
AVAXUSDT,2023-08-03T22:00:00+00:00,LONG,0.0022043,-0.00275846,-0.0005535,0.00496276,0.0026147199999999996,-0.001285760382854336,0.0016048791761135506,-0.0006426735439710822
DOGEUSDT,2023-08-03T22:00:00+00:00,LONG,0.00548986,-0.00386192,-0.00092858,0.00935178,0.00585352,-0.0027155481724825277,0.005813576841515491,0.004194580265537444
LTCUSDT,2023-08-03T22:00:00+00:00,LONG,0.0266945,-0.01654279,-0.00055419,0.04323729,0.0027551999999999997,-0.01204833851617448,-0.007332204253374931,-0.003479098944471344
SOLUSDT,2023-08-03T22:00:00+00:00,LONG,0.0046099,-0.0041898,-0.000459,0.0087997,0.00678051,-0.0028236143351973437,-0.0011020256344417545,0.007068097998963924
UNIUSDT,2023-08-03T22:00:00+00:00,LONG,0.00272083,-0.00296557,-0.00014552,0.0056863999999999994,0.00356576,-0.0009839292364805527,-0.00016392099044986605,0.0034361483535052867
SOLUSDT,2023-08-04T12:00:00+00:00,LONG,0.00451721,-0.00489773,-0.00086764,0.00941494,0.0087997,0.00981201657850765,0.01318945934787359,-0.020491356393308822
AVAXUSDT,2023-08-04T20:00:00+00:00,LONG,0.0021494,-0.00571418,-0.00035395,0.00786358,0.00496276,0.0029909888511813953,0.004201007955782168,-0.0012961764614466856
ZECUSDT,2023-08-06T00:00:00+00:00,LONG,0.0,-0.00200966,-0.00030882,0.00200966,0.00184805,0.004089985251525066,0.011882672492362953,0.005449604767564685
UNIUSDT,2023-08-06T02:00:00+00:00,LONG,0.00225098,-0.0013668,-0.00044128,0.00361778,0.0018471,-0.0011448198159333073,-0.0034383988030325975,-0.01216920131821873
LTCUSDT,2023-08-06T15:00:00+00:00,LONG,0.00020954,-0.00115407,-0.00015423,0.0013636100000000001,0.00129675,0.00716936055837264,0.008258487549314407,0.013686400278743526
LTCUSDT,2023-08-07T01:00:00+00:00,LONG,0.00083298,-0.00062836,-0.00011579,0.00146134,0.00136462,0.0034845334146105184,-0.0015659823714580512,-0.007854550682775255
SOLUSDT,2023-08-07T01:00:00+00:00,LONG,0.00134042,-0.00144703,-0.00020735,0.00278745,0.00270454,0.0,-0.007490671729157626,-0.027364622728855093
UNIUSDT,2023-08-07T08:00:00+00:00,LONG,0.00058589,-0.00111756,-0.0002147,0.00170345,0.0016864900000000001,0.003217342543314536,0.000678196024638339,-0.009714605585634894
UNIUSDT,2023-08-07T12:00:00+00:00,LONG,0.00055952,-0.00157426,-0.00010026,0.00213378,0.00170345,-0.00851068966790873,-0.014339610680455635,-0.005438490630938509
LTCUSDT,2023-08-07T14:00:00+00:00,LONG,0.00022908,-0.00131702,-0.0002864,0.0015461,0.00146134,-0.0075582463923373625,-0.011113260862718648,-0.0025536585896577956
ZECUSDT,2023-08-07T14:00:00+00:00,LONG,0.0,-0.00225257,-0.00058847,0.00225257,0.00182971,-0.007845852971145303,-0.011963909580062814,-0.006476927363803741
DOGEUSDT,2023-08-07T15:00:00+00:00,LONG,0.00046875,-0.00189181,-0.00070907,0.0023605600000000003,0.0021399,-0.011202302940448026,-0.0024483146070953927,0.00217125882559643
AVAXUSDT,2023-08-07T16:00:00+00:00,SHORT,0.00410232,-0.00554228,4.066e-05,0.0096446,0.0022868,-0.003881615742175897,-0.007426575948270472,-0.010878869530009177
SOLUSDT,2023-08-07T16:00:00+00:00,LONG,0.00449756,-0.0070183,-5.732e-05,0.01151586,0.00278745,0.007353459964352867,0.016698098069445534,0.025353163349912118
UNIUSDT,2023-08-07T16:00:00+00:00,LONG,0.00269346,-0.00700544,-5.788e-05,0.0096989,0.00213378,0.005315968962315384,0.0039468090701823095,0.01077393918889966
SOLUSDT,2023-08-08T19:00:00+00:00,LONG,0.0017937,-0.00147365,-0.00051318,0.00326735,0.00297253,-0.004119008290983449,-0.015007662353906027,-0.000651386254355713
AVAXUSDT,2023-08-08T21:00:00+00:00,LONG,0.00203127,-0.00138665,-0.0005213,0.0034179199999999996,0.00231715,-0.003308392147231045,-0.0030717150919666683,-0.005203827875026998
LTCUSDT,2023-08-08T21:00:00+00:00,LONG,0.00084869,-0.00206194,-0.0004835,0.00291063,0.00198693,-0.004045216700062532,-0.00023750148550064686,-0.003568458645739935
UNIUSDT,2023-08-08T21:00:00+00:00,LONG,0.00108463,-0.00161973,-0.00064874,0.0027043600000000003,0.00228433,-0.005434348491289445,-0.002466498002880084,0.007852158780522745
UNIUSDT,2023-08-09T23:00:00+00:00,LONG,0.00207125,-0.00095697,-0.00051487,0.0030282200000000003,0.0021191499999999998,0.0017590154051796245,0.007970710141448102,0.0003200512109251572
AVAXUSDT,2023-08-10T05:00:00+00:00,LONG,0.00035373,-0.0013697,-7.777e-05,0.00172343,0.0016434000000000002,-0.005350809396417455,-0.0028715023320230767,-0.0031111668029125553
AVAXUSDT,2023-08-10T12:00:00+00:00,LONG,0.00131633,-0.0023143,-6.882e-05,0.00363063,0.00172343,0.005236029415942449,-0.0002386539926205866,-0.004544194051583499
LTCUSDT,2023-08-10T12:00:00+00:00,LONG,0.00204131,-0.00230607,-0.00014902,0.00434738,0.00176637,0.002624047307209326,-0.007913710365360413,-0.0058693346909068946
SOLUSDT,2023-08-10T12:00:00+00:00,LONG,0.0040636,-0.00574513,-0.00027415,0.00980873,0.00236044,0.003036255191700018,-0.005529368454391019,0.00424818068543447
AVAXUSDT,2023-08-11T16:00:00+00:00,LONG,0.00017627,-0.00284683,-0.00056893,0.0030231,0.00156265,0.0007261871461259889,0.0025796064284548605,0.004590304013424432
DOGEUSDT,2023-08-11T16:00:00+00:00,LONG,0.00138408,-0.00373693,-0.00063744,0.00512101,0.002436,-0.0005315614743104474,0.001062276026063921,0.009125236897644398
LTCUSDT,2023-08-11T16:00:00+00:00,LONG,5.347e-05,-0.00246945,-0.00046315,0.00252292,0.0012160299999999999,-0.00012040214330366337,0.0,0.007556257842175042
ZECUSDT,2023-08-11T16:00:00+00:00,LONG,4.299e-05,-0.00227361,-0.0006794,0.0023166000000000003,0.00216652,0.0013513515569991777,-0.0003381234182678284,-0.0013531801794199703
SOLUSDT,2023-08-12T22:00:00+00:00,LONG,0.00097962,-0.00097537,-0.000578,0.00195499,0.00156111,-0.003007279878238042,-0.006829530000319559,-0.007918525207462442
AVAXUSDT,2023-08-13T00:00:00+00:00,LONG,0.0002034,-0.00195723,-0.00027032,0.0021606299999999998,0.00140516,-0.0008907243797137682,-0.0023499869005220247,-0.0007287154688693327
LTCUSDT,2023-08-13T02:00:00+00:00,LONG,0.00030473,-0.0012799,-0.00048554,0.00158463,0.00088153,-0.0004802497390899891,-0.0024035584218829093,-0.004330573350364336
DOGEUSDT,2023-08-13T14:00:00+00:00,LONG,0.00042604,-0.00158866,-0.00029554,0.0020147,0.00161367,-0.004480766590086654,-0.0027651607585355556,-0.020591893319788175
DOGEUSDT,2023-08-13T22:00:00+00:00,SHORT,0.00044035,-0.00459183,1.5e-05,0.00503218,0.00286076,-0.0008032128945884532,0.002279279662096525,-0.0052093886592644596
LTCUSDT,2023-08-13T22:00:00+00:00,LONG,0.00066404,-0.00252048,-0.00052247,0.0031845199999999997,0.00158463,0.0015889510157260478,0.003419224237295738,0.005975991929492068
UNIUSDT,2023-08-13T22:00:00+00:00,LONG,0.00015343,-0.00128734,-0.00058744,0.00144077,0.00135496,0.0011514106050420575,0.012755692166323771,0.021653267649229365
AVAXUSDT,2023-08-14T02:00:00+00:00,LONG,0.00044051,-0.0024785,-0.00019736,0.0029190099999999997,0.00193346,0.002114681552587796,0.0057641726474690885,0.010851187533655503
SOLUSDT,2023-08-14T02:00:00+00:00,LONG,0.00035823,-0.00291249,-8.993e-05,0.00327072,0.00162867,0.002340334873705736,0.003160208659075906,0.012134732465993395
UNIUSDT,2023-08-14T02:00:00+00:00,SHORT,0.00047423,-0.00134218,7.607e-05,0.0018164099999999999,0.00145627,0.002603320702305615,-0.0017858597164576132,-0.014358559179757018
AVAXUSDT,2023-08-14T18:00:00+00:00,LONG,0.00028235,-0.00313318,-0.00030984,0.00341553,0.0029190099999999997,0.0018712123590356982,0.004630954370331158,0.0013834074713138071
LTCUSDT,2023-08-14T18:00:00+00:00,LONG,0.00037534,-0.00309914,-0.00062097,0.00347448,0.0031845199999999997,0.0008537106439596931,0.001341218270921202,-0.0019540797619976343
SOLUSDT,2023-08-14T18:00:00+00:00,LONG,0.00061475,-0.00396112,-0.00038954,0.00457587,0.00327072,0.005009099546530682,0.014872852333858459,0.010714675937458519
UNIUSDT,2023-08-14T18:00:00+00:00,LONG,0.00059083,-0.00180566,-0.00043536,0.00239649,0.0018164099999999999,0.00016021789668187815,0.006388777520337759,0.00016021789668187815
ZECUSDT,2023-08-14T18:00:00+00:00,LONG,0.00016862,-0.00317431,-0.00052981,0.00334293,0.00223459,0.0003388107774236723,0.0033829531586517707,-0.006459311936397367
DOGEUSDT,2023-08-14T20:00:00+00:00,LONG,0.00446102,-0.00235803,-9.706e-05,0.00681905,0.00503218,0.006172030863648421,0.00536914041505801,0.00215111672085722
AVAXUSDT,2023-08-15T19:00:00+00:00,LONG,0.04465039,-0.03547787,-0.00145415,0.08012826,0.0020377200000000002,0.004347277016574872,0.009860671533148633,-0.0023091735726007297
DOGEUSDT,2023-08-15T19:00:00+00:00,LONG,0.04543037,-0.03496306,-0.00082862,0.08039342999999999,0.00681905,-0.003945890125437589,-0.003522370672505781,-0.006349227678658668
LTCUSDT,2023-08-15T19:00:00+00:00,LONG,0.03495932,-0.02447338,-0.00065357,0.059432700000000005,0.00149146,0.003902075566029681,-0.000757002307157001,-0.005691534999788097
SOLUSDT,2023-08-15T19:00:00+00:00,LONG,0.01646826,-0.01778375,-0.0009415,0.03425201,0.00290797,0.000873308021319764,-0.006134604528264073,-0.025194069635271
UNIUSDT,2023-08-15T19:00:00+00:00,LONG,0.02433377,-0.01385644,-0.00118512,0.03819021,0.0022628600000000002,0.005182658093815805,-0.0026854665350183296,-0.02031901940350257
ZECUSDT,2023-08-15T19:00:00+00:00,LONG,0.05523089,-0.03674199,-0.00071667,0.09197288,0.00213897,0.009396527396082611,0.020841573641955536,-0.0014534886279831975
AVAXUSDT,2023-08-16T20:00:00+00:00,LONG,0.0060357,-0.01498179,-0.00090579,0.02101749,0.0057519400000000005,-0.006372266893932949,-0.0029155827518408924,0.01000710598218284
DOGEUSDT,2023-08-16T20:00:00+00:00,LONG,0.01536169,-0.01813351,-0.00080712,0.0334952,0.013285149999999999,-0.0016331382146653303,-0.0034177906812007486,0.0029625262372391164
LTCUSDT,2023-08-16T20:00:00+00:00,LONG,0.02039522,-0.02228243,-0.00077667,0.04267765,0.00523294,-0.015640065332288174,-0.003081666537408112,0.006134988567515929
SOLUSDT,2023-08-16T20:00:00+00:00,LONG,0.01358479,-0.01562237,-0.00079215,0.02920716,0.0056806,0.005360294029708886,0.021572753880946337,0.017728173668664717
UNIUSDT,2023-08-16T20:00:00+00:00,LONG,0.01082359,-0.0116743,-0.00041327,0.02249789,0.00563627,-0.008733679968754666,0.006822189269882861,0.006638416412616659
AVAXUSDT,2023-08-17T21:00:00+00:00,LONG,0.04304893,-0.0732492,-0.00150609,0.11629813,0.01675295,0.011572885755620784,0.01599579796739398,0.03873987420854281
DOGEUSDT,2023-08-17T21:00:00+00:00,SHORT,0.06987117,-0.05821969,0.00317589,0.12809086,0.02003508,-0.037404475754669236,-0.02208474980467441,-0.044816691450245916
LTCUSDT,2023-08-17T21:00:00+00:00,SHORT,0.14880019,-0.09354771,0.01128388,0.2423479,0.01592005,-0.039949141158348765,-0.03627097609202057,-0.03427297342934764
SOLUSDT,2023-08-17T21:00:00+00:00,SHORT,0.05908772,-0.06103455,0.00468858,0.12012227,0.020822269999999997,-0.034078707509784194,-0.0239351498247644,-0.03239524372752804
UNIUSDT,2023-08-17T21:00:00+00:00,SHORT,0.06019663,-0.06567654,0.00269784,0.12587317,0.01620558,-0.022441050898207072,-0.018233892533926245,-0.012394753825074907
ZECUSDT,2023-08-17T21:00:00+00:00,SHORT,0.07825864,-0.06801123,0.00434585,0.14626987000000002,0.01018103,-0.043711433090416425,-0.0457460217882038,-0.04248868991789737
AVAXUSDT,2023-08-19T20:00:00+00:00,LONG,0.0,-0.00221783,-0.0013794,0.00221783,0.00209691,0.003620669600802909,0.005287336653272048,0.003342621496689707
UNIUSDT,2023-08-19T20:00:00+00:00,LONG,0.0,-0.00251956,-0.0009888,0.00251956,0.00183465,0.0016386730418201632,0.006334955282186925,-0.0016413626992300952
LTCUSDT,2023-08-21T00:00:00+00:00,LONG,0.00155487,-0.00188892,-0.00094551,0.0034437900000000004,0.00147844,0.011909389271930387,0.0,-0.003950772499412117
SOLUSDT,2023-08-21T01:00:00+00:00,LONG,0.00015036,-0.00209668,-0.00044981,0.00224704,0.00159597,-0.003114181326447494,9.28117314695547e-05,-0.00815456162461358
UNIUSDT,2023-08-21T04:00:00+00:00,LONG,-1.935e-05,-0.0026558,-0.00056957,0.00263645,0.00167887,0.007011783728817068,0.0010342332083322964,-0.017958302618941824
AVAXUSDT,2023-08-21T05:00:00+00:00,LONG,0.00131766,-0.00144397,-0.00077656,0.00276163,0.0018937799999999999,-0.002885199079029203,-0.011403058413512504,-0.04272125670476968
DOGEUSDT,2023-08-21T05:00:00+00:00,LONG,0.0015911,-0.00267186,-0.00059811,0.00426296,0.00191173,-0.007255552334091753,-0.010109073610863118,-0.02853465296553436
LTCUSDT,2023-08-21T05:00:00+00:00,LONG,0.00302988,-0.0045864,-0.00069124,0.00761628,0.0034437900000000004,-0.007715037132953815,-0.009691172153176372,-0.003471963635672797
SOLUSDT,2023-08-21T05:00:00+00:00,LONG,0.00244048,-0.00264421,-0.00048338,0.00508469,0.00224704,-0.007779240348816831,-0.014018266098711115,-0.021480987300300774
AVAXUSDT,2023-08-21T10:00:00+00:00,LONG,0.00035496,-0.00262569,-0.00019623,0.00298065,0.00276163,0.0031322696578762635,-0.0031421116067959884,-0.015617083867845879
SOLUSDT,2023-08-21T10:00:00+00:00,LONG,0.00133304,-0.00392876,-8.578e-05,0.0052618,0.00508469,0.006333322993933559,0.007745752607275776,0.0066630683863740355
UNIUSDT,2023-08-21T10:00:00+00:00,LONG,0.00087597,-0.00365348,-0.00085029,0.00452945,0.00371159,0.013058533579702936,0.008310872685452744,0.0006257169877736779
AVAXUSDT,2023-08-21T15:00:00+00:00,LONG,0.00928313,-0.00997444,-0.00095955,0.01925757,0.00298065,-0.0005832037490341764,0.006875541538641944,0.0
DOGEUSDT,2023-08-21T15:00:00+00:00,LONG,0.01022377,-0.01014179,-0.00098938,0.020365559999999998,0.00426296,0.0013008131915570123,0.019017494980209094,0.017899373307933605
LTCUSDT,2023-08-21T15:00:00+00:00,LONG,0.00863571,-0.00720979,-0.00073495,0.0158455,0.00761628,0.006152918965486082,0.02272998475219209,0.026193061314171585
SOLUSDT,2023-08-21T15:00:00+00:00,LONG,0.0121153,-0.01735318,-0.0008437,0.02946848,0.0052618,0.00975570608265446,0.027201867736286394,0.018564238218414082
UNIUSDT,2023-08-21T15:00:00+00:00,LONG,0.0060811,-0.00628369,-0.00109736,0.01236479,0.00452945,-0.0008424600329778792,0.011928570865273812,-0.006971613744425292
ZECUSDT,2023-08-21T15:00:00+00:00,LONG,0.00654583,-0.00848804,-1.459e-05,0.015033870000000001,0.00253313,0.0,0.015837894506812018,0.020661054982241252
AVAXUSDT,2023-08-22T16:00:00+00:00,LONG,0.00077873,-0.00481923,-0.00121177,0.00559796,0.0034381900000000003,-0.013205171473734092,0.00020026033910905506,0.015599700315441134
DOGEUSDT,2023-08-22T16:00:00+00:00,LONG,0.00238326,-0.0041759,-0.00129599,0.00655916,0.00413741,-0.017027898653109504,-0.0022537034651817153,0.008167232523077203
LTCUSDT,2023-08-22T16:00:00+00:00,LONG,0.00134864,-0.00386801,-0.00039214,0.00521665,0.00302597,-0.019614481112109384,-0.022559078357910496,-0.014982698862071122
SOLUSDT,2023-08-22T16:00:00+00:00,LONG,0.00197346,-0.00382059,-0.00043789,0.00579405,0.00446596,-0.02382816075515131,-0.019174917370539044,-0.0025711319861906976
UNIUSDT,2023-08-22T16:00:00+00:00,LONG,0.00074172,-0.00367414,-0.0001431,0.00441586,0.00307464,-0.01862735253696522,-0.010353845730741877,0.004282661792000728
AVAXUSDT,2023-08-22T21:00:00+00:00,LONG,0.00820413,-0.00935521,-0.00085361,0.01755934,0.00559796,0.014458083175229917,0.022005288810612915,0.027136541435000935
DOGEUSDT,2023-08-22T21:00:00+00:00,LONG,0.00711605,-0.00749542,-0.00094527,0.01461147,0.00655916,0.01568976787002523,0.022567044076426745,0.03366241864048694
LTCUSDT,2023-08-22T21:00:00+00:00,LONG,0.02061326,-0.01510533,-0.0002263,0.03571859,0.00521665,0.016010387508556,0.027005465367583678,0.025618395714663532
SOLUSDT,2023-08-22T21:00:00+00:00,LONG,0.01940487,-0.01578006,-0.00070955,0.03518493,0.00579405,0.019814428516426105,0.03183803377635132,0.04304642204642664
UNIUSDT,2023-08-22T21:00:00+00:00,LONG,0.00452077,-0.00707399,-0.00049274,0.011594759999999999,0.00441586,0.01782655902773436,0.026835628970100205,0.036187450579795
ZECUSDT,2023-08-22T21:00:00+00:00,LONG,0.00242899,-0.00594531,-0.00066906,0.0083743,0.00487867,0.01053494346318,0.03246127532849556,0.011743402824748287
ZECUSDT,2023-08-24T14:00:00+00:00,LONG,0.0,-0.00295734,-0.00139825,0.00295734,0.0029347699999999997,-0.003254681473542149,-0.0097959967031821,0.0032441228776240246
AVAXUSDT,2023-08-24T17:00:00+00:00,LONG,0.0013965,-0.00397166,-0.00046278,0.00536816,0.0024985,-0.0015860431556347402,-0.003174605840772654,-0.009354232802145349
DOGEUSDT,2023-08-24T17:00:00+00:00,LONG,0.00174451,-0.00354343,-0.00103347,0.00528794,0.0032695,-0.0014341489192234505,-0.002551021791605219,-0.007993647680745475
LTCUSDT,2023-08-24T17:00:00+00:00,LONG,0.00187458,-0.00262858,-0.0005088,0.00450316,0.00282564,-0.0015496671317562138,-0.0013945923078431733,-0.0066806742684835515
SOLUSDT,2023-08-24T17:00:00+00:00,LONG,0.00434524,-0.00629312,-0.00028913,0.01063836,0.00568374,-0.003579528938379889,-0.0037229769506754063,-0.014588990876929631
UNIUSDT,2023-08-24T17:00:00+00:00,LONG,0.00161682,-0.0032055,-3.79e-05,0.00482232,0.0022866500000000003,-0.0027978066243475284,-0.0030133470929046714,-0.01145586936746209
ZECUSDT,2023-08-24T17:00:00+00:00,LONG,0.00056253,-0.00366571,-3.182e-05,0.00422824,0.00295734,-0.004093333590999964,-0.00450359000701046,0.0024479816386400372
AVAXUSDT,2023-08-25T03:00:00+00:00,LONG,0.00153019,-0.00837026,-0.00089894,0.00990045,0.00536816,-0.007423790114475349,-0.0007999200506531314,-0.0040060143709387585
DOGEUSDT,2023-08-25T03:00:00+00:00,LONG,0.00333714,-0.00677033,-0.00016933,0.01010747,0.00528794,-0.00885032729973597,-0.0041740307832414435,-0.0022453898768357876
LTCUSDT,2023-08-25T03:00:00+00:00,LONG,0.00415543,-0.00572198,-0.00059651,0.00987741,0.00450316,-0.005937517443431212,0.002800250740837766,0.008222837426549452
UNIUSDT,2023-08-25T14:00:00+00:00,LONG,0.00272511,-0.00317699,-0.00058136,0.0059021,0.00482232,0.0043975444658424685,0.007464359574914134,0.005932127689281833
UNIUSDT,2023-08-26T22:00:00+00:00,LONG,0.0,-0.00185852,-0.00016228,0.00185852,0.00171699,-0.002389487397381467,-0.001085422878734964,0.005193692696140045
ZECUSDT,2023-08-26T22:00:00+00:00,LONG,0.0,-0.0024925,-0.00092618,0.0024925,0.0023868400000000003,0.00241546011160378,0.0016109548389282489,-0.005253598666522574
UNIUSDT,2023-08-27T06:00:00+00:00,LONG,0.00030891,-0.00166849,-0.00019841,0.0019774,0.00185852,-0.004092628221906644,-0.004092628221906644,0.006641695544986557
DOGEUSDT,2023-08-27T07:00:00+00:00,LONG,0.00046053,-0.00155456,-0.00047714,0.0020150899999999998,0.0014914000000000001,0.0014216888896454532,-0.0023739822813546208,-0.0039597739235386915
AVAXUSDT,2023-08-27T08:00:00+00:00,LONG,0.00073198,-0.00133942,-0.00057557,0.0020714,0.00186484,-0.0021589802301790837,-0.004716526381296192,-0.0021589802301790837
SOLUSDT,2023-08-27T09:00:00+00:00,LONG,0.00016468,-0.00135305,-0.00059876,0.00151773,0.00143582,0.005198350181144501,0.006989641115450803,0.007424875786344348
LTCUSDT,2023-08-27T14:00:00+00:00,LONG,0.00060446,-0.00094418,-0.00039074,0.00154864,0.0010195199999999999,-0.0027422320657761274,-0.0076359564674802465,-0.01455852853230163
AVAXUSDT,2023-08-27T21:00:00+00:00,LONG,0.0003509,-0.00176904,-0.00027128,0.00211994,0.0020714,0.0024564001543234725,-0.009091870119765795,-0.016465359086597454
UNIUSDT,2023-08-27T22:00:00+00:00,LONG,0.00053031,-0.00160379,-0.0002043,0.0021341,0.0019774,-0.0023466677435614214,-0.020668119988189473,-0.016543507606482162
ZECUSDT,2023-08-28T00:00:00+00:00,LONG,0.0,-0.0024301,-0.00068801,0.0024301,0.00206771,-0.005205216957808666,-0.0011988013423700106,0.004383350313850507
ZECUSDT,2023-08-28T02:00:00+00:00,LONG,0.0006412,-0.00187958,-0.00086314,0.0025207800000000002,0.0024301,0.004409708488700092,0.005608989064182243,0.010789315452739185
AVAXUSDT,2023-08-28T05:00:00+00:00,LONG,0.00208504,-0.00643024,-0.00103459,0.00851528,0.00211994,0.0004000000053334674,0.0001000150023337974,0.038458732119757436
DOGEUSDT,2023-08-28T05:00:00+00:00,LONG,0.00124078,-0.00540685,-0.00121211,0.00664763,0.00217555,0.002081832764063788,-0.002246831309521062,0.01305958997315464
LTCUSDT,2023-08-28T05:00:00+00:00,LONG,0.0011034,-0.00502394,-0.00043531,0.00612734,0.00154864,0.0020169117069159027,-0.0010877166793813256,0.01296114425791262
SOLUSDT,2023-08-28T05:00:00+00:00,LONG,0.00210907,-0.00532655,-0.00062501,0.00743562,0.00168792,0.0016692855408055563,-0.005963399550757204,0.011918277157632589
ZECUSDT,2023-08-28T05:00:00+00:00,LONG,0.0,-0.00593698,-0.00026174,0.00593698,0.0027156899999999998,0.006815019361117913,0.0028118114529015756,0.007613741448308873
SOLUSDT,2023-08-28T09:00:00+00:00,LONG,0.00097868,-0.00677975,-0.00048227,0.00775843,0.00743562,0.003306603876426219,0.012722130476669586,0.009250668733508136
AVAXUSDT,2023-08-29T14:00:00+00:00,LONG,0.01019087,-0.01826011,-0.0004984,0.02845098,0.00314974,-0.017214965925545254,-0.016753264084387286,-0.03200937393453869
DOGEUSDT,2023-08-29T14:00:00+00:00,SHORT,0.00745782,-0.01635937,0.00018981,0.023817190000000002,0.00275813,-0.030346737749348495,-0.02885107489200872,-0.011183571176513085
SOLUSDT,2023-08-29T14:00:00+00:00,SHORT,0.00785027,-0.02429796,0.0019477,0.03214823,0.004476549999999999,0.01941267482129406,0.008823654596373944,0.007664287944379828
UNIUSDT,2023-08-29T14:00:00+00:00,LONG,0.00967443,-0.01501787,-0.00302034,0.0246923,0.0024790100000000002,-0.010196738020515093,-0.001657687905502045,-0.022614029001160028
ZECUSDT,2023-08-29T14:00:00+00:00,LONG,0.00492616,-0.02369293,-0.01265512,0.02861909,0.00335962,-0.014781394765478633,-0.0037693222162917535,-0.030560055774057824
ZECUSDT,2023-08-30T19:00:00+00:00,LONG,0.00030622,-0.00208779,-0.00066623,0.00239401,0.00226304,0.0011474470564769215,0.0038197143462611848,-0.01000008333458331
DOGEUSDT,2023-08-31T09:00:00+00:00,LONG,0.00030208,-0.0033073,-0.0004981,0.00360938,0.00284651,0.002563910611967749,-0.0004531379882688563,-0.048261762571932654
ZECUSDT,2023-08-31T09:00:00+00:00,LONG,0.0008121,-0.00165598,-9.357e-05,0.00246808,0.00239401,-0.0011721040607373238,-0.0046966818234097886,-0.03456153324709203
AVAXUSDT,2023-08-31T11:00:00+00:00,LONG,0.00056951,-0.00160524,-0.00071476,0.00217475,0.00209402,-0.004987063179573949,-0.02332551917133269,-0.046406133648394646
UNIUSDT,2023-08-31T11:00:00+00:00,LONG,0.00048366,-0.00164735,-0.00031538,0.00213101,0.00196168,-0.00215100104445491,-0.023259390037226498,-0.06342182643749594
AVAXUSDT,2023-08-31T14:00:00+00:00,LONG,0.00033391,-0.00196717,-3.851e-05,0.0023010799999999996,0.00217475,-0.014099120227504364,-0.029791522183458652,-0.03738017567537157
ZECUSDT,2023-08-31T14:00:00+00:00,LONG,0.00052906,-0.00312628,-0.00022067,0.00365534,0.00246808,-0.013056565302427848,-0.02871010588243148,-0.033982882243820234
LTCUSDT,2023-08-31T15:00:00+00:00,LONG,0.0,-0.002237,-0.00035452,0.002237,0.0012412100000000002,-0.025752496102414625,-0.028707167406765682,-0.032139308061353684
UNIUSDT,2023-08-31T15:00:00+00:00,LONG,0.00016725,-0.00296874,-0.0007472,0.00313599,0.00213101,-0.029239891374428124,-0.0358300754346551,-0.02991962403909551
SOLUSDT,2023-08-31T16:00:00+00:00,LONG,0.00027826,-0.00282184,-0.00055738,0.0031000999999999997,0.00242877,0.008649741579482938,-0.002798058448020362,0.008246739206389837
LTCUSDT,2023-08-31T17:00:00+00:00,LONG,7.541e-05,-0.00242678,-0.0003959,0.00250219,0.002237,-0.0006209251984655317,-0.012806671987775594,-0.00888479073527584
UNIUSDT,2023-08-31T17:00:00+00:00,LONG,3.972e-05,-0.00507842,-0.00016878,0.00511814,0.00313599,-0.004764614799252383,-0.013444431741669923,-0.007041482813848588
ZECUSDT,2023-08-31T17:00:00+00:00,LONG,0.0,-0.00667394,-0.00040853,0.00667394,0.00393852,-0.005245119953147768,-0.004436385578295966,-0.0076752548064395
LTCUSDT,2023-08-31T19:00:00+00:00,LONG,0.00010323,-0.0031357,-0.00059962,0.00323893,0.00250219,-0.0059365898458180735,-0.00562325755436212,-0.008603885692499993
LTCUSDT,2023-09-01T17:00:00+00:00,LONG,0.00047349,-0.00290616,-0.00069825,0.00337965,0.00323893,0.008158087315978267,0.01276748910345266,0.01656616413666845
DOGEUSDT,2023-09-02T06:00:00+00:00,LONG,0.00093476,-0.00157844,-0.00019967,0.0025132,0.0022982,-0.0001577411471051715,-0.0003155071804054616,-0.004109378313334575
DOGEUSDT,2023-09-02T14:00:00+00:00,LONG,0.00118277,-0.00213928,-0.00085042,0.00332205,0.0025132,-0.0025082314451009167,-0.011495284443652082,-0.006912831927692013
AVAXUSDT,2023-09-02T18:00:00+00:00,LONG,4.778e-05,-0.00222042,-0.0001095,0.0022681999999999997,0.0018487,0.00426743179621934,0.009021398166259373,0.01606014014773546
ZECUSDT,2023-09-03T00:00:00+00:00,LONG,0.0,-0.002673,-0.00069595,0.002673,0.00264023,-0.004443554069778049,-0.002825430739367789,0.001208459361568327
SOLUSDT,2023-09-03T13:00:00+00:00,LONG,0.0,-0.00189641,-0.00064913,0.00189641,0.0018316,-5.161956382617484e-05,0.0014958094342829539,0.014705770614211522
UNIUSDT,2023-09-03T16:00:00+00:00,LONG,0.00019336,-0.00174872,-0.00019383,0.00194208,0.0019264800000000002,0.004091844763533532,0.006810469002526879,0.01537100787659716
UNIUSDT,2023-09-03T18:00:00+00:00,LONG,0.00032626,-0.00168528,-0.00042146,0.00201154,0.00194208,0.0011339155314059814,-0.003181820866207452,0.0031717289842563387
ZECUSDT,2023-09-03T21:00:00+00:00,LONG,0.0,-0.00315282,-0.00099685,0.00315282,0.002673,0.0020279869047406442,0.00808738738762875,-0.004476101064435857
SOLUSDT,2023-09-04T00:00:00+00:00,LONG,0.00041469,-0.00150869,-0.00054425,0.0019233800000000001,0.00189641,-0.0025400064456083974,0.0037474090544862347,-0.013947655028698894
AVAXUSDT,2023-09-04T03:00:00+00:00,LONG,0.00040687,-0.00171726,-0.00120389,0.00212413,0.00203325,0.0004016870911615349,-0.0014071768328646629,-0.010500904247054008
UNIUSDT,2023-09-04T03:00:00+00:00,LONG,0.0005354,-0.00162839,-0.00010891,0.00216379,0.00201154,-0.00022429068166240784,-0.004270149201206066,-0.011730339785489605
AVAXUSDT,2023-09-04T15:00:00+00:00,LONG,0.00052904,-0.0022473,-5.79e-05,0.00277634,0.00212413,-0.00030458399138976686,-0.0010156409566937747,-0.013387354401194365
DOGEUSDT,2023-09-04T15:00:00+00:00,SHORT,0.00058065,-0.00171704,0.00010531,0.00229769,0.00173325,-0.0019068812388680788,-0.004760402515639469,-0.005393414089237857
LTCUSDT,2023-09-04T15:00:00+00:00,LONG,0.00028465,-0.00208284,-0.00029112,0.00236749,0.0015670299999999999,0.0017307847920669695,0.002359419104769514,-0.0018915516358712597
SOLUSDT,2023-09-04T15:00:00+00:00,LONG,0.00022504,-0.00185299,-0.00041585,0.0020780300000000002,0.0019233800000000001,0.0010820002601319239,0.0011849868719632556,-0.009686936325045522
UNIUSDT,2023-09-04T15:00:00+00:00,LONG,0.00020012,-0.0023468,-0.00069911,0.00254692,0.00216379,-0.0020442937272806346,0.0018136481960734348,-0.0197073289100539
DOGEUSDT,2023-09-04T21:00:00+00:00,LONG,0.00014637,-0.00224701,-0.00094294,0.0023933799999999996,0.00229769,0.010225364697577536,0.012606885232554325,0.02693445457768571
SOLUSDT,2023-09-05T07:00:00+00:00,LONG,0.00126371,-0.00110184,-0.00044611,0.00236555,0.0020780300000000002,-0.0014963497025911252,0.007294802717567995,0.04215135028772369
SOLUSDT,2023-09-05T13:00:00+00:00,LONG,0.00057745,-0.00198625,-0.0005024,0.0025637000000000004,0.00236555,0.009686998404368749,0.02173890759034725,0.014643883739743603
DOGEUSDT,2023-09-06T01:00:00+00:00,LONG,0.00042007,-0.00157372,-0.00085437,0.00199379,0.00193109,0.004505561882782494,-0.0065614983106237045,-0.005778106182819523
LTCUSDT,2023-09-06T03:00:00+00:00,LONG,0.0,-0.00133045,-0.00040556,0.00133045,0.00113395,-0.0014277784609999628,-0.004289465628548154,-0.0036528270585811803
DOGEUSDT,2023-09-06T14:00:00+00:00,LONG,0.0002708,-0.00172785,-0.0007887,0.00199865,0.00199379,-0.0014225877685635835,-0.001106282214763877,0.005198908913550897
UNIUSDT,2023-09-06T14:00:00+00:00,LONG,0.00042446,-0.001728,-4.789e-05,0.00215246,0.00188456,0.0006818956963850444,0.003404838154840918,0.012877168790203206
AVAXUSDT,2023-09-06T17:00:00+00:00,LONG,0.00082102,-0.00247344,-0.00040458,0.00329446,0.0018794900000000002,-0.006142092510714055,-0.0025126904018653983,-0.0004016064311005681
DOGEUSDT,2023-09-06T17:00:00+00:00,LONG,0.00093066,-0.00155539,-0.00080529,0.00248605,0.00199865,-0.007090552042003054,-0.0023579355419042955,-0.003617778228224765
ZECUSDT,2023-09-06T17:00:00+00:00,LONG,5.52e-05,-0.00289817,-0.00049908,0.00295337,0.00248716,-0.006020487781582913,0.0,0.005188596753136958
LTCUSDT,2023-09-07T18:00:00+00:00,LONG,-9.4e-06,-0.00107156,-0.00045077,0.0010621600000000001,0.00103859,0.0006364359801141442,0.015006995167055996,0.006820551462647117
LTCUSDT,2023-09-07T21:00:00+00:00,LONG,0.00054214,-0.00093681,-0.00052742,0.0014789500000000001,0.0010621600000000001,0.0047147659237033925,0.0020457950325045793,-0.006638241541293517
UNIUSDT,2023-09-07T22:00:00+00:00,LONG,0.00129744,-0.0018819,-0.00042507,0.00317934,0.00223811,-0.00801429044664907,-0.02128931945866358,-0.03773179996190212
ZECUSDT,2023-09-08T02:00:00+00:00,LONG,0.00012997,-0.00220907,-0.00077485,0.00233904,0.00188638,0.00595357980010486,0.0051618141213709175,0.009508787969027136
AVAXUSDT,2023-09-08T10:00:00+00:00,LONG,3.77e-06,-0.00257252,-0.0004229,0.00257629,0.00172609,0.0006044731193526799,0.0010072523011143725,-0.0010082678813440574
DOGEUSDT,2023-09-08T10:00:00+00:00,LONG,-3.72e-06,-0.00191114,-0.00038474,0.00190742,0.00163672,0.00047759294070274236,0.00047759294070274236,0.011084832424493134
LTCUSDT,2023-09-08T10:00:00+00:00,LONG,0.00015595,-0.00391742,-0.00057674,0.00407337,0.0014789500000000001,-0.0006397952873393514,0.00207651220688902,-0.0016002563824639828
SOLUSDT,2023-09-08T10:00:00+00:00,LONG,0.00054952,-0.00203926,-0.00065057,0.00258878,0.00186439,-0.0015860431556347402,-0.00020450943371048763,0.0013793457958485506
ZECUSDT,2023-09-08T10:00:00+00:00,LONG,0.00039614,-0.00222552,-8.83e-06,0.00262166,0.00233904,0.004399127270394597,0.01629930737149754,0.0016019226493332107
DOGEUSDT,2023-09-09T11:00:00+00:00,LONG,0.00038491,-0.00120442,-0.00010977,0.0015893300000000001,0.00147022,-0.002202297570940192,-0.00172996819114426,-0.004567296702438065
SOLUSDT,2023-09-09T22:00:00+00:00,LONG,4.566e-05,-0.00134534,-0.00094318,0.001391,0.0013594199999999999,-0.0022111957174966437,-0.009600073729019231,-0.06274573150170996
UNIUSDT,2023-09-09T22:00:00+00:00,LONG,0.00036381,-0.00131521,-0.0008849,0.00167902,0.00159989,-0.003467810665156866,-0.01090624570638721,-0.029510338149388565
AVAXUSDT,2023-09-10T00:00:00+00:00,SHORT,0.00010107,-0.00304252,0.00010107,0.00314359,0.0013810600000000001,0.011627439739214537,0.040289314595019145,0.020985935825302712
DOGEUSDT,2023-09-10T00:00:00+00:00,LONG,0.00028856,-0.0017839,-0.0006766,0.00207246,0.0015893300000000001,-0.0003163055537996449,-0.025301589883267007,-0.022224913502774356
LTCUSDT,2023-09-10T00:00:00+00:00,LONG,-3.369e-05,-0.00138546,-0.000268,0.00135177,0.00119915,-0.002229655327269092,-0.019599020917506576,-0.023988914968415962
SOLUSDT,2023-09-10T00:00:00+00:00,LONG,-0.00020451,-0.00223022,-0.00045179,0.00202571,0.001391,-0.00419287826003615,-0.052819657084770016,-0.05162231286857709
UNIUSDT,2023-09-10T00:00:00+00:00,LONG,0.0,-0.00239215,-0.00036325,0.00239215,0.00167902,-0.002802430605702233,-0.01788282949677189,-0.015274647816694445
AVAXUSDT,2023-09-10T04:00:00+00:00,LONG,0.0,-0.01037677,-0.00061191,0.01037677,0.00314359,0.011964778235835395,0.012280484631511962,0.009962986491149451
DOGEUSDT,2023-09-10T04:00:00+00:00,LONG,0.00020046,-0.0070167,-0.00154478,0.00721716,0.00207246,0.002753261112473158,0.0038847572325461208,-0.006345095720441078
LTCUSDT,2023-09-10T04:00:00+00:00,LONG,0.00042296,-0.00428348,-0.00058798,0.00470644,0.00135177,0.003725002282771803,-0.002436846303756776,-0.01421708724657976
SOLUSDT,2023-09-10T04:00:00+00:00,LONG,-6.268e-05,-0.00628159,-0.0010968,0.00621891,0.00202571,0.001034154398875423,-0.0019623882013027768,-0.016748970651755044
UNIUSDT,2023-09-10T04:00:00+00:00,LONG,3.985e-05,-0.00833223,-0.00059729,0.008372079999999999,0.00239215,0.005916476849227845,0.004972189715793967,-0.005951689988589172
ZECUSDT,2023-09-10T04:00:00+00:00,LONG,9.459e-05,-0.0072837,-0.00016609,0.00737829,0.00295432,0.0072580963789818705,0.0024252235007494647,-0.011396134730869693
UNIUSDT,2023-09-11T09:00:00+00:00,LONG,0.0,-0.00255931,-0.00014944,0.00255931,0.00236328,-0.0033832801726306587,-0.0016902092639069326,-0.017277470782644112
AVAXUSDT,2023-09-11T10:00:00+00:00,LONG,0.0,-0.00518638,-0.00137034,0.00518638,0.0031078200000000003,-0.002499322137752777,0.001409902082693477,0.00010852460806129367
DOGEUSDT,2023-09-11T10:00:00+00:00,LONG,0.00025518,-0.00219377,-0.00106469,0.0024489499999999997,0.00190566,-0.0058028845584399,-0.006135497234049225,-0.0029801346559274115
LTCUSDT,2023-09-11T10:00:00+00:00,LONG,9.588e-05,-0.00213168,-0.0006749,0.00222756,0.00216804,-0.004674465940699387,-0.009370885173306866,-0.02478838666357033
ZECUSDT,2023-09-11T10:00:00+00:00,LONG,0.00047138,-0.00483723,-0.00046161,0.00530861,0.00265797,0.003712109851440304,0.01027758275824023,0.007000234474474153
SOLUSDT,2023-09-11T13:00:00+00:00,LONG,0.00287456,-0.00164523,-0.00073918,0.00451979,0.00396098,-0.0001704981391417403,0.009614371084144462,-0.0009096595089720341
LTCUSDT,2023-09-11T14:00:00+00:00,LONG,0.00016552,-0.0022721,-0.00014422,0.00243762,0.00222756,-0.002188000536277214,-0.010478378786627565,-0.006240006755676159
UNIUSDT,2023-09-12T10:00:00+00:00,LONG,0.00503901,-0.00149171,-0.00050405,0.00653072,0.00327393,-0.005160696417254405,-0.012715028849035557,-0.016989554474147246
AVAXUSDT,2023-09-13T07:00:00+00:00,LONG,0.00173438,-0.00218775,-0.00012456,0.00392213,0.00304127,0.008375531639269816,0.010971811764901614,0.01205160886798265
DOGEUSDT,2023-09-13T07:00:00+00:00,LONG,0.00040774,-0.00192741,-0.00029437,0.0023351500000000002,0.0020897199999999998,0.006233615985917674,0.007867603277572629,0.003285693772461002
LTCUSDT,2023-09-13T07:00:00+00:00,LONG,0.00195464,-0.00359577,-9.999e-05,0.00555041,0.00241642,0.01010193239188452,0.02059211218201316,0.028549929248090952
SOLUSDT,2023-09-13T07:00:00+00:00,LONG,0.00100592,-0.00447315,-2.185e-05,0.005479070000000001,0.0030272,0.01652655183123667,0.016086435193224974,0.025070335661128453
ZECUSDT,2023-09-13T07:00:00+00:00,LONG,0.00190711,-0.00300532,-0.00022275,0.004912430000000001,0.00360348,0.009561825839341906,0.015491868913758899,0.02177872655596094
SOLUSDT,2023-09-13T17:00:00+00:00,LONG,0.00083986,-0.00513401,-0.00168546,0.005973869999999999,0.005479070000000001,0.008882532170672199,0.02576241999795023,0.03957881982357478
DOGEUSDT,2023-09-14T17:00:00+00:00,LONG,0.00109916,-0.00162496,-0.00098114,0.00272412,0.0017553999999999998,-0.002258065475591771,-0.00032226877494511867,-0.0006446414405351522
LTCUSDT,2023-09-15T02:00:00+00:00,LONG,0.00064537,-0.00110781,-7.644e-05,0.00175318,0.00149622,0.0007917029944047789,-0.0001584158419155887,0.003794470955891267
LTCUSDT,2023-09-15T04:00:00+00:00,LONG,0.00010068,-0.00219546,-0.00075171,0.0022961400000000003,0.00175318,0.002054524626286357,0.002054524626286357,0.022680255813079562
AVAXUSDT,2023-09-15T23:00:00+00:00,LONG,0.00044283,-0.00176842,-0.00045762,0.00221125,0.00187862,-0.00031845443716929,0.008349675946763039,0.004130705444457805
SOLUSDT,2023-09-16T02:00:00+00:00,LONG,0.00048506,-0.00144991,-0.00096905,0.00193497,0.00184163,5.208468971714648e-05,-0.004280202797137373,-0.015378862340826227
SOLUSDT,2023-09-16T04:00:00+00:00,LONG,0.00021858,-0.00196454,-0.00027733,0.0021831199999999998,0.00193497,-0.0025398484561817715,-0.010930777166817708,-0.016546558057715717
ZECUSDT,2023-09-16T04:00:00+00:00,LONG,0.00026728,-0.00214677,-0.00042913,0.00241405,0.00221882,0.002665145304936535,0.0007621951588503767,-0.011888922394708363
LTCUSDT,2023-09-16T05:00:00+00:00,LONG,0.00026845,-0.00157433,-0.00049042,0.00184278,0.00151623,-0.006082743815769084,-0.01404603245184284,-0.013892292732883822
UNIUSDT,2023-09-16T08:00:00+00:00,LONG,4.123e-05,-0.0020634,-0.00074221,0.00210463,0.00162007,-0.0011532696469102762,-0.00023054755145356218,-0.0034638067191877842
DOGEUSDT,2023-09-16T19:00:00+00:00,LONG,6.69e-06,-0.00162508,-0.00107072,0.00163177,0.00162729,0.0006458905440107411,0.002903227845660564,0.004190850750105402
AVAXUSDT,2023-09-17T00:00:00+00:00,LONG,0.00029307,-0.00185904,-0.00140265,0.00215211,0.00194518,-0.0005398693647293152,0.0029102688285360147,-0.0029187632201663153
DOGEUSDT,2023-09-17T00:00:00+00:00,LONG,0.0,-0.00189992,-0.00054214,0.00189992,0.00168239,0.0009713453896318809,0.007583739452915057,0.008868880192040922
LTCUSDT,2023-09-17T00:00:00+00:00,LONG,4.224e-05,-0.00191785,-0.00042614,0.00196009,0.00184278,-0.009651382514015993,-0.008869582771279522,-0.006839759293485559
ZECUSDT,2023-09-17T00:00:00+00:00,LONG,1.881e-05,-0.00255211,-0.00081211,0.00257092,0.00254548,0.004316271170365051,0.0163810215204099,0.0175408901986715
UNIUSDT,2023-09-17T01:00:00+00:00,LONG,1.494e-05,-0.00252723,-0.00032116,0.0025421700000000003,0.00210463,0.0025602248361504443,0.006967050940408254,0.01089360639529483
AVAXUSDT,2023-09-17T16:00:00+00:00,LONG,0.0,-0.00245503,-0.00120944,0.00245503,0.00235877,-0.003170614365522462,-0.013185555277842095,-0.007670429893350521
UNIUSDT,2023-09-17T16:00:00+00:00,LONG,0.00106478,-0.00189868,-0.0007049,0.0029634600000000002,0.0025421700000000003,-0.007232038986208835,-0.012396369712863758,0.005794430397209564
ZECUSDT,2023-09-17T16:00:00+00:00,LONG,0.0,-0.00265862,-0.00039788,0.00265862,0.00257092,-0.00549236374802592,-0.016170732963585795,0.010120755909162421
AVAXUSDT,2023-09-17T20:00:00+00:00,LONG,0.00035763,-0.00210129,-0.00077498,0.00245892,0.00245503,-0.0007746362363786132,-0.011794951474158197,0.011329384778204528
LTCUSDT,2023-09-17T20:00:00+00:00,LONG,0.0001487,-0.00631929,-0.00073872,0.00646799,0.00351299,0.00617237062893709,0.0023784994960080377,0.031103546607116526
SOLUSDT,2023-09-17T20:00:00+00:00,LONG,0.0001024,-0.0021819,-0.00148956,0.0022843,0.001947,0.005230863274921906,-0.0018212014246894257,0.024319236153397563
ZECUSDT,2023-09-17T20:00:00+00:00,LONG,0.0,-0.00286643,-0.00086289,0.00286643,0.00265862,0.007131567467835687,0.003175866107218161,0.014996334707644391
AVAXUSDT,2023-09-18T00:00:00+00:00,LONG,0.00061404,-0.00225991,-0.00074036,0.00287395,0.00255984,-0.0021287330877688996,0.017308764528329683,0.039930718884668766
ZECUSDT,2023-09-18T00:00:00+00:00,LONG,0.001,-0.00286703,-0.00062888,0.00386703,0.00286643,0.0055336109582242434,0.02311562276553012,0.03543294554310949
SOLUSDT,2023-09-18T10:00:00+00:00,LONG,0.00282541,-0.00133664,-0.00034703,0.0041620500000000005,0.0022843,-0.001786033694992637,0.013420301182255784,0.009589844404614946
UNIUSDT,2023-09-19T00:00:00+00:00,LONG,0.00037241,-0.00214119,-0.0001822,0.0025136,0.00226912,0.004137936938799012,0.011679967889772956,0.02029484773958756
DOGEUSDT,2023-09-19T10:00:00+00:00,LONG,0.00076087,-0.00137918,-0.0001916,0.00214005,0.00185848,-0.00015988488322482317,0.003511015416520295,0.00047950132781597376
AVAXUSDT,2023-09-19T14:00:00+00:00,LONG,0.00035634,-0.00205819,-0.00014122,0.0024145300000000002,0.00241049,0.011061819769077226,0.002287458107599062,-0.008432399524597737
ZECUSDT,2023-09-19T14:00:00+00:00,LONG,0.0,-0.00309729,-0.00060373,0.00309729,0.00230718,0.01159657371494061,0.0003887269242342976,0.008902710242478988
LTCUSDT,2023-09-20T08:00:00+00:00,LONG,0.00027779,-0.0012136,-0.00036739,0.00149139,0.00143616,-0.01180222505662798,-0.02605861735236722,-0.031011421161996424
AVAXUSDT,2023-09-20T09:00:00+00:00,LONG,8.013e-05,-0.00243089,-0.00058708,0.0025110199999999997,0.0024145300000000002,0.0031950668947747815,-0.0024306718408613867,-0.0017671751892950867
LTCUSDT,2023-09-20T12:00:00+00:00,LONG,0.00093052,-0.00088481,-0.00028657,0.00181533,0.00149139,-0.0012359031389316164,-0.0006177606374066907,-0.0009267841256510567
ZECUSDT,2023-09-20T13:00:00+00:00,LONG,0.00092806,-0.00227077,-0.00041868,0.00319883,0.00309729,-0.0011545123468249872,-0.0019249284095843938,0.00537017017459378
SOLUSDT,2023-09-20T18:00:00+00:00,LONG,0.00068307,-0.00155405,-0.00056012,0.00223712,0.00222033,-0.007877762641901232,0.0011344300706118218,-0.01782560643091168
AVAXUSDT,2023-09-20T19:00:00+00:00,LONG,0.00047451,-0.00277813,-0.00110678,0.0032526400000000002,0.0025110199999999997,0.006674107087692997,0.008888947417245774,-0.0001116133713979009
DOGEUSDT,2023-09-20T19:00:00+00:00,LONG,0.00032919,-0.00210493,-0.00034912,0.00243412,0.00208173,0.006098558461869379,0.007537522656123796,0.006738353749208802
LTCUSDT,2023-09-20T19:00:00+00:00,LONG,0.00018145,-0.00250041,-0.00053626,0.00268186,0.00181533,0.006381841256682335,0.0071573356732128075,0.003273835646815099
UNIUSDT,2023-09-20T19:00:00+00:00,LONG,0.00040142,-0.00220359,-0.00089055,0.00260501,0.0019987399999999997,0.0061933905965456506,0.003216175526705163,-0.008550023200536975
ZECUSDT,2023-09-20T19:00:00+00:00,LONG,0.00073784,-0.00301349,-4.08e-05,0.00375133,0.00319883,0.003846158587478315,0.005763704716750134,0.006912469920623361
DOGEUSDT,2023-09-21T04:00:00+00:00,LONG,0.00206315,-0.00119106,-0.00019122,0.0032542100000000004,0.00243412,-0.0028621421987255397,-0.008931478830245042,-0.024267964753960432
SOLUSDT,2023-09-21T06:00:00+00:00,LONG,0.00025993,-0.00198858,-0.00054328,0.0022485100000000004,0.00223712,-0.00015073483259296026,-0.019122593298408916,-0.01187692428901336
AVAXUSDT,2023-09-22T00:00:00+00:00,LONG,0.00037979,-0.00371158,-0.0001861,0.0040913699999999996,0.00274382,0.0005634755318975163,0.0010140274656288575,-0.0003382377843848675
ZECUSDT,2023-09-22T00:00:00+00:00,LONG,0.00099734,-0.00192637,-0.00010224,0.00292371,0.00274948,0.0019124121338242699,0.007247790643971005,0.0034397129270846505
SOLUSDT,2023-09-22T08:00:00+00:00,LONG,0.00084983,-0.0012947,-0.00065497,0.00214453,0.0018470700000000001,-0.0005077946587559916,-0.00641713432063354,-0.019479803990406434
UNIUSDT,2023-09-22T23:00:00+00:00,LONG,0.0,-0.00198732,-0.00113945,0.00198732,0.0018702200000000001,-0.0007049700679699324,-0.003294120625827323,0.003049140394517799
ZECUSDT,2023-09-23T01:00:00+00:00,LONG,7.528e-05,-0.00251816,-0.00015866,0.0025934400000000002,0.00246302,-0.002992894115828358,-0.00037362227223338215,-0.012782128916063255
AVAXUSDT,2023-09-23T03:00:00+00:00,LONG,0.00057046,-0.00176628,-0.00017941,0.00233674,0.00232886,0.0011282862530586216,0.0063020690233575,0.0046179053737185425
DOGEUSDT,2023-09-23T16:00:00+00:00,LONG,0.00040186,-0.00146815,-0.00017976,0.00187001,0.0016864699999999998,-0.00032462262904776564,-0.0019493183560497646,-0.0016241679711334197
AVAXUSDT,2023-09-24T12:00:00+00:00,LONG,0.00043205,-0.00165076,-0.00030371,0.00208281,0.00190284,-0.00033346301648415046,-0.005237072530178474,-0.024639824474908773
UNIUSDT,2023-09-24T16:00:00+00:00,LONG,1.294e-05,-0.00178036,-0.0002125,0.0017932999999999998,0.00169824,0.0063032775523248555,-0.004459577863879959,-0.006107606488796424
DOGEUSDT,2023-09-24T18:00:00+00:00,LONG,0.00013674,-0.00190847,-0.00028847,0.00204521,0.00160753,-0.0058737320120939365,-0.006856050362204336,-0.012276117831543452
LTCUSDT,2023-09-24T18:00:00+00:00,LONG,1.646e-05,-0.00107491,-0.00058939,0.0010913700000000001,0.00094032,-0.004965099416478674,-0.006833385807650076,-0.004965099416478674
SOLUSDT,2023-09-24T18:00:00+00:00,LONG,1.823e-05,-0.00131714,-0.0004402,0.00133537,0.00127756,-0.006354107978725739,-0.004146091471500652,-0.00861853177581573
AVAXUSDT,2023-09-24T23:00:00+00:00,LONG,0.00047073,-0.00201718,-0.00027105,0.00248791,0.00208281,0.0005697032000494364,0.0003418608659583051,0.00295891874013867
DOGEUSDT,2023-09-24T23:00:00+00:00,LONG,0.0,-0.00236323,-0.00050291,0.00236323,0.00204521,0.003292726056975907,0.002799507797902202,-0.001320132204922844
LTCUSDT,2023-09-24T23:00:00+00:00,LONG,0.0001531,-0.00240626,-0.00018989,0.00255936,0.0010913700000000001,0.0022005667478113577,0.010020437688223674,0.0061181459962323026
SOLUSDT,2023-09-24T23:00:00+00:00,LONG,2.409e-05,-0.0016142,-0.00044177,0.0016382900000000001,0.0013740599999999999,0.003868476777920332,0.006131037520982544,0.009310527378963374
UNIUSDT,2023-09-24T23:00:00+00:00,LONG,0.0,-0.001832,-0.00011608,0.001832,0.0017932999999999998,0.00588860493250108,0.0002362111738869302,-0.002128415134826176
ZECUSDT,2023-09-25T16:00:00+00:00,LONG,9.576e-05,-0.00284384,-0.00029041,0.0029395999999999997,0.0025298900000000004,0.0,-0.008763630101785398,-0.009146405226076147
LTCUSDT,2023-09-26T00:00:00+00:00,LONG,7.752e-05,-0.00119192,-0.00031646,0.00126944,0.00120906,0.005122246356668934,0.004812552950663059,-0.0007783918817555433
UNIUSDT,2023-09-26T00:00:00+00:00,LONG,0.00037347,-0.00149723,-0.0006999,0.0018706999999999999,0.0015757000000000002,0.006307695250726093,0.007238794014455679,0.0018730981828607152
SOLUSDT,2023-09-26T03:00:00+00:00,LONG,0.00049937,-0.00134416,-0.0003009,0.00184353,0.00135394,5.14495922732854e-05,-0.006089712786552296,-0.014406633582956487
UNIUSDT,2023-09-26T07:00:00+00:00,LONG,0.00077368,-0.0012854,-0.00020638,0.00205908,0.0018706999999999999,-0.000233236152660878,-0.0009332711829986569,-0.008666174391847775
ZECUSDT,2023-09-26T15:00:00+00:00,LONG,0.00248284,-0.00199222,-0.001128,0.0044750599999999995,0.0029395999999999997,0.011866167941752782,0.013387080782459497,0.014146670640478042
AVAXUSDT,2023-09-26T20:00:00+00:00,LONG,0.00071861,-0.00137961,-0.00082485,0.00209822,0.00200117,0.00011170064239476948,0.011108756761666803,0.004124636581638177
DOGEUSDT,2023-09-26T21:00:00+00:00,LONG,0.00073693,-0.00333233,-0.00029062,0.00406926,0.00172944,-0.002485708463573218,0.0037994594315331805,0.008241352068435156
SOLUSDT,2023-09-26T21:00:00+00:00,LONG,0.0,-0.00295343,-0.00053259,0.00295343,0.00184353,-0.002689520408303445,0.00415189139323612,0.009487190166951744
UNIUSDT,2023-09-26T21:00:00+00:00,LONG,0.0,-0.00216299,-0.00053169,0.00216299,0.00205908,-0.0007086335480194683,0.014999109410126698,0.025412254527616675
LTCUSDT,2023-09-27T13:00:00+00:00,LONG,0.0,-0.00403387,-0.00041769,0.00403387,0.00157646,-0.019247914469794063,-0.014990911588492766,-0.013418831403061342
ZECUSDT,2023-09-27T20:00:00+00:00,LONG,0.0,-0.00235787,-1.283e-05,0.00235787,0.00228443,-0.0057637047167501294,0.0042057030066671944,-0.0034542348680875576
DOGEUSDT,2023-09-28T10:00:00+00:00,LONG,0.0004606,-0.00129777,-0.00068376,0.00175837,0.00163452,-0.0029503381505885645,0.00114500707692396,0.004246290881451004
UNIUSDT,2023-09-28T16:00:00+00:00,LONG,0.00080909,-0.00111183,-0.0007943,0.00192092,0.0017367,-0.00022474435424416414,-0.007669787203354601,-0.006312013742894357
SOLUSDT,2023-09-28T22:00:00+00:00,LONG,0.00013256,-0.00237605,-0.00062501,0.00250861,0.00165992,0.005781670664325345,0.015013042824661163,0.013123810881613657
LTCUSDT,2023-09-29T06:00:00+00:00,LONG,0.00165838,-0.00082426,-0.00063916,0.0024826400000000004,0.00164683,0.011655320015081403,0.0009131030919003674,0.008942840955962497
DOGEUSDT,2023-09-29T12:00:00+00:00,LONG,0.00044641,-0.00176835,-0.00068769,0.00221476,0.00171532,-0.0032273708826639526,-0.005330761351548071,0.0016097878556848213
UNIUSDT,2023-09-29T12:00:00+00:00,LONG,0.0,-0.00194002,-0.00036393,0.00194002,0.00192092,-0.005170293635200177,-0.0011217051092000155,-0.011047344909170087
ZECUSDT,2023-09-29T14:00:00+00:00,LONG,0.0,-0.00254361,-0.00013728,0.00254361,0.00239394,-0.0026261504494672415,0.01191820438809142,-0.0014998128045793603
SOLUSDT,2023-09-30T12:00:00+00:00,LONG,0.00133228,-0.00130639,-0.00080407,0.00263867,0.0020857000000000002,0.014092584133105069,0.04771197690656446,0.039025610235873844
DOGEUSDT,2023-09-30T16:00:00+00:00,LONG,0.00038235,-0.00262738,-0.00077638,0.00300973,0.00156088,-0.0008034064865337575,0.0009632365490307814,-0.004830149464794232
DOGEUSDT,2023-09-30T19:00:00+00:00,LONG,0.00022585,-0.00305375,-0.00086207,0.0032796,0.00300973,0.00048150229643874136,-0.004182760281027972,-0.0028938926948425484
AVAXUSDT,2023-10-01T10:00:00+00:00,LONG,0.00092162,-0.00150872,-0.00048264,0.00243034,0.00203806,-0.003733282361524532,-0.008523960134617809,0.015712775132339183
LTCUSDT,2023-10-01T10:00:00+00:00,LONG,0.00130265,-0.00095893,-0.0003252,0.00226158,0.00110453,0.002526191996532396,-0.006568168112097044,0.020470488749965033
SOLUSDT,2023-10-01T10:00:00+00:00,LONG,0.0056098,-0.00270314,-0.00049579,0.00831294,0.0043121900000000005,-0.005257338693457763,0.000693120804044065,0.054764900489267965
ZECUSDT,2023-10-01T13:00:00+00:00,LONG,0.00053414,-0.00155561,-0.00013169,0.00208975,0.00173997,-0.004021208123780327,-0.00953086393475006,0.024861666025005644
UNIUSDT,2023-10-01T14:00:00+00:00,LONG,9.669e-05,-0.00155094,-0.00026885,0.00164763,0.00160722,0.003955179842928014,-0.005298025637555161,0.02435962119673331
AVAXUSDT,2023-10-01T22:00:00+00:00,LONG,0.00132029,-0.00158309,-5.454e-05,0.00290338,0.00243034,-0.006542652657955897,-0.004902972028243093,-0.007979581982485573
DOGEUSDT,2023-10-01T22:00:00+00:00,LONG,0.00058189,-0.00144675,-0.00072711,0.00202864,0.0019002799999999999,-0.005052908271749528,-0.0012608354704184,0.0015738120969576853
LTCUSDT,2023-10-01T22:00:00+00:00,LONG,0.00158011,-0.00135682,-0.00054933,0.00293693,0.00226158,-0.0065813765892978075,-0.010403786418283791,-0.012763321505027103
UNIUSDT,2023-10-01T22:00:00+00:00,LONG,0.00113824,-0.00150704,-0.00041051,0.00264528,0.00190324,-0.003433479767891519,-0.00300364954420961,-0.00386349482504459
ZECUSDT,2023-10-01T22:00:00+00:00,SHORT,0.00074707,-0.00173152,0.00011481,0.00247859,0.00241127,0.006046612767370974,0.0024853554423024536,0.010336930395837088
DOGEUSDT,2023-10-02T08:00:00+00:00,LONG,0.00080443,-0.00143164,-0.00069373,0.00223607,0.00202864,-0.0042369620073196765,-0.0029796932577019586,-0.029397524924849337
DOGEUSDT,2023-10-02T18:00:00+00:00,LONG,0.00017319,-0.00530555,-0.00023798,0.00547874,0.00223607,0.008565708938422064,0.004372830678386008,0.008726622930240723
LTCUSDT,2023-10-02T18:00:00+00:00,LONG,0.00038677,-0.00434792,-0.00056038,0.00473469,0.00293693,0.009865755061125556,0.002589688399856029,0.015438478271249782
UNIUSDT,2023-10-02T18:00:00+00:00,LONG,0.0,-0.00363228,-0.00082565,0.00363228,0.00264528,0.007174918672295264,0.004938281640582577,0.01207798175974041
ZECUSDT,2023-10-03T22:00:00+00:00,LONG,0.00128838,-0.00143535,-1.747e-05,0.0027237299999999997,0.00260483,0.0011162791856819218,-0.012739025777429714,-0.005600163973221921
DOGEUSDT,2023-10-04T00:00:00+00:00,LONG,5.514e-05,-0.00221788,-0.00087,0.00227302,0.0017809599999999998,0.003957136243667876,0.0032987000058881636,0.008554090653117876
LTCUSDT,2023-10-04T00:00:00+00:00,LONG,0.00039921,-0.00280527,-0.00038202,0.00320448,0.00132062,0.005624136055720878,0.004844894997042963,0.009200844635086974
UNIUSDT,2023-10-04T00:00:00+00:00,LONG,0.00013028,-0.00199376,-0.00068324,0.0021240399999999998,0.00201488,0.005148618909077006,0.008643903837719196,0.01605992855606434
SOLUSDT,2023-10-04T16:00:00+00:00,LONG,0.00028136,-0.00299932,-0.0008584,0.0032806800000000002,0.0027061999999999998,0.006366115508997984,0.006757224307412608,0.022020746608932728
UNIUSDT,2023-10-05T01:00:00+00:00,LONG,0.0,-0.0019022,-0.00061279,0.0019022,0.0018956099999999998,-0.0016311316677177017,-0.0032649282734097153,0.005340776656396846
AVAXUSDT,2023-10-05T09:00:00+00:00,LONG,0.00340065,-0.00160164,-0.00071843,0.0050022899999999995,0.00278913,0.0034154705073617775,-0.022539506966823098,-0.012690151116487955
LTCUSDT,2023-10-05T15:00:00+00:00,LONG,0.00019553,-0.00132042,-0.00044725,0.00151595,0.00115367,0.00015584820416489323,0.011005303666705003,0.014390964026037076
UNIUSDT,2023-10-05T15:00:00+00:00,LONG,0.0,-0.00226586,-0.00042675,0.00226586,0.00197322,-0.0009352350459561632,-0.001169180537723889,0.011386204109500695
AVAXUSDT,2023-10-06T02:00:00+00:00,LONG,0.00306105,-0.00211406,-0.00059325,0.00517511,0.0050022899999999995,-0.004410361894847651,-0.004410361894847651,0.017355454830203326
DOGEUSDT,2023-10-06T14:00:00+00:00,LONG,0.00021904,-0.00146317,-0.00086065,0.00168221,0.00162268,0.003762170136312767,0.0042518461438122495,0.007835495523948638
SOLUSDT,2023-10-07T04:00:00+00:00,LONG,0.00283311,-0.00181255,-0.0010184,0.004645659999999999,0.00221228,-0.0045799361553919985,-0.006434676812710415,-0.021611926376047415
AVAXUSDT,2023-10-07T05:00:00+00:00,LONG,0.00546428,-0.00232694,-0.00012983,0.00779122,0.0033862700000000003,-0.06507746881184447,-0.07908722443037729,-0.10538948395203031
UNIUSDT,2023-10-07T17:00:00+00:00,LONG,0.00018249,-0.00173376,-0.00100674,0.00191625,0.00177152,0.0016056890707585407,0.003895067360069537,-0.003910298254500307
DOGEUSDT,2023-10-07T22:00:00+00:00,SHORT,0.00032692,-0.00119717,4.403e-05,0.00152409,0.00146724,0.0008140008589469712,-0.0001627206902948866,0.01030515376282522
LTCUSDT,2023-10-08T01:00:00+00:00,LONG,0.0,-0.00119086,-0.0002142,0.00119086,0.00107511,-0.00030450670150020473,-0.002133496694672747,-0.005342300731457355
ZECUSDT,2023-10-08T01:00:00+00:00,LONG,0.00054815,-0.00182673,-0.00077507,0.00237488,0.00168533,0.0007415647355035913,0.0022230464879464517,-0.019854557427908537
DOGEUSDT,2023-10-08T10:00:00+00:00,LONG,2.72e-06,-0.00172213,-2.566e-05,0.00172485,0.00152409,0.0014786825991747676,0.006228507269061791,0.0004931371843176254
DOGEUSDT,2023-10-08T17:00:00+00:00,LONG,0.00034597,-0.00140157,-0.00077455,0.0017475400000000001,0.00172485,-0.0003275466783296563,-0.002623382386650127,-0.008055941635952113
DOGEUSDT,2023-10-09T00:00:00+00:00,LONG,0.0,-0.00180896,-0.00029671,0.00180896,0.0017475400000000001,0.002959068409358328,0.0006583278710443483,-0.03195053074123809
LTCUSDT,2023-10-09T01:00:00+00:00,LONG,0.0,-0.00124172,-0.00031132,0.00124172,0.00119086,-0.0021502081698603465,-0.0058470700511866576,-0.02958334995001719
SOLUSDT,2023-10-09T03:00:00+00:00,LONG,0.00143933,-0.00127928,-0.00057088,0.0027186099999999998,0.0017586499999999998,0.002578650216915077,-0.011512786758620008,-0.04628233799022485
DOGEUSDT,2023-10-09T07:00:00+00:00,LONG,3.522e-05,-0.00180723,-0.00073835,0.00184245,0.00180896,-0.00465581153619404,-0.02707185082052625,-0.022989518224698833
UNIUSDT,2023-10-09T08:00:00+00:00,LONG,0.0,-0.00192314,-0.00049175,0.00192314,0.00178197,-0.024570099675315208,-0.023852825287121383,-0.04194086214847044
AVAXUSDT,2023-10-09T09:00:00+00:00,LONG,0.0006849,-0.0045782,-8.78e-06,0.0052631,0.0029719499999999997,0.0,-0.00812803487083851,-0.031223266928290694
DOGEUSDT,2023-10-09T09:00:00+00:00,LONG,0.00079793,-0.00821232,-0.00070602,0.009010250000000001,0.00184245,-0.002044293727280523,0.0044150182091169145,0.0006805035989046138
LTCUSDT,2023-10-09T09:00:00+00:00,LONG,2.248e-05,-0.00269485,-0.00013395,0.00271733,0.00124172,-0.0036240487155085824,-0.0047296320232581325,-0.008688151957637816
SOLUSDT,2023-10-09T09:00:00+00:00,LONG,0.0002846,-0.00484766,-0.00064301,0.0051322600000000005,0.0027186099999999998,-0.005870376025743075,-0.0038499465585522,-0.009968650130924406
ZECUSDT,2023-10-09T09:00:00+00:00,LONG,0.00012109,-0.00650179,-0.00011688,0.00662288,0.00248034,0.0054837583562562875,0.009382398771913518,0.0015698590351200523
DOGEUSDT,2023-10-10T23:00:00+00:00,LONG,0.00096326,-0.00158965,-8.299e-05,0.00255291,0.00191472,0.005402680708624945,-0.005261830013467318,-0.0039012855859069436
LTCUSDT,2023-10-10T23:00:00+00:00,LONG,0.0,-0.00139264,-0.00043728,0.00139264,0.00124519,0.0003146138141413699,-0.014261056144469637,-0.02211177338726904
AVAXUSDT,2023-10-11T02:00:00+00:00,SHORT,0.00060248,-0.00284692,7.655e-05,0.0034494,0.00254027,0.011414065994864784,0.0143149544110981,0.0015922725088015693
DOGEUSDT,2023-10-11T02:00:00+00:00,LONG,4.827e-05,-0.00256175,-0.00050928,0.00261002,0.00255291,0.00017019828140828858,0.003059145825553665,-0.003922576872344636
LTCUSDT,2023-10-11T02:00:00+00:00,LONG,0.0005476,-0.00350073,-2.267e-05,0.00404833,0.00139264,-0.0046174749663106425,-0.003819835935426737,-0.01456142218201818
UNIUSDT,2023-10-11T02:00:00+00:00,LONG,0.0004126,-0.00206153,-3.647e-05,0.0024741299999999997,0.00199174,-0.0017142161660698583,0.0024437939825940214,0.004881630392281336
AVAXUSDT,2023-10-11T15:00:00+00:00,LONG,0.00078454,-0.00285109,-0.00013235,0.00363563,0.0034494,-0.00624665466880995,0.0037507411489932623,-0.01984342692598237
DOGEUSDT,2023-10-11T15:00:00+00:00,LONG,0.0,-0.00274079,-0.00036778,0.00274079,0.00261002,-0.0029358453001492027,0.0018950819695162354,0.002755297076324183
SOLUSDT,2023-10-11T15:00:00+00:00,LONG,0.00038419,-0.00177489,-0.00034093,0.0021590800000000003,0.00199611,-0.007259808613029603,-0.004057170564264853,-0.013096624595622514
SOLUSDT,2023-10-12T01:00:00+00:00,LONG,3.975e-05,-0.00253336,-0.00090653,0.00257311,0.0021590800000000003,0.008624917982170101,0.00912995690385734,-0.011835560553105345
AVAXUSDT,2023-10-12T09:00:00+00:00,LONG,0.00024356,-0.00399848,-0.0006228,0.00424204,0.00363563,0.0016667596502704374,-0.0056878533981542245,0.01709066352289202
ZECUSDT,2023-10-12T09:00:00+00:00,LONG,0.00038941,-0.00252628,-0.00068163,0.0029156900000000003,0.0027376,-0.000403958801696061,0.00040379568487274145,-0.0060765834134309865
DOGEUSDT,2023-10-12T16:00:00+00:00,LONG,0.0001084,-0.00225697,-0.00025648,0.00236537,0.00204945,0.0026066571367322987,0.006590381120035491,0.006936043066097258
SOLUSDT,2023-10-12T16:00:00+00:00,LONG,0.00026328,-0.00278025,-0.00041809,0.00304353,0.00257311,0.006036615200000391,0.003352934594987577,0.002315198652803304
ZECUSDT,2023-10-12T16:00:00+00:00,LONG,0.00024513,-0.00320779,-0.0004993,0.00345292,0.0029156900000000003,0.00283228997751222,-0.00040526849592168335,0.0
UNIUSDT,2023-10-12T17:00:00+00:00,LONG,0.0,-0.00205302,-0.00016364,0.00205302,0.00185566,-0.0012532900499995878,0.002251971425880506,0.00025046963186668865
LTCUSDT,2023-10-13T01:00:00+00:00,LONG,0.00075983,-0.00135527,-0.00052432,0.0021151,0.00207899,-0.0006537016085049705,0.001795479140634925,0.0068381901111732235
LTCUSDT,2023-10-13T04:00:00+00:00,LONG,0.00023342,-0.00188786,-0.00061607,0.00212128,0.0021151,0.0008157272660502319,0.0016307896634423194,0.003258924181354872
AVAXUSDT,2023-10-13T20:00:00+00:00,LONG,0.00140523,-0.00137881,-0.00084093,0.0027840399999999998,0.0024752100000000003,-0.0017327273124458915,-0.007930083380310904,-0.004228794591354936
SOLUSDT,2023-10-13T20:00:00+00:00,LONG,0.0033529,-0.0014956,-0.00098203,0.0048484999999999995,0.00269397,0.0020485746813314657,-0.001961455754872246,0.008711488849322662
UNIUSDT,2023-10-14T06:00:00+00:00,LONG,0.00053378,-0.00132471,-0.00089796,0.00185849,0.0017825800000000002,0.0039662917638294505,0.006930720812208639,0.012342788142878513
LTCUSDT,2023-10-14T08:00:00+00:00,LONG,-0.00016083,-0.00185646,-0.00044518,0.00169563,0.001653,0.0016268101847122757,0.000813735906241683,0.006006024060211728
UNIUSDT,2023-10-14T12:00:00+00:00,LONG,0.00223774,-0.00137362,-0.00014883,0.00361136,0.00185849,-0.0019622277573931378,0.0004899559137700884,-0.0034364294985812097
AVAXUSDT,2023-10-15T09:00:00+00:00,LONG,0.00090949,-0.0019968,-0.00041979,0.0029062899999999997,0.0018162599999999999,-0.0016414076016605052,-0.007462721201589712,0.0026206610325098635
SOLUSDT,2023-10-15T11:00:00+00:00,LONG,0.00125718,-0.00106656,-0.00038982,0.0023237400000000004,0.0017149700000000001,-0.0032536747077964714,-0.00628774130231562,0.0027869806731500068
ZECUSDT,2023-10-15T15:00:00+00:00,LONG,0.00029158,-0.00192068,-0.00066921,0.0022122599999999997,0.00190336,0.007179927134808231,0.004792341440306707,0.011542416702671112
LTCUSDT,2023-10-16T05:00:00+00:00,LONG,0.00026472,-0.00129693,-0.00053862,0.00156165,0.0010619,0.00556661477205349,0.0031847160675196984,0.017078213943036463
SOLUSDT,2023-10-16T05:00:00+00:00,LONG,0.00098198,-0.00137469,-0.00048178,0.00235667,0.0023237400000000004,-0.0049452591068554035,0.006453759641073842,0.03535251871571965
UNIUSDT,2023-10-16T05:00:00+00:00,LONG,0.00067617,-0.00151967,-0.00040892,0.00219584,0.00166434,-0.0021482285382896063,-0.008380271718953657,-0.017559080123047802
DOGEUSDT,2023-10-16T06:00:00+00:00,LONG,0.00053941,-0.00134019,-0.00082012,0.0018796,0.00166129,-0.0013328892343212543,-0.002667557433780574,0.0
DOGEUSDT,2023-10-16T10:00:00+00:00,LONG,0.00072275,-0.00139371,-0.00031212,0.00211646,0.0018796,-0.0016708441648176058,0.003333336419758217,0.003998672438979373
DOGEUSDT,2023-10-16T13:00:00+00:00,LONG,0.00059662,-0.00281046,-0.00034498,0.00340708,0.00211646,0.003333336419758217,-0.0015036340649380532,0.0015013765435981
LTCUSDT,2023-10-16T13:00:00+00:00,LONG,0.00166875,-0.00188812,-0.00027829,0.00355687,0.00156165,0.001721844363729325,-0.0007836376860543724,-0.011185622730347202
SOLUSDT,2023-10-16T13:00:00+00:00,LONG,0.00734877,-0.00299248,-0.00010957,0.01034125,0.00235667,0.005820439268378586,0.009526119155821383,0.04136781514419836
UNIUSDT,2023-10-16T13:00:00+00:00,LONG,0.00138559,-0.00278772,-0.00035588,0.0041733099999999995,0.00219584,0.0009654840238280953,-0.004841452206749797,-0.008975196694961801
ZECUSDT,2023-10-16T13:00:00+00:00,LONG,0.00158861,-0.00190592,-0.00101823,0.00349453,0.0022122599999999997,-0.0007827789049408337,-0.005099050075305693,-0.007461255898143489
ZECUSDT,2023-10-17T15:00:00+00:00,LONG,0.0,-0.00227963,-0.00101871,0.00227963,0.00227388,0.0,-0.003237558473433887,0.0012113871862970882
ZECUSDT,2023-10-18T00:00:00+00:00,LONG,0.0,-0.00228694,-0.00034877,0.00228694,0.00227963,0.001219264528206216,0.013732041307365257,0.011724411642877425
UNIUSDT,2023-10-18T01:00:00+00:00,LONG,0.00027585,-0.00171949,-0.00099427,0.00199534,0.00197507,-0.0018127675558480168,0.0056759698307007255,0.019980172856104844
AVAXUSDT,2023-10-18T16:00:00+00:00,LONG,0.00067816,-0.00195213,-0.00027895,0.00263029,0.00228021,-0.00903267920010946,-0.014198908120967378,-0.020751123157366793
SOLUSDT,2023-10-18T20:00:00+00:00,LONG,0.00159946,-0.00137321,-0.00062222,0.00297267,0.0018659699999999998,-0.008429574430691382,-0.008131847784084049,0.001306776453218087
AVAXUSDT,2023-10-19T01:00:00+00:00,LONG,0.0001741,-0.00251995,-0.00059616,0.00269405,0.00263029,-0.00045646468897124124,0.012809788038645529,0.015060014010652016
DOGEUSDT,2023-10-19T01:00:00+00:00,LONG,0.00011044,-0.00272126,-4.04e-05,0.0028317,0.00207552,-0.000688942500553531,0.0013764627087232354,0.0020639842208514275
LTCUSDT,2023-10-19T01:00:00+00:00,LONG,0.0,-0.00151762,-0.00049729,0.00151762,0.00138729,0.001660854060570768,0.004477990731882817,0.014685520915129204
LTCUSDT,2023-10-19T07:00:00+00:00,LONG,0.00060586,-0.00095931,-0.00082902,0.0015651699999999998,0.00151762,-0.0018108491243575189,0.00393959800408031,0.009657166467283663
SOLUSDT,2023-10-19T15:00:00+00:00,LONG,0.00148465,-0.00156948,-0.00065846,0.00305413,0.00297267,0.008569929132503859,0.01559618663051663,0.03556494845626849
UNIUSDT,2023-10-20T00:00:00+00:00,LONG,0.00042613,-0.00160459,-0.00015172,0.0020307199999999997,0.00184899,0.0020335543357639482,0.015903402199914245,0.024382255988147326
UNIUSDT,2023-10-20T03:00:00+00:00,LONG,0.0,-0.00220276,-0.0005718,0.00220276,0.0020307199999999997,-0.0025012519293523897,-0.004757740288084748,-0.00450676776825831
ZECUSDT,2023-10-20T06:00:00+00:00,LONG,0.0,-0.00248489,-0.00077104,0.00248489,0.00217788,-0.0019634799161025846,0.0027424111213098933,-0.008272649109367248
LTCUSDT,2023-10-20T08:00:00+00:00,LONG,5.517e-05,-0.00195862,-0.00079087,0.0020137899999999997,0.0013638399999999998,0.007050557996666762,-0.0028342012358751373,-0.002991892634136234
SOLUSDT,2023-10-20T08:00:00+00:00,LONG,0.00173126,-0.00227692,-0.00190649,0.00400818,0.0036031500000000003,-0.001449841329081624,-0.005699931609847701,-0.005737293138685689
UNIUSDT,2023-10-20T12:00:00+00:00,LONG,0.00058967,-0.00173353,-0.00072994,0.0023232,0.00220276,0.002480160001486704,-0.009230450967544964,-0.01023346007871412
DOGEUSDT,2023-10-20T14:00:00+00:00,LONG,0.00040366,-0.00173139,-0.00038165,0.00213505,0.00185332,0.0005012950226123533,0.003670341124052188,-0.003851633330636357
SOLUSDT,2023-10-21T06:00:00+00:00,LONG,0.00173171,-0.0025026,-0.00088159,0.00423431,0.00404276,0.001498501778909435,0.006725644981217911,0.05207136844377203
AVAXUSDT,2023-10-21T10:00:00+00:00,LONG,0.00190294,-0.00134539,-0.0005133,0.00324833,0.00214821,0.01285446000488011,0.024201065890006392,0.025339016667125427
SOLUSDT,2023-10-21T11:00:00+00:00,LONG,0.00220686,-0.00236005,-0.0003959,0.00456691,0.00423431,-0.014058306393680189,-0.017017906599286075,-0.0068338557501379195
LTCUSDT,2023-10-21T13:00:00+00:00,LONG,0.00026295,-0.00088086,-0.00057411,0.00114381,0.00103085,0.005239648294969185,0.005239648294969185,0.0010809977116296465
UNIUSDT,2023-10-21T14:00:00+00:00,LONG,0.00018409,-0.00131959,-0.00027096,0.00150368,0.00137959,0.006799443388923675,0.009216655104924048,0.004133744488212005
UNIUSDT,2023-10-21T16:00:00+00:00,LONG,0.00020977,-0.00148104,-0.00022618,0.00169081,0.00150368,0.008485927998970815,0.0055845719985198865,0.015223200836288463
DOGEUSDT,2023-10-22T00:00:00+00:00,LONG,0.00070182,-0.00108393,-0.00049565,0.00178575,0.00177576,-0.00211571402868687,-0.004889188357298412,-0.012432680999619085
AVAXUSDT,2023-10-22T05:00:00+00:00,LONG,0.00270921,-0.00190037,-0.00154512,0.00460958,0.00324833,0.006091794941050373,-0.01778722994410487,-0.009561745638953255
LTCUSDT,2023-10-22T07:00:00+00:00,LONG,0.00034285,-0.00150206,-0.00022185,0.00184491,0.00126779,-0.0026552143674706194,-0.0028116232205304325,0.006529873948582538
UNIUSDT,2023-10-22T07:00:00+00:00,LONG,0.00031598,-0.0016857,-0.0002188,0.00200168,0.0019937,-0.007286891607203106,-0.005095243341650736,0.0
ZECUSDT,2023-10-22T07:00:00+00:00,LONG,0.0,-0.00323156,-4.176e-05,0.00323156,0.00209766,-0.007097821596428828,-0.007097821596428828,0.005876608488985191
DOGEUSDT,2023-10-22T11:00:00+00:00,LONG,0.00038846,-0.00145367,-0.00070721,0.00184213,0.00178575,0.0019772621370184045,0.0014833130037351886,0.017007768919762203
UNIUSDT,2023-10-22T14:00:00+00:00,LONG,0.00029676,-0.0019022,-0.0001223,0.00219896,0.00206893,-0.0031649448208432283,0.003881615742175897,0.047701533304626065
LTCUSDT,2023-10-22T15:00:00+00:00,LONG,0.00263579,-0.00135041,-0.00026875,0.0039862,0.00184491,0.006774467786870176,-0.0030945406096705317,0.02486969276482475
DOGEUSDT,2023-10-22T18:00:00+00:00,LONG,0.00059275,-0.00125902,-0.00057185,0.00185177,0.00184213,-0.0014789255838329675,0.007850874475738633,0.02497292093137988
SOLUSDT,2023-10-22T22:00:00+00:00,LONG,0.00317565,-0.00131764,-0.0007488,0.00449329,0.0031025799999999997,-0.0076520918979815404,0.022911825753215497,0.008407844611427665
DOGEUSDT,2023-10-23T02:00:00+00:00,SHORT,0.00247465,-0.00099067,3.776e-05,0.00346532,0.00185177,-0.006088786636561913,-0.0035296041777405,-0.03753791931906524
AVAXUSDT,2023-10-23T18:00:00+00:00,LONG,0.00343358,-0.00172536,-0.00027424,0.00515894,0.00220716,0.007179770208024688,0.04770379795721117,0.024473507333496874
LTCUSDT,2023-10-23T22:00:00+00:00,SHORT,0.0027161,-0.00208979,0.00017593,0.00480589,0.0019853600000000002,0.007504725654067693,-0.036008125921451355,-0.005448823346323758
SOLUSDT,2023-10-23T22:00:00+00:00,SHORT,0.00540559,-0.00147427,0.00096146,0.00687986,0.00449329,0.016631042798861156,0.01265800414599298,0.022604588401540168
ZECUSDT,2023-10-23T22:00:00+00:00,LONG,0.00127162,-0.00131172,-0.00050687,0.00258334,0.00238581,-0.006212334980278198,0.015902033683858067,0.012669852741051904
DOGEUSDT,2023-10-24T12:00:00+00:00,SHORT,0.00259448,-0.00117759,0.00011146,0.00377207,0.00301916,0.009771827192280685,0.04360768032821474,0.0330511051400194
DOGEUSDT,2023-10-24T15:00:00+00:00,LONG,0.00126103,-0.00647321,-0.00083397,0.00773424,0.00377207,0.004254032547225477,0.01406025128091519,0.004254032547225477
UNIUSDT,2023-10-24T15:00:00+00:00,LONG,0.00064395,-0.00419273,-0.00021989,0.00483668,0.00310825,0.004044254352559455,-0.003821356453391157,0.020293287243639324
SOLUSDT,2023-10-25T12:00:00+00:00,LONG,0.00403298,-0.00141181,-9.261e-05,0.005444790000000001,0.00478288,-0.01605559920434071,-0.02707930870738606,-0.025968368923323125
ZECUSDT,2023-10-25T17:00:00+00:00,LONG,0.00101033,-0.00271647,-0.0005717,0.0037267999999999997,0.0035872099999999995,0.0018178518003674612,-0.0076712704966514795,0.006890326444686083
DOGEUSDT,2023-10-25T18:00:00+00:00,SHORT,0.00225767,-0.00142545,0.00087449,0.00368312,0.0032715599999999997,0.0011743982559415578,-0.011523721718250562,-0.037153301256274196
DOGEUSDT,2023-10-25T22:00:00+00:00,SHORT,0.00326739,-0.00076963,0.00064475,0.00403702,0.00368312,0.00859374599192063,-0.04744252492540825,-0.047857376621878674
AVAXUSDT,2023-10-26T00:00:00+00:00,LONG,0.00157988,-0.00111913,-0.00011002,0.00269901,0.00268872,0.001701002111142618,0.04882169051758002,0.05107100542517397
AVAXUSDT,2023-10-26T05:00:00+00:00,SHORT,0.00183254,-0.00137813,9.056e-05,0.0032106699999999997,0.00269901,-0.022030293469305767,-0.03247009455995543,0.029244277657401067
LTCUSDT,2023-10-26T07:00:00+00:00,SHORT,0.00158556,-0.00063569,0.00037033,0.00222125,0.0016636300000000001,-0.004984700202389086,0.009756174945364798,0.027061922042957307
UNIUSDT,2023-10-26T11:00:00+00:00,LONG,0.00133341,-0.00141068,-0.00056539,0.0027440900000000002,0.00218576,0.011251876797434847,-0.04829523716106144,-0.032342021168069106
DOGEUSDT,2023-10-26T12:00:00+00:00,LONG,0.00244365,-0.00183086,-0.00010584,0.00427451,0.00403702,-0.02960336771802778,-0.04997925708580246,-0.03197089197687569
AVAXUSDT,2023-10-26T14:00:00+00:00,SHORT,0.00150094,-0.00391259,0.00064592,0.00541353,0.0032106699999999997,0.017038111604363807,0.0042089572494443915,-0.006141268022082429
DOGEUSDT,2023-10-26T14:00:00+00:00,SHORT,0.00209991,-0.00220281,0.00024213,0.0043027199999999995,0.00427451,0.00831752169455795,0.001545486784613239,-0.0005614035235169852
SOLUSDT,2023-10-26T14:00:00+00:00,LONG,0.00030933,-0.00332078,-0.00063991,0.00363011,0.00253954,-0.01254203679583856,-0.006394247990062239,0.022865447099512055
LTCUSDT,2023-10-27T01:00:00+00:00,LONG,0.00199701,-0.00095637,-3.455e-05,0.0029533800000000002,0.00222125,0.012695771352072182,0.010051821515746313,0.017524931245557925
DOGEUSDT,2023-10-27T16:00:00+00:00,SHORT,0.00120232,-0.00232719,0.00068715,0.0035295099999999996,0.0025951100000000003,0.008873430831308388,0.019597000357747068,0.0042086993406525615
AVAXUSDT,2023-10-27T17:00:00+00:00,SHORT,0.00132973,-0.00188818,0.00011008,0.00321791,0.00286515,0.005414918470175901,-0.003404902561248181,-0.03801749714025539
UNIUSDT,2023-10-27T17:00:00+00:00,LONG,0.00034556,-0.00325019,-0.00074779,0.00359575,0.00258797,-0.010481753065712782,-0.00422938806839987,0.014785878045087618
SOLUSDT,2023-10-27T18:00:00+00:00,SHORT,0.00097977,-0.00326429,0.00018098,0.00424406,0.0032413700000000004,-0.008556201931195743,0.002213859660020339,-0.016542767125867015
DOGEUSDT,2023-10-28T09:00:00+00:00,SHORT,0.00458525,-0.00049803,0.00025503,0.00508328,0.0035295099999999996,-0.005064767356619058,-0.002607941205742534,-0.008379130214834017
SOLUSDT,2023-10-28T23:00:00+00:00,LONG,3.735e-05,-0.00253651,-0.00046264,0.00257386,0.00221683,0.0010432639297250786,-0.001614460851787948,0.019886351731205076
SOLUSDT,2023-10-29T07:00:00+00:00,LONG,0.00224441,-0.00066635,-0.00026257,0.00291076,0.00257386,0.0014244134445300489,-0.0006509508761966396,0.022096113716571227
AVAXUSDT,2023-10-29T12:00:00+00:00,SHORT,0.00144339,-0.00094507,0.00065437,0.00238846,0.0023244,-0.002813707324902562,-0.02024451702337605,-0.03149303029526794
UNIUSDT,2023-10-29T13:00:00+00:00,SHORT,0.00090807,-0.00216285,0.00030216,0.00307092,0.00217903,-0.008175087606945188,-0.006977052241415809,-0.0033743102635884286
AVAXUSDT,2023-10-29T17:00:00+00:00,SHORT,0.00314091,-0.00054409,0.00010415,0.003685,0.00238846,0.004599335898357397,0.008507672726272841,0.017716911221700077
SOLUSDT,2023-10-30T08:00:00+00:00,LONG,0.00217069,-0.00114424,-0.00057721,0.00331493,0.0019898399999999997,0.02789983752879889,0.02735342871514667,0.027468486963511885
LTCUSDT,2023-10-30T16:00:00+00:00,SHORT,0.00141699,-0.00058202,0.00045867,0.00199901,0.0013484299999999999,0.005062569574455799,0.004048003214509162,0.005642784270164478
AVAXUSDT,2023-10-31T06:00:00+00:00,SHORT,0.00167948,-0.00095375,0.00010457,0.00263323,0.00254283,0.015070439390318118,0.0037895144823752343,0.032056546362107065
LTCUSDT,2023-10-31T10:00:00+00:00,SHORT,0.00137383,-0.00375362,0.00042022,0.00512745,0.0023739599999999996,-0.005870157883027716,-0.00301097080298252,0.012280729362065462
ZECUSDT,2023-10-31T11:00:00+00:00,SHORT,0.00295105,-0.00122788,0.00053724,0.00417893,0.00298348,0.004187026354216464,0.02825046628585162,0.01402547535450432
AVAXUSDT,2023-10-31T15:00:00+00:00,SHORT,0.00141921,-0.00191107,0.00050725,0.0033302799999999997,0.00263323,-0.011688789772642132,-0.0006233026335985796,8.907495663482608e-05
DOGEUSDT,2023-10-31T15:00:00+00:00,SHORT,0.0017831,-0.00340402,0.00030547,0.00518712,0.00331895,-0.007850147696956918,-0.013734248227808651,-0.003266036157385538
SOLUSDT,2023-11-01T07:00:00+00:00,LONG,0.00495919,-0.001685,-0.00076838,0.0066441899999999995,0.00433177,0.003454683488389452,0.021035520299275703,0.0900165018160113
AVAXUSDT,2023-11-01T13:00:00+00:00,SHORT,0.00196373,-0.00149613,0.00033314,0.00345986,0.0033302799999999997,0.010978652211571656,-0.013088488054478098,-0.09471936692711234
SOLUSDT,2023-11-01T15:00:00+00:00,LONG,0.00362568,-0.00510753,-0.00145933,0.00873321,0.0066441899999999995,0.017533170379815975,0.03531130976396758,0.04781250644426465
UNIUSDT,2023-11-01T16:00:00+00:00,SHORT,0.00251382,-0.00109198,0.0004286,0.0036058,0.00263294,-0.028138387809949515,-0.1076736278236582,-0.09413990465613449
SOLUSDT,2023-11-01T17:00:00+00:00,LONG,0.00448173,-0.00434144,-0.00166473,0.00882317,0.00873321,-0.012219558274698623,-0.019944781252752668,-0.060543094844315484
SOLUSDT,2023-11-01T19:00:00+00:00,SHORT,0.00329407,-0.00579901,0.00097787,0.00909308,0.00882317,-0.0026123937245312273,0.020371608692137517,-0.024430417318361694
UNIUSDT,2023-11-01T19:00:00+00:00,SHORT,0.00394468,-0.00154764,0.00142959,0.00549232,0.00412252,-0.007378551447665598,-0.01595331903434527,0.0036036075032986558
ZECUSDT,2023-11-01T19:00:00+00:00,SHORT,0.0026301,-0.0015166,0.00080235,0.0041467,0.00368691,-0.013277623433528752,-0.009103704330365111,-0.00351123956250017
DOGEUSDT,2023-11-01T21:00:00+00:00,SHORT,0.00265222,0.0,0.00095177,0.00265222,0.00253385,0.011735013334878409,0.0010087182928955809,-0.007461650346308014
UNIUSDT,2023-11-02T00:00:00+00:00,SHORT,0.00535667,-0.00081813,0.00075876,0.0061748,0.00549232,-0.005874964443020971,0.011641575015485755,0.027954450172214367
DOGEUSDT,2023-11-02T08:00:00+00:00,SHORT,0.00360196,-4.065e-05,0.00067929,0.00364261,0.00265222,0.005986334866967421,0.013880168465698752,0.034553491710487653
DOGEUSDT,2023-11-02T10:00:00+00:00,SHORT,0.00208986,-0.00257786,0.00162834,0.00466772,0.00364261,0.003160014120524852,0.020135394545773604,0.028806181473109014
SOLUSDT,2023-11-03T12:00:00+00:00,SHORT,0.00476113,-0.00122825,0.00016151,0.00598938,0.00579105,0.0021172564243439576,-0.0010317970540284279,0.010351509108744163
UNIUSDT,2023-11-03T14:00:00+00:00,SHORT,0.00399624,-0.00016604,0.00018856,0.00416228,0.0029238800000000002,-0.02835104091637748,-0.0012964565342264247,-0.016936839631937282
LTCUSDT,2023-11-04T06:00:00+00:00,SHORT,0.00133665,0.0,0.00059852,0.00133665,0.00127762,0.002157498140021014,-0.000143667840201247,0.006775777383200345
DOGEUSDT,2023-11-04T08:00:00+00:00,SHORT,0.00178478,-0.00033918,0.00061524,0.00212396,0.00186576,0.002616280562120066,0.0013072846658065932,0.006992016832197959
ZECUSDT,2023-11-04T08:00:00+00:00,SHORT,0.00310301,-0.00056237,0.00079723,0.0036653799999999998,0.0033714599999999997,0.005365779284373841,-0.0010697094976179606,0.010039524984253381
DOGEUSDT,2023-11-05T00:00:00+00:00,SHORT,0.00203227,-0.00028685,0.0006916,0.00231912,0.00212396,-0.00028793550443684637,-0.004740366558275203,-0.02992918944016563
AVAXUSDT,2023-11-05T02:00:00+00:00,SHORT,0.00146399,-0.0003957,0.0009398,0.0018596900000000002,0.00178496,-0.008370970089025797,0.00032650396176098695,-0.0052096169920376415
AVAXUSDT,2023-11-05T04:00:00+00:00,SHORT,0.00179005,-0.00010776,3.225e-05,0.00189781,0.0018596900000000002,-0.0002436152515194468,0.00048740862053478533,-0.006153367322867213
AVAXUSDT,2023-11-05T08:00:00+00:00,SHORT,0.00183219,-0.00018624,0.00054901,0.00201843,0.00189781,-0.02042856951491627,-0.018994534852337902,-0.002515724597247149
DOGEUSDT,2023-11-05T10:00:00+00:00,SHORT,0.00239953,-0.00024031,0.00033716,0.00263984,0.00231912,-0.0025506603030750422,0.004550633563996468,-0.010023377487857789
ZECUSDT,2023-11-05T12:00:00+00:00,SHORT,0.00275189,0.0,0.00095044,0.00275189,0.00261617,0.023522235985676685,0.006265248478931154,-0.005881352362188082
SOLUSDT,2023-11-05T13:00:00+00:00,SHORT,0.00105044,-0.00204568,5.382e-05,0.00309612,0.00287501,-0.00817349890940539,-0.009367005402239153,-0.012817714762987452
ZECUSDT,2023-11-06T03:00:00+00:00,SHORT,0.00272643,-0.0009064,0.00015934,0.00363283,0.00341552,0.01042037911089297,0.0017292067251939288,-0.012704033519463257
DOGEUSDT,2023-11-06T04:00:00+00:00,SHORT,0.00195286,-0.00081939,0.00041721,0.00277225,0.00263984,0.0033840979842405684,-0.006454351016047267,-0.046615987687904634
SOLUSDT,2023-11-06T04:00:00+00:00,SHORT,0.00161237,-0.00177294,0.00028561,0.00338531,0.00309612,0.0074053172741869976,0.0006958077863295233,9.93714754998558e-05
AVAXUSDT,2023-11-06T05:00:00+00:00,SHORT,0.00163893,-0.00166966,0.000617,0.00330859,0.00317323,-0.021149186188743774,-0.04386945148099781,-0.038140551396479906
SOLUSDT,2023-11-06T06:00:00+00:00,SHORT,0.00531457,-0.00045964,4.123e-05,0.00577421,0.00338531,0.009022992422669593,-0.0015867903064195013,0.0012662786759870149
AVAXUSDT,2023-11-06T09:00:00+00:00,SHORT,0.00205965,-0.00131062,0.00205965,0.00337027,0.00330859,-0.005619505954701577,-0.0006945248571803737,-0.004467387850379734
UNIUSDT,2023-11-06T09:00:00+00:00,SHORT,0.00271741,-0.00170164,0.00063546,0.00441905,0.00436685,-0.006001218250949667,-0.008590603225286094,-0.019865571842055504
DOGEUSDT,2023-11-06T18:00:00+00:00,LONG,0.01326854,-0.00101127,-0.00035935,0.01427981,0.0037630000000000003,0.009378577427609214,0.008852538488598306,0.0006633499414057504
ZECUSDT,2023-11-07T00:00:00+00:00,SHORT,0.00235334,-0.0022343,0.00043956,0.0045876400000000005,0.00363283,-0.0027118660687495,-0.0033886850455168305,0.0006791171738086595
LTCUSDT,2023-11-07T10:00:00+00:00,SHORT,0.0012757,-0.00254881,0.00041014,0.0038245099999999997,0.00317043,-0.0024752487885429737,-0.002887195241330561,-0.00972810302510329
AVAXUSDT,2023-11-07T15:00:00+00:00,SHORT,0.00154317,-0.00145273,0.00067628,0.0029959,0.00266359,0.007299009745806561,-0.025096014029963434,-0.021191589266659466
UNIUSDT,2023-11-08T09:00:00+00:00,SHORT,0.00465534,-0.00027756,0.00111382,0.0049329,0.00237219,0.0011505274519380746,0.014088817428523871,0.006344345033046089
DOGEUSDT,2023-11-08T17:00:00+00:00,LONG,0.00470539,-0.00235057,-0.00017362,0.00705596,0.00251467,0.004766958179507965,-0.0026581621180722425,0.012661736026516294
AVAXUSDT,2023-11-09T02:00:00+00:00,SHORT,0.00176896,-0.0003254,0.00067775,0.00209436,0.00208982,-0.0025734195249556354,-0.020998146839773402,-0.04989026437145273
SOLUSDT,2023-11-09T02:00:00+00:00,SHORT,0.00208164,-0.00142592,0.00066522,0.00350756,0.0029714900000000002,-0.002791871344616283,-0.005033339425206518,-0.10006181084108637
AVAXUSDT,2023-11-09T10:00:00+00:00,SHORT,0.0024712,-6.24e-05,0.00057847,0.0025335999999999996,0.00209436,-0.006878411430896722,-0.0182623577399198,0.05835555553734766
AVAXUSDT,2023-11-09T12:00:00+00:00,SHORT,0.00206411,-0.00123844,0.00075679,0.00330255,0.0025335999999999996,-0.0008054183118901778,0.056581203301461075,0.04532780876084947
AVAXUSDT,2023-11-09T14:00:00+00:00,SHORT,0.00276777,-0.00091819,0.00134407,0.0036859600000000003,0.00330255,0.00847125219416943,0.08615967189015375,0.024006114326053096
SOLUSDT,2023-11-09T14:00:00+00:00,SHORT,0.00400429,-8.671e-05,0.00136614,0.004091,0.00350756,0.04571828055509901,0.1040931100725827,0.04095053748591838
UNIUSDT,2023-11-09T15:00:00+00:00,SHORT,0.00290963,-0.00134215,0.00095966,0.00425178,0.00372427,0.0554011900245447,0.06979576193554198,0.010144598436423673
DOGEUSDT,2023-11-09T16:00:00+00:00,SHORT,0.00389553,-0.04928645,0.00063954,0.053181980000000004,0.00705596,-0.00809043330534591,0.0005603810737847625,-0.03711766295650237
LTCUSDT,2023-11-09T16:00:00+00:00,SHORT,0.00359697,-0.02148201,0.00045728,0.02507898,0.00254504,-0.008269722649401491,0.0015494051976338635,-0.040951472414900165
SOLUSDT,2023-11-10T22:00:00+00:00,SHORT,0.00602685,-0.00140816,0.00065585,0.007435010000000001,0.005575470000000001,0.0001058537102714132,0.013212061559495957,0.026365529173608713
DOGEUSDT,2023-11-11T00:00:00+00:00,SHORT,0.00254639,-0.00034986,0.00031684,0.00289625,0.0028277500000000004,0.0022361074756439806,-0.013442290500781481,-0.06288658590238488
ZECUSDT,2023-11-11T04:00:00+00:00,SHORT,0.00551939,-0.00068789,0.00054823,0.00620728,0.0038426600000000003,-0.010471299867295437,-0.015498962544260912,-0.040591068028564485
DOGEUSDT,2023-11-11T05:00:00+00:00,SHORT,0.00244425,-0.00063964,0.00010384,0.0030838899999999997,0.00289625,-0.006189623752704915,-0.014591453852550507,-0.006693211828310483
LTCUSDT,2023-11-11T09:00:00+00:00,SHORT,0.00372323,2e-05,0.00075911,0.00370323,0.0022225300000000003,-0.0006783800545077515,-0.024136328553298073,-0.018156641610585816
SOLUSDT,2023-11-11T15:00:00+00:00,SHORT,0.00433072,-0.00411256,0.00124445,0.008443280000000001,0.007435010000000001,-0.005657584951919653,0.006877855167186573,0.06018402953032864
AVAXUSDT,2023-11-11T19:00:00+00:00,SHORT,0.00310692,-0.00234315,0.00076935,0.00545007,0.00491763,0.023499223821732005,-0.003516408546366187,-0.0942838118346514
DOGEUSDT,2023-11-11T19:00:00+00:00,SHORT,0.00337178,0.0,0.00043907,0.00337178,0.0030838899999999997,0.0006219292445010581,0.024164276680765297,0.011883309517040034
AVAXUSDT,2023-11-12T00:00:00+00:00,SHORT,0.00310014,-0.00284332,0.00144509,0.005943459999999999,0.00564936,-0.010993460044953305,-0.005116970229264715,-0.11447967423808803
LTCUSDT,2023-11-12T00:00:00+00:00,SHORT,0.0021843,-0.00156901,0.00051085,0.00375331,0.00370323,-0.009373158347051533,-0.01637938479693926,-0.02240309620434692
UNIUSDT,2023-11-12T00:00:00+00:00,SHORT,0.00244232,-0.00056597,0.00064837,0.00300829,0.00268774,-0.00924971200716474,-0.010939377292291302,-0.011126941768129592
AVAXUSDT,2023-11-12T08:00:00+00:00,SHORT,0.00304828,-0.00293675,0.00134229,0.0059850300000000006,0.005943459999999999,0.00649352931054812,0.009756174945364685,-0.001239792089376937
DOGEUSDT,2023-11-12T09:00:00+00:00,SHORT,0.01198312,-0.00040364,0.00017486,0.01238676,0.00337178,0.0025204802253350747,0.012411506843343259,0.011901887772560887
ZECUSDT,2023-11-12T12:00:00+00:00,SHORT,0.00300849,-0.00194119,0.00040626,0.00494968,0.0043134,0.003583649380136292,-0.01003082346801407,-0.02947986629802165
AVAXUSDT,2023-11-12T13:00:00+00:00,SHORT,0.00422064,-0.00200312,0.00045247,0.00622376,0.0059850300000000006,-0.013213006999603497,-0.0024456684971046927,-0.06438546807655905
LTCUSDT,2023-11-13T01:00:00+00:00,SHORT,0.00290661,0.0002072,0.00141678,0.00269941,0.00264007,0.006225597960440132,0.026900250324108897,0.035346016369998644
UNIUSDT,2023-11-13T06:00:00+00:00,SHORT,0.00281964,-0.00029122,0.00094731,0.00311086,0.00299491,-0.008711017922986048,-0.0142318269399702,-0.0142318269399702
UNIUSDT,2023-11-13T11:00:00+00:00,SHORT,0.00305576,-0.00019249,0.00098901,0.00324825,0.00311086,-0.005560718684697179,-0.02966707226709362,0.02904220707527225
LTCUSDT,2023-11-13T21:00:00+00:00,SHORT,0.00155258,-0.00134896,0.0004771,0.00290154,0.00269941,0.003218361415034389,-0.0012565446679482528,-0.0005586592324070335
ZECUSDT,2023-11-14T00:00:00+00:00,SHORT,0.00302415,-0.00049202,0.00020055,0.0035161700000000003,0.00336078,-0.00986906087425368,-0.0303155583167718,-0.005457039463058117
AVAXUSDT,2023-11-14T13:00:00+00:00,SHORT,0.00508378,-0.00107403,0.00055676,0.0061578100000000005,0.00472911,-0.0416089040894102,0.004118215849011052,-0.007783935286006809
AVAXUSDT,2023-11-14T16:00:00+00:00,SHORT,0.00552855,-0.00063927,0.00067829,0.00616782,0.0061578100000000005,0.021561853007587273,0.04294550278311358,-0.022442517887127037
SOLUSDT,2023-11-14T18:00:00+00:00,LONG,0.00290691,-0.00213313,-0.00029887,0.00504004,0.0047853900000000005,0.02447453139121219,0.06164638546923955,0.0759092892732558
UNIUSDT,2023-11-16T01:00:00+00:00,SHORT,0.003057,0.0,0.00040612,0.003057,0.0026538200000000003,-0.002013730657608254,-0.013650225598416917,0.0060656375660003954
DOGEUSDT,2023-11-16T07:00:00+00:00,SHORT,0.00660969,-0.00021745,0.00039447,0.00682714,0.00275846,0.01547272465989097,-0.019442287388091593,-0.0030158354097162463
LTCUSDT,2023-11-16T09:00:00+00:00,SHORT,0.00151536,-0.00135239,0.00097269,0.00286775,0.00147746,0.00232478737183806,0.011954797134599317,0.03516937620705543
UNIUSDT,2023-11-16T09:00:00+00:00,SHORT,0.00234087,-0.00096433,0.00114727,0.0033052000000000003,0.003057,0.012366042287470912,0.0198966132778782,0.06747070300636178
UNIUSDT,2023-11-16T13:00:00+00:00,SHORT,0.00202335,-0.00245819,0.00067438,0.00448154,0.0033052000000000003,0.004804148190373259,0.017666661248769977,0.014295240186826473
ZECUSDT,2023-11-16T13:00:00+00:00,SHORT,0.00255437,-0.0012686,0.00080705,0.0038229699999999998,0.00337436,-0.003647823643750586,0.009681264064850044,-0.005631951278797195
AVAXUSDT,2023-11-17T03:00:00+00:00,SHORT,0.00474649,-0.00181078,0.00026968,0.00655727,0.00558728,-0.007447248061381765,0.035667889842567406,0.15422146877005508
SOLUSDT,2023-11-17T06:00:00+00:00,SHORT,0.00111491,-0.00319072,3.923e-05,0.00430563,0.00392886,0.01408125401006712,0.023233134436552092,0.009331221500277391
SOLUSDT,2023-11-17T08:00:00+00:00,SHORT,0.00147964,-0.00360257,0.00011841,0.00508221,0.00430563,0.019007348107376587,-0.0014263642023673063,0.01432495551046943
LTCUSDT,2023-11-17T10:00:00+00:00,SHORT,0.00189197,-0.00056796,0.00029914,0.00245993,0.00242634,0.00802877754640455,0.025001302205417384,0.014128519843657419
UNIUSDT,2023-11-17T14:00:00+00:00,SHORT,0.0012578,-0.00109513,0.00021157,0.00235293,0.0021934800000000003,0.01890876708954004,-0.010618150447094535,-0.019545895490636147
LTCUSDT,2023-11-17T16:00:00+00:00,SHORT,0.00112968,-0.001699,0.00052943,0.00282868,0.00245993,-0.02068490615351211,-0.018678599948848577,-0.012924016380434788
DOGEUSDT,2023-11-18T13:00:00+00:00,SHORT,0.00198538,-0.00355955,0.00032446,0.00554493,0.00364842,0.010601907847628671,0.007472014838701066,0.0298454438155935
LTCUSDT,2023-11-19T11:00:00+00:00,SHORT,0.0007168,-0.00101441,0.00010562,0.00173121,0.00152723,0.002023706964144878,-0.0031718596373416182,-0.019023673179676046
AVAXUSDT,2023-11-19T23:00:00+00:00,SHORT,0.00239743,-0.00101609,0.00044341,0.0034135199999999997,0.0031819400000000003,-0.003057304967017054,0.012234991106666995,0.04030086412929346
DOGEUSDT,2023-11-20T11:00:00+00:00,SHORT,0.00251659,-0.00023096,0.00128811,0.00274755,0.00239828,0.008232521767736246,0.015041585524903589,0.04992884452534421
LTCUSDT,2023-11-20T14:00:00+00:00,SHORT,0.00124112,-0.00085009,0.00019574,0.00209121,0.00158501,0.0015592887134122059,0.006964707280319997,0.021330706395893337
SOLUSDT,2023-11-20T14:00:00+00:00,SHORT,0.00335398,-0.00144168,0.00028843,0.00479566,0.00305048,0.017271354359939622,0.047202378795987245,0.07982341886235496
UNIUSDT,2023-11-20T14:00:00+00:00,SHORT,0.00166944,-0.00111682,0.00106584,0.0027862599999999996,0.00212064,-0.005109292976808222,0.0020890711234513998,0.02516701840599615
ZECUSDT,2023-11-20T15:00:00+00:00,SHORT,0.0025797,-0.00072815,0.00044218,0.0033078499999999998,0.00282569,0.013335810562755278,0.012647579289890997,0.01712957265733772
AVAXUSDT,2023-11-21T09:00:00+00:00,LONG,0.00130361,-0.00142004,-0.00082903,0.00272365,0.00264805,0.020234080120059162,0.005924328330077757,-0.0249315059802817
AVAXUSDT,2023-11-21T12:00:00+00:00,LONG,0.00355783,-0.00217797,-0.00031007,0.0057358,0.00272365,-0.016078345753729673,0.014816453455198603,-0.10399226151708907
DOGEUSDT,2023-11-21T15:00:00+00:00,SHORT,0.00159286,-0.00276826,0.00028529,0.00436112,0.00293998,0.002373105925833473,0.016329602815946337,0.02129438993455005
LTCUSDT,2023-11-21T15:00:00+00:00,SHORT,0.00102523,-0.00149776,0.0003572,0.00252299,0.00193481,-0.00416577489593473,0.020211520439670876,0.02684333311794105
SOLUSDT,2023-11-21T15:00:00+00:00,SHORT,0.00201674,-0.00214092,0.00034858,0.0041576600000000005,0.00279344,-0.007049411016195837,0.005347217280593841,0.014212880830782619
UNIUSDT,2023-11-21T15:00:00+00:00,SHORT,0.0028905,-0.00132366,0.00046048,0.00421416,0.0021923100000000003,-0.0061258960465688786,0.015984356308436365,-0.04760961011642244
SOLUSDT,2023-11-21T18:00:00+00:00,SHORT,0.00174399,-0.00246027,0.00036479,0.00420426,0.0041576600000000005,-0.02636812873274753,0.029489901080232955,-0.023683759453755747
LTCUSDT,2023-11-21T22:00:00+00:00,LONG,0.00080898,-0.00183248,-8.11e-05,0.00264146,0.00252299,0.0051515265441827935,0.024903777275529757,0.030223724801092748
SOLUSDT,2023-11-23T00:00:00+00:00,SHORT,0.00458422,-0.00083829,0.00035698,0.00542251,0.00311794,-0.016484506223288786,-0.01004389623445883,-0.004757448984164305
LTCUSDT,2023-11-23T06:00:00+00:00,LONG,0.00150068,-0.00036372,-0.00024128,0.0018644,0.00132095,-0.0007104796035987851,-0.013442215848068938,-0.015315550209597722
AVAXUSDT,2023-11-23T12:00:00+00:00,SHORT,0.00108925,-0.00216626,0.00022487,0.00325551,0.00259213,0.006086681271459925,0.0023626424356174634,0.007784021704660507
AVAXUSDT,2023-11-23T19:00:00+00:00,SHORT,0.0013975,-0.00188672,0.00014785,0.00328422,0.00325551,-0.005449074492996312,-0.007097399877109406,-0.010192778630283493
AVAXUSDT,2023-11-24T09:00:00+00:00,SHORT,0.00942966,-0.00042567,0.00015339,0.009855329999999999,0.00328422,0.012019261713218316,0.0001881644562895468,0.010972489956600395
DOGEUSDT,2023-11-24T10:00:00+00:00,SHORT,0.00138779,-0.00087402,4.782e-05,0.00226181,0.00203412,0.000516595646255594,0.001033458301514659,-0.01257394036169734
UNIUSDT,2023-11-24T11:00:00+00:00,LONG,0.00398153,-0.0007695,-0.00024053,0.00475103,0.0039476400000000005,-0.009891593095806476,-0.02410142366845939,-0.021016254378763668
LTCUSDT,2023-11-24T16:00:00+00:00,SHORT,0.00085923,-0.00058162,0.00031673,0.00144085,0.00128287,-0.006223499578083003,-0.004671252035758463,-0.014368468072037923
SOLUSDT,2023-11-24T19:00:00+00:00,SHORT,0.00100967,-0.00123355,0.00044299,0.0022432199999999998,0.0022382699999999997,-0.004503096938149121,0.005191445793249914,-0.025168229755253502
DOGEUSDT,2023-11-25T00:00:00+00:00,SHORT,0.00136071,-0.00109193,0.00025824,0.00245264,0.00226181,-0.007119277463215549,-0.003311683067425694,0.00012759170671226388
SOLUSDT,2023-11-25T02:00:00+00:00,SHORT,0.00225707,-0.00018007,0.00064824,0.00243714,0.0022432199999999998,0.013049571962702042,0.015278051480491375,0.02072551583480648
AVAXUSDT,2023-11-26T01:00:00+00:00,SHORT,0.00152699,-0.00174072,0.00066234,0.00326771,0.0021212,-0.005363215589436627,-0.01773547737178754,-0.0044634452069469135
DOGEUSDT,2023-11-26T08:00:00+00:00,SHORT,0.00152545,-0.00039372,0.00137469,0.00191917,0.0018059,0.0003839508590075087,0.0016648527889750549,0.009126613899164093
DOGEUSDT,2023-11-26T14:00:00+00:00,SHORT,0.00149412,-0.00060551,0.00039638,0.00209963,0.00191917,-0.0,0.009746032571795583,-0.01131553799257602
AVAXUSDT,2023-11-26T16:00:00+00:00,LONG,0.00108435,-0.00318034,-0.00012082,0.00426469,0.00326771,0.006016306146306365,0.04447522600893247,0.018182319083190547
DOGEUSDT,2023-11-26T16:00:00+00:00,LONG,0.0009486,-0.00174426,-0.00016932,0.00269286,0.00209963,0.0018305444442175414,0.013389865308846024,0.03333427480754601
SOLUSDT,2023-11-26T16:00:00+00:00,SHORT,0.00080458,-0.00244405,1.934e-05,0.00324863,0.0021213300000000003,-0.001778028617597736,-0.020509246649444396,-0.007303146816791465
UNIUSDT,2023-11-26T16:00:00+00:00,SHORT,0.0014402,-0.00117167,1.526e-05,0.00261187,0.00201464,-0.010364519394716762,-0.03370548697370189,-0.024893419507000494
UNIUSDT,2023-11-27T05:00:00+00:00,SHORT,0.00132983,-0.0025251,0.00030734,0.0038549300000000003,0.00261187,0.015388737535432968,0.006755112597028357,-0.00458716400690614
ZECUSDT,2023-11-27T13:00:00+00:00,SHORT,0.00309664,-0.00045663,0.00050248,0.00355327,0.00312413,0.013563066547620684,0.009718924123725674,0.00937018828758463
AVAXUSDT,2023-11-27T19:00:00+00:00,SHORT,0.00091179,-0.00183087,0.00067844,0.00274266,0.00273372,0.001600720665940511,-0.01753909407145196,0.014601004534148351
UNIUSDT,2023-11-27T23:00:00+00:00,SHORT,0.00997174,-0.00073691,0.00045435,0.01070865,0.0038549300000000003,-0.005858618609842311,-0.035107747860521926,0.02394650383025617
SOLUSDT,2023-11-28T05:00:00+00:00,SHORT,0.00051008,-0.00190183,6.409e-05,0.0024119099999999997,0.00234511,-0.016750380167855055,-0.02778742068449462,-0.07137666284222759
LTCUSDT,2023-11-28T09:00:00+00:00,SHORT,0.00287369,-0.00028449,0.00018192,0.00315818,0.00175107,-0.00014502211612678546,-0.0027518302541675293,-0.011679175361413477
LTCUSDT,2023-11-28T12:00:00+00:00,SHORT,0.00075212,-0.0034837,0.00052832,0.00423582,0.00315818,-0.006238685450494076,-0.01444903045532273,-0.017599992672790995
DOGEUSDT,2023-11-28T14:00:00+00:00,LONG,0.00256239,-0.00143662,-0.00099817,0.00399901,0.00257275,0.0028791407508435758,0.005251324895899331,0.010971310648179853
AVAXUSDT,2023-11-28T15:00:00+00:00,SHORT,0.00144026,-0.00948638,0.00060517,0.010926640000000001,0.00274266,-0.014482053333793642,-0.016078300075129857,-0.024405063465414996
SOLUSDT,2023-11-28T17:00:00+00:00,SHORT,0.00209479,-0.00060086,0.00019366,0.00269565,0.0024119099999999997,0.0081640166325293,-0.001600757689380647,-0.008764087550939867
ZECUSDT,2023-11-28T19:00:00+00:00,SHORT,0.00207082,-0.00130834,0.00013013,0.00337916,0.00298654,-0.0013703325200196124,0.004466593923034819,0.002402609702183228
DOGEUSDT,2023-11-30T13:00:00+00:00,SHORT,0.0020387,-0.00097951,0.000898,0.0030182100000000003,0.0027487400000000004,-0.006787904850854014,-0.018437589235443468,-0.020703676435712505
LTCUSDT,2023-11-30T14:00:00+00:00,SHORT,0.00081137,-0.00045594,0.00032119,0.00126731,0.0012201199999999999,0.0005767012847261496,-0.0010084276587491202,-0.010181488970629921
DOGEUSDT,2023-11-30T15:00:00+00:00,SHORT,0.00136235,-0.00223114,0.00021604,0.00359349,0.0030182100000000003,-0.011583141089630855,-0.020302216929380574,-0.020658913919073076
AVAXUSDT,2023-12-01T01:00:00+00:00,SHORT,0.00680227,-0.00081189,0.00076029,0.00761416,0.00217947,-0.0002269580818167539,-0.007237230792753017,-0.01267581309027781
LTCUSDT,2023-12-01T01:00:00+00:00,SHORT,0.00120696,-0.00011078,0.00010733,0.00131774,0.00126731,-0.0014277558107852674,-0.002425973362479442,-0.02092540653043932
SOLUSDT,2023-12-01T01:00:00+00:00,SHORT,0.0009376,-0.00147989,0.00030709,0.00241749,0.00190712,-0.008560337837501335,-0.002519519309249433,-0.0025029642512650425
LTCUSDT,2023-12-01T13:00:00+00:00,LONG,0.00085057,-0.00094387,-7.922e-05,0.00179444,0.00131774,-0.0016806726645181777,0.008777485821223662,0.003771217543079545
DOGEUSDT,2023-12-02T15:00:00+00:00,SHORT,0.00113979,-0.00085394,0.00032584,0.00199373,0.00186824,0.00582606724936058,-0.017393786738151434,-0.018441821768577185
UNIUSDT,2023-12-02T15:00:00+00:00,SHORT,0.00139017,-0.00030623,0.00059827,0.0016964,0.00168962,0.0036405798938719956,-0.017519891432906543,-0.014756785245844117
LTCUSDT,2023-12-02T18:00:00+00:00,SHORT,0.00159191,0.0,0.00037738,0.00159191,0.00153329,-0.007480295303566143,-0.00471633555612929,0.00041721716758464267
ZECUSDT,2023-12-02T18:00:00+00:00,SHORT,0.00195977,-0.00082167,0.00072637,0.00278144,0.00276489,0.0012726695958943336,-0.005390848634876373,0.0035037462185747914
DOGEUSDT,2023-12-02T19:00:00+00:00,SHORT,0.00201782,-0.00043616,0.00070506,0.00245398,0.00199373,-0.0010481570865866412,-0.004766065400854553,0.004203649347499783
SOLUSDT,2023-12-02T19:00:00+00:00,SHORT,0.00325758,-0.00064126,0.00066253,0.0038988399999999998,0.00194265,-0.002994986828036025,-0.010624039308982442,-0.015354995105625036
UNIUSDT,2023-12-02T19:00:00+00:00,SHORT,0.00211051,-0.00013797,0.00074775,0.0022484799999999997,0.0016964,-0.0019461569554859697,-0.0024321049686123948,0.0009745006455783114
DOGEUSDT,2023-12-03T00:00:00+00:00,SHORT,0.00224032,-0.0004149,0.00050165,0.0026552200000000002,0.00245398,0.0028906766963468517,0.011379593304852841,0.028695533353553775
ZECUSDT,2023-12-03T06:00:00+00:00,SHORT,0.00231789,-0.00366783,0.00079033,0.00598572,0.00346584,0.0006381621148294011,0.0012767317406154985,0.015105541922354308
LTCUSDT,2023-12-03T12:00:00+00:00,SHORT,0.00188828,-0.00118799,0.00028619,0.00307627,0.00207168,-0.0002785903347171756,-0.0006963303672490751,-0.014247422687158458
AVAXUSDT,2023-12-03T15:00:00+00:00,SHORT,0.00160949,-0.00200498,0.00068486,0.00361447,0.00218673,0.002015852609157992,0.004679336917037368,-0.014584869724332282
DOGEUSDT,2023-12-03T20:00:00+00:00,SHORT,0.00142674,-0.00136281,0.00073159,0.00278955,0.0026552200000000002,-0.002587323564950954,-0.012870190520534956,-0.06441339555180187
UNIUSDT,2023-12-03T22:00:00+00:00,SHORT,0.00193003,-0.00037869,0.00090493,0.0023087199999999998,0.00212762,0.007233304593520061,-0.0027807329605527725,-0.008968669982760316
DOGEUSDT,2023-12-04T05:00:00+00:00,SHORT,0.00324585,-0.00071235,0.00080677,0.0039582,0.00278955,0.004562407068357954,0.01206314192688056,0.015327256480117665
ZECUSDT,2023-12-04T08:00:00+00:00,SHORT,0.00328326,0.00010923,0.00133238,0.00317403,0.0030884199999999997,0.006657181029179355,0.006021250960053341,0.008248777736322908
LTCUSDT,2023-12-04T09:00:00+00:00,SHORT,0.01047483,-0.00035455,8.76e-05,0.01082938,0.00307627,-0.006311711009316056,0.01876584848824184,0.026897655409961377
SOLUSDT,2023-12-04T09:00:00+00:00,SHORT,0.00150167,-0.00314397,0.00040723,0.0046456399999999995,0.00226071,0.004675609015570769,0.04252592742936116,0.025301184696969514
AVAXUSDT,2023-12-04T10:00:00+00:00,SHORT,0.00527656,-0.00047832,0.00070822,0.0057548799999999995,0.00361447,0.03624602724943291,0.0603701553122932,0.02936879446116106
DOGEUSDT,2023-12-04T11:00:00+00:00,SHORT,0.00304918,-0.00856427,0.00026689,0.01161345,0.0039582,-0.006258198726332024,-0.02011367242148876,-0.04856729023633376
SOLUSDT,2023-12-04T11:00:00+00:00,SHORT,0.00382839,-0.00641415,0.00051578,0.010242540000000001,0.0046456399999999995,0.004970638340849111,0.025120518933316124,0.007221997800385507
UNIUSDT,2023-12-04T11:00:00+00:00,SHORT,0.00209679,-0.00876669,0.00081171,0.01086348,0.0023087199999999998,-0.013705549827142482,0.009574190004518845,-0.004425873956855375
ZECUSDT,2023-12-04T11:00:00+00:00,SHORT,0.00257469,-0.00673241,0.00035406,0.0093071,0.00317403,-0.00926080385088598,0.009347368622670335,-0.018751542599689152
SOLUSDT,2023-12-05T15:00:00+00:00,SHORT,0.00239055,-0.00043529,0.00011431,0.00282584,0.00250289,0.002873069838181377,-0.0071711827717214315,-0.054629635456557586
DOGEUSDT,2023-12-05T16:00:00+00:00,SHORT,0.00385426,-0.00083674,0.00068663,0.004691,0.00430779,-0.0070022167941647335,-0.022794865193111993,-0.06719063358732541
AVAXUSDT,2023-12-05T18:00:00+00:00,SHORT,0.0036381,-0.00070161,0.00115222,0.00433971,0.0033349,0.0026271201550462395,-0.0403902649286445,-0.08482612392461938
DOGEUSDT,2023-12-05T18:00:00+00:00,SHORT,0.00498413,-0.00122899,0.00135336,0.00621312,0.004691,-0.028008244488632095,-0.015704313283572947,-0.12182227946328887
AVAXUSDT,2023-12-06T00:00:00+00:00,SHORT,0.00557964,-0.00114782,0.00097266,0.00672746,0.00433971,0.0033308130718507386,-0.00015113730853228528,0.016305123131139854
SOLUSDT,2023-12-06T00:00:00+00:00,SHORT,0.00310472,0.00010989,0.00153638,0.00299483,0.00282584,-0.013384641188796394,-0.017977554391944293,-0.0021643491311850436
UNIUSDT,2023-12-06T00:00:00+00:00,SHORT,0.00232874,-0.00042816,0.00117565,0.0027569,0.0025593499999999997,0.006381642589520609,0.017972242404430367,0.03974247774748392
ZECUSDT,2023-12-06T05:00:00+00:00,SHORT,0.00245275,-0.00135173,0.0008901,0.00380448,0.00358619,-0.0090061721643821,-0.011564536207709192,-0.01824926585907324
UNIUSDT,2023-12-06T07:00:00+00:00,SHORT,0.00216683,-0.0009595,0.00068517,0.0031263299999999996,0.0027569,-0.010269875901600858,0.011701822856702907,-0.005229624600516767
SOLUSDT,2023-12-06T08:00:00+00:00,SHORT,0.00366366,0.00037591,0.0014737,0.00328775,0.00299483,0.01116989989111814,0.041922908011015815,0.03680716321854299
LTCUSDT,2023-12-06T09:00:00+00:00,SHORT,0.00294467,-0.00106056,0.00074375,0.00400523,0.0020101900000000002,-0.004854378464798143,0.006781526057383033,0.01059936543704208
AVAXUSDT,2023-12-06T14:00:00+00:00,SHORT,0.00202847,-0.00646929,0.00108128,0.00849776,0.00672746,-0.004580219938969379,-0.061521310533405184,-0.017011345826536538
SOLUSDT,2023-12-07T10:00:00+00:00,SHORT,0.00265284,-0.00056701,0.00057614,0.00321985,0.00303339,-0.018445928528842925,-0.01801030036170473,-0.07441802055317613
LTCUSDT,2023-12-07T16:00:00+00:00,SHORT,0.00239826,0.0,0.00117182,0.00239826,0.00226415,-0.0017467253349415786,0.009051058074335303,-0.0034904049397685676
UNIUSDT,2023-12-07T16:00:00+00:00,SHORT,0.00293998,0.0,0.00139713,0.00293998,0.00280779,0.004297658823270627,0.016817886578007115,-0.011998880932700021
SOLUSDT,2023-12-07T17:00:00+00:00,SHORT,0.00381585,-1.578e-05,0.00129025,0.00383163,0.00321985,0.012039306765053444,-0.03451602646330224,-0.06967905219608321
UNIUSDT,2023-12-07T19:00:00+00:00,SHORT,0.00169897,-0.00166042,0.00092832,0.00335939,0.00293998,-0.0053445750347863655,-0.02263884113748331,-0.02707414066243845
SOLUSDT,2023-12-07T20:00:00+00:00,SHORT,0.00792053,0.00014323,0.0010277,0.0077773,0.00383163,-0.04043427551474383,-0.039474024029679214,-0.06756241216264812
ZECUSDT,2023-12-07T21:00:00+00:00,SHORT,0.00319233,-0.0004192,0.00114106,0.00361153,0.0032974299999999996,0.01214022692620402,0.006207344574333824,0.0018581609558318843
LTCUSDT,2023-12-08T09:00:00+00:00,SHORT,0.00257651,0.0,0.00064614,0.00257651,0.00239826,-0.01309303941065172,-0.019443947234945445,-0.04560879811805349
LTCUSDT,2023-12-08T11:00:00+00:00,SHORT,0.00181561,-0.00111529,0.00099609,0.0029309,0.00257651,-0.0009258647576282956,-0.006068620207716908,-0.03867598566900173
AVAXUSDT,2023-12-08T14:00:00+00:00,SHORT,0.00422516,-0.00098154,0.00102581,0.0052067,0.00324374,0.01318779191777264,-0.013437735355539038,-0.11958125254739266
LTCUSDT,2023-12-08T16:00:00+00:00,SHORT,0.00264678,-0.00083094,0.00073319,0.00347772,0.0029309,0.0051780050967529375,-0.010404049919388744,-0.01968869531345003
LTCUSDT,2023-12-08T18:00:00+00:00,SHORT,0.00901866,0.0,0.00098947,0.00901866,0.00347772,-0.0006417249787060605,0.005535900845251132,-0.013010387601086438
AVAXUSDT,2023-12-08T19:00:00+00:00,SHORT,0.00583674,0.0,0.00043293,0.00583674,0.0052067,-0.0023066495980408877,-0.03405323027129259,-0.11015441305471171
DOGEUSDT,2023-12-08T21:00:00+00:00,SHORT,0.00286501,-0.00017686,0.00102443,0.00304187,0.00266176,0.004217966918626862,-0.005369271453428989,-0.0018581003830146897
UNIUSDT,2023-12-09T00:00:00+00:00,SHORT,0.00349892,0.0,0.00127579,0.00349892,0.0029435299999999998,-0.001497678878119259,-0.02091288673508551,-0.006126279900168967
ZECUSDT,2023-12-09T01:00:00+00:00,SHORT,0.00290524,-0.0001632,0.00133121,0.00306844,0.00306602,-0.002673401265499838,-0.016226938146731068,-0.013589573980645557
DOGEUSDT,2023-12-09T02:00:00+00:00,SHORT,0.00216948,-0.0022944,0.00078713,0.00446388,0.00304187,-0.01565130256907224,-0.016233487720389034,0.00791848144266252
ZECUSDT,2023-12-09T04:00:00+00:00,SHORT,0.0035197,8.215e-05,0.00205826,0.00343755,0.00335539,-0.0014643435037221101,0.0014664909506030758,0.0044059404509857545
SOLUSDT,2023-12-09T06:00:00+00:00,SHORT,0.00484373,-3.201e-05,0.00145407,0.00487574,0.00474695,-0.005274720329960206,-0.004469033698459805,0.031154506594683905
ZECUSDT,2023-12-09T08:00:00+00:00,SHORT,0.00334721,-0.00135888,0.00160894,0.0047060900000000004,0.00343755,0.004999275226109439,-0.004974406746161935,0.005294130012264657
UNIUSDT,2023-12-09T17:00:00+00:00,SHORT,0.00196771,-0.00359339,4.459e-05,0.0055611,0.00349892,-0.010089106351543026,-0.017443162145341026,-0.0031266309994319222
UNIUSDT,2023-12-09T22:00:00+00:00,SHORT,0.0237956,-2.588e-05,0.00042181,0.02382148,0.0055611,0.011179789764462024,0.03108754742238703,0.0513996878763694
LTCUSDT,2023-12-09T23:00:00+00:00,SHORT,0.00175638,-0.00353612,0.00080978,0.0052925,0.00419667,-0.012878226763993037,-0.01261969522170491,-0.01300746747499681
DOGEUSDT,2023-12-10T06:00:00+00:00,SHORT,0.00902232,-0.00027387,6.962e-05,0.009296190000000001,0.00326857,0.009739691383596424,0.030323608527083556,-0.007390288353150898
SOLUSDT,2023-12-10T15:00:00+00:00,SHORT,0.00236505,-0.00163655,0.0006337,0.0040016,0.00304234,0.007880647551011264,0.002932672868861234,0.03972896989516615
AVAXUSDT,2023-12-10T19:00:00+00:00,LONG,0.00326094,-0.00113717,-0.00017749,0.00439811,0.00355897,0.05535398860065312,0.04500422716359473,-0.007054802519375473
ZECUSDT,2023-12-10T23:00:00+00:00,SHORT,0.00261683,-0.00065672,0.00155498,0.00327355,0.0030499,0.008944603462898286,0.06753102230552825,0.08224657895817256
AVAXUSDT,2023-12-11T02:00:00+00:00,SHORT,0.00639387,-0.01885682,0.00112979,0.02525069,0.00728482,-0.03902415338777337,-0.012257211195874666,0.0009139463121545233
DOGEUSDT,2023-12-11T02:00:00+00:00,SHORT,0.00348442,-0.03860263,0.00031656,0.04208705,0.009296190000000001,-0.034454904083050186,-0.0030703125132580385,0.02901466986561602
LTCUSDT,2023-12-11T02:00:00+00:00,SHORT,0.00204986,-0.01597848,0.00032043,0.01802834,0.00311127,-0.005975842854698782,0.0010903640169817844,0.014130147987093599
SOLUSDT,2023-12-11T02:00:00+00:00,SHORT,0.00567061,-0.03210905,0.00172333,0.03777966,0.0040016,-0.00818713053393127,0.01996762455134114,0.04275875243632385
UNIUSDT,2023-12-11T02:00:00+00:00,SHORT,0.00355678,-0.014717,0.00041168,0.01827378,0.0027864100000000004,-0.008192158898629497,-0.008192158898629497,0.01822967149166116
ZECUSDT,2023-12-11T02:00:00+00:00,SHORT,0.00297589,-0.0254587,0.00073856,0.028434590000000003,0.00352254,-0.012462215927744727,-0.004171352109798649,0.023423322017561712
UNIUSDT,2023-12-12T18:00:00+00:00,SHORT,0.00251646,0.0,0.00080913,0.00251646,0.00250903,0.006767670045863798,0.010817898344886527,0.03997256148242027
LTCUSDT,2023-12-12T23:00:00+00:00,SHORT,0.00221184,-0.00036523,0.00037371,0.00257707,0.00247753,0.00027616680650545785,0.01768971540960049,0.016285418029544748
AVAXUSDT,2023-12-13T01:00:00+00:00,LONG,0.00300459,-0.00118092,-0.00010875,0.00418551,0.0036138100000000003,0.020746388792382667,0.020379162336652046,0.12473052343611862
DOGEUSDT,2023-12-13T02:00:00+00:00,SHORT,0.00196124,-0.00098062,0.0003666,0.00294186,0.0024330000000000003,0.0109231015054699,0.01908371141637954,-0.000760167273397525
LTCUSDT,2023-12-13T02:00:00+00:00,SHORT,0.00221238,-0.00125984,0.00045045,0.00347222,0.00257707,0.008675022921826913,0.0158677765889247,-0.0018094513949415034
UNIUSDT,2023-12-13T02:00:00+00:00,SHORT,0.00210198,-0.00106039,0.00097214,0.00316237,0.00251646,0.005420067469339256,0.020185993154773357,-0.003923496940926595
ZECUSDT,2023-12-13T02:00:00+00:00,SHORT,0.00285269,-0.0023183,0.0007776,0.00517099,0.0039518,0.009960241705055424,0.022044980920127386,0.005299780539984855
AVAXUSDT,2023-12-13T06:00:00+00:00,SHORT,0.00145431,-0.00349338,0.0006794,0.00494769,0.00418551,-0.02785182976524861,-0.054893730328804284,-0.130970478343386
SOLUSDT,2023-12-13T07:00:00+00:00,SHORT,0.0011407,-0.0036103,0.00047919,0.004751,0.00364897,-0.02177161948339359,-0.007977460078005911,-0.08005218616683504
AVAXUSDT,2023-12-14T13:00:00+00:00,LONG,0.00205461,-0.01396203,-0.00029578,0.01601664,0.0047112000000000005,0.003466027315079553,0.021308449854816162,0.01605586593991396
DOGEUSDT,2023-12-14T13:00:00+00:00,LONG,0.00145579,-0.00564682,-5.788e-05,0.0071026100000000005,0.00236535,-0.004995327277878732,0.01739174271186924,0.01953187091724585
LTCUSDT,2023-12-14T13:00:00+00:00,SHORT,0.00170521,-0.00312735,0.00077303,0.00483256,0.00281768,0.005093973980595923,0.0008242890973656831,0.0038525088925308554
SOLUSDT,2023-12-14T13:00:00+00:00,LONG,0.00439706,-0.00889233,-0.00041706,0.013289390000000002,0.00234828,-0.007462150838175577,0.018490088671450307,0.04025477198985816
UNIUSDT,2023-12-14T13:00:00+00:00,SHORT,0.00202012,-0.00283665,0.00111535,0.00485677,0.00237564,0.003958519934379751,-0.002998029858980352,0.00841074544750512
ZECUSDT,2023-12-14T13:00:00+00:00,SHORT,0.00302672,-0.00460921,0.00136341,0.00763593,0.0034457,0.009874997955419858,0.00328084283790679,0.00328084283790679
AVAXUSDT,2023-12-15T14:00:00+00:00,SHORT,0.00369672,-0.00063504,0.00186235,0.0043317600000000005,0.00371741,0.018407156887282925,0.006505474609149936,0.00912446253391606
ZECUSDT,2023-12-15T15:00:00+00:00,SHORT,0.00272432,-0.0002837,0.00130883,0.00300802,0.00297597,0.0006682258852058418,-0.005994023940210426,-0.004000005333346137
DOGEUSDT,2023-12-15T23:00:00+00:00,SHORT,0.00112184,-0.00149546,0.00086706,0.0026173000000000004,0.00215658,0.0036606414693686577,-0.010689572658779654,-0.016731887114742282
LTCUSDT,2023-12-16T00:00:00+00:00,SHORT,0.00163201,-0.00029998,0.00101411,0.00193199,0.00155812,-0.0004191993354199049,-0.0064084922583156215,-0.013603763372861219
SOLUSDT,2023-12-16T00:00:00+00:00,SHORT,0.00135389,-0.00248118,0.00055707,0.00383507,0.00326527,-0.00791877875099564,-0.012870190520534956,-0.044804513495398136
UNIUSDT,2023-12-16T00:00:00+00:00,SHORT,0.00165425,-0.00059676,0.00039781,0.00225101,0.00203542,-0.007778276700755593,-0.01908894559724086,-0.03669987008755189
UNIUSDT,2023-12-16T03:00:00+00:00,SHORT,0.00204662,-0.00024345,0.0002951,0.00229007,0.00225101,0.00016298590208039672,-0.004390607915151112,-0.014721611825359927
UNIUSDT,2023-12-16T07:00:00+00:00,SHORT,0.00209367,-0.00021631,0.00073206,0.00230998,0.00229007,0.0027622082718132693,-0.004694464307319965,-0.00048665748385254493
UNIUSDT,2023-12-16T12:00:00+00:00,SHORT,0.00282104,5.031e-05,0.00140166,0.00277073,0.00230998,0.006750266711866239,0.0017635275111599204,0.010466241583217179
AVAXUSDT,2023-12-16T18:00:00+00:00,SHORT,0.00221865,-0.00414,0.00076718,0.0063586499999999995,0.00426084,0.013754668365714711,0.010936971376089488,0.016533167410050204
DOGEUSDT,2023-12-17T00:00:00+00:00,SHORT,0.00157629,-0.00061946,0.00034991,0.00219575,0.0021435300000000003,0.002396208887341685,0.0018748052569880188,0.010775853605307754
LTCUSDT,2023-12-17T01:00:00+00:00,SHORT,0.00185286,-0.00021755,0.00038344,0.00207041,0.00131699,0.0035921563909598313,-0.0006893224233798695,0.003038676371295503
DOGEUSDT,2023-12-17T06:00:00+00:00,SHORT,0.00129377,-0.00099017,0.00034666,0.00228394,0.00219575,0.005308995268553774,-0.005175612292585107,-0.011895503182630957
LTCUSDT,2023-12-17T06:00:00+00:00,SHORT,0.00198301,-0.00015001,0.00019868,0.00213302,0.00207041,-0.0009617366956853994,-0.0015108855288157932,-0.0034305350967892222
ZECUSDT,2023-12-17T12:00:00+00:00,SHORT,0.00342448,0.0,0.00188597,0.00342448,0.00264819,0.007333366197795918,-0.005630086075605614,0.0103489489822837
DOGEUSDT,2023-12-17T14:00:00+00:00,SHORT,0.00172488,-0.00061344,0.00010327,0.00233832,0.00228394,-0.011796725357591704,-0.0213651701598688,0.024895754881552778
UNIUSDT,2023-12-17T16:00:00+00:00,SHORT,0.00255137,0.0,0.0008688,0.00255137,0.00225841,0.0019264735449189977,-0.002242871814944777,0.04527589736715798
SOLUSDT,2023-12-17T17:00:00+00:00,SHORT,0.00249546,-0.00018652,0.00045468,0.00268198,0.0023757500000000003,0.0002835979140799781,0.0025688186750507636,0.06327636098516384
SOLUSDT,2023-12-17T23:00:00+00:00,SHORT,0.00195605,-0.00263521,0.00106472,0.00459126,0.00268198,-0.0065789710980425605,0.013789600257102276,0.026887835765991963
DOGEUSDT,2023-12-18T09:00:00+00:00,SHORT,0.00152125,-0.00181084,0.00049912,0.0033320900000000002,0.00233832,0.016313575491523683,0.004922260749339995,-0.026973617492967363
LTCUSDT,2023-12-18T09:00:00+00:00,SHORT,0.00423095,-0.00081979,0.00078223,0.00505074,0.00191257,0.010104012056894707,0.005039244700275543,-0.018356972251551976
AVAXUSDT,2023-12-18T10:00:00+00:00,SHORT,0.00277968,-0.00111127,0.00061096,0.00389095,0.00338398,-0.0177033185851823,-0.05437023627183668,-0.08891118491702268
ZECUSDT,2023-12-18T10:00:00+00:00,SHORT,0.00237585,-0.00193688,0.00086504,0.00431273,0.00415059,-0.004971601149245765,-0.0239195364473042,-0.027389352558691425
DOGEUSDT,2023-12-19T14:00:00+00:00,SHORT,0.00150931,-0.00065208,0.00010675,0.00216139,0.00211241,-0.007250388786609014,0.004641405171756048,0.002318009758049026
DOGEUSDT,2023-12-19T17:00:00+00:00,SHORT,0.00232575,-0.00033321,0.00077789,0.00265896,0.00216139,-0.008900815327405923,-0.02013565097899385,-0.01453401076173695
LTCUSDT,2023-12-19T17:00:00+00:00,SHORT,0.00242912,-0.00021596,0.00029621,0.0026450799999999997,0.0017546500000000002,-0.012231698511478643,-0.01336196141790182,-0.017026518020594822
UNIUSDT,2023-12-19T23:00:00+00:00,SHORT,0.0018368,-0.00028538,0.00077467,0.00212218,0.00204033,-0.005294180241913207,-0.006315630790377657,-0.02435844383204044
ZECUSDT,2023-12-19T23:00:00+00:00,SHORT,0.00253246,-0.00013958,0.00068935,0.0026720399999999997,0.0026252000000000003,-0.005716342825560246,-0.009627458922303272,-0.028956825442967467
UNIUSDT,2023-12-20T05:00:00+00:00,SHORT,0.0025198,0.0,0.00068735,0.0025198,0.00212218,0.0021905813798185863,-0.00921511086674697,-0.02016230926200716
SOLUSDT,2023-12-20T06:00:00+00:00,SHORT,0.00366497,0.00032215,0.0011788,0.00334282,0.0027443100000000002,-0.004608606484666861,-0.028326672610782085,-0.09058380135091047
SOLUSDT,2023-12-20T13:00:00+00:00,SHORT,0.00444181,0.0,0.00088784,0.00444181,0.00334282,0.003435908589643564,-0.04848987288463136,-0.0437332633804582
ZECUSDT,2023-12-20T15:00:00+00:00,SHORT,0.00232378,-0.00102882,0.00126291,0.0033526,0.0033314,0.0030721990369701403,0.0013642566918139667,-0.0
AVAXUSDT,2023-12-20T16:00:00+00:00,SHORT,0.00204796,-0.00203017,0.00133052,0.00407813,0.00301311,-0.036716490629104225,0.012859499043197647,-0.04533231414278022
LTCUSDT,2023-12-20T18:00:00+00:00,SHORT,0.00230167,0.00029537,0.00081674,0.0020063,0.0016516,0.011479896479002459,0.023235573251614086,0.02708969264666411
ZECUSDT,2023-12-20T18:00:00+00:00,SHORT,0.00782216,-0.00080292,0.00111091,0.00862508,0.0033526,0.012211820686764446,0.021125146753190726,-0.0016843527647302538
AVAXUSDT,2023-12-20T20:00:00+00:00,SHORT,0.00219631,-0.00198936,0.00131246,0.00418567,0.00407813,-0.004900469224946958,-0.028176781391767835,-0.08264635370243782
DOGEUSDT,2023-12-20T20:00:00+00:00,SHORT,0.00180769,-0.00101575,0.00095996,0.00282344,0.00223902,-0.0006594856251329443,-0.00591977172731263,-0.005810464190449083
UNIUSDT,2023-12-20T20:00:00+00:00,SHORT,0.00179897,-0.00115618,0.00080496,0.00295515,0.0025198,0.0011887578881439364,-0.0038959988299661495,-0.01281636430107591
LTCUSDT,2023-12-20T21:00:00+00:00,SHORT,0.00209532,-0.00016301,0.00103876,0.00225833,0.0020063,-0.00528534906544028,0.005313432476537011,-0.003146005740761421
LTCUSDT,2023-12-20T23:00:00+00:00,SHORT,0.0010859,-0.00167267,0.00049236,0.00275857,0.00225833,0.005885325248431475,0.0012889368057312925,-0.009118171166589847
UNIUSDT,2023-12-21T07:00:00+00:00,SHORT,0.00169238,-0.00188886,0.00108209,0.0035812400000000003,0.00295515,-0.0008381527604907837,-0.015971059821883064,-0.012995851015635388
AVAXUSDT,2023-12-21T08:00:00+00:00,SHORT,0.00602773,-0.00017476,0.00093186,0.006202490000000001,0.00418567,-0.0012820932468862558,0.019586512008921548,-0.0062644487218460046
SOLUSDT,2023-12-21T14:00:00+00:00,SHORT,0.00407463,-0.00053435,0.00051072,0.00460898,0.00422157,-0.015097405417845464,-0.06218933273236645,-0.13705424741910552
SOLUSDT,2023-12-21T17:00:00+00:00,SHORT,0.00454732,-0.00032836,0.00095072,0.004875679999999999,0.00460898,0.008754144130040201,0.004926305009982817,-0.06475518107242866
DOGEUSDT,2023-12-21T20:00:00+00:00,SHORT,0.00338173,-0.0012959,6.577e-05,0.00467763,0.00282344,-0.005700974238230451,0.009504484311563848,0.03264776777122237
SOLUSDT,2023-12-21T22:00:00+00:00,SHORT,0.00411962,-0.00077404,0.00091475,0.00489366,0.004875679999999999,0.007763075479432214,-0.04400015435785524,0.02188383311588947
LTCUSDT,2023-12-22T06:00:00+00:00,SHORT,0.00212197,-0.00050591,0.00066258,0.00262788,0.00153714,0.0028180940166389824,-0.006171993221501002,-0.02528614855531799
UNIUSDT,2023-12-22T08:00:00+00:00,SHORT,0.00272848,0.0,0.00193126,0.00272848,0.00218626,-0.005107752525299086,-0.006857534249086813,-0.023876539418681574
LTCUSDT,2023-12-22T18:00:00+00:00,SHORT,0.00239648,-0.00067009,0.00075308,0.00306657,0.00262788,0.003160428601065699,-0.008878020479004519,0.015066979339943097
UNIUSDT,2023-12-23T01:00:00+00:00,SHORT,0.00198597,-0.00131958,0.00126711,0.00330555,0.0029062700000000003,0.015554428955650755,0.0008041817884135768,0.0009650957802323388
LTCUSDT,2023-12-23T02:00:00+00:00,SHORT,0.00186616,-0.00256857,0.00072386,0.00443473,0.00306657,0.0006968155811180883,-0.0002785903347171756,-0.006526441273080406
AVAXUSDT,2023-12-23T10:00:00+00:00,SHORT,0.00253272,-0.0008852,0.00066498,0.00341792,0.00272551,0.004119424677304466,-0.0037943174947549763,-0.041538722911330386
SOLUSDT,2023-12-23T18:00:00+00:00,SHORT,0.00318502,-0.00028889,0.00075401,0.00347391,0.0034426599999999997,7.768423305284392e-05,-0.05548849251802179,-0.09222908541375444
SOLUSDT,2023-12-23T22:00:00+00:00,SHORT,0.00704123,-0.00030722,0.00102939,0.007348449999999999,0.00347391,0.008264738547667759,-0.03257022305379935,-0.010853882077986009
AVAXUSDT,2023-12-24T00:00:00+00:00,SHORT,0.00365618,-0.00051533,0.00082405,0.00417151,0.00341792,0.002868040333937611,-0.024269271699929117,-0.016703870026074274
UNIUSDT,2023-12-24T02:00:00+00:00,SHORT,0.00304008,0.0,0.00050374,0.00304008,0.0025787,-0.0,0.02023015851919746,-0.01483486633097459
SOLUSDT,2023-12-24T03:00:00+00:00,SHORT,0.00973667,-0.00092895,0.00113591,0.010665619999999999,0.007348449999999999,0.01223846689404325,0.015271439699878715,0.02351023471354171
ZECUSDT,2023-12-24T04:00:00+00:00,SHORT,0.00296863,0.00024325,0.00055209,0.00272538,0.00262288,0.016644858313955027,0.004964431840796513,-0.02252420994957664
DOGEUSDT,2023-12-24T05:00:00+00:00,SHORT,0.00199284,-0.00145012,0.00095444,0.00344296,0.00216901,0.0016117770641252012,-0.013755081720746675,-0.004606081733590508
LTCUSDT,2023-12-24T05:00:00+00:00,SHORT,0.00259159,-0.00139439,0.00108435,0.00398598,0.00262749,-0.0026273955514175794,-0.0056610437687651645,-0.0009687911628941524
UNIUSDT,2023-12-24T10:00:00+00:00,SHORT,0.00237279,-0.00085416,0.00054602,0.00322695,0.00304008,-0.0,-0.007835061147293158,-0.02390318365410362
ZECUSDT,2023-12-24T12:00:00+00:00,SHORT,0.00257703,-0.00105166,0.00068368,0.0036286900000000004,0.0033095900000000003,-0.007142887512380204,-0.009404966357077686,0.008836581800498
UNIUSDT,2023-12-24T16:00:00+00:00,SHORT,0.00307404,-0.00030377,0.00015156,0.00337781,0.00322695,0.007102302582066573,0.006817239866339096,0.041028432434785767
AVAXUSDT,2023-12-24T22:00:00+00:00,SHORT,0.00235013,-0.00200644,0.00037996,0.004356570000000001,0.00417151,-0.009389542668190016,0.0005289382217703417,0.01730305695494774
DOGEUSDT,2023-12-24T22:00:00+00:00,SHORT,0.00162029,-0.00269284,0.00029767,0.00431313,0.00344296,-0.004149836685989756,-0.009800797170427514,-0.02025742238879952
UNIUSDT,2023-12-24T22:00:00+00:00,SHORT,0.00241238,-0.00288887,0.00050193,0.00530125,0.00337781,0.008144314941685863,0.011948269784672814,0.023299464121407622
ZECUSDT,2023-12-24T22:00:00+00:00,SHORT,0.00264599,-0.00183203,0.00091191,0.00447802,0.0036286900000000004,-0.0016581001974930473,-0.01743752030145833,-0.025558403001815135
SOLUSDT,2023-12-25T09:00:00+00:00,SHORT,0.00166809,-0.0052763,0.00062845,0.00694439,0.00578638,-0.005589548353310933,-0.035694329463694656,-0.07665009430051596
SOLUSDT,2023-12-25T18:00:00+00:00,SHORT,0.00549272,-0.00300807,0.00148057,0.008500790000000001,0.00694439,0.012472744927965632,0.025979125030629185,0.09281471940008452
SOLUSDT,2023-12-25T20:00:00+00:00,SHORT,0.00269327,-0.00588428,0.00078643,0.00857755,0.008500790000000001,0.0016873129791501566,0.004978235773903911,0.05138202939106376
DOGEUSDT,2023-12-26T05:00:00+00:00,SHORT,0.00260012,-0.00153436,0.0001632,0.00413448,0.0032271300000000004,0.0045553224108832325,0.0029260383921782336,0.027982294257935275
LTCUSDT,2023-12-26T05:00:00+00:00,SHORT,0.00200727,-0.00089586,0.00071922,0.00290313,0.00185771,-0.00013986992120157722,-0.006552829303571942,-0.014028982081868641
ZECUSDT,2023-12-26T05:00:00+00:00,SHORT,0.00255113,-0.00244994,0.00024013,0.00500107,0.0029528999999999996,0.00873650598106751,-0.0012878301844286859,0.0556434915687032
UNIUSDT,2023-12-26T13:00:00+00:00,SHORT,0.01471435,-0.00129585,0.00152847,0.0160102,0.0038894800000000003,-0.003660134805058112,0.057682385557464334,0.056157466706477144
AVAXUSDT,2023-12-26T15:00:00+00:00,SHORT,0.0014476,-0.00180658,0.00014867,0.0032541799999999997,0.00316103,-0.005863035361410808,0.04282305982126023,0.04839488414179336
LTCUSDT,2023-12-26T16:00:00+00:00,SHORT,0.00327768,0.00016128,0.00120737,0.0031163999999999996,0.00290313,0.01872022968001732,0.02079133846315363,0.01582786487868108
DOGEUSDT,2023-12-26T17:00:00+00:00,SHORT,0.00224048,-0.0131318,3.424e-05,0.01537228,0.00413448,-0.005769460140037483,-0.012275520471576014,-0.011725798067539374
ZECUSDT,2023-12-26T17:00:00+00:00,SHORT,0.00250526,-0.00848229,0.00115076,0.01098755,0.00500107,-0.017556156518301818,-0.0262199894520346,-0.02022995490270392
UNIUSDT,2023-12-28T06:00:00+00:00,SHORT,0.00422889,0.0,0.00175132,0.00422889,0.00309022,-0.014628512467410532,0.0007691322004592468,-0.016772947221706955
SOLUSDT,2023-12-28T07:00:00+00:00,SHORT,0.00467946,-0.00054311,0.00142463,0.00522257,0.00471113,0.009555752559372315,0.009517651878318158,0.04617637973463178
UNIUSDT,2023-12-28T08:00:00+00:00,SHORT,0.00482315,0.0,0.0026384,0.00482315,0.00422889,0.034653148854993404,0.06158770752328271,-0.009719702687983289
DOGEUSDT,2023-12-28T15:00:00+00:00,SHORT,0.00356566,0.0,0.00028743,0.00356566,0.00314985,-0.0003280660535740372,-0.006106223312730783,-0.00697550512341937
SOLUSDT,2023-12-28T15:00:00+00:00,SHORT,0.00229008,-0.00816892,0.00115337,0.010459,0.00522257,0.007634431081674327,-0.014029662075915555,-0.05050739876696182
AVAXUSDT,2023-12-28T23:00:00+00:00,SHORT,0.00213873,-0.00146193,0.00085049,0.0036006600000000003,0.0028664000000000003,0.01362078041994896,-0.030843150635726267,-0.04976735788563835
ZECUSDT,2023-12-29T00:00:00+00:00,SHORT,0.0033477,-0.0004511,0.00025107,0.0037987999999999997,0.00315002,0.013740430269736603,-0.0022190530583126224,0.08369901887664694
AVAXUSDT,2023-12-29T01:00:00+00:00,SHORT,0.00251292,-0.00122439,0.00105488,0.0037373099999999998,0.0036006600000000003,-0.02840466217989299,-0.05127676490499301,-0.046360488943311434
DOGEUSDT,2023-12-29T01:00:00+00:00,SHORT,0.00178984,-0.00364099,0.00039001,0.00543083,0.00356566,-0.006784880482082082,-0.015147676980352132,-0.01752425798444829
ZECUSDT,2023-12-29T09:00:00+00:00,SHORT,0.00281883,-0.00179253,0.00219218,0.00461136,0.00394264,0.002029084226780981,0.018755878032094515,0.03297001923756983
SOLUSDT,2023-12-29T16:00:00+00:00,SHORT,0.00306232,-0.00571205,0.00141465,0.00877437,0.0042601800000000006,0.0011259691018819442,-0.009153031435114834,-0.002248141907228324
ZECUSDT,2023-12-29T16:00:00+00:00,SHORT,0.00379108,-0.0008926,0.00021821,0.00468368,0.00461136,-0.00601239653790559,-0.013389911116660415,-0.018974567865176952
DOGEUSDT,2023-12-29T22:00:00+00:00,SHORT,0.00145511,-0.00550171,3.362e-05,0.00695682,0.00543083,-0.006834241767922296,-0.0028716609086896824,0.005323290822851071
ZECUSDT,2023-12-30T06:00:00+00:00,SHORT,0.00241703,-0.00232367,0.0009713,0.0047407000000000005,0.00468368,0.003799003014926252,0.01528338189063104,0.0187896968433666
ZECUSDT,2023-12-30T11:00:00+00:00,SHORT,0.0019004,-0.00310276,0.000322,0.0050031599999999996,0.0047407000000000005,0.0021045255049152757,0.0010517091241096454,-0.004544667846588208
AVAXUSDT,2023-12-30T22:00:00+00:00,SHORT,0.00196241,-0.00232546,0.00124203,0.00428787,0.0033686899999999997,-0.0007621177078564914,0.01101369304392344,-0.02276365817205675
UNIUSDT,2023-12-31T03:00:00+00:00,SHORT,0.00333563,0.0,0.00108419,0.00333563,0.00291688,-0.0027266547227094875,-0.01960184424159483,-0.02932682596836292
DOGEUSDT,2023-12-31T08:00:00+00:00,SHORT,0.00179484,-0.00015139,0.00070717,0.00194623,0.0019386,-0.0034172992523828455,0.003318220056017587,0.009430368883680701
SOLUSDT,2024-01-01T09:00:00+00:00,SHORT,0.00214363,-0.00323136,0.001248,0.00537499,0.0022935,-0.0011897681355887508,-0.011834457647003017,-0.038228773275488376
AVAXUSDT,2024-01-01T23:00:00+00:00,SHORT,0.002811,-0.00069396,0.00112319,0.00350496,0.0025792799999999998,-0.013627863687238301,-0.003471895430839711,-0.009648625792696373
DOGEUSDT,2024-01-02T00:00:00+00:00,SHORT,0.00249322,8.609e-05,0.00247496,0.00240713,0.00191428,0.0055824084853280075,0.002250684193211859,0.01108790088229804
LTCUSDT,2024-01-02T00:00:00+00:00,SHORT,0.00243844,0.00043603,0.00167333,0.00200241,0.0017260700000000001,0.003451025458465421,0.004648391396769508,0.013070338108592152
LTCUSDT,2024-01-02T08:00:00+00:00,SHORT,0.00268963,0.00057421,0.00116817,0.0021154200000000002,0.00200241,0.0013257326613601535,0.013202832312164703,0.03313434427285879
ZECUSDT,2024-01-02T11:00:00+00:00,SHORT,0.00303546,0.0,0.00182731,0.00303546,0.00279012,0.009325749079573684,0.016196143126559422,0.013297590372547994
LTCUSDT,2024-01-02T12:00:00+00:00,SHORT,0.00309806,0.0004246,0.00147738,0.00267346,0.0021154200000000002,-0.0034847910885261605,0.013517372621886731,0.016652385071634957
SOLUSDT,2024-01-02T14:00:00+00:00,SHORT,0.00251795,-0.00012321,0.00179669,0.00264116,0.00259895,0.0044014876038410014,0.02086866421054156,0.02247285585205863
LTCUSDT,2024-01-02T21:00:00+00:00,SHORT,0.00182639,-0.00145052,0.0011589,0.00327691,0.00267346,-0.0013681764345220059,-0.0065502417607183425,-0.005869923345472968
ZECUSDT,2024-01-02T22:00:00+00:00,SHORT,0.00312737,0.0,0.00182903,0.00312737,0.00303546,-0.00217312653431348,-0.012968481463660074,-0.015113637810048325
SOLUSDT,2024-01-03T06:00:00+00:00,SHORT,0.00321918,-0.00108366,0.00060776,0.00430284,0.00289771,0.013868391786149447,0.018487681083652792,0.1216210865033691
AVAXUSDT,2024-01-03T11:00:00+00:00,SHORT,0.0024812,-0.00409458,0.0009814,0.00657578,0.0030374,0.04427167391131517,0.0594664448793838,0.06840160301752533
DOGEUSDT,2024-01-03T11:00:00+00:00,SHORT,0.00168311,-0.00147844,0.00044593,0.00316155,0.0022668899999999997,0.0626283576726434,0.08351747257099185,0.0891135942311888
LTCUSDT,2024-01-03T11:00:00+00:00,SHORT,0.00243769,-0.00176405,0.00104991,0.004201740000000001,0.00327691,0.08962085619480778,0.08734035349608267,0.09680029587736798
SOLUSDT,2024-01-03T11:00:00+00:00,SHORT,0.0017945,-0.00312945,0.00101067,0.00492395,0.00430284,0.03191452163084064,0.013452397966949413,0.04932218972790538
UNIUSDT,2024-01-03T11:00:00+00:00,SHORT,0.00203079,-0.00054658,0.00061163,0.0025773700000000003,0.00236211,0.05643858756003068,0.07370758041375679,0.0996392214158948
ZECUSDT,2024-01-03T11:00:00+00:00,SHORT,0.00224712,-0.00308893,0.00038408,0.00533605,0.00330715,0.10552477321404313,0.09653043620955414,0.07838111770387683
SOLUSDT,2024-01-04T20:00:00+00:00,SHORT,0.00168426,-0.00151733,0.00018076,0.00320159,0.00289107,0.006623540528640962,0.021040403661375245,0.046584054886049595
SOLUSDT,2024-01-04T22:00:00+00:00,SHORT,0.00095225,-0.00331527,0.00036433,0.00426752,0.00320159,-0.0014203938498944105,0.03679525179757021,0.04598230747574968
DOGEUSDT,2024-01-05T00:00:00+00:00,LONG,0.00102184,-0.00177506,-0.00014891,0.0027968999999999997,0.00253603,-0.024793173662082155,-0.021161648063493972,-0.02588520798767885
AVAXUSDT,2024-01-05T01:00:00+00:00,SHORT,0.00156749,-0.005571,4.303e-05,0.007138490000000001,0.0031666100000000003,0.008443618980169295,0.01511472176154991,0.021148824492976517
AVAXUSDT,2024-01-06T21:00:00+00:00,SHORT,0.00088786,-0.00209131,1.514e-05,0.0029791699999999997,0.00291679,0.014304895125929034,-0.004934291727083846,0.005075048955555654
SOLUSDT,2024-01-07T02:00:00+00:00,LONG,0.00108114,-0.0055424,-0.00018767,0.006623540000000001,0.00313557,0.006121575740829454,0.02503592940385512,0.03963090208538906
LTCUSDT,2024-01-07T09:00:00+00:00,LONG,0.00118573,-0.00069326,-2.357e-05,0.00187899,0.0015271500000000001,0.0009179927205256588,0.003819422563843321,-0.0030660762943488257
DOGEUSDT,2024-01-07T14:00:00+00:00,LONG,0.00158057,-0.00095368,-6.656e-05,0.00253425,0.00234338,-0.015118673678017825,-0.007468294607525911,-0.05820938608592376
LTCUSDT,2024-01-07T22:00:00+00:00,LONG,0.00051502,-0.00151297,-0.00057687,0.00202799,0.00187899,0.001869741897153796,-0.02911598077555471,-0.003436966357863212
ZECUSDT,2024-01-08T01:00:00+00:00,LONG,0.00222026,-0.00243402,-0.00018976,0.00465428,0.00401377,-0.030162512757477257,-0.00465333552564116,-0.015910490050275682
LTCUSDT,2024-01-08T02:00:00+00:00,LONG,0.00072468,-0.00320973,-0.00010078,0.00393441,0.00249001,0.00048150229643874136,0.030513789395313615,0.04963836980698016
AVAXUSDT,2024-01-08T20:00:00+00:00,LONG,0.00054598,-0.00374319,-0.00043987,0.00428917,0.00351584,0.004321721942293518,0.0021070678826317036,0.03232067942756116
DOGEUSDT,2024-01-08T20:00:00+00:00,SHORT,0.0008425,-0.00403627,0.0002949,0.00487877,0.0038604200000000003,-0.005811453759194875,0.0021103601650170915,0.018650017996037348
SOLUSDT,2024-01-08T20:00:00+00:00,LONG,0.00132892,-0.00295305,-0.00046875,0.0042819699999999995,0.00403162,-0.0019311305176808982,0.005955735453641088,0.039973169530350953
AVAXUSDT,2024-01-09T12:00:00+00:00,LONG,0.00090807,-0.00773042,-0.00024886,0.00863849,0.00428917,0.013455826151669795,0.0023163852165313365,-0.025695689105646357
DOGEUSDT,2024-01-09T12:00:00+00:00,LONG,0.00107245,-0.00582608,-0.00083235,0.00689853,0.00487877,0.01617701217012531,0.001939613978487011,0.03234714721762778
LTCUSDT,2024-01-09T12:00:00+00:00,LONG,0.00147271,-0.00462584,-0.00028622,0.0060985499999999995,0.0036624200000000004,0.009678238229937993,0.00921948755288134,0.03503808783161358
SOLUSDT,2024-01-09T12:00:00+00:00,SHORT,0.00183328,-0.00703989,4.124e-05,0.00887317,0.0042819699999999995,-0.023058957502558076,-0.02388194160988999,0.0035489697962643174
UNIUSDT,2024-01-09T12:00:00+00:00,LONG,0.00078162,-0.00394281,-0.00044707,0.00472443,0.0036400900000000003,0.011539242243049372,-0.009776254863439344,0.04472629318086598
ZECUSDT,2024-01-09T12:00:00+00:00,LONG,0.00165921,-0.02171396,-0.00289418,0.023373170000000002,0.00641974,0.007757990810939337,0.00311042241439233,0.032186686495901284
DOGEUSDT,2024-01-09T17:00:00+00:00,LONG,0.00330467,-0.00461025,-0.00147263,0.007914919999999999,0.00689853,-0.0003734827307652054,-0.032383300203534846,-0.015301941616679473
DOGEUSDT,2024-01-09T21:00:00+00:00,LONG,0.00272244,-0.00552936,-2.02e-05,0.0082518,0.007914919999999999,0.014930411974050017,0.032134327215817785,0.02187269293268505
SOLUSDT,2024-01-09T21:00:00+00:00,LONG,0.0088084,-0.0088136,-4.229e-05,0.017622,0.00887317,0.03305545834749218,0.029552651516824967,0.008438955919961424
LTCUSDT,2024-01-10T20:00:00+00:00,SHORT,0.00270141,-0.00330043,0.0004323,0.00600184,0.00599189,-0.027231387790949507,-0.03538652276544351,-0.050237230600636854
SOLUSDT,2024-01-11T13:00:00+00:00,SHORT,0.00227006,-0.00322827,0.00021358,0.00549833,0.00523934,0.0027748726259114714,0.046933976341564584,0.06841410933966814
SOLUSDT,2024-01-11T15:00:00+00:00,SHORT,0.0021947,-0.00542941,0.00071399,0.00762411,0.00549833,0.014395205848056031,-0.005469764333222701,0.030962911767256414
DOGEUSDT,2024-01-12T16:00:00+00:00,SHORT,0.00178372,-0.00215901,0.00089049,0.00394273,0.0029942700000000003,-0.0035681366678592488,-0.006756367449436675,0.006926434617868949
SOLUSDT,2024-01-12T16:00:00+00:00,SHORT,0.00170898,-0.00146395,0.0010855,0.00317293,0.00296788,-0.004649243035021087,-0.001345569809965858,0.03685749783835125
AVAXUSDT,2024-01-12T22:00:00+00:00,LONG,0.00129613,-0.00616717,-0.00023632,0.007463299999999999,0.0038528600000000005,0.0058900054434528675,-0.012536964645533739,0.0007276594874820157
DOGEUSDT,2024-01-12T22:00:00+00:00,LONG,0.00118023,-0.00346315,-0.00033635,0.00464338,0.00394273,0.008779687652045773,0.008529906209508194,0.008779687652045773
SOLUSDT,2024-01-12T22:00:00+00:00,LONG,0.00136854,-0.00644329,-0.00043667,0.00781183,0.00317293,0.021010696685472438,0.00961704940564554,0.016050120834751724
UNIUSDT,2024-01-14T00:00:00+00:00,LONG,0.00182985,-0.00100345,-1.599e-05,0.0028333,0.00254054,0.011650029637416338,-0.0050347196137119155,-0.00457596893665499
LTCUSDT,2024-01-14T01:00:00+00:00,SHORT,0.00097589,-0.00113779,9.336e-05,0.00211368,0.0020317900000000003,0.003637894035854366,-0.0001396550522485775,0.0022371373983563216
SOLUSDT,2024-01-14T03:00:00+00:00,SHORT,0.00333088,-0.0001012,0.00069639,0.00343208,0.00238411,0.0075761858569304685,-0.013538907827370359,-0.025802301620614303
AVAXUSDT,2024-01-14T06:00:00+00:00,SHORT,0.0036102,-0.00053174,5.899e-05,0.00414194,0.0028442700000000003,0.012280473075032761,0.010031432083143969,-0.0004067631203292414
DOGEUSDT,2024-01-14T07:00:00+00:00,LONG,0.00171095,-0.00087866,-0.00054968,0.00258961,0.00242212,0.0004846135302015043,0.00628173121452755,-0.020445102179935056
SOLUSDT,2024-01-14T16:00:00+00:00,SHORT,0.0020474,-0.00178466,0.00043856,0.00383206,0.00343208,0.009036325180862385,0.052866667133523795,0.05433080384013508
SOLUSDT,2024-01-14T18:00:00+00:00,SHORT,0.00118628,-0.00323937,2.372e-05,0.00442565,0.00383206,0.030510858613871338,0.025534692425930285,0.03498979949037861
LTCUSDT,2024-01-14T20:00:00+00:00,SHORT,0.00138099,-0.00089166,3.961e-05,0.0022726499999999998,0.00211368,-0.006081625420222916,-0.0005672954343037995,-0.007912998757325504
LTCUSDT,2024-01-14T22:00:00+00:00,SHORT,0.00201614,-0.0006141,0.00022287,0.00263024,0.0022726499999999998,0.009692208141333142,-0.011423860221989284,-0.003681159473361718
UNIUSDT,2024-01-16T00:00:00+00:00,LONG,0.00140314,-0.00128874,-3.219e-05,0.00269188,0.0024842700000000002,-0.008471478173117074,0.014691023732189976,0.012208727064421648
DOGEUSDT,2024-01-16T09:00:00+00:00,LONG,0.00185004,-0.00087304,-0.00020862,0.00272308,0.0022971800000000002,-0.0029261176693887907,-0.014222897924397522,-0.004881630392281436
AVAXUSDT,2024-01-16T14:00:00+00:00,SHORT,0.0010678,-0.00117731,0.00010321,0.00224511,0.00194728,-0.008191114436724817,-0.0017508193786776108,-0.0248987099717688
LTCUSDT,2024-01-16T21:00:00+00:00,SHORT,0.00137346,-0.00086304,0.00012689,0.0022364999999999998,0.00211163,0.0027218697414573795,0.006746598474582528,0.007034699888272374
AVAXUSDT,2024-01-17T01:00:00+00:00,SHORT,0.00148585,-0.00080563,0.00060266,0.00229148,0.00225722,-0.008916762668349976,0.01101985755948948,-0.0007507403486250041
SOLUSDT,2024-01-17T10:00:00+00:00,SHORT,0.00273978,-0.00062627,0.00079281,0.0033660499999999998,0.00221908,-0.0011961958480961577,0.005341477914021349,0.0069010940513724185
DOGEUSDT,2024-01-17T17:00:00+00:00,LONG,0.00114008,-0.00096932,-0.00026235,0.0021094,0.00206215,0.003112746085513996,0.0017443313667839006,0.0054719698779933925
SOLUSDT,2024-01-18T00:00:00+00:00,SHORT,0.00181204,-0.00245063,0.00055913,0.00426267,0.0033660499999999998,0.006406680865915245,0.00958049459850608,0.024292936038454355
LTCUSDT,2024-01-18T01:00:00+00:00,SHORT,0.0007712,-0.00071185,0.00024165,0.00148305,0.0014599500000000002,-0.005466066543908323,-0.0014413378107831173,0.008837435278399147
LTCUSDT,2024-01-18T06:00:00+00:00,SHORT,0.00182484,-0.00043054,0.00029386,0.00225538,0.00148305,-0.0005711837939097366,0.009904624141701008,0.010048893059212942
AVAXUSDT,2024-01-18T12:00:00+00:00,SHORT,0.00047245,-0.00154685,2.466e-05,0.0020193,0.00199319,0.0004281127428926466,0.019565246427734686,0.04652137443300887
DOGEUSDT,2024-01-18T12:00:00+00:00,SHORT,0.00122716,-0.00095723,0.00084752,0.00218439,0.0021094,-0.0011274664520369764,0.01426521697297386,0.023205250973475065
AVAXUSDT,2024-01-18T16:00:00+00:00,SHORT,0.00114126,-0.00169782,0.00013374,0.00283908,0.0020193,0.009355425638638552,0.029531158217998704,0.036237244365966495
DOGEUSDT,2024-01-18T16:00:00+00:00,LONG,0.00117599,-0.0019305,-5.555e-05,0.00310649,0.00218439,-0.0025458262222568875,-0.010864809374824582,-0.012923217408967338
LTCUSDT,2024-01-18T16:00:00+00:00,SHORT,0.0012148,-0.00112087,0.00064778,0.0023356699999999998,0.00225538,-0.006612069511449264,0.03761830574136891,0.011750334659145038
UNIUSDT,2024-01-18T16:00:00+00:00,SHORT,0.001386,-0.00120504,0.00039688,0.00259104,0.00214688,-0.0004677633202932826,0.012713033185317022,0.022554382455475044
LTCUSDT,2024-01-18T19:00:00+00:00,SHORT,0.00153662,-0.00474249,0.00021925,0.00627911,0.00353914,-0.00029953572187412436,-0.020019946459592534,-0.029372637753046268
AVAXUSDT,2024-01-18T22:00:00+00:00,LONG,0.00035495,-0.0030838,-0.00103644,0.00343875,0.00283908,-0.004900587481742634,-0.023441617738398018,-0.0015121643134693515
DOGEUSDT,2024-01-19T16:00:00+00:00,LONG,0.00169746,-0.00159595,-3.943e-05,0.00329341,0.00310649,0.017398568254414423,0.031179454774354038,0.036410059287628666
SOLUSDT,2024-01-19T16:00:00+00:00,SHORT,0.00175582,-0.00100063,0.00029067,0.0027564499999999997,0.00269525,-0.0327121317151367,-0.05047774760083029,-0.05082169308886168
LTCUSDT,2024-01-20T00:00:00+00:00,SHORT,0.0026216,-0.00111128,0.00049159,0.00373288,0.00299499,-0.01134227660393429,-0.008274361772597568,-0.0007038783988788196
UNIUSDT,2024-01-20T01:00:00+00:00,SHORT,0.00279961,-0.00062992,0.00014224,0.00342953,0.0028957,0.002805488124398906,-0.0041935294816788735,-0.011913191100430017
UNIUSDT,2024-01-20T09:00:00+00:00,SHORT,0.0031768,-0.00128098,6.032e-05,0.00445778,0.00342953,-0.001391573475432268,-0.006016215600955065,-0.003860710532353492
SOLUSDT,2024-01-21T00:00:00+00:00,SHORT,0.00073688,-0.00322674,0.00041695,0.00396362,0.00199464,-3.25522599434247e-05,-0.003087743039703919,-0.010363010766035333
AVAXUSDT,2024-01-21T01:00:00+00:00,LONG,0.0006684,-0.00130921,-0.00042763,0.0019776100000000003,0.00192876,0.01272386610821353,0.012784503406234046,0.023069774066407693
AVAXUSDT,2024-01-21T14:00:00+00:00,LONG,0.00122317,-0.00096439,-0.00043991,0.00218756,0.0019776100000000003,-0.009810066750952135,-0.0038521776298763816,-0.03661687312010727
LTCUSDT,2024-01-22T01:00:00+00:00,SHORT,0.00104593,-0.00142715,0.00049422,0.00247308,0.00204614,-0.0011128113542309811,0.0020898649194591307,0.038157951709944175
SOLUSDT,2024-01-22T01:00:00+00:00,SHORT,0.00087267,-0.00122923,0.00041317,0.0021019,0.00170256,0.009383678149362704,0.0037184460909101135,0.01787448591576566
AVAXUSDT,2024-01-22T03:00:00+00:00,LONG,0.00142802,-0.00099375,-0.00018326,0.00242177,0.00226468,-0.014973943013814356,-0.0076308905944707335,-0.0508867475078312
DOGEUSDT,2024-01-22T03:00:00+00:00,SHORT,0.00255237,-0.00106907,0.00036317,0.00362144,0.00321661,0.009042197963434098,-0.0008397817061227308,-0.009317950586130903
LTCUSDT,2024-01-22T03:00:00+00:00,SHORT,0.00201443,-0.00066349,0.00026248,0.0026779200000000003,0.00247308,0.013797166814851517,-0.001797691143054819,0.049655590445860834
AVAXUSDT,2024-01-22T06:00:00+00:00,LONG,0.00095565,-0.00164412,-0.0001837,0.00259977,0.00242177,-0.004211977585555573,-0.0319184444340542,-0.057376377129566246
UNIUSDT,2024-01-22T09:00:00+00:00,LONG,0.0012033,-0.00111723,-0.00019825,0.0023205300000000003,0.0021532599999999997,0.004543987046125732,0.006485107034470327,-0.013592283280335819
SOLUSDT,2024-01-22T10:00:00+00:00,LONG,0.00090406,-0.00430132,-8.939e-05,0.00520538,0.0022878200000000003,0.007064277694119347,-0.0035051900088017888,-0.04344306845410485
DOGEUSDT,2024-01-22T11:00:00+00:00,LONG,0.00710103,-0.00067413,-0.00065428,0.007775160000000001,0.00362144,0.008122357124319756,0.008598094526251618,-0.03453036282966745
SOLUSDT,2024-01-22T19:00:00+00:00,SHORT,0.00220624,-0.00327202,0.00028472,0.00547826,0.00520538,-0.024111494649504118,-0.0025066259633258594,0.010319215585894069
AVAXUSDT,2024-01-23T09:00:00+00:00,LONG,0.00134774,-0.00191557,-0.00031702,0.00326331,0.00311698,-0.005336807704884918,-0.004830753112484021,0.0464824167641624
AVAXUSDT,2024-01-24T00:00:00+00:00,LONG,0.00087195,-0.00373963,-0.00066375,0.00461158,0.00326331,-0.017621894306453556,-0.025502049581323575,0.030190237164752644
UNIUSDT,2024-01-24T15:00:00+00:00,LONG,0.00090227,-0.00155656,-0.00032331,0.00245883,0.0023337,0.00496789030289506,-0.003095977705128232,-0.0015467907182987934
UNIUSDT,2024-01-25T05:00:00+00:00,LONG,0.00066997,-0.00190971,-0.00032925,0.00257968,0.00245883,0.0065574005461590396,0.004318914893402279,-0.010267209308690899
SOLUSDT,2024-01-25T13:00:00+00:00,LONG,0.00066647,-0.00197741,-0.00016754,0.0026438800000000004,0.00209231,0.010856704788704348,-0.011811774619222044,-0.008761771964908604
DOGEUSDT,2024-01-25T15:00:00+00:00,LONG,0.00071758,-0.00143429,-0.0001387,0.00215187,0.00197646,-0.0014223833781051663,0.00836394247254259,0.009132483563272472
LTCUSDT,2024-01-25T17:00:00+00:00,LONG,0.00061422,-0.00127854,-0.00035074,0.00189276,0.00148048,0.0041344519502025025,0.009924503170904741,0.006576455605754281
AVAXUSDT,2024-01-25T18:00:00+00:00,LONG,0.00200784,-0.00111692,-0.00028193,0.00312476,0.00253761,0.009575433884051021,0.007838269612976451,0.015810865346736144
DOGEUSDT,2024-01-25T19:00:00+00:00,LONG,0.00140062,-0.00082132,-0.00065988,0.00222194,0.00215187,0.0019200005898244268,-0.0015386591059714056,-0.0030796893326022227
DOGEUSDT,2024-01-26T17:00:00+00:00,LONG,0.000777,-0.00151681,-0.00031594,0.00229381,0.00222194,0.0014994379917922292,-0.0007505629574271657,-0.007783117371380447
SOLUSDT,2024-01-27T01:00:00+00:00,LONG,0.00042994,-0.00177189,-0.0006261,0.00220183,0.00210253,0.00467431490407063,-0.011694896708572136,-0.005586062396753509
AVAXUSDT,2024-01-27T04:00:00+00:00,LONG,0.00135996,-0.00107166,-0.00015907,0.00243162,0.00236681,-0.014456751834076131,-0.027996761039872774,-0.014611347181063947
AVAXUSDT,2024-01-27T10:00:00+00:00,LONG,0.00129646,-0.00113657,-0.0007684,0.00243303,0.00243162,0.0019516432520183004,0.008245240875232453,0.02368697100054751
LTCUSDT,2024-01-27T18:00:00+00:00,LONG,0.00181806,-0.00063361,-0.00033026,0.00245167,0.00149517,0.000587716737457664,0.0016153906148806676,-0.0007351319892929431
DOGEUSDT,2024-01-27T21:00:00+00:00,SHORT,0.0009993,-0.00101574,0.0001543,0.00201504,0.0019405199999999998,0.0009961400400361855,-0.0017408609221209507,-0.003106557329061065
AVAXUSDT,2024-01-28T03:00:00+00:00,LONG,0.00151486,-0.00165367,-0.00053035,0.00316853,0.00243303,-0.005342147041216335,-0.004921572530243464,-0.006324175991786049
SOLUSDT,2024-01-28T03:00:00+00:00,LONG,0.00116709,-0.00098455,-0.00026368,0.00215164,0.0018805,0.0038122834610654836,-0.009192502807435577,0.004585363812304937
DOGEUSDT,2024-01-28T04:00:00+00:00,LONG,0.00100537,-0.00101332,-0.00047907,0.00201869,0.00201504,-0.00802225838914387,-0.011000667143404723,-0.02024033832045288
SOLUSDT,2024-01-28T10:00:00+00:00,LONG,0.00250872,-0.00097468,-0.00010637,0.0034833999999999998,0.00215164,-0.005857926957059649,-0.022151608186751544,-0.04280963941161236
DOGEUSDT,2024-01-28T12:00:00+00:00,LONG,0.00078873,-0.00127254,-0.00013536,0.00206127,0.00201869,-0.00025087807457218334,-0.00012543116981001917,-0.014401461636320558
UNIUSDT,2024-01-28T12:00:00+00:00,SHORT,0.00116068,-0.0015373,0.0001239,0.00269798,0.00234947,0.0011716462968906355,-0.004173280407960047,0.00184177532180128
LTCUSDT,2024-01-28T20:00:00+00:00,LONG,0.00118799,-0.00109482,-0.0004267,0.00228281,0.00198858,-0.0004408199321988097,0.0007342683346275438,-0.00870532978209234
SOLUSDT,2024-01-28T20:00:00+00:00,LONG,0.00056438,-0.00305107,-0.00034216,0.00361545,0.0034833999999999998,0.006327711820009112,-9.443415585504512e-05,0.017545495723696188
SOLUSDT,2024-01-30T03:00:00+00:00,LONG,9.28e-06,-0.00441417,-0.00061819,0.004423450000000001,0.00273175,0.0009695854557862985,0.008070738014795633,0.026493920983607352
AVAXUSDT,2024-01-30T08:00:00+00:00,LONG,0.0014552,-0.00117444,-0.00027709,0.00262964,0.00232995,0.009611233916150248,-0.0009938437722766488,-0.002320507132607896
AVAXUSDT,2024-01-30T12:00:00+00:00,LONG,0.00088589,-0.00183992,-0.00012231,0.00272581,0.00262964,-0.010661733001491777,0.00022091514186972912,-0.03390250400176167
ZECUSDT,2024-01-30T21:00:00+00:00,SHORT,0.00177067,-0.00113313,0.00036757,0.0029038,0.00287994,0.008764297993588355,0.01938386682104853,0.03597989697718394
LTCUSDT,2024-01-31T08:00:00+00:00,LONG,0.00144955,-0.00130618,-0.00039353,0.00275573,0.00175743,-0.002596280125631847,-0.022875624152762213,-0.03563165591346405
UNIUSDT,2024-01-31T16:00:00+00:00,LONG,0.00035614,-0.00194857,-0.00046064,0.0023047099999999997,0.00228656,0.003428854694232012,-0.017655767600618367,-0.018821754240587744
UNIUSDT,2024-01-31T20:00:00+00:00,LONG,0.00063523,-0.0017035,-5.824e-05,0.00233873,0.0023047099999999997,-0.004170495660267996,0.001663340370190504,-0.002333334391976095
ZECUSDT,2024-02-01T01:00:00+00:00,SHORT,0.00203948,-0.00187897,0.00040971,0.00391845,0.0037234,-0.008864065502664503,-0.011183713956381134,-0.006539023767056648
SOLUSDT,2024-02-01T09:00:00+00:00,LONG,0.00191196,-0.00097976,-0.000159,0.0028917200000000004,0.00271963,0.0041836275363632,-0.004117425427988592,0.020826990970241377
AVAXUSDT,2024-02-02T10:00:00+00:00,LONG,0.00128779,-0.00085526,-4.356e-05,0.00214305,0.0019509599999999998,0.006226584022458825,-0.001416765290109087,0.019654018381494272
SOLUSDT,2024-02-02T11:00:00+00:00,LONG,0.0012143,-0.00114694,-9.137e-05,0.0023612399999999997,0.00218299,-0.005567099723778683,-0.006573662200829201,-0.013757494366889915
AVAXUSDT,2024-02-02T13:00:00+00:00,SHORT,0.00078363,-0.00151324,0.00011246,0.00229687,0.00214305,-0.011603815419889025,-0.014573935991689714,-0.03090374684901602
ZECUSDT,2024-02-02T13:00:00+00:00,SHORT,0.0013362,-0.00144115,3.96e-05,0.00277735,0.00247042,0.003217653890793806,0.0009182737100724485,-0.017288874671691712
AVAXUSDT,2024-02-02T15:00:00+00:00,LONG,0.00231508,-0.00067511,-4.641e-05,0.00299019,0.00229687,-0.007600217671612495,-0.00961281777474865,-0.015286395575991448
ZECUSDT,2024-02-02T15:00:00+00:00,LONG,0.00102245,-0.00186514,-0.00014392,0.0028875899999999998,0.00277735,-0.004101167744214678,-0.009595687061855327,0.002724797326185257
DOGEUSDT,2024-02-02T18:00:00+00:00,SHORT,0.00077086,-0.00135621,0.00024737,0.00212707,0.00209959,-0.0006335128498225626,-0.005687219120589514,-0.0022787704505876447
LTCUSDT,2024-02-03T22:00:00+00:00,LONG,0.00048082,-0.0011075,-0.00021535,0.00158832,0.0011381,-0.0027570212631762942,-0.01122051844908698,-0.01695203535163251
UNIUSDT,2024-02-03T23:00:00+00:00,LONG,0.00057289,-0.00141931,-8.648e-05,0.0019922,0.0018601099999999999,-0.0008189337940280342,0.001308900710429851,-0.010698809976964456
DOGEUSDT,2024-02-04T00:00:00+00:00,LONG,0.0005805,-0.00139671,-0.00010957,0.00197721,0.00174955,0.0030445285472923285,-0.00012705673100124392,0.00355105002196896
ZECUSDT,2024-02-04T00:00:00+00:00,SHORT,0.0014757,-0.00141114,0.00073846,0.00288684,0.0027741700000000003,-0.0027235604670405207,0.003186890928519019,0.009591304401787437
SOLUSDT,2024-02-04T09:00:00+00:00,LONG,0.00104708,-0.00093827,-0.00028311,0.00198535,0.00169232,-0.0014096465356768825,0.004749335763997227,-0.01205101810827957
DOGEUSDT,2024-02-04T16:00:00+00:00,LONG,0.00207996,-0.00113403,-0.00053418,0.00321399,0.00197721,0.00025135101301112833,-0.003273325344969249,-0.018009364358846973
AVAXUSDT,2024-02-04T19:00:00+00:00,SHORT,0.00044676,-0.00161001,9.83e-06,0.00205677,0.00197392,0.001466565398093287,0.017914491830166468,-0.002027084789955709
LTCUSDT,2024-02-04T19:00:00+00:00,LONG,0.00094444,-0.00093409,-3.828e-05,0.00187853,0.00158832,0.0035709009823927506,-0.00238770446224579,0.006388848712904791
SOLUSDT,2024-02-04T22:00:00+00:00,LONG,0.0007426,-0.00129343,-0.00029093,0.00203603,0.00198535,-0.0030440468501026865,-0.006086879659737482,0.022166894312147658
UNIUSDT,2024-02-05T00:00:00+00:00,LONG,0.00148818,-0.00107318,-0.00028555,0.00256136,0.0022594900000000003,-0.0016758844210643436,0.0028425736053812015,0.013637330922582916
ZECUSDT,2024-02-05T01:00:00+00:00,SHORT,0.00159423,-0.00257445,0.00025222,0.00416868,0.0029592200000000003,-0.0023304601551782877,-0.007438435041230332,-0.006975150344502948
DOGEUSDT,2024-02-05T10:00:00+00:00,LONG,0.00262237,-0.00123967,-0.00123967,0.00386204,0.00321399,-0.002132598186409464,-0.005025136202673043,-0.02230198870085264
AVAXUSDT,2024-02-06T10:00:00+00:00,LONG,0.00025471,-0.00189804,-0.00051955,0.00215275,0.0019885099999999998,0.0006771178590936687,-0.0012081744776785773,0.01022554726713261
SOLUSDT,2024-02-06T10:00:00+00:00,LONG,7.92e-05,-0.0021973,-0.00017985,0.0022765000000000003,0.00163803,0.00341204750740348,0.0031255008699779085,0.03682500550056463
LTCUSDT,2024-02-06T21:00:00+00:00,LONG,0.00019261,-0.00120071,-6.3e-07,0.00139332,0.00138484,-0.004088193750584774,-0.006725171545849306,-0.006138575253915345
AVAXUSDT,2024-02-07T14:00:00+00:00,LONG,0.00060475,-0.00152702,-0.00027581,0.00213177,0.00161316,0.0013376372345481973,0.025482928495360258,0.031591372024532605
DOGEUSDT,2024-02-07T14:00:00+00:00,LONG,0.00076933,-0.00098263,-0.00085358,0.0017519599999999999,0.00172367,0.0027897558037471622,0.013119905614447149,0.017247233091874963
SOLUSDT,2024-02-07T14:00:00+00:00,LONG,0.00030882,-0.00146895,-0.00039926,0.00177777,0.0017573099999999998,0.007259332858519818,0.020360971337404134,0.0659938257040446
DOGEUSDT,2024-02-07T17:00:00+00:00,SHORT,0.00082524,-0.00104329,0.00031316,0.0018685300000000002,0.0017519599999999999,-0.003515383406797485,-0.007642710884225424,-0.007143335093573064
LTCUSDT,2024-02-07T20:00:00+00:00,SHORT,0.00129006,-0.00059459,0.00034128,0.0018846499999999999,0.00139332,0.00014580447645577458,-0.0056698559974649445,-0.0037834736634336182
DOGEUSDT,2024-02-07T21:00:00+00:00,LONG,0.00091832,-0.0011117,-0.00043651,0.00203002,0.0018685300000000002,-0.0016236811160976472,-0.0004993134543883939,0.0
SOLUSDT,2024-02-07T21:00:00+00:00,SHORT,0.00108193,-0.00073703,0.00034191,0.00181896,0.00177777,-0.003561706040659814,-0.0156401105392143,-0.011109358452162146
SOLUSDT,2024-02-08T00:00:00+00:00,SHORT,0.00097668,-0.00138235,0.00011659,0.00235903,0.00181896,-0.0021941647960898865,0.002543019117584985,0.007164468266790853
ZECUSDT,2024-02-08T17:00:00+00:00,SHORT,0.00193042,-0.00114827,0.00022188,0.0030786900000000002,0.0028131,0.0019342365798308656,-0.0014482261763649699,-0.008179020817786115
LTCUSDT,2024-02-08T23:00:00+00:00,LONG,0.00219672,-0.00122545,-0.00037122,0.0034221700000000004,0.00157653,-0.0026982903540278816,0.0124032597834199,0.005515889807132577
DOGEUSDT,2024-02-09T06:00:00+00:00,LONG,0.0011158,-0.00082636,-0.00036987,0.00194216,0.00187366,0.015256201413801764,0.010973539621800765,0.012443947924962312
SOLUSDT,2024-02-09T09:00:00+00:00,LONG,0.00046324,-0.00438858,-0.00052038,0.004851820000000001,0.00188394,0.0024875162362467153,0.0065850487853796056,0.03468771847538255
ZECUSDT,2024-02-09T09:00:00+00:00,SHORT,0.00190677,-0.00129232,8.263e-05,0.00319909,0.0030786900000000002,-0.0038369351629313725,-0.014313221454686172,-0.016206265086744023
SOLUSDT,2024-02-09T12:00:00+00:00,LONG,0.00190016,-0.00344355,-0.00047328,0.00534371,0.004851820000000001,0.00231640257687983,-0.006371716418237187,0.018299055450014024
DOGEUSDT,2024-02-09T14:00:00+00:00,SHORT,0.00081975,-0.00216281,0.00025463,0.0029825599999999996,0.00251831,-0.0029509427537345928,-0.0056483450758647935,-0.007727729349051466
UNIUSDT,2024-02-09T14:00:00+00:00,LONG,0.0008053,-0.00249352,-6.573e-05,0.00329882,0.00211896,-0.005489492284771369,-0.0019788422622930707,0.019426858979763147
ZECUSDT,2024-02-10T05:00:00+00:00,SHORT,0.0019753,-0.00207077,0.00047478,0.004046070000000001,0.004026109999999999,0.003842463901545,0.008182957815174625,-0.0062126842599151055
AVAXUSDT,2024-02-10T20:00:00+00:00,LONG,0.00214067,-0.00058122,-0.00022526,0.00272189,0.00203299,0.019739924123182793,0.012364534214927992,0.022772601070868988
UNIUSDT,2024-02-11T15:00:00+00:00,SHORT,0.00097086,-0.0011593,2.358e-05,0.00213016,0.0019320700000000001,-0.007090623356392583,-0.02732940939769115,-0.002268431974628044
AVAXUSDT,2024-02-12T02:00:00+00:00,SHORT,0.00118253,-0.00336083,0.00035266,0.00454336,0.00212838,0.002680483060643294,0.0058340812902181885,-0.01405738018433566
SOLUSDT,2024-02-12T02:00:00+00:00,LONG,0.00056414,-0.0022244,-0.00041128,0.00278854,0.0020250800000000003,0.004101825167302195,-0.004099743946115383,0.007643181439608241
LTCUSDT,2024-02-12T09:00:00+00:00,SHORT,0.0007339,-0.00105396,0.00036048,0.00178786,0.0016631600000000001,-0.003253415416558557,-0.0011328236838750194,-0.0338495998208704
DOGEUSDT,2024-02-12T15:00:00+00:00,LONG,0.00120605,-0.00123788,-0.00083897,0.00244393,0.00231884,0.0013484525487951625,0.0006131583980198478,0.004162082149787761
DOGEUSDT,2024-02-12T17:00:00+00:00,LONG,0.00157261,-0.00107035,-3.076e-05,0.0026429599999999998,0.00244393,0.0023101718584814914,-0.003047853624253321,0.0017027491343444897
LTCUSDT,2024-02-12T17:00:00+00:00,SHORT,0.00152568,-0.00032942,0.00034688,0.0018551,0.00178786,-0.0005502063412529128,-0.004530174540023962,0.0074575680525775555
DOGEUSDT,2024-02-13T01:00:00+00:00,SHORT,0.00230846,-0.00039544,0.00101159,0.0027039,0.0026429599999999998,0.004962789342129125,0.006419984499799647,0.017417162778471145
ZECUSDT,2024-02-13T01:00:00+00:00,SHORT,0.00392678,0.0,0.00117345,0.00392678,0.00356536,0.004276556767260194,0.000948766674585529,0.020599530799190694
LTCUSDT,2024-02-13T13:00:00+00:00,SHORT,0.00154962,-0.00313652,0.00044154,0.00468614,0.0018551,0.009997226936430025,0.024017836750153926,0.026203629970134226
SOLUSDT,2024-02-13T13:00:00+00:00,SHORT,0.00120032,-0.00219232,0.0004687,0.00339264,0.00248241,0.019976448488094812,0.01736109451501272,0.007335608647858846
DOGEUSDT,2024-02-13T14:00:00+00:00,SHORT,0.00181631,-0.00129577,7.306e-05,0.0031120799999999997,0.0027039,-0.0029669943881949854,-0.0038307121295943743,-0.0021025299935146452
UNIUSDT,2024-02-13T14:00:00+00:00,LONG,0.00139048,-0.00159165,-0.00020482,0.00298213,0.00235984,0.0036073990720954683,0.0048069793628927856,0.0036073990720954683
LTCUSDT,2024-02-13T15:00:00+00:00,SHORT,0.00219895,-0.00399474,0.00115992,0.00619369,0.00468614,0.006111776882752724,0.007718672269055702,-0.0020289862033207842
AVAXUSDT,2024-02-14T09:00:00+00:00,SHORT,0.00258646,-0.00051787,0.00064546,0.00310433,0.00235153,0.008144286989724189,0.0036435152249036998,-0.008197157847032177
DOGEUSDT,2024-02-14T15:00:00+00:00,SHORT,0.00191215,-0.00045617,0.00115433,0.00236832,0.00234052,-0.005032361446954017,-0.03540192705091579,-0.04692943222198315
DOGEUSDT,2024-02-14T17:00:00+00:00,SHORT,0.00332265,-0.00103973,0.00049446,0.00436238,0.00236832,-0.004333320594693416,-0.017337103045279047,-0.007367161894858581
UNIUSDT,2024-02-15T00:00:00+00:00,SHORT,0.00145863,-0.00028937,0.00108499,0.001748,0.00169331,0.0064585800394118195,0.0021482285382896063,-0.0402381331192305
ZECUSDT,2024-02-15T04:00:00+00:00,SHORT,0.00317486,0.0,0.00056717,0.00317486,0.00289789,0.009250759772150998,-0.0013802624689584903,-0.022309142840601575
LTCUSDT,2024-02-15T10:00:00+00:00,SHORT,0.00241158,0.0,0.00062826,0.00241158,0.00156961,0.0024245893643391413,-0.008793135651992062,0.008727432175006758
ZECUSDT,2024-02-15T12:00:00+00:00,SHORT,0.00276247,-0.00042798,0.00058727,0.00319045,0.00317486,-0.011845241003969775,-0.017715657501411387,-0.020413500864351494
UNIUSDT,2024-02-15T14:00:00+00:00,SHORT,0.00163334,-0.00048081,0.00053059,0.00211415,0.00204789,0.007940896054106191,-0.01502362966834175,-0.023850756664380884
AVAXUSDT,2024-02-15T15:00:00+00:00,SHORT,0.00164505,-0.00165072,0.00092286,0.00329577,0.0030111599999999997,-0.000405568218554005,0.0047118565033305,0.004160595179525518
LTCUSDT,2024-02-15T15:00:00+00:00,LONG,0.00152498,-0.00212243,-0.00212243,0.00364741,0.00241158,0.004743091896012632,0.007892700798908983,0.01387818254194667
SOLUSDT,2024-02-15T15:00:00+00:00,SHORT,0.00141632,-0.00074034,0.00080497,0.00215666,0.0019037899999999998,-0.0007707061976677477,0.0005082904025024012,0.0017362637869929413
ZECUSDT,2024-02-15T15:00:00+00:00,SHORT,0.00289234,-0.0014742,0.00088109,0.00436654,0.00319045,-0.0018026142781158762,-0.0031524457541612975,-0.017881567201224108
ZECUSDT,2024-02-16T07:00:00+00:00,SHORT,0.00363812,-0.0013373,0.00095321,0.0049754199999999995,0.00436654,-0.00797876573180532,-0.014140757060355183,0.0017817376651208365
SOLUSDT,2024-02-16T09:00:00+00:00,SHORT,0.0014941,-0.00103259,0.0009025,0.00252669,0.00215666,-0.010834012880336703,-0.009908951662490348,0.015287244941197544
SOLUSDT,2024-02-16T15:00:00+00:00,SHORT,0.00220252,-0.00159557,0.00061308,0.0037980899999999996,0.00252669,0.002902229816354903,0.00921024207797354,-0.0025575577900417007
ZECUSDT,2024-02-17T13:00:00+00:00,SHORT,0.00515681,-0.00342716,0.00043785,0.00858397,0.00493029,-0.01379332213233577,-0.040405241023912665,-0.09119820184532196
AVAXUSDT,2024-02-17T14:00:00+00:00,SHORT,0.00147832,-0.00129582,0.000643,0.00277414,0.0020970900000000002,-0.009168368086879507,-0.020353882680454162,-0.010624474409986024
UNIUSDT,2024-02-17T14:00:00+00:00,SHORT,0.00220848,-0.00053547,0.00093859,0.00274395,0.0024887,0.011371928314939217,0.00678145530539509,-0.001947673147021631
UNIUSDT,2024-02-17T17:00:00+00:00,SHORT,0.00220608,-0.00073952,0.00081142,0.0029456,0.00282543,0.005220580899004797,-0.009715731585021477,-0.012290729789093225
ZECUSDT,2024-02-17T17:00:00+00:00,SHORT,0.01123025,-0.00134204,0.00059374,0.01257229,0.00858397,-0.02429602728628553,-0.02957094314891559,-0.09383119813576823
LTCUSDT,2024-02-18T23:00:00+00:00,SHORT,0.00217493,-0.00021366,0.00064827,0.00238859,0.00166645,-0.0018329226139686256,-0.002677755105783658,-0.0011283499081497206
AVAXUSDT,2024-02-19T00:00:00+00:00,SHORT,0.00174979,-0.00010951,0.00050643,0.0018593,0.00179914,0.00891050893302145,0.013620504556940041,0.015720977935548233
AVAXUSDT,2024-02-19T06:00:00+00:00,SHORT,0.00200663,-0.00011747,0.00075173,0.0021241000000000003,0.0018593,-0.0089720042708116,0.005792630613999942,0.019863873476715182
SOLUSDT,2024-02-19T13:00:00+00:00,SHORT,0.00311631,0.0001076,0.00056515,0.0030087100000000004,0.0024359299999999998,-0.0025975646988494433,0.0021254746037127556,0.028481319309075426
UNIUSDT,2024-02-19T13:00:00+00:00,SHORT,0.00212741,0.0,0.00075978,0.00212741,0.00207174,-0.0,-0.004594088279597913,-0.00013155298315371702
DOGEUSDT,2024-02-19T15:00:00+00:00,SHORT,0.00294325,-0.0003397,0.00030048,0.00328295,0.0024098599999999998,0.004233173760377192,-0.017877823971790524,-0.0043290110895857
UNIUSDT,2024-02-19T17:00:00+00:00,SHORT,0.00197328,-0.00018382,0.00136118,0.0021571,0.00212741,0.001178859262857,-0.007044119917574905,0.006435113151684157
DOGEUSDT,2024-02-19T23:00:00+00:00,SHORT,0.00319079,-0.00039034,0.00050946,0.00358113,0.00328295,-0.0023438818699836163,0.01713103993018356,0.023059685730155814
AVAXUSDT,2024-02-20T01:00:00+00:00,SHORT,0.00160298,-0.00090006,0.00089855,0.0025030399999999998,0.0021241000000000003,-0.006028577279481487,-0.012198223498524386,-0.01757505554633461
LTCUSDT,2024-02-20T01:00:00+00:00,SHORT,0.00187843,-7.336e-05,0.00089394,0.00195179,0.0018751500000000001,-0.00225320472739636,-0.0016903793291141577,-0.0015496234699193313
ZECUSDT,2024-02-20T08:00:00+00:00,SHORT,0.0027385,-0.00281834,0.00127894,0.00555684,0.005068830000000001,0.033649497097898065,0.02730278797152509,0.054558984250434366
AVAXUSDT,2024-02-20T09:00:00+00:00,SHORT,0.00193316,-0.00137801,0.00051215,0.00331117,0.0025030399999999998,-0.012155458904901752,-0.03088416845738769,0.008081800075995836
LTCUSDT,2024-02-20T09:00:00+00:00,SHORT,0.00182014,-0.00077599,0.00023152,0.00259613,0.00195179,-0.006671896422338419,-0.011752347654757252,0.010451809656253122
UNIUSDT,2024-02-20T13:00:00+00:00,SHORT,0.00266805,0.0,0.0013457,0.00266805,0.0021571,0.025443995558966204,0.04462248185870156,0.029303719522792333
SOLUSDT,2024-02-20T14:00:00+00:00,SHORT,0.001687,-0.00130223,0.00032837,0.00298923,0.00263106,0.010827451119227543,0.013888917566348023,0.00864507689861241
AVAXUSDT,2024-02-20T15:00:00+00:00,SHORT,0.00154474,-0.00441579,0.00020352,0.00596053,0.00331117,0.010284099803586036,-0.01645673312105575,-0.008314794040112998
LTCUSDT,2024-02-20T15:00:00+00:00,SHORT,0.0019188,-0.00235662,0.00045262,0.00427542,0.00259613,0.007856871495220243,-0.009950330853168092,-0.001303497903444197
UNIUSDT,2024-02-20T15:00:00+00:00,SHORT,0.00180835,-0.00258021,0.00058802,0.00438856,0.00266805,0.0067054647416803625,-0.02025180594849592,-0.018111050514933513
ZECUSDT,2024-02-20T15:00:00+00:00,SHORT,0.00236017,-0.00578721,0.00053046,0.00814738,0.00555684,0.002505220516937123,-0.027150989065950898,-0.03483244992070688
AVAXUSDT,2024-02-21T21:00:00+00:00,SHORT,0.00201735,-0.00028077,0.00051629,0.00229812,0.00227255,-0.003858835884110063,0.013597192741494325,-0.022880284662791992
SOLUSDT,2024-02-21T21:00:00+00:00,SHORT,0.00265955,-0.00029922,0.00071301,0.0029587700000000003,0.0027597200000000002,-0.0004967615073783322,0.02216408781452312,-0.019680459591247784
ZECUSDT,2024-02-22T02:00:00+00:00,SHORT,0.0085002,0.0,0.00539977,0.0085002,0.0050001,0.08221651884097857,-0.002640016619140454,-0.03924976223170135
SOLUSDT,2024-02-22T07:00:00+00:00,SHORT,0.00413061,-0.00046194,0.0008988,0.00459255,0.0029587700000000003,-0.006152582107168712,-0.0070877928575156565,0.014453513173079502
LTCUSDT,2024-02-22T09:00:00+00:00,SHORT,0.00244048,0.00030872,0.00046646,0.00213176,0.00167534,-0.005901420509733932,0.005210606665397051,-0.0008658009198854345
LTCUSDT,2024-02-22T14:00:00+00:00,SHORT,0.002527,-6.698e-05,0.00039934,0.00259398,0.00213176,-0.0,-0.00043100352653410625,0.01637124575471952
DOGEUSDT,2024-02-22T18:00:00+00:00,SHORT,0.00202495,-0.0002429,0.00039592,0.00226785,0.0022286199999999997,0.0022338496150687277,0.0047086608481376625,0.009795322315645106
AVAXUSDT,2024-02-23T03:00:00+00:00,SHORT,0.00138996,-0.00242372,0.00071091,0.00381368,0.00224317,-0.0,0.0028231959217971518,0.021524651074499804
UNIUSDT,2024-02-23T03:00:00+00:00,SHORT,0.00208882,-0.00081364,0.00208882,0.00290246,0.00231266,-0.010850016024065623,0.006032142861158233,-0.46693949903043497
DOGEUSDT,2024-02-23T04:00:00+00:00,SHORT,0.00188209,-0.00040486,0.00056166,0.0022869500000000003,0.00226785,-0.0014272124211388991,0.009687332828897381,-0.007942665192271756
DOGEUSDT,2024-02-23T11:00:00+00:00,SHORT,0.00153218,-0.00233032,0.00133529,0.0038624999999999996,0.0022869500000000003,0.006577790863895948,0.0007154782084372536,-0.008073176935927651
LTCUSDT,2024-02-23T15:00:00+00:00,SHORT,0.00155271,-4.113e-05,0.00072799,0.0015938399999999998,0.00137351,-0.005263939629645097,-0.008467203871295077,-0.017007459874975765
SOLUSDT,2024-02-23T15:00:00+00:00,SHORT,0.00164424,-0.00068609,0.00061654,0.00233033,0.00181422,-0.0016825885959488268,-0.011177286400696413,0.0007575908972962909
ZECUSDT,2024-02-23T16:00:00+00:00,SHORT,0.00490696,-0.00342839,0.00097144,0.00833535,0.00621474,-0.0,0.0047680266380250285,-0.018488835526242295
DOGEUSDT,2024-02-25T03:00:00+00:00,SHORT,0.0021369,-0.00024545,0.00076427,0.00238235,0.00233116,0.0037161812596291665,0.0026696086889580746,-0.0011584802037067203
DOGEUSDT,2024-02-25T14:00:00+00:00,SHORT,0.00187987,-0.00101704,0.00111448,0.00289691,0.00238235,0.004505292666479418,0.005200219727107487,0.016150934936458652
AVAXUSDT,2024-02-25T15:00:00+00:00,SHORT,0.00260062,0.0,0.00051577,0.00260062,0.0020620900000000004,0.0032336545344172156,-0.006328279225418073,-0.004601442683844125
LTCUSDT,2024-02-25T19:00:00+00:00,SHORT,0.00298889,0.00047216,0.00083359,0.00251673,0.0016743,0.0025630086648893834,0.0011383040500602807,0.004132531709495046
SOLUSDT,2024-02-26T01:00:00+00:00,SHORT,0.00210181,0.00045803,0.00117375,0.00164378,0.00159754,0.008438295691105463,-0.0052788362750754375,0.018787081246756324
SOLUSDT,2024-02-26T07:00:00+00:00,SHORT,0.00256474,0.00051509,0.00079888,0.00204965,0.00164378,-0.0028298944395608225,0.022862890236752836,-0.06019725472408138
UNIUSDT,2024-02-26T07:00:00+00:00,SHORT,0.00230945,-0.00531607,0.00088906,0.00762552,0.007270820000000001,-0.007477369169079673,0.009047276865974627,0.011511733089609212
UNIUSDT,2024-02-26T12:00:00+00:00,SHORT,0.00198701,-0.00777581,0.00106018,0.00976282,0.00762552,0.007110045594578536,-0.014628918047471748,0.003122193746842606
AVAXUSDT,2024-02-26T13:00:00+00:00,SHORT,0.00350899,0.0,0.00093982,0.00350899,0.00260062,-0.020327534026057935,-0.057949199948017574,-0.06819815442115056
LTCUSDT,2024-02-26T13:00:00+00:00,SHORT,0.00368958,0.00039961,0.00080973,0.00328997,0.00251673,-0.012226481563799652,-0.014061733014188163,-0.05320107147766556
SOLUSDT,2024-02-26T13:00:00+00:00,SHORT,0.00218904,6.147e-05,0.00072251,0.00212757,0.00204965,-0.01949170479472652,-0.07645170731878768,-0.08717046784314333
UNIUSDT,2024-02-26T15:00:00+00:00,SHORT,0.01059104,-0.00273035,0.00080536,0.013321389999999999,0.00976282,0.0029745327750742515,0.02224295164095133,0.01694241864398291
AVAXUSDT,2024-02-26T16:00:00+00:00,SHORT,0.00388846,0.0,0.00084989,0.00388846,0.00350899,-0.006934254977257719,-0.0015394091710003177,-0.009506358006028295
SOLUSDT,2024-02-26T16:00:00+00:00,SHORT,0.00246279,0.0001415,0.00060794,0.0023212899999999997,0.00212757,-0.02490551953921393,-0.021123898802689348,-0.02279724858941988
DOGEUSDT,2024-02-26T17:00:00+00:00,SHORT,0.00229266,-0.00229615,0.00062833,0.0045888100000000005,0.00255268,0.0038959600098260414,-0.015433806129841167,-0.03803678364583897
SOLUSDT,2024-02-27T00:00:00+00:00,SHORT,0.00455076,-0.00146819,0.001176,0.00601895,0.00400299,-8.118237625267474e-05,0.012745849097896899,0.006743052852211521
LTCUSDT,2024-02-27T02:00:00+00:00,SHORT,0.00374099,3.72e-05,0.00225674,0.00370379,0.00328997,0.004007485993835168,-0.009024613339530979,0.006688093415908831
ZECUSDT,2024-02-27T16:00:00+00:00,SHORT,0.00270277,-0.00130804,0.00190902,0.00401081,0.003998359999999999,-0.004522533365017531,0.002443708669400766,-0.0062565376143051375
ZECUSDT,2024-02-28T01:00:00+00:00,SHORT,0.00560035,0.0,0.00075508,0.00560035,0.00411013,0.0006882312728643525,0.01629999674497764,0.006557400546159164
AVAXUSDT,2024-02-28T09:00:00+00:00,SHORT,0.00323001,0.00013048,0.00172353,0.00309953,0.0026127800000000003,-0.0071362732631972126,0.0019099833411856434,0.005641238136545141
SOLUSDT,2024-02-28T10:00:00+00:00,SHORT,0.00459394,0.00091098,0.00281198,0.0036829600000000003,0.00218054,0.02639273015594221,0.023171423816198616,-0.012457004540864406
AVAXUSDT,2024-02-28T11:00:00+00:00,SHORT,0.00259523,-0.00129194,0.00176772,0.00388717,0.00309953,-0.0004290166751397103,-0.006716921896664952,-0.018902925642295326
DOGEUSDT,2024-02-28T11:00:00+00:00,SHORT,0.00293767,-0.00346444,0.00119269,0.00640211,0.00427707,-0.01031200112354758,-0.028031180108650616,-0.17400850009186777
LTCUSDT,2024-02-28T13:00:00+00:00,SHORT,0.00319698,0.0,0.00073797,0.00319698,0.0025542900000000003,0.008351609489470951,0.02094387232803372,-0.003952574315823342
ZECUSDT,2024-02-28T15:00:00+00:00,SHORT,0.003761,-0.00802254,0.00058338,0.01178354,0.00560035,-0.018711564637122865,0.041784332200052066,0.00280210340963978
DOGEUSDT,2024-02-28T16:00:00+00:00,LONG,0.00843686,-0.00094853,-0.00029777,0.009385389999999999,0.00640211,-0.08043566807379894,-0.03617433937537872,0.07709822903387657
AVAXUSDT,2024-02-28T17:00:00+00:00,SHORT,0.00431739,-0.02320193,0.00019795,0.02751932,0.00388717,0.015071354708174159,-0.018868009609309098,-0.05333179832215415
LTCUSDT,2024-02-28T17:00:00+00:00,SHORT,0.00562792,-0.02059141,0.00018938,0.02621933,0.00319698,0.010570636440974843,0.0032406185529589996,-0.11318905378953517
SOLUSDT,2024-02-28T17:00:00+00:00,SHORT,0.00449123,-0.01173841,0.00107941,0.01622964,0.00397381,0.013447613979485091,-0.012340707352802856,-0.07707165495100367
UNIUSDT,2024-02-28T17:00:00+00:00,SHORT,0.00593571,-0.02264818,0.00040567,0.02858389,0.00364862,0.005419552128811102,-0.030168059472771777,-0.0672846049616348
ZECUSDT,2024-02-28T17:00:00+00:00,SHORT,0.00461798,-0.01917415,0.00010389,0.02379213,0.01178354,0.01319183659660836,-0.019824040801678464,-0.08843615934509336
UNIUSDT,2024-02-29T16:00:00+00:00,SHORT,0.00776131,-0.03500496,0.0020274,0.04276627,0.02858389,-0.014983175548035774,-0.007129845002181084,0.03833454396258373
LTCUSDT,2024-02-29T21:00:00+00:00,SHORT,0.00221505,-0.00374699,0.00107061,0.00596204,0.00432243,0.021546618350925573,-0.03626583844709203,-0.05121273593150275
SOLUSDT,2024-03-01T08:00:00+00:00,SHORT,0.00251839,-0.00150661,0.0008949,0.004025,0.00370059,-0.013422818791341254,-0.016222731261651347,0.0036039894849928893
DOGEUSDT,2024-03-02T00:00:00+00:00,LONG,0.00615274,-0.00152382,-0.00086544,0.007676560000000001,0.00692765,-0.0316168979655578,-0.02496164904983986,-0.02259049234922703
LTCUSDT,2024-03-02T01:00:00+00:00,SHORT,0.00401606,-0.00063757,0.00162381,0.00465363,0.00315548,-0.016531186469796202,-0.03778716070700878,-0.05327431741523025
UNIUSDT,2024-03-02T03:00:00+00:00,SHORT,0.00777462,0.0,0.00340078,0.00777462,0.00651085,0.002148912443002437,0.010871410028483557,0.01975174609740758
ZECUSDT,2024-03-02T03:00:00+00:00,SHORT,0.0038898,-0.00058687,0.00187407,0.00447667,0.00429077,0.009392781605999444,0.003875973844693072,-0.01090103773381432
AVAXUSDT,2024-03-02T04:00:00+00:00,SHORT,0.00428264,0.00086005,0.00207204,0.0034225899999999997,0.00273615,0.010635938413424606,0.01310294923011924,0.014548743852696978
SOLUSDT,2024-03-02T09:00:00+00:00,SHORT,0.00306228,0.0,0.0014825,0.00306228,0.00296499,0.002279402741203161,-0.005556107979632579,-0.0020183364896725372
UNIUSDT,2024-03-02T16:00:00+00:00,SHORT,0.00939333,-0.00059756,0.00165353,0.00999089,0.00777462,-0.010718561738707194,-0.015277293191070108,-0.03244475725711007
DOGEUSDT,2024-03-02T18:00:00+00:00,SHORT,0.00254913,-0.0072257,0.00113742,0.00977483,0.007676560000000001,0.005411306644244617,0.0023857986195657188,0.031323745437267084
AVAXUSDT,2024-03-02T22:00:00+00:00,SHORT,0.00407185,0.0,0.00073727,0.00407185,0.0034225899999999997,-0.021495931582605838,0.0007820766833737149,0.021639175103481068
LTCUSDT,2024-03-02T23:00:00+00:00,SHORT,0.00345542,-0.00247887,0.00116131,0.00593429,0.00465363,0.01266041699028217,0.01695226907182325,0.034087489321480875
AVAXUSDT,2024-03-03T07:00:00+00:00,SHORT,0.00336547,-0.01134151,3.4e-06,0.014706980000000001,0.00407185,-0.012883810307924138,-0.018807107054678026,-0.017869240631888415
DOGEUSDT,2024-03-03T07:00:00+00:00,LONG,0.00973693,-0.02893765,-0.00041358,0.03867458,0.00977483,0.019150163026058223,0.07491778781546277,0.1401226241006126
LTCUSDT,2024-03-03T07:00:00+00:00,SHORT,0.00522006,-0.01108522,0.00038185,0.01630528,0.00593429,-0.012230166468904178,-0.031558174408546136,-0.0248633132066849
SOLUSDT,2024-03-03T07:00:00+00:00,SHORT,0.00185398,-0.00442978,0.00040269,0.00628376,0.00306228,-0.0008748320841045626,-0.015832868795964645,-0.027153875468583423
ZECUSDT,2024-03-03T07:00:00+00:00,SHORT,0.0036724,-0.01526997,0.00072497,0.01894237,0.00470544,-0.01252756753266306,-0.013460838715661371,-0.0018891693276071404
DOGEUSDT,2024-03-04T17:00:00+00:00,LONG,0.00404182,-0.00712512,-0.00096609,0.01116694,0.01011263,0.008588658577845357,0.013309538716040747,0.045965729577728764
DOGEUSDT,2024-03-05T00:00:00+00:00,SHORT,0.01277429,-0.00166844,0.00088778,0.01444273,0.01116694,-0.026628424161410317,0.08458854347221988,0.06362090948506112
LTCUSDT,2024-03-05T02:00:00+00:00,SHORT,0.00338707,0.0,0.00155646,0.00338707,0.0032465899999999997,-0.00044817927921052606,-0.009036710126471453,-0.010701250265556636
AVAXUSDT,2024-03-05T04:00:00+00:00,SHORT,0.00365697,8.432e-05,0.00184763,0.0035726499999999997,0.0032134,-0.021470491249629055,-0.02327370978891578,-0.0038461132108537823
LTCUSDT,2024-03-05T04:00:00+00:00,SHORT,0.00381064,-8.22e-06,0.00201119,0.0038188600000000003,0.00338707,-0.017770347673026005,-0.011697342755056274,0.027492359692884338
SOLUSDT,2024-03-05T05:00:00+00:00,SHORT,0.00368883,-0.00105946,0.00138242,0.0047482900000000005,0.00355578,0.006566358672732813,0.01978382044070428,-0.017250615159567474
UNIUSDT,2024-03-05T05:00:00+00:00,SHORT,0.00581131,-0.00124941,0.0019091,0.00706072,0.0053105800000000005,0.008748296636672825,-0.01488525454102728,-0.03877491089853037
ZECUSDT,2024-03-05T05:00:00+00:00,SHORT,0.00630904,0.0,0.00244881,0.00630904,0.0048949,-0.019686253503426353,-0.01179954693115503,0.002079311606137845
ZECUSDT,2024-03-05T07:00:00+00:00,SHORT,0.00665449,0.0,0.00068752,0.00665449,0.00630904,-0.010368927146744087,-0.013017935318321098,0.14663482166292072
AVAXUSDT,2024-03-05T15:00:00+00:00,SHORT,0.00458605,-0.00323128,0.00121942,0.00781733,0.00708482,0.040024728929225734,0.15963754273836947,0.13491579823058145
SOLUSDT,2024-03-05T15:00:00+00:00,SHORT,0.0049556,-0.00418551,0.00107303,0.009141110000000001,0.0047482900000000005,0.044512423520822374,0.15456809726330745,0.12932356461321207
DOGEUSDT,2024-03-05T16:00:00+00:00,SHORT,0.01215391,-0.00563294,0.00263777,0.01778685,0.01444273,0.008924323581112168,0.1985651509742512,0.031713842086834025
ZECUSDT,2024-03-05T16:00:00+00:00,SHORT,0.00524811,-0.00324509,0.0023615,0.0084932,0.00665449,-0.008060948261632285,0.15150629759526743,0.08342070885890114
AVAXUSDT,2024-03-05T19:00:00+00:00,SHORT,0.01172596,-0.02286844,0.0072133,0.0345944,0.009316709999999999,0.003458462038815651,-0.04626527163011052,-0.09084821998279859
DOGEUSDT,2024-03-05T19:00:00+00:00,SHORT,0.01982982,-0.03061532,0.00542168,0.05044514,0.01778685,0.012803899639495348,-0.10085420863126708,-0.1946661361160365
LTCUSDT,2024-03-05T19:00:00+00:00,SHORT,0.00622046,-0.02523091,0.00194739,0.03145137,0.00659375,-0.0056562690974417676,-0.0550505688679187,-0.10328281406060807
SOLUSDT,2024-03-05T19:00:00+00:00,SHORT,0.01854767,-0.01697272,0.00426581,0.03552039,0.009141110000000001,0.008925813973813257,-0.04869444290966712,-0.1102730524810372
UNIUSDT,2024-03-05T19:00:00+00:00,SHORT,0.00848506,-0.01239541,0.0020525,0.02088047,0.00706072,0.009315546031762092,-0.08821797827849821,-0.20504887766534433
ZECUSDT,2024-03-05T19:00:00+00:00,SHORT,0.01188834,-0.030586,0.00141163,0.04247434,0.0084932,0.011444550091195504,-0.04484149171401562,-0.0896515667801731
SOLUSDT,2024-03-07T00:00:00+00:00,SHORT,0.00293024,-0.00011611,0.00100599,0.00304635,0.00274516,-0.02008933011322065,-0.02429097123115293,-0.0584736948284214
SOLUSDT,2024-03-07T02:00:00+00:00,SHORT,0.00339372,-0.00010485,0.00118393,0.00349857,0.00304635,0.020229733002833622,0.01453006956756398,-0.04892740098559832
ZECUSDT,2024-03-07T06:00:00+00:00,SHORT,0.00483094,0.0,0.00099627,0.00483094,0.00423425,-0.011132956869552471,-0.014717190097367643,-0.02892702067002069
SOLUSDT,2024-03-07T11:00:00+00:00,SHORT,0.00405428,-0.00137815,0.00082057,0.00543243,0.00349857,-0.017479284749445684,-0.03938668612088366,-0.025161655954570403
AVAXUSDT,2024-03-07T14:00:00+00:00,SHORT,0.0025337,-0.00038818,0.00113958,0.00292188,0.0026785299999999997,0.01190881819664477,0.0029808973791432794,0.02805749448365298
LTCUSDT,2024-03-07T14:00:00+00:00,SHORT,0.00234605,-0.00057622,0.00096891,0.0029222700000000002,0.0025125499999999997,-0.001616441871419655,-0.020812643755177666,-0.02487860824537286
ZECUSDT,2024-03-07T19:00:00+00:00,SHORT,0.00367833,-0.00791477,0.00193454,0.0115931,0.00483094,-0.007609050466720825,-0.0017610805842978177,0.007371402978974771
AVAXUSDT,2024-03-07T21:00:00+00:00,SHORT,0.00382822,0.00016752,0.00125712,0.0036607,0.00292188,0.00600436601537827,0.006581393417108574,0.005312372354105904
UNIUSDT,2024-03-08T00:00:00+00:00,SHORT,0.00370222,0.0,0.00081235,0.00370222,0.00368641,0.002829228455631071,0.008445550331475754,0.010700941005609248
UNIUSDT,2024-03-08T14:00:00+00:00,SHORT,0.0019708,-0.00201507,0.00089825,0.00398587,0.00370222,0.019967272115840422,0.011946113695081171,-0.0018200820690669665
AVAXUSDT,2024-03-08T15:00:00+00:00,SHORT,0.0031767,-0.00967694,0.00023173,0.01285364,0.0036607,-0.0029670118546909485,-0.004517654742285819,-0.005456269416039114
DOGEUSDT,2024-03-08T15:00:00+00:00,SHORT,0.0090816,-0.02057938,0.00011247,0.029660980000000003,0.00471579,-0.015225795334338791,-0.02570587448603482,-0.03424786497044307
SOLUSDT,2024-03-08T15:00:00+00:00,SHORT,0.00284759,-0.00495448,0.00045305,0.0078020699999999995,0.0027493,-0.020343281209633933,-0.01674149666024923,-0.002230634733778108
AVAXUSDT,2024-03-09T17:00:00+00:00,SHORT,0.00441079,0.00010666,0.00223584,0.004304130000000001,0.0033333900000000003,0.002966123507534177,0.0022237674209203686,-0.00498546940377846
SOLUSDT,2024-03-09T17:00:00+00:00,SHORT,0.00152897,-0.00121579,0.00088823,0.0027447599999999997,0.0024346999999999997,5.5125272194913397e-05,-0.006702585250719238,-0.01781078550455012
ZECUSDT,2024-03-10T00:00:00+00:00,SHORT,0.00610359,0.0,0.00042716,0.00610359,0.0042242,0.005194816877104023,0.00954454100356997,0.04383699371109584
DOGEUSDT,2024-03-10T01:00:00+00:00,SHORT,0.00325799,-0.00211611,0.00146923,0.0053741,0.00503984,0.007212866710331469,-0.006205593647892172,0.039299942142077895
LTCUSDT,2024-03-10T01:00:00+00:00,SHORT,0.00339652,-0.00016798,0.00108827,0.0035645,0.00306391,0.008576095332346805,0.01531012751369096,0.03051523152704084
UNIUSDT,2024-03-10T03:00:00+00:00,SHORT,0.00204253,-0.00270179,0.00144945,0.00474432,0.00274749,-0.00034912544431696586,-0.0013957710410329863,0.029123112546254375
AVAXUSDT,2024-03-11T00:00:00+00:00,SHORT,0.00199336,-0.00200955,0.00110152,0.00400291,0.00232247,0.00038955031778392673,-0.012073554919927416,-0.12394959491112349
DOGEUSDT,2024-03-11T00:00:00+00:00,SHORT,0.0022731,-0.00381811,0.0020154,0.00609121,0.0053741,0.00012138131956413521,-0.013382561529311244,-0.07266778728353655
LTCUSDT,2024-03-11T00:00:00+00:00,SHORT,0.00211639,-0.00525841,0.00086143,0.0073748,0.0035645,-0.0026820609629114637,-0.014835691666746918,-0.11367475873222686
SOLUSDT,2024-03-11T00:00:00+00:00,SHORT,0.0020888,-0.00193855,0.00110344,0.00402735,0.0024920000000000003,0.012009057861503457,-0.001515933603476426,-0.06133452057783276
UNIUSDT,2024-03-11T00:00:00+00:00,SHORT,0.00275845,-0.00342796,0.00210148,0.00618641,0.00474432,-0.0033488933646191646,-0.0033488933646191646,-0.02188425610747115
ZECUSDT,2024-03-11T02:00:00+00:00,SHORT,0.00327002,-0.00135753,0.00178667,0.004627549999999999,0.00460832,-0.0042334505319365345,-0.010850016024065844,-0.002723560467040742
AVAXUSDT,2024-03-11T08:00:00+00:00,SHORT,0.00506034,0.00101003,0.00192941,0.00405031,0.00400291,-0.019308473077185608,-0.05045384140814566,-0.10288085270822601
ZECUSDT,2024-03-11T08:00:00+00:00,SHORT,0.00486617,-0.00227813,0.00143739,0.007144300000000001,0.004627549999999999,-0.01734939271027479,-0.017651097343729282,-0.05756770474917193
AVAXUSDT,2024-03-11T10:00:00+00:00,SHORT,0.00481399,-6.748e-05,0.00202679,0.00488147,0.00405031,-0.007161644359695739,-0.03746925312096008,-0.06535629226030995
UNIUSDT,2024-03-12T08:00:00+00:00,SHORT,0.00246782,-0.00073371,0.00136066,0.00320153,0.0030397,-0.011653969750269407,-0.021121243365928907,-0.0017351074335738572
AVAXUSDT,2024-03-12T13:00:00+00:00,SHORT,0.00394703,-0.00097234,0.00078615,0.00491937,0.004373210000000001,0.026216335188761423,-0.07627929342432227,-0.07069017853677984
AVAXUSDT,2024-03-12T15:00:00+00:00,SHORT,0.00474946,-0.00068512,0.0011554,0.00543458,0.00491937,0.01755418092943758,-0.05525828083790574,0.007988694120817376
UNIUSDT,2024-03-12T16:00:00+00:00,SHORT,0.00262974,-0.00064871,0.00013402,0.0032784500000000005,0.00320153,0.002830498678237536,-0.00332827164918084,-0.04138423678032555
AVAXUSDT,2024-03-12T17:00:00+00:00,SHORT,0.00477478,-0.00117416,0.0026924,0.00594894,0.00543458,-0.037590725529087876,-0.011700927480114236,0.029583292188148407
DOGEUSDT,2024-03-12T17:00:00+00:00,SHORT,0.00379292,-0.01782895,0.00092464,0.02162187,0.0045092299999999995,-0.005420720374719172,0.0010876791210689834,-0.04030489019622732
LTCUSDT,2024-03-12T17:00:00+00:00,SHORT,0.0031474,-0.001428,0.001178,0.0045754,0.00412445,-0.00576548492985951,-0.00576548492985951,-0.012416146370082306
ZECUSDT,2024-03-13T00:00:00+00:00,LONG,0.00724068,-0.00100426,-0.00100426,0.008244940000000001,0.0047796,0.023369544569028965,0.008041398874993657,-0.018333119316819843
SOLUSDT,2024-03-13T15:00:00+00:00,SHORT,0.00348998,-0.00023957,0.00097973,0.0037295500000000003,0.00316585,-0.006435534075025723,-0.0264384512599218,-0.06294025095128196
AVAXUSDT,2024-03-13T21:00:00+00:00,SHORT,0.00283334,-0.00183865,0.00062765,0.00467199,0.00429071,0.019679349947838723,-0.04137788763394154,-0.03275541767201162
DOGEUSDT,2024-03-14T04:00:00+00:00,SHORT,0.00794335,-0.00257377,0.00138521,0.01051712,0.00417902,-0.034900362875336544,-0.03354912087853264,0.006227753177556728
LTCUSDT,2024-03-14T08:00:00+00:00,SHORT,0.00280452,0.00026326,0.00141793,0.00254126,0.00227924,-0.018765371764736756,0.002292384040242827,0.02082313118039425
LTCUSDT,2024-03-14T10:00:00+00:00,SHORT,0.00289904,0.00011004,0.00153392,0.002789,0.00254126,0.008480762382407938,0.022601597403571923,0.025555497641947228
SOLUSDT,2024-03-14T11:00:00+00:00,SHORT,0.0026954,-0.00150427,0.00130458,0.00419967,0.0037295500000000003,0.005618106072461106,0.03261117119232923,-0.020167973273265707
AVAXUSDT,2024-03-14T13:00:00+00:00,SHORT,0.00540343,-0.00026217,0.00115066,0.0056656,0.00467199,0.0019128201528471058,0.015051519445069229,-0.036976456218965684
SOLUSDT,2024-03-14T13:00:00+00:00,SHORT,0.00489496,3.446e-05,0.00106908,0.0048605,0.00419967,-0.013645900949750935,-0.0018478305254213802,-0.1005220130495463
UNIUSDT,2024-03-14T13:00:00+00:00,SHORT,0.00347978,-0.00040286,0.0011318,0.00388264,0.00277787,-0.006259238392804496,-0.003673958676394502,-0.0
ZECUSDT,2024-03-14T13:00:00+00:00,SHORT,0.00658249,-0.00131888,0.00019514,0.00790137,0.00403229,-0.008013101193611536,-0.0050527674745532505,-0.024430942845169258
AVAXUSDT,2024-03-14T18:00:00+00:00,SHORT,0.00489473,-0.00103969,0.00155896,0.00593442,0.0056656,0.014446787549349882,-0.029616204918561703,-0.03659104636931878
LTCUSDT,2024-03-14T18:00:00+00:00,SHORT,0.00221154,-0.00181453,0.00146234,0.00402607,0.002789,0.012477783548418546,-0.02038599869201712,0.033775140236021364
SOLUSDT,2024-03-14T18:00:00+00:00,SHORT,0.0051602,0.0,0.00191045,0.0051602,0.0048605,0.015954573677465785,-0.046362141467977055,-0.08193377805858616
UNIUSDT,2024-03-14T18:00:00+00:00,SHORT,0.00401639,-0.000332,0.00142904,0.00434839,0.00388264,0.007886534335221778,-0.02494147993193538,0.030865727403537307
AVAXUSDT,2024-03-15T02:00:00+00:00,SHORT,0.00392359,-0.00322748,0.00197985,0.007151070000000001,0.00593442,-0.0036022760978403315,-0.006438008198631228,-0.012085461691706236
DOGEUSDT,2024-03-15T02:00:00+00:00,SHORT,0.00924495,-0.00262669,0.00119282,0.01187164,0.01051712,0.024777307491643093,0.017796580477384867,0.040831729201517376
LTCUSDT,2024-03-15T02:00:00+00:00,SHORT,0.00231318,-0.0067877,0.00138319,0.00910088,0.00402607,0.012177721619055051,0.013515216245547771,0.02090358524070128
UNIUSDT,2024-03-15T02:00:00+00:00,SHORT,0.00292387,-0.00326682,0.00119328,0.00619069,0.00434839,0.012694745064657023,0.008369511626763235,0.030494816078149686
SOLUSDT,2024-03-15T03:00:00+00:00,SHORT,0.00405771,-0.01000759,0.00097453,0.0140653,0.0051602,0.015978646533958352,-0.0003234510553126608,-0.032206357937121774
ZECUSDT,2024-03-15T03:00:00+00:00,SHORT,0.0118383,-0.04452825,0.00213135,0.05636655,0.00790137,0.015684135810209752,-0.007441894810385645,0.03354744972281109
LTCUSDT,2024-03-16T14:00:00+00:00,SHORT,0.00225719,-0.00016983,0.00068626,0.0024270200000000002,0.00238204,-0.00351334865843202,0.04338924409601071,0.025993412851045897
AVAXUSDT,2024-03-16T17:00:00+00:00,SHORT,0.00213797,-0.00419047,0.00081962,0.006328439999999999,0.00580298,0.03380967188063995,0.0336596821921498,0.049627972208079976
SOLUSDT,2024-03-16T17:00:00+00:00,SHORT,0.00251153,-0.0131976,0.00073591,0.01570913,0.00360691,0.028267733957425323,0.04318878881948745,0.002161428126971281
UNIUSDT,2024-03-16T17:00:00+00:00,SHORT,0.00246436,-0.00035122,0.00097286,0.0028155800000000003,0.00245054,0.019368888917776078,0.024415435305399656,0.02350351814375877
DOGEUSDT,2024-03-16T18:00:00+00:00,SHORT,0.00384688,-0.00085647,0.00169625,0.00470335,0.00427944,-0.0017446530821925955,0.004901284143095878,0.020321026641555197
LTCUSDT,2024-03-16T18:00:00+00:00,SHORT,0.00191484,-0.00078534,0.00042992,0.00270018,0.0024270200000000002,-0.004849497942145792,-0.006617844998887874,0.019999469053829613
SOLUSDT,2024-03-18T09:00:00+00:00,SHORT,0.00280296,-0.00449746,0.00071829,0.00730042,0.0032346899999999997,-0.00902547949749873,0.011292642956775631,0.025488647213849042
AVAXUSDT,2024-03-18T11:00:00+00:00,SHORT,0.0037632,-0.00019992,0.00140219,0.00396312,0.00386398,-0.0003130233384455751,0.03331174622692323,0.05117548726403774
AVAXUSDT,2024-03-18T13:00:00+00:00,SHORT,0.00293947,-0.00124533,0.00139535,0.0041848,0.00396312,0.01271727280480759,-0.018349432477732373,0.06378577057421299
LTCUSDT,2024-03-18T13:00:00+00:00,SHORT,0.00181578,-0.00013287,0.00084414,0.00194865,0.00194177,0.0099982763870509,0.014731007749941231,-0.004544375196831532
UNIUSDT,2024-03-18T13:00:00+00:00,SHORT,0.00228967,-0.00017044,0.00133644,0.00246011,0.00236035,0.013595375566843638,0.017574553657342624,0.05658490549732937
ZECUSDT,2024-03-18T14:00:00+00:00,SHORT,0.00288548,-0.00054778,0.00161849,0.00343326,0.00339559,-0.006103052510107746,0.024422573433052864,0.05781528398339316
UNIUSDT,2024-03-18T15:00:00+00:00,SHORT,0.00245424,-0.00010475,0.00120496,0.0025589899999999997,0.00246011,0.016633980013924646,0.020301830758756346,0.051108206315948417
AVAXUSDT,2024-03-18T17:00:00+00:00,SHORT,0.00295655,-0.00133597,0.00085555,0.00429252,0.0041848,0.017070639226139148,0.004578995535687892,0.08821768804667846
LTCUSDT,2024-03-18T17:00:00+00:00,SHORT,0.00247908,-0.00011767,0.00060432,0.0025967499999999997,0.00194865,0.0035337878728442847,-0.013891628841014777,0.012731228390957607
UNIUSDT,2024-03-18T17:00:00+00:00,LONG,0.00258556,-0.00042992,-1.387e-05,0.00301548,0.0025589899999999997,-0.008091003556511525,0.0065102745264611055,-0.06283781643266068
AVAXUSDT,2024-03-18T19:00:00+00:00,SHORT,0.00227089,-0.00224967,0.00044789,0.00452056,0.00429252,-0.0015688035490066963,0.02799191817228191,0.0357157523120076
LTCUSDT,2024-03-18T23:00:00+00:00,SHORT,0.00208046,-0.00062562,0.00112903,0.00270608,0.0025967499999999997,0.02236031206128175,0.032540324217929205,0.085808076662897
DOGEUSDT,2024-03-19T00:00:00+00:00,SHORT,0.00220869,-0.00102665,0.00040777,0.00323534,0.0031649800000000004,0.03062971402492535,0.056127685958896396,0.06866845619198028
UNIUSDT,2024-03-19T01:00:00+00:00,SHORT,0.00238681,-0.00086664,0.00060792,0.00325345,0.00301548,-0.004136419539187361,0.023919034112373085,0.03481733469608067
ZECUSDT,2024-03-19T01:00:00+00:00,SHORT,0.0028607,-0.00132585,0.00108303,0.00418655,0.00364278,-0.0,0.008044479313833012,0.022767720866726814
LTCUSDT,2024-03-19T04:00:00+00:00,SHORT,0.00242322,-0.00092788,0.00082293,0.0033510999999999997,0.00325486,0.0034436142749698436,0.03893100681036888,-0.0004909782840741981
UNIUSDT,2024-03-19T05:00:00+00:00,SHORT,0.00277397,-0.00074349,0.00098732,0.00351746,0.00325345,0.006705960789690731,0.02404027844124789,-0.01514840960434621
AVAXUSDT,2024-03-19T07:00:00+00:00,SHORT,0.00466602,-0.00059683,0.00151658,0.0052628499999999995,0.00452056,0.0620534545704464,0.0366923674209607,0.02721313602402952
DOGEUSDT,2024-03-19T07:00:00+00:00,SHORT,0.00315343,-0.00173069,0.00057898,0.0048841200000000005,0.0042715800000000005,0.038050152760593765,0.017234606447335068,-0.011599755883226672
UNIUSDT,2024-03-19T07:00:00+00:00,SHORT,0.00348063,-0.00104746,0.00076474,0.00452809,0.00351746,0.038893791121273516,0.007841747123130025,-0.021030702309696832
ZECUSDT,2024-03-19T07:00:00+00:00,SHORT,0.00292215,-0.0031074,0.00068785,0.00602955,0.00418655,0.03454780745388892,0.0023446669592542455,-0.03490287168106003
LTCUSDT,2024-03-19T09:00:00+00:00,SHORT,0.00212913,-0.00540574,0.00099586,0.00753487,0.0033510999999999997,0.013497524372326127,-0.0031275436765099726,-0.003876700909699999
AVAXUSDT,2024-03-19T10:00:00+00:00,SHORT,0.00247193,-0.00357384,0.00080075,0.00604577,0.0052628499999999995,-0.02737696730378604,-0.02120938704929376,0.04272740314086276
SOLUSDT,2024-03-19T10:00:00+00:00,SHORT,0.0022017,-0.00367165,0.00066704,0.005873349999999999,0.005316609999999999,-0.013138057381471611,-0.019927695134478104,0.03618034602204793
SOLUSDT,2024-03-20T00:00:00+00:00,SHORT,0.00620206,-0.00073613,0.00018676,0.0069381899999999995,0.005873349999999999,0.02499397562187855,0.05059288441309562,0.0063357823821485965
ZECUSDT,2024-03-20T14:00:00+00:00,SHORT,0.00356877,-0.00074617,0.00018761,0.00431494,0.00404632,0.015123161574220773,-0.03285034268865534,-0.09411553848125745
AVAXUSDT,2024-03-20T16:00:00+00:00,SHORT,0.00309045,-0.00238397,0.00065077,0.00547442,0.0039048800000000003,-0.021346981046602497,-0.07924309430961236,-0.06577481655043572
DOGEUSDT,2024-03-20T16:00:00+00:00,SHORT,0.00237187,-0.00170901,0.00127278,0.00408088,0.0037199,-0.027043045632330318,-0.1258015868028234,-0.14589972591563596
LTCUSDT,2024-03-20T16:00:00+00:00,SHORT,0.00179061,-0.00081235,0.0006476,0.00260296,0.00253484,-0.009164150821818134,-0.05341222229485664,-0.05835340881880945
DOGEUSDT,2024-03-20T18:00:00+00:00,SHORT,0.00510684,-0.00084386,0.00060132,0.0059507,0.00408088,-0.039138614717210356,-0.07614381071076463,-0.07601193678204915
LTCUSDT,2024-03-20T19:00:00+00:00,SHORT,0.00236419,-0.00040904,0.00091431,0.00277323,0.00260296,-0.010194493221175402,-0.009486612115636416,-0.012903404835907782
LTCUSDT,2024-03-21T00:00:00+00:00,SHORT,0.00318818,0.0,0.00036898,0.00318818,0.00277323,0.0014135942982976958,-0.0030559497219234013,-0.001999177475393192
UNIUSDT,2024-03-21T18:00:00+00:00,SHORT,0.00213869,-0.00042732,0.00032534,0.00256601,0.0025159699999999998,-0.012163339416972018,-0.02343365113973754,-0.030794835696772813
AVAXUSDT,2024-03-21T19:00:00+00:00,SHORT,0.00190822,-0.00193383,8.617e-05,0.00384205,0.00336691,-0.007322373270607519,-0.0021002358868257016,-0.03866811463782064
UNIUSDT,2024-03-22T00:00:00+00:00,SHORT,0.00218852,-0.00041977,0.00092719,0.0026082899999999997,0.00256601,0.01754576170832962,0.006584927901470162,0.032858192814061035
AVAXUSDT,2024-03-22T12:00:00+00:00,SHORT,0.00317502,-0.00086805,0.00037625,0.00404307,0.00384205,0.02830962709161688,0.06403533368254385,0.06533989131062694
UNIUSDT,2024-03-22T14:00:00+00:00,SHORT,0.00193403,-0.00075945,6.465e-05,0.00269348,0.0026082899999999997,-0.027748246955873954,-0.029030243627332003,-0.0419292683672719
LTCUSDT,2024-03-22T23:00:00+00:00,SHORT,0.00151294,-0.00126253,0.00059788,0.00277547,0.00197821,-0.003707029656243588,-0.004184356634280076,-0.03681252970574417
DOGEUSDT,2024-03-23T01:00:00+00:00,SHORT,0.00457257,-0.00093584,0.0008893,0.00550841,0.00493191,0.01366311156796301,0.005256822767683359,-0.01827511668363351
LTCUSDT,2024-03-23T10:00:00+00:00,SHORT,0.00267186,-0.00053608,0.00061646,0.00320794,0.00277547,-0.01033031065759808,-0.01516847238174266,-0.008712374328694329
DOGEUSDT,2024-03-24T02:00:00+00:00,SHORT,0.00487372,-0.00033636,0.00154769,0.00521008,0.00380565,0.01544953923871599,-0.006275806523998668,-0.011936634949398272
SOLUSDT,2024-03-24T08:00:00+00:00,SHORT,0.00256025,0.0003096,0.00095508,0.00225065,0.00176387,0.010006651737185575,-0.003624908595691544,-0.017536748658346934
LTCUSDT,2024-03-24T13:00:00+00:00,SHORT,0.00255366,0.0,0.00129105,0.00255366,0.00243775,-0.01398780709509372,-0.011540097817833588,-0.0023636681610807258
AVAXUSDT,2024-03-24T17:00:00+00:00,SHORT,0.00136138,-0.00077735,0.00037292,0.00213873,0.0017085899999999998,-0.018206354637401757,-0.04062140296373011,-0.06456926864495606
LTCUSDT,2024-03-24T17:00:00+00:00,SHORT,0.00179626,-0.00613813,0.00040429,0.00793439,0.00371726,-0.001335856816710864,0.0005571341165894635,-0.005221943981151625
UNIUSDT,2024-03-25T00:00:00+00:00,SHORT,0.00208174,0.0,0.00025863,0.00208174,0.00206771,-0.0074139204186535685,-0.019704255351778967,-0.007911763110648552
AVAXUSDT,2024-03-25T07:00:00+00:00,SHORT,0.00183889,-0.00043175,0.00073419,0.00227064,0.00213873,-0.006832749112298051,-0.017231456333196688,-0.035340603123043275
AVAXUSDT,2024-03-25T09:00:00+00:00,SHORT,0.00258511,0.0,0.00075433,0.00258511,0.00227064,-0.009182482787978445,-0.014171397124890442,-0.007732756946413796
SOLUSDT,2024-03-25T14:00:00+00:00,SHORT,0.00188049,-0.00120348,0.00116685,0.00308397,0.00173635,-0.0019667526649384906,0.00042083716041671206,0.003470699001942901
UNIUSDT,2024-03-25T14:00:00+00:00,SHORT,0.00184538,-0.00050692,0.00040812,0.0023523,0.00208174,-0.009998883448572495,-0.01666240167934334,-0.018242430448565643
DOGEUSDT,2024-03-26T10:00:00+00:00,LONG,0.00295612,-0.00342521,-0.00049876,0.00638133,0.00386741,-0.004556557924355244,-0.02826830012425789,-0.017525630778796687
DOGEUSDT,2024-03-26T14:00:00+00:00,SHORT,0.00183057,-0.00573963,0.00067355,0.0075702,0.00638133,0.005526880782010535,0.008329887438410089,-0.027618633055768567
LTCUSDT,2024-03-26T14:00:00+00:00,SHORT,0.00227675,-0.00088354,0.00101976,0.00316029,0.00200197,0.004595132770381674,-0.0485611746247328,-0.08690887071103041
UNIUSDT,2024-03-26T14:00:00+00:00,SHORT,0.00254252,0.0,0.00107923,0.00254252,0.0023523,0.0038884308804153214,0.001268029968605665,-0.01110553689277984
ZECUSDT,2024-03-26T14:00:00+00:00,SHORT,0.00328687,-0.00060051,0.00017968,0.0038873799999999997,0.0027938399999999997,-0.001270244692867768,-0.004755120705010511,-0.0066508558699095895
UNIUSDT,2024-03-26T17:00:00+00:00,SHORT,0.00260506,0.0,0.00119842,0.00260506,0.00254252,-0.00031725888590984164,-0.007586570289864707,-0.005143026725852856
SOLUSDT,2024-03-27T13:00:00+00:00,SHORT,0.00202968,-0.00079925,0.00034219,0.00282893,0.00198193,0.002808165462685635,0.013427311707977318,0.006978342612914215
AVAXUSDT,2024-03-27T14:00:00+00:00,SHORT,0.00446271,-0.00073172,0.00079946,0.00519443,0.0025885500000000002,0.017001050488509542,0.018276130353745333,0.013558963881417842
LTCUSDT,2024-03-29T03:00:00+00:00,SHORT,0.00233862,-0.00182786,0.00137223,0.00416648,0.00341524,0.002963592346886445,0.014906579258407235,-0.09816921601226504
LTCUSDT,2024-03-29T09:00:00+00:00,SHORT,0.00562448,0.0,0.00097904,0.00562448,0.00416648,-0.03258333416192595,-0.06375720410227406,-0.06623245289081704
UNIUSDT,2024-03-29T11:00:00+00:00,SHORT,0.00289645,0.0,0.00097466,0.00289645,0.0026682800000000003,0.013604600338087032,0.02834418510131458,0.028897216914738122
ZECUSDT,2024-03-29T11:00:00+00:00,SHORT,0.00314085,0.0,0.00021309,0.00314085,0.00284473,0.009674374067532701,0.02009792121206117,0.01324522675002068
AVAXUSDT,2024-03-29T12:00:00+00:00,SHORT,0.00180145,-0.00075207,0.00092648,0.00255352,0.00173556,-0.005081775220456276,0.010750875146528135,-0.0016036402332780737
SOLUSDT,2024-03-29T14:00:00+00:00,SHORT,0.00225426,0.0004462,0.00108285,0.0018080600000000002,0.00147741,0.019455179515944856,0.012541555777096784,-0.017991537035202447
DOGEUSDT,2024-03-29T21:00:00+00:00,SHORT,0.00278115,-0.00058459,0.00064532,0.00336574,0.0032280399999999997,-0.009979981142131061,-0.025345140405355782,0.0015698963762793236
SOLUSDT,2024-03-30T00:00:00+00:00,SHORT,0.00260772,0.00054575,0.00072865,0.0020619699999999998,0.0018080600000000002,0.008625245445001919,-0.022044271623978012,-0.020279935942605104
SOLUSDT,2024-03-30T08:00:00+00:00,SHORT,0.00163624,-0.00493939,0.00085167,0.00657563,0.0020619699999999998,-0.006804313464984671,-0.01730323068745279,-0.0008364057619760782
ZECUSDT,2024-03-30T16:00:00+00:00,SHORT,0.00310116,0.0,0.00057922,0.00310116,0.0027376,-0.0026324464033723504,-0.0006587615521501637,0.0006591958050176737
ZECUSDT,2024-03-30T19:00:00+00:00,SHORT,0.00334641,0.0,0.00051646,0.00334641,0.00310116,0.003615451760788082,0.011549377676235713,-0.004582659411092237
DOGEUSDT,2024-03-31T03:00:00+00:00,SHORT,0.00150433,-0.00230195,0.00110698,0.00380628,0.00254555,-0.011234965914047322,-0.025779792432424904,-0.052370513780134055
UNIUSDT,2024-03-31T05:00:00+00:00,SHORT,0.00270224,0.0003375,0.00131814,0.0023647399999999997,0.0022862299999999998,-0.008370796918787862,-0.0045745733938374784,0.008364396692453575
UNIUSDT,2024-03-31T11:00:00+00:00,SHORT,0.00244344,-0.00111528,0.00087755,0.0035587199999999996,0.0023647399999999997,0.0008456010036094687,0.004389518426118441,0.004235173619514919
LTCUSDT,2024-03-31T20:00:00+00:00,SHORT,0.00314943,0.00020537,0.00104819,0.00294406,0.00260715,0.004162336914687411,-0.01023723427475383,0.0009444655027717261
AVAXUSDT,2024-03-31T22:00:00+00:00,SHORT,0.0027644,0.00061163,0.00112962,0.00215277,0.00162397,-0.0032194229150164237,0.00105689634640043,0.03719163894393071
LTCUSDT,2024-04-01T00:00:00+00:00,SHORT,0.00319307,0.00019541,0.00036542,0.00299766,0.00294406,-0.04011526881818859,-0.03462396456604786,0.016488808113276895
ZECUSDT,2024-04-01T00:00:00+00:00,SHORT,0.00330812,2.582e-05,0.00088419,0.0032822999999999997,0.00326625,0.009878249571662815,0.009216655104924063,0.03908966014215072
SOLUSDT,2024-04-01T03:00:00+00:00,SHORT,0.00244779,0.00037849,0.00130733,0.0020693,0.00173199,0.007298887101445889,0.023475795133192392,0.07474305540170008
AVAXUSDT,2024-04-01T05:00:00+00:00,SHORT,0.00206426,-0.00541602,0.00070705,0.00748028,0.00215277,-0.016477195000243364,-0.010706283533762436,0.004338316817561573
LTCUSDT,2024-04-01T05:00:00+00:00,SHORT,0.0036386,-0.00433377,0.00169979,0.00797237,0.00348381,-0.02492165704797635,0.0038971581095744385,0.06790248808548684
SOLUSDT,2024-04-01T05:00:00+00:00,SHORT,0.00195746,-0.00219775,0.00087605,0.0041552099999999995,0.0020693,-0.017471358010786992,-0.010072501389418832,0.02279825880350056
UNIUSDT,2024-04-01T05:00:00+00:00,SHORT,0.00213163,-0.0015028,0.00016167,0.00363443,0.0035587199999999996,-0.010181083417093083,-0.014112568402396466,0.010203753687271791
AVAXUSDT,2024-04-02T02:00:00+00:00,SHORT,0.00493665,-0.00678499,0.00031812,0.01172164,0.00748028,0.005260598281631977,-0.004655261083942498,0.010360410776790957
SOLUSDT,2024-04-02T02:00:00+00:00,SHORT,0.00244486,-0.00352754,0.00042918,0.0059724,0.0041552099999999995,0.009402454528442114,-0.00018326963866314083,0.027057915937060265
UNIUSDT,2024-04-02T02:00:00+00:00,SHORT,0.00465653,-0.00592011,0.00075317,0.01057664,0.00363443,0.006809696045808881,0.006980534006419201,0.02917967493377302
LTCUSDT,2024-04-02T14:00:00+00:00,SHORT,0.00392595,-0.00359223,0.00121102,0.00751818,0.00592872,0.014995594960356646,0.007094876661918745,0.04636055991009449
AVAXUSDT,2024-04-03T15:00:00+00:00,SHORT,0.00140762,-0.0007778,0.00086404,0.00218542,0.00190098,-0.0018771649541427906,0.010202398124712441,0.004372112068204547
AVAXUSDT,2024-04-03T22:00:00+00:00,SHORT,0.00124368,-0.00222349,0.00062096,0.00346717,0.00218542,0.001980004780945008,-0.006089453323145878,-0.021844224197173048
DOGEUSDT,2024-04-04T01:00:00+00:00,SHORT,0.00279682,-0.000276,0.00036535,0.0030728200000000004,0.00299389,0.010629375816901739,0.013418460358223677,-0.03057224310707738
UNIUSDT,2024-04-04T02:00:00+00:00,SHORT,0.00210141,-0.00067375,0.00098279,0.00277516,0.00235986,0.009464807619207443,-0.00701757265864654,-0.024215133314833073
DOGEUSDT,2024-04-04T09:00:00+00:00,SHORT,0.00148287,-0.00184204,0.00043237,0.0033249100000000004,0.0030728200000000004,0.001212923293481734,-0.010087251806624382,0.020766229876989475
SOLUSDT,2024-04-04T20:00:00+00:00,SHORT,0.00115521,-0.00036945,0.00060839,0.0015246600000000002,0.00146699,0.0029059268417610017,-0.012859674694114354,0.05428563368061926
SOLUSDT,2024-04-05T04:00:00+00:00,SHORT,0.00136668,-0.00054116,0.00075696,0.00190784,0.0015246600000000002,0.008196767204178515,0.023620559223575636,0.015543440559562853
LTCUSDT,2024-04-05T05:00:00+00:00,SHORT,0.00233678,-0.00055615,0.00024878,0.00289293,0.00260322,-0.012094257890944253,-0.018337984116302587,0.0026620267588650572
SOLUSDT,2024-04-05T08:00:00+00:00,SHORT,0.0012594,-0.00279883,6.474e-05,0.0040582299999999995,0.00190784,0.0026741079094959597,0.0013072199725995494,-0.016595726737554134
ZECUSDT,2024-04-05T08:00:00+00:00,SHORT,0.00232875,-0.00091875,0.00087987,0.0032475,0.0032412,0.005507632795118261,0.007350271975039481,-0.002559884374689189
AVAXUSDT,2024-04-05T12:00:00+00:00,SHORT,0.00165724,-0.00034723,0.00045746,0.00200447,0.00194961,-0.006330048788974876,-0.01209209932546822,-0.021644149169010057
DOGEUSDT,2024-04-05T12:00:00+00:00,SHORT,0.00189284,-0.0004996,0.00041352,0.00239244,0.0023282199999999998,-0.010293868366440742,-0.021848738947499776,-0.04200480922234513
SOLUSDT,2024-04-05T12:00:00+00:00,SHORT,0.00147747,-0.0029888,0.00014959,0.00446627,0.0040582299999999995,-0.013007584163350861,-0.009407482975100882,-0.015352973639942095
DOGEUSDT,2024-04-05T14:00:00+00:00,SHORT,0.00215048,-0.0004693,0.00081901,0.0026197800000000004,0.00239244,-0.008250637147456562,-0.009213509981045448,-0.029888252611495147
UNIUSDT,2024-04-06T01:00:00+00:00,SHORT,0.00180986,-0.00052694,0.00032567,0.0023368,0.00233459,-0.0028345467705565524,-0.011833380391053947,-0.01318980326032679
DOGEUSDT,2024-04-06T02:00:00+00:00,SHORT,0.00258742,-0.00043863,0.0010248,0.00302605,0.0026197800000000004,-0.0035980222038067993,-0.02242725939181491,-0.010974879218248558
UNIUSDT,2024-04-06T05:00:00+00:00,SHORT,0.00348355,-5.989e-05,0.00022287,0.00354344,0.0023368,-0.005774625809514773,-9.048545452480916e-05,-0.01169498755858572
AVAXUSDT,2024-04-06T06:00:00+00:00,SHORT,0.00222363,-0.00015991,0.00024049,0.00238354,0.00200447,0.0025854045087142607,0.005709510463860036,-0.01681064572167479
LTCUSDT,2024-04-06T23:00:00+00:00,SHORT,0.00210244,-0.00050058,0.00075159,0.00260302,0.00238035,0.0024617214932942783,-0.0262074593340684,-0.014353612636062172
LTCUSDT,2024-04-07T01:00:00+00:00,SHORT,0.00553169,-0.00015277,0.00066232,0.00568446,0.00260302,-0.007729414883402391,0.006535342818564236,0.006631770184725346
ZECUSDT,2024-04-07T07:00:00+00:00,SHORT,0.00243012,0.0,4.071e-05,0.00243012,0.0024256200000000003,-0.005396667172154479,-0.010050335853501506,0.003614026340556319
DOGEUSDT,2024-04-07T14:00:00+00:00,SHORT,0.00392524,-0.00048157,0.00060505,0.00440681,0.00255843,0.011081684701870362,0.021883367258434615,0.02603401099823848
ZECUSDT,2024-04-07T14:00:00+00:00,SHORT,0.00231271,-0.00043253,0.00118387,0.00274524,0.00243012,0.007150548879934251,0.011825975487105686,0.014714064137179031
AVAXUSDT,2024-04-07T23:00:00+00:00,SHORT,0.00210825,-8.327e-05,0.00012998,0.0021915199999999998,0.0021711300000000003,0.013813868037024106,0.012171528155234191,-0.022303522484694183
UNIUSDT,2024-04-08T02:00:00+00:00,SHORT,0.00194058,-0.00046729,0.0010187,0.00240787,0.00194043,-0.0029814122400019395,-0.003506622336108702,-0.023949083880444914
AVAXUSDT,2024-04-08T07:00:00+00:00,SHORT,0.00149104,-0.00093827,0.00129026,0.0024293099999999996,0.00221039,-0.011947093621198545,-0.019106886343651052,-0.010269073290982972
SOLUSDT,2024-04-08T07:00:00+00:00,SHORT,0.0015156,-0.00052422,0.00064416,0.00203982,0.00156656,-0.018841371988658488,-0.014356961684733006,0.0044417463073776345
UNIUSDT,2024-04-08T09:00:00+00:00,SHORT,0.00210308,-0.00051227,0.00123162,0.00261535,0.00240787,0.0021226923699535776,0.012976108314801268,0.007577406312458556
LTCUSDT,2024-04-08T10:00:00+00:00,SHORT,0.00189336,-0.00128977,0.00096786,0.00318313,0.0023746,0.01039837654613523,0.019743788750082193,0.010782032794846705
ZECUSDT,2024-04-09T05:00:00+00:00,SHORT,0.00285511,0.0,0.00031316,0.00285511,0.00272272,0.015374167249587964,0.010807147191339694,0.028131250250358973
ZECUSDT,2024-04-09T07:00:00+00:00,SHORT,0.00240487,-0.00095168,0.00037999,0.00335655,0.00285511,-0.011946733796547938,-0.007746517611104868,0.009946796041458619
DOGEUSDT,2024-04-09T14:00:00+00:00,SHORT,0.00172972,-0.0007063,0.00111661,0.0024360199999999997,0.00219501,-0.0005784146342411647,0.006596504038054033,0.022285192953837317
SOLUSDT,2024-04-09T14:00:00+00:00,SHORT,0.00157298,-0.00043193,0.00060748,0.00200491,0.00193817,-0.005568163180393059,-0.017781070396111147,0.009675322189302966
ZECUSDT,2024-04-09T14:00:00+00:00,SHORT,0.00305442,-0.00032132,0.00116983,0.00337574,0.0033734999999999998,-0.0028581655755887192,-0.0028581655755887192,0.035692062449469535
SOLUSDT,2024-04-09T16:00:00+00:00,SHORT,0.00393124,3.9e-07,0.00098694,0.00393085,0.00200491,-0.008681716447733629,-0.006026338319745244,0.017318330023313892
ZECUSDT,2024-04-09T17:00:00+00:00,SHORT,0.00260625,-0.00086336,0.00076313,0.00346961,0.00337574,0.0003566969896924098,0.0039306822093039435,0.027111727446142247
UNIUSDT,2024-04-09T19:00:00+00:00,SHORT,0.00210077,0.0,0.0008396,0.00210077,0.00204588,-0.0003548930921819411,0.004446823407384668,0.007839683804981259
AVAXUSDT,2024-04-09T21:00:00+00:00,SHORT,0.00132571,-0.00100163,0.00058697,0.00232734,0.00208551,0.0005944041273808433,0.006707504519623167,-0.002056457894242273
DOGEUSDT,2024-04-09T21:00:00+00:00,SHORT,0.00122156,-0.00526913,0.00118935,0.00649069,0.0024360199999999997,-0.0020537672770936308,0.00031633890705095013,0.003432346604026692
UNIUSDT,2024-04-10T00:00:00+00:00,SHORT,0.00379363,0.0,0.0008934,0.00379363,0.00210077,-0.0003581020629138082,-0.0014316394714378922,0.02456502402526745
LTCUSDT,2024-04-10T02:00:00+00:00,SHORT,0.00220751,-0.00084561,0.00069061,0.0030531200000000003,0.00280395,-0.010742795186209497,-0.01637776732227825,0.003328828622656371
AVAXUSDT,2024-04-10T06:00:00+00:00,SHORT,0.00310274,0.0,0.00067137,0.00310274,0.00232734,-0.0008001011080805219,0.006169598474974782,0.014341421524404874
AVAXUSDT,2024-04-10T12:00:00+00:00,SHORT,0.00184274,-0.00429379,0.00090646,0.006136529999999999,0.00310274,0.0007156876871050503,-0.032337942791546496,-0.01802586110399788
LTCUSDT,2024-04-10T12:00:00+00:00,SHORT,0.00647718,-0.00152439,0.00077959,0.00800157,0.0030531200000000003,-0.0017837473907439277,-0.015940328143518524,-0.015113112710141359
SOLUSDT,2024-04-10T12:00:00+00:00,SHORT,0.00229186,-0.00341313,0.00055402,0.00570499,0.00393085,-0.002400295459867519,-0.03600744757297363,-0.03969343396751132
ZECUSDT,2024-04-10T12:00:00+00:00,SHORT,0.00350853,-0.00033329,0.00071113,0.00384182,0.00346961,0.00410985073166299,-0.013701380790847012,-0.012965545584723955
UNIUSDT,2024-04-10T18:00:00+00:00,SHORT,0.00369165,-0.00372133,0.00088501,0.00741298,0.00379363,0.009096751730672384,0.025242910032713912,0.09150050329491759
SOLUSDT,2024-04-11T15:00:00+00:00,SHORT,0.00186848,-0.00070561,0.00108152,0.0025740900000000002,0.00183817,-0.0034742828981214552,-0.007028089494014678,-0.003663755676330501
LTCUSDT,2024-04-11T18:00:00+00:00,SHORT,0.00351497,-0.00037967,0.00060691,0.00389464,0.00241874,-0.006105025066802883,-0.004277427847778979,-0.008334228543393314
DOGEUSDT,2024-04-12T06:00:00+00:00,SHORT,0.00346663,1.82e-06,0.00027184,0.00346481,0.00286867,0.00960119975089425,-0.000900090069768976,0.16550443302460158
ZECUSDT,2024-04-12T13:00:00+00:00,SHORT,0.00280146,-0.00117552,0.00063484,0.00397698,0.00326862,-0.0007619047987620308,0.050010420574661305,0.15421419810466402
AVAXUSDT,2024-04-12T16:00:00+00:00,SHORT,0.00154452,-0.00039915,0.00046352,0.00194367,0.0016163599999999998,0.05059508572699597,0.11481811080044618,0.12346369779330008
DOGEUSDT,2024-04-12T17:00:00+00:00,SHORT,0.00715325,-0.01296284,0.00021443,0.02011609,0.00346481,0.08836327661421095,0.055040404738086565,0.07295717862321717
LTCUSDT,2024-04-12T17:00:00+00:00,SHORT,0.01277912,-0.02090494,0.00069073,0.03368406,0.00389464,0.07256589895949062,0.043277078891452964,0.04770960685324489
SOLUSDT,2024-04-12T17:00:00+00:00,SHORT,0.00305886,-0.0064684,0.00073173,0.00952726,0.00176531,0.0794538269069081,0.07248042216840463,0.06894963240825151
UNIUSDT,2024-04-12T17:00:00+00:00,SHORT,0.00631954,-0.01798315,0.00031131,0.024302690000000002,0.00295848,0.10211028488421972,0.056598079866248215,0.061779111232121355
AVAXUSDT,2024-04-13T19:00:00+00:00,SHORT,0.00310192,-0.01395522,0.00310192,0.017057140000000002,0.0037871700000000003,0.0944756932502663,-0.01756258863256201,-0.08479922226891254
DOGEUSDT,2024-04-13T19:00:00+00:00,SHORT,0.00319544,-0.01642232,0.00098043,0.01961776,0.00625601,0.09566086314417438,-0.009219082810875592,-0.04829860573025239
LTCUSDT,2024-04-13T19:00:00+00:00,SHORT,0.00157676,-0.00733284,0.00109637,0.0089096,0.0044084400000000004,0.05902915034832519,-0.002849004776074871,-0.03178111900546806
SOLUSDT,2024-04-13T19:00:00+00:00,SHORT,0.00343523,-0.00906047,0.00018009,0.012495699999999998,0.00365817,0.07254093862471304,-0.03495875446267791,-0.0742719596899684
UNIUSDT,2024-04-13T19:00:00+00:00,SHORT,0.0043727,-0.00663019,0.00252636,0.011002890000000001,0.00683344,0.12055068115180134,0.00836221712493315,-0.040655433628941466
UNIUSDT,2024-04-15T06:00:00+00:00,LONG,0.00388586,-0.00182697,-0.00071372,0.00571283,0.00481844,0.002420537521721466,0.007244106153127434,-0.09829933676348113
DOGEUSDT,2024-04-15T17:00:00+00:00,LONG,0.00635695,-0.00254722,-0.001346,0.00890417,0.00462917,0.014129472215783697,0.04679887539693982,0.0031933293127295605
AVAXUSDT,2024-04-15T19:00:00+00:00,LONG,0.00087394,-0.00366767,-0.0003009,0.00454161,0.00243563,-0.014334200947789942,-0.005874107045026566,0.009097501098229316
LTCUSDT,2024-04-16T10:00:00+00:00,LONG,0.0014307,-0.00212877,-0.00030081,0.00355947,0.00340644,0.00724226531214202,-0.006396337529905883,0.019447512768013545
UNIUSDT,2024-04-16T23:00:00+00:00,LONG,0.00456108,-0.00138899,-0.00048626,0.00595007,0.00470339,-0.005865119452398134,-0.010075651988741587,-0.04034638128924205
ZECUSDT,2024-04-17T10:00:00+00:00,LONG,0.00041485,-0.00598847,-0.0001846,0.00640332,0.00598807,-0.014900540045799712,-0.02365545977964337,0.011856909123749705
LTCUSDT,2024-04-17T15:00:00+00:00,LONG,0.00073462,-0.00152223,-0.00025601,0.00225685,0.00218843,-0.002070126240638803,0.02891737063463248,0.03729503763900761
DOGEUSDT,2024-04-17T16:00:00+00:00,LONG,0.00070534,-0.00662502,-0.00042598,0.007330359999999999,0.0042095399999999995,0.02185953580335701,0.005885187724661057,0.017552665081372355
AVAXUSDT,2024-04-17T21:00:00+00:00,LONG,0.00166539,-0.00168432,-0.0005926,0.00334971,0.0023871400000000003,-0.006702162128808286,-0.005110743662559336,-0.0005274879972267312
SOLUSDT,2024-04-17T21:00:00+00:00,LONG,0.00194075,-0.00229516,-0.0003298,0.00423591,0.00404076,-0.00443578127130234,-0.01268446664297655,-0.03155580647378456
LTCUSDT,2024-04-17T22:00:00+00:00,LONG,0.00156148,-0.00093745,-0.00048922,0.00249893,0.0023756100000000002,-0.006590834030449097,-0.0016126034630277069,0.014153211453279323
ZECUSDT,2024-04-18T13:00:00+00:00,LONG,0.00182931,-0.0038744,-0.0002219,0.00570371,0.00462353,0.013385844919953888,-0.00699466596252734,-0.0349917496225023
DOGEUSDT,2024-04-19T03:00:00+00:00,LONG,0.00021125,-0.00343445,-0.00073532,0.0036457,0.00302542,0.01843150759868257,0.04207327065572287,0.04588329957001045
SOLUSDT,2024-04-19T03:00:00+00:00,LONG,0.00079535,-0.00193137,-0.00052015,0.00272672,0.0026787900000000003,0.02083257560970392,0.04868195700496479,0.06858232031624602
SOLUSDT,2024-04-19T06:00:00+00:00,LONG,0.0019015,-0.00169678,-0.00091724,0.0035982799999999997,0.00272672,-0.011950425710251022,-0.0005037209906297995,-0.0010767532790735362
SOLUSDT,2024-04-19T08:00:00+00:00,LONG,0.00105751,-0.00344195,-0.00046723,0.00449946,0.0035982799999999997,-0.005224377880663998,-0.0019724557210023196,-0.007948242701145658
AVAXUSDT,2024-04-19T23:00:00+00:00,LONG,0.00048872,-0.00205929,-0.00017849,0.00254801,0.0023095399999999997,-0.010122923738440504,0.014554045753487885,0.010535629755795329
LTCUSDT,2024-04-19T23:00:00+00:00,LONG,0.0004836,-0.00327393,-8.908e-05,0.00375753,0.00230288,-0.0037183979382994533,0.019601264579383226,0.01935860502953908
AVAXUSDT,2024-04-20T11:00:00+00:00,LONG,0.00019516,-0.00245692,-0.00025573,0.0026520800000000002,0.00254801,0.0029654997495379056,0.04385810278999289,0.08930043366453828
SOLUSDT,2024-04-21T06:00:00+00:00,LONG,0.00080909,-0.00163105,-0.00049752,0.00244014,0.00233818,0.0007086867404603359,9.937888206936229e-05,-0.01589455126272023
DOGEUSDT,2024-04-21T16:00:00+00:00,LONG,0.00099661,-0.00200569,-4.609e-05,0.0030023000000000003,0.00267513,0.0064980798186023815,0.013458811587318376,0.027734035218988526
LTCUSDT,2024-04-21T16:00:00+00:00,LONG,0.0003912,-0.00243365,-0.00030265,0.00282485,0.00220271,0.004425050574054066,0.0115594446879283,0.021110840925881245
SOLUSDT,2024-04-21T16:00:00+00:00,LONG,0.00036326,-0.00218861,-0.00038481,0.0025518700000000004,0.00244014,0.007023627355643839,0.009130515778855102,0.01997026059554794
UNIUSDT,2024-04-22T01:00:00+00:00,LONG,0.00056044,-0.00227289,-0.00084595,0.0028333300000000002,0.00238017,0.003995108091022012,0.034271662239676925,0.03139755841804975
SOLUSDT,2024-04-22T02:00:00+00:00,LONG,0.00039275,-0.00328365,-6.607e-05,0.0036764,0.0025518700000000004,0.019595820971959933,0.04970300004156475,0.03931754486415011
DOGEUSDT,2024-04-22T09:00:00+00:00,LONG,0.00045837,-0.00254671,-0.0004026,0.0030050800000000003,0.0030023000000000003,-0.0004996252914324128,0.00031213909171232585,0.0049204421779068174
LTCUSDT,2024-04-22T18:00:00+00:00,LONG,0.00161971,-0.00111367,-0.00063077,0.0027333799999999997,0.0021605,-0.00035020136936441245,0.0031463056893649226,-0.013512925198657093
SOLUSDT,2024-04-23T12:00:00+00:00,LONG,0.00078976,-0.00118851,-0.00047316,0.00197827,0.00186213,0.008304572727867424,0.021026069552091957,0.012507751447481088
UNIUSDT,2024-04-23T14:00:00+00:00,LONG,0.0007027,-0.00185571,-0.00042731,0.00255841,0.00238483,-0.0084231886597463,-0.012161976664024706,-0.01441197761324435
AVAXUSDT,2024-04-23T20:00:00+00:00,LONG,0.0002716,-0.00138262,-0.00024236,0.00165422,0.00162023,-0.0025732680389651433,0.004119016742960622,0.013638977490402576
LTCUSDT,2024-04-23T20:00:00+00:00,LONG,0.00118244,-0.00209669,-0.0003091,0.00327913,0.0017548199999999998,-0.00011751571786235975,0.0024646453412749377,0.023000200787018244
ZECUSDT,2024-04-23T20:00:00+00:00,LONG,0.00090208,-0.00355662,-0.00116765,0.0044586999999999995,0.00417036,-0.004154555207147248,-0.006655598611736063,-0.003738322110607104
AVAXUSDT,2024-04-24T00:00:00+00:00,LONG,0.00029213,-0.00141399,-0.00018755,0.00170612,0.00165422,0.008931273575996658,0.024516665003379307,0.003844818753169576
SOLUSDT,2024-04-24T02:00:00+00:00,LONG,0.00347471,-0.00124596,-0.00041513,0.00472067,0.00197827,0.005158510482247385,0.01472638078187503,-0.0053078168639388796
DOGEUSDT,2024-04-24T11:00:00+00:00,LONG,0.00109854,-0.0013522,-0.00017613,0.00245074,0.00244545,-0.010098607989534302,-0.06688575767077264,-0.0758343632467867
ZECUSDT,2024-04-24T13:00:00+00:00,LONG,0.00183958,-0.00306965,-0.00031252,0.0049092300000000005,0.0044586999999999995,-0.017729463977569228,-0.02199750289354264,-0.046679422641168325
AVAXUSDT,2024-04-24T14:00:00+00:00,LONG,0.00054728,-0.00226474,-0.00050934,0.00281202,0.0021750100000000002,-0.01914242772156149,-0.02128913850914361,-0.03763483880742367
UNIUSDT,2024-04-24T14:00:00+00:00,LONG,0.00136941,-0.00206409,-0.00052676,0.0034335,0.00255841,-0.013253748666258803,-0.011312628677914159,-0.009891531610383125
LTCUSDT,2024-04-24T15:00:00+00:00,LONG,0.0015354,-0.00339933,-0.00071982,0.00493473,0.00327913,-0.00816331063916087,-0.0038958788429416906,-0.014359707967533183
ZECUSDT,2024-04-24T16:00:00+00:00,SHORT,0.00226226,-0.00315597,0.00011046,0.00541823,0.0049092300000000005,-0.004286333180685265,0.01036278703554666,0.02215074278758886
AVAXUSDT,2024-04-25T21:00:00+00:00,LONG,0.001788,-0.00118396,-0.00073343,0.00297196,0.00277016,-0.015289663777853348,-0.01839280325737737,-0.016473362692908944
ZECUSDT,2024-04-26T01:00:00+00:00,LONG,0.00145266,-0.00416971,-0.00069811,0.00562237,0.00547419,0.004306638869915459,0.007738645670621448,-0.004325266258622584
LTCUSDT,2024-04-26T12:00:00+00:00,SHORT,0.00120207,-0.00150227,6.886e-05,0.00270434,0.00251055,-0.003539422545268233,0.01069405925496609,0.0009154366127341334
SOLUSDT,2024-04-26T13:00:00+00:00,LONG,0.00025062,-0.00152509,-0.00047969,0.00177571,0.0016975799999999997,-0.006967651686755474,-0.0066885695859674075,-0.06726741193169665
LTCUSDT,2024-04-26T15:00:00+00:00,LONG,0.00064203,-0.00221389,-5.625e-05,0.00285592,0.00270434,-0.005303828875120318,0.012002201572766406,0.01006873494826658
SOLUSDT,2024-04-26T16:00:00+00:00,LONG,0.00011799,-0.001769,-0.00057276,0.0018869899999999998,0.00177571,0.008286943550674044,0.004568765645142113,-0.03721939701389245
SOLUSDT,2024-04-26T19:00:00+00:00,LONG,0.0,-0.00268755,-0.00268755,0.00268755,0.0018869899999999998,0.001254155868870821,-0.02436981492369836,-0.046935411465670394
AVAXUSDT,2024-04-27T01:00:00+00:00,LONG,0.00045464,-0.00378402,-0.00054467,0.00423866,0.00225109,0.014006622563519077,0.021919010339493353,0.026129050472027404
DOGEUSDT,2024-04-27T01:00:00+00:00,LONG,0.00091933,-0.00438926,-0.00017793,0.00530859,0.00216357,0.010622254656622707,0.010347774451784114,0.01602785815783873
LTCUSDT,2024-04-27T01:00:00+00:00,LONG,0.00068443,-0.00338118,-0.00078536,0.00406561,0.00285592,0.008282573519576055,0.007709606105745999,-0.0211296018275839
SOLUSDT,2024-04-27T01:00:00+00:00,LONG,0.00069414,-0.00219861,-0.00021844,0.0028927500000000004,0.00268755,0.003012039324511052,0.00929546128449802,0.028611161188693435
UNIUSDT,2024-04-28T17:00:00+00:00,LONG,0.00074934,-0.00393643,-0.00055902,0.0046857700000000006,0.00224578,0.0088623185044587,0.0013781872757146951,-0.03651624914198451
SOLUSDT,2024-04-28T22:00:00+00:00,LONG,0.00026504,-0.00133834,-0.00020691,0.00160338,0.00155987,-0.007958272126515214,-0.01986894897981962,-0.028024561446057653
LTCUSDT,2024-04-29T01:00:00+00:00,LONG,8.683e-05,-0.00136576,-0.00028677,0.00145259,0.00142281,-0.004239290380915282,-0.01277216983809242,-0.02679529170675656
DOGEUSDT,2024-04-29T02:00:00+00:00,SHORT,0.00044591,-0.00153961,6.936e-05,0.00198552,0.0019329400000000002,0.010103192990409645,0.026158503338274162,0.01729269801001557
AVAXUSDT,2024-04-29T03:00:00+00:00,LONG,0.00071761,-0.00156636,-0.00010848,0.0022839699999999998,0.00194364,0.010451600156552093,-0.003729215473403236,0.04762735088875116
AVAXUSDT,2024-04-29T13:00:00+00:00,LONG,0.0014733,-0.00177665,-0.00050585,0.00324995,0.0022839699999999998,0.027281573065481197,0.034329908932177584,0.0255261011554644
SOLUSDT,2024-04-29T14:00:00+00:00,LONG,0.0009023,-0.00099932,-0.00047916,0.00190162,0.00160338,-0.002035333494181775,-0.01625860247417956,0.003672140061177267
AVAXUSDT,2024-04-29T15:00:00+00:00,LONG,0.00026784,-0.0031647,-0.00012195,0.00343254,0.00324995,-0.008623964679818949,-0.009086005174336309,-0.002780287558483233
SOLUSDT,2024-04-29T19:00:00+00:00,LONG,0.00107357,-0.00130595,-0.00015911,0.00237952,0.00190162,-0.00019270536151135844,0.020473173354376876,0.0007186117028079677
LTCUSDT,2024-04-30T01:00:00+00:00,LONG,0.00076525,-0.00116741,-0.00101836,0.00193266,0.00177905,0.0032485139558313084,0.0006023733692173649,-0.05715841383994864
LTCUSDT,2024-04-30T08:00:00+00:00,LONG,0.00027458,-0.00170407,-0.00016515,0.00197865,0.00193266,0.004454901563967802,-0.0219430784025507,-0.02219666024744949
UNIUSDT,2024-04-30T09:00:00+00:00,LONG,0.00063448,-0.00229285,-0.0008414,0.0029273299999999997,0.00255323,-0.003410877172749609,-0.031687189323264336,-0.0465589314405522
DOGEUSDT,2024-04-30T12:00:00+00:00,LONG,0.00089319,-0.00223171,-0.00090588,0.0031249,0.00228003,-0.004627219242053701,-0.006049534861550959,-0.02205833404777529
LTCUSDT,2024-04-30T12:00:00+00:00,LONG,0.00089695,-0.001723,-0.00045366,0.00261995,0.00197865,-0.0064865092296066615,-0.006231342093749129,0.001013684830846201
UNIUSDT,2024-04-30T12:00:00+00:00,LONG,0.00106125,-0.00372448,-0.00056892,0.00478573,0.0029273299999999997,-0.0012644891042078112,-0.0028121503346897987,-0.022290977623816953
SOLUSDT,2024-04-30T16:00:00+00:00,LONG,0.0006717,-0.00197761,-0.00067677,0.0026493099999999998,0.00237952,-0.007340626926576237,-0.005392269785040412,0.003205577103553048
SOLUSDT,2024-04-30T19:00:00+00:00,LONG,0.00058773,-0.00239025,-0.00045318,0.00297798,0.0026493099999999998,0.014823932827783663,0.029478685468344853,-0.020185286574640405
ZECUSDT,2024-05-01T00:00:00+00:00,LONG,0.00184679,-0.00270679,-0.00024812,0.00455358,0.00442352,0.00708051105357282,0.01504494762525642,-0.006654016946400709
DOGEUSDT,2024-05-01T07:00:00+00:00,LONG,0.00116637,-0.00253188,-0.00017266,0.0036982499999999997,0.0031249,-0.0032144032820065303,0.007035526302338944,0.018363726028249306
LTCUSDT,2024-05-01T07:00:00+00:00,LONG,0.0007604,-0.00212395,-6.12e-05,0.00288435,0.00261995,-0.003151263111989851,0.013283174861157982,0.029706433398095276
UNIUSDT,2024-05-01T07:00:00+00:00,LONG,0.00158091,-0.00443963,-0.00041073,0.00602054,0.00478573,-0.004165432979063144,0.007395389422012742,0.022895041725657605
SOLUSDT,2024-05-01T16:00:00+00:00,LONG,0.00184942,-0.00138559,-0.00036196,0.00323501,0.00297798,0.018427135328401626,0.05650479453383838,0.03993854259645457
SOLUSDT,2024-05-01T19:00:00+00:00,LONG,0.00245014,-0.00157118,-0.00026933,0.00402132,0.00323501,0.01554013208451324,0.036791396616580006,0.01246050422425532
DOGEUSDT,2024-05-01T21:00:00+00:00,LONG,0.00254633,-0.00176206,-0.00058064,0.00430839,0.0036982499999999997,0.00473474707628035,-0.02321933443607715,0.003262392205313336
DOGEUSDT,2024-05-02T11:00:00+00:00,LONG,0.00062154,-0.00494618,-0.00087786,0.00556772,0.00430839,-0.0047910658587850255,0.011765728909928734,0.0005309264791557837
UNIUSDT,2024-05-02T13:00:00+00:00,LONG,0.00095424,-0.00145519,-0.00089549,0.00240943,0.0023941500000000003,0.01181116092834462,0.006204193617782105,0.009572145159487193
UNIUSDT,2024-05-02T15:00:00+00:00,LONG,0.00066969,-0.00188573,-0.00035371,0.00255542,0.00240943,-0.01489837816643465,-0.006157310245214177,-0.005455703537138032
ZECUSDT,2024-05-02T15:00:00+00:00,LONG,0.00149051,-0.00316077,-0.00012822,0.00465128,0.0045247199999999994,-0.005305052229693229,0.0022021590049005574,-0.001765225524569081
SOLUSDT,2024-05-02T22:00:00+00:00,LONG,0.00329346,-0.00136688,-0.00028119,0.00466034,0.00348066,-0.008333773755469077,0.0069625605056613735,-0.01059024021444911
UNIUSDT,2024-05-03T00:00:00+00:00,LONG,0.00059628,-0.00208138,-9.448e-05,0.00267766,0.00255542,0.0068883381950881235,0.0014096421843683828,0.014146884860074885
SOLUSDT,2024-05-03T11:00:00+00:00,LONG,0.00145871,-0.00326771,-0.00028527,0.00472642,0.00466034,0.0360486668168676,0.036992774317965084,0.04824611866086099
LTCUSDT,2024-05-03T14:00:00+00:00,LONG,0.00040919,-0.00100964,-0.00060721,0.00141883,0.0013544,0.0031804308154291,-0.0008580009106368183,0.004400985098531954
UNIUSDT,2024-05-03T14:00:00+00:00,LONG,0.00096718,-0.00180392,-0.00062975,0.0027711000000000003,0.00267766,0.016677221993973593,0.014119159340209641,0.027642830668700467
DOGEUSDT,2024-05-04T11:00:00+00:00,LONG,0.00096326,-0.0022173,-0.00113278,0.0031805600000000002,0.0027347400000000003,0.04269148730407575,0.03263257358159864,0.013081124834866325
AVAXUSDT,2024-05-04T13:00:00+00:00,LONG,0.00049995,-0.00144294,-0.00068023,0.00194289,0.00166044,0.0015233983031211903,0.01223223142330596,0.03628349287868204
DOGEUSDT,2024-05-04T13:00:00+00:00,LONG,0.00136806,-0.0028089,-0.00124647,0.00417696,0.0031805600000000002,0.008908339977614024,-0.028964262677262764,-0.04564500580039533
LTCUSDT,2024-05-04T13:00:00+00:00,LONG,0.0,-0.00430728,-0.00047574,0.00430728,0.00141883,0.002308487751384052,-0.004022188370953241,-0.015074738560026842
AVAXUSDT,2024-05-04T17:00:00+00:00,LONG,0.00227164,-0.00131351,-0.00062142,0.00358515,0.00194289,0.01922797173802769,0.016834500197791986,0.012706443827757702
UNIUSDT,2024-05-04T21:00:00+00:00,LONG,0.0,-0.00217028,-0.00052264,0.00217028,0.00214141,-0.0030574965659745323,-0.015651446515428314,-0.012689678060644924
SOLUSDT,2024-05-05T01:00:00+00:00,LONG,0.00155373,-0.0008275,-0.00058316,0.00238123,0.0018308999999999999,-0.0002976757087451062,-0.0003946125060292851,0.01623718790481449
UNIUSDT,2024-05-05T01:00:00+00:00,LONG,0.0008748,-0.00186759,-0.00045076,0.00274239,0.00217028,-0.0017542680431699483,-0.005272063579937134,0.001885776420911264
ZECUSDT,2024-05-05T01:00:00+00:00,LONG,0.00057529,-0.00250838,-0.00042318,0.00308367,0.0030629999999999998,-0.007891316707243315,-0.011418657225211671,0.0060949252674965615
LTCUSDT,2024-05-05T18:00:00+00:00,LONG,0.00087792,-0.00143248,-0.00057278,0.0023104,0.00129092,-0.0008613794909022985,0.00012299366598136758,0.007841255564960225
DOGEUSDT,2024-05-06T00:00:00+00:00,SHORT,0.00198108,-0.0011402,3.94e-06,0.00312128,0.00270628,-0.008222923113013736,-0.004365342478971874,0.0259041416850095
DOGEUSDT,2024-05-06T02:00:00+00:00,LONG,0.00191443,-0.00148308,-0.00048988,0.00339751,0.00312128,0.00030907124338129587,0.010761056956298238,-0.030188366681682833
SOLUSDT,2024-05-06T04:00:00+00:00,LONG,0.00083779,-0.00084638,-0.00030248,0.00168417,0.00164295,0.005680032000818663,0.04325392113186896,0.02517793025613933
LTCUSDT,2024-05-06T07:00:00+00:00,LONG,0.00613126,-0.00133302,-0.00071602,0.00746428,0.0023104,0.0002401248660835482,-0.011837316623689394,-0.027018803106550922
AVAXUSDT,2024-05-06T08:00:00+00:00,LONG,0.00172277,-0.00135248,-2.485e-05,0.00307525,0.00183335,0.0025606910106925687,-0.0463991378687602,-0.047649720084565375
SOLUSDT,2024-05-06T08:00:00+00:00,LONG,0.00108943,-0.00132708,-0.00019175,0.00241651,0.00168417,0.012727052415699176,-0.02188964864050006,0.00038864634967311824
ZECUSDT,2024-05-06T11:00:00+00:00,LONG,0.00026717,-0.00302191,-0.0002514,0.00328908,0.0028087200000000002,-0.013763658136415393,-0.011600559737288855,-0.024212164162605663
SOLUSDT,2024-05-06T12:00:00+00:00,SHORT,0.00116934,-0.00188099,1.94e-06,0.00305033,0.00241651,-0.016660649298372972,-0.0038136577647706,-0.016191627525862368
ZECUSDT,2024-05-06T17:00:00+00:00,LONG,0.00018663,-0.00404512,-0.00057163,0.00423175,0.00328908,0.0004320587667124038,-0.003463206924617591,-0.0091166248957175
DOGEUSDT,2024-05-07T03:00:00+00:00,LONG,0.00068102,-0.00199658,-9.628e-05,0.0026776,0.0025218799999999998,0.006695016638847346,0.007144036820226676,0.009642036517905
DOGEUSDT,2024-05-07T08:00:00+00:00,LONG,0.00127756,-0.00307684,-0.0009039,0.0043544,0.0026776,0.0034071583216143558,-0.00659482415522158,-0.032699235766134066
LTCUSDT,2024-05-07T08:00:00+00:00,LONG,0.0007556,-0.00121144,-0.00066323,0.00196704,0.00190658,0.000491581673903393,0.004048340191363554,0.006493927128041983
SOLUSDT,2024-05-07T17:00:00+00:00,LONG,0.00031389,-0.00445977,-0.00029877,0.00477366,0.0029417,-0.010137924701618757,-0.015404694516040207,-0.0405920361645366
UNIUSDT,2024-05-07T23:00:00+00:00,LONG,0.0010068,-0.00144236,-0.00061975,0.0024491599999999997,0.00234418,-0.00027059937927266883,0.0021621630044953172,-0.005698021114637779
AVAXUSDT,2024-05-08T00:00:00+00:00,LONG,0.00054809,-0.0015543,-0.00038919,0.00210239,0.00209617,-0.004202044739553806,-0.013348362823427197,-0.02751782087170376
LTCUSDT,2024-05-08T06:00:00+00:00,LONG,0.00092471,-0.00167922,-0.00047388,0.00260393,0.00196704,-0.0001251329539267205,0.0021248679952927275,0.02215025905631781
AVAXUSDT,2024-05-08T08:00:00+00:00,LONG,0.00071004,-0.00150275,-6.82e-05,0.00221279,0.00210239,-0.0009249357540059695,-0.008005844065259551,-0.024656499643514847
DOGEUSDT,2024-05-08T10:00:00+00:00,LONG,0.00163015,-0.00106716,-6.356e-05,0.0026973099999999996,0.0026930699999999997,-0.012650261713545856,0.006966802026249715,-0.042360889762841566
UNIUSDT,2024-05-08T10:00:00+00:00,LONG,0.00197774,-0.00141602,-0.00044329,0.00339376,0.00310051,-0.00040807998933988925,0.017525387884136275,-0.003678728857462657
AVAXUSDT,2024-05-08T17:00:00+00:00,LONG,0.00118574,-0.00133593,-0.00046287,0.00252167,0.00221279,-0.001700852277366315,-0.02328295508930788,-0.01001600499538094
AVAXUSDT,2024-05-08T19:00:00+00:00,LONG,0.00134955,-0.00135254,-0.00068097,0.00270209,0.00252167,-0.018105751580295298,-0.011494547522612088,-0.004079616346750166
SOLUSDT,2024-05-08T22:00:00+00:00,LONG,0.00040538,-0.00153888,-0.00024952,0.0019442600000000002,0.0018541,0.004350914242984848,0.018617009663898405,-0.005257576058972515
DOGEUSDT,2024-05-09T14:00:00+00:00,LONG,0.00077854,-0.00153452,-0.00061727,0.00231306,0.00227457,0.0059315353201221,0.011159779684652113,0.017557242527516555
SOLUSDT,2024-05-09T19:00:00+00:00,LONG,0.00099299,-0.00095418,-0.00032419,0.00194717,0.0019442600000000002,-0.004120510658335788,0.011093783393534033,0.022889425608797347
LTCUSDT,2024-05-09T23:00:00+00:00,LONG,0.00246015,-0.00082558,-0.00057879,0.0032857299999999997,0.00155687,0.0030067976228353114,-0.0003614240145360854,0.003967066571910351
AVAXUSDT,2024-05-10T00:00:00+00:00,LONG,0.00012917,-0.00155269,-6.254e-05,0.00168186,0.00161375,0.009719298972427487,0.02071661128588987,0.017663002716245064
AVAXUSDT,2024-05-10T14:00:00+00:00,LONG,0.00064671,-0.00190392,-0.00111639,0.00255063,0.00168186,0.007922614970662866,-0.0012536262046176736,-0.01965462822585646
SOLUSDT,2024-05-10T14:00:00+00:00,LONG,0.00058572,-0.0020413,-0.00063864,0.00262702,0.00194717,-0.004084204042921154,0.00396627162977074,-0.020776835686487905
UNIUSDT,2024-05-10T14:00:00+00:00,LONG,0.00087164,-0.00193035,-0.00069406,0.00280199,0.0025008499999999998,-0.011014843569263015,-0.02327297170917303,-0.02383374559180611
ZECUSDT,2024-05-10T14:00:00+00:00,LONG,0.00125926,-0.00195189,-4.451e-05,0.00321115,0.0030565999999999996,-0.008598505255231793,-0.009030377427783306,-0.022511773172216875
SOLUSDT,2024-05-10T16:00:00+00:00,LONG,0.00059681,-0.00285994,-0.00070928,0.00345675,0.00262702,-0.009218408220429382,-0.012225764835381348,-0.02227693040913008
DOGEUSDT,2024-05-10T18:00:00+00:00,LONG,0.00067576,-0.00174338,-0.0004499,0.00241914,0.00216155,-0.010290731893155939,-0.007986985542852041,-0.0008304498747159723
LTCUSDT,2024-05-11T09:00:00+00:00,LONG,0.00237033,-0.00083874,-0.00057411,0.00320907,0.00247242,-0.0002474941232778932,0.005675524179844142,0.007764875397726602
DOGEUSDT,2024-05-12T07:00:00+00:00,LONG,0.00019705,-0.00280023,-0.00010787,0.0029972799999999997,0.00190952,0.005195186577153516,0.021179753933326807,0.005408111096216236
SOLUSDT,2024-05-12T07:00:00+00:00,LONG,1.692e-05,-0.00144948,-0.00070922,0.0014663999999999999,0.00132222,0.005182954254469876,0.0059625684194612675,0.005272675325523772
UNIUSDT,2024-05-12T08:00:00+00:00,LONG,0.00156239,-0.00180218,-0.00016073,0.00336457,0.0020440199999999997,-0.0037950709685516094,-0.002809779876103329,-0.008594628459790867
AVAXUSDT,2024-05-12T15:00:00+00:00,LONG,1.579e-05,-0.0017219,-0.00022514,0.0017376899999999999,0.0015473400000000001,-0.001753317636125328,-0.006971991415194978,-0.04171312780364428
LTCUSDT,2024-05-12T21:00:00+00:00,LONG,0.00012643,-0.0014886,-0.00021237,0.0016150300000000002,0.0012109,-0.001473477673273211,-0.005043371290350999,0.009525044537939472
AVAXUSDT,2024-05-13T02:00:00+00:00,LONG,0.00011239,-0.00167815,-0.00046191,0.00179054,0.0017376899999999999,-0.000835460712322682,0.013853061984363714,0.019086127352435204
LTCUSDT,2024-05-13T02:00:00+00:00,LONG,0.00024773,-0.00157187,-0.00057931,0.0018196,0.0016150300000000002,0.0016289709760886268,0.011347462618008994,0.02011240978709569
SOLUSDT,2024-05-13T02:00:00+00:00,LONG,0.00038615,-0.00119615,-0.00023272,0.0015823,0.0014663999999999999,-0.0025305911917542965,0.004971212771647961,0.03627661323529612
LTCUSDT,2024-05-13T07:00:00+00:00,LONG,0.00085825,-0.00137077,-0.0003438,0.00222902,0.0018196,0.010758049966550434,0.006371009052784119,-0.003447430156505255
SOLUSDT,2024-05-13T07:00:00+00:00,LONG,0.00116649,-0.00103662,-0.00049698,0.0022031100000000003,0.00161159,0.00727028474651462,0.01435757457964276,0.035827383403495096
DOGEUSDT,2024-05-13T16:00:00+00:00,LONG,0.00171959,-0.00183012,-0.00060613,0.00354971,0.00337658,-0.02811561460863743,-0.029509158083764944,-0.03250187803763683
UNIUSDT,2024-05-13T17:00:00+00:00,LONG,0.0047099,-0.00185709,-0.00017844,0.00656699,0.00292892,-0.0018496128201118288,-0.003702653048164685,-0.0097129745183706
DOGEUSDT,2024-05-13T18:00:00+00:00,LONG,0.00047541,-0.003698,-9.377e-05,0.00417341,0.00354971,0.009471789062393411,-0.009021200266934218,0.0068793058076226455
ZECUSDT,2024-05-14T01:00:00+00:00,LONG,0.00096548,-0.00214889,-1.685e-05,0.00311437,0.0026153,-0.0027100287588652412,0.006294984816220806,0.0045004576410560175
LTCUSDT,2024-05-14T07:00:00+00:00,LONG,0.00136115,-0.00175497,-0.00025943,0.00311612,0.00222902,0.0020994141703012184,-0.009439891239882158,-0.02010431700812866
AVAXUSDT,2024-05-14T08:00:00+00:00,LONG,0.00206545,-0.00122978,-0.00041155,0.0032952299999999997,0.00176143,-0.0070975213034418895,-0.007953842843322251,-0.035436109639265946
SOLUSDT,2024-05-14T12:00:00+00:00,LONG,0.00065137,-0.00160663,-0.00066197,0.002258,0.00199314,-0.014958859143145861,-0.02354642592302879,-0.03366171307014304
LTCUSDT,2024-05-15T12:00:00+00:00,LONG,0.00137215,-0.00116742,-0.00025144,0.0025395699999999997,0.0017403199999999998,0.004006014370938685,0.014693328719852163,0.03245796127905525
SOLUSDT,2024-05-15T12:00:00+00:00,LONG,0.0012354,-0.00194864,-0.00033934,0.00318404,0.0029248,0.013312843632788554,0.027555829757135542,0.08124497353147069
UNIUSDT,2024-05-15T12:00:00+00:00,LONG,0.00316552,-0.00145224,-0.00029312,0.00461776,0.0025479400000000003,0.007771144724886742,0.02604095070887139,0.04357564654665405
ZECUSDT,2024-05-15T12:00:00+00:00,LONG,0.00179462,-0.00201324,-0.00087707,0.0038078599999999997,0.00325927,-0.01199214904526387,-0.0008833922835969799,0.025715080054667494
AVAXUSDT,2024-05-17T07:00:00+00:00,LONG,0.00073858,-0.00123132,-1.498e-05,0.0019699,0.00187258,-0.01551843843492642,-0.019914770079278863,-0.019367589413934204
UNIUSDT,2024-05-17T13:00:00+00:00,LONG,0.00081616,-0.00190657,-0.00010676,0.00272273,0.00254627,0.009416265431515686,0.02020270731751947,0.015689225607805023
DOGEUSDT,2024-05-17T15:00:00+00:00,LONG,0.00076781,-0.00138172,-3.7e-06,0.0021495299999999998,0.00188259,-0.006061797113475864,-0.010015268026475928,0.003914150462290309
UNIUSDT,2024-05-18T11:00:00+00:00,LONG,0.00159717,-0.0011784,-0.00041296,0.0027755699999999998,0.00272273,-0.005210380421193936,0.03510475979836799,0.020192313603637477
AVAXUSDT,2024-05-18T12:00:00+00:00,LONG,4.622e-05,-0.001735,-0.0005655,0.00178122,0.00152185,-0.0016191713382062971,-0.0012411301272126129,0.003338002453339943
DOGEUSDT,2024-05-18T17:00:00+00:00,LONG,0.00082251,-0.00111975,-0.00021337,0.0019422600000000001,0.0019061,-0.0007869368889283024,0.002357101857381334,0.01451234267963444
UNIUSDT,2024-05-19T02:00:00+00:00,LONG,0.00083405,-0.0019692,-0.0008311,0.00280325,0.0027755699999999998,0.005192185412417426,0.0034222734459589724,-0.025982168952118474
AVAXUSDT,2024-05-19T06:00:00+00:00,LONG,0.0,-0.0021063,-0.00056303,0.0021063,0.0020555,0.001275216213400558,-0.005526605684269554,-0.036157508491828326
LTCUSDT,2024-05-19T08:00:00+00:00,LONG,0.00123343,-0.00073769,-0.00010091,0.00197112,0.00117577,-0.0007156488855053275,-0.014169305262244863,-0.017803910668821542
SOLUSDT,2024-05-19T10:00:00+00:00,LONG,-2.942e-05,-0.0014218,-0.00061009,0.00139238,0.00117039,-0.004979687744235501,-0.02784634463811019,-0.006933001271447274
DOGEUSDT,2024-05-19T11:00:00+00:00,LONG,0.00054122,-0.00145848,-0.00059481,0.0019997,0.0019422600000000001,-0.01664218750893843,-0.011640343074963727,-0.020527508580925797
ZECUSDT,2024-05-19T14:00:00+00:00,LONG,0.00055898,-0.00244576,-0.0001275,0.00300474,0.00254218,0.006003448562722414,0.0012894908298719137,0.005148016517401237
UNIUSDT,2024-05-19T17:00:00+00:00,LONG,0.00111323,-0.00176037,-0.00044966,0.0028736,0.00280325,-0.0009087959080534146,-0.008863457400641496,0.013277668476572123
UNIUSDT,2024-05-20T01:00:00+00:00,LONG,0.00270091,-0.00205714,-0.00071406,0.00475805,0.0028736,-0.008692372255873116,-0.006127939513146574,-0.020444299332130125
ZECUSDT,2024-05-20T11:00:00+00:00,LONG,0.00135528,-0.0020122,-0.0003318,0.00336748,0.00300474,-0.0034158871814071834,0.0012779554454919874,0.06397890166419833
DOGEUSDT,2024-05-20T15:00:00+00:00,SHORT,0.00054105,-0.00419421,0.00028156,0.00473526,0.00193749,0.0005911912675883187,-0.034275792119683283,-0.07066383259066998
LTCUSDT,2024-05-20T15:00:00+00:00,LONG,0.00156967,-0.00084842,-0.00041429,0.00241809,0.00140286,0.0035820933825046557,0.03525629547773344,0.04376502796675898
AVAXUSDT,2024-05-20T19:00:00+00:00,LONG,0.00147275,-0.00119507,-0.0004132,0.00266782,0.00188665,-0.005056736869286703,0.03706948931354994,0.05176653986466969
SOLUSDT,2024-05-20T19:00:00+00:00,LONG,0.00215962,-0.00111843,-0.00020855,0.0032780500000000002,0.00209874,-0.0185154041698579,-0.0029041724405904634,-0.03229807218350962
ZECUSDT,2024-05-20T19:00:00+00:00,LONG,0.00173116,-0.00174595,-0.00062754,0.0034771100000000003,0.00336748,0.0008196721770397751,0.025102532661698866,0.014248154736512735
LTCUSDT,2024-05-20T22:00:00+00:00,LONG,0.0032081,-0.0010502,-0.00013632,0.0042583000000000005,0.00252298,0.005881704548036443,-0.004775992703586782,0.006445434198232383
ZECUSDT,2024-05-21T00:00:00+00:00,LONG,0.00172785,-0.00230861,-0.00028801,0.00403646,0.0034771100000000003,-0.00797134551765787,-0.023294225961554435,-0.026957979296508217
AVAXUSDT,2024-05-21T04:00:00+00:00,SHORT,0.00234057,-0.00076674,3.787e-05,0.0031073100000000003,0.00266782,-0.018594533949026115,-0.005552953112168324,-0.016811675775688976
LTCUSDT,2024-05-22T12:00:00+00:00,SHORT,0.00790669,-0.00044574,0.00014675,0.00835243,0.00321574,-0.004884298580913038,-0.011705528567419056,-0.007433251415052642
DOGEUSDT,2024-05-22T17:00:00+00:00,SHORT,0.00217413,-0.00044196,0.00065376,0.0026160899999999997,0.00250561,0.005852733393084582,-0.010473179904031352,-0.0010222183025356275
AVAXUSDT,2024-05-22T18:00:00+00:00,SHORT,0.00146842,-0.00040514,0.00045225,0.00187356,0.0018502500000000001,-0.0066670255474089325,-0.007740616562455279,-0.004741663947441846
AVAXUSDT,2024-05-23T03:00:00+00:00,SHORT,0.00134921,-0.00071111,0.00073247,0.00206032,0.00187356,0.004745737750989665,0.0030446741763264134,0.04456050328550342
AVAXUSDT,2024-05-23T09:00:00+00:00,SHORT,0.00197215,-0.00021707,0.00030078,0.0021892200000000004,0.00206032,0.012097073198613154,0.04923961664802182,0.03552618458985235
AVAXUSDT,2024-05-23T12:00:00+00:00,SHORT,0.00132743,-0.00232505,0.00072338,0.00365248,0.0021892200000000004,0.03264724583222917,0.03584280620254661,0.021904662908818862
DOGEUSDT,2024-05-23T12:00:00+00:00,SHORT,0.00159348,-0.00176958,0.00091469,0.00336306,0.0026160899999999997,0.03310228922017842,0.02751901195788926,0.031091227707798853
SOLUSDT,2024-05-23T12:00:00+00:00,SHORT,0.00081187,-0.0025553,0.00055199,0.00336717,0.00195255,0.008419695580186796,-0.002969744323479091,-0.009095082322467658
UNIUSDT,2024-05-23T12:00:00+00:00,SHORT,0.00212527,-0.00271238,0.00043646,0.00483765,0.00272816,0.02507080488752761,0.039622741536926125,0.04600217605002085
AVAXUSDT,2024-05-23T20:00:00+00:00,SHORT,0.00154741,-0.00246837,5.97e-05,0.00401578,0.00365248,-0.03186936025782505,-0.028898511123066024,0.002186084581611949
DOGEUSDT,2024-05-23T20:00:00+00:00,LONG,0.00132958,-0.00548385,-0.00022844,0.0068134300000000005,0.00361307,0.027302885676794748,0.011111225425070849,0.007526203188597155
LTCUSDT,2024-05-23T20:00:00+00:00,SHORT,0.00131498,-0.00484207,0.00024349,0.006157050000000001,0.00536235,-0.019316829821925285,-0.03191321750761099,-0.023065662703445015
SOLUSDT,2024-05-23T20:00:00+00:00,SHORT,0.00126577,-0.00434321,5.851e-05,0.00560898,0.0037348299999999997,-0.03885398827256133,-0.012456780710103916,0.04058205086716151
UNIUSDT,2024-05-23T20:00:00+00:00,SHORT,0.00155618,-0.00812663,0.00010468,0.00968281,0.00483765,-0.01580193091185956,-0.019496784061227918,-0.008371014847536442
DOGEUSDT,2024-05-24T05:00:00+00:00,SHORT,0.01133854,-0.00535884,0.0018553,0.016697379999999998,0.0068134300000000005,0.06355268398426771,0.052381511002712,0.00956945101615056
UNIUSDT,2024-05-25T00:00:00+00:00,SHORT,0.00712293,-0.00086429,0.00036866,0.00798722,0.00714085,-0.016376437656190575,-0.05535457776990813,-0.061949216067704205
ZECUSDT,2024-05-25T13:00:00+00:00,SHORT,0.00079297,-0.00214182,0.00079297,0.00293479,0.00272024,0.004093028969975036,0.006332671563479738,-0.006661756687066653
AVAXUSDT,2024-05-26T02:00:00+00:00,SHORT,0.00094553,-0.00053344,7.801e-05,0.00147897,0.0014787899999999998,-0.0016651472744917768,0.0029140637342690546,0.012885884219552677
SOLUSDT,2024-05-26T02:00:00+00:00,SHORT,0.00066258,-0.00091383,0.00011054,0.0015764099999999999,0.00130697,-0.003059248173471115,-0.0020064296813804253,0.0029234488500159373
DOGEUSDT,2024-05-26T03:00:00+00:00,SHORT,0.00356986,-0.00091807,0.00067446,0.004487929999999999,0.00380726,0.009010631056876873,0.006808242314558173,0.037972570551299385
UNIUSDT,2024-05-26T11:00:00+00:00,SHORT,0.00379453,-0.00086865,0.00014007,0.00466318,0.00408317,-0.002162537065252099,0.008347874564820024,0.03256470095318215
SOLUSDT,2024-05-26T12:00:00+00:00,SHORT,0.0011413,-0.00056352,0.00047891,0.0017048200000000001,0.0015764099999999999,-0.007512515546638838,0.003697789827662535,-0.012069159144976188
SOLUSDT,2024-05-27T03:00:00+00:00,SHORT,0.00174018,-3.702e-05,0.0003633,0.0017772,0.0017048200000000001,-0.0028552562415307785,-0.0011479115314564148,-0.03381832721755694
LTCUSDT,2024-05-27T10:00:00+00:00,SHORT,0.0010599,3.197e-05,0.00041467,0.0010279299999999998,0.00096785,-0.0018872381161699663,-0.00858172550551866,-0.008698773553875832
LTCUSDT,2024-05-27T12:00:00+00:00,SHORT,0.00116625,0.0,0.00040959,0.00116625,0.0010279299999999998,-0.0030602660418225774,-0.016948567701312367,-0.0028251931681496302
LTCUSDT,2024-05-27T15:00:00+00:00,SHORT,0.00206989,0.0,0.00058094,0.00206989,0.00116625,-0.0020884100872706744,0.01427091712795746,0.02089032664063293
SOLUSDT,2024-05-27T15:00:00+00:00,SHORT,0.00169689,-0.00020261,0.00049364,0.0018995,0.0017772,-0.002702191702171408,0.013805254029450436,0.021394791253741767
AVAXUSDT,2024-05-27T16:00:00+00:00,SHORT,0.0016415,-0.0003036,0.00065084,0.0019451,0.00154685,-2.5858836612391982e-05,0.007709818188607372,0.050326084888182576
SOLUSDT,2024-05-27T19:00:00+00:00,SHORT,0.00122221,-0.00086478,0.00047663,0.00208699,0.0018995,-0.012348998453693695,-0.008754856606101698,0.01529126517072363
UNIUSDT,2024-05-27T19:00:00+00:00,SHORT,0.00223885,-0.00028459,0.00028668,0.00252344,0.0024428,-0.0038577179677127416,0.005407854549291001,0.0185988577355449
UNIUSDT,2024-05-28T00:00:00+00:00,SHORT,0.0035216,-0.00044918,0.00060262,0.00397078,0.00252344,0.011148592920830943,0.02261030345037814,0.010222495429192173
AVAXUSDT,2024-05-28T01:00:00+00:00,SHORT,0.0013839,-0.00059183,0.00038211,0.00197573,0.0019451,-0.0030811754083047605,0.01568501892665694,0.018499406625808113
SOLUSDT,2024-05-28T03:00:00+00:00,SHORT,0.00122863,-0.00088713,0.00051406,0.00211576,0.00208699,0.010087124494620684,0.007707698469957598,-0.00532343742744865
SOLUSDT,2024-05-28T10:00:00+00:00,SHORT,0.00328128,3.329e-05,0.0003452,0.00324799,0.00211576,-0.001861166946727983,0.005254661628047004,0.0030051949276195737
ZECUSDT,2024-05-28T14:00:00+00:00,SHORT,0.00279936,-0.00121951,8.64e-06,0.00401887,0.00385465,0.001883594454060445,0.008314484784350741,-0.0033815549788405496
DOGEUSDT,2024-05-29T03:00:00+00:00,SHORT,0.00350515,2.647e-05,0.00086853,0.00347868,0.0033446099999999996,0.001177163173014863,0.01792439228440754,0.03666398437159147
AVAXUSDT,2024-05-29T08:00:00+00:00,SHORT,0.00150282,-0.00029344,0.00067133,0.00179626,0.00174173,-0.0017070630474816174,-0.0036814507498655236,0.011921953758566927
LTCUSDT,2024-05-29T08:00:00+00:00,SHORT,0.0015551,0.0,0.0006561,0.0015551,0.00138352,-0.0005990535133919941,-0.004305196795520415,-0.0028721896240958074
AVAXUSDT,2024-05-29T12:00:00+00:00,SHORT,0.0017245,-0.00014098,0.00061103,0.0018654799999999999,0.00179626,0.002624353872862184,0.0027598166817551623,0.02572665148261688
SOLUSDT,2024-05-29T16:00:00+00:00,SHORT,0.00175535,-0.00016908,0.00080666,0.00192443,0.00161056,0.007118798948791904,0.015441308502813092,0.009097433866966936
UNIUSDT,2024-05-29T17:00:00+00:00,SHORT,0.00466022,-0.00010114,0.00106657,0.004761359999999999,0.00358705,0.007382202747458181,0.0025492153728576598,0.0034950207966216364
AVAXUSDT,2024-05-29T18:00:00+00:00,SHORT,0.00201071,0.0,0.00102641,0.00201071,0.0018654799999999999,0.005559145120534513,0.00177666061958523,0.017326586581468868
SOLUSDT,2024-05-29T18:00:00+00:00,SHORT,0.00156229,-0.00078316,0.00087513,0.00234545,0.00192443,0.0005366657851040508,-0.0005658409077113183,0.020568436840968644
LTCUSDT,2024-05-29T22:00:00+00:00,SHORT,0.00174543,0.0,0.00057616,0.00174543,0.0015551,0.003342488488543682,0.001311788393940633,0.009218862057486581
ZECUSDT,2024-05-30T01:00:00+00:00,SHORT,0.00230798,-0.00061675,0.00027326,0.00292473,0.0029002,-0.00405530509678776,0.0025892376218807915,0.0062998170184164525
LTCUSDT,2024-05-30T03:00:00+00:00,SHORT,0.00191933,0.00010357,0.00124238,0.0018157599999999998,0.00174543,-0.0009524944165769882,0.018150627501291563,-0.016070297397053446
AVAXUSDT,2024-05-30T07:00:00+00:00,SHORT,0.00141185,-0.00335994,5.67e-05,0.00477179,0.00201071,-0.015840590022686812,-0.02807795210184892,-0.02903411876623653
LTCUSDT,2024-05-30T07:00:00+00:00,SHORT,0.00142483,-0.00046725,0.00018521,0.00189208,0.0018157599999999998,-0.0045988220951628574,-0.008575449616678398,-0.025981706914151317
ZECUSDT,2024-05-30T11:00:00+00:00,SHORT,0.00362566,0.0,0.00021777,0.00362566,0.00292473,-0.00485709903132887,-0.01006157174543484,-0.0007487832622410887
LTCUSDT,2024-05-30T13:00:00+00:00,SHORT,0.002178,-0.00097799,0.00041517,0.00315599,0.0021847900000000003,0.002244935071728832,-0.003299166418894748,0.00556247365950219
DOGEUSDT,2024-05-30T15:00:00+00:00,SHORT,0.00309961,-0.00051786,2.369e-05,0.0036174700000000002,0.00257266,0.009733479557484487,0.018382983624455146,0.02367120324601941
UNIUSDT,2024-05-31T11:00:00+00:00,SHORT,0.00445921,-0.00025452,0.00061946,0.00471373,0.00443573,0.0022769717019217248,0.05324877899297067,0.0979884356207809
SOLUSDT,2024-05-31T13:00:00+00:00,SHORT,0.00118942,-0.00053025,0.00039963,0.00171967,0.00143833,0.00438651000926226,0.007871106228377375,0.0028583236686910173
ZECUSDT,2024-05-31T13:00:00+00:00,SHORT,0.00254031,-0.00016731,0.00018357,0.00270762,0.00256765,0.0007473841902455826,-0.0014930947156067808,-0.004844429075532207
ZECUSDT,2024-05-31T18:00:00+00:00,SHORT,0.00193009,-0.00083479,0.00075185,0.00276488,0.00270762,-0.005945762592380577,-0.002233805843240554,0.01124449628788438
ZECUSDT,2024-06-02T01:00:00+00:00,SHORT,0.00262295,0.0,0.00062169,0.00262295,0.00241092,-0.0011015238859331466,0.015177044975452046,0.01853964855487501
SOLUSDT,2024-06-02T02:00:00+00:00,SHORT,0.00165974,0.00021645,0.00056643,0.00144329,0.00121281,-0.0018177992786623793,-0.0026713852932086363,0.0013926697193014966
ZECUSDT,2024-06-02T05:00:00+00:00,SHORT,0.00290696,-0.00477179,0.00121302,0.00767875,0.00262295,0.004862549322888046,0.010879867215876837,0.011634584232832708
DOGEUSDT,2024-06-02T06:00:00+00:00,SHORT,0.00168122,-1.107e-05,0.00072276,0.00169229,0.0016408299999999998,0.008963610333714584,0.014393259382330891,0.02681498804162128
DOGEUSDT,2024-06-02T08:00:00+00:00,SHORT,0.00158305,-0.00011461,0.00113106,0.00169766,0.00169229,0.006434947446370515,0.0013844316603020678,0.015015963075136604
LTCUSDT,2024-06-02T09:00:00+00:00,SHORT,0.00112923,-6.003e-05,0.00042454,0.00118926,0.00113236,-0.001091239877914816,-0.0065296483510575735,-0.008456199217860488
UNIUSDT,2024-06-02T10:00:00+00:00,SHORT,0.00177343,-0.0009879,0.00067245,0.00276133,0.00257648,-0.00789626212222554,-0.003904649432788377,0.028615152077386033
AVAXUSDT,2024-06-02T16:00:00+00:00,SHORT,0.00148836,-0.0001163,0.00074828,0.00160466,0.00158264,0.013227631322435431,0.012886266428499582,0.012971596727918469
SOLUSDT,2024-06-02T16:00:00+00:00,SHORT,0.00122656,-0.00078937,0.00083454,0.00201593,0.00144329,0.013125435103050975,0.007376775055073305,0.003947036931982009
DOGEUSDT,2024-06-02T17:00:00+00:00,SHORT,0.00136579,-0.0003738,0.000295,0.00173959,0.00169766,0.0008329329329867885,-0.0048556190468420765,-0.02747859464091995
AVAXUSDT,2024-06-02T18:00:00+00:00,SHORT,0.0014,-0.00022184,0.00083205,0.00162184,0.00160466,0.0006549068415571865,0.003021839348357635,-0.025656482801362613
UNIUSDT,2024-06-02T18:00:00+00:00,SHORT,0.00154527,-0.00215834,0.00086385,0.00370361,0.00276133,0.0011628522902414381,0.002750742318478766,-0.028742997127532435
AVAXUSDT,2024-06-03T00:00:00+00:00,SHORT,0.00163464,-4.994e-05,0.00092373,0.00168458,0.00162184,-0.011130251888503565,-0.008885645811916532,-0.038480900722711944
DOGEUSDT,2024-06-03T01:00:00+00:00,SHORT,0.0017831,0.0,0.00060151,0.0017831,0.00173959,-0.004503103487873222,-0.0059996430201584745,-0.017399308009847354
LTCUSDT,2024-06-03T01:00:00+00:00,SHORT,0.00144737,0.0,0.00065334,0.00144737,0.00118926,0.0011950288229061637,-0.0013128843563915357,-0.0001194243746565942
LTCUSDT,2024-06-03T13:00:00+00:00,SHORT,0.00137699,-0.00046317,0.00053495,0.00184016,0.00144737,0.008995562908577873,0.004907544710868397,0.007791468843773322
DOGEUSDT,2024-06-04T04:00:00+00:00,SHORT,0.002267,-0.0001585,0.00058535,0.0024254999999999997,0.0017787,0.0015174509740335006,0.0043688928832435955,-0.018404275338231347
LTCUSDT,2024-06-04T07:00:00+00:00,SHORT,0.00162434,-0.00043651,0.00062476,0.00206085,0.00184016,0.004639246508961144,0.0028053930700256123,-0.014870611935732931
AVAXUSDT,2024-06-04T09:00:00+00:00,SHORT,0.00104228,-0.00070649,0.0004811,0.0017487700000000002,0.0016702899999999998,-0.008718350695332833,-0.0112933857367063,-0.03715896343003038
ZECUSDT,2024-06-04T12:00:00+00:00,SHORT,0.00364197,0.0,0.00018932,0.00364197,0.00257046,-0.01022021474606268,-0.024586604331265187,-0.08116659339850693
UNIUSDT,2024-06-04T14:00:00+00:00,SHORT,0.0048102,-0.00219063,0.00033912,0.0070008299999999996,0.0021990399999999998,-0.038266220809123466,-0.1503426784323866,-0.12832934771319499
SOLUSDT,2024-06-04T15:00:00+00:00,SHORT,0.0014078,-3.869e-05,0.00096732,0.0014464900000000001,0.00116643,-0.008478518385172927,-0.008891422225736008,-0.02961108069392355
UNIUSDT,2024-06-04T18:00:00+00:00,SHORT,0.00700749,-0.00149001,0.00062942,0.0084975,0.0070008299999999996,0.008298085475421229,0.045434348180827706,0.026340263445837227
ZECUSDT,2024-06-04T19:00:00+00:00,SHORT,0.00407295,-0.00018701,0.00033239,0.004259959999999999,0.00364197,-0.04621524598759047,-0.027187567274320885,-0.007790801787768223
LTCUSDT,2024-06-05T08:00:00+00:00,SHORT,0.00132275,0.00010725,0.00057708,0.0012155,0.0012094,-0.00415554174728696,0.0017862463814639926,-0.0104155279372934
LTCUSDT,2024-06-05T12:00:00+00:00,SHORT,0.00155371,2.496e-05,0.00051879,0.00152875,0.00146214,-0.0009531753372685097,-0.010671194457708463,-0.014438120630666525
LTCUSDT,2024-06-06T07:00:00+00:00,SHORT,0.00121356,-0.00035007,0.00076041,0.00156363,0.00152875,-0.0019963602426233554,-0.004105818425527591,0.0007055503585253541
ZECUSDT,2024-06-06T10:00:00+00:00,SHORT,0.00294184,0.0,0.0006682,0.00294184,0.00283103,0.0015134319952674867,-0.0011335727644991723,-0.012399181958718046
DOGEUSDT,2024-06-06T12:00:00+00:00,SHORT,0.0022369,-0.00042072,0.00090773,0.00265762,0.0018263300000000001,0.0037394679591349097,0.008356423434938332,0.01765477954337326
LTCUSDT,2024-06-06T13:00:00+00:00,SHORT,0.00148546,-0.00035446,0.00064548,0.00183992,0.00156363,-0.0038639471995469458,-0.004681656491065779,0.010851722437364163
SOLUSDT,2024-06-06T17:00:00+00:00,SHORT,0.00121416,0.0,0.00085105,0.00121416,0.00112617,0.00442839553670762,0.009838941708331949,-0.0008310499311633884
AVAXUSDT,2024-06-06T20:00:00+00:00,SHORT,0.00145105,-0.00014197,0.00047292,0.00159302,0.00145067,0.0038438718290936744,0.00761913725019505,0.005535426937595549
LTCUSDT,2024-06-06T20:00:00+00:00,SHORT,0.00150525,-0.00049317,0.00070582,0.00199842,0.00183992,0.006129926067335231,0.011227441699091173,0.013845555773424263
SOLUSDT,2024-06-06T20:00:00+00:00,SHORT,0.00114965,-0.00039647,0.00033359,0.0015461200000000002,0.00121416,0.0013143382087824633,0.000885814992996899,-0.009866725706293574
ZECUSDT,2024-06-07T06:00:00+00:00,SHORT,0.00375881,-0.00060777,0.00046659,0.00436658,0.00302817,-0.004099130017746835,-0.0033550823643733736,0.0877584819926285
AVAXUSDT,2024-06-07T12:00:00+00:00,SHORT,0.00221412,-0.0019568,0.0003624,0.00417092,0.00159302,-0.012257615133438947,0.007020688446381925,0.07954047873413253
DOGEUSDT,2024-06-07T12:00:00+00:00,SHORT,0.00185575,-0.00235632,0.00074677,0.00421207,0.00265762,-0.0014351233237154645,0.006515089135401878,0.07883103700606967
LTCUSDT,2024-06-07T12:00:00+00:00,SHORT,0.00196585,-0.00056977,0.00046951,0.0025356199999999997,0.00199842,-0.0019040824507960406,0.005374751666740094,0.044576303326957195
SOLUSDT,2024-06-07T12:00:00+00:00,SHORT,0.00138262,-0.00153316,0.00081639,0.0029157799999999998,0.0015461200000000002,-0.001499394980520385,0.01461519914651353,0.0544406368740109
UNIUSDT,2024-06-07T12:00:00+00:00,SHORT,0.00192435,-0.00118693,0.00063497,0.00311128,0.00205245,-0.004487952149759494,0.009423146650360563,0.059644147523164416
ZECUSDT,2024-06-07T12:00:00+00:00,SHORT,0.00221505,-0.00329275,0.0001323,0.0055078,0.00436658,-0.0059858016360142844,-0.0033714210619434906,0.06271404516817065
UNIUSDT,2024-06-07T16:00:00+00:00,SHORT,0.00172205,-0.00282346,0.00137321,0.00454551,0.00311128,0.019609427913816858,0.05388475420775761,0.04222783846950876
AVAXUSDT,2024-06-07T18:00:00+00:00,SHORT,0.01147299,-0.02658463,3.514e-05,0.03805762,0.00417092,-0.004858017770846423,-0.011269156308301739,-0.006531858429466803
DOGEUSDT,2024-06-07T18:00:00+00:00,SHORT,0.02221334,-0.02269675,0.00120543,0.04491009,0.00421207,-0.007855925544033237,-0.010483339727732523,-0.0046803544824714285
LTCUSDT,2024-06-07T18:00:00+00:00,SHORT,0.00576902,-0.0159905,0.00041085,0.02175952,0.0025356199999999997,-0.004667305855126829,-0.015556705654395294,-0.013188660676672528
SOLUSDT,2024-06-07T18:00:00+00:00,SHORT,0.007318,-0.017117,0.00036974,0.024435,0.0029157799999999998,-0.0054960496331916,-0.01225033824730534,-0.009155672230075068
UNIUSDT,2024-06-07T18:00:00+00:00,SHORT,0.01386645,-0.01624184,3.775e-05,0.030108290000000003,0.00454551,-0.002249259715278879,-0.0037799503554919274,-0.01704932712543764
SOLUSDT,2024-06-09T03:00:00+00:00,SHORT,0.00196263,-0.00071432,0.00028303,0.00267695,0.0015979100000000001,-0.0015132187905382182,-0.0075936068872150524,-0.023600635789118724
AVAXUSDT,2024-06-10T02:00:00+00:00,LONG,0.00104012,-0.0008242,-7.04e-05,0.00186432,0.0016133500000000002,-0.00869360703601151,-0.025663118242818937,-0.018963234553817175
LTCUSDT,2024-06-10T05:00:00+00:00,SHORT,0.00091367,-0.000376,0.00020674,0.00128967,0.0010457399999999999,0.005273744015980606,0.0036384206752498437,-0.0022516897179335467
AVAXUSDT,2024-06-10T07:00:00+00:00,SHORT,0.00075269,-0.00169997,7.123e-05,0.00245266,0.00186432,-0.015785891751798294,-0.019341887038146533,-0.017105537787191052
ZECUSDT,2024-06-10T10:00:00+00:00,SHORT,0.00174485,-0.00151648,3.97e-05,0.00326133,0.00294988,0.001692047781024449,-0.01301718989605226,0.002115507452819195
UNIUSDT,2024-06-10T15:00:00+00:00,SHORT,0.00758299,-0.00254236,4.095e-05,0.01012535,0.00234355,0.016265133988871076,0.034448327732747835,0.0814585235880482
SOLUSDT,2024-06-10T19:00:00+00:00,SHORT,0.00056587,-0.00067199,0.00013063,0.00123786,0.00123438,0.0036212921370060856,0.008499503522620615,0.045212677808578655
DOGEUSDT,2024-06-11T01:00:00+00:00,SHORT,0.00080078,-0.0027631,0.00038412,0.00356388,0.00219899,-0.0013379812566087547,0.004166231355501745,0.02482827114680265
LTCUSDT,2024-06-11T01:00:00+00:00,SHORT,0.00144056,-0.00406391,0.00023625,0.005504469999999999,0.0013726300000000001,-0.003204514695067387,0.0025710259695278298,0.00838011737154354
SOLUSDT,2024-06-11T01:00:00+00:00,SHORT,0.0008091,-0.00173275,0.00047401,0.00254185,0.00123786,-0.0017565099160094665,0.013606790521945024,0.03380830754362893
ZECUSDT,2024-06-11T01:00:00+00:00,SHORT,0.00190326,-0.00374665,0.00012249,0.005649909999999999,0.00350353,0.0008587377084177582,0.005163522660049269,0.03404955730016533
LTCUSDT,2024-06-11T07:00:00+00:00,LONG,0.01299992,-0.00104488,-0.00064253,0.0140448,0.005504469999999999,-0.0008907552920841787,0.003555107858114384,-0.016544141372770244
AVAXUSDT,2024-06-11T15:00:00+00:00,SHORT,0.00079351,-0.00184992,0.00012024,0.00264343,0.0025708,-0.00012850992756875058,-0.014671437496387366,-0.020763531904943427
SOLUSDT,2024-06-11T15:00:00+00:00,LONG,0.00091712,-0.00212437,-0.0001648,0.00304149,0.00254185,0.0005148005261699244,0.010581253485751663,0.013526724279505764
AVAXUSDT,2024-06-11T17:00:00+00:00,LONG,0.00072237,-0.00210426,-0.00016334,0.00282663,0.00264343,0.011911382866443446,0.015438275075846405,0.022990250299570806
SOLUSDT,2024-06-12T12:00:00+00:00,LONG,0.00291982,-0.00115039,-0.00032227,0.00407021,0.00304149,0.0027607562758737774,-0.0002330319673717974,-0.026759989490988057
DOGEUSDT,2024-06-12T14:00:00+00:00,SHORT,0.00184221,-0.00413246,5.98e-06,0.00597467,0.00384885,-0.009342407567871084,0.006231815873390491,0.032252006322464236
AVAXUSDT,2024-06-12T18:00:00+00:00,SHORT,0.00126728,-0.00286261,8.162e-05,0.00412989,0.00335666,0.01749987793586342,-0.002282351812101107,0.030712469474119274
UNIUSDT,2024-06-12T18:00:00+00:00,SHORT,0.00138835,-0.00350315,3.559e-05,0.0048915,0.00452674,0.0222197851083972,-0.003969440559840583,0.02456087223798676
ZECUSDT,2024-06-12T18:00:00+00:00,SHORT,0.00329691,-0.00441353,0.00023743,0.00771044,0.00538174,0.005934735519814578,0.00042274361229879424,0.030903746849016003
SOLUSDT,2024-06-14T05:00:00+00:00,LONG,0.00307171,-0.00071049,-0.00054847,0.0037822000000000003,0.0024947800000000003,-0.005303441441536196,-0.006034361418039549,-0.0485418756932836
AVAXUSDT,2024-06-14T08:00:00+00:00,LONG,0.00513749,-0.00106391,-4.344e-05,0.006201399999999999,0.00224243,-0.0006894822888160291,-0.011722946467145593,-0.07745616666683028
DOGEUSDT,2024-06-14T15:00:00+00:00,LONG,0.00075903,-0.00114656,-0.0003619,0.00190559,0.00186497,-0.035788526910012705,-0.043402208534912355,-0.026978549513155495
SOLUSDT,2024-06-14T16:00:00+00:00,LONG,0.00077822,-0.00342899,-8.502e-05,0.004207209999999999,0.0037822000000000003,-0.00021190481315126045,0.0006566197031190386,0.021837948951976344
UNIUSDT,2024-06-14T16:00:00+00:00,SHORT,0.00187289,-0.00393614,7.738e-05,0.005809030000000001,0.0049232899999999994,-0.0015460434039037151,0.0013547515135710292,-0.0035716047427099664
UNIUSDT,2024-06-15T21:00:00+00:00,LONG,0.0031765,-0.00292,-0.00062984,0.0060964999999999995,0.00409307,0.0005259467161912967,0.012546997396599107,0.011160635507450433
AVAXUSDT,2024-06-16T00:00:00+00:00,LONG,0.00065264,-0.00113904,-0.0005007,0.00179168,0.0013426199999999999,0.0020984968479046324,-0.0010342125060675384,0.001466080497171211
UNIUSDT,2024-06-16T01:00:00+00:00,LONG,0.00492358,-0.00136122,-0.00066243,0.0062848,0.0060964999999999995,-0.009570283589413945,-0.009395458414143451,-0.01079491635268188
SOLUSDT,2024-06-16T09:00:00+00:00,LONG,0.00034573,-0.00074784,-9.301e-05,0.00109357,0.00102709,0.004930177439626912,0.007513110915674503,0.03061161382033784
SOLUSDT,2024-06-16T15:00:00+00:00,LONG,0.00024128,-0.00098537,-0.00052097,0.00122665,0.00109357,-0.0013753583829925259,0.0019451919858509126,-0.007615142573087076
AVAXUSDT,2024-06-16T18:00:00+00:00,LONG,0.00011972,-0.0018114,-0.00011243,0.00193112,0.00179168,0.004365792607879863,0.010512668379763283,-0.01628700497469905
DOGEUSDT,2024-06-16T22:00:00+00:00,LONG,0.00059703,-0.00139318,-0.00097721,0.00199021,0.00171031,0.001314252525619882,-0.009100980248551377,-0.02373230814025079
LTCUSDT,2024-06-16T23:00:00+00:00,LONG,0.00056607,-0.00091646,-0.00028968,0.0014825300000000001,0.00108426,0.0006330316094158198,-0.009288189428236766,-0.022930614655714346
LTCUSDT,2024-06-17T01:00:00+00:00,LONG,0.0,-0.00148649,-0.0004143,0.00148649,0.0014825300000000001,0.00012721837050441042,-0.007534675834938953,-0.022386114298462875
AVAXUSDT,2024-06-17T02:00:00+00:00,LONG,0.00064895,-0.00164738,-0.00043496,0.00229633,0.00193112,-0.005224778637088221,-0.010887423821233243,-0.04085442375930587
DOGEUSDT,2024-06-17T02:00:00+00:00,LONG,0.00038812,-0.00164108,-0.00024141,0.0020292,0.00199021,-0.005841699608763626,-0.015155181972902826,-0.017703526928669482
ZECUSDT,2024-06-17T04:00:00+00:00,LONG,0.00561738,-0.00177858,-0.00015632,0.00739596,0.003967,-0.004428705201292813,-0.02687129883119416,-0.019184170767212263
DOGEUSDT,2024-06-17T08:00:00+00:00,LONG,0.00045759,-0.00158659,-0.00055563,0.00204418,0.0020292,0.0037557318991207123,0.009735716829702562,-0.022296704217540105
SOLUSDT,2024-06-17T09:00:00+00:00,LONG,0.00029092,-0.00164272,-0.00024955,0.0019336400000000001,0.0015401999999999998,-0.007921122689569663,-0.013740120472296806,-0.008549706510963808
AVAXUSDT,2024-06-17T16:00:00+00:00,LONG,0.0006264,-0.0032689,-0.00023101,0.0038953,0.00229633,0.01623646705996581,0.015362692473153217,-0.06105302376167202
LTCUSDT,2024-06-18T00:00:00+00:00,LONG,0.00024318,-0.00134697,-0.00062607,0.00159015,0.00148649,-0.047551262503638426,-0.03796739944321103,-0.05861791300440234
DOGEUSDT,2024-06-18T01:00:00+00:00,LONG,0.00252937,-0.01073561,-0.00111222,0.01326498,0.0034170299999999997,0.024889951800668372,0.02447878449089982,0.003869778531577781
SOLUSDT,2024-06-18T01:00:00+00:00,LONG,0.00144284,-0.00665778,-0.00059896,0.00810062,0.00345027,0.015673621609662746,0.028711173426400893,0.01262404507095097
UNIUSDT,2024-06-18T01:00:00+00:00,LONG,0.00237748,-0.00472566,-0.00029583,0.007103139999999999,0.0032155300000000003,-0.005210954771770333,-0.013686436845826704,-0.058552806490268165
DOGEUSDT,2024-06-19T11:00:00+00:00,LONG,0.00024833,-0.00261854,-0.00053588,0.00286687,0.00284629,0.003870036274184443,-0.01374620042705985,-0.01112882612079513
AVAXUSDT,2024-06-19T14:00:00+00:00,LONG,0.00024227,-0.0024101,-0.00062854,0.0026523700000000002,0.00224383,0.001180115198177827,0.005336290149406544,-0.006367090437205004
SOLUSDT,2024-06-20T03:00:00+00:00,LONG,0.00036452,-0.00344146,-0.00041772,0.00380598,0.0015276299999999999,0.00946072352945581,0.030855973258674244,0.001668107235809956
LTCUSDT,2024-06-20T10:00:00+00:00,LONG,0.00497997,-0.0011896,-0.00065909,0.00616957,0.00127347,0.004408530284765956,-0.007391016646389067,-0.00040174088253749885
UNIUSDT,2024-06-20T16:00:00+00:00,LONG,0.00131348,-0.00181388,-3.6e-05,0.00312736,0.00278034,-0.002988645380553942,0.005357155669242365,-0.0020911135327182895
AVAXUSDT,2024-06-21T02:00:00+00:00,LONG,0.0011602,-0.00157055,-0.00058693,0.0027307499999999997,0.0025801,0.0012259764273086832,3.607959158275458e-05,-0.0009385265822643885
DOGEUSDT,2024-06-21T08:00:00+00:00,LONG,0.0008425,-0.00170142,-2.509e-05,0.00254392,0.00231474,0.017438294198880145,0.00936527061660375,0.01792060932077033
SOLUSDT,2024-06-21T08:00:00+00:00,LONG,4.226e-05,-0.00280559,-0.00032685,0.0028478500000000003,0.00225642,0.016644695937397154,0.008227412542466096,0.024504406653530774
AVAXUSDT,2024-06-22T03:00:00+00:00,LONG,0.00079394,-0.00173952,-0.00033541,0.00253346,0.00223244,-0.005631459652637253,-0.04022140339411137,-0.009492837340572085
DOGEUSDT,2024-06-23T09:00:00+00:00,LONG,0.0005942,-0.00142937,-0.00076734,0.0020235699999999997,0.00193137,-0.00633040296649187,-0.0079394137721925,0.0062905809222120425
SOLUSDT,2024-06-23T14:00:00+00:00,LONG,0.00011031,-0.00101022,-0.00053043,0.00112053,0.00103102,-0.004974870532015781,-0.0038731095026845923,-0.04270993523231126
SOLUSDT,2024-06-23T16:00:00+00:00,LONG,0.00017237,-0.00095195,-0.00051736,0.00112432,0.00112053,0.003469094943911589,-0.0008959716338994756,-0.03578182530648382
UNIUSDT,2024-06-23T19:00:00+00:00,LONG,0.0003631,-0.00149295,-0.00042491,0.0018560500000000001,0.0017562200000000002,-0.008457561489310017,-0.020972350658590898,-0.07980044038470091
DOGEUSDT,2024-06-23T20:00:00+00:00,LONG,0.0010345,-0.00216555,-0.00032761,0.0032000500000000003,0.0020235699999999997,0.018829930174947263,-0.004539934834590431,-0.04111525113706304
SOLUSDT,2024-06-23T20:00:00+00:00,LONG,0.00022558,-0.0014433,-0.00025055,0.00166888,0.00112432,-4.59671488190591e-05,-0.012154994824077964,-0.03640084245529278
SOLUSDT,2024-06-24T01:00:00+00:00,LONG,0.00023255,-0.00156755,-0.00023732,0.0018001,0.00166888,-0.007675890210909737,-0.029658305781641244,0.010435799002111215
LTCUSDT,2024-06-24T04:00:00+00:00,LONG,8.265e-05,-0.00198798,-0.0002995,0.00207063,0.00197888,-0.01528459959767933,-0.0057218773094962335,-0.040033734910200056
SOLUSDT,2024-06-24T05:00:00+00:00,LONG,0.00061141,-0.0013804,-0.00011953,0.00199181,0.0018001,0.007990267748404915,0.017242841139012484,0.03346779203844813
AVAXUSDT,2024-06-24T08:00:00+00:00,LONG,0.00271602,-0.00134973,-0.00016814,0.00406575,0.00372073,-0.007883335556441187,0.0055298936050506824,-0.021065465950690608
LTCUSDT,2024-06-24T09:00:00+00:00,LONG,0.000779,-0.00216416,-0.00029461,0.0029431600000000002,0.00230859,-0.003844241937913266,-0.009710200528030196,-0.014745095721580236
SOLUSDT,2024-06-24T09:00:00+00:00,LONG,0.00097872,-0.00451672,-0.00055962,0.00549544,0.00216475,0.005624236155571146,0.022875750992153453,0.03773621477200705
DOGEUSDT,2024-06-25T03:00:00+00:00,LONG,0.00431237,-0.00169741,-0.00023659,0.00600978,0.00446323,0.00040520280954768254,-0.011740860511199772,0.029156584291455487
ZECUSDT,2024-06-26T00:00:00+00:00,LONG,0.00163638,-0.0027233,-5.419e-05,0.00435968,0.00288393,0.015312722023327629,-0.004990030314534405,-0.020111286175808755
AVAXUSDT,2024-06-26T06:00:00+00:00,LONG,0.00151455,-0.00164673,-0.00043979,0.00316128,0.0020029699999999998,0.009306703462376472,0.011073284819690759,0.008922250726104626
DOGEUSDT,2024-06-26T14:00:00+00:00,LONG,0.00060811,-0.00152923,-0.0003241,0.0021373399999999997,0.00201327,-0.0031455443930278144,-0.012968247879161133,-0.013621095951965074
UNIUSDT,2024-06-26T17:00:00+00:00,LONG,0.00044275,-0.00180294,-0.00010166,0.00224569,0.00205734,-0.0034583412832226166,0.020713958632399873,0.002693531769090893
AVAXUSDT,2024-06-27T09:00:00+00:00,LONG,0.00197618,-0.00135535,-0.00018192,0.00333153,0.00226393,-0.002325931420747406,0.028153181969123642,0.04523835311611966
ZECUSDT,2024-06-27T11:00:00+00:00,LONG,0.00134792,-0.00138674,-1.685e-05,0.00273466,0.00270487,0.006396085765826356,0.019550964870955007,0.030143264193900423
SOLUSDT,2024-06-27T12:00:00+00:00,LONG,0.00054885,-0.00116133,-0.00018331,0.00171018,0.0013478700000000001,0.05841828296351508,0.05730926804720619,0.055690876266700835
DOGEUSDT,2024-06-27T13:00:00+00:00,LONG,0.00085185,-0.00136707,-0.00094005,0.00221892,0.0021373399999999997,-0.004437817425679653,0.003776773343033907,0.02512255504556584
LTCUSDT,2024-06-27T13:00:00+00:00,LONG,0.00076196,-0.00107445,-0.00076564,0.0018364100000000001,0.00183295,-0.0015200721506346924,0.002895555280581596,0.01670585202738193
UNIUSDT,2024-06-27T13:00:00+00:00,LONG,0.0009917,-0.00134053,-0.00027144,0.0023322300000000002,0.00225903,-0.005350130779073144,-0.01072903949222409,0.005321659139164255
ZECUSDT,2024-06-27T13:00:00+00:00,LONG,0.00086281,-0.00218608,-0.00048153,0.00304889,0.00273466,-0.005836592444451426,0.0072481592992070815,0.011092469655996562
DOGEUSDT,2024-06-27T17:00:00+00:00,LONG,0.00072785,-0.0014946,-0.00067898,0.00222245,0.00221892,0.0004009140894817841,0.008385625946420169,0.005119601614936009
UNIUSDT,2024-06-27T19:00:00+00:00,LONG,0.0,-0.00253535,-0.00064925,0.00253535,0.0023322300000000002,0.003911416795017008,0.006335149474232849,0.007597377473940407
DOGEUSDT,2024-06-27T23:00:00+00:00,LONG,0.00118743,-0.00125958,-0.00028713,0.00244701,0.00222245,-0.010203766601085589,-0.0037845980677059772,0.0019654866974491633
UNIUSDT,2024-06-28T01:00:00+00:00,LONG,0.00161499,-0.00151141,-0.00042764,0.0031263999999999997,0.00253535,-0.006263722327065318,-0.010566609797183369,-0.019758919228600097
LTCUSDT,2024-06-28T08:00:00+00:00,LONG,0.00133663,-0.00097551,-0.00042147,0.00231214,0.0018364100000000001,0.0024386951525335603,0.005141399500418652,-0.005849958863863662
AVAXUSDT,2024-06-28T10:00:00+00:00,LONG,0.00205386,-0.00138748,-0.00084994,0.0034413399999999998,0.0030299999999999997,0.000840306761396057,-0.011909936410713196,-0.0173481129223022
LTCUSDT,2024-06-28T10:00:00+00:00,LONG,0.00093392,-0.00139469,-0.00036095,0.00232861,0.00231214,0.0,-0.018981047077434324,-0.019939622981029873
DOGEUSDT,2024-06-28T12:00:00+00:00,SHORT,0.00133988,-0.00161891,3.297e-05,0.00295879,0.00244701,0.004191551868153546,0.013987353529855414,0.023799238584932395
LTCUSDT,2024-06-29T20:00:00+00:00,LONG,0.00411347,-0.00113115,-0.0004037,0.00524462,0.0018328900000000002,-0.00435615499758712,-0.011925409647931172,-0.005679957150139018
DOGEUSDT,2024-06-29T22:00:00+00:00,SHORT,0.00033538,-0.0015116,2.64e-06,0.00184698,0.0017877,-0.001890126708094122,0.004947647595945719,-0.004595822615294558
DOGEUSDT,2024-06-30T02:00:00+00:00,LONG,3.773e-05,-0.00189406,-0.00039443,0.0019317899999999999,0.00184698,0.00024794413119307306,0.0039597477906611065,0.009870124542852606
SOLUSDT,2024-06-30T02:00:00+00:00,LONG,0.0002501,-0.001354,-0.00030717,0.0016041,0.00127511,-0.004408965047768762,0.0012592239808310252,0.02274370285371576
UNIUSDT,2024-06-30T02:00:00+00:00,LONG,0.00034426,-0.00161748,-2.108e-05,0.00196174,0.0019223,0.007469477915546194,0.013091260205301224,0.03175224823444078
UNIUSDT,2024-06-30T14:00:00+00:00,LONG,0.0014288,-0.00138667,-0.00047322,0.00281547,0.00196174,0.00931054428244808,0.013553601292888682,0.0409672464335443
AVAXUSDT,2024-06-30T23:00:00+00:00,LONG,0.00040271,-0.00216182,-0.00026539,0.00256453,0.00219018,0.009964832998727071,0.019998305872370958,0.010976091764877186
DOGEUSDT,2024-07-01T01:00:00+00:00,SHORT,0.00090423,-0.00112772,7.701e-05,0.0020319500000000002,0.0019317899999999999,0.0018123798349720512,0.002838223286544508,0.024708358266215494
SOLUSDT,2024-07-01T14:00:00+00:00,LONG,0.00042797,-0.00096476,-0.00035255,0.00139273,0.00137711,0.004678189509429995,-0.0005956248822399165,0.008227892386280022
SOLUSDT,2024-07-01T16:00:00+00:00,LONG,0.00036472,-0.0015772,-0.00025471,0.00194192,0.00139273,0.0008718661528171735,-0.00282356952473939,0.006315633091415305
UNIUSDT,2024-07-01T17:00:00+00:00,LONG,0.00112276,-0.0009736,-0.00062367,0.0020963600000000002,0.0020305799999999997,-0.005011472875885735,-0.014570645607482113,-0.022480107720321194
SOLUSDT,2024-07-02T11:00:00+00:00,LONG,0.00190366,-0.00087398,-0.00046771,0.00277764,0.00213871,0.005519167739764011,-0.008504805400984418,0.028732554083208926
DOGEUSDT,2024-07-02T14:00:00+00:00,LONG,0.00054391,-0.00163618,-0.00020642,0.00218009,0.0019924,-0.0005699165633600158,0.013982850574990597,0.002438827320518452
ZECUSDT,2024-07-02T14:00:00+00:00,LONG,0.00105125,-0.00248789,-0.00031911,0.00353914,0.0032800299999999998,0.0024183808642816527,0.004830927269665592,-0.003395589001138272
UNIUSDT,2024-07-03T01:00:00+00:00,LONG,0.00098632,-0.00128619,-0.00024208,0.00227251,0.00203054,-0.011387864497823759,-0.018260743785585856,-0.039167428604899475
AVAXUSDT,2024-07-03T03:00:00+00:00,LONG,0.0002963,-0.00171696,-0.00012453,0.0020132600000000002,0.00178438,-0.006095297703576722,-0.010574548379822898,-0.04480557588226725
DOGEUSDT,2024-07-03T03:00:00+00:00,LONG,0.00062455,-0.00157463,-0.00045789,0.0021991800000000002,0.00218009,-0.006888660995185268,-0.0070532565020995286,-0.034843253631778454
LTCUSDT,2024-07-03T07:00:00+00:00,LONG,0.00021031,-0.00094405,-0.00054998,0.00115436,0.00104236,-0.002408994741017566,-0.010075990398846886,-0.02039095699170785
SOLUSDT,2024-07-03T10:00:00+00:00,LONG,0.0003349,-0.00270506,-0.00045201,0.00303996,0.00277764,-0.0007011478980329855,-0.017120038511345286,-0.019841628750688997
UNIUSDT,2024-07-03T10:00:00+00:00,LONG,0.0006446,-0.0027937,-0.0003071,0.0034383,0.00227251,-0.008798389705165976,-0.007287903157591437,-0.018848725558667383
AVAXUSDT,2024-07-03T19:00:00+00:00,LONG,0.00031044,-0.00178795,-0.00010674,0.00209839,0.0020132600000000002,7.54603079138785e-05,-0.00033964186978580746,-0.03536895495465408
LTCUSDT,2024-07-03T20:00:00+00:00,LONG,0.00029859,-0.00190375,-0.00016738,0.00220234,0.0018845899999999998,0.004142507995155759,-0.002632491994807137,-0.03635226984446218
AVAXUSDT,2024-07-04T01:00:00+00:00,LONG,0.00049293,-0.00177675,-0.00050062,0.00226968,0.00209839,0.016923095314190655,0.010365191809503821,-0.009923894689116237
DOGEUSDT,2024-07-04T01:00:00+00:00,LONG,0.0008737,-0.00256351,-0.00023242,0.0034372100000000004,0.00254374,0.014020345478878319,0.005684069345901926,-0.05507135976976663
LTCUSDT,2024-07-04T01:00:00+00:00,LONG,0.00049454,-0.00196018,-0.00113017,0.00245472,0.00220234,0.010116207949962062,0.009548992960279052,-0.019375967648130096
UNIUSDT,2024-07-04T01:00:00+00:00,LONG,0.0006613,-0.00304065,-0.00088274,0.0037019500000000003,0.0034383,0.02286647915964048,0.011133656330236781,-0.024787966545864223
SOLUSDT,2024-07-04T02:00:00+00:00,LONG,0.00069186,-0.00272923,-0.0006088,0.00342109,0.00303996,0.006091552922044271,-0.01166381341917182,-0.01454339753472053
SOLUSDT,2024-07-04T13:00:00+00:00,LONG,0.00506496,-0.00218643,-0.00035142,0.00725139,0.00342109,0.007824812886254829,0.01512295022209657,-0.03512592025858492
AVAXUSDT,2024-07-05T00:00:00+00:00,LONG,0.00088692,-0.00251421,-0.00064515,0.0034011299999999996,0.00330961,-0.009406937214069587,-0.05878275293757594,0.001655766584093869
LTCUSDT,2024-07-05T00:00:00+00:00,LONG,0.00235758,-0.00391965,-0.00031437,0.00627723,0.0029260600000000003,-0.006199844992238017,-0.0631237801475694,-0.05857640389040678
ZECUSDT,2024-07-05T00:00:00+00:00,LONG,0.00491566,-0.00461972,-0.00113541,0.00953538,0.00599655,0.0011254925217345582,-0.07177182573109124,-0.02913659408665537
AVAXUSDT,2024-07-05T02:00:00+00:00,LONG,0.00107632,-0.00512108,-0.00171358,0.0061974000000000005,0.0034011299999999996,-0.0001347194469559396,0.03160134798891497,0.10433169742753252
DOGEUSDT,2024-07-05T02:00:00+00:00,LONG,0.0011073,-0.00796162,-0.00146737,0.009068920000000001,0.00607416,-0.007096359812218986,0.0033716184084033787,0.06852134432845593
LTCUSDT,2024-07-05T02:00:00+00:00,LONG,0.00047087,-0.0130316,-0.00185901,0.01350247,0.00627723,0.001707359130822735,-0.0010258164688236775,0.029133996218840708
ZECUSDT,2024-07-05T03:00:00+00:00,LONG,0.00346791,-0.01005835,-0.00121223,0.01352626,0.00953538,0.007895577002780188,0.03416574441598213,0.09364582435771215
AVAXUSDT,2024-07-06T21:00:00+00:00,LONG,0.00077017,-0.00118033,-0.00038173,0.0019505,0.00189056,0.008485165385131718,-0.016517058827254794,-0.022735005968730605
SOLUSDT,2024-07-06T21:00:00+00:00,LONG,0.00172132,-0.00105278,-0.00048515,0.0027741,0.00268503,0.006165583046049155,-0.01305578794861023,-0.021469247785203104
UNIUSDT,2024-07-06T21:00:00+00:00,LONG,6.126e-05,-0.00265531,-0.00050302,0.00271657,0.00248227,0.0021913814467042873,-0.01386780523655511,-0.02956123978260175
LTCUSDT,2024-07-07T13:00:00+00:00,LONG,0.00027895,-0.00164433,-0.00081328,0.00192328,0.00182943,-0.005074543081076787,0.006307179533526412,-0.0428209857946158
LTCUSDT,2024-07-08T00:00:00+00:00,LONG,0.00061595,-0.0016614,-0.0001021,0.00227735,0.00192328,0.0026450668422060603,0.03337169770428264,0.07844975202227424
SOLUSDT,2024-07-08T02:00:00+00:00,LONG,0.00046405,-0.00172102,-0.00084836,0.00218507,0.00190066,-0.0022251032842341553,0.012229573630541815,0.054214340566201565
LTCUSDT,2024-07-08T09:00:00+00:00,LONG,0.01468604,-0.00156325,-0.00031997,0.01624929,0.0025339,-0.008946535070469119,0.0038317159303533897,-0.005698021114637779
SOLUSDT,2024-07-08T12:00:00+00:00,LONG,0.00036597,-0.00187907,-0.00030909,0.0022450400000000002,0.00218507,0.0015930931416996382,-0.028854612361096262,-0.016158894742786784
AVAXUSDT,2024-07-08T14:00:00+00:00,LONG,0.000837,-0.00180128,-0.000115,0.00263828,0.00233981,-0.01309215713177786,-0.019333576086637327,-0.03627582218961679
DOGEUSDT,2024-07-08T14:00:00+00:00,LONG,0.00112158,-0.00266254,-0.0010827,0.00378412,0.00288724,-0.012349909498812867,0.004860276882252663,0.015341289212094652
SOLUSDT,2024-07-08T14:00:00+00:00,LONG,0.00089528,-0.0020042,-0.00064666,0.00289948,0.0022450400000000002,-0.006052180271012193,-0.003144884550217278,0.010801036144558523
UNIUSDT,2024-07-08T14:00:00+00:00,LONG,0.00119343,-0.00217391,-0.00051865,0.00336734,0.0032477599999999997,-0.004546036368142316,0.01401249000285816,0.027586242337924647
SOLUSDT,2024-07-08T16:00:00+00:00,LONG,0.00047579,-0.00283813,-0.00041199,0.0033139199999999997,0.00289948,0.003517615453912824,0.015289116918183398,0.030205842057065793
ZECUSDT,2024-07-09T06:00:00+00:00,LONG,0.00181129,-0.00470884,-0.00104128,0.00652013,0.00473262,-0.012076319545038863,0.002305742317356011,0.04733811454462263
AVAXUSDT,2024-07-09T16:00:00+00:00,LONG,0.00157776,-0.00129493,-0.00019826,0.00287269,0.00248771,-0.005043505950429853,0.01992343893645172,0.061115423874812266
AVAXUSDT,2024-07-09T21:00:00+00:00,LONG,0.00211139,-0.0010807,-0.0004226,0.00319209,0.00287269,-0.006096185914531582,-0.0012923336018861758,0.01743431149566256
DOGEUSDT,2024-07-10T04:00:00+00:00,LONG,0.00098362,-0.00166076,-0.00045397,0.00264438,0.00249182,-0.0033791529483148375,-0.00456913890044741,-0.0023733466183790135
LTCUSDT,2024-07-10T04:00:00+00:00,LONG,0.00062389,-0.00170486,-0.00060354,0.00232875,0.00162023,-0.0036446509592945745,-0.0033404221769055037,0.011154773486644377
SOLUSDT,2024-07-10T13:00:00+00:00,LONG,0.00142217,-0.00127062,-0.00037483,0.00269279,0.00207277,-0.007122506976418339,-0.00551090308207684,0.007023098138162036
AVAXUSDT,2024-07-10T15:00:00+00:00,LONG,0.00328078,-0.00119621,-0.00093908,0.00447699,0.00319209,0.0004564126049105921,-0.00664149927812004,-0.0375603712158773
DOGEUSDT,2024-07-11T12:00:00+00:00,LONG,0.00126926,-0.00141084,-0.00043142,0.0026801,0.0021531,-0.007404097030018287,-0.03180673897788531,-0.04198090617325742
LTCUSDT,2024-07-11T12:00:00+00:00,LONG,0.00063964,-0.00210017,-0.00023307,0.00273981,0.00149855,-0.00087310832089052,-0.004957723773774079,-0.019535026740766015
SOLUSDT,2024-07-11T12:00:00+00:00,LONG,0.00146608,-0.00222273,-0.00051072,0.00368881,0.00269279,-0.009351843909640108,-0.03831271814248969,-0.056180111202822514
UNIUSDT,2024-07-11T12:00:00+00:00,LONG,0.00178537,-0.00217216,-0.0005567,0.00395753,0.00230927,0.0013564340201722982,-0.02498880650081547,-0.031080195894217368
AVAXUSDT,2024-07-12T20:00:00+00:00,LONG,0.00068872,-0.00149398,-0.00103275,0.0021827,0.00195225,-0.0007405531100630447,0.009847712661804791,0.007762206170783212
LTCUSDT,2024-07-13T04:00:00+00:00,LONG,0.00079334,-0.00111145,-0.00035914,0.00190479,0.00178074,0.009753376227737162,0.012604005296077409,0.005605476409541636
AVAXUSDT,2024-07-13T08:00:00+00:00,LONG,0.00194972,-0.00133908,-0.00053986,0.0032888,0.0021827,0.014164488395518985,0.002509702276779183,-0.006515944397665788
LTCUSDT,2024-07-13T09:00:00+00:00,LONG,0.000416,-0.00155087,-0.0006286,0.00196687,0.00190479,-0.004553223574971533,-0.011996716287631437,-0.010847951083757931
AVAXUSDT,2024-07-13T10:00:00+00:00,LONG,2.115e-05,-0.00696157,-0.00020782,0.00698272,0.0032888,-0.0011247504433935561,-0.0016293598670072472,0.009067994455302071
UNIUSDT,2024-07-13T10:00:00+00:00,LONG,0.00044699,-0.00170826,-0.00043128,0.00215525,0.00174897,-0.005207398991125753,-0.016686338075881775,-0.008856594136674499
ZECUSDT,2024-07-13T18:00:00+00:00,LONG,0.00011552,-0.00523753,-0.00293648,0.00535305,0.00467376,-0.0007513148362430663,0.0026251655803630437,0.010087886781952571
SOLUSDT,2024-07-13T22:00:00+00:00,LONG,0.00016878,-0.00210985,-0.00015685,0.00227863,0.0014689999999999998,-0.0025916420013096667,0.00992393789241292,0.019977894984926907
UNIUSDT,2024-07-13T22:00:00+00:00,LONG,0.00092478,-0.00159691,-0.00081064,0.00252169,0.00215525,-0.006845992507990114,-0.010655989128139864,0.008733679968754411
UNIUSDT,2024-07-14T01:00:00+00:00,LONG,0.00093756,-0.00184672,-0.00023801,0.00278428,0.00252169,-0.01004664172033894,0.022421382843544706,-0.004643214598184446
DOGEUSDT,2024-07-14T02:00:00+00:00,LONG,0.00031578,-0.0025833,-0.0007766,0.00289908,0.00276541,0.0019565996992633706,0.008156796709665466,-0.003388624608714075
ZECUSDT,2024-07-14T12:00:00+00:00,LONG,0.00094033,-0.00585784,-0.00124812,0.006798169999999999,0.00535305,0.01159331446083165,0.031306904625044124,0.04794848412647653
SOLUSDT,2024-07-15T00:00:00+00:00,LONG,0.00122615,-0.0011419,-0.00056358,0.00236805,0.00183374,0.004138152241517032,0.010514355337203086,0.013158606621401725
UNIUSDT,2024-07-15T01:00:00+00:00,LONG,0.00247401,-0.00161261,-0.00018362,0.00408662,0.00278428,0.00920795078627628,0.0,-0.003326208816252617
DOGEUSDT,2024-07-15T13:00:00+00:00,LONG,0.00065067,-0.00214366,-0.00036405,0.00279433,0.0020720599999999997,0.013011335975945369,0.01803520989342791,0.06844278683376871
LTCUSDT,2024-07-16T00:00:00+00:00,LONG,8.643e-05,-0.0015626,-0.00074657,0.00164903,0.0015458800000000001,0.008093877782385323,0.004260881987588625,-0.014149216492870566
ZECUSDT,2024-07-16T00:00:00+00:00,LONG,0.00164843,-0.0025849,-0.00152113,0.0042333299999999996,0.00420288,0.003572708337573496,0.005354287287336412,0.052634556268779845
ZECUSDT,2024-07-16T03:00:00+00:00,LONG,0.00225951,-0.0020755,-0.0007049,0.00433501,0.0042333299999999996,0.005354287287336412,0.04308143005081437,0.06779912656782493
SOLUSDT,2024-07-16T05:00:00+00:00,LONG,0.00047418,-0.0016072,-0.00013695,0.00208138,0.0018060099999999998,-0.009416015929883998,-0.002440808416979682,0.04149021318687613
UNIUSDT,2024-07-16T05:00:00+00:00,LONG,0.00025848,-0.00314733,-0.00037634,0.00340581,0.00240827,-0.0183783658454266,-0.0245803207285302,0.0013345467555470837
DOGEUSDT,2024-07-16T06:00:00+00:00,LONG,0.00133991,-0.00152121,-0.00056751,0.00286112,0.00279433,-0.002150360600345344,0.007654043375046328,0.041588389462562915
ZECUSDT,2024-07-16T06:00:00+00:00,LONG,0.00194602,-0.00290548,-0.00018861,0.0048515,0.00433501,0.024289882589684002,0.01947887674659232,0.07182225687286588
LTCUSDT,2024-07-16T07:00:00+00:00,LONG,0.00031652,-0.00146445,-0.00031081,0.00178097,0.00164903,-0.00224940345092372,0.005461815972566648,0.027835349698056802
SOLUSDT,2024-07-16T13:00:00+00:00,LONG,0.00057356,-0.00158517,-0.00046758,0.0021587299999999998,0.00208138,0.0018692014447921701,0.041040055302476244,0.039792764293540124
LTCUSDT,2024-07-16T14:00:00+00:00,LONG,0.00129451,-0.00121681,-6.929e-05,0.00251132,0.00178097,0.007348971561377963,-0.003146592650249635,0.007348971561377963
ZECUSDT,2024-07-16T14:00:00+00:00,LONG,0.00061962,-0.00707924,-0.00058507,0.00769886,0.0048515,-0.06756487356478585,-0.044750195798614556,-0.029824545581938783
SOLUSDT,2024-07-16T15:00:00+00:00,LONG,0.0023989,-0.00100203,-0.00046201,0.00340093,0.0021587299999999998,6.214190727932188e-05,0.005768919071182224,-0.0004910568699009555
AVAXUSDT,2024-07-16T16:00:00+00:00,LONG,0.00172109,-0.00136102,-0.00018822,0.00308211,0.00210825,-0.0009636896288748886,-0.030137592984249822,-0.006384505665362969
UNIUSDT,2024-07-17T16:00:00+00:00,LONG,0.00027197,-0.00237994,-0.00046803,0.00265191,0.00259121,-0.0007553821333627334,0.008396565403526353,0.004269754069310304
UNIUSDT,2024-07-18T10:00:00+00:00,LONG,0.00024498,-0.00243457,-0.00029603,0.00267955,0.00265191,0.009543015666800143,-0.007598820758625583,-0.01116479499080361
AVAXUSDT,2024-07-18T14:00:00+00:00,LONG,0.0,-0.00228546,-0.00068995,0.00228546,0.00199228,-0.015070650544972381,-0.013025774105089937,-0.011022137206068617
LTCUSDT,2024-07-18T16:00:00+00:00,LONG,0.0,-0.00184437,-0.00057998,0.00184437,0.00138373,-0.00295504330985583,0.0021054116837598436,0.0030864222031893648
SOLUSDT,2024-07-19T06:00:00+00:00,LONG,0.00095018,-0.00086291,-0.00022514,0.00181309,0.00137071,-0.018938739208955627,-0.01512836246888357,0.031780814181027746
ZECUSDT,2024-07-19T10:00:00+00:00,LONG,0.00232399,-0.00309755,-0.00057749,0.005421540000000001,0.00494263,-0.00875426466227121,-0.01895149782286263,-0.010785409571809004
UNIUSDT,2024-07-19T14:00:00+00:00,LONG,0.00049203,-0.00245941,-0.00045924,0.00295144,0.0025796100000000004,-0.0002522068109206782,0.0022670034897928977,0.0022670034897928977
SOLUSDT,2024-07-19T16:00:00+00:00,LONG,0.00216238,-0.00137975,-0.00026628,0.00354213,0.0019730900000000003,0.007081644768419925,-0.001205866330442465,0.00568459478157051
AVAXUSDT,2024-07-19T19:00:00+00:00,LONG,0.00030397,-0.00153674,-0.00063121,0.00184071,0.0016257,-0.0020508475771323677,-0.0057387950195057534,-0.005561178280437361
ZECUSDT,2024-07-20T14:00:00+00:00,LONG,0.00102416,-0.00273737,-6.702e-05,0.00376153,0.00348401,-0.001366587161776527,-0.00926091338360026,0.04538650154257836
UNIUSDT,2024-07-20T17:00:00+00:00,LONG,0.00027923,-0.00171183,-0.0002573,0.00199106,0.00191306,-0.0011239464186627796,-0.005005015453023514,0.0012473495442893846
AVAXUSDT,2024-07-21T03:00:00+00:00,LONG,0.00060117,-0.00126839,-0.00013184,0.0018695600000000001,0.00174643,-0.005428820370017998,-0.015261673197212328,0.05936806532137382
UNIUSDT,2024-07-21T03:00:00+00:00,LONG,0.00070664,-0.00156033,-0.00039221,0.00226697,0.00199106,-0.008083113089203783,-0.023433188014895287,-0.012964529628625411
AVAXUSDT,2024-07-21T06:00:00+00:00,LONG,0.00043202,-0.00177942,-2.792e-05,0.0022114400000000003,0.0018695600000000001,0.0016017831964348546,0.015080007692375408,0.06630121132793662
ZECUSDT,2024-07-21T10:00:00+00:00,LONG,0.00164377,-0.002579,-0.00067191,0.00422277,0.00414811,0.022272635609123223,0.04004949544746289,0.035401927050916
AVAXUSDT,2024-07-21T15:00:00+00:00,LONG,0.00274617,-0.0012934,-0.00046232,0.00403957,0.0022114400000000003,0.014170991527516772,0.02414905939346078,0.03975458616626585
DOGEUSDT,2024-07-21T17:00:00+00:00,LONG,0.00080348,-0.00156926,-7.93e-05,0.00237274,0.00228925,-0.0015552102668065855,0.08394399933047351,0.07763709101695762
LTCUSDT,2024-07-21T18:00:00+00:00,LONG,0.00066292,-0.00137706,-0.00047708,0.0020399800000000003,0.00112637,0.011136431860045754,0.01984871130734023,0.008946450147112218
SOLUSDT,2024-07-21T18:00:00+00:00,LONG,0.00110656,-0.00137666,-0.00030401,0.00248322,0.00214513,0.016923236673218798,0.04985789585811177,0.025256361725097248
UNIUSDT,2024-07-21T18:00:00+00:00,LONG,0.00071586,-0.00218372,-0.00044182,0.00289958,0.00226697,0.016638473632185114,0.038934969305914606,0.0070193638985876
SOLUSDT,2024-07-21T20:00:00+00:00,LONG,0.00162401,-0.00089549,-0.00019656,0.0025195,0.00248322,0.010418381084984241,0.0037180972684984145,-0.028236554803138435
LTCUSDT,2024-07-22T07:00:00+00:00,LONG,0.00132097,-0.00118588,-0.00059529,0.00250685,0.0020399800000000003,-0.00364692779431059,-0.005136534678191344,-0.02595065045357705
SOLUSDT,2024-07-22T20:00:00+00:00,LONG,0.00247651,-0.00100858,-7.647e-05,0.0034850899999999997,0.0025195,-0.013114182641657183,-0.020860154756312574,-0.029484457803179556
AVAXUSDT,2024-07-23T07:00:00+00:00,SHORT,0.00054541,-0.00417421,0.00014824,0.00471962,0.00241032,-0.009331632962759698,-0.0057075533803760264,0.01762203996083497
UNIUSDT,2024-07-23T07:00:00+00:00,LONG,0.00035865,-0.0020365,-0.00052607,0.00239515,0.00235348,0.02082872933185755,0.028813056647544497,0.006862200813075243
UNIUSDT,2024-07-23T12:00:00+00:00,LONG,0.00070609,-0.00186014,-0.00085247,0.00256623,0.00239515,-0.01611288056903668,-0.03814049000500339,-0.028827115150314764
DOGEUSDT,2024-07-23T14:00:00+00:00,LONG,0.00067099,-0.00296563,-0.00053807,0.00363662,0.00303111,-0.017892523639835983,-0.02749625598976732,-0.025965682491303606
SOLUSDT,2024-07-24T14:00:00+00:00,LONG,0.00329606,-0.00104046,-0.00081055,0.00433652,0.0031739999999999997,-0.01725873401270045,-0.01662875958457599,-0.05711905210511262
DOGEUSDT,2024-07-24T21:00:00+00:00,LONG,0.00106713,-0.00240803,-0.0002101,0.0034751599999999997,0.0021582299999999997,-0.007456345225340805,-0.03833276887145045,-0.032800140397948194
LTCUSDT,2024-07-24T21:00:00+00:00,LONG,1.412e-05,-0.00221712,-0.0005655,0.00223124,0.00145228,-0.005890620118912832,-0.03240300537037059,-0.037761842149926936
UNIUSDT,2024-07-24T21:00:00+00:00,LONG,9.891e-05,-0.00303669,-0.00120583,0.0031355999999999997,0.00279734,-0.0017542680431699483,-0.025673948736260905,-0.03150082426811535
DOGEUSDT,2024-07-25T01:00:00+00:00,LONG,0.0009704,-0.00251458,-0.0001827,0.0034849800000000004,0.0034751599999999997,-0.010508543878208756,-0.008073675375533673,-0.0048363789257424294
LTCUSDT,2024-07-25T01:00:00+00:00,LONG,0.00032548,-0.00238164,-0.00011105,0.00270712,0.00223124,-0.005795437837863951,-0.003908233967887295,-0.019253803642547654
UNIUSDT,2024-07-25T01:00:00+00:00,LONG,0.00100311,-0.00415353,-0.00047445,0.00515664,0.0031355999999999997,-0.005271200997026664,-0.006384476926090889,-0.008893888531516729
AVAXUSDT,2024-07-26T10:00:00+00:00,LONG,3.809e-05,-0.00525169,-0.0003143,0.00528978,0.0023404,0.002650621223787998,0.0017917298565265664,0.022554947417674425
UNIUSDT,2024-07-26T19:00:00+00:00,LONG,0.00165328,-0.0011286,-0.00053877,0.00278188,0.0024502300000000003,-0.004579661259024606,0.001565353828637018,0.007154502062624238
SOLUSDT,2024-07-27T07:00:00+00:00,LONG,0.00058829,-0.00089382,-0.00042133,0.00148211,0.0013271300000000001,0.0077557188657683945,-0.002139902984784512,-0.023397690518398143
DOGEUSDT,2024-07-27T09:00:00+00:00,LONG,0.00143714,-0.00113818,-0.00035946,0.00257532,0.00250896,-0.0014031980442026704,0.013342328269735668,-0.010162161405756744
AVAXUSDT,2024-07-27T15:00:00+00:00,LONG,0.00019739,-0.00170917,-0.0004688,0.00190656,0.0019051200000000002,-0.008184349235034475,-0.021172230446901506,-0.03835951148110612
SOLUSDT,2024-07-27T15:00:00+00:00,LONG,0.00035123,-0.00162196,-0.00064315,0.00197319,0.00148211,-0.0035697259565077777,-0.005420007881346798,0.009895399833379295
ZECUSDT,2024-07-27T15:00:00+00:00,LONG,0.0014967,-0.00294111,-0.00087125,0.0044378099999999995,0.00435719,0.005089069507471228,0.007307419331786834,-0.0019150979360995752
LTCUSDT,2024-07-27T17:00:00+00:00,LONG,0.00027912,-0.00092962,-0.00044338,0.00120874,0.00109403,-0.005873321316681954,0.00208928274341922,-0.013899837689033485
ZECUSDT,2024-07-27T18:00:00+00:00,LONG,0.00262717,-0.00227859,-0.00068069,0.00490576,0.00482787,0.008583743691391435,0.005413163990330935,0.0006383658052724966
AVAXUSDT,2024-07-27T19:00:00+00:00,LONG,4.582e-05,-0.00389109,-0.00040252,0.00393691,0.00190656,-0.0035845512446822346,-0.006896579059060329,-0.017115201169683337
DOGEUSDT,2024-07-27T19:00:00+00:00,LONG,0.00421106,-0.00380644,-0.00085179,0.0080175,0.00257532,-0.019065152218646488,-0.03499422491667945,-0.04232641998948861
LTCUSDT,2024-07-27T20:00:00+00:00,LONG,0.0003276,-0.00122043,-2.023e-05,0.00154803,0.00120874,0.009225673486317957,0.00266461135150537,-0.0015459211848382142
SOLUSDT,2024-07-27T20:00:00+00:00,LONG,0.0013287,-0.00108867,-0.000347,0.00241737,0.00197319,0.01554823094955208,0.009846029301274262,0.003996853644990297
LTCUSDT,2024-07-29T00:00:00+00:00,LONG,6.346e-05,-0.00106027,-0.00038968,0.00112373,0.00105044,-0.004467409356504258,0.021497314000598948,0.06000989541179068
DOGEUSDT,2024-07-29T02:00:00+00:00,LONG,0.00239172,-0.00136003,-0.00044956,0.00375175,0.00261144,-0.004705188112224573,0.0017122654471903927,-0.028032510646966362
LTCUSDT,2024-07-29T02:00:00+00:00,LONG,0.0006531,-0.0013903,-0.00034868,0.0020434,0.00112373,0.0015061274839987305,0.007372047039129899,0.034741611625007274
SOLUSDT,2024-07-29T02:00:00+00:00,LONG,0.00123179,-0.00137371,-0.00041661,0.0026055,0.00227552,0.00011967977868329981,0.002115698800586915,-0.02429785370845441
ZECUSDT,2024-07-29T12:00:00+00:00,LONG,0.00095787,-0.00433544,-0.00029467,0.005293310000000001,0.00338465,0.0006013229285222075,-0.024046205015417925,-0.010886106900897575
UNIUSDT,2024-07-29T13:00:00+00:00,LONG,0.00091519,-0.00165513,-0.00059306,0.00257032,0.00157484,-0.006302676983105415,-0.004111530910850719,-0.022300937166259586
AVAXUSDT,2024-07-29T14:00:00+00:00,LONG,0.00018399,-0.00136574,-0.00086695,0.00154973,0.00153311,-0.007312249775950886,-0.009094100826499212,-0.026496698760672264
LTCUSDT,2024-07-29T16:00:00+00:00,LONG,0.00037496,-0.00167801,-0.00063243,0.00205297,0.0020434,-0.00840113342248773,0.002695056206110459,-0.0033790665388503476
UNIUSDT,2024-07-29T18:00:00+00:00,LONG,0.00010083,-0.00424687,-0.00058464,0.0043476999999999995,0.00257032,-0.004775126838179724,-0.011264442277929604,-0.016617284878287647
ZECUSDT,2024-07-29T23:00:00+00:00,LONG,0.00247813,-0.00302801,-0.00085568,0.00550614,0.005293310000000001,0.00030409001298644945,0.005156996109715912,-0.02400854005200904
DOGEUSDT,2024-07-30T03:00:00+00:00,LONG,0.00130952,-0.00120964,-0.00028702,0.0025191600000000003,0.00227239,0.0017009436604466983,0.006248332898604367,-0.015440107106467947
DOGEUSDT,2024-07-30T07:00:00+00:00,LONG,0.00090109,-0.00164472,-0.00032549,0.00254581,0.0025191600000000003,-0.003698286055109556,-0.007565266898605733,-0.038571842733919975
AVAXUSDT,2024-07-30T10:00:00+00:00,LONG,-0.0001274,-0.00206361,-0.00107189,0.00193621,0.0017717499999999999,0.00044479039986064067,-0.01689949367334093,-0.022078599853502353
DOGEUSDT,2024-07-30T12:00:00+00:00,LONG,0.00044651,-0.00216309,-0.00024149,0.0026096,0.00254581,-0.006242704628084632,-0.015285424001822739,-0.02273808673709756
SOLUSDT,2024-07-30T15:00:00+00:00,LONG,0.00038422,-0.00155716,-0.00050015,0.00194138,0.00188602,-0.006449721085879348,-0.016947668429755414,-0.00037596895381668033
UNIUSDT,2024-07-30T19:00:00+00:00,LONG,0.00029333,-0.00191434,-0.00021166,0.00220767,0.00195079,0.0013526310732685934,-0.00013536379039289474,0.002703435006884703
SOLUSDT,2024-07-31T06:00:00+00:00,LONG,0.00491495,-0.00107403,-0.00042751,0.0059889800000000005,0.00194138,-0.0014630420777612962,-0.00663905124555338,-0.014439811335859629
AVAXUSDT,2024-07-31T19:00:00+00:00,LONG,0.00011962,-0.0016994,-0.00024711,0.00181902,0.0018020100000000002,-0.016010265808876517,-0.012110104858781693,-0.02641986584582694
LTCUSDT,2024-07-31T19:00:00+00:00,LONG,0.00057948,-0.00136382,-0.00038678,0.0019432999999999998,0.0015643900000000001,-0.008520358276354216,-0.00880562428884367,-0.012092045765028633
DOGEUSDT,2024-07-31T20:00:00+00:00,LONG,0.00082118,-0.00168231,-0.00015098,0.00250349,0.00211831,0.00475099189855776,0.008665848868169018,-0.005764179332744196
UNIUSDT,2024-07-31T20:00:00+00:00,LONG,0.00013456,-0.00212494,-0.00055969,0.0022595000000000002,0.0020162,0.0044506332158106765,0.011503141185908878,-0.006853652955376711
ZECUSDT,2024-07-31T23:00:00+00:00,LONG,0.0,-0.00743604,-0.00218912,0.00743604,0.00734847,-0.008398369698831494,-0.015956984672758207,-0.033716177683121594
AVAXUSDT,2024-08-01T04:00:00+00:00,LONG,0.0,-0.00289306,-0.00041462,0.00289306,0.00241785,0.012994913660566498,0.013073635222442797,-0.02262512576164357
DOGEUSDT,2024-08-01T15:00:00+00:00,LONG,0.00051754,-0.00219501,-0.00055391,0.0027125499999999998,0.00250349,-0.005540180375615356,-0.008321823337492217,0.01601404378698309
LTCUSDT,2024-08-01T15:00:00+00:00,LONG,0.00015266,-0.00208324,-0.000666,0.0022359,0.00222087,-0.010739345584559261,-0.01726852740837262,0.007725422869461213
UNIUSDT,2024-08-01T16:00:00+00:00,LONG,0.00038854,-0.00327546,-0.00033941,0.003664,0.00251102,0.0091155737310502,0.023613681151480794,0.022774872210924304
DOGEUSDT,2024-08-01T18:00:00+00:00,LONG,0.00076189,-0.00221083,-0.00064337,0.00297272,0.0027125499999999998,0.011468718396359096,0.051398950512182184,0.022721325660831435
LTCUSDT,2024-08-01T18:00:00+00:00,LONG,0.00021417,-0.00218292,-0.00033797,0.00239709,0.0023785200000000003,0.007621646399179509,0.04631542879729635,0.018136367486431867
LTCUSDT,2024-08-02T12:00:00+00:00,LONG,0.00041614,-0.00315383,-0.00020237,0.00356997,0.00239709,0.001887751958262664,-0.051752396086639015,-0.06422849168228989
LTCUSDT,2024-08-02T14:00:00+00:00,LONG,0.00052178,-0.00337817,-0.00077164,0.0038999499999999997,0.00356997,-0.008361888327127996,-0.014333883719563586,-0.01864357178143
SOLUSDT,2024-08-02T14:00:00+00:00,LONG,0.00059366,-0.00239539,-0.00031656,0.00298905,0.0029254800000000003,-0.005995817083949835,-0.027438460833524487,-0.04583700244183415
DOGEUSDT,2024-08-02T15:00:00+00:00,LONG,0.00104668,-0.00208139,-0.0013025,0.0031280699999999997,0.00297272,-0.004692973593007892,-0.006114059186102058,-0.005314450063492479
AVAXUSDT,2024-08-03T01:00:00+00:00,LONG,0.00104448,-0.00225443,-0.00128185,0.00329891,0.00269511,-0.0027232900537696773,0.007914882704701684,0.018607929344679003
ZECUSDT,2024-08-03T06:00:00+00:00,LONG,0.00111249,-0.00615356,-0.00103031,0.00726605,0.0065676499999999995,0.0003004356339255779,-0.009661910911736859,-0.027724548014854973
AVAXUSDT,2024-08-03T13:00:00+00:00,LONG,0.00284676,-0.00146136,-0.00033311,0.00430812,0.00329891,-0.005437296427227961,-0.062255319999051456,-0.05544234018660923
DOGEUSDT,2024-08-03T16:00:00+00:00,LONG,0.00099159,-0.00196942,-0.00112772,0.00296101,0.00283556,-0.019701881317919695,-0.03258223613954167,-0.014670189747793742
UNIUSDT,2024-08-03T16:00:00+00:00,LONG,0.00110349,-0.0020711,-0.00029133,0.00317459,0.0024313200000000003,-0.0019958554257145,-0.004765940299530095,0.015975995933724393
DOGEUSDT,2024-08-03T18:00:00+00:00,LONG,0.00108818,-0.00205239,-0.00043806,0.0031405699999999996,0.00296101,-0.010997901893840329,0.009490208926629043,0.00986054501085404
UNIUSDT,2024-08-03T22:00:00+00:00,LONG,0.00056311,-0.00288619,-0.00055343,0.0034492999999999998,0.00317459,0.0043882948533031235,0.006047795875321269,-0.013435316598379564
LTCUSDT,2024-08-04T14:00:00+00:00,SHORT,0.0007157,-0.00148297,5.354e-05,0.00219867,0.00209002,0.0075901692666755964,0.012842031421624168,0.11985275639168108
AVAXUSDT,2024-08-04T17:00:00+00:00,LONG,0.00069376,-0.00231124,-0.0009381,0.003005,0.00246886,0.02499480476939411,0.034053048101851516,-0.10349631493152704
DOGEUSDT,2024-08-04T17:00:00+00:00,LONG,0.00126512,-0.00206156,-0.00126585,0.0033266800000000003,0.0031405699999999996,0.020105615225593922,0.03523478840385008,-0.11872463197939018
LTCUSDT,2024-08-04T17:00:00+00:00,LONG,0.00053761,-0.00248956,-0.00064207,0.00302717,0.00219867,0.02031017589527642,0.023178246694948577,-0.11461268792105966
SOLUSDT,2024-08-04T17:00:00+00:00,LONG,0.00146875,-0.0018154,-0.00087839,0.00328415,0.0027348800000000003,0.029834869609347142,0.03951400418716261,-0.12944740161243826
ZECUSDT,2024-08-04T18:00:00+00:00,LONG,0.00313866,-0.00268502,-0.00100256,0.00582368,0.00568934,0.02659903814033841,0.025638269451541143,-0.08934510033584998
ZECUSDT,2024-08-04T22:00:00+00:00,LONG,0.0036827,-0.00438868,-0.00054604,0.00807138,0.00582368,-0.013877905481486163,-0.0964967809730115,-0.12951018450074225
AVAXUSDT,2024-08-05T00:00:00+00:00,LONG,0.00101136,-0.00244906,-0.00154598,0.0034604199999999996,0.003005,-0.06516066042795761,-0.06843243115653223,-0.13526051392089025
DOGEUSDT,2024-08-05T00:00:00+00:00,LONG,0.00090728,-0.00291817,-0.00074205,0.0038254499999999998,0.0033266800000000003,-0.05658223175047289,-0.06351842516009863,-0.16942286250661354
LTCUSDT,2024-08-05T00:00:00+00:00,LONG,0.00076869,-0.00363258,-0.00100793,0.00440127,0.00302717,-0.055988973749485756,-0.061889750817462896,-0.15131698220266687
SOLUSDT,2024-08-05T00:00:00+00:00,LONG,0.00172149,-0.00176196,-0.00124659,0.00348345,0.00328415,-0.0030645873835288325,-0.059371382771573035,-0.16150261489966541
AVAXUSDT,2024-08-07T02:00:00+00:00,LONG,0.00075163,-0.0019529,-0.00026696,0.00270453,0.00260253,0.009337667088534743,0.012117344268772324,-0.0318854269215672
DOGEUSDT,2024-08-07T14:00:00+00:00,LONG,0.00135402,-0.00196209,-0.00036413,0.00331611,0.0033119100000000004,0.004497605455481522,-0.020597943988916432,0.02469011384286871
SOLUSDT,2024-08-07T14:00:00+00:00,LONG,0.00280663,-0.00156352,-0.00043085,0.00437015,0.00384866,0.009146023386535888,-0.02415361886379787,0.051300095234936255
ZECUSDT,2024-08-07T14:00:00+00:00,LONG,0.0031455,-0.00186775,-0.00060572,0.00501325,0.00439832,-0.008261883664991703,-0.000949818022966149,0.049091505139016646
ZECUSDT,2024-08-07T17:00:00+00:00,LONG,0.00394749,-0.0050048,-0.00018839,0.00895229,0.00501325,-0.009457825859344737,0.009058315881520488,0.04148697575590374
LTCUSDT,2024-08-07T21:00:00+00:00,LONG,0.0,-0.00271547,-0.00024611,0.00271547,0.00165895,-0.003188100468645769,0.01596385098901399,0.022209534026070614
DOGEUSDT,2024-08-08T12:00:00+00:00,LONG,0.00275525,-0.0018349,-0.00024742,0.0045901499999999994,0.00331611,-0.012410186576834134,0.02407875750107395,0.0528461088671476
AVAXUSDT,2024-08-08T14:00:00+00:00,LONG,0.00056708,-0.00156731,-0.00037069,0.00213439,0.00209335,0.025583220161017446,0.017112667465403294,0.04253622670903629
SOLUSDT,2024-08-08T16:00:00+00:00,LONG,0.00167692,-0.00348056,-0.00025555,0.00515748,0.00259846,-0.012431016211370435,-0.020344641430144573,-0.018304269605728105
ZECUSDT,2024-08-08T22:00:00+00:00,LONG,0.00284804,-0.00391214,-2.909e-05,0.006760179999999999,0.0050612800000000005,0.012080495278702162,0.026221865001453317,0.050162072547461606
AVAXUSDT,2024-08-09T01:00:00+00:00,LONG,0.00076952,-0.00198997,-0.00038471,0.0027594900000000003,0.00213439,-0.00433878971079915,-0.02870533927399679,-0.034001595926106416
UNIUSDT,2024-08-09T15:00:00+00:00,LONG,0.00048979,-0.0019373,-0.00013066,0.0024270900000000002,0.0023233800000000003,0.013946764333593506,0.023790978368370717,0.02281090641798355
SOLUSDT,2024-08-10T16:00:00+00:00,LONG,-2.271e-05,-0.00450326,-0.00058456,0.004480550000000001,0.00204547,0.004802624349267713,0.005398904099905526,0.008988503946889147
DOGEUSDT,2024-08-11T01:00:00+00:00,LONG,0.00120047,-0.00120899,-0.00043729,0.00240946,0.00218711,0.013378434534196107,0.010717027924968037,-0.010833127983331504
LTCUSDT,2024-08-11T01:00:00+00:00,LONG,0.00016791,-0.00105811,-0.00069821,0.00122602,0.00114482,-0.00048618427341278413,0.0011335115779282018,-0.011898111186595076
UNIUSDT,2024-08-11T11:00:00+00:00,LONG,0.00046173,-0.00186797,-0.00083703,0.0023297,0.00191452,-0.0049843338177074535,-0.026984732278281697,-0.05488730261125209
SOLUSDT,2024-08-11T18:00:00+00:00,LONG,0.00040357,-0.00194307,-0.00042452,0.00234664,0.00197821,-0.01462962316788885,-0.03977961767171865,-0.030925911208898375
AVAXUSDT,2024-08-11T19:00:00+00:00,LONG,-6.8e-07,-0.0021028,-0.00091995,0.0021021200000000003,0.00200258,-0.013730635364091508,-0.021353815361483196,0.00984288131987576
UNIUSDT,2024-08-11T19:00:00+00:00,LONG,0.00041088,-0.00196295,-0.00060443,0.0023738300000000004,0.0023297,-0.013089631430903076,-0.01613480380606965,-0.0026711201190610812
LTCUSDT,2024-08-11T20:00:00+00:00,LONG,0.00017901,-0.00135959,-0.00026136,0.0015386,0.00142292,0.005548564045902502,0.007056480893579226,0.01837672830001458
ZECUSDT,2024-08-11T22:00:00+00:00,LONG,0.00163363,-0.00613643,-0.00037916,0.0077700600000000005,0.00445369,0.0012190663462677731,0.0072922053817525674,0.00024393218806154123
DOGEUSDT,2024-08-12T00:00:00+00:00,LONG,0.00085765,-0.00159008,-0.00027262,0.00244773,0.00240946,0.0052332876781554915,0.005824013303288533,0.043965252453236896
DOGEUSDT,2024-08-12T08:00:00+00:00,LONG,0.0006351,-0.00185902,-0.00068268,0.00249412,0.00244773,0.009233675946945304,0.03020041020698337,0.026973988732850257
SOLUSDT,2024-08-12T09:00:00+00:00,LONG,0.00019243,-0.00295283,-0.00062324,0.00314526,0.00234664,0.020799926682543875,3.4659281932600734e-05,-0.005630723790021489
ZECUSDT,2024-08-12T12:00:00+00:00,LONG,0.00302633,-0.00523276,-0.00083351,0.00825909,0.0077700600000000005,-0.03345110846412685,-0.020031304864140256,0.013441685580249033
DOGEUSDT,2024-08-12T13:00:00+00:00,SHORT,0.00091661,-0.00171556,0.00050503,0.00263217,0.00249412,-0.03656557423970263,-0.026957361664376928,-0.045060374447407806
LTCUSDT,2024-08-12T13:00:00+00:00,LONG,0.00021819,-0.00136787,-0.00034207,0.00158606,0.0015386,0.026852778921017555,0.023922612409734544,0.038327652304755495
AVAXUSDT,2024-08-12T14:00:00+00:00,LONG,0.00125197,-0.00176959,-0.0007157,0.00302156,0.00219187,-0.011646998653108663,-0.037325335898252966,-0.019314557445271222
UNIUSDT,2024-08-12T15:00:00+00:00,LONG,0.0009766,-0.00235532,-0.00052497,0.0033319200000000004,0.0032521800000000003,-0.002422286206594781,-0.019051296712477628,-0.008910549033047877
SOLUSDT,2024-08-13T17:00:00+00:00,LONG,0.00025895,-0.00240436,-0.00052321,0.00266331,0.0026147699999999998,-0.010183021233274208,-0.0029946112656610434,-0.023679484766554012
LTCUSDT,2024-08-13T19:00:00+00:00,LONG,0.00082044,-0.00078335,-0.00031791,0.00160379,0.00152564,-0.004284700675548958,0.003477714538925394,0.005999386481941887
UNIUSDT,2024-08-14T04:00:00+00:00,LONG,0.00155521,-0.00197438,-0.00070369,0.00352959,0.00271902,0.0028208763416412634,0.01773261583732421,-0.0020422597625313252
AVAXUSDT,2024-08-14T12:00:00+00:00,LONG,0.00083461,-0.00293146,-0.00082822,0.00376607,0.00250886,-0.025474312526797997,-0.017490709643204504,-0.026518302561352968
DOGEUSDT,2024-08-14T12:00:00+00:00,LONG,0.00102049,-0.00355669,-0.00041317,0.00457718,0.00229581,-0.02860903573323021,-0.027343767181542696,-0.02977839856380996
LTCUSDT,2024-08-14T12:00:00+00:00,LONG,9.497e-05,-0.00211878,-0.0002854,0.0022137499999999996,0.00160379,-0.01022262578468762,-0.005019618382873841,0.010274062976185064
SOLUSDT,2024-08-14T12:00:00+00:00,LONG,0.00061324,-0.00214581,-0.00054413,0.0027590500000000003,0.00266331,-0.01815672584979505,-0.03385621608123708,-0.03416693269982573
AVAXUSDT,2024-08-15T12:00:00+00:00,LONG,0.00025861,-0.00579726,-0.00028748,0.0060558700000000005,0.00376607,0.01197504828034112,-0.0027395302260769224,-0.034174670570999204
LTCUSDT,2024-08-15T13:00:00+00:00,LONG,0.00030859,-0.00192984,-0.00044901,0.00223843,0.00200001,0.004884760132650313,0.005950128165842468,-0.002604766660815292
DOGEUSDT,2024-08-15T18:00:00+00:00,LONG,0.00015618,-0.00256267,-0.00032972,0.00271885,0.00250179,-0.0019165789898640986,0.0076297930616078145,0.02458691512836422
SOLUSDT,2024-08-15T18:00:00+00:00,LONG,0.00026766,-0.00188392,-0.00057302,0.00215158,0.00202679,0.009417665640380324,0.03564666472159493,0.040101138888893294
LTCUSDT,2024-08-15T20:00:00+00:00,LONG,0.01045458,-0.0013203,-0.00039675,0.01177488,0.00223843,-0.001544163370450035,0.00952095644202289,0.00875648885643979
UNIUSDT,2024-08-16T01:00:00+00:00,LONG,0.00069481,-0.00211213,-0.0002574,0.00280694,0.00252026,0.009831985323532291,0.010462999700047004,0.015496831314309551
UNIUSDT,2024-08-16T10:00:00+00:00,LONG,0.00141427,-0.0020223,-0.00058666,0.00343657,0.00280694,-0.005585739891609362,-0.018584121948211484,0.006631221770401398
AVAXUSDT,2024-08-16T13:00:00+00:00,LONG,0.0006192,-0.00194423,-4.931e-05,0.00256343,0.00252707,-0.009914142731444253,0.008097210232619303,0.012611004570918514
AVAXUSDT,2024-08-16T20:00:00+00:00,LONG,0.00118781,-0.00156939,-0.00059698,0.0027572,0.00256343,-0.0026363340954038378,-0.007487738999380127,-0.0010244153192272005
SOLUSDT,2024-08-17T13:00:00+00:00,LONG,1.857e-05,-0.00312724,-0.00069317,0.0031458099999999998,0.00242334,0.00958847050427527,0.004705991853463084,0.010955834645126401
AVAXUSDT,2024-08-18T07:00:00+00:00,LONG,0.00018199,-0.00236819,-0.00064057,0.00255018,0.00202065,-0.0006755452872236924,0.013177946649608283,0.029046797643397616
SOLUSDT,2024-08-18T10:00:00+00:00,LONG,0.00214684,-0.00183742,-0.0005284,0.00398426,0.0031458099999999998,0.004195058763731022,0.007635025131424979,0.0040635804280573255
DOGEUSDT,2024-08-18T14:00:00+00:00,LONG,0.0001324,-0.00197683,-0.00014647,0.00210923,0.0020512,0.0017458782320209727,-0.006623185796937994,-0.02506643257370351
DOGEUSDT,2024-08-18T16:00:00+00:00,SHORT,0.00100719,-0.00126583,7.895e-05,0.0022730199999999997,0.00210923,0.011586712558146224,0.009727703168012067,0.029272299240982316
UNIUSDT,2024-08-18T20:00:00+00:00,LONG,0.00027414,-0.0021022,-0.00041599,0.00237634,0.00215368,-0.0032195777971881006,-0.008716762214416942,-0.004026094495474903
LTCUSDT,2024-08-18T22:00:00+00:00,LONG,0.0,-0.00126186,-0.00067007,0.00126186,0.00118982,0.0004525228224140989,0.0034641197379676756,0.004065352282758313
LTCUSDT,2024-08-19T01:00:00+00:00,LONG,0.00025504,-0.00110475,-0.00050129,0.00135979,0.00129122,-0.0004509582940009306,-0.004820738471230563,-0.003462555209554477
LTCUSDT,2024-08-19T04:00:00+00:00,LONG,0.0002395,-0.00112776,-0.00035891,0.00136726,0.00135979,-0.0030156838295002887,0.005854553988785377,0.002406016198278411
LTCUSDT,2024-08-19T09:00:00+00:00,LONG,0.0,-0.00153176,-0.00025125,0.00153176,0.00136726,-0.0038992250962653963,-0.007512054556609655,-0.004350115612659149
AVAXUSDT,2024-08-19T13:00:00+00:00,LONG,0.00091791,-0.00182674,-0.00045309,0.00274465,0.0018586800000000001,0.0038419500145310285,0.0129258934229509,0.05539732053184353
DOGEUSDT,2024-08-19T17:00:00+00:00,LONG,0.00059401,-0.0017917,-0.00084683,0.00238571,0.00225535,0.0006945478276923697,-0.0037788430010834966,0.04274570132191635
UNIUSDT,2024-08-19T17:00:00+00:00,LONG,0.00103399,-0.00180993,-0.00074002,0.0028439199999999998,0.00237634,0.006342000279381614,0.006990193463638911,0.04948905761663363
SOLUSDT,2024-08-19T22:00:00+00:00,LONG,-0.00012533,-0.00345736,-0.00046431,0.00333203,0.00241771,0.00481737686489231,0.012650639730406362,0.017982668132659536
DOGEUSDT,2024-08-20T00:00:00+00:00,LONG,0.00143977,-0.00162617,-0.0008274,0.0030659399999999996,0.00238571,0.011688131128261172,0.0134152472743363,0.021150567322756927
UNIUSDT,2024-08-20T04:00:00+00:00,LONG,0.00108226,-0.00219405,-4.662e-05,0.00327631,0.0028439199999999998,0.0065420794074305035,-0.006427865668712283,-0.04311012365372855
AVAXUSDT,2024-08-20T14:00:00+00:00,LONG,0.00055506,-0.00153557,-0.00063544,0.00209063,0.00196484,0.0002756592868689989,0.029831339599471693,0.040169297987171455
DOGEUSDT,2024-08-20T14:00:00+00:00,LONG,0.00039975,-0.0032766,-0.00070028,0.00367635,0.0035207,0.0,0.014678270822842943,0.01708779442126454
LTCUSDT,2024-08-20T15:00:00+00:00,LONG,0.0,-0.00267449,-0.00043924,0.00267449,0.00129329,-0.0006289308383414159,0.01420234562675036,0.007048349329932054
AVAXUSDT,2024-08-20T17:00:00+00:00,LONG,0.00209939,-0.00132058,-0.00044984,0.00341997,0.00209063,0.003842893151439862,0.005669784603071265,0.03480103956527288
ZECUSDT,2024-08-21T01:00:00+00:00,LONG,0.00065586,-0.00255653,-0.00103914,0.00321239,0.00319413,0.009080110175924474,0.012878785209140335,0.026996666754925267
UNIUSDT,2024-08-21T07:00:00+00:00,LONG,0.00071456,-0.00214911,-0.00040944,0.00286367,0.002587,-0.0148747706947472,-0.0074097282519435745,0.08699856033823614
SOLUSDT,2024-08-21T13:00:00+00:00,LONG,0.0004757,-0.00135031,-0.00027479,0.0018260099999999999,0.0015438,-0.010606289455748267,0.0010544679629739147,0.012322073931388556
UNIUSDT,2024-08-21T17:00:00+00:00,LONG,0.00102284,-0.00281377,-0.00050153,0.00383661,0.00286367,0.01056373328310172,0.04048443391619212,0.017449429689802468
AVAXUSDT,2024-08-21T18:00:00+00:00,LONG,7.233e-05,-0.00404944,-0.00097588,0.004121769999999999,0.0028011900000000003,0.007058752785600672,0.004555622567481903,-0.007151911600807792
DOGEUSDT,2024-08-22T13:00:00+00:00,LONG,0.00024168,-0.00210471,-0.00086856,0.0023463900000000003,0.00226882,-0.0020835313911059957,-0.00569261499328657,0.0028342012358751134
ZECUSDT,2024-08-22T13:00:00+00:00,LONG,0.0009609,-0.00405148,-0.00165946,0.0050123799999999994,0.0031922400000000003,0.0009624639819005275,-0.002168936866662229,-0.008704116848322821
DOGEUSDT,2024-08-23T12:00:00+00:00,LONG,0.00147716,-0.00172038,-0.00055172,0.00319754,0.0023463900000000003,-0.0001848941486268687,0.020947484440902893,0.04332579029555661
DOGEUSDT,2024-08-23T14:00:00+00:00,LONG,0.00131615,-0.00212927,-0.00028274,0.0034454200000000003,0.00319754,0.021811015083328663,0.04074755929747334,0.04804556249690571
SOLUSDT,2024-08-23T14:00:00+00:00,LONG,0.00024902,-0.00159298,-0.00051617,0.0018419999999999999,0.0013035,0.006324604250524664,0.033026397758755016,0.06655057235356854
UNIUSDT,2024-08-23T17:00:00+00:00,LONG,0.00050292,-0.00199468,-0.00030487,0.0024976,0.0024701799999999998,-0.013586193963643883,0.004252309738530476,-0.010997754209541398
SOLUSDT,2024-08-23T20:00:00+00:00,LONG,0.00123492,-0.00123978,-0.00044996,0.0024747,0.0018419999999999999,0.008596268487725529,0.014547769665171824,0.03085624822710621
SOLUSDT,2024-08-23T22:00:00+00:00,LONG,0.00220835,-0.00109591,-0.00026082,0.00330426,0.0024747,0.009409257639249,0.009865988886952837,0.039165474460032136
AVAXUSDT,2024-08-24T09:00:00+00:00,LONG,0.00137712,-0.00165605,-0.00055922,0.00303317,0.00298699,0.008228676898837923,0.012884878598122993,-0.00643065128430388
DOGEUSDT,2024-08-24T12:00:00+00:00,LONG,0.0005421,-0.00327726,-0.00016875,0.00381936,0.0034454200000000003,0.0037500043945405443,0.023341171047389097,-0.006101409686317049
LTCUSDT,2024-08-24T21:00:00+00:00,LONG,0.00013677,-0.0024016,-5.6e-06,0.00253837,0.00134031,0.002265690871791278,-0.0024224084517914042,-0.014776717952726627
AVAXUSDT,2024-08-25T16:00:00+00:00,LONG,0.00037229,-0.00193009,-6.316e-05,0.00230238,0.00225878,0.00519925410836814,0.0008932227323567014,0.0018599811924227944
DOGEUSDT,2024-08-25T23:00:00+00:00,LONG,0.00061809,-0.00183559,-0.00018049,0.0024536799999999998,0.00243911,0.000638831872056747,-0.002284879666993169,-0.0074220343459172125
UNIUSDT,2024-08-26T02:00:00+00:00,LONG,0.00069944,-0.00234177,-0.00020101,0.00304121,0.00252847,0.0031830265601211125,-0.0038025751196458994,-0.014989574019524499
SOLUSDT,2024-08-26T06:00:00+00:00,LONG,0.00054583,-0.00085962,-0.00041803,0.00140545,0.0013905,0.0007485242157396644,0.013829179972553132,-0.0008876326916843426
ZECUSDT,2024-08-26T08:00:00+00:00,LONG,0.00291445,-0.00231243,-0.00231243,0.00522688,0.0037375200000000003,-0.002939017545388849,-0.022506205304297058,-0.09403928316244625
SOLUSDT,2024-08-26T11:00:00+00:00,LONG,0.0002,-0.00128797,-0.00031791,0.0014879700000000001,0.00140545,-0.006420748614297389,-0.017474700500739227,-0.020520004094271595
SOLUSDT,2024-08-26T14:00:00+00:00,LONG,0.00036114,-0.0036385,-0.00049533,0.00399964,0.0014879700000000001,0.0016009660037797596,0.009491999963557278,0.005427800297713135
LTCUSDT,2024-08-26T17:00:00+00:00,LONG,3.95e-05,-0.00155731,-0.0008918,0.00159681,0.00123663,0.008639023335620317,0.0014187753621332205,0.004564421240052514
AVAXUSDT,2024-08-27T06:00:00+00:00,LONG,0.00091482,-0.00140323,-0.00023358,0.0023180500000000003,0.00187543,0.004566993538747447,-0.03319216346715623,-0.02664370896116674
DOGEUSDT,2024-08-27T10:00:00+00:00,LONG,0.00046689,-0.00192908,-0.00061861,0.00239597,0.0023536499999999997,0.002978051098614915,0.0016342229063656202,-0.05213421377470362
DOGEUSDT,2024-08-27T21:00:00+00:00,LONG,0.00049287,-0.00250337,-0.00106321,0.00299624,0.00239597,-0.01429027035306357,-0.012366316542029817,0.01654895816404853
LTCUSDT,2024-08-27T21:00:00+00:00,LONG,6.179e-05,-0.00473976,-0.00065787,0.00480155,0.0015151700000000001,-0.013650405197456658,-0.016137350025628206,0.006999296093086866
SOLUSDT,2024-08-27T21:00:00+00:00,LONG,0.00087133,-0.00182106,-0.00026504,0.0026923900000000002,0.00242984,-0.012138199120176054,-0.01570643948365863,-0.008853100677911507
UNIUSDT,2024-08-27T21:00:00+00:00,LONG,0.00039524,-0.00419237,-0.00035243,0.00458761,0.00210661,-0.01211926190746884,-0.022449389660972256,0.01655469157616485
AVAXUSDT,2024-08-27T22:00:00+00:00,LONG,0.00052851,-0.00189441,-0.00055333,0.0024229200000000003,0.0023180500000000003,-0.0021168421311335396,-0.012642815428576924,0.015633031884093103
ZECUSDT,2024-08-27T22:00:00+00:00,LONG,0.00195039,-0.00318549,-0.00078881,0.00513588,0.0040748,-0.010383143654429152,-0.00953723919118712,-0.05067636403704444
UNIUSDT,2024-08-27T23:00:00+00:00,LONG,0.00048681,-0.00628799,-0.00064338,0.0067748,0.00458761,-0.00456381343306459,0.0033219717585220307,0.017361547195901026
LTCUSDT,2024-08-29T17:00:00+00:00,LONG,9.28e-05,-0.00275296,-0.00032249,0.00284576,0.0024334,-0.02604189022150455,-0.01637686653228298,-0.02216466403963724
ZECUSDT,2024-08-29T18:00:00+00:00,LONG,0.00090818,-0.00360128,-0.00036121,0.00450946,0.00327602,-0.003625381614316857,0.003011143497687422,0.0024096397201533296
AVAXUSDT,2024-08-29T19:00:00+00:00,LONG,0.00038886,-0.00208408,-0.00052291,0.00247294,0.00237008,8.627383319981259e-05,-0.013113518356813531,0.007948996675400131
SOLUSDT,2024-08-29T21:00:00+00:00,LONG,-0.00019843,-0.00277667,-0.00042177,0.0025782400000000003,0.0018699699999999999,0.0034339043646760656,0.004735559509767591,0.0032478152417641957
LTCUSDT,2024-08-29T22:00:00+00:00,LONG,0.00035863,-0.0025824,-0.00030058,0.00294103,0.00284576,0.008202699792180976,0.007561776841223358,0.02346289101460328
LTCUSDT,2024-08-30T08:00:00+00:00,LONG,0.0,-0.00912558,-0.00041874,0.00912558,0.00294103,0.001581528085459335,0.001739543413274782,0.02052237764834679
SOLUSDT,2024-08-30T15:00:00+00:00,LONG,0.00042406,-0.0036872,-0.00033866,0.00411126,0.0025782400000000003,0.004297829251739313,0.019571753969344373,0.03641909624488709
UNIUSDT,2024-08-30T15:00:00+00:00,SHORT,0.00024568,-0.00374906,0.00021987,0.00399474,0.0032394000000000004,-0.01763714148610666,-0.03479676176893307,-0.04573517197671913
DOGEUSDT,2024-08-30T23:00:00+00:00,LONG,0.00106131,-0.00255818,-0.00030669,0.0036194900000000004,0.00294892,0.0019636726977598734,-0.005321258121894533,-0.005222458536772352
UNIUSDT,2024-08-31T18:00:00+00:00,LONG,0.00033077,-0.00374501,-0.00121697,0.00407578,0.00253826,-0.0008436683196782511,-0.002533143294945256,-0.03135160416813278
DOGEUSDT,2024-09-01T05:00:00+00:00,LONG,0.00055664,-0.00160938,-0.00120922,0.0021660200000000003,0.00182241,0.005257316729409313,0.007171385716544275,-0.01326550065041565
SOLUSDT,2024-09-01T05:00:00+00:00,LONG,-2.85e-05,-0.00179282,-0.00070597,0.00176432,0.0014238200000000001,0.008140068496209414,-0.002832345429325246,0.007921343361179894
SOLUSDT,2024-09-01T07:00:00+00:00,LONG,0.00133781,-0.00109458,-0.00027892,0.00243239,0.00176432,-0.010123314226100296,-0.006970091720046321,0.018029805639974965
AVAXUSDT,2024-09-01T09:00:00+00:00,LONG,0.00097077,-0.00160972,-0.00043589,0.00258049,0.00162651,-0.007269495778081715,-0.0031346584263495054,-0.019595191064194644
SOLUSDT,2024-09-01T09:00:00+00:00,LONG,0.0020217,-0.00268051,-0.00041636,0.00470221,0.00243239,-0.005819282705033762,0.0028551760862104186,0.01989935143504952
ZECUSDT,2024-09-01T10:00:00+00:00,LONG,0.00025365,-0.00280244,-0.00051839,0.00305609,0.0027383,0.0025109868811580885,-0.016157487571326578,-0.08182514589119012
ZECUSDT,2024-09-01T13:00:00+00:00,LONG,0.0,-0.0035583,-1.62e-06,0.0035583,0.00305609,-0.0019144868642725222,-0.0176881923106171,-0.07202583733656334
DOGEUSDT,2024-09-01T14:00:00+00:00,LONG,7.849e-05,-0.00224131,-0.00134712,0.0023198,0.0021660200000000003,0.0062140473987332264,0.005909339661877647,-0.030608811718576726
LTCUSDT,2024-09-01T14:00:00+00:00,LONG,0.00025076,-0.00159372,-0.0003492,0.0018444800000000001,0.00172513,0.0023348131082868034,0.006214094875951501,-0.011914234050483748
AVAXUSDT,2024-09-01T17:00:00+00:00,LONG,0.0,-0.00630135,-0.00037904,0.00630135,0.00258049,0.012844254913971523,0.001825484260130366,0.0008218803257033592
DOGEUSDT,2024-09-01T22:00:00+00:00,SHORT,0.00031201,-0.00253777,0.00025154,0.00284978,0.0023198,-0.007182117902659549,-0.006023796286285189,-0.032331526105471436
LTCUSDT,2024-09-01T22:00:00+00:00,SHORT,5.001e-05,-0.00213639,5.001e-05,0.0021864000000000002,0.0018444800000000001,-0.00837618488740604,-0.006328133757975996,-0.013712879392847576
ZECUSDT,2024-09-01T23:00:00+00:00,LONG,0.00090913,-0.00279334,-0.00049038,0.0037024700000000002,0.0035583,-0.003752349618550464,-0.006490202115889215,-0.01440354119152447
ZECUSDT,2024-09-02T03:00:00+00:00,LONG,0.00143348,-0.00249222,-0.00010177,0.0039257,0.0037024700000000002,-0.01798734071888158,-0.0013722129082868835,-0.014503016636270644
UNIUSDT,2024-09-02T08:00:00+00:00,LONG,0.0011079,-0.00221284,-0.00109309,0.00332074,0.0022678900000000003,0.006368380832598375,0.006034212074267348,0.038910282687212076
ZECUSDT,2024-09-02T14:00:00+00:00,LONG,0.00064049,-0.00425814,-0.00073547,0.004898629999999999,0.0039257,-0.008313175690204644,0.0,0.036244441391264225
UNIUSDT,2024-09-03T14:00:00+00:00,LONG,0.00259417,-0.00154666,-0.00052987,0.00414083,0.0031575600000000002,0.0018177316415438096,0.005114256795951794,-0.008637927462794959
SOLUSDT,2024-09-03T16:00:00+00:00,LONG,3.545e-05,-0.00176055,-0.00049971,0.001796,0.0014505899999999999,0.0018004021143809364,0.005468103633170277,-0.016233757250105306
AVAXUSDT,2024-09-04T01:00:00+00:00,LONG,0.00257731,-0.006816,-0.00083618,0.00939331,0.00192878,0.0003297143290745054,-0.0018389725800266865,0.013569364109007031
DOGEUSDT,2024-09-04T01:00:00+00:00,LONG,0.00396331,-0.00616626,-0.00067125,0.010129570000000001,0.00238288,0.003058590160612809,0.0,0.010716639650371592
LTCUSDT,2024-09-04T01:00:00+00:00,LONG,0.00258185,-0.00690506,-0.0002573,0.009486910000000001,0.00196094,-0.0009298001599666387,0.0013930812561730908,0.0009289364346588147
SOLUSDT,2024-09-04T01:00:00+00:00,LONG,0.00427912,-0.00665606,-0.00054963,0.01093518,0.001796,0.0026161316682137025,0.0005363918313077819,0.01958771143862389
UNIUSDT,2024-09-04T01:00:00+00:00,LONG,0.00218736,-0.00777951,-0.00068398,0.00996687,0.00414083,-0.00582219061279704,0.01954566616908083,0.0399923255105792
ZECUSDT,2024-09-04T01:00:00+00:00,LONG,0.00178127,-0.00615036,-0.00018363,0.00793163,0.00355844,0.007692345623155645,0.010474956114267617,0.027351540583294007
UNIUSDT,2024-09-04T15:00:00+00:00,LONG,0.0057118,-0.00642416,-0.00091756,0.012135960000000001,0.00996687,0.010264475812757773,0.0056118619608627185,-0.011319095854416617
LTCUSDT,2024-09-05T06:00:00+00:00,LONG,0.00125265,-0.00163943,-0.00052448,0.00289208,0.0017215899999999998,0.023425830303829945,-0.00707567874876213,-0.016486798604065683
AVAXUSDT,2024-09-05T12:00:00+00:00,LONG,0.00073757,-0.00148276,-0.00082916,0.00222033,0.00218542,0.00848220394734965,-0.011671121735375982,-0.017605025375220906
ZECUSDT,2024-09-05T14:00:00+00:00,LONG,0.00073898,-0.00292235,-0.00034305,0.00366133,0.00349909,-0.0058610752165462595,-0.0030986425206362476,0.004801106616044421
DOGEUSDT,2024-09-05T16:00:00+00:00,LONG,0.00120379,-0.00188821,-0.00078527,0.003092,0.00263372,0.00782802757080266,-0.0006125574464128071,0.004582259430691368
ZECUSDT,2024-09-06T03:00:00+00:00,LONG,0.00014247,-0.00406984,-0.00016326,0.00421231,0.00366133,-0.004249298178657768,-0.023959665713866787,-0.05557994711693078
AVAXUSDT,2024-09-06T06:00:00+00:00,LONG,0.00121224,-0.00154834,-0.00085615,0.0027605800000000003,0.00222033,-0.013957154196549719,-0.012747851723593296,-0.04223042389531312
UNIUSDT,2024-09-06T07:00:00+00:00,LONG,0.00065121,-0.00170185,-0.00046818,0.00235306,0.0019660199999999997,0.003232587266208421,0.005650188572678462,-0.016815350090205038
DOGEUSDT,2024-09-06T09:00:00+00:00,LONG,0.00029806,-0.00401821,-0.00060387,0.0043162700000000005,0.003092,0.0025740039951728426,-0.016946914912561915,-0.06034115684178813
SOLUSDT,2024-09-06T12:00:00+00:00,LONG,0.00281429,-0.00185634,-0.00088488,0.00467063,0.0019395699999999998,-0.020378589308803843,-0.053879902734558886,-0.06674202112169011
UNIUSDT,2024-09-06T12:00:00+00:00,LONG,0.00095513,-0.00155784,-0.00057752,0.00251297,0.00235306,-0.011527505171067383,-0.028416506803768695,-0.018638071652496164
LTCUSDT,2024-09-06T14:00:00+00:00,LONG,0.0004148,-0.00195768,-0.00047184,0.0023724799999999997,0.0021688799999999998,-0.007326040092072898,-0.025162516424074112,-0.013918435651446225
UNIUSDT,2024-09-06T14:00:00+00:00,LONG,0.00058126,-0.0021262,-0.00030671,0.00270746,0.00251297,-0.00968999830096917,-0.0291908210960239,-0.011964572799096015
AVAXUSDT,2024-09-06T21:00:00+00:00,LONG,0.00076068,-0.00220616,-0.00015679,0.00296684,0.0027605800000000003,0.0019014123711188892,0.0032776791094827466,0.020532861689093428
UNIUSDT,2024-09-07T04:00:00+00:00,LONG,0.00212691,-0.00120169,-0.00012516,0.0033286,0.00270746,-0.0039945726999969,0.026282101315732692,0.030467180662937084
ZECUSDT,2024-09-07T13:00:00+00:00,LONG,0.00021733,-0.00320373,-0.00121493,0.00342106,0.00315967,-0.008755090068511176,-0.03296417553897608,-0.03657428776307583
DOGEUSDT,2024-09-07T21:00:00+00:00,LONG,0.0009919,-0.00158275,-0.00060427,0.00257465,0.00228843,-0.002527913711891171,0.005455321964148733,0.0060828714042604915
LTCUSDT,2024-09-07T23:00:00+00:00,LONG,0.0,-0.00161776,-0.00076356,0.00161776,0.00159345,-0.002583146415379431,-0.0016136843908312324,-0.001936733981752517
AVAXUSDT,2024-09-08T07:00:00+00:00,LONG,0.0011665,-0.00131331,-0.00039806,0.00247981,0.00221615,-0.0032125054760654484,-0.001214329232401831,-0.005519713255741729
UNIUSDT,2024-09-08T10:00:00+00:00,LONG,0.00045017,-0.00189564,-0.00076735,0.0023458100000000003,0.00223195,-0.002672327299675789,-0.01025650016718911,-0.011208578944279948
SOLUSDT,2024-09-08T15:00:00+00:00,LONG,3.941e-05,-0.00176936,-0.00023032,0.00180877,0.00141853,0.00777486022188407,0.01503893747997651,0.014090037976560664
AVAXUSDT,2024-09-08T22:00:00+00:00,LONG,0.00128401,-0.00178505,-0.00075683,0.00306906,0.00247981,0.007301352289903184,0.019622363770825286,0.03615236275154014
LTCUSDT,2024-09-09T00:00:00+00:00,LONG,0.0,-0.00163013,-0.0004311,0.00163013,0.00159052,-0.0032965251544080456,-0.00859367377649953,-0.006438321868571094
ZECUSDT,2024-09-09T06:00:00+00:00,LONG,0.00021873,-0.00298401,-0.00053384,0.00320274,0.00312222,0.020978547131155344,0.01992239494708053,0.04290390776012081
AVAXUSDT,2024-09-09T08:00:00+00:00,LONG,0.00156496,-0.00214814,-2.983e-05,0.0037131000000000004,0.00306906,-0.01599767495352416,-0.019489401435047408,-0.005886027356242982
LTCUSDT,2024-09-09T09:00:00+00:00,LONG,0.0,-0.00177127,-0.00026153,0.00177127,0.00163013,0.004138051092258498,0.003311809617508673,0.02117088999504003
LTCUSDT,2024-09-09T13:00:00+00:00,LONG,7.921e-05,-0.00174528,-0.00065281,0.00182449,0.00177127,-0.011303311834993788,0.007574546341595004,0.0021464550468435787
SOLUSDT,2024-09-09T13:00:00+00:00,LONG,0.00147425,-0.00164439,-0.0006944,0.0031186399999999998,0.00180877,-0.019958752093897237,0.02428430070969091,0.027958744942643426
DOGEUSDT,2024-09-09T14:00:00+00:00,LONG,0.00083805,-0.00149599,-0.0006535,0.00233404,0.0022001,0.01611293273527702,0.06333624631477706,0.052469737913961194
DOGEUSDT,2024-09-09T16:00:00+00:00,LONG,0.00099467,-0.00157749,-0.00037214,0.00257216,0.00233404,-0.004251624918330191,0.0036573669257341603,-0.002123552921561162
SOLUSDT,2024-09-09T16:00:00+00:00,LONG,0.0024279,-0.00112715,-0.00025447,0.00355505,0.0031186399999999998,0.0017027821238556045,0.015058248713982689,0.002372551830903267
ZECUSDT,2024-09-10T10:00:00+00:00,LONG,0.00101828,-0.00246882,-0.00067653,0.0034871,0.0031212,0.014198686612928224,0.006629126033189542,0.02560875335095915
UNIUSDT,2024-09-10T16:00:00+00:00,LONG,0.00296758,-0.00139452,-0.00051478,0.0043621,0.00247193,0.01599555742424696,0.010045815047622494,-0.005894372087464202
AVAXUSDT,2024-09-11T01:00:00+00:00,LONG,0.00049186,-0.0017878,-0.00086941,0.00227966,0.0018936699999999999,0.0,-0.023837822032448,-0.036276382195577564
SOLUSDT,2024-09-11T01:00:00+00:00,LONG,0.00017487,-0.0012397,-0.00069042,0.00141457,0.00130366,0.0042733668537709045,-0.015342128950328326,-0.028728819696550875
LTCUSDT,2024-09-11T04:00:00+00:00,LONG,0.0,-0.00144322,-0.00047479,0.00144322,0.00128447,0.0011418319485423081,0.003746848074908835,0.007965578978957524
LTCUSDT,2024-09-11T09:00:00+00:00,LONG,0.0,-0.00155673,-0.00073282,0.00155673,0.00144322,-0.0032658422234171118,-0.01826159163047593,0.010056856862562285
SOLUSDT,2024-09-11T12:00:00+00:00,LONG,0.00061303,-0.00144526,-0.00037686,0.00205829,0.00141457,-0.017983771152911467,-6.065016983892405e-05,0.01200425855584573
LTCUSDT,2024-09-11T14:00:00+00:00,LONG,0.00055133,-0.00114304,-0.00031543,0.00169437,0.00155673,0.0124571353557656,0.021699195465028583,0.02234456496145215
ZECUSDT,2024-09-11T14:00:00+00:00,LONG,0.0,-0.00346252,-0.00036998,0.00346252,0.00334495,0.011866557284279848,0.013550342831107596,0.023260782433825133
AVAXUSDT,2024-09-12T02:00:00+00:00,LONG,0.00021864,-0.00196786,-0.0008963,0.0021865,0.00197333,-0.0016034435267985397,-0.008425648422853628,-0.007703089683521726
AVAXUSDT,2024-09-12T14:00:00+00:00,LONG,0.00029474,-0.00192955,-0.00099732,0.00222429,0.0021865,-0.0036178719578500956,0.010733706839887973,0.010439434635977705
ZECUSDT,2024-09-12T15:00:00+00:00,LONG,0.00276484,-0.00238762,-3.45e-05,0.00515246,0.00301552,0.00919781650463145,0.00919781650463145,0.0034164706958972777
SOLUSDT,2024-09-12T17:00:00+00:00,LONG,0.00085975,-0.00096758,-0.00052899,0.00182733,0.00143159,-0.001324645629033198,0.0015296680943294313,-0.004595664451904384
UNIUSDT,2024-09-12T20:00:00+00:00,LONG,0.00200727,-0.001471,-0.0003202,0.00347827,0.00199348,-0.009121734573677437,-0.010156854813977115,-0.017134835767289226
DOGEUSDT,2024-09-12T22:00:00+00:00,LONG,0.00066294,-0.00139153,-0.0009067,0.00205447,0.00202773,-0.004179429712040899,-0.010432503335700442,0.031318198291257406
LTCUSDT,2024-09-12T22:00:00+00:00,LONG,0.0,-0.00136624,-0.00029413,0.00136624,0.0013522,0.00015927371221059815,-0.0017536871772233448,0.010615642746589195
DOGEUSDT,2024-09-13T09:00:00+00:00,LONG,0.0013577,-0.00110876,-0.0005064,0.00246646,0.00205447,0.012962005596269432,0.001712655033280741,0.022597703892053664
AVAXUSDT,2024-09-13T15:00:00+00:00,LONG,0.00112748,-0.001142,-5.617e-05,0.00226948,0.00204125,-0.003327384988442231,0.00048600705666863186,0.013799426425290934
SOLUSDT,2024-09-13T17:00:00+00:00,LONG,0.00020764,-0.00262807,-0.00061414,0.00283571,0.00182733,0.007686455346059247,0.015263811748388196,0.009696754265699617
DOGEUSDT,2024-09-15T03:00:00+00:00,LONG,0.00053644,-0.00135434,-0.00055132,0.00189078,0.00187207,-0.004839407841191895,0.00056780544726049,0.004910302595020745
UNIUSDT,2024-09-15T04:00:00+00:00,LONG,0.00118719,-0.00117893,-0.00030628,0.00236612,0.00166077,-0.0035550326287229514,0.003247714694029527,-0.0053372995493340385
ZECUSDT,2024-09-15T05:00:00+00:00,LONG,0.0,-0.00260207,-0.00106616,0.00260207,0.00244953,-0.006493529310548231,-0.006493529310548231,-0.030225691229248113
ZECUSDT,2024-09-15T09:00:00+00:00,LONG,0.0,-0.00313394,-0.0006383,0.00313394,0.00260207,0.000976403657718833,0.0,-0.03985914549788294
LTCUSDT,2024-09-15T14:00:00+00:00,LONG,-2.59e-05,-0.00113152,-0.00031352,0.00110562,0.00109433,-0.0030974161359727252,-0.011039527492747924,-0.03509131981127017
SOLUSDT,2024-09-15T14:00:00+00:00,LONG,-0.00017279,-0.00175617,-0.00024145,0.0015833800000000001,0.0011156,-0.00015475712374229744,-0.015378464005424163,-0.045767626764849856
DOGEUSDT,2024-09-15T16:00:00+00:00,SHORT,0.00065708,-0.00133111,0.00025033,0.00198819,0.00189078,-0.004948149785716667,-0.0008581645341914664,0.035834294812644406
AVAXUSDT,2024-09-15T17:00:00+00:00,LONG,0.0,-0.00164123,-0.00046516,0.00164123,0.00159647,-0.000818799685473991,-0.01958821256981321,-0.026792130472654288
SOLUSDT,2024-09-15T18:00:00+00:00,LONG,0.0,-0.00159223,-0.00043658,0.00159223,0.0015833800000000001,-0.0018574419085349415,-0.01386389095710583,-0.023331868377405113
ZECUSDT,2024-09-15T18:00:00+00:00,LONG,0.0,-0.00480489,-0.00016818,0.00480489,0.00313394,-0.001002506349625701,-0.019221633780953554,-0.023315805313616877
AVAXUSDT,2024-09-15T20:00:00+00:00,LONG,-0.00014004,-0.00260226,-0.00088046,0.0024622199999999998,0.00164123,-0.006945194372334437,-0.015537212693656544,-0.003736925125998445
DOGEUSDT,2024-09-15T21:00:00+00:00,LONG,0.00067139,-0.00166107,-0.00085795,0.0023324599999999997,0.00198819,-0.0022133483510155183,-0.02817362343096689,-0.022553692445299093
LTCUSDT,2024-09-15T21:00:00+00:00,LONG,-2.242e-05,-0.00116322,-0.00035173,0.0011408,0.00110562,-0.003134798805371392,-0.019596075859443483,-0.011015060230677318
DOGEUSDT,2024-09-16T01:00:00+00:00,LONG,0.00067666,-0.00168137,-0.0008613,0.00235803,0.0023324599999999997,-0.008240304756443183,0.007289954459419402,0.0030603706199867284
SOLUSDT,2024-09-16T18:00:00+00:00,LONG,8.887e-05,-0.001703,-0.00033743,0.00179187,0.00159223,0.004557523583821015,0.0015010763082930647,0.011067101776202017
LTCUSDT,2024-09-17T00:00:00+00:00,LONG,0.00044178,-0.00089756,-0.00077098,0.00133934,0.00112182,0.0028948235075590676,0.01835206696446973,0.009616999909075734
SOLUSDT,2024-09-17T02:00:00+00:00,LONG,1.941e-05,-0.00573932,-0.00058002,0.00575873,0.00179187,0.0026585195184417923,0.009145209614539327,0.020668305808116166
UNIUSDT,2024-09-17T03:00:00+00:00,LONG,0.00333145,-0.00146336,-0.00067591,0.00479481,0.00221885,0.018323709228533002,0.02879659845475242,0.07828394481462313
AVAXUSDT,2024-09-17T07:00:00+00:00,LONG,0.00023587,-0.00136949,-0.00086276,0.00160536,0.00160461,-0.0026955329466137293,0.0020588675101993145,0.003484982428300109
AVAXUSDT,2024-09-17T14:00:00+00:00,LONG,0.00056861,-0.00138301,-8.154e-05,0.00195162,0.00160536,0.0098474251190345,-0.00910931158100915,-0.015522948875034305
DOGEUSDT,2024-09-17T14:00:00+00:00,LONG,0.0007147,-0.00158346,-0.00061204,0.00229816,0.00216351,0.014282439285642726,0.0032684622768106857,0.0013879252748480759
ZECUSDT,2024-09-17T15:00:00+00:00,LONG,0.00033714,-0.00364876,-0.00128642,0.0039859,0.0026091300000000003,-0.01003352898957781,-0.013063324271430515,-0.0003328340852826127
AVAXUSDT,2024-09-17T16:00:00+00:00,LONG,0.00113774,-0.00129567,-0.00087609,0.00243341,0.00195162,-0.0006645346425555964,-0.011777616928273745,-0.018141562123600637
LTCUSDT,2024-09-18T08:00:00+00:00,LONG,-2.104e-05,-0.00139739,-0.00056169,0.0013763500000000001,0.00124536,-0.005814426689700713,-0.009129608508826154,0.004845652310674007
LTCUSDT,2024-09-18T15:00:00+00:00,LONG,0.0002784,-0.00114551,-0.00069438,0.00142391,0.0013763500000000001,0.013797697284098935,0.020547585559759586,0.035762907811784775
AVAXUSDT,2024-09-18T18:00:00+00:00,LONG,0.0006081,-0.00200989,-0.00114365,0.0026179899999999997,0.0018080099999999999,-0.00720608597437901,0.018437969709683165,0.08931713887690634
DOGEUSDT,2024-09-18T18:00:00+00:00,LONG,0.00082068,-0.00224963,-0.00105644,0.0030703099999999997,0.00225335,-0.0063160182332628895,0.0055918132657779345,0.022182055525974485
LTCUSDT,2024-09-18T18:00:00+00:00,LONG,0.00069709,-0.00175535,-0.00076978,0.00245244,0.00142391,0.0010957189794709398,0.004375690682223076,0.016311041231496164
SOLUSDT,2024-09-18T18:00:00+00:00,LONG,0.00072348,-0.00213144,-0.00070701,0.00285492,0.00137902,-0.013878722604249093,0.001005208893926808,0.05305136711925883
UNIUSDT,2024-09-18T18:00:00+00:00,LONG,0.00125053,-0.00193519,-0.00016918,0.00318572,0.00230874,-0.0033490669147694164,0.007871672495768013,0.03816801991611859
ZECUSDT,2024-09-18T18:00:00+00:00,LONG,0.00221231,-0.00192087,-6.189e-05,0.00413318,0.0039634,-0.01668930592406439,-0.004977611073752244,0.035445102147526816
AVAXUSDT,2024-09-19T06:00:00+00:00,LONG,0.00178736,-0.00099362,-0.00035209,0.0027809799999999997,0.0026179899999999997,0.006121203058391195,0.014697354074997244,0.027481943393458757
UNIUSDT,2024-09-20T01:00:00+00:00,LONG,0.00028334,-0.00254459,-6.223e-05,0.0028279299999999998,0.00214347,0.004759080963253205,0.02647992316446732,0.003719965602181318
SOLUSDT,2024-09-20T04:00:00+00:00,LONG,0.00069399,-0.00289429,-0.00064135,0.00358828,0.00162027,0.002145257646400039,0.017897299923093482,-0.0032400906348783657
SOLUSDT,2024-09-20T06:00:00+00:00,LONG,0.00465886,-0.00100483,-0.00035227,0.00566369,0.00358828,-0.0021232483742862343,0.0013272190769904814,-0.03467560797427076
ZECUSDT,2024-09-20T11:00:00+00:00,LONG,0.00055765,-0.00268676,-0.00069873,0.0032444099999999997,0.0027861500000000003,0.0012730746467981126,-0.021568516771814334,-0.004468567920877019
LTCUSDT,2024-09-20T13:00:00+00:00,LONG,0.00028837,-0.00108287,-4.495e-05,0.0013712400000000001,0.0012475300000000002,-0.0026115691930381035,-0.008783475839341554,-0.003996930763025063
ZECUSDT,2024-09-20T13:00:00+00:00,LONG,0.00062956,-0.00455375,-0.00119391,0.00518331,0.0032444099999999997,-0.00877626305901585,-0.015984682214426477,-0.0019436352085710144
DOGEUSDT,2024-09-20T14:00:00+00:00,LONG,0.00063192,-0.00176228,-0.0003373,0.0023942,0.0022776999999999997,0.003525995934053267,-0.001719855191749701,0.0
LTCUSDT,2024-09-20T20:00:00+00:00,LONG,0.00090503,-0.00108028,-0.00039967,0.00198531,0.0013712400000000001,0.0001532919448083083,0.003061383073642839,0.008852316660023092
DOGEUSDT,2024-09-21T15:00:00+00:00,LONG,0.00132162,-0.00131781,-0.00034212,0.00263943,0.00215777,-0.0016489560350479503,-0.006335818449085783,-0.011415018545316827
LTCUSDT,2024-09-22T04:00:00+00:00,LONG,-7.042e-05,-0.00153076,-0.00014776,0.0014603399999999999,0.00113527,-0.0043170889527388324,0.000742445649963359,0.00014853323458441793
SOLUSDT,2024-09-22T09:00:00+00:00,LONG,-5.746e-05,-0.00426659,-0.00070806,0.00420913,0.0012882,0.0005105314467171885,-0.009324965741853302,-0.021744612481556246
AVAXUSDT,2024-09-22T22:00:00+00:00,LONG,0.00055211,-0.00142139,-0.00018493,0.0019735,0.00160404,-0.005044607861261383,0.0035306786817958704,-0.001496104933409754
LTCUSDT,2024-09-22T22:00:00+00:00,LONG,6.922e-05,-0.00143922,-0.00052667,0.00150844,0.0014603399999999999,0.006429950547352226,0.01079042257268298,-0.017450901296761575
UNIUSDT,2024-09-22T22:00:00+00:00,LONG,0.00056076,-0.00174946,-0.00035218,0.00231022,0.00209093,-0.00526435749881735,0.013559024684489496,0.007323850089652966
AVAXUSDT,2024-09-23T01:00:00+00:00,LONG,0.00143603,-0.00120334,-0.0007922,0.0026393700000000003,0.0019735,0.005830495345167701,0.008551881665207728,0.00014617745969611548
UNIUSDT,2024-09-23T01:00:00+00:00,LONG,0.00075225,-0.00181462,-0.00040959,0.00256687,0.00231022,0.005342051582208743,0.0071164125386417865,-0.0002976190498158642
AVAXUSDT,2024-09-23T08:00:00+00:00,LONG,0.0,-0.00297228,-0.00050018,0.00297228,0.0026393700000000003,0.004526546387019971,0.0016085402313058186,-0.0025277053480515783
ZECUSDT,2024-09-23T08:00:00+00:00,LONG,0.00050795,-0.01021795,-0.00098211,0.0107259,0.0039391800000000005,0.0023789306036583386,-0.010947765860041453,0.0010202347424654594
SOLUSDT,2024-09-24T00:00:00+00:00,LONG,0.00202034,-0.00123038,-0.00055807,0.00325072,0.0017123199999999998,0.0028034353482065235,0.010836992940249469,0.023107169361735052
ZECUSDT,2024-09-24T14:00:00+00:00,LONG,0.00041997,-0.00329676,-0.00046154,0.00371673,0.00348516,-0.0062026387694881545,-0.0027519797209932697,0.021074879252474466
DOGEUSDT,2024-09-24T17:00:00+00:00,LONG,0.00090263,-0.00127536,-0.00075938,0.00217799,0.00217674,0.0017448004793782018,0.001836547807301552,0.00805570083221667
LTCUSDT,2024-09-24T17:00:00+00:00,LONG,0.0,-0.00131316,-0.00060351,0.00131316,0.00126774,-0.0009056604392619615,0.001507613733466412,0.0027120703680858756
DOGEUSDT,2024-09-24T19:00:00+00:00,SHORT,0.0008633,-0.00131874,0.00044709,0.00218204,0.00217799,0.008134956429416956,0.0010929958279115384,0.008226737439990297
DOGEUSDT,2024-09-25T03:00:00+00:00,LONG,0.00113923,-0.00144722,-0.00070024,0.0025864499999999997,0.00218204,-0.008083971541219748,-0.014488385014487912,-0.015774204442196186
UNIUSDT,2024-09-25T07:00:00+00:00,LONG,0.00038113,-0.00170533,-0.00077619,0.00208646,0.00206815,0.0015980246009843295,0.0027586224390796607,-0.00964214920963261
ZECUSDT,2024-09-25T23:00:00+00:00,LONG,3.497e-05,-0.00330489,-0.00078665,0.00333986,0.00318898,-0.007795928923984578,0.016106790781659407,0.02647315866468506
LTCUSDT,2024-09-26T00:00:00+00:00,LONG,0.00016986,-0.00162269,-0.00058921,0.00179255,0.00129593,0.005299429466498593,0.010420693860351523,0.02429633610271338
UNIUSDT,2024-09-26T00:00:00+00:00,LONG,0.00051768,-0.0019524,-0.00063421,0.00247008,0.00208646,0.007726635765771745,0.015394028091291138,0.05879788063536769
DOGEUSDT,2024-09-26T06:00:00+00:00,LONG,0.00161757,-0.00178159,-0.00061139,0.00339916,0.00232537,0.0019415768167994475,0.015254087310512886,0.04449017019091048
AVAXUSDT,2024-09-26T12:00:00+00:00,LONG,0.00109034,-0.00109526,-0.00015072,0.0021856,0.00163599,0.003685831289927292,0.026171145212791538,0.02771163470833802
SOLUSDT,2024-09-26T12:00:00+00:00,LONG,0.0002057,-0.00098651,-0.00043463,0.00119221,0.0011888,-0.0009662376315795759,0.028254821789448676,0.0255943612910451
ZECUSDT,2024-09-26T13:00:00+00:00,LONG,0.0016433,-0.00245459,-1.79e-06,0.00409789,0.00333986,0.019516097206894435,0.03144071681227594,0.029463128824330245
SOLUSDT,2024-09-26T14:00:00+00:00,LONG,0.00042383,-0.00117136,-0.00050581,0.00159519,0.00119221,0.024427839727024614,0.021674123340597467,0.0058859470185752705
DOGEUSDT,2024-09-26T23:00:00+00:00,LONG,0.00081341,-0.00654206,-0.000804,0.007355469999999999,0.00339916,-0.0005927431478852806,0.004055087080755731,0.037222873283867135
LTCUSDT,2024-09-27T10:00:00+00:00,LONG,0.00016651,-0.00166391,-0.00026766,0.00183042,0.00120995,0.005020450909322278,0.008733679968754631,0.018803972857610422
AVAXUSDT,2024-09-27T17:00:00+00:00,LONG,0.00101187,-0.00106846,-0.00015449,0.00208033,0.00157449,-0.005833803068185255,-0.004050388347997714,-0.019613352101311748
UNIUSDT,2024-09-28T06:00:00+00:00,LONG,0.00069774,-0.00153618,-0.00027401,0.00223392,0.0021906599999999997,-0.008859562082054247,0.0009211132962600302,-0.0014491801495438493
UNIUSDT,2024-09-28T13:00:00+00:00,LONG,0.00065463,-0.00187039,-0.00026105,0.00252502,0.00223392,0.01581835715346224,-0.004093225494478631,-0.00422554438319293
DOGEUSDT,2024-09-28T14:00:00+00:00,LONG,0.00190183,-0.0037488,-0.00010014,0.00565063,0.00468947,0.006126062500251816,0.0022250364034528754,-0.0032312691601665594
LTCUSDT,2024-09-28T14:00:00+00:00,LONG,0.00073858,-0.00067292,-0.00022453,0.0014115,0.00139155,-0.0037217334685287935,-0.004726109763593102,-0.005587807361074349
LTCUSDT,2024-09-29T16:00:00+00:00,LONG,0.00142912,-0.00112666,-0.00023551,0.00255578,0.00123062,0.0015789854712451657,0.004729496454654753,-0.029448192068312288
AVAXUSDT,2024-09-29T18:00:00+00:00,LONG,0.00027482,-0.00134829,-0.00061432,0.00162311,0.0014273900000000002,0.00958621988248212,0.002964701564778188,-0.01632447800128161
DOGEUSDT,2024-09-29T20:00:00+00:00,LONG,0.00035365,-0.00219055,-0.00016565,0.0025442,0.00230447,0.00047188361080100665,-0.02436620268348917,-0.040782662379991806
SOLUSDT,2024-09-29T21:00:00+00:00,LONG,0.00058751,-0.00084494,-0.00017312,0.00143245,0.00131885,-0.0066581230886522715,-0.01775905209367048,-0.03587158257502684
AVAXUSDT,2024-09-30T08:00:00+00:00,LONG,0.00046468,-0.00138369,-0.00133911,0.0018483699999999998,0.00162311,-0.022183804705714565,-0.013117687399799413,-0.021156656015340863
UNIUSDT,2024-09-30T08:00:00+00:00,LONG,0.00076116,-0.00164364,-0.00043943,0.0024048,0.00205526,-0.01618931324433457,0.0017097393525099525,-0.0010536020993087891
UNIUSDT,2024-09-30T11:00:00+00:00,LONG,0.0005945,-0.00273746,-0.00037063,0.00333196,0.0024048,0.008445550331475836,-0.003318513697852768,-0.02116055920512519
DOGEUSDT,2024-09-30T22:00:00+00:00,LONG,0.00072166,-0.00243503,-0.00069259,0.00315669,0.00236313,-0.014869192692673585,0.007309659755784113,0.023963966008569572
SOLUSDT,2024-09-30T23:00:00+00:00,LONG,6.56e-06,-0.00130976,-0.0006789,0.0013163200000000002,0.00126348,0.010954812932131455,0.01701659419232676,0.026076075285650015
ZECUSDT,2024-10-01T00:00:00+00:00,LONG,0.00122895,-0.00247692,-0.00010494,0.00370587,0.0036806,-0.0053542872873364985,0.009918607704607674,0.012031284546756092
AVAXUSDT,2024-10-01T03:00:00+00:00,LONG,0.00094004,-0.00097072,-0.00034698,0.00191076,0.0018483699999999998,0.00467627383805749,0.006743729677415152,-0.061856657994455236
LTCUSDT,2024-10-01T13:00:00+00:00,LONG,0.0001738,-0.00114427,-0.00013255,0.00131807,0.00121402,-0.0195465552611218,-0.04725768802832793,-0.046477474210174036
SOLUSDT,2024-10-01T13:00:00+00:00,LONG,0.00037553,-0.00145241,-0.00038224,0.00182794,0.00156564,-0.01897310888446123,-0.0403641196129494,-0.05028545064946489
AVAXUSDT,2024-10-01T14:00:00+00:00,LONG,0.00048372,-0.00196064,-0.00055642,0.00244436,0.00191076,-0.015402090186340279,-0.03520471748251997,-0.029979387592505218
UNIUSDT,2024-10-01T14:00:00+00:00,LONG,0.00076508,-0.00191396,-0.00059701,0.0026790399999999997,0.00251013,-0.0072082374763124055,-0.026309941862001328,-0.027871000860628856
ZECUSDT,2024-10-01T15:00:00+00:00,LONG,0.00095623,-0.00412339,-0.00013773,0.00507962,0.00463185,-0.012301168138690921,-0.03998331957742849,-0.018508966054959396
DOGEUSDT,2024-10-01T17:00:00+00:00,LONG,0.00118629,-0.0028578,-0.00100387,0.00404409,0.00315669,0.0002783060456758776,-0.0022292411238186154,-0.0009282466089329363
LTCUSDT,2024-10-01T17:00:00+00:00,LONG,0.00023223,-0.00225176,-0.00055614,0.0024839899999999997,0.00226843,-0.0009370608213402455,-0.006577940711425972,-0.001093323029643213
UNIUSDT,2024-10-01T17:00:00+00:00,LONG,0.00119644,-0.00212119,-0.00054513,0.00331763,0.00330685,-0.0015586258911614165,-0.012250865469685603,-0.00141683220074301
ZECUSDT,2024-10-01T17:00:00+00:00,LONG,0.00236241,-0.00424157,-0.00020633,0.006603980000000001,0.00507962,-0.0063373930650173676,-0.004842624475787903,0.009983443984183205
SOLUSDT,2024-10-01T20:00:00+00:00,LONG,0.00198569,-0.00139623,-0.00022265,0.00338192,0.0027938,0.007939711209988801,-0.0039659286572565336,0.019948641119081
LTCUSDT,2024-10-02T12:00:00+00:00,LONG,0.00088175,-0.00167293,-0.00041173,0.00255468,0.0024839899999999997,0.006933529194856196,0.008816178009472868,-0.0014241635447711908
LTCUSDT,2024-10-02T19:00:00+00:00,LONG,0.0002563,-0.00243466,-0.00017068,0.00269096,0.00255468,0.003172088306143979,-0.0007945967839614527,0.005386578296857745
AVAXUSDT,2024-10-03T01:00:00+00:00,LONG,0.00016843,-0.0021548,-0.00052416,0.00232323,0.00211379,0.0001966297664475988,0.0009041769657768225,-0.04049266151491651
AVAXUSDT,2024-10-03T13:00:00+00:00,LONG,0.00035458,-0.00209708,-0.00019855,0.00245166,0.00232323,-0.017307687455187147,0.0006140871787353596,0.020590035547821274
DOGEUSDT,2024-10-03T14:00:00+00:00,LONG,0.00064961,-0.00250056,-0.00084831,0.0031501700000000003,0.00259982,0.015411014960441794,0.016180171810206274,0.03964137991629434
UNIUSDT,2024-10-03T15:00:00+00:00,LONG,0.00077872,-0.00230902,-0.00112329,0.0030877400000000003,0.00290479,-0.008943775886394018,0.004900469224946958,0.017500256405212616
LTCUSDT,2024-10-04T11:00:00+00:00,LONG,0.0,-0.0021879,-0.00064854,0.0021879,0.0020245799999999998,0.0018648024052037883,0.0034161523905550345,0.009289430479481746
AVAXUSDT,2024-10-05T05:00:00+00:00,LONG,0.00257056,-0.00112466,-0.00082298,0.00369522,0.0022534,-0.003546305838669567,-0.007718800264690237,-0.025912380985639603
ZECUSDT,2024-10-05T12:00:00+00:00,LONG,0.0,-0.0039471,-0.00064056,0.0039471,0.0029449199999999997,-0.010846093309390212,0.001078167220345445,-0.0032414939241709557
UNIUSDT,2024-10-05T15:00:00+00:00,LONG,0.00093867,-0.00155383,-0.00052034,0.0024925,0.0020537700000000003,-0.004377013115785462,-0.013926780836164585,-0.00862641507032354
DOGEUSDT,2024-10-05T17:00:00+00:00,LONG,0.00071904,-0.00150614,-0.00029045,0.00222518,0.00211231,-0.006989176878257601,-0.007727729349051528,-0.0044085302847659685
UNIUSDT,2024-10-06T02:00:00+00:00,LONG,0.00039929,-0.00231016,-0.00041981,0.00270945,0.00267047,-0.005564518678020005,-0.004537146458792714,0.012768600638799739
ZECUSDT,2024-10-06T03:00:00+00:00,LONG,0.00202277,-0.00336655,-0.00104907,0.0053893199999999995,0.0039471,-0.01070292057821105,0.007072165261362312,0.02176288067136617
SOLUSDT,2024-10-06T08:00:00+00:00,LONG,0.00041875,-0.00067005,-0.0002732,0.0010888,0.00101032,0.0029968520658992938,0.008250980860953725,0.014372484177824581
LTCUSDT,2024-10-06T09:00:00+00:00,LONG,4.529e-05,-0.00112177,-0.000791,0.00116706,0.00115398,0.0029708875089550727,0.0026741956213019316,-0.005818740773980829
AVAXUSDT,2024-10-06T14:00:00+00:00,LONG,0.00074201,-0.00132867,-0.00099375,0.00207068,0.00158537,0.002343707477095328,0.007458428979048436,0.0156319585221598
SOLUSDT,2024-10-06T16:00:00+00:00,LONG,-0.000186,-0.0016484,-0.00061779,0.0014624,0.0010888,0.0015801879502133588,0.00370845648825401,0.03185486995105681
SOLUSDT,2024-10-07T01:00:00+00:00,LONG,0.00021569,-0.00164602,-0.00010754,0.00186171,0.0014624,-0.006243849833761858,-0.010374424598607662,-0.017441210582264048
SOLUSDT,2024-10-07T04:00:00+00:00,LONG,0.00037121,-0.00154391,-0.00043528,0.00191512,0.00186171,-0.004471790634025299,-0.007560736489798079,-0.0029006984019842494
UNIUSDT,2024-10-07T06:00:00+00:00,LONG,0.00136546,-0.00159751,-0.00050267,0.0029629699999999997,0.0025471,-0.001367428081254799,-0.01348211369228018,-0.0030108138249847647
SOLUSDT,2024-10-07T07:00:00+00:00,LONG,4.786e-05,-0.00269926,-0.00029922,0.00274712,0.00191512,0.0025848091139295125,-0.004395313782394095,-0.006460798512608944
UNIUSDT,2024-10-07T10:00:00+00:00,LONG,0.00160071,-0.00161084,-0.00014406,0.00321155,0.0029629699999999997,0.016211373028355573,0.023272782055375432,0.0042844374847209364
AVAXUSDT,2024-10-07T14:00:00+00:00,LONG,0.00048045,-0.0016849,-0.00047876,0.00216535,0.00207068,-0.00584442309767212,-0.016555568254263558,-0.0052547569790163794
LTCUSDT,2024-10-07T15:00:00+00:00,LONG,0.0,-0.00116541,-0.00041948,0.00116541,0.00105895,0.005753233128785965,-0.003955580998174958,-0.009765106587045175
LTCUSDT,2024-10-07T22:00:00+00:00,LONG,0.00010367,-0.00200696,-0.00040902,0.00211063,0.0014628900000000001,-0.0004633562520155964,0.008303907472950955,0.01090389364356548
DOGEUSDT,2024-10-07T23:00:00+00:00,LONG,0.00076759,-0.00202742,-1.233e-05,0.0027950099999999997,0.00236708,0.007904452920547986,0.00827058564775023,-0.003790509785099837
UNIUSDT,2024-10-08T13:00:00+00:00,LONG,0.00103818,-0.00196007,-0.00022266,0.00299825,0.00249509,-0.005865119452398134,-0.011060665788218323,0.0025031302181184748
AVAXUSDT,2024-10-09T08:00:00+00:00,LONG,0.00045484,-0.00146698,-0.00042889,0.00192182,0.0017685700000000001,0.0035868721320366035,-0.012560588384236895,-0.026095934330333092
ZECUSDT,2024-10-09T08:00:00+00:00,LONG,0.00212241,-0.00145784,-0.00019685,0.00358025,0.00315498,0.004509981625297856,-0.0013917886728226083,-0.0017400387198733976
UNIUSDT,2024-10-09T16:00:00+00:00,LONG,0.00150486,-0.00129913,-0.0009164,0.00280399,0.00246629,0.010472742817725042,-0.012685748988515834,0.033508991834129656
ZECUSDT,2024-10-09T17:00:00+00:00,LONG,0.00044464,-0.00471818,-5.934e-05,0.005162819999999999,0.00358025,-0.007217766340671977,-0.0058389312376975295,0.021345889252421094
AVAXUSDT,2024-10-09T19:00:00+00:00,LONG,0.00034149,-0.00158203,-0.00071213,0.00192352,0.00192182,-0.012155506708385656,-0.012116683064781884,0.0011883087167366409
LTCUSDT,2024-10-09T19:00:00+00:00,LONG,0.0,-0.00120563,-0.00039597,0.00120563,0.00109388,-0.00821137157031275,-0.0038648884779312193,-0.002626498226784746
LTCUSDT,2024-10-09T21:00:00+00:00,LONG,0.0007921,-0.00087044,-0.00039225,0.0016625400000000001,0.00120563,0.0001553156794300971,0.0057306747089850745,0.0038756734041418906
SOLUSDT,2024-10-10T02:00:00+00:00,LONG,0.00128538,-0.00080609,-0.00069124,0.00209147,0.00159405,0.0011020309970211802,0.005255916064865597,-0.015921007185196217
UNIUSDT,2024-10-10T08:00:00+00:00,LONG,0.00038683,-0.00255401,-0.00107268,0.0029408399999999997,0.00280399,0.0,0.050494212000883755,0.023931895719525975
AVAXUSDT,2024-10-10T12:00:00+00:00,LONG,0.00043454,-0.00158149,-0.00051631,0.0020160300000000003,0.00192352,-0.0054291055135149415,-0.011005146944395262,-0.0008899035235480409
DOGEUSDT,2024-10-10T12:00:00+00:00,LONG,0.00052302,-0.00178735,-0.00066531,0.00231037,0.00223021,-0.0025504193676318715,-0.011576180131993448,0.00037728730875758007
UNIUSDT,2024-10-10T12:00:00+00:00,LONG,0.00170953,-0.00232984,-0.00014317,0.0040393700000000005,0.0029408399999999997,-0.03148004890833903,0.015436344186483368,-0.016798814013506597
AVAXUSDT,2024-10-10T18:00:00+00:00,LONG,0.00113008,-0.00142457,-0.00064178,0.0025546500000000003,0.0020160300000000003,0.0026704382819022596,0.011378199428406685,0.026388803277009164
ZECUSDT,2024-10-10T20:00:00+00:00,LONG,0.0,-0.00443489,-0.00171582,0.00443489,0.0031398,0.005827343587393917,0.06403854997164592,0.10197120414029605
ZECUSDT,2024-10-11T00:00:00+00:00,LONG,0.00320249,-0.00305299,-0.00025457,0.00625548,0.00443489,0.025072538439045226,0.04126044426132461,0.029564404498133655
AVAXUSDT,2024-10-11T08:00:00+00:00,LONG,0.00200499,-0.00117107,-0.0007628,0.0031760599999999996,0.0025546500000000003,0.008408184975327979,0.01002865602013851,0.039488380869545495
ZECUSDT,2024-10-11T13:00:00+00:00,LONG,0.00677638,-0.00175018,-0.00049422,0.00852656,0.00625548,-0.011062059705858546,-0.009117344549276192,-0.011618387953865187
LTCUSDT,2024-10-11T19:00:00+00:00,LONG,0.0,-0.00132914,-0.00018994,0.00132914,0.00112975,-0.0018270407031176217,-0.003046924965404593,0.0030376694075116514
DOGEUSDT,2024-10-12T10:00:00+00:00,LONG,0.00101992,-0.00132974,-0.00021789,0.00234966,0.0020098299999999998,-0.0034080750476006972,-0.0013439055913275063,-0.001254255674193685
UNIUSDT,2024-10-12T11:00:00+00:00,LONG,0.00038362,-0.00306628,-0.00021187,0.0034498999999999997,0.00324531,0.0051634142801067545,0.0005049230099700682,0.025308338242482246
AVAXUSDT,2024-10-12T14:00:00+00:00,LONG,0.00075026,-0.00125953,-0.00017074,0.00200979,0.0018281,-0.005141751978542674,-0.010655584956849715,-0.008894747586458366
DOGEUSDT,2024-10-12T16:00:00+00:00,LONG,0.00059659,-0.0017961,-0.00023545,0.00239269,0.00234966,0.0019761077121323045,0.0021555603819724592,0.003410828187792665
AVAXUSDT,2024-10-12T20:00:00+00:00,LONG,0.00015525,-0.00186673,-0.00036751,0.00202198,0.00200979,-0.0047434779047297974,-0.00607289315789912,0.007453278397526836
LTCUSDT,2024-10-12T22:00:00+00:00,LONG,0.0,-0.00096293,-0.00048629,0.00096293,0.0009595500000000001,-0.0015103461563140328,-0.007422589558490287,-0.014594360589364584
LTCUSDT,2024-10-13T03:00:00+00:00,LONG,0.0,-0.00105401,-0.00051925,0.00105401,0.00100498,0.0042669982449902635,0.0024405137189560232,-0.013066053228130198
LTCUSDT,2024-10-13T08:00:00+00:00,LONG,0.0,-0.00110082,-0.00044415,0.00110082,0.00105401,0.003820006173263744,0.00015308075039458872,-0.009382519033089618
LTCUSDT,2024-10-13T14:00:00+00:00,LONG,0.0,-0.00118821,-0.00058722,0.00118821,0.00110082,-0.0038607105323533687,-0.005874186005430629,-0.00913531165356192
DOGEUSDT,2024-10-13T15:00:00+00:00,LONG,0.00038427,-0.00201877,-0.0002614,0.00240304,0.00239269,0.0088194416276282,0.004646721494788816,0.02889359899743171
UNIUSDT,2024-10-13T15:00:00+00:00,LONG,0.00094945,-0.00337823,-8.393e-05,0.0043276799999999995,0.00258085,-0.0048559712194210895,0.004962789342129097,0.018806079173926786
LTCUSDT,2024-10-13T16:00:00+00:00,LONG,0.0,-0.00150799,-0.00048989,0.00150799,0.00118821,-0.005246116028114366,-0.004163781171779724,0.006748491869283543
SOLUSDT,2024-10-14T01:00:00+00:00,LONG,0.00042733,-0.00102216,-0.0006132,0.0014494900000000001,0.00106553,0.004296403985187685,0.024574875711024204,0.03908061880028682
SOLUSDT,2024-10-14T06:00:00+00:00,LONG,0.00090064,-0.00093927,-0.00034877,0.00183991,0.0014494900000000001,0.007020335233310806,0.007804597740014178,0.025418211160735685
LTCUSDT,2024-10-14T14:00:00+00:00,LONG,0.00065004,-0.00105251,-0.00039106,0.00170255,0.00150799,0.005243064965671982,0.005691194034340909,0.010904581875743018
AVAXUSDT,2024-10-14T15:00:00+00:00,LONG,0.0,-0.00194663,-0.00034426,0.00194663,0.0018093100000000002,-0.014490783575073319,-0.015212271933720236,-0.028776493742022503
LTCUSDT,2024-10-14T16:00:00+00:00,LONG,9.74e-05,-0.00193932,-0.00018675,0.00203672,0.00170255,-0.0013514530174666705,0.0017991009350472283,0.00717706430036365
DOGEUSDT,2024-10-14T17:00:00+00:00,LONG,0.00075679,-0.00158707,-0.0002108,0.00234386,0.00218887,0.00017403411112496952,0.006592096037767711,0.008578537076163633
DOGEUSDT,2024-10-15T00:00:00+00:00,SHORT,0.00193644,-0.0011193,8.765e-05,0.00305574,0.00234386,0.002710487852898236,0.010544315381343726,0.03433333565036783
UNIUSDT,2024-10-15T08:00:00+00:00,SHORT,0.00075474,-0.0018882,0.00013507,0.00264294,0.00221964,0.004004009353382119,0.012945571351484003,0.039480487151364964
AVAXUSDT,2024-10-15T09:00:00+00:00,LONG,0.00172165,-0.00109697,-0.00049587,0.00281862,0.00227146,0.010567902692065973,0.019635013247829982,-0.029357071543728443
LTCUSDT,2024-10-15T14:00:00+00:00,LONG,0.00024981,-0.00188747,-0.00040885,0.00213728,0.00203672,-0.0003018867947456603,0.043269946638969756,0.07653054524854268
SOLUSDT,2024-10-15T14:00:00+00:00,LONG,0.00054302,-0.00168355,-0.00065218,0.0022265699999999998,0.00182189,0.006284799737443598,0.017640815483162837,0.013826607801194046
UNIUSDT,2024-10-15T14:00:00+00:00,LONG,0.00143094,-0.0022633,-0.00044263,0.00369424,0.00264294,0.005146029624601866,0.008348902133941018,0.02332950474574978
DOGEUSDT,2024-10-15T16:00:00+00:00,LONG,0.00176077,-0.00166783,-0.00040118,0.0034286,0.00314823,0.010435784768593852,-0.014706794947157296,0.02443884851070118
LTCUSDT,2024-10-15T16:00:00+00:00,LONG,0.00736622,-0.00298787,-0.00023844,0.01035409,0.00213728,-0.015027013007129258,-0.009220638732215874,0.02128343675734305
DOGEUSDT,2024-10-16T09:00:00+00:00,SHORT,0.0032344,-0.00106931,0.00054893,0.0043037100000000005,0.0034286,0.013626131766045354,0.011076938957233077,0.0033891658056948953
LTCUSDT,2024-10-17T12:00:00+00:00,SHORT,0.00044202,-0.00148946,2.546e-05,0.00193148,0.00190825,0.00013973310998754323,-0.011530307641164719,-0.018001039931684917
AVAXUSDT,2024-10-17T15:00:00+00:00,LONG,0.00049053,-0.00121566,-0.0005195,0.0017061899999999998,0.00168047,-0.010437902826573765,-0.022017365298889126,-0.011969240858713145
AVAXUSDT,2024-10-17T17:00:00+00:00,LONG,0.00013202,-0.00161404,-0.00074715,0.00174606,0.0017061899999999998,-0.005431081275144989,-0.0005159768661999559,0.016915808061610724
DOGEUSDT,2024-10-17T20:00:00+00:00,LONG,0.00277637,-0.00136438,-0.00013723,0.00414075,0.00319961,0.0008563310631891034,0.042092215485304674,0.048641807222346074
LTCUSDT,2024-10-18T00:00:00+00:00,LONG,0.00057824,-0.00213654,-0.00014844,0.00271478,0.00193148,0.022521641099409597,0.0,-0.005779567484771688
DOGEUSDT,2024-10-18T05:00:00+00:00,LONG,0.0032195,-0.00409935,-0.00023987,0.00731885,0.00414075,0.012237132259571017,0.012533736147256436,0.04957635582626575
UNIUSDT,2024-10-18T05:00:00+00:00,LONG,0.0006908,-0.00189893,-0.00035714,0.00258973,0.00241784,-0.00013389569545346823,-0.0036214914504988918,-0.002681326180790412
SOLUSDT,2024-10-19T14:00:00+00:00,LONG,0.0005732,-0.00080635,-0.00024064,0.0013795499999999998,0.00108605,-0.003382802013177048,-0.007290433262679232,0.010017201622907174
AVAXUSDT,2024-10-19T16:00:00+00:00,LONG,0.00010755,-0.00123712,-0.00033617,0.00134467,0.00133509,-0.0007521086256079974,0.0016455020704501558,-0.002509231699755744
SOLUSDT,2024-10-19T16:00:00+00:00,LONG,-0.00012417,-0.00153913,-0.00041387,0.00141496,0.0013795499999999998,-0.0026957654322866346,0.004604471906818749,0.021496658596956736
ZECUSDT,2024-10-19T16:00:00+00:00,LONG,0.00126492,-0.00470295,-0.0003764,0.00596787,0.00459254,0.0057859370670439265,0.021323935372889544,-0.0011058889708773039
AVAXUSDT,2024-10-19T22:00:00+00:00,LONG,0.00031177,-0.00111303,-0.00046147,0.0014248000000000002,0.00134467,-0.0014230320093233742,-0.00935787956069154,-0.006026155268575542
UNIUSDT,2024-10-20T09:00:00+00:00,LONG,0.00038637,-0.00144688,-0.00027122,0.00183325,0.00142501,0.0010732493651609833,0.019407760558571345,0.031056344599091023
DOGEUSDT,2024-10-20T12:00:00+00:00,LONG,0.00038174,-0.00283401,-0.00069885,0.00321575,0.00246722,0.011919092237210284,0.017361672271861184,0.04559801393376831
LTCUSDT,2024-10-20T13:00:00+00:00,LONG,0.00171851,-0.00089781,-0.00027986,0.00261632,0.00120638,-0.0035825686828487827,-0.013199311689342812,-0.01844725483781987
SOLUSDT,2024-10-20T20:00:00+00:00,LONG,0.00035149,-0.00082757,-8.508e-05,0.00117906,0.00103296,0.006371399364133621,0.03662661657859275,0.023986333802832976
SOLUSDT,2024-10-20T22:00:00+00:00,LONG,0.00174369,-0.00055129,-2.031e-05,0.00229498,0.00117906,0.004369825276913662,0.011037310389210558,-0.0029439175336488654
AVAXUSDT,2024-10-21T03:00:00+00:00,LONG,0.00063362,-0.00091204,-0.00013519,0.00154566,0.00141627,0.0055973862830944465,-0.0022337798545292243,-0.03285257973411626
DOGEUSDT,2024-10-21T08:00:00+00:00,SHORT,0.0012614,-0.0020029,0.00012422,0.0032643000000000004,0.00321575,-0.008744504373457522,0.0027007391506852843,0.0017996820805372452
DOGEUSDT,2024-10-21T13:00:00+00:00,SHORT,0.00306601,-0.00120701,0.0003013,0.00427302,0.0032643000000000004,0.007808967185911263,-0.0007005254226932939,-0.024025803418410617
UNIUSDT,2024-10-22T06:00:00+00:00,LONG,0.03133757,-0.01175279,-0.00148791,0.04309036,0.00249339,-0.02274068932683121,-0.024340985107511714,-0.03873507901856368
AVAXUSDT,2024-10-22T08:00:00+00:00,LONG,0.00024987,-0.00123773,-0.00024162,0.0014876,0.00146016,-0.0025824300091993055,0.0035173637931558404,0.00579522792550629
LTCUSDT,2024-10-22T10:00:00+00:00,LONG,9.529e-05,-0.00243033,-0.00021706,0.00252562,0.00218127,-0.001987507752491669,-0.00397897356002014,-0.006973628204429677
AVAXUSDT,2024-10-22T12:00:00+00:00,LONG,0.00018948,-0.00141776,-0.00064331,0.0016072399999999998,0.0014876,0.00195284309131999,-0.009200566747665652,-0.007412016638629048
AVAXUSDT,2024-10-22T14:00:00+00:00,LONG,0.00038788,-0.0013608,-0.00014661,0.0017486799999999999,0.0016072399999999998,-0.0021919982904104567,-0.01071806150002357,-0.02030600246958898
AVAXUSDT,2024-10-22T22:00:00+00:00,LONG,0.00029421,-0.00166487,-0.0002622,0.0019590799999999998,0.0017486799999999999,-0.0036849752681299484,-0.01570084952076557,-0.039986936453220455
LTCUSDT,2024-10-23T19:00:00+00:00,LONG,0.0,-0.00121365,-0.00039113,0.00121365,0.00114026,0.0010038001846669707,0.004437771222627965,0.0002869028853419318
DOGEUSDT,2024-10-24T00:00:00+00:00,LONG,0.00126292,-0.00108656,-0.00060221,0.00234948,0.00228618,-0.008453135711058128,-0.017477890514476634,-0.020910142721942478
SOLUSDT,2024-10-24T01:00:00+00:00,LONG,0.00131369,-0.0006701,-9.196e-05,0.00198379,0.00169798,0.009095681843050787,0.0012714559881966659,0.016119666407323784
DOGEUSDT,2024-10-24T02:00:00+00:00,SHORT,0.00071475,-0.00194377,0.00010506,0.00265852,0.00234948,0.009069871138077322,0.014537117329587497,-0.002768806568133019
LTCUSDT,2024-10-24T02:00:00+00:00,LONG,0.00137625,-0.00077738,-0.00029752,0.00215363,0.00121365,-0.002427358941543561,-0.001427144526514207,0.010780246243791704
SOLUSDT,2024-10-24T11:00:00+00:00,LONG,0.00139676,-0.00085044,-0.00050018,0.0022472,0.00198379,0.006595384215066411,0.008993329983008284,0.018866871012145306
AVAXUSDT,2024-10-25T01:00:00+00:00,LONG,0.00012149,-0.00193991,-0.00019436,0.0020614,0.0014314699999999998,0.000791034978624665,-0.009807898369880726,0.0015814447154674646
UNIUSDT,2024-10-25T05:00:00+00:00,LONG,0.00130767,-0.00116279,-0.00011164,0.00247046,0.00209777,-0.0006262133087097439,-0.013106677857480771,-0.007036088834069331
LTCUSDT,2024-10-25T08:00:00+00:00,LONG,0.00014446,-0.00096047,-0.00014323,0.00110493,0.0010450499999999998,0.004329313374664363,0.00627836035112469,-0.008856457692118857
LTCUSDT,2024-10-25T12:00:00+00:00,LONG,0.00031276,-0.00084916,-0.00010969,0.0011619199999999999,0.00110493,0.003054709401178598,0.0001390530489621321,-0.03336941874495074
SOLUSDT,2024-10-25T14:00:00+00:00,LONG,0.00098018,-0.00128284,-0.00048783,0.00226302,0.0015843800000000002,-0.01833964420109715,-0.03637186396296563,-0.06313431968860017
LTCUSDT,2024-10-25T16:00:00+00:00,LONG,4.469e-05,-0.00128871,-0.00041694,0.0013334,0.0011619199999999999,-0.00935957101460496,-0.015412943479607304,-0.037686851189088856
SOLUSDT,2024-10-25T18:00:00+00:00,LONG,0.00133103,-0.00153024,-0.00067243,0.00286127,0.00226302,-0.008067430158464669,-0.03321726459055899,-0.005450250458529757
AVAXUSDT,2024-10-25T23:00:00+00:00,LONG,0.00028548,-0.00658222,-0.00102175,0.0068677,0.0020614,0.00288646768722609,0.014072667410412753,0.027325186423394338
DOGEUSDT,2024-10-25T23:00:00+00:00,LONG,0.00193193,-0.00229542,-0.00118665,0.0042273499999999995,0.00237313,0.007950070265460303,0.015912254596622242,0.026035908127422708
LTCUSDT,2024-10-25T23:00:00+00:00,LONG,0.00061386,-0.00299,-0.00036046,0.00360386,0.00172208,0.010842173430153904,0.007673968015101054,0.00043595147097492715
SOLUSDT,2024-10-25T23:00:00+00:00,LONG,0.00180133,-0.00172271,-0.0006117,0.00352404,0.00286127,6.067408914870341e-05,0.004721558408304306,0.022795060543800677
UNIUSDT,2024-10-25T23:00:00+00:00,LONG,0.00095215,-0.01451392,-0.00081454,0.01546607,0.0033910900000000002,0.0030924394392508603,0.038697466212828574,0.015765189576267963
UNIUSDT,2024-10-27T06:00:00+00:00,LONG,0.00297812,-0.00186101,-0.00059838,0.00483913,0.0028707100000000003,0.003953616114613775,-0.01946728144452634,-0.004897752857623849
AVAXUSDT,2024-10-27T16:00:00+00:00,LONG,0.0,-0.0014551,-0.00065452,0.0014551,0.0014421199999999999,-0.003063858589433621,-0.008672878864941173,-0.021488527181003338
ZECUSDT,2024-10-27T17:00:00+00:00,LONG,0.0,-0.00408033,-0.00299997,0.00408033,0.0030759299999999997,0.040168380307615756,0.08015693203314743,0.10906614503716042
AVAXUSDT,2024-10-28T00:00:00+00:00,LONG,0.0,-0.00159726,-0.00061048,0.00159726,0.0014551,-0.005490133521394982,-0.018735360271415563,0.017742494019403227
DOGEUSDT,2024-10-28T02:00:00+00:00,LONG,0.00095949,-0.00134064,-0.00014731,0.00230013,0.00228749,-0.016900249864760478,-0.018018505502678476,0.03356495657236638
LTCUSDT,2024-10-28T03:00:00+00:00,LONG,0.0,-0.00155307,-0.00017504,0.00155307,0.0014447,0.001132663295382123,0.008042371390253475,-0.009965913918343143
AVAXUSDT,2024-10-28T09:00:00+00:00,LONG,0.00046402,-0.00135283,-0.00032706,0.00181685,0.00159726,-0.0003831270879400703,-0.0034918782243312965,0.004814866575749054
DOGEUSDT,2024-10-28T10:00:00+00:00,LONG,0.00220649,-0.00100713,-6.68e-06,0.0032136200000000004,0.00230013,-0.00041191817141537554,0.03294701566904759,0.08256859406498751
DOGEUSDT,2024-10-28T14:00:00+00:00,SHORT,0.00139262,-0.00304818,4.157e-05,0.0044408,0.0032136200000000004,0.017890523738697494,-0.01640082868163962,-0.0958051127872249
SOLUSDT,2024-10-28T14:00:00+00:00,LONG,0.000524,-0.00148235,-0.00049175,0.00200635,0.00160078,-0.008959398318357483,0.002341453341226404,0.03317706593351977
SOLUSDT,2024-10-28T19:00:00+00:00,LONG,0.00127927,-0.00079913,-0.00023914,0.0020784,0.00200635,0.0,0.01145707709765997,0.022229374496418142
SOLUSDT,2024-10-28T22:00:00+00:00,LONG,0.0008394,-0.00281733,-0.00051416,0.00365673,0.0020784,-0.002018164156237236,0.012466768765130067,0.01340659247916364
SOLUSDT,2024-10-29T03:00:00+00:00,LONG,0.00831176,-0.00056051,-6.055e-05,0.00887227,0.00365673,0.0007698229787418284,-0.009173362294503306,-0.006899814859961551
LTCUSDT,2024-10-29T17:00:00+00:00,LONG,0.00108141,-0.00087355,-0.00085806,0.00195496,0.00096267,0.0018993358036525374,0.0024413412369752446,-0.010785823723663324
SOLUSDT,2024-10-30T05:00:00+00:00,SHORT,0.00068909,-0.00107528,7.722e-05,0.00176437,0.0015668700000000002,0.006521944018690847,0.0105566931178881,0.025947705924601137
AVAXUSDT,2024-10-30T07:00:00+00:00,LONG,0.00060646,-0.00139613,-9.521e-05,0.00200259,0.00162736,-0.015454267654137885,-0.018129905669620416,-0.01728821918638522
UNIUSDT,2024-10-30T08:00:00+00:00,SHORT,0.00372234,-0.00037198,0.00050174,0.00409432,0.0024146899999999997,-0.013253507329164475,-0.018085931081721063,-0.04311012365372841
LTCUSDT,2024-10-30T18:00:00+00:00,SHORT,0.00225953,0.0,0.00028134,0.00225953,0.00111644,0.0012497398002343097,0.0016666670524693402,0.015382767318623267
LTCUSDT,2024-10-31T14:00:00+00:00,SHORT,0.00182508,-0.0020326,0.00018304,0.0038576799999999996,0.00225953,-0.00470454927152806,0.011064126085770131,0.012365362443741834
SOLUSDT,2024-10-31T18:00:00+00:00,LONG,0.00034336,-0.00157053,-0.00010726,0.0019138900000000001,0.00150789,-0.00549825500538855,-0.0008257638784672776,-0.024832649516126678
AVAXUSDT,2024-10-31T21:00:00+00:00,LONG,5.744e-05,-0.00165534,-0.0010506,0.00171278,0.00170984,-0.0016385911785338529,-0.009227008135884828,-0.00408147499486554
AVAXUSDT,2024-11-01T01:00:00+00:00,LONG,0.00015435,-0.00169123,-0.00062312,0.0018455799999999999,0.00171278,0.004102322355488819,0.0018119229454407928,0.031732325714503934
AVAXUSDT,2024-11-01T07:00:00+00:00,LONG,0.00040952,-0.00178872,-0.0007387,0.0021982399999999997,0.0018455799999999999,0.004533136025968815,0.018408879988298363,0.004694654298074218
DOGEUSDT,2024-11-01T10:00:00+00:00,LONG,0.00070102,-0.00223848,-0.0006199,0.0029395000000000003,0.0028959299999999997,-0.0010557367849084577,0.03380844325085345,-0.019935464620932153
LTCUSDT,2024-11-01T15:00:00+00:00,LONG,0.00089123,-0.00116658,-0.00027342,0.00205781,0.00183912,0.010789428914416765,0.000428112742892645,0.009093555133186337
UNIUSDT,2024-11-01T21:00:00+00:00,SHORT,0.0006564,-0.00285694,0.00019634,0.00351334,0.00294532,0.005007917688133743,-0.010721860034879559,0.02018392779846241
DOGEUSDT,2024-11-02T11:00:00+00:00,LONG,0.00172744,-0.00108856,-0.00033023,0.002816,0.00277503,-0.017089023465144553,-0.015366919521993568,0.0010662653501827743
AVAXUSDT,2024-11-02T12:00:00+00:00,LONG,0.0,-0.00276336,-0.00031507,0.00276336,0.00206449,-0.002859098224585617,0.006269613013595395,-0.007434052136585677
ZECUSDT,2024-11-02T14:00:00+00:00,LONG,0.00095746,-0.00249017,-0.00081641,0.00344763,0.0030023,0.0024479816386400372,-0.012882184451605922,-0.012330612457478561
SOLUSDT,2024-11-03T02:00:00+00:00,LONG,0.0,-0.00155715,-0.00032025,0.00155715,0.00139332,-0.0016050376925518732,0.006026707866860335,-0.01773592649641791
ZECUSDT,2024-11-03T02:00:00+00:00,LONG,0.00039896,-0.00321836,-0.00061589,0.00361732,0.00344763,0.00137760043828145,0.02127739844728466,-0.008583743691391555
DOGEUSDT,2024-11-03T03:00:00+00:00,SHORT,0.00135393,-0.00162448,0.00014956,0.00297841,0.002816,-0.01132349946392528,-0.01092834666637053,0.02953416216152269
ZECUSDT,2024-11-03T07:00:00+00:00,LONG,0.00139643,-0.00238132,-5.177e-05,0.00377775,0.00361732,-0.00027089259274429013,-0.011989244428520847,-0.004615183975805728
AVAXUSDT,2024-11-03T11:00:00+00:00,LONG,0.0010525,-0.00171656,-0.00079823,0.0027690600000000003,0.00276336,-0.002113208333573364,-0.007958519514798701,0.013054177546333055
DOGEUSDT,2024-11-03T13:00:00+00:00,LONG,0.0006776,-0.00237249,-0.00059586,0.00305009,0.00297841,-0.0032869987822664003,0.001639456614224726,0.03783401132057417
LTCUSDT,2024-11-03T15:00:00+00:00,LONG,0.00077581,-0.00104175,-0.00014985,0.00181756,0.00173975,-0.0031917346040800897,0.010265790638417293,0.01908827777031153
SOLUSDT,2024-11-03T15:00:00+00:00,LONG,0.00062406,-0.00132129,-0.00052867,0.0019453499999999998,0.00155715,-0.003006955845839182,0.007043380007662377,0.01791573815668849
ZECUSDT,2024-11-03T21:00:00+00:00,LONG,0.00186029,-0.0032814,-0.00135041,0.00514169,0.00380506,-0.003453317284946598,-0.017656959528169997,-0.029057734479542668
AVAXUSDT,2024-11-04T20:00:00+00:00,LONG,0.00366557,-0.00225993,-0.00089006,0.0059255,0.00165936,-0.020767801896624277,-0.0029781478675482156,0.01768499994617288
DOGEUSDT,2024-11-04T21:00:00+00:00,LONG,0.00093117,-0.00185242,-0.0006777,0.00278359,0.0027118100000000003,0.03675055957121922,0.06612032863071984,0.09865386574738814
SOLUSDT,2024-11-04T21:00:00+00:00,LONG,0.00011335,-0.00148819,-0.00030233,0.0016015399999999998,0.00154972,0.016793166727321826,0.018438112055846556,0.0406932032263684
UNIUSDT,2024-11-04T21:00:00+00:00,LONG,0.00017369,-0.00144549,-0.00038101,0.00161918,0.0014618399999999998,0.01733715521785043,0.03481575249181011,0.041780377277625264
LTCUSDT,2024-11-05T06:00:00+00:00,LONG,5.476e-05,-0.00181734,-4.867e-05,0.0018721,0.0012115,0.0008959236077856077,0.00014937635400108973,-0.009305184956141044
UNIUSDT,2024-11-05T06:00:00+00:00,LONG,0.00016464,-0.00161527,-0.0003408,0.00177991,0.00161918,0.0023084702215234007,0.0011549012399593595,0.032403005370370504
DOGEUSDT,2024-11-05T14:00:00+00:00,LONG,0.00191712,-0.00179661,-0.00042587,0.00371373,0.0030483899999999998,-0.01354062902676624,-0.00669050519747091,0.12159332804329753
SOLUSDT,2024-11-05T14:00:00+00:00,LONG,0.00024232,-0.00152859,-0.00040569,0.00177091,0.0016015399999999998,-0.005892272939956655,-0.00041972718349664496,0.0735982805061279
UNIUSDT,2024-11-05T14:00:00+00:00,LONG,0.00041729,-0.00141747,-3.623e-05,0.0018347600000000002,0.00177991,-0.011099516833188793,-0.0008386916902016027,0.09598316579225379
UNIUSDT,2024-11-05T17:00:00+00:00,LONG,0.00033682,-0.0018823,-0.00033534,0.0022191199999999998,0.0018347600000000002,-0.002095411816503219,-0.00826740503800395,0.22197066168269675
DOGEUSDT,2024-11-05T19:00:00+00:00,SHORT,0.00091793,-0.00434014,0.00022405,0.00525807,0.00371373,-0.007538693584446738,-0.012317322777579461,-0.17481565292246753
SOLUSDT,2024-11-05T19:00:00+00:00,LONG,0.0,-0.00210193,-0.00045784,0.00210193,0.0018709400000000002,0.016692253310590512,0.015612080377911739,0.1156869614653335
UNIUSDT,2024-11-06T00:00:00+00:00,LONG,0.00055898,-0.0016685,-0.0001162,0.00222748,0.0022191199999999998,0.007222144187979207,0.11408617377505749,0.18269488368990505
DOGEUSDT,2024-11-06T01:00:00+00:00,LONG,0.0025148,-0.00318637,-0.0008162,0.00570117,0.00525807,0.10117703594169529,0.13550883932125699,0.09867189910373803
AVAXUSDT,2024-11-06T03:00:00+00:00,SHORT,0.00076816,-0.00200841,0.00030408,0.00277657,0.00269079,0.002635450220086211,0.01282216499703513,0.002444241974603979
DOGEUSDT,2024-11-06T03:00:00+00:00,SHORT,0.00578351,-0.00310484,1.675e-05,0.00888835,0.00570117,0.02849660348499854,0.05612675919422196,0.09801449058670851
SOLUSDT,2024-11-06T03:00:00+00:00,SHORT,0.00135767,-0.00126761,0.00027017,0.00262528,0.00210193,-0.0009189438199041532,0.004498774491784295,-0.003562949137352658
UNIUSDT,2024-11-06T03:00:00+00:00,SHORT,0.00140638,-0.00190999,0.00081303,0.00331637,0.0030223000000000003,-0.031047269836262967,-0.0720526690536033,-0.11922394839382153
SOLUSDT,2024-11-07T15:00:00+00:00,SHORT,0.00196615,-0.00075809,0.00049623,0.0027242399999999997,0.00179291,-0.00625826346283473,-0.022166120471187014,-0.028085842278978108
DOGEUSDT,2024-11-07T19:00:00+00:00,SHORT,0.00122455,-0.00339717,0.00031766,0.00462172,0.00445278,0.0060560758607270775,0.002273197920398683,-0.030943660249592296
LTCUSDT,2024-11-08T04:00:00+00:00,SHORT,0.001855,-8.28e-06,0.00016169,0.0018632800000000001,0.00116752,-0.0022434109240779166,0.00548949228477148,-0.005319906148825823
UNIUSDT,2024-11-08T12:00:00+00:00,SHORT,0.00203977,-0.0009888,0.00012876,0.0030285700000000004,0.00237936,0.010274827941098214,0.0378172540185017,0.020429490400473527
LTCUSDT,2024-11-08T15:00:00+00:00,SHORT,0.00234424,-0.00038402,9.817e-05,0.00272826,0.0018632800000000001,0.012488021316363574,-0.001791004129641815,-0.003303967763271382
DOGEUSDT,2024-11-08T21:00:00+00:00,SHORT,0.00251177,-0.00075222,0.00046788,0.00326399,0.0029980299999999996,-0.013199561223896913,0.01508595472101625,-0.04555050989410896
AVAXUSDT,2024-11-09T01:00:00+00:00,LONG,0.00101457,-0.00164464,-2.012e-05,0.00265921,0.00248665,0.0020150090197538577,0.01641812479885621,0.006136583821316725
AVAXUSDT,2024-11-09T04:00:00+00:00,SHORT,0.00349923,-0.00077411,0.00045978,0.00427334,0.00265921,-0.007692609795053373,-0.01664967265922877,0.006745213142403739
ZECUSDT,2024-11-09T06:00:00+00:00,LONG,0.00109999,-0.0042917,-9.404e-05,0.005391689999999999,0.0049713199999999996,-0.002843085567354626,-0.01562703749742855,-0.020296306681112104
DOGEUSDT,2024-11-09T21:00:00+00:00,SHORT,0.0032436,-0.00042309,0.00020219,0.0036666900000000002,0.00326399,0.00018681985949427777,-0.04764868392626725,-0.08967753739586586
LTCUSDT,2024-11-09T23:00:00+00:00,SHORT,0.00158175,0.0,0.00050304,0.00158175,0.00097561,-0.006732218775377828,-0.019134858255848073,-0.04426378160335332
DOGEUSDT,2024-11-10T00:00:00+00:00,SHORT,0.00297577,-0.00072742,0.00072964,0.00370319,0.0036666900000000002,0.009439676556345596,-0.02397046695786151,-0.08356861452153623
SOLUSDT,2024-11-10T02:00:00+00:00,SHORT,0.00083991,-0.0015049,0.00027845,0.00234481,0.00154442,0.005149800933092103,-0.016604598674988664,-0.02082186661380139
ZECUSDT,2024-11-10T03:00:00+00:00,LONG,0.00200547,-0.00665995,-0.00016333,0.00866542,0.005391689999999999,0.009941537750477744,0.03490755821080195,0.044722017190937206
SOLUSDT,2024-11-10T05:00:00+00:00,SHORT,0.00305957,-0.00338203,0.00155293,0.0064416000000000005,0.00234481,0.006584704725192292,0.009016494260720678,-0.027370279895798412
LTCUSDT,2024-11-10T06:00:00+00:00,SHORT,0.00309911,0.00012308,0.00081875,0.00297603,0.00240812,-0.005398656867522196,-0.019999359471843853,-0.029786945655021085
AVAXUSDT,2024-11-10T09:00:00+00:00,SHORT,0.00371529,-0.00041867,0.00079778,0.00413396,0.0033286,-0.005429082390990683,-0.028783427989895912,0.007517407479743542
DOGEUSDT,2024-11-10T16:00:00+00:00,SHORT,0.00360158,-0.00098785,0.00056509,0.00458943,0.00370319,-0.029751545814474128,0.019590464293580526,-0.11603012774082723
DOGEUSDT,2024-11-10T18:00:00+00:00,SHORT,0.00355534,-0.00817231,0.00132274,0.011727650000000001,0.00458943,0.02425023257873326,0.0012958965096488378,-0.003913477752949018
LTCUSDT,2024-11-11T14:00:00+00:00,SHORT,0.00178614,-0.00028603,0.00010852,0.00207217,0.00202506,-0.009974507249244787,-0.009465407072791391,-0.011754319567537056
SOLUSDT,2024-11-11T14:00:00+00:00,SHORT,0.00446041,-0.00026246,0.00050567,0.00472287,0.003981419999999999,-0.0010955903588348401,-0.002600069887636978,0.005266423913893855
AVAXUSDT,2024-11-11T16:00:00+00:00,SHORT,0.00339436,-0.00074182,0.0005068,0.00413618,0.0030407299999999997,-0.021307708624592445,-0.026491419401853535,-0.05244143971957218
ZECUSDT,2024-11-11T16:00:00+00:00,SHORT,0.00265759,-0.01599099,0.00095653,0.01864858,0.0148712,-0.008566328308383199,-0.0049683932375088604,0.04847325717898078
LTCUSDT,2024-11-11T18:00:00+00:00,SHORT,0.00171637,-0.00322367,0.00090306,0.00494004,0.0037368699999999998,0.0017838944587996231,-0.009124382147434301,-0.0036851175828893673
DOGEUSDT,2024-11-12T00:00:00+00:00,SHORT,0.00444064,-0.00256367,0.00298189,0.00700431,0.006514229999999999,0.02622882555536638,-0.07257891986804399,-0.014429871941317956
AVAXUSDT,2024-11-12T02:00:00+00:00,SHORT,0.00232084,-0.00199651,0.00131209,0.004317349999999999,0.00413618,-0.016128930271348367,-0.04754598558702399,0.024662972944944142
DOGEUSDT,2024-11-12T04:00:00+00:00,SHORT,0.00562543,-0.00148535,0.00069555,0.00711078,0.00700431,-0.01977262249540935,-0.09931319319043637,0.07694879943600086
AVAXUSDT,2024-11-12T07:00:00+00:00,SHORT,0.00205898,-0.00308201,0.00119447,0.00514099,0.004317349999999999,-0.028376645340823303,0.05542482903868397,0.06156311941425658
DOGEUSDT,2024-11-12T10:00:00+00:00,SHORT,0.00940193,-0.00345456,0.00109974,0.01285649,0.011272299999999999,-0.030618688964706757,0.0056097103522787,-0.029987638750032925
SOLUSDT,2024-11-12T10:00:00+00:00,SHORT,0.00427274,-0.00094619,0.00174916,0.00521893,0.00472287,0.009692825145652841,0.0006089135765087278,-0.007975230574370043
SOLUSDT,2024-11-13T14:00:00+00:00,SHORT,0.00182665,-0.00305242,0.00066528,0.00487907,0.00317236,0.00087644445954497,-0.013464824450344168,0.008659666516472504
UNIUSDT,2024-11-13T14:00:00+00:00,SHORT,0.00329328,-0.00093865,0.00068108,0.00423193,0.00324318,0.0035180335316790613,0.02996604055128301,0.06144118645789916
ZECUSDT,2024-11-13T16:00:00+00:00,SHORT,0.00379321,-0.00238209,0.00039114,0.0061753,0.005673920000000001,-0.021326017661607962,0.022840338860105076,0.0061776258239571
LTCUSDT,2024-11-14T03:00:00+00:00,SHORT,0.00322482,-0.00181749,0.00184758,0.00504231,0.00298659,0.03688292034364616,0.012791293022942433,0.05825931584384276
DOGEUSDT,2024-11-14T07:00:00+00:00,SHORT,0.0021609,-0.00690024,0.00066541,0.00906114,0.00868491,-0.007036551338560444,0.004609289691947528,0.007491427501367971
SOLUSDT,2024-11-14T15:00:00+00:00,SHORT,0.00330226,-0.0002576,0.00042691,0.0035598599999999998,0.0033446400000000003,-0.028681493323304143,-0.022028354755080224,0.008805597248117664
LTCUSDT,2024-11-14T18:00:00+00:00,SHORT,0.00216482,-0.00486356,0.0005725,0.007028380000000001,0.00504231,-0.008133580499635126,-0.019673557103327417,0.004520195833995653
UNIUSDT,2024-11-14T19:00:00+00:00,SHORT,0.00425075,-0.00435394,0.00070146,0.00860469,0.00334843,0.020255356404189722,0.04129603587824417,0.05445816697289766
ZECUSDT,2024-11-15T03:00:00+00:00,SHORT,0.00193037,-0.00439422,0.00058863,0.00632459,0.00384299,0.012677175845960372,0.0018779348242002089,-0.004012309782875996
DOGEUSDT,2024-11-15T18:00:00+00:00,LONG,0.00156504,-0.0025374,-0.00037642,0.00410244,0.0037729699999999996,0.020488601530881757,0.04271025259021855,0.04753818477402329
SOLUSDT,2024-11-15T21:00:00+00:00,SHORT,0.00125906,-0.00126263,0.00053094,0.00252169,0.00209805,0.0022410766543131447,0.0013257447826249742,0.005405418566907824
DOGEUSDT,2024-11-15T22:00:00+00:00,SHORT,0.00249997,-0.00225118,0.00083513,0.00475115,0.00410244,-0.010287533997169663,-0.0036429912785010087,0.0051704366866274385
LTCUSDT,2024-11-16T04:00:00+00:00,SHORT,0.00333107,-8.514e-05,0.00058508,0.0034162100000000003,0.0030685,-0.022362343786396875,-0.029170193307156384,-0.06641634489305777
LTCUSDT,2024-11-16T11:00:00+00:00,SHORT,0.00307058,-0.00118542,0.00069479,0.004255999999999999,0.0034162100000000003,0.01705168062749115,-0.002476642040438747,-0.07395499123980541
UNIUSDT,2024-11-16T11:00:00+00:00,SHORT,0.00272388,-7.157e-05,0.00075966,0.00279545,0.0027861,0.0036393753982782904,0.015867184490130894,-0.0003301964698979455
SOLUSDT,2024-11-16T12:00:00+00:00,SHORT,0.0041461,-0.0004121,0.00063391,0.0045582,0.00252169,0.006310034654315332,0.022494610622958332,0.0074115079861104775
ZECUSDT,2024-11-16T12:00:00+00:00,SHORT,0.00431145,-0.00052544,0.00131966,0.00483689,0.004416649999999999,-0.01993421490081733,-0.02745943550800362,-0.12419763774427056
AVAXUSDT,2024-11-16T14:00:00+00:00,SHORT,0.00219482,-0.00083923,0.00117214,0.00303405,0.00250988,0.03095552999936698,0.012290153570271972,0.045333378890444316
LTCUSDT,2024-11-16T15:00:00+00:00,SHORT,0.00306724,-0.00322221,0.00077031,0.00628945,0.004255999999999999,-0.01461998028701103,-0.08343557038361196,-0.02201556562597742
UNIUSDT,2024-11-16T15:00:00+00:00,SHORT,0.00200138,-0.00121878,0.00083186,0.00322016,0.00279545,-0.01289336522966115,-0.024204088129188093,0.008989834675820228
ZECUSDT,2024-11-16T15:00:00+00:00,SHORT,0.00352289,-0.00149766,0.00140764,0.00502055,0.00483689,0.00048355900361970983,-0.10586800107851242,-0.0462892552784979
LTCUSDT,2024-11-16T18:00:00+00:00,SHORT,0.00215143,-0.00645828,0.00052091,0.00860971,0.00628945,0.004334372110806495,0.018814545946106237,0.0655344516421314
DOGEUSDT,2024-11-17T02:00:00+00:00,LONG,0.00220987,-0.00221512,-9.696e-05,0.00442499,0.00389396,0.005852728225185796,0.019620703144573082,0.03372782605291046
AVAXUSDT,2024-11-17T04:00:00+00:00,SHORT,0.00239934,-0.00076801,0.00057216,0.0031673499999999998,0.00303405,-0.02526578773574782,-0.033185215236970676,-0.020290994950813174
SOLUSDT,2024-11-17T04:00:00+00:00,SHORT,0.00372943,-0.00228243,0.00372943,0.00601186,0.0045582,-0.006141354725126046,-0.011069444221958522,0.007205778721801089
AVAXUSDT,2024-11-17T10:00:00+00:00,SHORT,0.00320865,-0.00030756,0.00115438,0.00351621,0.0031673499999999998,0.023403848819566003,0.019506064521015193,0.06757187327002996
LTCUSDT,2024-11-18T01:00:00+00:00,SHORT,0.00535514,-0.00024552,0.00024895,0.00560066,0.0026793399999999997,0.003754835996308364,-0.028685147998858577,0.016784699053749845
UNIUSDT,2024-11-18T01:00:00+00:00,SHORT,0.00503455,-0.00017818,0.00082499,0.00521273,0.00256782,0.0027498229943548474,0.002089175535840438,0.024461971351794003
DOGEUSDT,2024-11-18T04:00:00+00:00,SHORT,0.00202125,-0.00110821,0.00125104,0.00312946,0.0030695,0.008964324112315158,-0.006624309708938373,0.0036783008542318994
SOLUSDT,2024-11-18T10:00:00+00:00,SHORT,0.00167492,-0.00203163,0.00092347,0.0037065500000000003,0.00311836,0.019816198210995298,0.02358050452660193,0.032928502551804836
DOGEUSDT,2024-11-18T11:00:00+00:00,SHORT,0.00141865,-0.00255553,0.0003767,0.00397418,0.00312946,-0.0031619927636081678,-0.040425352748676945,-0.022653985563455988
AVAXUSDT,2024-11-18T14:00:00+00:00,SHORT,0.00148366,-0.00158694,0.00059326,0.0030705999999999997,0.0030444599999999997,-0.018961142557246506,-0.014565159486809717,-0.0047455778025610905
DOGEUSDT,2024-11-18T20:00:00+00:00,SHORT,0.00244543,-0.00166782,0.00080007,0.004113250000000001,0.00397418,-0.003486753881174407,0.001721031968082214,-0.032799356583118784
ZECUSDT,2024-11-19T02:00:00+00:00,SHORT,0.00271101,-0.00177583,0.00090276,0.00448684,0.00392584,-0.005116238498597662,-0.0013371965442493393,0.02621026676730968
DOGEUSDT,2024-11-19T05:00:00+00:00,SHORT,0.00233593,-0.00215153,0.00131729,0.00448746,0.004113250000000001,-0.0008986687470121443,0.012953113614204809,-0.03162988522509131
LTCUSDT,2024-11-19T05:00:00+00:00,SHORT,0.0016224,-0.00140009,0.00080283,0.00302249,0.00296964,-0.0012302187985593824,0.016245844665579358,0.02826040648911608
DOGEUSDT,2024-11-19T14:00:00+00:00,SHORT,0.00157662,-0.00513293,0.00021063,0.00670955,0.00448746,-0.016100777754968522,-0.06169532782847603,0.018641659336105194
AVAXUSDT,2024-11-19T19:00:00+00:00,SHORT,0.00178261,-0.00092149,0.00115977,0.0027041,0.0022844700000000003,0.01857440869361732,0.016029096396548936,0.02236045768010956
SOLUSDT,2024-11-19T22:00:00+00:00,SHORT,0.00126422,-0.00081361,0.00062671,0.00207783,0.00205229,-0.008916745114621682,0.011441381640343144,-0.005038647264269777
AVAXUSDT,2024-11-19T23:00:00+00:00,SHORT,0.00261358,-0.00013307,0.00048082,0.00274665,0.0027041,0.007330981163883742,0.01926284838211967,-0.017349427974849067
DOGEUSDT,2024-11-20T16:00:00+00:00,LONG,0.00161396,-0.00229319,-0.00047021,0.00390715,0.0033276499999999997,-0.019828453803717904,-0.006212267358333544,0.0194687638783585
SOLUSDT,2024-11-20T16:00:00+00:00,LONG,0.00112024,-0.00106717,-0.00025371,0.00218741,0.00207783,-0.01226377876295063,0.0011074669956716106,0.024168579855447216
AVAXUSDT,2024-11-20T18:00:00+00:00,LONG,0.00180806,-0.00186393,-0.00010829,0.00367199,0.00274665,-0.006276579609802032,0.01169673598226912,0.009267465049787028
UNIUSDT,2024-11-21T02:00:00+00:00,SHORT,0.00141034,-0.00104433,3.406e-05,0.00245467,0.00225747,0.006508623627387297,-0.023131685218501084,-0.0785087735459553
LTCUSDT,2024-11-21T06:00:00+00:00,SHORT,0.0023446,-0.00132773,0.00016439,0.00367233,0.00259882,0.0006654836092983988,0.009021612672311346,0.006451635281488607
SOLUSDT,2024-11-21T13:00:00+00:00,SHORT,0.00168257,-0.00098731,0.00030783,0.00266988,0.00218741,-0.025948315074445026,-0.048526182863986536,-0.03963446216399193
ZECUSDT,2024-11-21T14:00:00+00:00,SHORT,0.00485656,-0.00021227,0.00052378,0.00506883,0.00497783,0.02155878585457233,-0.007229739016315597,-0.006356185783215656
UNIUSDT,2024-11-21T17:00:00+00:00,SHORT,0.00992562,-0.00010806,0.00992562,0.01003368,0.00301886,-0.0016865187933447461,0.03981588970823165,0.008262758874490706
DOGEUSDT,2024-11-22T02:00:00+00:00,SHORT,0.00281969,-0.00105622,0.00102676,0.00387591,0.00274339,0.007834257910908112,0.009586394568705851,0.005831950787661771
LTCUSDT,2024-11-22T03:00:00+00:00,SHORT,0.00149095,-0.00417722,0.00042445,0.00566817,0.00367233,-0.004541182971661504,0.008920665758379376,0.0006662965265936601
DOGEUSDT,2024-11-22T04:00:00+00:00,SHORT,0.00890616,-0.00078166,0.00166954,0.00968782,0.00387591,0.007140911891186498,0.01270786875163835,-0.02141611160083703
ZECUSDT,2024-11-23T02:00:00+00:00,SHORT,0.00423876,-0.00160368,0.00175321,0.00584244,0.00398489,-0.0008410429427637222,-0.024107568156496242,-0.042217738568994786
AVAXUSDT,2024-11-23T06:00:00+00:00,SHORT,0.001663,-0.00201077,0.00098644,0.00367377,0.00361978,0.01198256298712811,0.03023000171487782,0.03360108483992493
AVAXUSDT,2024-11-23T08:00:00+00:00,SHORT,0.00219851,-0.00227214,0.00112122,0.00447065,0.00367377,0.006110310960369774,-0.006423804150203442,0.028702570375637202
UNIUSDT,2024-11-23T15:00:00+00:00,SHORT,0.0033625,0.0,0.00098387,0.0033625,0.0031399799999999997,0.03456554911752508,0.036311792840530835,0.025606717829366778
AVAXUSDT,2024-11-23T16:00:00+00:00,SHORT,0.00273262,-0.00330803,0.00065432,0.00604065,0.00447065,0.0014465090676256391,0.02124249186760772,-0.004374201590713836
DOGEUSDT,2024-11-23T16:00:00+00:00,SHORT,0.00451924,-0.00634983,0.00068746,0.01086907,0.00782261,-0.0017150675166056257,0.011994636605905848,-0.015741832938507096
LTCUSDT,2024-11-23T16:00:00+00:00,SHORT,0.0027634,-0.00377512,0.00061897,0.00653852,0.00386944,-0.004442208213537938,0.003750828058038018,-0.022906728010454864
SOLUSDT,2024-11-24T14:00:00+00:00,SHORT,0.00295314,0.00013958,0.00038592,0.00281356,0.00242648,0.012442725488389449,-0.009771868248012721,-0.010851760363756223
UNIUSDT,2024-11-24T15:00:00+00:00,SHORT,0.00487255,-0.00019148,0.00092484,0.00506403,0.00459415,-0.020715547490628088,-0.026187123416340607,-0.06836374280939037
LTCUSDT,2024-11-24T23:00:00+00:00,SHORT,0.00280646,0.0,0.00063784,0.00280646,0.00274867,0.009321662527136093,0.004753548271035874,-0.0078045169199024746
AVAXUSDT,2024-11-25T04:00:00+00:00,SHORT,0.00629595,-5.884e-05,0.00040796,0.00635479,0.0034873,-0.014699270743763608,-0.10892687130582376,-0.04186790001186313
UNIUSDT,2024-11-25T12:00:00+00:00,SHORT,0.002437,-0.00324498,0.00076504,0.00568198,0.00506403,0.009121880980634843,0.020853203723124512,0.0780909511608933
DOGEUSDT,2024-11-25T15:00:00+00:00,SHORT,0.00156952,-0.00295099,0.00046438,0.00452051,0.00347004,-0.001759821097113241,0.02595834271342382,0.020919428754156616
SOLUSDT,2024-11-25T15:00:00+00:00,SHORT,0.00169512,-0.00047354,0.00031517,0.00216866,0.00215495,0.007906474894239719,0.021863753508208156,0.031123660874228114
SOLUSDT,2024-11-25T22:00:00+00:00,SHORT,0.00286311,-0.00010461,0.00019526,0.00296772,0.00216866,0.01090958501480051,-0.008199007395221962,0.0420347676858471
AVAXUSDT,2024-11-26T08:00:00+00:00,SHORT,0.00160987,-0.00297592,0.00092801,0.00458579,0.0031623700000000003,-0.006421836479175269,-0.036374723816892496,-0.03859437459634973
LTCUSDT,2024-11-26T11:00:00+00:00,SHORT,0.00177294,-0.00083091,0.00071065,0.00260385,0.00204456,0.0025474898863155097,-0.0013265533672056709,-0.027064069991505048
ZECUSDT,2024-11-27T02:00:00+00:00,SHORT,0.00755899,-0.00104941,0.00067322,0.0086084,0.00826787,-0.0028363784305481606,0.03027803828407508,-0.01689883551386377
UNIUSDT,2024-11-27T12:00:00+00:00,SHORT,0.00298191,-0.00027073,0.00058922,0.00325264,0.00306116,-0.03621455059718412,-0.044834958889807104,-0.059648907504307846
AVAXUSDT,2024-11-27T14:00:00+00:00,SHORT,0.00355889,-0.00054158,0.00080788,0.00410047,0.00321119,-0.0036162265902615265,0.012993040176472768,0.006717765158000622
DOGEUSDT,2024-11-27T14:00:00+00:00,SHORT,0.00204073,-0.00187539,0.00083596,0.00391612,0.0037262099999999998,-0.006572312588461072,-0.00609895159204157,-0.04046390107811468
LTCUSDT,2024-11-27T16:00:00+00:00,SHORT,0.00247257,5.425e-05,0.00086081,0.00241832,0.0021758800000000003,-0.005279788650930081,-0.019733425538427496,-0.009915387989884668
SOLUSDT,2024-11-27T18:00:00+00:00,LONG,0.00025167,-0.00202086,-7.56e-05,0.00227253,0.00219399,-0.0015880315928722209,0.005164526264638519,-0.004226389804020244
LTCUSDT,2024-11-27T20:00:00+00:00,SHORT,0.00322738,0.0,0.00085641,0.00322738,0.00241832,0.006636401915333998,0.005203296951050235,0.020769819206441865
UNIUSDT,2024-11-27T20:00:00+00:00,SHORT,0.00540877,-0.00014066,0.00054133,0.00554943,0.0036180300000000004,-0.008354393227049816,0.008043752582586494,0.012090022942626977
UNIUSDT,2024-11-28T19:00:00+00:00,SHORT,0.00771843,0.0,0.00083772,0.00771843,0.00554943,0.002842930130834092,-0.006993859791685414,0.01999190473014274
AVAXUSDT,2024-11-28T22:00:00+00:00,SHORT,0.00180469,-0.0008543,0.00088604,0.00265899,0.00243267,0.008143178010722207,-0.010029249339589185,-0.012114660245125943
LTCUSDT,2024-11-29T00:00:00+00:00,SHORT,0.00275756,0.0,0.0005751,0.00275756,0.00161786,-0.008850997543470946,-0.009369212821690025,-0.017932587307953638
SOLUSDT,2024-11-29T06:00:00+00:00,SHORT,0.00081212,-0.00087712,0.00026813,0.00168924,0.00160448,0.013000496613605157,-0.004392696964322241,-0.005178031908688307
DOGEUSDT,2024-11-29T10:00:00+00:00,SHORT,0.00284319,0.00030604,0.00096683,0.00253715,0.00252304,0.0021484878329329693,-0.012842498666480434,-0.028737404829103225
DOGEUSDT,2024-11-29T16:00:00+00:00,SHORT,0.00229746,-0.00031983,0.00099606,0.00261729,0.00253715,-0.005432594551890966,-0.032022672248458235,-0.008635406271858981
LTCUSDT,2024-11-29T22:00:00+00:00,SHORT,0.00323259,0.00015014,0.00084734,0.00308245,0.00275756,-0.015864954647977342,0.019771614014739522,0.015037877364540559
UNIUSDT,2024-11-29T23:00:00+00:00,SHORT,0.00173105,-0.00132202,0.00107742,0.0030530699999999997,0.0026186499999999997,-0.012859630489602076,-0.048888467677812256,-0.008302740140345473
AVAXUSDT,2024-11-30T06:00:00+00:00,SHORT,0.00212395,-0.00034463,0.00056506,0.0024685799999999997,0.00224714,-0.014721145554050907,0.005644164777552522,-0.01711714604085101
ZECUSDT,2024-11-30T07:00:00+00:00,SHORT,0.00198012,-0.00245336,0.0008724,0.00443348,0.00343115,-0.004684693252326217,0.004162525239225069,-0.10889408823913758
SOLUSDT,2024-11-30T08:00:00+00:00,SHORT,0.00113901,-0.00017305,0.00058852,0.0013120599999999999,0.00126683,0.0017205362484476005,0.007229739016315379,0.013267056283196915
SOLUSDT,2024-11-30T14:00:00+00:00,SHORT,0.00095408,-0.00206563,0.00044467,0.00301971,0.0013120599999999999,-0.0031716911656349996,-0.002671566123952614,0.019286960241852707
DOGEUSDT,2024-12-01T00:00:00+00:00,SHORT,0.00207827,-0.00078118,0.00063403,0.0028594500000000004,0.00278855,0.01006112809050469,0.003233726602071723,0.018424843193470687
AVAXUSDT,2024-12-01T01:00:00+00:00,SHORT,0.0017077,-0.00119944,0.00082054,0.00290714,0.0024685799999999997,0.012891148056376573,0.011253593105286851,0.004436594483210341
LTCUSDT,2024-12-01T03:00:00+00:00,SHORT,0.00162929,-0.00132238,0.00133044,0.00295167,0.00226283,0.0051419078977444094,-0.00029584340238460156,-0.07053686745735371
UNIUSDT,2024-12-01T10:00:00+00:00,SHORT,0.0019972,-0.00172416,0.00024011,0.00372136,0.00284124,-0.002699681534766639,-0.013730894975020728,-0.015177357105334426
ZECUSDT,2024-12-01T13:00:00+00:00,SHORT,0.00251696,-0.00278685,0.00038959,0.00530381,0.00436957,-0.008218984799726737,0.0010541111306351155,-0.0584842343855016
AVAXUSDT,2024-12-01T15:00:00+00:00,SHORT,0.00508581,-0.00023782,0.00047372,0.005323629999999999,0.00290714,0.00677923638462657,0.00019873472292230622,-0.039716528448472906
LTCUSDT,2024-12-01T15:00:00+00:00,SHORT,0.00291984,-0.0008224,0.00075353,0.00374224,0.00295167,0.011649540030556446,-0.009969442794081802,-0.0975721993073724
LTCUSDT,2024-12-01T20:00:00+00:00,SHORT,0.00442399,-0.00146116,0.00097585,0.0058851500000000005,0.00374224,-0.04883211839737562,-0.12707890194726146,-0.03794914938257872
ZECUSDT,2024-12-01T20:00:00+00:00,SHORT,0.00586368,-0.00103602,0.00040143,0.0068997,0.00530381,-0.010122759511238028,-0.05354975683440806,-0.033907299776652494
DOGEUSDT,2024-12-01T22:00:00+00:00,SHORT,0.0030212,-0.00055407,0.0008434,0.00357527,0.00303121,0.004706316950021029,-0.0319666486023227,0.08839957588104169
LTCUSDT,2024-12-01T23:00:00+00:00,SHORT,0.00891404,0.0,0.00121047,0.00891404,0.0058851500000000005,-0.07372605588422068,-0.0018359347558655416,0.021444468867855556
SOLUSDT,2024-12-02T01:00:00+00:00,SHORT,0.00184408,2.313e-05,0.00143729,0.00182095,0.00121803,0.016515302329200177,0.04032337882452503,0.05224425371171696
DOGEUSDT,2024-12-02T03:00:00+00:00,SHORT,0.00379426,-0.00107596,0.00066381,0.00487022,0.00357527,0.005418224338794303,0.030904495886242146,0.01952005361321218
SOLUSDT,2024-12-02T03:00:00+00:00,SHORT,0.00146442,-0.00071788,0.00050198,0.0021823,0.00182095,-0.004322112772713479,-0.0010495015831252018,-0.0034504631206634237
DOGEUSDT,2024-12-02T08:00:00+00:00,SHORT,0.00286074,-0.003387,2.617e-05,0.00624774,0.00487022,-0.010708534309814473,-0.003144311756595626,-0.03207135388713549
UNIUSDT,2024-12-02T12:00:00+00:00,SHORT,0.00776765,-0.00625697,9.48e-05,0.01402462,0.00357614,-0.02658715608764906,0.0031579729108520602,0.0034455564918116966
ZECUSDT,2024-12-02T17:00:00+00:00,SHORT,0.00520073,-0.00304603,8.847e-05,0.008246759999999999,0.0068997,-0.03701093785661675,-0.20828563571333528,-0.22134012431505917
ZECUSDT,2024-12-02T20:00:00+00:00,SHORT,0.01019292,-0.00347989,0.00070487,0.013672809999999999,0.008246759999999999,0.031994197843861705,-0.020903065525582683,0.02430237124246411
AVAXUSDT,2024-12-03T10:00:00+00:00,SHORT,0.00806336,-0.00021726,0.00108065,0.00828062,0.00782016,-0.016381370578234255,0.021031707138723377,-0.01043962844906198
SOLUSDT,2024-12-03T11:00:00+00:00,SHORT,0.00250285,4.146e-05,0.00090869,0.00246139,0.00200594,0.005774713986427297,0.010329106570420915,-0.03623159254698362
DOGEUSDT,2024-12-03T13:00:00+00:00,SHORT,0.00217034,-0.00287813,0.00011962,0.00504847,0.00442361,-0.026777862514795265,-0.02947791324693818,-0.04973944957305869
SOLUSDT,2024-12-03T13:00:00+00:00,SHORT,0.00171482,-0.00124177,0.0006685,0.00295659,0.00246139,-0.027235610681673166,-0.028882874148786146,-0.09147332465108096
UNIUSDT,2024-12-04T15:00:00+00:00,SHORT,0.00303244,-0.00369273,0.00044382,0.00672517,0.0062068,0.03291019697922005,-0.015015575475011912,0.06348482834499235
DOGEUSDT,2024-12-05T01:00:00+00:00,SHORT,0.00209089,-0.00356827,0.00047077,0.00565916,0.00403115,-0.04108819332393242,-0.07975036581769056,-0.09046443647598769
LTCUSDT,2024-12-05T02:00:00+00:00,SHORT,0.00259534,-0.00067214,0.00091865,0.0032674799999999997,0.00303118,0.010030018385244744,0.008234335348179706,-0.08217091192829516
SOLUSDT,2024-12-05T02:00:00+00:00,SHORT,0.00201884,1.104e-05,0.00115945,0.0020078,0.00162461,-0.006108071295769616,-0.008635001565155913,-0.039798042060978304
LTCUSDT,2024-12-05T11:00:00+00:00,SHORT,0.0027877,-0.0004825,0.00171304,0.0032702,0.0032674799999999997,-0.039458620132774895,-0.046639103422580895,0.01105064485584305
SOLUSDT,2024-12-05T13:00:00+00:00,SHORT,0.00168151,-0.00060721,0.00101041,0.00228872,0.0020078,-0.003031374951774982,0.0010402580777884663,-0.014942901671728554
LTCUSDT,2024-12-05T15:00:00+00:00,SHORT,0.00327056,0.0,0.00130807,0.00327056,0.0032702,0.002712573389926746,0.03146866125824722,0.046126492556630726
ZECUSDT,2024-12-05T15:00:00+00:00,SHORT,0.00407319,0.0,0.00060699,0.00407319,0.00329508,0.004671252035758473,-0.008997670712193925,-0.016110175418649564
ZECUSDT,2024-12-05T20:00:00+00:00,SHORT,0.00277484,-0.00273076,0.0003395,0.0055056,0.00407319,-0.01622062415992908,0.0013751377304505263,0.026597682921669093
AVAXUSDT,2024-12-05T22:00:00+00:00,SHORT,0.00198607,-0.00630239,0.00038984,0.00828846,0.00332893,0.011363421782735597,-0.011468889449722925,-0.006034146397085839
LTCUSDT,2024-12-05T22:00:00+00:00,SHORT,0.00301119,-0.00330002,0.00033216,0.006311209999999999,0.00327056,-0.005608456882411253,-0.014837939333617677,0.01408526472451563
SOLUSDT,2024-12-05T22:00:00+00:00,SHORT,0.00245681,-0.00137975,0.00059383,0.0038365599999999997,0.00228872,-0.0033098561999681474,-0.03228649943806874,-0.0025470150034563647
ZECUSDT,2024-12-05T22:00:00+00:00,SHORT,0.00478839,-0.0010001,0.000621,0.00578849,0.0055056,0.011934153574506905,-0.01784403110635325,0.022013023761947446
ZECUSDT,2024-12-06T05:00:00+00:00,SHORT,0.00306796,-0.00397861,0.00083893,0.007046569999999999,0.00578849,0.010704095615944455,0.04809425567377855,0.04480548456765236
UNIUSDT,2024-12-06T23:00:00+00:00,SHORT,0.00466253,0.0,0.00102109,0.00466253,0.0041276,-0.0027835391619865945,-0.02411109578667715,0.00702157872703907
DOGEUSDT,2024-12-07T07:00:00+00:00,SHORT,0.00309935,-0.00099678,0.00102016,0.00409613,0.0034077,0.009010281506625717,-0.0046303593337297866,-0.037638674880170496
LTCUSDT,2024-12-07T14:00:00+00:00,SHORT,0.00165737,-0.00074415,0.00077385,0.00240152,0.00192208,-0.004158010148663677,0.019934214900817367,0.020157953574980406
SOLUSDT,2024-12-07T20:00:00+00:00,SHORT,0.00162396,0.0,0.00110405,0.00162396,0.00148346,-0.0014484659142642083,0.009236595727885072,0.026820485774814596
SOLUSDT,2024-12-07T22:00:00+00:00,SHORT,0.00199079,0.00028201,0.00090718,0.00170878,0.00162396,0.0024309496861837066,-0.010411121398871508,0.015057540023091115
ZECUSDT,2024-12-08T10:00:00+00:00,SHORT,0.0033255,-0.00055886,0.00121271,0.00388436,0.00327195,0.0004266515033077344,-0.0346548580866928,-0.05733218264888483
UNIUSDT,2024-12-08T11:00:00+00:00,SHORT,0.00475347,-0.00312078,0.00063915,0.00787425,0.00348974,-0.026198211820863595,-0.000214477212618405,0.001878640417259942
ZECUSDT,2024-12-08T12:00:00+00:00,SHORT,0.00407541,-0.00062596,0.00025525,0.00470137,0.00388436,-0.003939954828407984,-0.0005443658272698132,-0.007864447313775565
AVAXUSDT,2024-12-08T15:00:00+00:00,SHORT,0.00163268,-0.00030898,0.00047608,0.00194166,0.00181238,0.003507531363954905,-0.0111686235672999,0.009786563530964104
AVAXUSDT,2024-12-08T18:00:00+00:00,SHORT,0.00207649,-4.573e-05,0.0010132,0.0021222199999999997,0.00194166,-0.009123457186463539,-0.03140792861937484,0.016848543819739343
LTCUSDT,2024-12-08T19:00:00+00:00,SHORT,0.00225553,0.0,0.00080471,0.00225553,0.00203088,0.0023241004576021545,-0.010947791339432087,0.04934820512314517
AVAXUSDT,2024-12-08T22:00:00+00:00,SHORT,0.00394975,0.0,0.00097906,0.00394975,0.00334189,0.0003331297571200211,0.03661576731250952,0.07064374412564796
LTCUSDT,2024-12-09T07:00:00+00:00,SHORT,0.00194271,-0.00053852,0.00046598,0.00248123,0.00225553,0.02090779287649599,0.042426222940261424,0.041195756438267284
DOGEUSDT,2024-12-09T09:00:00+00:00,SHORT,0.00192765,-0.00441167,0.00015814,0.006339320000000001,0.00300489,-0.00983012049861537,-0.017094433359300255,0.03784419710784297
SOLUSDT,2024-12-09T09:00:00+00:00,SHORT,0.0015499,8.386e-05,0.00071595,0.00146604,0.0014328099999999999,-0.004877736913798322,-0.009557284496775629,0.04049900658545085
UNIUSDT,2024-12-09T13:00:00+00:00,SHORT,0.00333489,-0.0004703,0.00015319,0.00380519,0.0030365,-0.012223135959759643,0.03312702504405692,0.05322790282413405
SOLUSDT,2024-12-09T15:00:00+00:00,SHORT,0.00127904,-0.00031531,0.00051354,0.00159435,0.00146604,-0.0008905909659313175,0.010299213374417814,0.039251007192574884
AVAXUSDT,2024-12-09T20:00:00+00:00,SHORT,0.00191159,-0.00341006,0.00035484,0.00532165,0.00394975,0.020894998286566227,0.004179299979413024,0.009654067125197624
LTCUSDT,2024-12-09T20:00:00+00:00,SHORT,0.00258703,-0.00347624,0.00043625,0.00606327,0.00248123,0.052213706302487464,0.030999965446825848,0.009436505148752732
SOLUSDT,2024-12-09T20:00:00+00:00,SHORT,0.00179223,-0.00072836,0.00069483,0.00252059,0.00159435,0.007084934218637445,0.008278306554692442,0.011037690204020496
UNIUSDT,2024-12-09T20:00:00+00:00,SHORT,0.00196914,-0.00380514,0.00057457,0.00577428,0.00380519,0.023266446191674773,-0.035640023781969996,0.01712792701198596
UNIUSDT,2024-12-12T22:00:00+00:00,LONG,0.00097368,-0.0046016,-0.00022004,0.00557528,0.0034940600000000002,0.01083913798464134,0.021394510816737173,-0.008825777961083492
SOLUSDT,2024-12-13T16:00:00+00:00,LONG,0.00096437,-0.00091852,-0.00033633,0.00188289,0.00146162,0.01062594419508008,0.013398878571722471,0.019854104103670493
UNIUSDT,2024-12-13T18:00:00+00:00,SHORT,0.00485917,-0.00117625,2.07e-05,0.0060354200000000005,0.00557528,-0.007487193628583162,-0.0005241853406376289,-0.007834074594077943
DOGEUSDT,2024-12-13T20:00:00+00:00,LONG,0.00119868,-0.00083604,-4.187e-05,0.00203472,0.0018816700000000002,-0.00249638648126355,0.006054359899405673,0.00821127634629868
AVAXUSDT,2024-12-13T22:00:00+00:00,LONG,0.00115297,-0.0011354,-0.0006964,0.0022883699999999996,0.00220161,0.015061416874316884,0.018220439259476653,0.02197179857654475
ZECUSDT,2024-12-14T08:00:00+00:00,LONG,0.00190092,-0.00313877,-2.162e-05,0.0050396899999999994,0.0037979,-0.005844551996283132,-0.020012439515014278,-0.051065478006567536
DOGEUSDT,2024-12-14T13:00:00+00:00,SHORT,0.00076522,-0.00177362,0.00015037,0.00253884,0.00203472,-0.00904071935490616,0.009480671365361255,-0.010293412809295823
LTCUSDT,2024-12-15T08:00:00+00:00,LONG,0.00097375,-0.00100234,-3.717e-05,0.00197609,0.00196782,0.002310359133184085,0.014711775184247131,0.019511986515216552
AVAXUSDT,2024-12-15T13:00:00+00:00,LONG,0.00077998,-0.00145312,-0.00051616,0.0022331,0.00215671,0.011924410340124496,-0.006895479512053058,0.018925651439012654
UNIUSDT,2024-12-15T16:00:00+00:00,LONG,0.00117506,-0.00259963,-0.0001203,0.00377469,0.00296453,-0.010597860561889874,-0.01089718110649334,-0.010478157425524834
SOLUSDT,2024-12-15T19:00:00+00:00,LONG,0.00055202,-0.00070023,-0.00037655,0.0012522499999999999,0.0010015900000000001,-0.003623848865216376,0.013696691206647878,0.008644030051620842
AVAXUSDT,2024-12-15T21:00:00+00:00,LONG,0.00102462,-0.00158626,-0.0001925,0.00261088,0.0022331,0.011571477229045064,0.05545292855743698,0.007040764770506158
DOGEUSDT,2024-12-15T21:00:00+00:00,LONG,0.00047587,-0.0013631,-0.00035154,0.0018389699999999999,0.00173756,0.007137610286984333,0.0335621872893447,0.0064635960073140784
DOGEUSDT,2024-12-15T23:00:00+00:00,LONG,0.00094012,-0.00132333,-0.00023134,0.00226345,0.0018389699999999999,0.012737468530461685,-0.0036728044540590295,-0.03276275825800901
SOLUSDT,2024-12-15T23:00:00+00:00,LONG,0.00072329,-0.00078386,-0.00018997,0.00150715,0.0012522499999999999,0.007332225619144103,-0.013741908362044303,-0.04646692056390828
SOLUSDT,2024-12-16T01:00:00+00:00,LONG,0.00063603,-0.00097525,-0.00023932,0.00161128,0.00150715,-0.01483096960032758,-0.014650967799823472,-0.04248250093083765
LTCUSDT,2024-12-16T08:00:00+00:00,SHORT,0.00325854,-0.0008895,0.00020866,0.0041480399999999995,0.00197609,0.006481231390987198,0.023085129380056746,-0.00033554232342333237
AVAXUSDT,2024-12-16T10:00:00+00:00,LONG,0.00060567,-0.00248278,-0.00040533,0.00308845,0.00261088,-0.00964983568624935,-0.0011016362450775785,0.01284406458188012
DOGEUSDT,2024-12-16T16:00:00+00:00,LONG,0.00212652,-0.00087375,-3.104e-05,0.0030002699999999998,0.00226345,0.00100277606143003,-0.01516357321079206,-0.02139396768579491
SOLUSDT,2024-12-17T12:00:00+00:00,LONG,0.00099162,-0.0011271,-0.00062611,0.00211872,0.00155475,-0.01575534643152312,-0.0007488492299817848,-0.013253446364015814
SOLUSDT,2024-12-17T16:00:00+00:00,LONG,0.00138859,-0.00098411,-5.16e-05,0.0023727,0.00211872,0.0017171165473896344,-0.002426596677257003,-0.04428352299728487
AVAXUSDT,2024-12-17T17:00:00+00:00,LONG,0.0007399,-0.00173053,-0.00041783,0.00247043,0.0024619999999999998,-0.019825130613410825,-0.016960033696066953,-0.06375256231107677
LTCUSDT,2024-12-17T17:00:00+00:00,LONG,0.00267592,-0.00141721,-0.00015125,0.00409313,0.0035187400000000002,-0.014721611825359963,-0.023865613737362103,-0.05213604767561752
DOGEUSDT,2024-12-18T06:00:00+00:00,LONG,0.0,-0.00202854,-0.0004149,0.00202854,0.00177382,0.0024530923859794416,0.012283156887747013,0.01781692044616788
AVAXUSDT,2024-12-18T13:00:00+00:00,LONG,0.00073682,-0.0018658,-0.00011249,0.00260262,0.00247043,-0.007584494719008021,0.004759606250110871,-0.10159690044731243
UNIUSDT,2024-12-18T15:00:00+00:00,LONG,0.00298302,-0.0015157,-0.00022072,0.0044987199999999995,0.00306629,0.0007048797190382525,-0.012578782206860185,-0.06535937076297603
AVAXUSDT,2024-12-18T19:00:00+00:00,LONG,0.00088984,-0.0017581,-0.00088356,0.00264794,0.00260262,-0.02836354028498625,-0.056501928094935726,-0.05071752049374889
DOGEUSDT,2024-12-18T19:00:00+00:00,LONG,0.00048562,-0.00164047,-0.00067943,0.0021260899999999998,0.00202854,-0.041611852737772036,-0.04392708829407037,-0.030749108407863233
SOLUSDT,2024-12-18T19:00:00+00:00,LONG,0.00024047,-0.00133959,-0.00074198,0.00158006,0.0013246,-0.021791935659879857,-0.024307416862462745,0.000614352232172128
LTCUSDT,2024-12-18T20:00:00+00:00,LONG,0.0015357,-0.00592383,-0.00078273,0.00745953,0.00280081,0.011715159186295152,-0.0039357517281887605,-0.008992536282106688
UNIUSDT,2024-12-18T20:00:00+00:00,LONG,0.00106698,-0.00625128,-0.0004513,0.00731826,0.0044987199999999995,0.0014021970046922834,-0.01297977131869565,-0.031701280127109974
ZECUSDT,2024-12-18T20:00:00+00:00,LONG,0.00176353,-0.00372157,-0.00055002,0.0054851,0.00412824,-0.00019303156125969126,-0.018113261794830256,-0.0044491803734982354
UNIUSDT,2024-12-20T09:00:00+00:00,LONG,0.00152172,-0.0026675,-0.00078959,0.0041892200000000004,0.00365264,-0.01827080620953566,0.013862855908395446,0.13126571454607314
AVAXUSDT,2024-12-20T10:00:00+00:00,LONG,0.00212922,-0.00225994,-0.00030107,0.00438916,0.00433148,-0.03704235219430622,0.061547208761611606,0.12958650115719791
SOLUSDT,2024-12-20T10:00:00+00:00,SHORT,0.00176741,-0.00279718,8.482e-05,0.00456459,0.0040678699999999995,0.037414114861767246,-0.029337738242616682,-0.05224511796726332
ZECUSDT,2024-12-20T11:00:00+00:00,LONG,0.00231103,-0.00379324,-0.00013749,0.00610427,0.00562344,0.0609802026614857,0.2585433754240574,0.2739240177346244
SOLUSDT,2024-12-20T13:00:00+00:00,LONG,0.00069794,-0.00509254,-0.00043679,0.00579048,0.00456459,-0.00031882672037973083,0.019467127100797354,0.03636195172787758
ZECUSDT,2024-12-20T15:00:00+00:00,LONG,0.00425876,-0.00345464,-0.00209114,0.0077134000000000005,0.00610427,-0.05826890812397576,-0.021908336113893666,0.013176399226850299
LTCUSDT,2024-12-21T13:00:00+00:00,LONG,0.00214153,-0.00193823,-0.00083384,0.00407976,0.0026920399999999997,-0.005197412999172627,0.005765423524894011,0.003383761190406644
UNIUSDT,2024-12-22T15:00:00+00:00,LONG,0.0006814,-0.00230795,-0.00099124,0.00298935,0.00282956,0.02570613520133584,-0.003653639431579111,0.03617225152874005
DOGEUSDT,2024-12-22T22:00:00+00:00,LONG,0.00055518,-0.00211212,-0.00037582,0.0026673,0.00261202,-0.002525132792420429,-0.007369466226279261,0.012467842294277316
ZECUSDT,2024-12-23T00:00:00+00:00,LONG,0.00090697,-0.00894535,-0.00010635,0.00985232,0.00599502,-0.003932087282525191,0.07985058735073214,0.07555944361466982
DOGEUSDT,2024-12-23T01:00:00+00:00,LONG,0.00178111,-0.00125818,-0.00029905,0.00303929,0.0026673,0.0064526760429097305,0.021802979847603085,0.0064526760429097305
LTCUSDT,2024-12-23T14:00:00+00:00,LONG,0.00065843,-0.00128486,-0.0004455,0.00194329,0.0018429100000000001,-0.010382443268719666,0.008603266908954141,0.040770349527920885
ZECUSDT,2024-12-23T19:00:00+00:00,LONG,0.00721366,-0.0033357,-0.00059082,0.01054936,0.00985232,0.003923727862236952,0.034163613051954936,0.06822725898580215
SOLUSDT,2024-12-23T20:00:00+00:00,LONG,7.047e-05,-0.00198185,-0.00052526,0.00205232,0.00204932,-0.005667521467623873,-0.006562564568416047,0.008389616963601867
AVAXUSDT,2024-12-23T21:00:00+00:00,LONG,0.00117717,-0.00126406,-0.00029916,0.00244123,0.0023589,0.0309005052410953,-0.0060706154977828025,0.009270024707262455
LTCUSDT,2024-12-24T13:00:00+00:00,LONG,0.00138333,-0.00110491,-0.00020781,0.00248824,0.00194329,-0.005937446079477232,-0.0004554771201495078,-0.01366304322778442
UNIUSDT,2024-12-24T14:00:00+00:00,LONG,0.00166766,-0.00292841,-0.00027687,0.004596070000000001,0.0029029299999999997,0.006390237157525602,0.004745048960837334,-0.0131138045827719
DOGEUSDT,2024-12-24T15:00:00+00:00,LONG,0.00145815,-0.00186005,-0.0009184,0.0033182000000000003,0.00239713,-0.010553004469517022,-0.013502592762987856,-0.011424935852649688
SOLUSDT,2024-12-25T01:00:00+00:00,LONG,0.00041049,-0.00212372,-0.00074786,0.00253421,0.00251621,0.011683192455198586,0.0005522781613953487,-0.011414841858271258
ZECUSDT,2024-12-25T03:00:00+00:00,LONG,0.00261363,-0.0046022,-0.00018237,0.0072158299999999995,0.00540102,0.021029476305660964,0.0654445580061758,0.07254771726934828
UNIUSDT,2024-12-25T21:00:00+00:00,LONG,0.00039295,-0.00172227,-0.00104334,0.00211522,0.00208083,0.00014552863301524257,-0.002696106854135153,-0.056353991183737275
UNIUSDT,2024-12-26T03:00:00+00:00,LONG,0.00016825,-0.00212264,-0.0005068,0.00229089,0.00211522,-0.008183960565216798,-0.019377406512033474,-0.046562357118968264
DOGEUSDT,2024-12-26T04:00:00+00:00,LONG,0.0,-0.0030135,-0.00050162,0.0030135,0.00244391,0.00233171855046236,-0.027465528395260782,-0.027907629011928958
LTCUSDT,2024-12-26T04:00:00+00:00,LONG,0.00101548,-0.00128377,-0.00047518,0.00229925,0.00222396,-0.0011161753553945457,-0.031158109642412238,-0.0398270138635206
SOLUSDT,2024-12-26T04:00:00+00:00,LONG,0.00027828,-0.00127504,-0.00046903,0.00155332,0.00134586,-0.0028226135596256274,-0.03160157810966901,-0.023961316479563774
AVAXUSDT,2024-12-26T08:00:00+00:00,LONG,0.00209779,-0.00150743,-3.182e-05,0.00360522,0.00223055,-0.009081665609949822,-0.013362290457896343,-0.023582756300749685
SOLUSDT,2024-12-26T11:00:00+00:00,LONG,0.0006246,-0.0009865,-0.00062368,0.0016110999999999999,0.00155332,-0.004226102433504548,-0.00586853041669468,-0.007035763146840679
ZECUSDT,2024-12-26T11:00:00+00:00,LONG,0.00270561,-0.00330046,-0.00057237,0.00600607,0.00505778,-0.026752185471432943,-0.021401872657755422,-0.027912783309528295
SOLUSDT,2024-12-26T17:00:00+00:00,LONG,0.0,-0.00168071,-0.00031083,0.00168071,0.0016110999999999999,0.005404272981471597,0.006302152461868696,0.004664237003095137
UNIUSDT,2024-12-27T01:00:00+00:00,LONG,0.00062603,-0.00191575,-0.000352,0.00254178,0.00229089,-0.012686709961786214,0.01223987759433135,0.006898832779106998
UNIUSDT,2024-12-27T04:00:00+00:00,LONG,0.00043647,-0.00269193,-0.00049731,0.0031284,0.00254178,0.0007921362888553322,-0.013928407979597102,-0.03549019729812339
AVAXUSDT,2024-12-27T09:00:00+00:00,LONG,0.00135582,-0.00155104,-0.00071472,0.00290686,0.00231775,-0.012289943206335665,-0.01531375472112173,-0.051347892951621905
DOGEUSDT,2024-12-27T09:00:00+00:00,LONG,0.00109362,-0.0013427,-0.00047009,0.00243632,0.00198194,-0.005859635267416515,-0.013957353789086734,-0.03346442411104243
SOLUSDT,2024-12-27T09:00:00+00:00,LONG,0.00084207,-0.00124719,-0.0005367,0.00208926,0.00168071,-0.01078612963402173,-0.01899238294558047,-0.04396894668505544
AVAXUSDT,2024-12-28T14:00:00+00:00,LONG,0.00042545,-0.00167384,-0.00033405,0.00209929,0.00205832,0.0007291090340954304,0.013496495400354273,0.00804470606141242
SOLUSDT,2024-12-28T17:00:00+00:00,LONG,0.00023257,-0.00134205,-0.00033862,0.00157462,0.00126812,-0.005664278790096364,-0.002004575213155287,0.002564103968937634
SOLUSDT,2024-12-28T22:00:00+00:00,LONG,0.00023544,-0.00172002,-0.00068688,0.00195546,0.00157462,0.0016903576825507446,-0.007513028701392343,0.008423359399768736
ZECUSDT,2024-12-28T22:00:00+00:00,LONG,0.00143331,-0.00313002,-0.00018307,0.00456333,0.0043002100000000005,-0.0003188775537224099,0.026429098450147518,-0.006396951287892612
ZECUSDT,2024-12-29T02:00:00+00:00,LONG,0.00206696,-0.00340193,-0.00086042,0.0054688900000000006,0.00456333,0.01937032124112016,-0.018645271832531025,-0.05717667651196062
LTCUSDT,2024-12-29T20:00:00+00:00,LONG,0.0004643,-0.00124317,-0.000347,0.00170747,0.00156066,-0.009443132567173336,0.0036315988666923483,0.027609268505344117
AVAXUSDT,2024-12-29T22:00:00+00:00,LONG,0.00034653,-0.0015061,-0.00031397,0.00185263,0.00181911,0.005178385562362049,0.030321685049390208,0.027922948686867177
DOGEUSDT,2024-12-29T22:00:00+00:00,LONG,0.00025252,-0.00177821,-0.00026448,0.0020307299999999997,0.00152991,0.0015289061745571136,0.022442395550860587,0.018632510235407823
LTCUSDT,2024-12-29T22:00:00+00:00,LONG,0.00014778,-0.00173483,-0.00020487,0.0018826099999999998,0.00170747,0.00949228867582748,0.026214749474147113,0.04697674092257642
AVAXUSDT,2024-12-30T01:00:00+00:00,LONG,0.00078499,-0.00119469,-2.641e-05,0.00197968,0.00185263,-0.00035387149390028164,-0.011001150849434704,-0.031883031803374644
DOGEUSDT,2024-12-30T01:00:00+00:00,LONG,0.00097188,-0.00153475,-0.00044747,0.00250663,0.0020307299999999997,-0.001992838897114514,-0.012615402630074202,-0.02778788857740391
LTCUSDT,2024-12-30T01:00:00+00:00,LONG,0.00049765,-0.0014291,-0.00015697,0.00192675,0.0018826099999999998,-0.0053801066309555464,0.0008938770024593686,-0.014109405025980206
LTCUSDT,2024-12-30T05:00:00+00:00,LONG,0.0005719,-0.00151684,-0.0007161,0.00208874,0.00192675,0.01605234133699817,0.013606993612856909,0.002973832485051073
LTCUSDT,2024-12-30T08:00:00+00:00,LONG,0.00058411,-0.00180016,-0.00040221,0.00238427,0.00221987,0.003826723013527686,0.008126543964470788,-0.001968117147786685
AVAXUSDT,2024-12-30T14:00:00+00:00,LONG,0.00072776,-0.00143029,-0.00022069,0.00215805,0.00197968,-0.0021046651682584397,0.0458404913790556,0.004111206686590082
DOGEUSDT,2024-12-30T14:00:00+00:00,LONG,0.00013861,-0.00252197,-0.00067014,0.00266058,0.00250663,0.0017714796483822427,0.0274407946320446,0.007355217922006906
LTCUSDT,2024-12-30T14:00:00+00:00,LONG,0.00087946,-0.00219321,-0.00046663,0.00307267,0.00238427,-0.003247744659249221,0.027385281203988632,0.0009115309285629782
AVAXUSDT,2024-12-30T21:00:00+00:00,LONG,0.00071734,-0.00236406,-0.00073037,0.0030813999999999998,0.00215805,0.002756548544128668,-0.015227579737297511,0.011229063716413287
SOLUSDT,2024-12-30T21:00:00+00:00,LONG,0.00010548,-0.00159833,-0.00068663,0.00170381,0.00151868,0.009148809803815123,-0.0011627293736353771,0.020442484188861798
UNIUSDT,2024-12-31T02:00:00+00:00,LONG,0.00012752,-0.00388084,-0.00083841,0.00400836,0.0027222500000000003,-0.0012838426413187968,0.00691940185509252,0.03776828007296647
