asset,slug,symbol,signal_date,side,score_prev,score_now,qv,r1,r3,r7
RSR,reserve-protocol,RSRUSDT,2023-01-01,LONG,-8.091346547262269e-05,0.00026072532340694907,8750991.066441,0.02516072758498274,0.04837455383968923,0.1186746295363143
BEL,bella-protocol,BELUSDT,2023-01-02,LONG,-0.004484881252326438,3.727054569313174e-05,7529216.6613,-0.0037645922236640133,0.02204969797445118,0.068959470795554
EOS,vaulta-rex,EOSUSDT,2023-01-02,LONG,-0.01689482681778905,0.0015603168691714388,88311775.2761,-0.0011357184639273798,0.011286801534629855,0.05841881229266324
RSR,reserve-protocol,RSRUSDT,2023-01-02,SHORT,0.00026072532340694907,-9.584410010995406e-05,10905782.844482,-0.011502156579180304,-0.05074874328839512,-0.12640329193080652
BEL,bella-protocol,BELUSDT,2023-01-03,SHORT,3.727054569313174e-05,-0.0013764489635769645,5304288.3471,-0.02580788395587272,-0.03628683935486372,-0.0967260607414944
RSR,reserve-protocol,RSRUSDT,2023-01-03,LONG,-9.584410010995406e-05,9.517289684940675e-05,9300595.424767,0.011371359990431519,0.062265505889446876,0.13684744913980548
BEL,bella-protocol,BELUSDT,2023-01-04,LONG,-0.0013764489635769645,0.006934804219347378,5845431.6043,0.0,0.0034246608813639536,0.1001768020025903
EOS,vaulta-rex,EOSUSDT,2023-01-04,SHORT,0.006891082775379078,-0.014188818923195363,104973815.5547,0.017798022644327328,0.020045214601232035,-0.07536721991968073
1INCH,1inch-swap,1INCHUSDT,2023-01-05,LONG,-0.004488668207276913,0.05488745212387046,16541395.5115,0.020135763779219454,0.05119030247232479,0.14787829089035606
EOS,vaulta-rex,EOSUSDT,2023-01-05,LONG,-0.014188818923195363,0.07706870524341523,92550541.0685,0.004479290804046041,0.02219846978914913,0.10637010685917862
LRC,loopring,LRCUSDT,2023-01-05,LONG,-0.036515501780927766,0.0218923792084945,6915039.293,0.03807629304564093,0.08869007471471875,0.17693070815907824
RSR,reserve-protocol,RSRUSDT,2023-01-05,SHORT,0.0008365863785308598,-7.00389839545004e-05,25123619.049664,-0.023018919180231998,-0.0424248489778415,-0.13332923765183255
SXP,swipe,SXPUSDT,2023-01-05,LONG,-0.002274572244779095,0.024894229325482044,7577904.39541,0.010877383199193564,0.040536647107846775,0.14246662766888377
KSM,karura-liquid-staking,KSMUSDT,2023-01-08,LONG,-0.02672679457938936,0.04456079846531928,17336078.079,0.019539504021408072,0.0734030219645041,0.20995515010033766
RSR,reserve-protocol,RSRUSDT,2023-01-08,LONG,-0.00021563545400394402,0.00015528737376849737,16502249.817751,0.03384985472320516,0.06601076192110264,0.20157261209600702
REN,renvm,RENUSDT,2023-01-09,LONG,-0.026854614226209876,0.05808085782648573,25988232.02916,0.022979358462437063,0.05041375407697617,0.16286159168835526
RSR,reserve-protocol,RSRUSDT,2023-01-09,SHORT,0.00015528737376849737,-0.001294741907258797,24113626.308863,-0.022246208827163747,-0.05797458404840586,-0.16852962327182133
RSR,reserve-protocol,RSRUSDT,2023-01-10,LONG,-0.001294741907258797,0.0002517486998447999,17705972.000646,0.009628083128975713,0.0745476292282913,0.14366747678042505
RSR,reserve-protocol,RSRUSDT,2023-01-11,SHORT,0.0002517486998447999,-0.0001109478157927293,15034670.631311,-0.0252234639113862,-0.12456533773529746,-0.03788008062090558
RSR,reserve-protocol,RSRUSDT,2023-01-12,LONG,-0.0001109478157927293,0.004705426400061477,20637679.979174,0.03912275876729533,0.10976506284288422,0.029827995295791745
RSR,reserve-protocol,RSRUSDT,2023-01-13,SHORT,0.004705426400061477,-0.0007119553528862591,20483985.933267,-0.05966403770747877,-0.07087720310698285,-0.10818568324376607
RSR,reserve-protocol,RSRUSDT,2023-01-14,LONG,-0.0007119553528862591,0.0012764033020133,30647002.017195,0.010706194539469376,0.009183738016014303,0.0359923083095355
EOS,vaulta-rex,EOSUSDT,2023-01-19,SHORT,0.07665430406205878,-0.03276757999450188,101340738.1602,-0.06524052186840094,-0.1009586044704803,-0.10556478488537767
EOS,vaulta-rex,EOSUSDT,2023-01-23,LONG,-0.0018549237811797293,0.02850664939799417,193489886.483,-0.05630004468853258,-0.007326040092072898,-0.0438298591116638
KSM,karura-liquid-staking,KSMUSDT,2023-01-25,SHORT,0.09772736104539824,-0.025871162272996018,22078100.845,0.012418932174913211,-0.03608057656448237,-0.04654610860414368
ANKR,ankr,ANKRUSDT,2023-01-26,LONG,-0.0033410550030894687,0.0698796645948252,46380634.21463,0.012208410159392101,-0.0010844027811249234,-0.010532147474481996
KSM,karura-liquid-staking,KSMUSDT,2023-01-26,LONG,-0.025871162272996018,0.010214426860591031,17958983.146,0.061154423153330646,0.07769268812758977,0.06715062536549626
RSR,reserve-protocol,RSRUSDT,2023-01-26,SHORT,0.0020839688806209553,-0.0014618406263405136,30417989.454858,-0.005083445580586997,-0.017788983422042465,0.07976576840454774
KSM,karura-liquid-staking,KSMUSDT,2023-01-27,SHORT,0.010214426860591031,-0.007566048385342371,24457514.761,0.012654914413935013,0.06903192559642497,-0.040712639169935776
RSR,reserve-protocol,RSRUSDT,2023-01-27,LONG,-0.0014618406263405136,0.0011657696708714052,19725967.972205,-0.01981144373354566,-0.09398859370888553,-0.0534184468802276
1INCH,1inch-swap,1INCHUSDT,2023-01-28,SHORT,0.04343273568940346,-0.0050629250350913094,21866932.0788,-0.024097551579060305,0.02857611261676912,-0.09515547284478142
ANKR,ankr,ANKRUSDT,2023-01-28,SHORT,0.033410491922990115,-0.007119657745101604,22775918.0301,-0.014572206859090725,0.05739589481560033,-0.0629317263467887
KSM,karura-liquid-staking,KSMUSDT,2023-01-28,LONG,-0.007566048385342371,0.09770434985069869,24620056.679,0.02919317938819393,-0.020982725331395474,0.05179150912840501
RSR,reserve-protocol,RSRUSDT,2023-01-28,SHORT,0.0011657696708714052,-0.0014530589073458845,15894120.173325,-0.03229654731862533,0.04977986239228303,0.0373340048985381
RSR,reserve-protocol,RSRUSDT,2023-01-29,LONG,-0.0014530589073458845,0.0005910095772267943,28517061.653528,-0.10669134883470897,-0.06844894979826277,-0.09993456637182917
1INCH,1inch-swap,1INCHUSDT,2023-01-30,LONG,-0.018454400849744857,0.0016433147963606555,32613392.1145,0.009971731860378018,0.06209153284625816,0.08617589346640174
ANKR,ankr,ANKRUSDT,2023-01-30,LONG,-0.004329587511911779,0.024809459395373455,24963032.28084,0.026783798762779046,0.089304155744113,0.1395015596110264
RSR,reserve-protocol,RSRUSDT,2023-01-30,SHORT,0.0005910095772267943,-0.0004574726139946189,25520978.082162,-0.024639447652044986,-0.00916110553636317,0.004612218395809918
1INCH,1inch-swap,1INCHUSDT,2023-01-31,SHORT,0.0016433147963606555,-0.04388883446350227,20047185.5343,-0.0270572008015729,-0.09758870875506628,-0.13175486903207123
ANKR,ankr,ANKRUSDT,2023-01-31,SHORT,0.024809459395373455,-0.01458702266117915,16462426.24367,-0.08636316279697057,-0.10997659476355393,-0.19346965691326945
BEL,bella-protocol,BELUSDT,2023-01-31,SHORT,0.040866009704266223,-0.0057867314628867374,7541795.8997,-0.04258970363331921,-0.11305784162729031,-0.1668874203108965
EOS,vaulta-rex,EOSUSDT,2023-01-31,SHORT,0.011657323388920612,-0.06185059796764236,115938995.5732,-0.01401237312699455,-0.03148408193328239,-0.04506509646857985
KSM,karura-liquid-staking,KSMUSDT,2023-01-31,SHORT,0.05722981851896141,-0.0052926785485968905,18911545.452,-0.031448257371056575,-0.0743502789152662,-0.049906979075908665
REN,renvm,RENUSDT,2023-01-31,SHORT,0.04685494290111633,-0.019590916937882598,11411884.41918,-0.0357244001405137,-0.256130829289389,-0.22239906587533959
RSR,reserve-protocol,RSRUSDT,2023-01-31,LONG,-0.0004574726139946189,0.0014860735357733882,15735032.160885,0.013845111453389498,0.016172859245601186,0.11399515233944651
SXP,swipe,SXPUSDT,2023-01-31,SHORT,0.026877179230714053,-0.01109754287847226,15296625.21882,-0.033382793853205806,-0.10178269430994238,-0.13723738821884032
1INCH,1inch-swap,1INCHUSDT,2023-02-01,LONG,-0.04388883446350227,0.00046688652957744804,33969457.2547,0.02505740672815769,0.09666919120382823,0.06860145486947547
ANKR,ankr,ANKRUSDT,2023-02-01,LONG,-0.01458702266117915,0.03347912452178302,94982898.57727,-0.023097381901710106,0.03470988227934501,0.0913129692760342
BEL,bella-protocol,BELUSDT,2023-02-01,LONG,-0.0057867314628867374,0.02229194280856629,17190733.6177,0.038188772847660854,0.06917739886672504,0.08137267196054329
EOS,vaulta-rex,EOSUSDT,2023-02-01,LONG,-0.06185059796764236,0.012051151247111168,179707353.6996,-0.007448824012990625,0.026546181239694277,0.006472514505617298
REN,renvm,RENUSDT,2023-02-01,LONG,-0.019590916937882598,0.014082667557872896,21659362.06229,0.014031282527330642,0.17127708268429523,0.12043054584577648
RSR,reserve-protocol,RSRUSDT,2023-02-01,SHORT,0.0014860735357733882,-0.0012332653454944428,35659437.083719,0.029556472328135713,0.0016322727187089673,-0.06799827949845454
SXP,swipe,SXPUSDT,2023-02-01,LONG,-0.01109754287847226,0.020265911938027896,27471771.77854,0.013245226750020723,0.08735319890374259,0.0769610411361284
EOS,vaulta-rex,EOSUSDT,2023-02-02,SHORT,0.012051151247111168,-0.01621340491552093,158824491.9097,-0.02492053281927825,-0.011152531950474887,0.023641763057040653
RSR,reserve-protocol,RSRUSDT,2023-02-02,LONG,-0.0012332653454944428,0.00031212783506631253,32334509.281451,0.030931517990889123,-0.0028818463748888153,-0.037380680433564996
KSM,karura-liquid-staking,KSMUSDT,2023-02-03,LONG,-0.00404229403793524,0.08942358395789965,16887970.55,-0.0015760444554657658,-0.0797365428232432,-0.1842131084298259
BEL,bella-protocol,BELUSDT,2023-02-06,SHORT,0.03331361214758341,-0.0007313013784977442,14802465.1751,-0.10053388365327516,0.07251074553394471,0.09417887201019132
KSM,karura-liquid-staking,KSMUSDT,2023-02-06,SHORT,0.0325077058398401,-0.01869592610744678,10727369.944,-0.05557753580740672,0.05674036411938834,0.08481666664948415
BEL,bella-protocol,BELUSDT,2023-02-07,LONG,-0.0007313013784977442,0.05097361312013852,22614456.9593,-0.042925044717033886,-0.16797123544589043,-0.13368419268593992
EOS,vaulta-rex,EOSUSDT,2023-02-07,LONG,-0.02194599317660645,0.015034483914807148,120239775.5046,-0.0254790853009849,-0.05731698039859379,-0.06017548639455726
KSM,karura-liquid-staking,KSMUSDT,2023-02-07,LONG,-0.01869592610744678,0.01843513439981334,14962161.847,0.0005377789858030586,-0.15976980859046847,-0.09738333321973919
ANKR,ankr,ANKRUSDT,2023-02-09,SHORT,0.06056487533904457,-0.00609483687745574,242978379.29954,0.029665985640562588,0.05782730379427227,0.02732680328739031
LRC,loopring,LRCUSDT,2023-02-09,SHORT,0.09548491007773166,-0.029891931369299407,177883864.0316,-0.14171850727246288,-0.2111803852559344,-0.2533144289475731
REN,renvm,RENUSDT,2023-02-09,SHORT,0.10373592171290415,-0.002225227587702845,38114397.89406,0.003041919970512559,-0.02614057718020082,-0.06638955870200795
1INCH,1inch-swap,1INCHUSDT,2023-02-10,SHORT,0.0340831829548242,-0.014053595456669265,26902197.4921,-0.01791761260040819,0.0022624444039695043,-0.06594995397597883
BEL,bella-protocol,BELUSDT,2023-02-10,SHORT,0.06579538050683352,-0.017405575972323343,8420803.3921,-0.02482048672711954,0.026379987314144464,-0.18259271872448127
EOS,vaulta-rex,EOSUSDT,2023-02-10,SHORT,0.0006575638963706489,-0.019098267609139206,157025216.5518,-0.0056926149932864985,0.021154635042901482,-0.12672905122096517
RSR,reserve-protocol,RSRUSDT,2023-02-10,SHORT,0.0041757401540273315,-0.0009995162720356618,29226557.487253,-0.02078452183629087,0.008640460363272411,-0.2394073371669472
SXP,swipe,SXPUSDT,2023-02-10,SHORT,0.004246877336853048,-0.04132648730059508,24283064.0658,-0.004488182918152226,-0.1326659663480939,-0.15246859364427354
KSM,karura-liquid-staking,KSMUSDT,2023-02-11,SHORT,0.015753487553638743,-0.16218928218103945,9839144.07,0.02171301182750396,-0.034382156224088474,-0.2771946228440922
BEL,bella-protocol,BELUSDT,2023-02-12,LONG,-0.02710781499643515,0.042151819686917565,10268903.9009,-0.05120047404126395,0.13383998697969499,0.2317833690450541
LRC,loopring,LRCUSDT,2023-02-12,LONG,-0.06855989407487947,0.05230197302794371,174801448.8416,-0.04958046178799891,0.06173927388891459,0.04212401477862212
RSR,reserve-protocol,RSRUSDT,2023-02-12,LONG,0.0,0.0001640210583323456,12106478.364218,-0.012932854278579466,0.10830402508526134,0.2684121830441637
RSR,reserve-protocol,RSRUSDT,2023-02-13,SHORT,0.0001640210583323456,-0.0026144363556658487,36742354.316148,-0.03263341783252971,-0.09996194301499525,-0.3798790115091539
BEL,bella-protocol,BELUSDT,2023-02-15,SHORT,0.008543556719673388,-0.06505780850817376,24678545.9964,0.044472796825117726,-0.029185838093454562,-0.33181187103955384
RSR,reserve-protocol,RSRUSDT,2023-02-15,LONG,-0.0012650437295504348,0.0008223495314852162,21546521.775274,-0.021245801987544125,0.18367687663096527,0.15389231527343772
1INCH,1inch-swap,1INCHUSDT,2023-02-16,LONG,-0.07113874767048313,0.01004834633409383,36262077.9058,0.046553598037716915,0.06108085098173663,0.1357223781756315
BEL,bella-protocol,BELUSDT,2023-02-16,LONG,-0.06505780850817376,0.03342555586000944,40080013.6245,0.06728366230550664,0.14129479935319894,0.3422325022359283
EOS,vaulta-rex,EOSUSDT,2023-02-16,LONG,-0.06653823500125663,0.014251111016194707,179976478.0178,0.13341165365533206,0.1639546799238791,0.12330204775477838
SXP,swipe,SXPUSDT,2023-02-16,LONG,-0.043538333153727335,0.010391202503792756,62505724.34006,0.04620882845329348,0.07519636532654564,0.04024933524931135
ANKR,ankr,ANKRUSDT,2023-02-17,LONG,-0.002453326701985687,0.04227815250299782,81886808.81131,0.013168158428916029,0.07051247257613556,0.2850584117137982
KSM,karura-liquid-staking,KSMUSDT,2023-02-17,LONG,-0.03462309028544618,0.013340480795445494,83843741.106,0.0011634672632980494,0.050175090851196674,-0.11380376903780079
REN,renvm,RENUSDT,2023-02-17,LONG,-0.04780990898903907,0.08986356751088631,17853448.17778,0.022236267170033557,0.06832641728825216,0.0403439311025582
RSR,reserve-protocol,RSRUSDT,2023-02-17,SHORT,0.0010900018572312371,-0.0010775883807312631,95053675.393222,-0.057291207147361106,-0.13228559702301027,-0.018551943165356945
RSR,reserve-protocol,RSRUSDT,2023-02-20,LONG,-0.00010251000873022945,0.001475276215770336,54490539.606646,-0.07895255167327835,-0.030837105834550817,-0.07819740721602321
RSR,reserve-protocol,RSRUSDT,2023-02-21,SHORT,0.001475276215770336,-0.00045671854427890423,28223158.674395,0.025826399559898537,0.034781102184375016,0.06032957563956821
ANKR,ankr,ANKRUSDT,2023-02-23,SHORT,0.06754718587845664,-0.020203407116157368,464525660.40666,0.10069037856700548,0.10487156932740647,0.23415554383298207
LRC,loopring,LRCUSDT,2023-02-23,SHORT,0.03969636692692286,-0.047589385720442356,36907948.9127,0.070587344320109,0.08694378887159528,0.10963785919198217
SXP,swipe,SXPUSDT,2023-02-23,SHORT,0.034009765168590285,-0.011189711230721336,21964344.19041,0.035582284994624375,0.0023930612676721307,0.050554492313594455
ANKR,ankr,ANKRUSDT,2023-02-24,LONG,-0.020203407116157368,0.013039829503241153,263102806.44273,-0.0569948012741385,-0.020136479958973455,-0.19519967430260518
RSR,reserve-protocol,RSRUSDT,2023-02-24,LONG,-0.0012185413906329412,0.00010710953850291786,53846894.880319,-0.028958786783406184,0.03534072410703515,-0.11135214532609287
SXP,swipe,SXPUSDT,2023-02-24,LONG,-0.011189711230721336,0.007610942228589068,25309040.27837,-0.01623513648875923,0.015060988545499556,-0.0968288300473828
1INCH,1inch-swap,1INCHUSDT,2023-02-25,SHORT,0.03991276861760092,-0.02161846335033145,18263485.4626,-0.0034417518056711694,0.01651206369261889,0.11554455000362643
ANKR,ankr,ANKRUSDT,2023-02-25,SHORT,0.013039829503241153,-0.04170539913199437,204402755.19894,-0.05281361051373753,0.04363781616830657,0.193525188037477
EOS,vaulta-rex,EOSUSDT,2023-02-25,SHORT,0.11217604147275732,-0.0715266838992147,94045581.9168,-0.015226447331291384,-0.03372102996745558,-0.09956759576504222
KSM,karura-liquid-staking,KSMUSDT,2023-02-25,SHORT,0.16873353053833126,-0.058780074141213376,15864456.971,-0.02726379434535744,0.05130714854483701,0.10509732313097472
REN,renvm,RENUSDT,2023-02-25,SHORT,0.022622180550949784,-0.018350654623268098,19148297.178,-0.04354299001380423,-0.17977933643077496,-0.2345257528331292
RSR,reserve-protocol,RSRUSDT,2023-02-25,SHORT,0.00010710953850291786,-0.0003041165074322182,22774359.083348,-0.05406722127027579,-0.0034160587826239162,0.1277967743168855
SXP,swipe,SXPUSDT,2023-02-25,SHORT,0.007610942228589068,-0.027830455754434904,16788560.63591,-0.04973400567413838,0.01586327681167486,0.10197381828815139
RSR,reserve-protocol,RSRUSDT,2023-02-26,LONG,-0.0003041165074322182,0.01858247794311565,19365864.305993,0.010624269920229204,0.009491339285454663,-0.1959559494747395
BEL,bella-protocol,BELUSDT,2023-02-28,SHORT,0.2272094440963533,-0.021223522027451494,18877211.2219,-0.03778851448389014,0.10037110417956119,0.19441626167729933
ANKR,ankr,ANKRUSDT,2023-03-02,LONG,-0.020493257902724937,0.007169580444776311,82273856.41385,-0.06173450903662852,-0.08684281804778077,-0.3052302891997368
BEL,bella-protocol,BELUSDT,2023-03-02,LONG,-0.020485486421838946,0.008547073665667383,15084482.5614,-0.09854794961804605,-0.18802076962686526,-0.3353779450657256
REN,renvm,RENUSDT,2023-03-02,LONG,-0.06768669540598042,0.021225097579648904,141694876.86997,-0.005975952533628543,-0.07800506419946443,-0.343193647565236
ANKR,ankr,ANKRUSDT,2023-03-03,SHORT,0.007169580444776311,-0.010520632377190685,102008779.44134,0.05532031500901034,0.04230237969068939,0.2467361070307184
BEL,bella-protocol,BELUSDT,2023-03-03,SHORT,0.008547073665667383,-0.010328602451938444,25552853.4059,0.0693833800779648,0.06599719860629953,0.2502259201482501
EOS,vaulta-rex,EOSUSDT,2023-03-03,LONG,-0.012712432480615203,0.04432050820538611,729767702.2194,-0.07777770104268426,-0.08928152552416888,-0.23875994180164342
BEL,bella-protocol,BELUSDT,2023-03-04,LONG,-0.010328602451938444,0.003440955656611771,14418932.7073,-0.02024360627664666,-0.02481594376556566,-0.22596083507948572
BEL,bella-protocol,BELUSDT,2023-03-07,SHORT,0.0016246595114309955,-0.001985569636743922,15341819.4027,0.06783091362665991,0.15618076265051195,-0.018165234849375083
BEL,bella-protocol,BELUSDT,2023-03-08,LONG,-0.001985569636743922,0.011984513691484969,13278643.1931,-0.07529210491493869,-0.1336521582789174,-0.015332497978585852
REN,renvm,RENUSDT,2023-03-08,SHORT,0.13615613106518346,-0.023084943241042103,159305455.95381,0.11500518594467082,0.24510559931745027,0.09101031347995801
BEL,bella-protocol,BELUSDT,2023-03-09,SHORT,0.011984513691484969,-0.026946949782278608,15860182.6552,0.013213625912352674,-0.05221356360844727,-0.07344360253135876
EOS,vaulta-rex,EOSUSDT,2023-03-09,SHORT,0.024076275951079654,-0.07187980319178582,379615657.1638,0.012398823596854546,0.0057034375138697545,-0.0224939193479678
RSR,reserve-protocol,RSRUSDT,2023-03-11,SHORT,0.0009777923874365617,-0.007063296684545547,19363570.43922,-0.1114036792953266,-0.17987518748957965,-0.14439687402522328
BEL,bella-protocol,BELUSDT,2023-03-12,LONG,-0.06847599807380463,0.11685510113853416,23511678.0016,0.05750449448019132,0.008101397407720765,0.16858392007191547
ANKR,ankr,ANKRUSDT,2023-03-13,LONG,-0.01113253718807661,0.06890386108103289,138285962.07103,0.055467081512872454,0.031383027487380755,-0.010585220858592833
BEL,bella-protocol,BELUSDT,2023-03-13,SHORT,0.11685510113853416,-0.043060917037707674,25615629.5194,-0.0514239834457952,0.036264785610380386,-0.03720166041546348
1INCH,1inch-swap,1INCHUSDT,2023-03-14,LONG,-0.003301336337431531,0.07045908356365888,34811325.233,-0.0735669217716585,0.003606343473925317,0.01958262539358094
BEL,bella-protocol,BELUSDT,2023-03-14,LONG,-0.043060917037707674,0.03204546734789094,24743275.2303,-0.10083527070474103,0.03297505297198,0.014789978422633594
SXP,swipe,SXPUSDT,2023-03-14,LONG,-0.010202551247039972,0.01899813642744736,25544725.44737,-0.07166808697336584,0.028180678533966982,-0.012069724087330286
KSM,karura-liquid-staking,KSMUSDT,2023-03-15,LONG,-0.09901463717343659,0.09429096108363508,31836546.019,0.0015199881327412476,0.07640876976525077,0.006066139317573384
LRC,loopring,LRCUSDT,2023-03-15,LONG,-0.010036054965207493,0.05280484699460446,52696744.2794,0.017469080096246967,0.10657733350946134,0.06331621081917524
EOS,vaulta-rex,EOSUSDT,2023-03-17,LONG,-0.06352788400536118,0.038455809846337556,251852775.2624,-0.04544211660428139,0.00521287018853321,0.014699789120289256
REN,renvm,RENUSDT,2023-03-17,LONG,-0.043558986463836866,0.0681299323011537,51782422.25036,-0.06265614879329631,0.18710398261254194,0.023768201469760768
RSR,reserve-protocol,RSRUSDT,2023-03-20,LONG,-1.258681045612861,0.014096483563359167,24110067.704254,0.04222793768287812,0.06413728532590476,-0.05001042057466142
1INCH,1inch-swap,1INCHUSDT,2023-03-22,SHORT,0.0452762508299606,-0.2672228705275843,28598822.6987,-0.027682079481136324,0.013131903791326855,-0.02382925252285221
KSM,karura-liquid-staking,KSMUSDT,2023-03-22,SHORT,0.09491224027892871,-0.10314635108199878,23298204.192,-0.05670486481108383,0.019844949836263913,-0.05097583166785709
RSR,reserve-protocol,RSRUSDT,2023-03-22,SHORT,0.010817211546822282,-0.00013763909255327147,21919244.938479,-0.07601759034700734,0.008872709565188734,-0.04197487607253729
1INCH,1inch-swap,1INCHUSDT,2023-03-23,LONG,-0.2672228705275843,0.03569720645831171,21472706.9827,-0.027676683727085587,-0.015498179249126364,0.08579315480197412
1INCH,1inch-swap,1INCHUSDT,2023-03-24,SHORT,0.03569720645831171,-0.0674560109485057,17237138.3335,0.013329551780901868,0.03601636639436376,-0.10354067894084036
KSM,karura-liquid-staking,KSMUSDT,2023-03-24,LONG,-0.10651815583341963,0.022586042183731895,14689943.108,-0.03007060284802113,-0.04968823338111653,0.04218551692462706
RSR,reserve-protocol,RSRUSDT,2023-03-24,LONG,-0.3324581375466807,0.0056170563824862445,19653167.776264,-0.042843540905584315,-0.07210094689395448,0.00949769698892503
ANKR,ankr,ANKRUSDT,2023-03-25,SHORT,0.054462857163738304,-0.03211503509360956,22387046.93288,-0.010174282308791386,0.012159152141856156,-0.1560524517013862
BEL,bella-protocol,BELUSDT,2023-03-25,SHORT,0.10944091878453435,-0.02245890997254626,8415315.8263,-0.02180562748254001,0.020386144974323575,-0.06689922239851573
KSM,karura-liquid-staking,KSMUSDT,2023-03-25,SHORT,0.022586042183731895,-0.05387032852746569,6485894.951,-0.034240581744731366,-0.027965348243333937,-0.042546770111071865
LRC,loopring,LRCUSDT,2023-03-25,SHORT,0.10632480459859298,-0.04382403333396026,31385172.5218,-0.03072787985481612,-0.008057597551429797,-0.08259539992883363
REN,renvm,RENUSDT,2023-03-25,SHORT,0.1370342713720688,-0.021382754425331215,25252371.44605,-0.021491156489947528,-0.024453536458273202,-0.05599576995819263
SXP,swipe,SXPUSDT,2023-03-25,SHORT,0.02590940925786628,-0.027605829722036387,7248536.27302,-0.01538203279078301,-0.07394592823946657,-0.9916401691159417
EOS,vaulta-rex,EOSUSDT,2023-03-27,SHORT,0.004981371819389771,-0.03075473034294186,206135167.6777,-0.02550229281093626,-0.09245471469119028,-0.08061024457866785
LINA,linear-finance,LINAUSDT,2023-03-27,SHORT,0.01912251777644853,-0.14583177772781616,94334050.95178,-0.12407084355539712,-0.2874091094365745,-0.28165960694531333
CELR,cbridge,CELRUSDT,2023-03-29,LONG,-0.023653215184886407,0.004572202085513492,83974038.67995,-0.039385065195725356,-0.07905032158815686,-0.11158821231292498
BEL,bella-protocol,BELUSDT,2023-03-30,LONG,-0.036350895242433005,0.00046677588637792906,13044637.149,0.023172064900341387,-0.019533810971509333,0.024932487856383974
EOS,vaulta-rex,EOSUSDT,2023-03-30,LONG,-0.07078964567730443,0.030793377340990045,306721285.2365,0.004192878260036178,0.03224752346045985,0.02243550688195224
LINA,linear-finance,LINAUSDT,2023-03-30,LONG,-0.17886508878508228,0.015561685399184235,278409687.47688,-0.07309965343960499,-0.129324796096555,0.30615787969926067
LRC,loopring,LRCUSDT,2023-03-30,LONG,-0.002588031511508343,0.07079113705283654,26459136.3646,0.024172059404109863,0.020555418933921446,0.012440081265427536
REN,renvm,RENUSDT,2023-03-30,LONG,-0.09683203027274644,0.05117684643934236,56551402.05165,0.008037306943134311,-0.08493775002396518,-0.04175854788146112
SXP,swipe,SXPUSDT,2023-03-30,LONG,-0.015658033392737684,0.10081369263683833,1785755854.0786,0.34485841498929976,0.4131805342940252,0.4405564279194345
1INCH,1inch-swap,1INCHUSDT,2023-03-31,LONG,-0.02536534825633548,0.01205189829556616,88920814.4981,-0.039249223894705185,-0.08610464117621018,-0.06211807430911967
BEL,bella-protocol,BELUSDT,2023-03-31,SHORT,0.00046677588637792906,-0.04100794927843801,12631479.6875,-0.009882133337275754,-0.01604864825293978,-0.0
CELR,cbridge,CELRUSDT,2023-03-31,SHORT,0.017952400627492246,-0.012275217461834504,34356786.46355,0.035382594600430625,0.04297022305854472,0.11590711389494757
REN,renvm,RENUSDT,2023-03-31,SHORT,0.05117684643934236,-0.03673001828203132,35902724.51193,0.048940284607246774,0.08354379537073146,0.07566275763343695
ANKR,ankr,ANKRUSDT,2023-04-01,LONG,-0.021341223972913475,0.009487835644580798,479591242.86282,-0.0782768587244777,-0.08057307098482806,-0.06800865669727785
CELR,cbridge,CELRUSDT,2023-04-01,LONG,-0.012275217461834504,0.00766795149831684,20823661.15779,-0.048745700951621465,-0.03760352439837983,-0.08729437106885661
REN,renvm,RENUSDT,2023-04-01,LONG,-0.03673001828203132,0.04532805435870693,15005605.62513,-0.044134859707590846,0.00200391307098787,-0.04005017158744488
BEL,bella-protocol,BELUSDT,2023-04-02,LONG,-0.006888358781649524,0.009009516270236075,19412937.626,0.05858736992465187,0.0622062866269936,0.22424606884065343
ANKR,ankr,ANKRUSDT,2023-04-03,SHORT,0.02231851299457579,-0.0019097684810243007,84962956.13559,-0.038967871557193376,-0.056909403654145437,-0.08281975408604286
BEL,bella-protocol,BELUSDT,2023-04-03,SHORT,0.009009516270236075,-0.014614225100428637,23112742.5252,0.0023668650102660568,0.014445842130701462,-0.09179372420905538
ANKR,ankr,ANKRUSDT,2023-04-04,LONG,-0.0019097684810243007,0.023554660024599442,72066526.57249,0.043876554041888095,0.00430354989260376,0.04056894352913036
BEL,bella-protocol,BELUSDT,2023-04-04,LONG,-0.014614225100428637,0.10023217403749149,13904663.3497,0.005986155241720111,-0.013681409713561337,0.06676782456534835
KSM,karura-liquid-staking,KSMUSDT,2023-04-05,LONG,-0.08236748555579308,0.06869583159379732,10039405.68,-0.021166388654521397,-0.04834778415779372,0.012313260233357106
KSM,karura-liquid-staking,KSMUSDT,2023-04-06,SHORT,0.06869583159379732,-0.01975737243449965,8651336.407,0.02069459124283298,0.021617526241433947,-0.07232066157962587
REN,renvm,RENUSDT,2023-04-06,SHORT,0.050324625454646665,-0.08935039978813232,35412768.76714,0.02595787392557457,0.02194278749558964,0.008545829530695152
1INCH,1inch-swap,1INCHUSDT,2023-04-08,SHORT,0.022081123785738316,-0.01104523381892275,12191090.6604,-0.0062106156153635995,-0.02810794628482171,-0.06610657559799728
LRC,loopring,LRCUSDT,2023-04-08,SHORT,0.019366749040089018,-0.010909365885135934,10029755.7941,-0.008004616782614039,-0.021860345305384464,-0.11074210533350222
SXP,swipe,SXPUSDT,2023-04-08,SHORT,0.07181595072843029,-0.005518551592850177,347146379.3196,0.014281423308106639,0.03544025191374955,-0.07026300617649638
1INCH,1inch-swap,1INCHUSDT,2023-04-09,LONG,-0.01104523381892275,0.006620954999398882,14330901.0188,0.026105342479625298,0.005984682160164101,0.0749651227164738
ANKR,ankr,ANKRUSDT,2023-04-09,SHORT,0.0075167377247526285,-0.0017323827802754302,23251586.70042,-0.040695948192333506,-0.017604088915991196,-0.05733345183159598
CELR,cbridge,CELRUSDT,2023-04-09,SHORT,0.0018910259999441838,-0.01354080810217572,18997720.44009,-0.03657228962334382,-0.06292547302368223,-0.304375765042489
ANKR,ankr,ANKRUSDT,2023-04-10,LONG,-0.0017323827802754302,0.012941257857907796,56413483.54358,-0.003857816854010789,-0.013846801132291302,-0.008285051534106917
CELR,cbridge,CELRUSDT,2023-04-10,LONG,-0.01354080810217572,0.0009577217954678436,22383620.29092,0.0055096558109694795,0.07364746097818764,0.1924754784424834
EOS,vaulta-rex,EOSUSDT,2023-04-10,SHORT,0.0062380314738052205,-0.01823259535654928,111864869.0237,0.004043677163809366,-0.016013152415204446,0.026166660531610993
EOS,vaulta-rex,EOSUSDT,2023-04-11,LONG,-0.01823259535654928,0.05568982159045804,120650394.5646,-0.020484124669584165,0.01289300696123329,-0.012240054894502063
KSM,karura-liquid-staking,KSMUSDT,2023-04-11,LONG,-0.02567257857163912,0.0030901194261772095,29522415.517,0.018230437261445482,0.10203153862082699,0.09934841385578863
LRC,loopring,LRCUSDT,2023-04-11,LONG,-0.0049549531866440386,0.021959671993647307,13591582.0261,-0.010160968031408816,0.1114916397225395,0.1387480346516208
REN,renvm,RENUSDT,2023-04-11,LONG,-0.028845017590290553,0.014438843788903958,33143399.04221,-0.04660981609832355,0.007514594820641239,0.07114029070085287
1INCH,1inch-swap,1INCHUSDT,2023-04-12,SHORT,0.046904967760325454,-0.010925462263615997,25460776.7663,-0.02504273752488953,-0.05372367815959851,0.049107201181495995
ANKR,ankr,ANKRUSDT,2023-04-12,SHORT,0.03614305892441069,-0.01429753755224164,41899316.90311,-0.009245058144051209,-0.04323955958045384,0.05080457563545929
BEL,bella-protocol,BELUSDT,2023-04-12,SHORT,0.04685945488732937,-0.055293886209001435,38816348.7288,-0.02777541551272325,-0.10293480191533852,-0.13730982982589568
LINA,linear-finance,LINAUSDT,2023-04-12,SHORT,0.14736433433360807,-0.20762690832347233,232711950.37812,-0.03830255441426669,-0.04038806090528803,0.06806364732221115
LRC,loopring,LRCUSDT,2023-04-12,SHORT,0.021959671993647307,-0.01797561008990456,15738568.1347,-0.030728674721250758,-0.09904272805952664,-0.05007269159893611
REN,renvm,RENUSDT,2023-04-12,SHORT,0.014438843788903958,-0.04761520374035761,101501718.20944,-0.024008179558558294,-0.14065481490824858,-0.007772952010290412
RSR,reserve-protocol,RSRUSDT,2023-04-13,SHORT,0.06414306090121193,-0.04403855445161069,30402279.002971,-0.03580182066945342,-0.027181983843333313,0.1342445377797798
1INCH,1inch-swap,1INCHUSDT,2023-04-14,LONG,-0.0009642615936810295,0.060040749847835126,27672557.117,0.0014146775126802726,-0.013002231442409173,-0.1377113123254993
ANKR,ankr,ANKRUSDT,2023-04-14,LONG,-0.017268936352530247,0.060019583452235396,44851635.11682,0.022901764286684414,-0.005530987551533757,-0.1413627817775025
LRC,loopring,LRCUSDT,2023-04-14,LONG,-0.011782166609167496,0.043630428787920006,248476982.5505,-0.02260987969442152,0.02480901240548844,-0.1604081808746786
REN,renvm,RENUSDT,2023-04-14,LONG,-0.02056647289802312,0.06688531200338128,31113616.97783,0.08672276882001537,0.058877934979700335,-0.15804219140777365
SXP,swipe,SXPUSDT,2023-04-14,LONG,-0.029030955355059528,0.0066333110026864,484506795.84685,0.04644308959923816,-0.02681794643623864,-0.20920271635325874
LINA,linear-finance,LINAUSDT,2023-04-16,LONG,-0.10040298369343521,0.006539649877032472,73177309.92249,0.02767642057338067,-0.12292972740815236,-0.2264000457508985
RSR,reserve-protocol,RSRUSDT,2023-04-16,LONG,-0.04175903109026644,0.01792359390113,25929129.006349,-0.013388787824948456,-0.11556889589369429,-0.21071321267679927
EOS,vaulta-rex,EOSUSDT,2023-04-17,SHORT,0.03762177369311779,-0.0019284078002107816,122812236.4697,-0.009901070982711537,0.11405863656540098,0.1394717688908336
LINA,linear-finance,LINAUSDT,2023-04-18,SHORT,0.0656251115193458,-0.021073668079051835,122638589.19972,0.13043061494627445,0.25296563549401097,0.19105523676270922
REN,renvm,RENUSDT,2023-04-18,SHORT,0.045193742697687854,-0.00040878674713167436,26844538.20492,0.11005398276592274,0.22193708009575341,0.1714936479994276
BEL,bella-protocol,BELUSDT,2023-04-19,LONG,-0.11305047799844936,0.0183881720600341,106374593.395,-0.06207763045989285,-0.10585929073528125,-0.037659103111746924
LINA,linear-finance,LINAUSDT,2023-04-19,LONG,-0.021073668079051835,0.03889948958325453,69911085.29702,-0.04431104632491102,-0.08139811498724694,-0.08644863077331555
REN,renvm,RENUSDT,2023-04-19,LONG,-0.00040878674713167436,0.042238885059401224,33881425.85128,-0.04788869824650508,-0.07066777875998942,-0.07689438322645653
1INCH,1inch-swap,1INCHUSDT,2023-04-20,SHORT,0.05179569610676855,-0.018859095949360232,26832896.6362,0.03570739375962721,0.032260862218221435,0.04222738425690839
BEL,bella-protocol,BELUSDT,2023-04-20,SHORT,0.0183881720600341,-0.019863996707301646,54581115.7942,0.07750613349220141,-0.005881546152356447,-0.12276436600658772
KSM,karura-liquid-staking,KSMUSDT,2023-04-20,SHORT,0.1071602950172531,-0.01316556916602978,22253455.301,0.058382336106780584,0.04742059206463573,0.02326798198590536
LINA,linear-finance,LINAUSDT,2023-04-20,SHORT,0.03889948958325453,-0.0627954908086087,55848788.70694,0.07903270859767739,0.05996800639268692,0.0040502282990229265
REN,renvm,RENUSDT,2023-04-20,SHORT,0.042238885059401224,-0.02146584894820294,28689939.24666,0.06420962786047396,0.0477935392545421,0.015226354555074947
ANKR,ankr,ANKRUSDT,2023-04-21,SHORT,0.025852975332405027,-0.04962697576169522,44545878.40464,-0.031897638604693385,0.0025453402224532595,0.005097175738001172
CELR,cbridge,CELRUSDT,2023-04-21,SHORT,0.010457475742467382,-0.014961595269448154,116394922.51098,-0.07298743199083353,0.12358376622464261,0.08955240904069854
LRC,loopring,LRCUSDT,2023-04-21,SHORT,0.035034539686176286,-0.03293383578135217,17743841.0191,-0.034501175208719016,-0.0,-0.023324672566408824
SXP,swipe,SXPUSDT,2023-04-21,SHORT,0.009829451321511818,-0.0280584719346215,189414940.11282,-0.1773150505667694,-0.03905293587357875,-0.06479924951933243
SXP,swipe,SXPUSDT,2023-04-27,LONG,-0.05583821825928185,0.001538743295939617,149220865.0377,-0.033042075902962736,-0.05915321990664832,-0.08953155144842649
BEL,bella-protocol,BELUSDT,2023-04-28,LONG,-0.002004001365583825,0.021969470431644298,135168626.8343,-0.011080798596813941,-0.11604294188503186,-0.06407419998784321
ANKR,ankr,ANKRUSDT,2023-04-29,LONG,-0.06600722914127084,0.016108706512866208,10494289.22695,-0.021809716294549617,-0.051760943125070846,-0.08781927131483463
LINA,linear-finance,LINAUSDT,2023-04-29,LONG,-0.05382446096436813,0.059348683193200864,369997618.09461,-0.10584939369249599,-0.17327172127403667,-0.1873193622872869
LRC,loopring,LRCUSDT,2023-04-29,LONG,-0.03171622679800506,0.01241941278934558,7198166.8528,-0.02567235505412695,-0.05353932683690081,-0.09447527497815558
REN,renvm,RENUSDT,2023-04-29,LONG,-0.02076692670662809,0.012203188819810806,7114142.40673,-0.029584151105282935,-0.061417077678493824,-0.11944791890454726
LRC,loopring,LRCUSDT,2023-04-30,SHORT,0.01241941278934558,-0.0056469335184503875,7596357.4058,0.033667141242324526,0.001183082066418528,0.0777298852465095
SXP,swipe,SXPUSDT,2023-04-30,SHORT,0.0104399118932296,-0.022027065943636768,51360348.4931,0.014706147389695449,-0.01070887809104254,0.11329948865293767
CELR,cbridge,CELRUSDT,2023-05-01,LONG,-0.00039808723622537605,0.003539608570934078,45009178.79245,0.006175582044149862,0.006175582044149862,-0.18569005567982275
LINA,linear-finance,LINAUSDT,2023-05-01,SHORT,0.08539450921280216,-0.009237286773538533,140877118.47556,0.021561853007587273,-0.031908668453828774,0.15871169115482084
REN,renvm,RENUSDT,2023-05-01,SHORT,7.103816498050982e-05,-0.0022384452919785493,14992467.84563,-0.012317235783722187,0.018128077891372905,0.1602141268073479
CELR,cbridge,CELRUSDT,2023-05-02,SHORT,0.003539608570934078,-0.009650723174559646,27343268.58624,-0.055617411883925716,-0.029904720305119384,0.1877033687162349
KSM,karura-liquid-staking,KSMUSDT,2023-05-02,SHORT,0.037279078702081185,-0.021287554570614244,18222007.763,-0.004446732143391568,0.003434069308845553,0.12237877014910767
BEL,bella-protocol,BELUSDT,2023-05-03,SHORT,0.005946368889815868,-0.00016089181505676473,41774237.342,0.06309655982066993,0.0770259783094359,0.11454154173221245
ANKR,ankr,ANKRUSDT,2023-05-04,SHORT,0.003642943365668384,-0.029337643699962453,10772969.98343,-0.02082708804715479,0.030676194791802412,0.15420725531311533
ANKR,ankr,ANKRUSDT,2023-05-06,LONG,-0.029791627808065543,0.025622520380660704,31816715.29757,-0.010792097781943701,-0.09510244514997544,-0.1351155513716591
BEL,bella-protocol,BELUSDT,2023-05-06,LONG,-0.018397892289599545,0.008507572884001764,160069308.1294,0.04065251339507913,-0.07663969029127764,-0.08853987039238063
LRC,loopring,LRCUSDT,2023-05-06,LONG,-0.04003402136987398,0.004752626613696666,13466673.7151,-0.008905911281388533,-0.06205059052831642,-0.10613486366033588
REN,renvm,RENUSDT,2023-05-06,LONG,-0.12026466340774036,0.07383909837183926,19114090.25585,0.003445206852925495,-0.08205790672350469,-0.11582137653423784
SXP,swipe,SXPUSDT,2023-05-06,LONG,-0.02391530138512236,0.008176926547988978,77825797.19936,-0.019630297456440772,-0.12061771087723755,-0.15045012052100373
ANKR,ankr,ANKRUSDT,2023-05-07,SHORT,0.025622520380660704,-0.031003805775404684,7857845.60144,0.09003883353164427,0.05319256014567798,0.1113285867333477
BEL,bella-protocol,BELUSDT,2023-05-07,SHORT,0.008507572884001764,-0.003421568114415105,93771845.2847,0.10568787086452823,0.07831417952832075,0.11053276586157115
LRC,loopring,LRCUSDT,2023-05-07,SHORT,0.004752626613696666,-0.0434681052153045,9057220.3701,0.06566765831986354,0.04140770844238035,0.08148098199258938
SXP,swipe,SXPUSDT,2023-05-07,SHORT,0.008176926547988978,-0.017876746262836002,44017660.4292,0.08261772124668533,0.10166591621737982,0.12223807029258807
BEL,bella-protocol,BELUSDT,2023-05-08,LONG,-0.003421568114415105,0.0056570713374267355,73867361.9673,-0.011604332821828538,-0.04463603557890344,-0.002497659743636766
BEL,bella-protocol,BELUSDT,2023-05-09,SHORT,0.0056570713374267355,-0.003805274453935311,27815128.0545,-0.03882030788927593,-0.001418328186705724,-0.025380887527614953
REN,renvm,RENUSDT,2023-05-09,SHORT,0.010909005409040948,-0.047570569270251224,16344554.16188,-0.024875317953282152,0.014572206859090723,-0.012323647621983416
BEL,bella-protocol,BELUSDT,2023-05-11,LONG,-0.013757366630996132,0.014583285598697949,47691516.6115,0.03444473474172551,0.03962812811104539,0.07638736096217963
KSM,karura-liquid-staking,KSMUSDT,2023-05-16,LONG,-0.06178266913750725,0.010569127186008775,7768533.982,0.018785294593816823,-0.018750549345375917,-0.014422389923035517
LINA,linear-finance,LINAUSDT,2023-05-17,LONG,-0.015043302761399488,0.04463016358579626,182298152.60998,-0.010431578709815707,-0.037486368941447204,0.0196176305330955
KSM,karura-liquid-staking,KSMUSDT,2023-05-18,SHORT,0.00456925062499812,-0.023497353120541593,8632749.023,0.0074641870806882995,0.015381884817473698,0.011811160928344609
LRC,loopring,LRCUSDT,2023-05-18,LONG,-0.003207597133805603,0.005335885027920836,9829748.8768,0.011079515721805613,-0.018743094268868176,-0.041708612973556124
ANKR,ankr,ANKRUSDT,2023-05-19,LONG,-0.004454763866406474,0.0004800349624073412,14272222.20777,-0.0015343309492610842,-0.02877336911144476,-0.037489747593136266
BAKE,bakeryswap,BAKEUSDT,2023-05-19,LONG,-0.00829552093725623,0.002144994368367204,5482172.2623,0.01181116092834462,-0.037664169420683825,-0.043162465059281556
CELR,cbridge,CELRUSDT,2023-05-19,LONG,-0.010120598834311576,0.0034721424627086957,41449244.30185,-0.018157557414252744,-0.0018009910316025652,-0.08836181608750124
EOS,vaulta-rex,EOSUSDT,2023-05-19,LONG,-0.007728104734720298,0.0025482559900640456,69410623.3915,-0.003411032301062821,-0.03582127645181746,-0.005691534999788097
KSM,karura-liquid-staking,KSMUSDT,2023-05-19,LONG,-0.023497353120541593,0.04740494892701032,8102445.145,0.021078063726254075,-0.008318526875090871,-0.003952574315823358
REN,renvm,RENUSDT,2023-05-19,LONG,-0.002751106413990083,0.008325867916737449,9184671.09748,0.00292565240801306,-0.03486841472015012,-0.06758349206245981
RSR,reserve-protocol,RSRUSDT,2023-05-19,SHORT,0.07188271165329918,-0.0023386407060829823,12082227.408035,0.012327325854166835,0.029231041391464402,0.026167209207532495
SXP,swipe,SXPUSDT,2023-05-19,LONG,-0.001357014342903004,0.002005678873044055,35071366.96375,0.004092775153752985,-0.03713585221574549,-0.11454154173221245
ANKR,ankr,ANKRUSDT,2023-05-20,SHORT,0.0004800349624073412,-0.007424962745468106,9446438.47361,0.028412107683115265,0.00809097074226086,0.02486530593539101
BAKE,bakeryswap,BAKEUSDT,2023-05-20,SHORT,0.002144994368367204,-0.0020904999037979024,5671542.4021,0.04875757017650201,0.017094433359300294,0.039220713153281385
BEL,bella-protocol,BELUSDT,2023-05-20,SHORT,0.017650917761044747,-0.029275671114895225,26736004.2922,0.03712266273776199,-0.016668281766444783,-0.15217256604693027
CELR,cbridge,CELRUSDT,2023-05-20,SHORT,0.0034721424627086957,-0.004434270179594136,25889593.46995,0.03353830870162326,0.012909354012095732,0.08256535549682244
SXP,swipe,SXPUSDT,2023-05-20,SHORT,0.002005678873044055,-0.00023991668462984903,30606069.57822,0.03509131981127017,0.034856385004598034,0.10013121975102159
ANKR,ankr,ANKRUSDT,2023-05-21,LONG,-0.007424962745468106,0.012512340272259339,9955900.05062,0.0003945551441991361,-0.02234729869199666,0.034900789182895194
BAKE,bakeryswap,BAKEUSDT,2023-05-21,LONG,-0.0020904999037979024,0.010694009727617495,5459013.178,-0.0020540917869381185,-0.002739727741120216,0.04872501971157379
BEL,bella-protocol,BELUSDT,2023-05-21,LONG,-0.029275671114895225,0.007306198915702568,17551641.9053,0.02965771317233185,0.16157683721116792,0.21177943982124417
CELR,cbridge,CELRUSDT,2023-05-21,LONG,-0.004434270179594136,0.011709869780312162,17984242.48856,0.04989487508427332,-0.051019079326439676,-0.009519348419686957
RSR,reserve-protocol,RSRUSDT,2023-05-21,LONG,-0.00232279554855729,6.318375260497562e-05,8387323.055681,0.0023894873973812638,-0.015498846495541209,0.04412480490893789
SXP,swipe,SXPUSDT,2023-05-21,LONG,-0.00023991668462984903,0.011251800196996042,22893390.4031,-0.006129203534985891,-0.07996437153311808,-0.027640549258742132
ANKR,ankr,ANKRUSDT,2023-05-22,SHORT,0.012512340272259339,-0.003546750857712029,10583897.78092,-0.019137471385412955,0.016299307371497512,-0.04208302873528328
EOS,vaulta-rex,EOSUSDT,2023-05-22,SHORT,0.008088252864279203,-0.021556845554455858,75689505.9729,-0.010520260674179204,0.009445170571518646,-0.05152828440155638
RSR,reserve-protocol,RSRUSDT,2023-05-22,SHORT,6.318375260497562e-05,-0.0001713975583342565,8589282.737011,-0.023910888266380888,0.024147430622390855,-0.042048236243499404
SXP,swipe,SXPUSDT,2023-05-22,SHORT,0.011251800196996042,-0.005718417289500354,22357794.40286,-0.006599128355663911,0.09233518174205237,0.04745504259912043
BAKE,bakeryswap,BAKEUSDT,2023-05-23,SHORT,0.000660100411802362,-0.004783489814795025,6116435.8524,0.0337186359992978,0.03853129568371347,-0.007926065272420723
KSM,karura-liquid-staking,KSMUSDT,2023-05-23,SHORT,0.0022592913144815104,-0.011065466242864969,9203857.601,0.019425784293933972,0.008675133269996794,-0.025200015416864705
LRC,loopring,LRCUSDT,2023-05-23,SHORT,0.007228910777731178,-0.011908532061955692,7871678.1873,0.03366620218059644,0.02803436751320464,0.008224857880884586
REN,renvm,RENUSDT,2023-05-23,SHORT,0.0005135229227348312,-0.006651389129870437,7442358.98581,0.06807341573993977,0.056696416868793065,0.033657337876388096
ANKR,ankr,ANKRUSDT,2023-05-24,LONG,-0.004765804262860212,0.012043364624079598,14991124.28326,0.006836945996531244,0.02549938956031165,0.027464412790369208
BAKE,bakeryswap,BAKEUSDT,2023-05-24,LONG,-0.004783489814795025,0.009443538436786053,7287260.0867,0.0006851661795965106,0.010906720251134434,-0.017981120694613682
KSM,karura-liquid-staking,KSMUSDT,2023-05-24,LONG,-0.011065466242864969,0.0198354771113061,8869445.04,0.010350410874507908,0.02723673397489938,0.0560239837693368
REN,renvm,RENUSDT,2023-05-24,LONG,-0.006651389129870437,0.0014124880461155987,12089557.33616,0.005772418447331833,0.023431122351008197,0.004538273621506003
ANKR,ankr,ANKRUSDT,2023-05-25,SHORT,0.012043364624079598,-0.024098845064286858,12963718.58453,-0.007188529357973102,-0.05041114187836065,-0.0016019226493332107
BAKE,bakeryswap,BAKEUSDT,2023-05-25,SHORT,0.009443538436786053,-0.021123776505802196,5165052.8504,0.005498295638597739,-0.05077911149851181,0.04270862572903005
CELR,cbridge,CELRUSDT,2023-05-25,SHORT,0.00731034922149203,-0.017460406768869664,20054438.922,-0.015849762210877222,-0.042996363762815404,0.03505565965257855
REN,renvm,RENUSDT,2023-05-25,SHORT,0.0014124880461155987,-0.08066846826348345,8350287.67968,-0.005466734948374238,-0.04711161555624615,0.007151729010837303
ANKR,ankr,ANKRUSDT,2023-05-27,LONG,-0.008347172931202101,0.007183408652064541,7154876.58021,0.03174869831458027,0.04047575047770187,0.012898361348437123
BAKE,bakeryswap,BAKEUSDT,2023-05-28,SHORT,0.0027416416606864903,-0.000648154085786622,5144107.6713,0.001956309720760831,0.06876023219312556,0.10862316129264275
EOS,vaulta-rex,EOSUSDT,2023-05-28,LONG,-0.005105048143908265,0.006197644882515395,172135418.4186,-0.016602484285027842,-0.022198469789149078,0.001097092814373149
1INCH,1inch-swap,1INCHUSDT,2023-05-29,LONG,-0.001900178083181257,0.030516660856277442,23078298.8793,0.0017786817038485468,-0.06569211947403389,-0.18650118467373664
BAKE,bakeryswap,BAKEUSDT,2023-05-29,LONG,-0.000648154085786622,0.04836169095712403,6261296.6759,-0.008516265031491997,-0.09218395607805849,-0.2600186809057705
LRC,loopring,LRCUSDT,2023-05-29,LONG,-0.017817911548961302,0.031677018731758405,6612153.9681,-0.004120884952502724,-0.07210649671469505,-0.1379472773333317
REN,renvm,RENUSDT,2023-05-29,LONG,-0.02907641573318525,0.02506971215246006,9923775.73754,0.00882948879983146,-0.026828054151785016,0.04055321344082481
SXP,swipe,SXPUSDT,2023-05-29,LONG,-0.019893289407489422,0.014843872892281283,23896771.95294,-0.00248262292357993,0.03842885305170326,-0.010468689824634256
REN,renvm,RENUSDT,2023-05-30,SHORT,0.02506971215246006,-0.007900904959335715,7457431.43989,0.029606758633208052,-0.004518880629644684,-0.07935593318020241
RSR,reserve-protocol,RSRUSDT,2023-05-30,LONG,-0.008904829289186142,0.011224135268952119,14731087.972956,-0.05317665013271099,-0.06665681168940366,-0.20182219160558135
SXP,swipe,SXPUSDT,2023-05-30,SHORT,0.014843872892281283,-0.0014044869074507714,17371309.78814,-0.03421643662098236,-0.07609505676185317,-0.025044274804253145
BEL,bella-protocol,BELUSDT,2023-06-01,SHORT,0.11636094694863387,-0.05871208791319792,48214586.3718,-0.016279280231919747,-0.006055549007640369,0.1593766834719315
REN,renvm,RENUSDT,2023-06-01,LONG,-0.004677589350976696,0.003994846987148034,6645876.40539,0.039767209093365605,0.12622589834854214,0.08183494638309671
SXP,swipe,SXPUSDT,2023-06-01,LONG,-0.0011350367377011032,0.024129664332403426,160566770.20478,0.03469640109357239,0.07001016557264887,-0.0778583901982811
LRC,loopring,LRCUSDT,2023-06-02,SHORT,0.0022377164255982197,-0.01673600188067949,7001237.3425,0.011453239013502495,0.10023331057839231,0.1350577220991706
REN,renvm,RENUSDT,2023-06-02,SHORT,0.003994846987148034,-0.019082140589755943,7020298.02207,-0.0025163909709316917,-0.027338044144745544,0.022801417013358343
BEL,bella-protocol,BELUSDT,2023-06-04,LONG,-0.0638464425842917,0.0023137426501262806,63899928.5683,-0.12942882276774498,-0.17153716360222163,-0.3348548402761725
ANKR,ankr,ANKRUSDT,2023-06-05,SHORT,0.009315082128712274,-0.025763785267271553,22526021.1055,-0.03340602906617204,-0.003391270736389713,0.16089666670984865
BAKE,bakeryswap,BAKEUSDT,2023-06-05,SHORT,0.0146331441818263,-0.022931688543816067,16610829.6688,-0.0300272767901649,0.007649846060404389,0.21240547571663196
BEL,bella-protocol,BELUSDT,2023-06-05,SHORT,0.0023137426501262806,-0.006182832390685677,60325754.1427,-0.03477361855367788,0.0358749493095692,0.19151709142525933
LINA,linear-finance,LINAUSDT,2023-06-05,SHORT,0.16259367657116897,-0.09621649850620018,740090292.12951,-0.006882339622941738,0.1534603104522376,-0.15039462124514447
EOS,vaulta-rex,EOSUSDT,2023-06-06,SHORT,0.008389202180859501,-0.05991028867806437,126654296.5839,0.03192973638738145,-0.005595985504121246,0.2776317365982795
SXP,swipe,SXPUSDT,2023-06-06,SHORT,0.006444437865360972,-0.03305283470589032,61705715.8889,0.06639883630990479,0.05506435123579817,0.23625949349254785
REN,renvm,RENUSDT,2023-06-08,LONG,-0.014063892065983715,0.0214679868255555,98255898.78426,-0.064996291802466,-0.3257745131143222,-0.38582701476992093
EOS,vaulta-rex,EOSUSDT,2023-06-09,LONG,-0.027762857143613606,0.0017959030741340092,110565410.0318,-0.2511550022144066,-0.2832277221024006,-0.35540024650673185
KSM,karura-liquid-staking,KSMUSDT,2023-06-09,LONG,-0.009077387932016468,0.0035659799329121953,8011777.579,-0.15441421916202916,-0.1115279360880286,-0.13658517546482957
REN,renvm,RENUSDT,2023-06-09,SHORT,0.0214679868255555,-0.011877171900518452,53549600.78623,0.22327922732011624,0.28375545444880856,0.3081958465971779
EOS,vaulta-rex,EOSUSDT,2023-06-10,SHORT,0.0017959030741340092,-0.03411515000578581,438886523.077,0.020290551189733646,0.03207271988799388,0.0947364563232979
KSM,karura-liquid-staking,KSMUSDT,2023-06-10,SHORT,0.0035659799329121953,-0.0357486200123193,25425233.991,-0.009178586695988528,-0.0326559629740525,-0.052537333527881404
LINA,linear-finance,LINAUSDT,2023-06-13,LONG,-0.21444955413792927,0.2189892202058738,1753924448.95671,0.019654987188805324,-0.05125727068394961,-0.05631325834140736
BEL,bella-protocol,BELUSDT,2023-06-17,LONG,-0.041634556992554854,0.01514733223310835,15008387.6652,-0.012828363728795714,0.04112106604135977,0.12027256958900692
ANKR,ankr,ANKRUSDT,2023-06-18,LONG,-0.0768292489485235,0.0019986832469798426,13013300.44441,0.010466081082802526,0.1215612377283125,0.2311276256624304
CELR,cbridge,CELRUSDT,2023-06-18,LONG,-0.03288764414910278,0.0010161347613460439,13227962.14001,0.03255772348343202,0.15003120953201957,0.2060193482237779
KSM,karura-liquid-staking,KSMUSDT,2023-06-18,LONG,-0.1292959713443535,0.0940574361307842,10510355.217,0.01748296278034738,0.056986931373610564,0.13082712209488695
LRC,loopring,LRCUSDT,2023-06-18,LONG,-0.08473410546289867,0.012097375864451317,5814298.7286,0.010831280836572922,0.07346517902639106,0.12741661801354257
SXP,swipe,SXPUSDT,2023-06-18,LONG,-0.052907732697630674,0.010575949362322342,195116977.89992,0.027524673390090154,0.11778303565638365,0.10660973505825827
ANKR,ankr,ANKRUSDT,2023-06-19,SHORT,0.0019986832469798426,-0.0008999767483576138,11522749.45308,-0.05121892374904416,-0.09183364290323452,-0.17593864458564978
CELR,cbridge,CELRUSDT,2023-06-19,SHORT,0.0010161347613460439,-0.0039479657732615255,17977226.1718,-0.054836071876550305,-0.0872433148313281,-0.17276548826949034
ANKR,ankr,ANKRUSDT,2023-06-20,LONG,-0.0008999767483576138,0.025369876492137133,13978398.76419,0.059876232896465646,0.09988156751016483,0.12347154093667287
LINA,linear-finance,LINAUSDT,2023-06-20,SHORT,0.03957728121733587,-0.25928823699394776,265430365.16999,-0.05840562286887406,-0.04325381784827165,-0.083381608939051
LRC,loopring,LRCUSDT,2023-06-20,SHORT,0.0017452541099241305,-0.0005515565215857319,8229966.6949,-0.02494561423623166,-0.03588424879238953,-0.047995123462298235
REN,renvm,RENUSDT,2023-06-20,LONG,-0.03919228564356508,0.023972965110350082,22733056.81388,0.07401884162199932,0.10867053950104455,0.12453381631271941
LRC,loopring,LRCUSDT,2023-06-21,LONG,-0.0005515565215857319,0.03205606194008731,22268404.6737,-0.024934506400169018,0.06264028262757732,-0.044971606629326547
CELR,cbridge,CELRUSDT,2023-06-22,LONG,-0.0012390757426032875,0.03845923565866633,19544588.92921,0.07788181890419749,0.08552217343816214,0.013933094303924191
EOS,vaulta-rex,EOSUSDT,2023-06-22,LONG,-0.06369798710163604,0.0919297288946529,387264433.9609,0.0861506330078061,0.06287785095243048,-0.0014760150281205415
LINA,linear-finance,LINAUSDT,2023-06-23,LONG,-0.015530581987094222,0.0071446592839103165,247468665.28258,-0.07192171271784346,0.05468794242210908,-0.051987497817026246
LINA,linear-finance,LINAUSDT,2023-06-25,SHORT,0.05294418873066203,-0.024714508566357474,133584189.25016,-0.11180553577016504,-0.04735461482537024,-0.03039307745099484
LINA,linear-finance,LINAUSDT,2023-06-26,LONG,-0.024714508566357474,0.0602851394743775,817862072.50616,-0.014560151331329664,-0.08569817916466932,-0.08856556464182545
BAKE,bakeryswap,BAKEUSDT,2023-06-27,LONG,-0.5747987125986077,0.03172540457858687,7755290.3923,-0.10251053092693711,-0.04159731714867142,0.03993586242859722
BEL,bella-protocol,BELUSDT,2023-06-27,SHORT,0.022355809788928704,-0.0015739090264933015,18811666.2723,0.08225930332195214,0.02251671231996691,-0.017363591035754886
1INCH,1inch-swap,1INCHUSDT,2023-06-29,SHORT,0.039063924490913254,-0.042850227416849004,11737027.9612,-0.028792775941679487,-0.05093620369895352,0.02264990967688356
ANKR,ankr,ANKRUSDT,2023-06-29,SHORT,0.012901503440562113,-0.05460111894450457,15176250.46073,-0.025563313559615473,-0.039392401710660684,-0.02686794518628041
BAKE,bakeryswap,BAKEUSDT,2023-06-29,SHORT,0.01236093070747641,-0.055512281477082565,8285628.5389,-0.05406722127027579,-0.11235355114879693,-0.0831866581635043
EOS,vaulta-rex,EOSUSDT,2023-06-29,SHORT,0.10105470623602456,-0.050549517564219916,133564667.1354,-0.10240193361808113,-0.11958675837218201,-0.03483661412231492
LINA,linear-finance,LINAUSDT,2023-06-29,SHORT,0.08361798691448319,-0.036095847416947144,158237949.25627,0.020261185139822082,-0.005001796780143093,0.09223468476491126
LRC,loopring,LRCUSDT,2023-06-29,SHORT,0.022441848030135745,-0.04829893852594597,6626960.0633,-0.04559320287739481,-0.08129610244802975,-0.017953803616595845
REN,renvm,RENUSDT,2023-06-29,SHORT,0.0821821869713086,-0.04248872797447163,12164399.53182,-0.05041731195035078,-0.031227126667990827,0.019686988847918804
SXP,swipe,SXPUSDT,2023-06-29,SHORT,0.005090561804636258,-0.044786928547588166,28482125.01631,-0.009252834835492451,-0.06831658651978721,-0.058268908123975824
CELR,cbridge,CELRUSDT,2023-06-30,SHORT,0.0014657208917335204,-0.0601920033722245,25760505.91483,-0.016627461460491832,-0.07273834345134411,0.04783253900647248
LINA,linear-finance,LINAUSDT,2023-06-30,LONG,-0.036095847416947144,0.00900741098611484,204120289.28194,0.050598608704872185,0.018109875597310005,-0.05329591386605181
1INCH,1inch-swap,1INCHUSDT,2023-07-01,LONG,-0.004226637132048899,0.021151572423323457,11699139.2211,-0.024376587877618833,-0.016082883449029462,-0.08149871395561104
ANKR,ankr,ANKRUSDT,2023-07-01,LONG,-0.019747787010142005,0.02390979183541259,16980060.50031,-0.01406373062716156,0.06512023933795694,-0.024851321756158937
BAKE,bakeryswap,BAKEUSDT,2023-07-01,LONG,-0.024938620822059228,0.011110794057511907,5859546.8076,0.016689012729849597,0.03993586242859722,-0.04901162358789887
EOS,vaulta-rex,EOSUSDT,2023-07-01,LONG,-0.009566700038601753,0.0680033438732273,317982018.6248,-0.02331711855522903,-0.052574524543599115,-0.07578375745396967
LINA,linear-finance,LINAUSDT,2023-07-01,SHORT,0.00900741098611484,-0.03901888497517173,103537180.97845,0.02464045817853101,0.06834734175775456,0.07807431706519262
LRC,loopring,LRCUSDT,2023-07-01,LONG,-0.010091491589563937,0.01438352002916568,10775410.3165,0.005023032746273386,0.01251058852628947,-0.044623447853057996
LINA,linear-finance,LINAUSDT,2023-07-02,LONG,-0.03901888497517173,0.06531917017498833,124767724.91401,-0.0071531063226553445,-0.07624853665283292,-0.03850820866998592
LRC,loopring,LRCUSDT,2023-07-02,SHORT,0.01438352002916568,-0.018230952810622945,9321044.4186,-0.02840281480839478,0.024087367813001807,0.0709333154124831
SXP,swipe,SXPUSDT,2023-07-02,LONG,-0.005785588367631664,0.020669054074929756,205771770.35403,0.005247978457651257,0.06493307628177032,-0.007923971730891594
BEL,bella-protocol,BELUSDT,2023-07-03,LONG,-0.029365943742620984,0.0573218699990218,25461226.1759,-0.046738810078386955,0.0034743972133721036,-0.034847718689500394
LRC,loopring,LRCUSDT,2023-07-03,LONG,-0.018230952810622945,0.010556888528508689,12322366.4301,-0.020915259028378794,-0.09174511363982871,-0.08288765980576775
LINA,linear-finance,LINAUSDT,2023-07-04,SHORT,0.03274817264240738,-0.07482918665690319,119735873.48948,0.03179677408199907,0.03410713321518319,-0.05155406515290048
REN,renvm,RENUSDT,2023-07-04,LONG,-0.047551540364300204,0.010210503760586145,22060368.56469,-0.036252485885684735,-0.07907147549214182,-0.06586610181712318
KSM,karura-liquid-staking,KSMUSDT,2023-07-05,SHORT,0.07874757070959565,-0.014877824730558403,9316154.565,0.040152874388230786,0.031826431611677086,0.03556475372228424
REN,renvm,RENUSDT,2023-07-05,SHORT,0.010210503760586145,-0.008023012814774577,20726673.67115,0.04416601792934914,0.03260713221976495,0.027622905254111173
KSM,karura-liquid-staking,KSMUSDT,2023-07-06,LONG,-0.014877824730558403,0.008900508245046478,8731993.185,0.016172859245600968,-0.008396354952906391,0.07138688203936121
REN,renvm,RENUSDT,2023-07-06,LONG,-0.008023012814774577,0.020045647493700604,25728183.15477,0.0015155345158934508,-0.0003370975929444257,0.10090165135921451
1INCH,1inch-swap,1INCHUSDT,2023-07-07,SHORT,0.03541926481555279,-0.01513423527779771,12298521.6168,0.006510439662431787,0.010765068891806139,-0.0824856853312657
KSM,karura-liquid-staking,KSMUSDT,2023-07-07,SHORT,0.008900508245046478,-0.02615793302610711,7156145.285,0.00784641646904721,0.023726399146510084,-0.019955864842904528
REN,renvm,RENUSDT,2023-07-07,SHORT,0.020045647493700604,-0.029462736985657025,15784128.90063,-0.009875383628470286,-0.01320096035484738,-0.07265311164184461
RSR,reserve-protocol,RSRUSDT,2023-07-07,SHORT,0.0037047730946473813,-0.0006189591727899741,13533007.964229,0.022309363658446667,0.01109246965599654,-0.07926764258463388
ANKR,ankr,ANKRUSDT,2023-07-08,SHORT,0.0008695585203965649,-0.03102523783899576,10436929.91013,0.0026064306675673654,-0.061415428097363625,-0.12732999103909626
BAKE,bakeryswap,BAKEUSDT,2023-07-08,SHORT,0.01822792570219943,-0.01559736750984429,9163702.8817,0.016870128303485034,0.06231052170125837,0.02160722858775421
BEL,bella-protocol,BELUSDT,2023-07-08,SHORT,0.03375589906392209,-0.029523248289804987,91116048.7409,0.04998309602389247,0.07882237004330739,0.03884247112182082
EOS,vaulta-rex,EOSUSDT,2023-07-08,SHORT,0.03526876550210361,-0.06875669919606774,115134029.4755,-0.0,-0.00962206736406225,-0.06419315763905986
LRC,loopring,LRCUSDT,2023-07-08,SHORT,0.004546806441022988,-0.01721351060666188,5141477.0767,0.021286834813151762,0.0048383643980415515,-0.04462344785305785
RSR,reserve-protocol,RSRUSDT,2023-07-09,LONG,-0.0014923530969103455,0.0018692707045279233,9223193.184111,0.024050238937113836,0.03466297723346593,0.10282376879274095
SXP,swipe,SXPUSDT,2023-07-09,SHORT,0.002850319378005724,-0.011980698787390635,27249150.52473,0.011200117079536206,0.027693663882001583,0.020359663876054975
CELR,cbridge,CELRUSDT,2023-07-10,LONG,-0.010309910524167524,0.01444826406275638,15503302.11454,-0.02659903814033851,0.05662476742139293,0.011457795621381358
CELR,cbridge,CELRUSDT,2023-07-11,SHORT,0.01444826406275638,-0.004474480833575967,10976847.95,0.0013157896635199685,-0.04625101765075569,0.0032927260569758678
LINA,linear-finance,LINAUSDT,2023-07-12,LONG,-0.025427688125526045,0.06309984279770416,125793673.86542,0.06393559460677266,0.05133038568779033,-0.0347204687037378
SXP,swipe,SXPUSDT,2023-07-12,LONG,-0.01429755338690643,0.0008297190745664952,25251140.76196,0.04711450179344288,0.024765734115054255,-0.011789033040485774
CELR,cbridge,CELRUSDT,2023-07-13,LONG,-0.0032805638585118907,0.008055475217126472,16718158.2314,-0.037577565673588095,-0.06882014499891512,-0.07531789365643506
SXP,swipe,SXPUSDT,2023-07-13,SHORT,0.0008297190745664952,-0.02406098014282773,54400270.72026,0.03680097606654932,0.040313069369992904,0.06330888147483743
1INCH,1inch-swap,1INCHUSDT,2023-07-14,LONG,-0.011464097749514084,0.10478755225318256,36777106.1527,0.10185977154136633,0.18416175824329786,0.0029824060281200895
ANKR,ankr,ANKRUSDT,2023-07-14,LONG,-0.0032065939192752048,0.0047595401013580015,49152318.21826,0.03182263091272872,0.014873072598955338,-0.0023687338355506088
BAKE,bakeryswap,BAKEUSDT,2023-07-14,LONG,-0.01038932956335291,0.0678824144530794,15792291.8392,-0.01227009259181436,-0.03144613560615129,-0.08309614516042668
BEL,bella-protocol,BELUSDT,2023-07-14,LONG,-0.008845778956224327,0.049734579272540984,70834374.9382,0.0027735422023148965,0.034262547472612294,-0.025599147518445272
CELR,cbridge,CELRUSDT,2023-07-14,SHORT,0.008055475217126472,-0.004921768053944344,20209995.68172,-0.004384598317824126,0.0081941838890359,0.047566807314275594
EOS,vaulta-rex,EOSUSDT,2023-07-14,LONG,-0.0002381982624568252,0.13661941039289446,276999820.6756,-0.0012944985626458082,0.0025839807659250678,0.014129971762985855
LRC,loopring,LRCUSDT,2023-07-14,LONG,-0.011329201139157242,0.08174118163515665,25144474.4036,0.007582176172708778,0.0008453085879506901,-0.03353710690325227
REN,renvm,RENUSDT,2023-07-14,LONG,-0.011259494842881024,0.11479053631460867,25291649.60284,0.0244140679651494,0.039864238975160705,0.043764633958909206
SXP,swipe,SXPUSDT,2023-07-14,LONG,-0.02406098014282773,0.03747664657876869,56115772.2879,0.013922580980745437,0.008590656858555262,-0.02318391032672092
ANKR,ankr,ANKRUSDT,2023-07-15,SHORT,0.0047595401013580015,-0.15562525756184079,37154489.42536,0.03420465586018066,0.04854181900658788,0.03460014726339777
KSM,karura-liquid-staking,KSMUSDT,2023-07-15,LONG,-0.006347885605255677,0.004538527525697202,6026284.696,-0.03254664201686412,-0.02254655868228071,-0.07226999403471122
BEL,bella-protocol,BELUSDT,2023-07-19,SHORT,0.009930562584143683,-0.026184784353129327,24220273.7225,0.011140212510542624,0.029169031065936338,0.13043104910360212
LINA,linear-finance,LINAUSDT,2023-07-19,SHORT,0.020467077887622802,-0.047598327608184186,57400310.65459,0.0015360986123397838,-0.02949174040678189,0.048751791920237965
SXP,swipe,SXPUSDT,2023-07-19,SHORT,0.009502322109186246,-0.0054375931805983125,19196829.06711,0.004145370037338623,-0.0030290536721928386,0.06053844240808925
BAKE,bakeryswap,BAKEUSDT,2023-07-20,SHORT,0.007670828326452795,-0.004230167244915925,8411722.6177,-0.0,0.012307847674596927,0.05446372075152471
SXP,swipe,SXPUSDT,2023-07-20,LONG,-0.0054375931805983125,0.0007969808912044019,22912066.37788,0.0035936458854123727,0.017568390369479384,-0.058152603616491154
1INCH,1inch-swap,1INCHUSDT,2023-07-21,SHORT,0.018284875150729466,-0.07765031120204316,163834884.4248,0.024112078333711203,0.09850168774051501,0.08091165766428333
EOS,vaulta-rex,EOSUSDT,2023-07-21,SHORT,0.07159239211111908,-0.04623809132423792,180606912.1315,0.011560822401075971,0.05109166115771133,0.04572971801632587
KSM,karura-liquid-staking,KSMUSDT,2023-07-21,SHORT,0.010611166672126872,-0.04082875961922742,8159240.409,0.023682484643559095,0.03728216781513106,0.006403437035206913
LRC,loopring,LRCUSDT,2023-07-21,SHORT,0.0023368630885969768,-0.06529283514510567,22975373.951,0.027471820664198475,0.051569372243258936,0.01630351159295636
REN,renvm,RENUSDT,2023-07-21,SHORT,0.03763528186927038,-0.7000643090393797,10703585.62159,0.025936086386707656,0.09199184071058357,0.10139242119400411
SXP,swipe,SXPUSDT,2023-07-21,SHORT,0.0007969808912044019,-0.03634653423776219,19151895.0086,-0.003580777824119132,0.053561462506420195,0.0471772272412454
EOS,vaulta-rex,EOSUSDT,2023-07-22,LONG,-0.04623809132423792,0.026467261854774243,142379087.8098,0.0077220460939103185,-0.043571248293640306,-0.02220862015227834
EOS,vaulta-rex,EOSUSDT,2023-07-23,SHORT,0.026467261854774243,-0.002674099397342821,76867003.5521,0.047252884850545615,0.047252884850545615,0.03522869188374383
ANKR,ankr,ANKRUSDT,2023-07-24,LONG,-0.20043900402641757,0.026180981924014586,36978510.31192,-0.010115400837176863,0.012004946096823182,0.027398974188114347
EOS,vaulta-rex,EOSUSDT,2023-07-24,LONG,-0.002674099397342821,0.03586336111766501,168378870.0796,-0.0026954194216723226,-0.0013468015503787388,0.0013449901153326123
LINA,linear-finance,LINAUSDT,2023-07-24,LONG,-0.052326175874275585,0.006331077274951773,78270440.38559,-0.006488262826453149,0.016834064867897746,0.04040153427181107
REN,renvm,RENUSDT,2023-07-24,LONG,-0.043661730531468636,0.004047268259583123,43287573.02538,-0.03746257475218012,-0.016217466138443985,-0.025435665999192322
EOS,vaulta-rex,EOSUSDT,2023-07-25,SHORT,0.03586336111766501,-0.036108752418149676,108517649.6534,-0.004040409537004906,-0.009402352678390334,-0.01207258123426924
LINA,linear-finance,LINAUSDT,2023-07-25,SHORT,0.006331077274951773,-0.08523272978562907,50214674.08999,-0.010530676497519332,-0.061582201129288625,-0.0812947423932467
REN,renvm,RENUSDT,2023-07-25,SHORT,0.004047268259583123,-0.062513134839118,26408788.5757,-0.027237729563545757,-0.028232424605771935,-0.02174915029662849
ANKR,ankr,ANKRUSDT,2023-07-26,SHORT,0.012801057042035843,-0.01952390880812408,94668161.77829,0.022808696207317295,-0.05226482851623647,0.04982102191483837
CELR,cbridge,CELRUSDT,2023-07-28,LONG,-0.04714140588535158,0.013194722629737112,5078757.62135,-0.00551725537475474,-0.011065119812472688,-0.028603275408937298
REN,renvm,RENUSDT,2023-07-28,LONG,-0.06960922710328918,0.6002819637691253,9165217.2445,0.0019864267415811345,-0.016035085515771704,-0.0438644529589697
RSR,reserve-protocol,RSRUSDT,2023-07-28,SHORT,0.008572039291983665,-0.0010078563895520383,11330395.307392,-0.004469836098619878,0.058946091068910814,0.04531189979310708
REN,renvm,RENUSDT,2023-07-29,SHORT,0.6002819637691253,-0.7923219619820301,9717181.14206,0.01617106173353754,0.00846970105072459,0.03963753558303945
RSR,reserve-protocol,RSRUSDT,2023-07-29,LONG,-0.0010078563895520383,0.026128391360382298,5051502.741937,-0.022540398319410522,-0.04404660354037426,-0.03939903514382721
BAKE,bakeryswap,BAKEUSDT,2023-07-30,LONG,-0.0092949390991168,0.0032926181458158253,11924496.9615,-0.016492952193841205,-0.006564574996506555,-0.001091107582334568
BEL,bella-protocol,BELUSDT,2023-07-30,LONG,-0.0071082446382833555,0.002228210776316396,18138053.3515,0.021186278122833496,0.009070356969964279,-0.007468977637542649
LRC,loopring,LRCUSDT,2023-07-30,LONG,-0.01404169847255216,0.004058280841147339,7782166.3545,-0.029648693922129907,-0.05117502817015761,-0.02549068377346613
SXP,swipe,SXPUSDT,2023-07-30,LONG,-0.00540194989968645,0.006752654360923482,13903145.85533,0.01309109604687942,-0.024304693697150832,-0.04216501407381021
BAKE,bakeryswap,BAKEUSDT,2023-07-31,SHORT,0.0032926181458158253,-0.004197988947919458,86904986.8495,-0.020822670139608288,-0.055988787063744834,-0.04015732184706417
BEL,bella-protocol,BELUSDT,2023-07-31,SHORT,0.002228210776316396,-0.009310607579248096,23086709.7906,-0.024094011123155956,0.012268256804798667,0.023927106408501927
LRC,loopring,LRCUSDT,2023-07-31,SHORT,0.004058280841147339,-0.012074186620213388,7802082.1548,0.0009263548601307883,0.027218949241314305,-0.019257816604414738
RSR,reserve-protocol,RSRUSDT,2023-07-31,SHORT,0.028150557566512,-0.04154152164339087,10607011.640991,-0.020392863563140535,-0.0052687160868265664,-0.07233294666737246
1INCH,1inch-swap,1INCHUSDT,2023-08-01,LONG,-0.027243713384798095,0.006193688412888203,44228346.1741,-0.017616057935880284,-0.048229049406743836,-0.04300710542559212
BAKE,bakeryswap,BAKEUSDT,2023-08-01,LONG,-0.004197988947919458,0.04725138862794933,22992679.2783,-0.012002326296635517,-0.027489361497797786,0.02569734549528443
BEL,bella-protocol,BELUSDT,2023-08-01,LONG,-0.009310607579248096,0.025138276568075404,21679154.5964,-0.03606124444585016,-0.05290662343218037,-0.05107176053207005
EOS,vaulta-rex,EOSUSDT,2023-08-01,LONG,-0.0313966293831775,0.0063164806480202175,135644216.6918,-0.025694449374782637,-0.04226941446899535,-0.032567328662544755
KSM,karura-liquid-staking,KSMUSDT,2023-08-01,LONG,-0.017558782943265593,0.02453176698470668,11831342.879,-0.013502314837639353,-0.06896293540049377,-0.05558182584032572
LINA,linear-finance,LINAUSDT,2023-08-01,LONG,-0.01061139976555317,0.06026141632619227,79938594.30053,0.008961971857230742,0.040431820888041044,0.033201131394895174
SXP,swipe,SXPUSDT,2023-08-01,SHORT,0.00036770178049279665,-0.07092350243891533,22034047.84205,0.03739578974403022,0.05525611012068961,0.0537300912071215
REN,renvm,RENUSDT,2023-08-02,LONG,-0.01979524459470019,0.009313073439096039,10167854.05779,-0.003614150737224736,-0.001547322581562022,0.03875147935058611
1INCH,1inch-swap,1INCHUSDT,2023-08-03,SHORT,0.013903381119777724,-0.012947970946510805,31182033.7085,0.018801202107532625,0.019128480788247967,0.013579258126380979
EOS,vaulta-rex,EOSUSDT,2023-08-03,SHORT,0.018201069364406873,-0.0021151776598194484,106404209.0343,-0.0027894020875785922,-0.017993565048012472,-0.0013956736389747558
REN,renvm,RENUSDT,2023-08-03,SHORT,0.009313073439096039,-0.021514634193985756,9047066.32324,0.004146515961848577,-0.029391396197795135,-0.026373285254889637
BEL,bella-protocol,BELUSDT,2023-08-05,SHORT,0.0015856256401667464,-0.013639144108072722,5819338.6975,-0.006908755506370139,-0.008437574027657076,-0.008590327407622618
KSM,karura-liquid-staking,KSMUSDT,2023-08-05,SHORT,0.04495670620663654,-0.03623010901682754,20164429.461,-0.018391322971423454,-0.04624577427968757,-0.07850663649790884
REN,renvm,RENUSDT,2023-08-05,LONG,-0.02009987784393614,0.6875937507974027,5319778.54261,0.02732456804213248,0.033500002839079786,-0.04037761059390599
REN,renvm,RENUSDT,2023-08-06,SHORT,0.6875937507974027,-0.019953021697568938,8940789.26051,0.0013402582002894608,-0.012974233890015568,0.035964677087832235
BAKE,bakeryswap,BAKEUSDT,2023-08-08,SHORT,0.030939499855295535,-0.004120008135476898,49179539.3117,0.04430762535195221,0.08374935740324901,-0.14991338535174303
CELR,cbridge,CELRUSDT,2023-08-08,LONG,-0.013704186159017686,0.00033576937160532987,7613256.26624,-0.01243109930783699,-0.046356614271761826,-0.08296392291352629
CELR,cbridge,CELRUSDT,2023-08-09,SHORT,0.00033576937160532987,-0.016067369659602804,9850867.60554,0.018954586428178096,0.013300861120949366,0.14894865665184956
LRC,loopring,LRCUSDT,2023-08-09,LONG,-0.0010037634738824571,0.015112697282252839,13059147.8088,0.009526041644060363,0.012681329364399696,-0.08659710961554583
REN,renvm,RENUSDT,2023-08-09,LONG,-0.002628363542871915,0.0006975356217742446,6662886.04431,-0.016157593118846056,-0.08084166081197902,-0.1817929457072435
RSR,reserve-protocol,RSRUSDT,2023-08-09,LONG,-0.0002535470891792062,0.06280839782727075,32641574.082376,-0.003791473736262247,0.027066514623643,-0.04005360484979837
1INCH,1inch-swap,1INCHUSDT,2023-08-10,LONG,-0.01076353910727737,0.00877722215467248,15415902.0436,0.002925404329105136,0.0006508298309784591,-0.2679134871293581
BAKE,bakeryswap,BAKEUSDT,2023-08-10,LONG,-0.006233215577920607,0.00610518615310153,19778695.9451,-0.01256441428755019,0.2947512380422074,0.17548781721538956
BAKE,bakeryswap,BAKEUSDT,2023-08-11,SHORT,0.00610518615310153,-0.0011408445895824204,18689842.0543,-0.039486235126784335,-0.4442136080484092,-0.2118021498034179
EOS,vaulta-rex,EOSUSDT,2023-08-11,LONG,-0.009623036119903438,0.0031766815772305223,42513595.1817,0.01662088123604028,0.0027894020875785922,-0.22105077064107917
BAKE,bakeryswap,BAKEUSDT,2023-08-12,LONG,-0.0011408445895824204,0.0004360386091357945,19717017.6318,0.2689795035862103,0.19532659401144484,0.0673691350611179
CELR,cbridge,CELRUSDT,2023-08-12,LONG,-0.02291500379312486,0.004801591811732148,5689109.17218,0.0077220460939103185,-0.05653679387836409,-0.18359086096268032
KSM,karura-liquid-staking,KSMUSDT,2023-08-12,LONG,-0.043012208947126096,0.0016474390485880525,13578939.528,0.009389740349838917,-0.021674017048362033,-0.13524813124357712
REN,renvm,RENUSDT,2023-08-13,SHORT,0.01990348340819967,-0.03580875888182365,16005300.39264,-0.009157731386437998,0.13251522053138018,0.17213236580085417
BEL,bella-protocol,BELUSDT,2023-08-14,LONG,-0.03785027307196789,0.013774510416730265,15799074.2534,-0.059845623568736836,-0.2707608667932665,-0.22545662487685983
CELR,cbridge,CELRUSDT,2023-08-14,SHORT,0.017581926221166007,-0.0035464181042531282,6409001.12606,0.07053282360568924,0.2461653922488474,0.20097959962709114
EOS,vaulta-rex,EOSUSDT,2023-08-14,SHORT,0.0017078376739961807,-0.00862935327204112,54825052.0094,0.05584844148952789,0.23258913492189337,0.21344146550775914
ANKR,ankr,ANKRUSDT,2023-08-15,LONG,-0.0018466470899477934,0.004778660005094972,16084706.9549,-0.06368681988636217,-0.1397839787572262,-0.1377586616092248
CELR,cbridge,CELRUSDT,2023-08-15,LONG,-0.0035464181042531282,0.002380475958715213,14097042.85598,-0.07836501131581464,-0.14338791124706557,-0.1356658651531553
EOS,vaulta-rex,EOSUSDT,2023-08-15,LONG,-0.00862935327204112,0.0036045611242568752,112017111.2137,-0.07342746855481731,-0.16651789162082933,-0.1613050214322962
LRC,loopring,LRCUSDT,2023-08-15,SHORT,0.01000876594692645,-8.268225269802637e-07,11601956.3403,0.05417185114219974,0.13326239464038547,0.14680172954541928
1INCH,1inch-swap,1INCHUSDT,2023-08-16,SHORT,0.005193636766394601,-0.038232600493323915,40601202.3163,0.11938930991869416,0.06192361468930675,0.04954573655142976
ANKR,ankr,ANKRUSDT,2023-08-16,SHORT,0.004778660005094972,-0.023467530551428036,21978645.17909,0.1127464217881439,0.05354546397992517,0.05305004658064195
BAKE,bakeryswap,BAKEUSDT,2023-08-16,SHORT,0.028384736298287912,-0.009081619011600721,271505512.35,0.08486622064324165,0.16721316834151642,0.19979618731721863
BEL,bella-protocol,BELUSDT,2023-08-16,SHORT,9.897235461485944e-05,-0.03923180702199444,14842406.9089,0.1627400588930218,0.11321756221191458,0.07391942216541893
CELR,cbridge,CELRUSDT,2023-08-16,SHORT,0.002380475958715213,-0.016299034574468418,14366239.30664,0.09732834396056207,0.04874984240172027,0.0470577946206957
EOS,vaulta-rex,EOSUSDT,2023-08-16,SHORT,0.0036045611242568752,-0.056200034589148976,168802395.0636,0.10342542841488234,0.07911867619072084,0.0637992276572075
KSM,karura-liquid-staking,KSMUSDT,2023-08-16,SHORT,0.06610000211770645,-0.0009815519066876629,17445032.572,0.07022069806532018,0.08241894641541958,0.09875190043747005
LINA,linear-finance,LINAUSDT,2023-08-17,SHORT,0.0437333737109414,-0.09531521434840039,91350693.4319,-0.001713796477734598,0.016429249781067117,0.09248398856848969
ONE,one-dex,ONEUSDT,2023-08-18,SHORT,0.02535892706678459,-0.0376350232247931,14395142.89679,-0.01732086094263063,-0.009207226168460895,-0.03831113683446609
ONE,one-dex,ONEUSDT,2023-08-20,LONG,-0.007083742023007127,0.024028894370451182,5842086.91749,-0.02016197329034408,0.03433392658471736,0.005970166986503975
LRC,loopring,LRCUSDT,2023-08-21,LONG,-0.1303096412032073,0.08937844659149675,7710961.2397,-0.0038095284166677302,-0.004900635999002289,-0.00872891521648602
ONE,one-dex,ONEUSDT,2023-08-21,SHORT,0.024028894370451182,-0.0044567147947962085,10458100.61652,0.0112648400631411,-0.02513958436409653,-0.02513958436409653
RSR,reserve-protocol,RSRUSDT,2023-08-22,SHORT,0.0015795222447557097,-0.02762833043919631,13780150.896925,-0.0391993572681324,-0.05298536563632975,-0.06189761335484972
CELR,cbridge,CELRUSDT,2023-08-25,LONG,-0.014966225999211772,0.005421484398996911,6457882.58188,-0.02199824739511937,-0.018445845790751456,-0.03003759395453655
EOS,vaulta-rex,EOSUSDT,2023-08-25,LONG,-0.05781143415054578,0.016783112663812872,78637511.094,-0.005123836999869395,0.0034013638234902605,-0.013722342255101216
EOS,vaulta-rex,EOSUSDT,2023-08-27,SHORT,0.017974094294738174,-0.010523647250655464,57283433.9689,0.006768215346138739,-0.05734576747047329,0.020443642145814202
BAKE,bakeryswap,BAKEUSDT,2023-08-28,LONG,-0.0010935129600248008,0.0010088481962976556,58479598.7995,0.02556049697953507,0.007522872662987415,0.022400936689166498
EOS,vaulta-rex,EOSUSDT,2023-08-28,LONG,-0.010523647250655464,0.01436765340962821,78174569.387,0.05281755583941434,-0.006802747322752523,-0.01365208916832732
LRC,loopring,LRCUSDT,2023-08-28,SHORT,0.18778375137112546,-0.03091189144227895,5308006.7163,-0.03603509005440898,0.019353659094202037,-0.020596934090622694
CELR,cbridge,CELRUSDT,2023-08-29,SHORT,0.002290893676385957,-0.008533743028494571,13331927.02214,0.009844214034777235,0.09408643908460819,0.04764795959065511
ONE,one-dex,ONEUSDT,2023-08-29,LONG,-0.12842214652753284,0.013124985712843,15828947.32468,-0.016291687598185778,-0.12218911602058799,-0.09988335850628978
RSR,reserve-protocol,RSRUSDT,2023-08-29,LONG,-0.025688330776529933,0.006084443079447767,18186234.344001,-0.022698256086717272,-0.11961142848649839,-0.08208898916340863
1INCH,1inch-swap,1INCHUSDT,2023-08-30,LONG,-0.004245166143117741,0.044644414789179965,11108611.3218,-0.04949134451836568,-0.09383152277783799,-0.04174726668931376
BEL,bella-protocol,BELUSDT,2023-08-30,LONG,-0.0026038719316345085,0.037258953368585424,12295311.5195,-0.07744710666297702,0.023829847485475016,0.143342579303904
KSM,karura-liquid-staking,KSMUSDT,2023-08-30,LONG,-0.03103228333666243,0.03675463225376376,6690509.077,-0.030852120194118038,-0.015045679411017483,-0.02186448369673851
LINA,linear-finance,LINAUSDT,2023-08-30,LONG,-0.015914951106732477,0.03537561377184908,33805392.01817,-0.04981873034548372,-0.04883689423322706,-0.014117881545784932
LRC,loopring,LRCUSDT,2023-08-30,LONG,-0.00790608629671407,0.029026934864152025,6676002.0797,-0.037802364646535046,-0.04340148341758517,-0.005931535320122034
REN,renvm,RENUSDT,2023-08-30,LONG,-0.045569423638171194,0.037250838849426586,7612264.68651,-0.03219935025412502,-0.056386170434589634,-0.05220436616728184
SXP,swipe,SXPUSDT,2023-08-30,LONG,-0.005472433454439388,0.012934797384028454,10724549.63836,-0.062448032097926286,-0.07566143755631811,-0.055708660702995086
KSM,karura-liquid-staking,KSMUSDT,2023-08-31,SHORT,0.03675463225376376,-0.015310877548245642,10251427.832,0.0021265292436870712,-0.0052966225521704855,-0.023616946513338725
LINA,linear-finance,LINAUSDT,2023-08-31,SHORT,0.03537561377184908,-0.01364534204930094,46730743.06766,0.018840418461914414,0.003937012959339643,-0.04981873034548385
1INCH,1inch-swap,1INCHUSDT,2023-09-01,SHORT,0.006887637402106249,-0.008469902842950568,11162513.8244,0.005544906508055749,-0.0029730325572467045,-0.04206324851603243
BAKE,bakeryswap,BAKEUSDT,2023-09-01,SHORT,0.023236644473338484,-0.007865826519525708,37501861.5006,-0.004338401598598141,-0.029980832211935857,-0.11196906579096375
BEL,bella-protocol,BELUSDT,2023-09-01,SHORT,0.01717682805372201,-0.006301932450330321,238327803.1394,-0.03202288375705103,-0.0632236717270472,-0.1712920332184549
LRC,loopring,LRCUSDT,2023-09-01,SHORT,0.0040870234881525015,-0.009874353497628332,5722865.0823,-0.004501977215453825,-0.0500516891713286,-0.05058802600370787
SXP,swipe,SXPUSDT,2023-09-01,SHORT,0.008742010242695653,-0.006822705543135058,13010434.33359,-0.01298192673963313,-0.0073230595771890325,-0.07244410254414159
LINA,linear-finance,LINAUSDT,2023-09-02,LONG,-0.020359123372230312,0.0023741027714933496,23947373.32505,-0.004918849071596266,0.04227334511922317,0.04039010539125828
BEL,bella-protocol,BELUSDT,2023-09-03,LONG,-0.012298968951339797,0.004606846163443668,42189088.6104,-0.007181973415260324,0.08112997043317234,0.02789159297329754
REN,renvm,RENUSDT,2023-09-03,SHORT,0.03523301547570625,-0.0021161598528805677,10769456.51534,-0.005323470505043059,-0.055080497718944,-0.048469631862004994
EOS,vaulta-rex,EOSUSDT,2023-09-04,SHORT,0.002173151968496523,-0.0068751912603418645,42385170.2143,-0.011935350549272854,-0.005132603226520216,0.07476790750401077
LRC,loopring,LRCUSDT,2023-09-04,LONG,-0.00911345569070878,0.0019674596489886067,28791431.4913,0.004814130720451717,-0.001072961476327527,-0.067079727608991
ONE,one-dex,ONEUSDT,2023-09-04,SHORT,0.027620100832040043,-0.0063466450297206154,9207468.75168,-0.00738010729762268,-0.020943173845243173,0.04657040743111908
LINA,linear-finance,LINAUSDT,2023-09-05,SHORT,0.00134710530900869,-0.008940790881798636,34525833.00689,0.008494623991422857,-0.013999295356544986,0.0540672212702757
BEL,bella-protocol,BELUSDT,2023-09-06,SHORT,0.0106259400382788,-0.0262147114549688,137868473.0563,-0.03398535289922823,0.0004715127788731582,0.06810658033279524
CELR,cbridge,CELRUSDT,2023-09-06,LONG,-0.025170071565711778,0.012451022469823585,8697531.51468,0.011106478968893546,0.03544674899574771,-0.02787636952825479
LRC,loopring,LRCUSDT,2023-09-06,SHORT,0.003552032425073043,-0.02459775753313604,8103223.7805,-0.008084118399959058,-0.015570784384879414,0.04765444570550466
ONE,one-dex,ONEUSDT,2023-09-06,LONG,-0.007548215231326321,0.027404013836563157,10383297.27682,0.019885532287107762,0.03938332800037516,-0.008492620045653588
ONE,one-dex,ONEUSDT,2023-09-07,SHORT,0.027404013836563157,-0.008025771501773887,6410501.37793,-0.002068253064058839,0.02622069462713843,0.025158559636154987
BAKE,bakeryswap,BAKEUSDT,2023-09-08,LONG,-0.02965266167037595,0.006359718652169294,87548880.1709,-0.05288014942095708,-0.11196906579096363,-0.0127141076956225
BEL,bella-protocol,BELUSDT,2023-09-08,LONG,-0.0056913139895575695,0.03506468908506312,33313346.058,-0.02053907582968249,-0.12938169021231075,-0.06161656596368162
LINA,linear-finance,LINAUSDT,2023-09-08,LONG,-0.003604799624853735,0.04590715907225193,57174614.88406,-0.016822826644151502,-0.06806651662682058,0.011060020574936144
ONE,one-dex,ONEUSDT,2023-09-08,LONG,-0.008025771501773887,0.012086097219574403,8553536.82906,0.015361285161487149,-0.07165009182814264,0.014344508256400339
1INCH,1inch-swap,1INCHUSDT,2023-09-09,LONG,-0.0024617356740532044,0.00430513598964698,5439876.6947,-0.025568403149114637,-0.07611449402081158,0.04108254689275569
EOS,vaulta-rex,EOSUSDT,2023-09-09,LONG,-0.0020473133473955223,0.008594335086114102,20585394.9797,-0.03319081959174744,-0.06385147198653267,-0.00862818122333823
SXP,swipe,SXPUSDT,2023-09-09,LONG,-0.0008206990928193838,0.0027586224390796607,36115925.20311,-0.06710874469311662,-0.10915698093661612,0.11553955609982394
SXP,swipe,SXPUSDT,2023-09-10,SHORT,0.0027586224390796607,-0.0018045250048000594,19973953.39947,0.044915328111255017,0.009852296443011594,-0.05381951257443409
1INCH,1inch-swap,1INCHUSDT,2023-09-11,SHORT,0.008652528228635622,-0.009444802858692201,17560485.0255,-0.01639017864746675,-0.08719745465898568,-0.10464565547190165
BAKE,bakeryswap,BAKEUSDT,2023-09-11,SHORT,0.0014131830351755848,-0.008122355395473152,38152160.1517,-0.016172859245600968,-0.06215797248742451,-0.24889604741662438
EOS,vaulta-rex,EOSUSDT,2023-09-11,SHORT,0.01303613112982662,-0.02115143010167654,75083849.1479,-0.009199696898423636,-0.04517479935670134,-0.05746643786825791
KSM,karura-liquid-staking,KSMUSDT,2023-09-11,SHORT,0.001696101632643415,-0.033862874131100056,10253536.486,-0.0050633019565466345,-0.02616347399663302,-0.07128390927710261
BEL,bella-protocol,BELUSDT,2023-09-12,SHORT,0.02163168346681532,-0.005622408856247156,15593302.9948,-0.03770798070244194,-0.06426555812236476,-0.027394253298887703
LINA,linear-finance,LINAUSDT,2023-09-12,SHORT,0.021446381599268333,-0.004161244764553091,30807973.64099,-0.024499020488324533,-0.07912653720175683,-0.06528229209041578
LRC,loopring,LRCUSDT,2023-09-12,SHORT,0.012939994316511525,-0.056065159317536147,8309792.3458,-0.013714500670787484,-0.04390125333590135,-0.025001302205417186
ONE,one-dex,ONEUSDT,2023-09-12,SHORT,0.004907441189467621,-0.030062030139392206,9599629.74109,-0.013956211493799558,-0.060815382634741386,-0.08195356273924932
RSR,reserve-protocol,RSRUSDT,2023-09-12,SHORT,0.00820209387476335,-0.016095783408823495,6989746.877992,-0.05578691214980238,-0.1469945727928166,-0.07033066432861129
BEL,bella-protocol,BELUSDT,2023-09-13,LONG,-0.005622408856247156,0.00705181984135318,20068364.6075,0.014194109892943733,0.008207063903571671,-0.006919274926580353
CELR,cbridge,CELRUSDT,2023-09-13,SHORT,0.010245085738308587,-0.018427402033854904,5408117.29103,0.006202944124607781,-0.05080731059217179,-0.038132869695444035
LINA,linear-finance,LINAUSDT,2023-09-15,LONG,-0.009059164243295633,0.005651558381915882,21973509.18206,-0.011060020574936196,-0.04212134120820249,0.03600749028304982
ONE,one-dex,ONEUSDT,2023-09-15,LONG,-0.006564359107434271,0.017847366557926046,9134140.14534,0.019124890909682307,-0.01742740159895915,-0.011241814866248296
1INCH,1inch-swap,1INCHUSDT,2023-09-16,LONG,-0.012977221283800383,0.020578658550904468,11618720.9084,-0.034979718896026815,-0.01654232286931564,0.026596287256273183
BAKE,bakeryswap,BAKEUSDT,2023-09-16,LONG,-0.019989446569501117,0.003864052205084422,52528772.308,-0.02418389245288389,0.13706496520583364,-0.030550444198425366
REN,renvm,RENUSDT,2023-09-16,LONG,-0.016138617547509376,0.04451866502839831,10621425.32766,-0.030720556129501454,0.014812079672209986,-0.06459303338921323
SXP,swipe,SXPUSDT,2023-09-16,LONG,-0.014970065484357541,0.0003809133175260437,276296855.61406,-0.12850204421952066,-0.11557958268994847,-0.04614660263578162
BEL,bella-protocol,BELUSDT,2023-09-17,SHORT,0.016390825710459647,-0.018831031223191172,11372802.4272,-0.008904467390676105,-0.03498245915884542,-0.04291030704031038
CELR,cbridge,CELRUSDT,2023-09-17,LONG,-0.008121474051440935,0.0036265952508829826,6231752.95144,0.0017714796483820209,0.04167269640056808,0.05686286189454303
LINA,linear-finance,LINAUSDT,2023-09-18,SHORT,0.028456380786984165,-0.006695517621617721,24633305.00154,-0.028277096096861482,-0.09043127136347186,-0.03752785586901242
ANKR,ankr,ANKRUSDT,2023-09-19,LONG,-0.008278493070798924,0.05167026306075662,8486895.6772,0.02439778426164302,0.018224925154562154,0.005241102144103573
EOS,vaulta-rex,EOSUSDT,2023-09-19,LONG,-0.014003316036425162,0.047767057879646586,42367020.4052,-0.00862818122333823,-0.01210040693408734,-0.03496859783774662
LINA,linear-finance,LINAUSDT,2023-09-19,LONG,-0.006695517621617721,0.040689754134895784,20965890.72766,0.018399783118841696,0.04892279895973201,-0.011204599012863132
RSR,reserve-protocol,RSRUSDT,2023-09-19,LONG,-0.015475692861759883,0.0026781140394995444,6423609.188579,-0.008592963722831835,-0.012375729649392373,-0.032059251965218985
BEL,bella-protocol,BELUSDT,2023-09-20,LONG,-0.003483725455163229,0.0011453668644665932,8040457.8378,-0.029032357701996962,-0.03410008370714106,0.11894877800895037
RSR,reserve-protocol,RSRUSDT,2023-09-20,SHORT,0.0026781140394995444,-0.02553254626055012,7335534.970209,0.011385322225125465,-0.013387080782459279,0.0339945014364026
ANKR,ankr,ANKRUSDT,2023-09-21,SHORT,0.025034183858971097,-0.00862123698054769,9024354.14963,-0.024022042838888116,-0.026083899239446602,-0.025053502445550293
BEL,bella-protocol,BELUSDT,2023-09-21,SHORT,0.0011453668644665932,-0.01124867046680703,8376837.7356,-0.011440582401893138,-0.03696519423347133,-0.12719160355672254
BAKE,bakeryswap,BAKEUSDT,2023-09-22,SHORT,0.025122341316930846,-0.002581194844977116,43256543.7291,0.015391883767583919,0.029172533636336498,-0.057607549261826235
ONE,one-dex,ONEUSDT,2023-09-22,SHORT,0.07076249750267419,-0.025140515906278388,5524817.41881,0.014493007302566977,0.017626169134603745,0.0020576138946802654
1INCH,1inch-swap,1INCHUSDT,2023-09-23,SHORT,0.002908546121201808,-0.005489096790967082,11005687.4272,0.03601550917276474,-0.012849761084050884,-0.024794658613216274
REN,renvm,RENUSDT,2023-09-23,SHORT,0.008963278794429989,-0.042880167565234883,5691896.17484,0.03032883261180793,0.004589670388780849,-0.044565523899688896
SXP,swipe,SXPUSDT,2023-09-23,SHORT,0.005970957206842276,-0.0033011804179080154,22473787.1592,0.02248840662143321,0.051959738930710986,0.009625375104150352
KSM,karura-liquid-staking,KSMUSDT,2023-09-24,SHORT,0.007538370648167623,-0.030542091912607604,6602631.693,-0.03658288519273091,-0.0386937039184223,-0.0769610411361284
REN,renvm,RENUSDT,2023-09-25,LONG,-0.02778314571416748,0.005984225836725662,8796581.06183,0.00461083262808162,0.05896624664365866,0.026708785548828343
RSR,reserve-protocol,RSRUSDT,2023-09-25,SHORT,0.023578915777400164,-0.001986653954935074,5131083.640574,0.01371011329702238,-0.03899025254531185,-0.007055660206688975
CELR,cbridge,CELRUSDT,2023-09-27,SHORT,0.002228525517051077,-0.0025879910627431917,10816271.68962,-0.017886655723335653,-0.0138495085363646,-0.018692133012152546
EOS,vaulta-rex,EOSUSDT,2023-09-27,SHORT,0.01416836966249355,-0.016318494705405317,58334080.1251,-0.019452425926815013,-0.036813973122716184,-0.028170876966696224
LINA,linear-finance,LINAUSDT,2023-09-27,SHORT,0.013600070290792824,-0.03501266596252757,24378356.87198,-0.02621873030511902,-0.028065452898283973,-0.00094831680885926
RSR,reserve-protocol,RSRUSDT,2023-09-28,LONG,-0.0023925295718147978,0.007534340152131938,9018030.032005,-0.003673580620411982,0.037022222972803234,-0.08582155222941085
1INCH,1inch-swap,1INCHUSDT,2023-09-29,LONG,-0.010197382265862788,0.037682895696925144,11782625.3995,0.011194146743152708,0.004492706920407411,-0.035909129334055476
ANKR,ankr,ANKRUSDT,2023-09-29,LONG,-0.012617008468887367,0.03829531430852267,8165346.66474,0.019270373187517443,0.018767986841859367,0.018767986841859367
BAKE,bakeryswap,BAKEUSDT,2023-09-29,LONG,-0.018302486210332508,0.02995388538114052,23008869.6455,-0.023167059281534418,0.10383263147977301,0.20413450218133905
BEL,bella-protocol,BELUSDT,2023-09-29,LONG,-0.017242430720081796,0.016277905075502936,14208278.8671,0.025283308769143756,-0.04773276573056531,-0.08960736722615852
ONE,one-dex,ONEUSDT,2023-09-29,LONG,-0.019800549409053243,0.05878491957666236,5782059.95465,-0.005157309007144699,0.0010282777255660649,-0.02922963831493825
REN,renvm,RENUSDT,2023-09-29,LONG,-0.05461774864986515,0.04560823059056138,6258672.68497,-0.00665144834295429,-0.03370868971067721,-0.05909792371549683
SXP,swipe,SXPUSDT,2023-09-29,LONG,-0.005877718071106397,0.008257721414075304,24585161.78082,-0.005167970158442561,-0.023645051508492165,-0.03319081959174744
KSM,karura-liquid-staking,KSMUSDT,2023-09-30,LONG,-0.020281957174278293,0.011988749137868094,5695341.363,0.03510943985657075,-0.010034412159841195,-0.04955240941273621
CELR,cbridge,CELRUSDT,2023-10-01,LONG,-0.0013357236691384359,0.005972235065639795,8828178.18293,-0.04195312496322979,-0.037919234862293726,-0.03149866705937093
EOS,vaulta-rex,EOSUSDT,2023-10-01,LONG,-0.0037702109858348755,0.000372505152472123,61132535.8192,-0.03196235070295845,-0.047466537238923724,-0.06498011973163212
RSR,reserve-protocol,RSRUSDT,2023-10-01,SHORT,0.013819643029685335,-0.010174407456377136,9237511.5134,0.06946148350280844,0.10021624128480022,0.09631977100567712
LINA,linear-finance,LINAUSDT,2023-10-02,LONG,-0.016473453943715556,0.058839673865898535,25458481.81843,-0.01783247629555636,-0.041791456544803145,-0.12361395596717664
RSR,reserve-protocol,RSRUSDT,2023-10-02,LONG,-0.010174407456377136,0.0190187186009396,9521661.685764,-0.025193008183807573,-0.05388695989078797,-0.08107984166950769
CELR,cbridge,CELRUSDT,2023-10-03,SHORT,0.002525273936433054,-0.014506592624740806,9843375.30053,0.027790593539115137,0.022971307103166354,0.09437091862068273
LINA,linear-finance,LINAUSDT,2023-10-03,SHORT,0.058839673865898535,-0.008238325534242289,15124374.21321,0.000947418356039828,0.05649018795474282,0.12276702603736424
KSM,karura-liquid-staking,KSMUSDT,2023-10-04,SHORT,0.005579448792334807,-0.014147956837177036,5638000.306,0.02852634460356582,0.020765773503711397,0.07756695749493135
CELR,cbridge,CELRUSDT,2023-10-05,LONG,-0.0033434289491274176,0.013978828900278609,8000084.6442,0.05179949536014147,0.053400776727115455,-0.02391232637555485
1INCH,1inch-swap,1INCHUSDT,2023-10-06,SHORT,0.01662491715339928,-0.030727834381251675,7196765.4507,0.006634170673404845,0.04210312078909903,0.05970128315285191
ANKR,ankr,ANKRUSDT,2023-10-06,SHORT,0.023906256659341915,-0.017811138055124826,32196866.07531,-0.004510155477886109,0.04520543676804691,0.05523984892788803
BAKE,bakeryswap,BAKEUSDT,2023-10-06,SHORT,0.024044494484411576,-0.006997514923232699,147896082.8326,-0.042646056049138965,0.026630866000722304,0.13927796545832427
CELR,cbridge,CELRUSDT,2023-10-06,SHORT,0.013978828900278609,-0.0007853970767675854,6629336.88982,-0.005593302636511377,0.049271049006782676,0.0662493855412006
EOS,vaulta-rex,EOSUSDT,2023-10-06,SHORT,0.024195516061312154,-0.008867819741913032,42401268.5751,-0.0,0.0523112945680107,0.04677111419239537
REN,renvm,RENUSDT,2023-10-06,SHORT,0.029242157310955544,-0.03658779694226423,14338826.90795,-0.01872469251464625,0.014834767789556506,0.05814144372043536
SXP,swipe,SXPUSDT,2023-10-06,SHORT,0.009370295325988886,-0.008690372656263467,10265390.44379,-0.0259481598924445,0.03212692831731273,0.06153533834668947
BAKE,bakeryswap,BAKEUSDT,2023-10-07,LONG,-0.006997514923232699,0.015481625072683611,149598974.6562,0.01252075665073103,-0.13391039585058676,-0.18444582737503523
REN,renvm,RENUSDT,2023-10-07,LONG,-0.03658779694226423,0.08888095034355803,9364967.99258,-0.01674862424620096,-0.05840265304672173,-0.07175460094211399
BAKE,bakeryswap,BAKEUSDT,2023-10-09,SHORT,0.01324221951707461,-0.019093116512047086,158182221.1278,0.06458590439707444,0.10480787679324988,-0.012010034857532138
BEL,bella-protocol,BELUSDT,2023-10-09,SHORT,0.009632459262522312,-0.023247782572461632,13703002.2627,-0.002007483108706151,0.02291304971057213,-0.006555012546335772
CELR,cbridge,CELRUSDT,2023-10-11,LONG,-0.0013764670804719845,0.0027501384171320733,5569112.75471,0.0034632069246175183,-0.0008676790132224698,-0.00783634832931575
CELR,cbridge,CELRUSDT,2023-10-12,SHORT,0.0027501384171320733,-0.0029204449366238778,8217461.60639,-0.00859850525523177,-0.037292456962212325,0.026248226074936327
RSR,reserve-protocol,RSRUSDT,2023-10-12,SHORT,0.0008665690718120056,-0.004974922430813031,13452857.558702,-0.0186288198334932,-0.047296714703065096,0.016662264256592944
REN,renvm,RENUSDT,2023-10-13,SHORT,0.0959609088013952,-0.041492928748507275,7616497.70503,-0.004878625078802019,-0.035011012071970125,0.02189610726934428
LINA,linear-finance,LINAUSDT,2023-10-14,LONG,-0.06526466111986633,0.0020309499727871492,14916372.61414,-0.0182375875497809,-0.05680411799921862,-0.12952337122698376
LINA,linear-finance,LINAUSDT,2023-10-15,SHORT,0.0020309499727871492,-0.0249909278655011,14810410.31221,-0.004077477616656079,0.09194506165401126,0.10774674484533345
1INCH,1inch-swap,1INCHUSDT,2023-10-17,LONG,-0.025039640688998662,0.01963149793262369,11782896.8312,-0.01989719441526305,0.0007877117382491863,0.11874571021547971
BAKE,bakeryswap,BAKEUSDT,2023-10-17,LONG,-0.035449781729180535,0.019524137490265252,46632163.015,-0.08488990485093613,-0.1182541337948367,-0.01595172449583131
BEL,bella-protocol,BELUSDT,2023-10-17,LONG,-0.022800038493833802,0.022702522544954692,10678870.5371,0.005345564466419898,0.01745774887686888,0.11112488045779313
CELR,cbridge,CELRUSDT,2023-10-17,LONG,-0.003577509858380319,0.0020585862602573108,5330190.83618,-0.024180798197214626,-0.0025630086648893834,0.15828643563101308
EOS,vaulta-rex,EOSUSDT,2023-10-17,LONG,-0.0284617722969593,0.03125789476145222,45192791.8494,-0.014870162479451393,0.005519793223597902,0.0899283975580792
KSM,karura-liquid-staking,KSMUSDT,2023-10-17,LONG,-0.048816666184160536,0.0006074222647015734,5864947.4,-0.0005936479841901054,0.026933712389746903,0.1289959002591823
LINA,linear-finance,LINAUSDT,2023-10-17,LONG,-0.015042399074716915,0.03636784475015249,14584418.83619,-0.053418693699863885,-0.12417283375515456,0.045651080026272564
LRC,loopring,LRCUSDT,2023-10-17,LONG,-0.030061490877182004,0.007618439720725755,6448543.4319,-0.007963288636073752,0.01873732666697121,0.14090196662472068
REN,renvm,RENUSDT,2023-10-17,LONG,-0.02686761878339167,0.019134938056736373,8471168.18991,-0.015485717439380554,-0.006879400870941546,0.1259971713593164
SXP,swipe,SXPUSDT,2023-10-17,LONG,-0.008870128059394461,0.013506546717928813,32215278.99185,-0.050424665067681305,-0.02692050527946489,0.06125784048799304
LINA,linear-finance,LINAUSDT,2023-10-19,SHORT,0.005675888216706695,-0.0835872162682867,37428087.22693,0.002400961537538262,-0.05255149532643013,-0.1954247817923817
ONE,one-dex,ONEUSDT,2023-10-19,SHORT,0.08977738306074076,-0.5908273172096444,5133777.4881,-0.03677294551797053,-0.09107047540280652,-0.2400263383529607
REN,renvm,RENUSDT,2023-10-19,SHORT,0.013542552735890065,-0.12768980933642488,7008666.48149,-0.01995498358164721,-0.05939540050190112,-0.17223360921932812
ANKR,ankr,ANKRUSDT,2023-10-20,LONG,-0.02147749983749561,0.016157916692470558,7330898.55448,0.04957283168243645,0.10536051565782635,0.07531729117003388
EOS,vaulta-rex,EOSUSDT,2023-10-20,SHORT,0.0014721578405089432,-0.0008082196000136665,72575475.3146,-0.025363678491855193,-0.08272084022076145,-0.09780913987196331
REN,renvm,RENUSDT,2023-10-20,LONG,-0.12768980933642488,0.033847830109365616,22968243.52639,0.03554267038291548,0.1017596580547151,0.13370990561181656
CELR,cbridge,CELRUSDT,2023-10-21,LONG,-0.00034304898544399484,0.0066159345566615905,8618064.69232,0.006456842448633647,0.10592715670589346,0.08309006846954953
EOS,vaulta-rex,EOSUSDT,2023-10-21,LONG,-0.0008082196000136665,0.008859930527393488,65872059.6991,0.0035650661644961446,0.057257615268530335,0.11619447297124562
REN,renvm,RENUSDT,2023-10-21,SHORT,0.033847830109365616,-0.09223026638994082,11282911.46225,-0.0036680462951429863,-0.09710420160514713,-0.13854292962441084
LRC,loopring,LRCUSDT,2023-10-22,LONG,-0.0013423540064021369,0.01781081774221023,5448902.9335,0.05491575759611463,0.09761167679260407,0.15349213518706065
REN,renvm,RENUSDT,2023-10-23,LONG,-0.06637554633863399,0.051794877889738626,14258394.86016,0.03154702170905517,0.05094907511647823,0.10892481634152593
LINA,linear-finance,LINAUSDT,2023-10-25,LONG,-0.06296697150935615,0.046776425294769365,100544097.64913,-0.029156584291455578,0.0019138761822841976,-0.017391742711869107
ONE,one-dex,ONEUSDT,2023-10-26,LONG,-0.5583418556937275,0.118398002312873,13677447.3266,-0.024402476112601577,0.06314245780877577,0.08552217343816214
BAKE,bakeryswap,BAKEUSDT,2023-10-31,SHORT,0.05161516657889385,-0.05661405744169905,34274251.097,-0.03762671098562215,-0.0922379807673547,-0.22742883488453683
BAKE,bakeryswap,BAKEUSDT,2023-11-01,LONG,-0.05661405744169905,0.02607356315008955,34374266.1105,0.05600889404837065,0.10904647633674977,0.1675652595244944
REN,renvm,RENUSDT,2023-11-01,SHORT,0.22147068995747698,-0.013500784569090495,18108164.50196,-0.022099266422491978,-0.2235784972493797,-0.2380214484663673
BAKE,bakeryswap,BAKEUSDT,2023-11-02,SHORT,0.02607356315008955,-0.018384054887513598,81760133.3656,0.002095704574218993,-0.16554992107040833,-0.03900597111133279
BEL,bella-protocol,BELUSDT,2023-11-02,SHORT,0.007664722002731021,-0.1745962662908158,18048935.481,0.01027726267839954,0.0029477951684691076,0.012157256965471154
LINA,linear-finance,LINAUSDT,2023-11-02,SHORT,0.04491379828447514,-0.02181064539244861,47037639.35242,-0.020325903014038908,-0.022335953942063082,-0.03133151685064097
REN,renvm,RENUSDT,2023-11-02,LONG,-0.013500784569090495,0.18424486229060924,33738028.42228,0.4890864871784202,0.18967535753559087,0.1371267394425051
RSR,reserve-protocol,RSRUSDT,2023-11-02,LONG,-0.015868025526050815,0.03293128135340064,16719038.800999,0.059659836406336,0.13563527990441826,0.25187084095112
CELR,cbridge,CELRUSDT,2023-11-03,SHORT,0.008494575153377575,-0.0005041871886317554,12872059.08934,0.0026791710600483597,-0.05908891637000637,-0.03160236653837398
REN,renvm,RENUSDT,2023-11-03,SHORT,0.18424486229060924,-0.09243687403292696,602415828.54282,0.28756346959331297,0.27890404368072025,0.29933392519222835
RSR,reserve-protocol,RSRUSDT,2023-11-03,SHORT,0.03293128135340064,-0.45536269744678654,14853744.469048,-0.06959329179919518,-0.09799756823013223,-0.2142668609769597
ANKR,ankr,ANKRUSDT,2023-11-04,SHORT,0.021624020205864066,-0.3003763686588179,9164799.7624,0.00041025641601062385,0.0028753357250934637,-0.08224889218588455
REN,renvm,RENUSDT,2023-11-04,LONG,-0.09243687403292696,0.11872598608219803,494396370.98931,-0.011610468397550446,-0.0087350670553942,-0.008256636299118932
ANKR,ankr,ANKRUSDT,2023-11-05,LONG,-0.3003763686588179,0.06354937716223506,12521675.76794,0.01990721844545023,0.04806692166598035,0.08076843145706436
BAKE,bakeryswap,BAKEUSDT,2023-11-05,LONG,-0.016017986037726892,0.01155956611365476,104165763.9963,-0.02513597327154216,-0.05528282716945384,-0.10588600174453743
CELR,cbridge,CELRUSDT,2023-11-05,LONG,-0.0005475976459090591,0.027650145381752787,18040423.3263,0.01205215983877249,-0.03440780835862672,0.04003036026499306
REN,renvm,RENUSDT,2023-11-05,SHORT,0.11872598608219803,-0.01690386537978783,90238857.45497,-0.020109932700587925,-0.02589345800498304,-0.02698388571642508
LINA,linear-finance,LINAUSDT,2023-11-07,LONG,-0.052005455130045064,0.049092793102195026,44710067.16076,0.026491615446976285,0.02555747245517936,0.10286459423155041
BAKE,bakeryswap,BAKEUSDT,2023-11-08,SHORT,0.07489676189304004,-0.013712111319055482,30246773.2422,0.07247672868879977,0.03622893829645878,0.023367024654050998
REN,renvm,RENUSDT,2023-11-08,LONG,-0.19695248123587056,0.02837590113192331,27146149.83103,-0.0784461652110101,-0.02254371501949308,-0.06621308429638417
BAKE,bakeryswap,BAKEUSDT,2023-11-09,LONG,-0.013712111319055482,0.03523996136707756,74076468.3347,0.025820699621742573,0.02057822365689268,-0.036193776483746394
REN,renvm,RENUSDT,2023-11-09,SHORT,0.02837590113192331,-0.17937693924192336,68440357.09914,-0.05238863089172064,-0.07969246541906587,0.0008433837052160381
REN,renvm,RENUSDT,2023-11-10,LONG,-0.17937693924192336,0.10915884112878545,36034316.8163,0.0035138192997965613,-0.0761038086648949,-0.07110939545871171
RSR,reserve-protocol,RSRUSDT,2023-11-10,LONG,-0.4490326214187138,0.0667272809536656,21420674.501063,-0.03522731283874636,-0.13229593992111133,-0.16727438017474935
BEL,bella-protocol,BELUSDT,2023-11-11,LONG,-0.26438397413299286,0.0452436118797426,21063753.3467,0.024805642165956248,-0.04573011774682761,-0.08498839029090006
REN,renvm,RENUSDT,2023-11-11,SHORT,0.10915884112878545,-0.0460297514629189,36174942.43883,-0.02394946671477158,0.10374945386773007,0.09740134579237339
ONE,one-dex,ONEUSDT,2023-11-12,SHORT,0.07817086071314652,-0.097948732619381,16394038.89176,0.11115017480231042,0.059462692883899236,0.09903745100458912
REN,renvm,RENUSDT,2023-11-12,LONG,-0.0460297514629189,0.06350764579714441,26434860.79954,-0.10325194058390691,-0.06730368189610655,-0.08817283375678667
BAKE,bakeryswap,BAKEUSDT,2023-11-14,SHORT,0.023055585137752896,-0.003639948442589866,42231026.8948,-0.10075629289691566,-0.018901507767556433,0.07633932631363805
KSM,karura-liquid-staking,KSMUSDT,2023-11-14,SHORT,0.10671274670748974,-0.0010765104975334438,17051345.32,-0.07267310463276398,0.0004097521057125268,0.10213390012015507
REN,renvm,RENUSDT,2023-11-14,SHORT,0.02747183355574876,-0.02848922461660615,21754444.70815,-0.06023953607806181,-0.029285690596444824,0.10000897828956391
BAKE,bakeryswap,BAKEUSDT,2023-11-15,LONG,-0.003639948442589866,0.01708784428933808,58794444.0582,-0.08527133826975623,-0.06735218202949142,-0.11062480895621304
REN,renvm,RENUSDT,2023-11-16,LONG,-0.03959293640793211,0.006355433183625825,38528225.53618,-0.017877380861775025,-0.00779268724083796,-0.08391734355041226
1INCH,1inch-swap,1INCHUSDT,2023-11-17,SHORT,0.06376720105787491,-0.05312678579435801,36395395.2519,0.014441706467275398,-0.0014046919011518604,-0.007840981085265422
ANKR,ankr,ANKRUSDT,2023-11-17,SHORT,0.06628394357470112,-0.05716631136871582,19076834.09074,-0.04110167568555199,-0.020381401529468098,0.02837069712921546
BAKE,bakeryswap,BAKEUSDT,2023-11-17,SHORT,0.04842250619875862,-0.053193201846971225,35967899.6089,-0.015835098521734817,-0.015835098521734817,-0.0
BEL,bella-protocol,BELUSDT,2023-11-17,SHORT,0.059313605546713014,-0.0018776112919473764,13262634.7765,-0.007351172531051719,-0.014648699442905307,-0.0018019498691847582
REN,renvm,RENUSDT,2023-11-17,SHORT,0.006355433183625825,-0.025248724583524423,30097894.16563,0.022937582521087976,0.008799987769590158,0.011403026115752477
SXP,swipe,SXPUSDT,2023-11-17,SHORT,0.03840742358716776,-0.03568417323536561,26445261.17584,0.015770532424788118,-0.02210645425318094,0.022606218398337822
BEL,bella-protocol,BELUSDT,2023-11-18,LONG,-0.0018776112919473764,0.028381575452553785,18433465.0347,0.003088177992685767,-0.10025482788400615,0.011652502780884312
EOS,vaulta-rex,EOSUSDT,2023-11-18,SHORT,0.02020363118148964,-0.005698445964706716,111249871.3142,-0.016736792355523826,0.09432613530234028,0.0141645427686508
LINA,linear-finance,LINAUSDT,2023-11-18,SHORT,0.12778625630194396,-0.030549694621781857,29011174.09395,-0.02854618190636153,0.07410797215372185,-0.056300044688532364
LRC,loopring,LRCUSDT,2023-11-18,SHORT,0.0016531564439874157,-0.05779059937647412,11518527.4492,-0.034242103682811706,0.09187900844995178,-0.03379316989300467
ANKR,ankr,ANKRUSDT,2023-11-21,LONG,-2.9874021726802675e-05,0.019868937913744958,23955936.08938,0.07522342123758753,0.08244366921107459,0.05283290718639052
BAKE,bakeryswap,BAKEUSDT,2023-11-21,LONG,-0.015386045072051846,0.018438418628764237,57376580.2224,0.06710958383083546,0.09454711223582236,0.3384317408406213
ANKR,ankr,ANKRUSDT,2023-11-22,SHORT,0.019868937913744958,-0.010820962850831098,14789037.63431,0.014604722065495101,-0.024270138951846158,0.00687010178387703
BAKE,bakeryswap,BAKEUSDT,2023-11-22,SHORT,0.018438418628764237,-0.049026655311668874,28208335.691,-0.002849004776074871,-0.03573059597574762,-0.23364457018829823
ANKR,ankr,ANKRUSDT,2023-11-23,LONG,-0.010820962850831098,0.009109291174026568,8869502.55361,0.021819047394639888,0.0262058939113756,0.06254511405257372
BEL,bella-protocol,BELUSDT,2023-11-23,SHORT,0.030895766675408956,-0.1537913568196261,6267290.8971,-0.04399806398997052,-0.10940568362042541,-0.11597610988586737
BAKE,bakeryswap,BAKEUSDT,2023-11-24,LONG,-0.03697547092738859,0.010784462484514446,15408979.6204,0.008987271000236677,0.12270915399243928,0.20407398859385908
RSR,reserve-protocol,RSRUSDT,2023-11-24,SHORT,0.015624432875372598,-0.02254788545923154,10577684.493515,-0.02198753674522636,-0.0011902401722547282,-0.08846592270062414
KSM,karura-liquid-staking,KSMUSDT,2023-11-25,LONG,-0.04704710979083962,0.03362158959042602,14470218.427,-0.04157461471479221,-0.06507650677864514,0.0007680491929019748
LINA,linear-finance,LINAUSDT,2023-11-25,LONG,-0.051868077128424,0.0009409415798404355,18198954.96755,-0.03339828040184792,-0.03623248163772324,-0.02775386278217099
REN,renvm,RENUSDT,2023-11-25,LONG,-0.036108991427158066,0.016099717576930885,12720687.7835,-0.01380742978785533,-0.01845259943079458,0.04485650617129182
SXP,swipe,SXPUSDT,2023-11-25,LONG,-0.005555190700507309,0.004563449980813112,8681698.84485,-0.026668247082161294,-0.04101065596784795,0.013490929741015508
LRC,loopring,LRCUSDT,2023-11-26,LONG,-0.002536414591958615,0.04312502363406325,10904700.1215,-0.02856020926672819,-0.0031839917733535394,0.019339482893729297
LINA,linear-finance,LINAUSDT,2023-11-27,SHORT,0.04091693497171788,-0.01577247200609445,32722388.55254,0.012223941585714259,0.01696553415829667,0.016015415321976322
LRC,loopring,LRCUSDT,2023-11-27,SHORT,0.04312502363406325,-0.001444731146469067,11277505.1002,-0.013466653477131026,-0.010232647424480329,-0.1122093788259678
SXP,swipe,SXPUSDT,2023-11-27,SHORT,0.00346504719004576,-0.010198195813488733,16353970.76427,-0.012757924117589161,-0.0262281131485901,-0.08852809222500221
ANKR,ankr,ANKRUSDT,2023-11-28,SHORT,0.020213870664202094,-0.17964878144391397,7322747.52442,-0.015117754722117311,-0.06379205074936521,-0.1584348496476252
BAKE,bakeryswap,BAKEUSDT,2023-11-28,SHORT,0.004008506649010711,-0.031760371218203354,172383939.4981,0.03767758682148753,0.04050484344041582,-0.5225026944961277
KSM,karura-liquid-staking,KSMUSDT,2023-11-28,SHORT,0.03131432321105822,-0.024978904355501937,10408371.98,0.007817361349188964,-0.04605418435055733,-0.07953816679502315
1INCH,1inch-swap,1INCHUSDT,2023-11-29,LONG,-0.018233421753609032,0.04878136581998767,15430403.6839,-0.0026304267687734108,0.041452268710383114,0.08635441868285244
BAKE,bakeryswap,BAKEUSDT,2023-11-29,LONG,-0.031760371218203354,0.06125968201957305,70279281.8057,0.035500122705836995,-0.01651048037038555,0.41277878346528546
EOS,vaulta-rex,EOSUSDT,2023-11-29,LONG,-0.06823747001458934,0.02740108888041743,71237018.0386,0.0,0.03184060585565863,0.08455738802806297
KSM,karura-liquid-staking,KSMUSDT,2023-11-29,LONG,-0.024978904355501937,0.020412239019948302,8356163.25,0.06554483000447096,0.07325199724940873,0.09602337966188629
LINA,linear-finance,LINAUSDT,2023-11-29,LONG,-0.014807616587478947,0.07965696484314559,27214493.25002,0.017258338229280783,0.030478549657415217,0.06550517176866603
LRC,loopring,LRCUSDT,2023-11-29,LONG,-0.028235797625082572,0.06523969292256,13766831.1578,-0.016066446122535313,0.037099226616262956,0.0967167079806061
ONE,one-dex,ONEUSDT,2023-11-29,LONG,-0.026518250296593434,0.08032132890285468,9166414.90171,-0.0007521625025540585,0.04340512153854427,0.10888812092213263
RSR,reserve-protocol,RSRUSDT,2023-11-29,LONG,-0.006007264465819058,0.020435618255604426,19205321.649424,0.036634133179780384,0.06185301540776961,0.0737081054372976
SXP,swipe,SXPUSDT,2023-11-29,LONG,-0.02868448914309325,0.028762884031151046,23974172.18002,-0.012716934385339877,0.028314462292522838,0.07388229640777765
1INCH,1inch-swap,1INCHUSDT,2023-11-30,SHORT,0.04878136581998767,-0.02614613101728845,26163107.6441,-0.027422702639715458,-0.03987334451850334,-0.1257826896721555
BAKE,bakeryswap,BAKEUSDT,2023-11-30,SHORT,0.06125968201957305,-0.003074708042707659,59112867.3962,0.03832737932476521,0.09481983682683558,-0.28781830295400107
BEL,bella-protocol,BELUSDT,2023-11-30,LONG,-0.08377647479500253,0.055439985203284046,7770965.5717,-0.007336117266433181,0.0019776381283904275,0.07366191997998142
EOS,vaulta-rex,EOSUSDT,2023-11-30,SHORT,0.02740108888041743,-0.018523058481304942,58131652.4208,-0.014598799421152631,-0.0304150888644376,-0.12429771667757712
KSM,karura-liquid-staking,KSMUSDT,2023-11-30,SHORT,0.020412239019948302,-0.07437808905966603,19356185.76,0.01128636226468768,0.007770046861931788,-0.08739829902966675
SXP,swipe,SXPUSDT,2023-11-30,SHORT,0.028762884031151046,-0.010428525200459553,31395371.03592,-0.015866480261735656,-0.026683551291584603,-0.125026294906443
BAKE,bakeryswap,BAKEUSDT,2023-12-01,LONG,-0.003074708042707659,0.004489267611482748,28663626.0943,-0.01368322375145724,-0.008530048878053456,0.34316392120368666
LRC,loopring,LRCUSDT,2023-12-01,SHORT,0.02921268780822868,-0.006474291291449007,9165369.5976,-0.00837193697935261,-0.057182995642041816,-0.147809504488811
1INCH,1inch-swap,1INCHUSDT,2023-12-02,LONG,-0.01670862503524665,0.00018366524575803484,18114007.0242,-0.003929278139889438,0.05158736879049326,0.12491595471890747
BAKE,bakeryswap,BAKEUSDT,2023-12-02,SHORT,0.004489267611482748,-0.05515304564498326,29125151.9984,0.042809233750613046,-0.5766907616880008,-0.3065894521015358
LRC,loopring,LRCUSDT,2023-12-02,LONG,-0.006474291291449007,0.016194440437509762,9798991.6451,-0.015031229069329476,0.050063929989655774,0.12830715131642567
SXP,swipe,SXPUSDT,2023-12-03,LONG,-0.006134821291175807,0.011619322399955629,11689702.42552,0.03532560329535624,0.0596248550120613,0.12692695857676417
ANKR,ankr,ANKRUSDT,2023-12-05,LONG,-0.13016429448306557,0.07560029399531827,95279601.5066,-0.045266348494791164,0.008742842890077358,-0.0819471074111638
EOS,vaulta-rex,EOSUSDT,2023-12-05,LONG,-0.019698416157158394,0.05018304659155481,113237061.4671,-0.0040458585195436835,0.07391568295016819,0.05243665127304395
KSM,karura-liquid-staking,KSMUSDT,2023-12-07,LONG,-0.05416473170605696,0.08646443628647284,19344760.661,0.06487091269788602,0.13171236330686723,0.0622086815082079
KSM,karura-liquid-staking,KSMUSDT,2023-12-08,SHORT,0.08646443628647284,-0.04075024030461996,25677611.962,-0.03911841659547135,0.02252574651573532,0.06418397406773405
BAKE,bakeryswap,BAKEUSDT,2023-12-09,LONG,-0.018835236741270824,0.047932161090582154,113512801.6034,0.10683746497156632,-0.06363802580432096,0.020067563050809173
KSM,karura-liquid-staking,KSMUSDT,2023-12-09,LONG,-0.04075024030461996,0.06452938280301965,47010738.092,0.027735783570144192,-0.07324790501547222,-0.00191938638580348
SXP,swipe,SXPUSDT,2023-12-10,SHORT,0.0768007287774116,-1.6446111242395105,19724474.33862,0.08696603682503731,0.061981527033479464,0.056953065994645974
1INCH,1inch-swap,1INCHUSDT,2023-12-11,SHORT,0.057430812544727664,-0.015225377345878819,46629870.4337,-0.019296698772010484,-0.04899922704585325,0.00799012378698391
KSM,karura-liquid-staking,KSMUSDT,2023-12-12,SHORT,0.09128675527248772,-0.005961532624755019,22898576.296,-0.024466052154406424,0.030030189556879593,0.010721181717938566
LINA,linear-finance,LINAUSDT,2023-12-12,SHORT,0.0865517799776159,-0.02828023983624242,33736471.96363,-0.004759647252987912,0.032980680729859026,0.05491575759611465
REN,renvm,RENUSDT,2023-12-12,SHORT,0.06045477522815719,-0.03640999313707739,25190483.02877,-0.0026510736774431397,0.008940534810135205,0.06533000646351214
ANKR,ankr,ANKRUSDT,2023-12-13,SHORT,0.012066135657267146,-0.011484395326165183,17194397.96765,-0.06423564262448614,-0.036953171028686074,-0.12525083725174055
BAKE,bakeryswap,BAKEUSDT,2023-12-13,SHORT,0.03985853100836091,-0.0348804313833488,89536056.3419,-0.02274288112034935,-0.04746653723892375,-0.3876570181770148
BEL,bella-protocol,BELUSDT,2023-12-13,SHORT,0.029464386834265333,-0.007391531326945197,23184570.2839,-0.018484814674102942,-0.007023371155096487,0.03358708176928907
CELR,cbridge,CELRUSDT,2023-12-13,SHORT,0.010900810849689064,-0.020057417535686295,21381224.20134,-0.00784728065638904,-0.09511917607917142,-0.025921617251417336
ANKR,ankr,ANKRUSDT,2023-12-14,LONG,-0.011484395326165183,0.024724484509954722,40356612.8437,-0.053465647457464356,0.002442855864968632,0.051083628803388105
BAKE,bakeryswap,BAKEUSDT,2023-12-14,LONG,-0.0348804313833488,0.00974826113598513,76243189.6927,-0.06484969951601387,-0.05046742913520417,0.5168321559316272
BEL,bella-protocol,BELUSDT,2023-12-14,LONG,-0.007391531326945197,0.0211632930454098,17260650.4335,-0.03590554159597322,-0.042252978098859535,-0.02263626386527285
ANKR,ankr,ANKRUSDT,2023-12-15,SHORT,0.024724484509954722,-0.0011739690511027797,30748901.64072,-0.025465181059495776,-0.049246248517857596,-0.11802864538376326
KSM,karura-liquid-staking,KSMUSDT,2023-12-15,LONG,-0.083844775048252,0.06620405880656613,15808257.704,0.10170264628108225,0.04437469781327985,0.16977717541810233
ONE,one-dex,ONEUSDT,2023-12-15,SHORT,0.05578478726753769,-0.02328376622958775,12355777.65638,-0.07064895798193108,-0.014398603228215689,-0.18886090207294032
BAKE,bakeryswap,BAKEUSDT,2023-12-16,SHORT,0.0035963674554124834,-0.0429083881865169,90899914.7763,0.07519108525377863,0.09912539551283385,-0.5640995712585656
BEL,bella-protocol,BELUSDT,2023-12-16,SHORT,0.025035245481818794,-0.024525633028622266,17527473.4495,0.030518636877654826,0.04004454953105888,-0.006020817312188056
EOS,vaulta-rex,EOSUSDT,2023-12-16,SHORT,0.019194331960676235,-0.061537867973037154,115387482.6766,0.007472014838700954,0.05482571122217129,-0.04250791746631968
KSM,karura-liquid-staking,KSMUSDT,2023-12-16,SHORT,0.06620405880656613,-0.036432812477971935,18214451.3,0.06074474434155474,0.08207338223443997,-0.26909267430218997
LRC,loopring,LRCUSDT,2023-12-16,SHORT,0.025474918276182038,-0.06078153170056788,12556250.2631,-0.11791217622607289,-0.008487705275951364,-0.12237877014910753
LRC,loopring,LRCUSDT,2023-12-18,LONG,-0.029501303411937685,0.060735934715351866,82444787.3255,-0.032504751274299304,-0.007465506864340315,0.13185650621828232
BEL,bella-protocol,BELUSDT,2023-12-19,LONG,-0.036688604799761354,0.009630345649181006,14292967.9355,-0.0002857959436429191,0.02914673061849892,0.10848464889877353
CELR,cbridge,CELRUSDT,2023-12-19,LONG,-0.055943682519985945,0.106769566962946,10492258.04698,0.0536124173966034,0.1445396928097725,0.21881454022462432
REN,renvm,RENUSDT,2023-12-19,LONG,-0.06458260797389434,0.004170284516322966,11625372.67332,0.06503864617925341,0.1216847760463939,0.26631995063632846
KSM,karura-liquid-staking,KSMUSDT,2023-12-20,LONG,-0.020518989379211965,0.015121798118246614,12239392.732,0.15168708898628375,0.3220394472759761,0.6030916611890873
REN,renvm,RENUSDT,2023-12-20,SHORT,0.004170284516322966,-0.010466032722535358,14300776.19775,-0.004831303716799022,-0.0717282821778328,-0.1820351021885402
SXP,swipe,SXPUSDT,2023-12-20,LONG,-0.02780077148240984,0.014770470006656846,27946995.97916,0.019689755267287827,0.05175106505244543,0.12687006099813244
BAKE,bakeryswap,BAKEUSDT,2023-12-21,LONG,-0.008373717982486662,0.03970991478226565,1257995602.0182,0.13492177393932572,0.5262885554861315,0.4346333232481197
REN,renvm,RENUSDT,2023-12-21,LONG,-0.010466032722535358,0.0903749225035927,14089824.89037,0.05134769141593209,0.039316354307742864,0.11456576340899968
EOS,vaulta-rex,EOSUSDT,2023-12-22,LONG,-0.019928783509742972,0.03243824089253775,162178557.7168,-0.007109034679106331,0.03935693128412511,0.002358491659292883
ONE,one-dex,ONEUSDT,2023-12-22,LONG,-0.09370661193589995,0.00574387205267598,26220982.53728,0.06578774053800295,0.2183319943169877,0.09997460909567975
1INCH,1inch-swap,1INCHUSDT,2023-12-23,LONG,-0.012708116629195762,0.06798342704424362,17105090.8124,-0.0106673999584029,0.0788630449202428,-0.01019086909401239
ANKR,ankr,ANKRUSDT,2023-12-23,LONG,-0.01832591336545333,0.04961028507298745,17924812.17224,0.012701685175121645,-0.005587524808192102,-0.05698490815720224
BEL,bella-protocol,BELUSDT,2023-12-23,SHORT,0.007942062304956761,-0.12878944388355557,12721213.6933,0.012216197491876388,-0.06227641470761593,0.013045155815112843
LINA,linear-finance,LINAUSDT,2023-12-23,LONG,-0.021646306116869872,0.06831321902808371,23944748.3303,-0.02409755157906053,0.08257542325282054,0.0018298266770761572
CELR,cbridge,CELRUSDT,2023-12-24,SHORT,0.011584122954734315,-0.0021836207546154537,25069368.32544,0.0004285408250713476,-0.03411575324017194,0.07423981131014226
BAKE,bakeryswap,BAKEUSDT,2024-01-01,SHORT,0.054504163366023026,-0.01659204853053301,317731556.6271,0.12170339557273442,0.35382865459436114,0.41761995388523926
CELR,cbridge,CELRUSDT,2024-01-01,LONG,-0.0122556833572323,0.0071868504668776935,8182744.81784,-0.016129381929883644,-0.028856826461981882,-0.1503062273619435
KSM,karura-liquid-staking,KSMUSDT,2024-01-01,SHORT,0.19511514635529886,-0.1190822230951759,56556320.993,0.07580613539008037,0.1026963599509768,0.20080083601413082
REN,renvm,RENUSDT,2024-01-01,LONG,-0.00010506904201768536,0.008667681203678938,13722774.30358,-0.019968989647399925,-0.1475368391837815,-0.2238596516670563
1INCH,1inch-swap,1INCHUSDT,2024-01-02,LONG,-0.011715143362205834,0.012882979842720058,92878488.8609,-0.10735711036654505,0.020899402267215993,-0.13452751387144624
BAKE,bakeryswap,BAKEUSDT,2024-01-02,LONG,-0.01659204853053301,0.030426165374132206,351523670.5045,-0.21326895966030998,-0.23212525902162667,-0.3930349311124517
LRC,loopring,LRCUSDT,2024-01-02,SHORT,0.007506074371380623,-0.0030011583702279003,24093638.3465,0.12768287109572476,0.15437145474812425,0.20225399383955858
ROSE,rose,ROSEUSDT,2024-01-02,LONG,-0.0007393925942589284,0.0028145036016738365,50886406.67293,-0.08061784150076454,-0.08788179595898973,-0.14462574348983023
BAKE,bakeryswap,BAKEUSDT,2024-01-03,SHORT,0.030426165374132206,-0.05358720787740923,262867045.4978,0.01885629936131671,0.0685725767262257,0.024085069444115904
BEL,bella-protocol,BELUSDT,2024-01-03,LONG,-0.01428173212263609,0.00587776475534034,28084768.8875,0.016219386880216752,-0.050141211436413376,-0.034802047008931365
LINA,linear-finance,LINAUSDT,2024-01-03,SHORT,0.048286276582567185,-0.0844464623038548,51805202.3772,-0.00619197024792098,0.10467062256388868,0.11274914312909005
1INCH,1inch-swap,1INCHUSDT,2024-01-04,SHORT,0.03792377424666269,-0.058535500848035577,97126999.2756,-0.057900826959992255,0.08456383375663987,-0.1212105686381828
ANKR,ankr,ANKRUSDT,2024-01-04,SHORT,0.0208743548751359,-0.09996305329875263,27063953.71901,0.052926319834484196,0.14440500465352377,0.056352936551131744
BEL,bella-protocol,BELUSDT,2024-01-04,SHORT,0.00587776475534034,-0.04449495339309391,10324520.7136,0.022395680729924178,0.12787363915550823,0.020886929689347696
EOS,vaulta-rex,EOSUSDT,2024-01-04,SHORT,0.008236821916320415,-0.15912954354630243,126991183.2535,0.03425894982101533,0.09505114599896516,-0.01414814596602698
REN,renvm,RENUSDT,2024-01-04,SHORT,0.0003162214043897022,-0.0986846164138795,14101303.53646,0.03882888095356543,0.1409636755453046,0.010165271776850835
ROSE,rose,ROSEUSDT,2024-01-04,SHORT,0.004644497266408988,-0.021113264133428327,46660663.47082,0.040792832491159114,0.12491432096930018,0.022571836352980837
SXP,swipe,SXPUSDT,2024-01-04,SHORT,0.0378770574853286,-0.029538929017426555,20647771.8188,0.026511125548331967,0.08749198448674544,0.005299429466498702
1INCH,1inch-swap,1INCHUSDT,2024-01-05,LONG,-0.058535500848035577,0.00154990101176561,111177844.0888,-0.03858389424883957,-0.08477640343302192,-0.007265210991412413
BEL,bella-protocol,BELUSDT,2024-01-06,LONG,-0.004539995737081659,0.0160059211545942,10176033.644,-0.06196600364063618,-0.06583252942935613,0.028144592649232903
ONE,one-dex,ONEUSDT,2024-01-06,SHORT,0.06791692857299492,-0.04197849691975905,10613964.69263,0.08102589524659189,0.0803867133775947,0.03357629553360421
1INCH,1inch-swap,1INCHUSDT,2024-01-08,SHORT,0.007206873548534354,-0.0235214260607769,71364643.1577,0.0706505127056403,-0.14808614511121246,-0.043825134786803076
1INCH,1inch-swap,1INCHUSDT,2024-01-11,LONG,-0.025982052076606733,0.090505986023589,90798571.0637,-0.07096315143224197,-0.1130880777329131,-0.1910143825000718
ANKR,ankr,ANKRUSDT,2024-01-11,LONG,-0.0019292571454550902,0.10921227269620772,22897270.87682,-0.06621803905278842,-0.08514085789493345,-0.07810586095206162
BAKE,bakeryswap,BAKEUSDT,2024-01-11,LONG,-0.11871685904216625,0.007954641053106731,213697927.6735,-0.050378911075342245,-0.09549559676123676,-0.23274921387822714
KSM,karura-liquid-staking,KSMUSDT,2024-01-11,LONG,-0.19990989075179033,0.0564930567251139,47976684.833,-0.09634075358155632,-0.1375861994333938,-0.16707359324206447
LRC,loopring,LRCUSDT,2024-01-11,LONG,-0.13231879324776627,0.059128339110408,27152158.3008,-0.062394847097265914,-0.1321679282042308,-0.16416409485389585
ONE,one-dex,ONEUSDT,2024-01-11,LONG,-0.21047099233586825,0.058806081786335826,15902371.93999,-0.08665211706121025,-0.13264447460629472,-0.17545641250512906
REN,renvm,RENUSDT,2024-01-11,LONG,-0.056813223708862395,0.0707423744541957,13594606.82045,-0.054963393963271316,-0.07955059804286216,-0.10511221386345689
ROSE,rose,ROSEUSDT,2024-01-11,LONG,-0.016561638111658554,0.01773183620453605,41311895.58576,-0.08548666149442621,-0.12706349705536413,-0.16405023372336974
RSR,reserve-protocol,RSRUSDT,2024-01-11,LONG,-0.0028724093494813425,0.019704000186049182,12538521.103911,-0.04835782520895794,-0.08966846658125302,-0.14102399969583432
EOS,vaulta-rex,EOSUSDT,2024-01-12,LONG,-0.020040183756518892,0.0117955612746882,220964920.4892,-0.006514681021193754,0.010336009330662073,-0.06298129268896492
KSM,karura-liquid-staking,KSMUSDT,2024-01-12,SHORT,0.0564930567251139,-0.04314407433565587,44929755.327,-0.017098437403384754,0.02004362018805566,0.08939808994327554
BEL,bella-protocol,BELUSDT,2024-01-13,SHORT,0.04071917801691895,-0.023175298498133327,5171411.03,0.04695108319131424,0.011881939033395218,0.06790871808805482
ONE,one-dex,ONEUSDT,2024-01-13,SHORT,0.09437937744597512,-0.055907704074491665,6701643.55572,0.056405927913552215,0.01597085543333398,0.09720105840608191
REN,renvm,RENUSDT,2024-01-13,SHORT,0.03133567618790694,-0.026366746290740137,9715272.50633,0.046441439435583265,0.007952328190495035,0.054773374461489166
SXP,swipe,SXPUSDT,2024-01-13,LONG,-0.0015734188076418105,0.008580210628101877,10671951.81615,-0.04128378164460082,0.0013840832659385552,-0.04620348481006115
KSM,karura-liquid-staking,KSMUSDT,2024-01-14,LONG,-0.01874218610290686,0.03941365804636494,16659849.695,0.021191878192537962,0.025040812460613106,-0.033545072665973424
RSR,reserve-protocol,RSRUSDT,2024-01-14,SHORT,0.007970202326002599,-0.011970366668309699,8822579.80183,-0.02028942015225582,-0.012923618289983401,0.053016663064657674
LINA,linear-finance,LINAUSDT,2024-01-15,LONG,-0.0070783874884244235,0.06156594964034879,16496968.4834,0.027181741422352485,-0.041013363767801285,-0.11034805716886546
ONE,one-dex,ONEUSDT,2024-01-15,LONG,-0.011398942903768227,0.06888404468360577,8442164.53073,0.014972207318970109,-0.06827480306008239,-0.12290297122339786
REN,renvm,RENUSDT,2024-01-15,LONG,-0.030228918804691075,0.04637863760984736,6384370.74647,0.015252118341089086,-0.048798608724593955,-0.10722003778945854
CELR,cbridge,CELRUSDT,2024-01-16,SHORT,0.031213938709836467,-0.009079571976744109,5725990.47349,0.02777956410707559,0.12984175197651093,0.18506504273970553
REN,renvm,RENUSDT,2024-01-16,SHORT,0.04637863760984736,-0.08234098625877422,7679291.72939,0.007514437964468161,0.06886216728818995,0.14512482465544627
1INCH,1inch-swap,1INCHUSDT,2024-01-18,SHORT,0.04778017664764149,-0.018559658053460396,28444285.6799,0.02329002608524081,0.019210836265677697,0.12016430414502735
ANKR,ankr,ANKRUSDT,2024-01-18,SHORT,0.061342181257588134,-0.019992318243092343,13177910.6026,0.0008250825550577919,-0.005346506669633288,0.04685389561796173
BAKE,bakeryswap,BAKEUSDT,2024-01-18,SHORT,0.07754840439931952,-0.011077562029444049,149366249.4296,0.06338874852944427,0.047007606458342115,0.10995328280652587
KSM,karura-liquid-staking,KSMUSDT,2024-01-18,SHORT,0.06580708823353637,-0.009875335870637318,22146429.146,0.01868256514487784,0.004065046248169445,0.09209527202690206
LRC,loopring,LRCUSDT,2024-01-18,SHORT,0.019320957593529954,-0.09018150901181834,11643805.619,0.011730339785489605,-0.0012486994338450198,0.04428139353215511
ONE,one-dex,ONEUSDT,2024-01-18,SHORT,0.10478338184753319,-0.04480447166741276,13107000.87443,0.014905425008987328,-0.024577789786436557,0.06817660370581127
ROSE,rose,ROSEUSDT,2024-01-18,SHORT,0.015185642418374185,-0.00471547736092449,27574658.8817,0.03334912705063164,0.06165012169095206,0.081378995103807
EOS,vaulta-rex,EOSUSDT,2024-01-19,SHORT,0.0006351726769120686,-0.09202066195693008,146217128.683,-0.004140792666031387,0.04671762456745968,0.026630866000722304
LINA,linear-finance,LINAUSDT,2024-01-19,SHORT,0.029157479604337986,-0.07078396983737154,18914091.24707,-0.026191973438079073,0.060926235451657665,0.0024154601116037734
ONE,one-dex,ONEUSDT,2024-01-20,LONG,-0.12072760387958978,0.04412614914389032,6002564.27568,0.023905520853554386,-0.06597324161323159,-0.004040409537005086
RSR,reserve-protocol,RSRUSDT,2024-01-21,LONG,-0.01641271914734404,0.002623494124865783,5446979.852505,-0.051599593206319065,-0.058185786059175904,-0.046797139095167264
RSR,reserve-protocol,RSRUSDT,2024-01-23,SHORT,0.015531577506830688,-0.0022486762593866253,8120545.49469,-0.03268703809083807,-0.06006219963681972,-0.05361195151508685
SXP,swipe,SXPUSDT,2024-01-23,SHORT,0.03962065281683912,-0.020716540415092105,16741053.30261,-0.018692133012152546,-0.05808184052866685,-0.03642474884947673
RSR,reserve-protocol,RSRUSDT,2024-01-24,LONG,-0.0022486762593866253,0.00583731888759046,5393189.106768,-0.008853532820526032,0.042706511224054416,-0.04599548324348272
RSR,reserve-protocol,RSRUSDT,2024-01-25,SHORT,0.00583731888759046,-0.0035471891758274924,6640678.604717,-0.03711406100784828,-0.021127546425875277,0.030716055230446956
EOS,vaulta-rex,EOSUSDT,2024-01-26,LONG,-0.06208428419382726,0.004744431350832278,71558412.4158,0.007067167223092353,0.01687803778735173,0.012685159527315642
LINA,linear-finance,LINAUSDT,2024-01-27,LONG,-0.08641573489601884,0.012370633073490832,18883602.73116,-0.050596849394380854,-0.04428768020111624,-0.06847727467222933
KSM,karura-liquid-staking,KSMUSDT,2024-01-28,LONG,-0.025797972106938877,0.020911210107636736,12055610.545,0.041640948689046164,-0.019108028036458818,-0.030269451374192846
LINA,linear-finance,LINAUSDT,2024-01-28,SHORT,0.012370633073490832,-0.01096969406828654,19072618.66515,-0.029890145473208694,0.03735141208100759,0.057232782634836644
KSM,karura-liquid-staking,KSMUSDT,2024-01-29,SHORT,0.020911210107636736,-0.03408652770222329,20624624.584,0.02876081184220345,0.05626643790802534,0.0507567820970557
1INCH,1inch-swap,1INCHUSDT,2024-01-30,LONG,-0.05436968588107033,0.03550227185344362,47937166.2028,-0.04915546097714712,0.0004868549268511563,-0.05017900251993441
ANKR,ankr,ANKRUSDT,2024-01-30,LONG,-0.07759664761319031,0.005998614815642957,13422149.99784,-0.034312989657210434,-0.0207821278292604,-0.012417378094870033
BAKE,bakeryswap,BAKEUSDT,2024-01-30,LONG,-0.05962763204682522,0.016323395353807505,55547505.7983,-0.059714753320639774,-0.05324223881502238,-0.0847630259347083
CELR,cbridge,CELRUSDT,2024-01-30,LONG,-0.01870086394832507,0.025337068859893015,5294717.2747,-0.05129329438755046,-0.033099948426344956,-0.0574320490858754
KSM,karura-liquid-staking,KSMUSDT,2024-01-30,LONG,-0.03408652770222329,0.07139882101122444,16338208.78,-0.03147613210201729,0.0020465599366263033,-0.01834913866819643
LINA,linear-finance,LINAUSDT,2024-01-30,LONG,-0.03602269319104456,0.03954368088857447,18256739.77979,-0.04239555896768573,-0.02677024106460478,-0.046340337258701965
LRC,loopring,LRCUSDT,2024-01-30,LONG,-0.02762725890358102,0.049851475385772205,8363863.9595,-0.026164906721941685,-0.007649846060404389,-0.03139367680474091
SXP,swipe,SXPUSDT,2024-01-30,LONG,-0.0350996711347461,0.004033598677965935,10082541.39535,-0.040257008244664744,-0.036413313570101816,-0.058719071084400144
ONE,one-dex,ONEUSDT,2024-01-31,SHORT,0.03286016268947447,-0.02550213449473162,9462737.82359,-0.012712035588361944,-0.01130754097546345,-0.019705071079332556
RSR,reserve-protocol,RSRUSDT,2024-02-01,LONG,-0.021151590801691114,0.030179764054278812,5180404.203743,0.024479916895538002,-0.019463079625472182,0.07724995287560218
ANKR,ankr,ANKRUSDT,2024-02-03,SHORT,0.018358786489379296,-0.005327606333988914,11314511.17452,0.02005917654469759,0.006641784482229767,-0.01925894394992727
LINA,linear-finance,LINAUSDT,2024-02-03,SHORT,0.0017805327054335658,-0.05812790790102148,10242610.33221,0.03808733505040154,0.02215074278758886,-0.027956077266589916
ROSE,rose,ROSEUSDT,2024-02-03,LONG,-0.018859295511869444,0.0057511141180608205,120509569.25615,-0.020420302026474706,-0.050104460314175016,0.04876985733313485
BAKE,bakeryswap,BAKEUSDT,2024-02-04,SHORT,0.004826476779426143,-0.008642734853319884,21002751.4963,-0.018692133012152546,-0.061395595632113456,-0.1072455303535978
KSM,karura-liquid-staking,KSMUSDT,2024-02-04,SHORT,0.030804496100287466,-0.017606147673160585,9183893.728,-0.02115361796618342,-0.06216397779010667,-0.10637550011954465
LRC,loopring,LRCUSDT,2024-02-04,SHORT,2.1902069411281906e-05,-0.0287823567277748,5360845.2671,-0.010657294473987979,-0.04793946228911905,-0.06230388333615484
REN,renvm,RENUSDT,2024-02-04,SHORT,0.03480019265107803,-1.146698035267706,7000730.76059,-0.010229792548839349,-0.06618466969766082,-0.07454854490541626
ROSE,rose,ROSEUSDT,2024-02-04,SHORT,0.0057511141180608205,-0.012454505622475806,70947436.31844,0.02102007827172954,-0.02670718178294737,-0.038919402449449816
BAKE,bakeryswap,BAKEUSDT,2024-02-05,LONG,-0.008642734853319884,0.002062998834495268,30383540.2837,-0.010094722947010136,0.06294827431423622,0.19809933894122175
EOS,vaulta-rex,EOSUSDT,2024-02-05,SHORT,0.011677901060302545,-0.007206674962745283,89734197.9299,-0.005617992304223274,-0.01398624197473987,-0.0601273979725951
REN,renvm,RENUSDT,2024-02-05,LONG,-1.146698035267706,0.0028553154772202353,6010489.5641,-0.005380846084225884,0.04752045708952969,0.11341459681159786
1INCH,1inch-swap,1INCHUSDT,2024-02-06,SHORT,0.0038445623915951853,-0.023494847624468594,11199149.2773,-0.04724107166427328,-0.08814118813292943,-0.10441304878029567
BAKE,bakeryswap,BAKEUSDT,2024-02-06,SHORT,0.002062998834495268,-0.027232165738133838,19553814.3674,-0.05279818556697083,-0.11149259543483182,-0.1493379577114723
EOS,vaulta-rex,EOSUSDT,2024-02-06,LONG,-0.007206674962745283,0.00726979948462057,76095183.5447,0.00836824967051658,0.03846628082779614,0.03306086226088821
ONE,one-dex,ONEUSDT,2024-02-07,LONG,-0.07765118619891415,0.03579389025936858,5364907.59787,0.002783578693646399,0.07385906113812439,0.1365755350057507
REN,renvm,RENUSDT,2024-02-07,LONG,-1.1715162408097126,0.0011244630430978816,6537053.55653,-0.008434420059291787,0.029822084179801266,0.09872437185401783
1INCH,1inch-swap,1INCHUSDT,2024-02-08,LONG,-0.058296954558072,0.009348991449465223,14456838.7034,0.04481401578979264,0.029701567606909424,0.10352058873581917
ANKR,ankr,ANKRUSDT,2024-02-08,LONG,-0.0021659842917861436,0.04801097889569116,8766988.37673,0.01989105564314973,0.010197926437490196,0.13588614160098686
BAKE,bakeryswap,BAKEUSDT,2024-02-08,LONG,-0.0036027273396807193,0.04221357599450785,42831516.449,0.038744366046021994,0.025899890899645277,0.20481625028318176
KSM,karura-liquid-staking,KSMUSDT,2024-02-08,LONG,-0.029619546611691937,0.03231991352996848,16669031.243,0.03152540410813717,0.025059090114681874,0.1084599203971133
LRC,loopring,LRCUSDT,2024-02-08,LONG,-0.010820374821926671,0.03597998429723462,7762195.1522,0.03100694355862763,0.028075004285543426,0.08593227901073935
ROSE,rose,ROSEUSDT,2024-02-08,LONG,-0.00022749865329896502,0.018295149747507164,24533509.94377,0.044790555492549525,0.03388423250942553,0.07045814083366721
SXP,swipe,SXPUSDT,2024-02-08,LONG,-0.01927066933144216,0.02060600919443668,6053571.75496,0.026684992592271597,0.03808200491296391,0.07299376591031838
LINA,linear-finance,LINAUSDT,2024-02-09,LONG,-0.0014353687145244375,0.009262069923400576,16538155.31797,-0.009975145056819509,0.011104370734234356,0.12902372974983647
ONE,one-dex,ONEUSDT,2024-02-10,SHORT,0.05012640558777948,-0.0036651576286941233,8522233.23943,0.010416760858255715,-0.0166991677576321,-0.09389608576712681
ROSE,rose,ROSEUSDT,2024-02-10,SHORT,0.010845514788315903,-0.013389678628647426,22302694.60133,0.03009667735536369,-0.01866956937705992,0.02259101289767919
BEL,bella-protocol,BELUSDT,2024-02-11,LONG,-0.07456706073963781,0.0067540002982680826,5408168.7079,0.024784017180932545,0.062377151701258696,0.1394005618978173
ONE,one-dex,ONEUSDT,2024-02-11,LONG,-0.0036651576286941233,0.05635699247832121,6134875.62823,0.047293157901838766,0.07378069347300643,0.1721257769724852
ROSE,rose,ROSEUSDT,2024-02-11,LONG,-0.013389678628647426,0.00734323222678641,19450617.26402,0.035120184921724515,0.06222859765787111,0.04292926538183093
BEL,bella-protocol,BELUSDT,2024-02-14,SHORT,0.05737213925228637,-0.13276108918944293,6229354.5636,-0.025394351288701822,-0.07574690481082715,-0.04270631727242948
REN,renvm,RENUSDT,2024-02-18,SHORT,0.09308352958347448,-1.0833475029190338,7856708.37941,-0.02363759763710724,0.008204715228987325,-0.15557166181628945
REN,renvm,RENUSDT,2024-02-19,LONG,-1.0833475029190338,0.10557588292044594,8636258.7487,-0.01182236640650172,0.03661116811903167,0.1295150675193128
BEL,bella-protocol,BELUSDT,2024-02-21,LONG,-0.2110822852251787,0.029866825860905815,8750711.0088,0.042223388520732555,0.07582489049843215,0.11620076975033825
BEL,bella-protocol,BELUSDT,2024-02-22,SHORT,0.029866825860905815,-0.0233811380880666,17579444.7546,-0.06292925564405458,-0.04548424302862603,-0.1315436176615499
CELR,cbridge,CELRUSDT,2024-02-22,SHORT,0.03048562438994399,-0.021014459593178558,10238242.27164,-0.011123585218662302,-0.1396646708415963,-0.252854380399644
KSM,karura-liquid-staking,KSMUSDT,2024-02-22,SHORT,0.09630096745592964,-0.022943897029744306,15035282.84,0.011165961660289582,-0.06306781248126947,-0.0659255404926413
ONE,one-dex,ONEUSDT,2024-02-22,SHORT,0.05534031816735562,-0.0765854729627737,15340715.69552,-0.0,-0.21530378990624197,-0.29228102550548374
REN,renvm,RENUSDT,2024-02-22,SHORT,0.0685843271500453,-0.00732427792147377,19418583.11976,-0.028539884244211083,-0.09518302613894924,-0.13041465252030476
CELR,cbridge,CELRUSDT,2024-02-23,LONG,-0.021014459593178558,0.00974472993558604,9306872.59605,0.056371128457553175,0.1603918348377499,0.2773365772100682
EOS,vaulta-rex,EOSUSDT,2024-02-23,SHORT,0.0069320626550087505,-0.0027293050025559845,253574820.2779,-0.003738322110607158,-0.016099418934180897,-0.13415541760577096
KSM,karura-liquid-staking,KSMUSDT,2024-02-23,LONG,-0.022943897029744306,0.0013907758813698453,18009773.805,0.04014349969528538,0.0868462014902867,0.11314777738470927
REN,renvm,RENUSDT,2024-02-23,LONG,-0.00732427792147377,0.03250154778498951,44905558.73098,0.08137960626837784,0.06381645344421107,0.17379344779930242
SXP,swipe,SXPUSDT,2024-02-23,SHORT,0.039779675581253095,-0.010348661082494912,16752145.53321,-0.03399681245212874,-0.07459778807436854,-0.2063703404160482
BEL,bella-protocol,BELUSDT,2024-02-24,LONG,-0.017011939749504112,0.010774053999493598,13188049.9785,0.012163955900923933,0.07300981316017904,0.16566193178302735
EOS,vaulta-rex,EOSUSDT,2024-02-24,LONG,-0.0027293050025559845,0.02504054887181279,115300922.0351,-0.003742986278834392,0.03907701090409375,0.32825496994745745
REN,renvm,RENUSDT,2024-02-24,SHORT,0.03250154778498951,-0.01627569329528775,27976106.82462,0.015269398822110376,0.04338214639275474,-0.15406122238657594
ONE,one-dex,ONEUSDT,2024-02-25,LONG,-0.056365096958655624,0.01662720941536477,106646640.90007,0.009573615331714221,-0.015866353116048965,0.32964028175144144
REN,renvm,RENUSDT,2024-02-25,LONG,-0.01627569329528775,0.25801683164559697,18502149.78291,-0.0025461503252450952,0.060437625537115826,0.12911925769048013
CELR,cbridge,CELRUSDT,2024-02-26,SHORT,0.01497184027995038,-0.011312036266059854,18207081.64931,-0.011617143953832686,-0.08140453330957348,-0.18432984164115043
ONE,one-dex,ONEUSDT,2024-02-26,SHORT,0.01662720941536477,-0.300013856995944,51765990.57187,0.020565152678429562,-0.06740362026752753,-0.3928260207021556
SXP,swipe,SXPUSDT,2024-02-26,LONG,-0.07799783147811594,0.024882532321926734,22137458.5875,0.00529101763441568,0.058469078269267005,0.26501327263906793
CELR,cbridge,CELRUSDT,2024-02-27,LONG,-0.011312036266059854,0.028817288428051365,15611839.73332,0.07671262478905536,0.104950595586499,0.20691723376162052
ONE,one-dex,ONEUSDT,2024-02-29,LONG,-0.02560960779690891,0.05387420084441192,54626688.37093,0.04357124829364031,0.25266304615219976,0.3570797203053194
CELR,cbridge,CELRUSDT,2024-03-05,SHORT,0.03935828556504383,-0.00022610729686983725,50601088.4379,0.003033982909852998,0.00882403413055528,-0.10378399338126314
SXP,swipe,SXPUSDT,2024-03-06,SHORT,0.051597224312333725,-0.028540309674384808,66610504.97436,-0.027455115169361357,-0.04309609976052042,-0.14154860783270615
BEL,bella-protocol,BELUSDT,2024-03-07,SHORT,0.05688028066976411,-0.29276878945755347,16726246.8051,-0.0037694057934788442,-0.010057000276479022,-0.18540834981451845
CELR,cbridge,CELRUSDT,2024-03-07,LONG,-0.010319119692254235,0.02104928975111344,23320553.38222,-0.04540803953899502,-0.06485009615177584,0.08452581389990102
SXP,swipe,SXPUSDT,2024-03-08,LONG,-0.026566926549610397,0.03839760855187841,39269779.25492,0.02825046628585187,0.08415903895836246,-0.005953009471940832
KSM,karura-liquid-staking,KSMUSDT,2024-03-11,SHORT,0.006768396623730106,-0.07550295811903544,41124757.136,-0.03910964677712412,-0.03650298964039188,0.1794021623865976
ONE,one-dex,ONEUSDT,2024-03-11,SHORT,0.007855054780020593,-0.06360828533276025,29448739.9921,0.0258185173329802,0.07106738002003485,0.2500756545083697
ONE,one-dex,ONEUSDT,2024-03-12,LONG,-0.06360828533276025,0.055213089269060725,31859119.26736,-0.002507314309783607,-0.10215043820531396,-0.3062167226686033
BEL,bella-protocol,BELUSDT,2024-03-14,LONG,-0.21565834444644721,0.07422046287167465,47899776.5817,-0.0018472342927055864,-0.14013111635258668,-0.24113689082620665
KSM,karura-liquid-staking,KSMUSDT,2024-03-14,LONG,-0.025722179267400645,0.12706914362277308,48465209.874,-0.07739266376542399,-0.13564653158137394,-0.2414943011302605
BEL,bella-protocol,BELUSDT,2024-03-15,SHORT,0.07422046287167465,-0.005299912606189364,61763573.4829,0.16649115641324896,0.21791089412274897,0.273089972116404
EOS,vaulta-rex,EOSUSDT,2024-03-15,SHORT,0.06699510523417353,-0.10870155406494555,252837328.3869,0.0779362118682717,0.07894989669911785,0.0860746087712429
REN,renvm,RENUSDT,2024-03-15,SHORT,0.12372334504280763,-0.01258244935286388,40686044.64709,0.14178958300368438,0.13400224806675498,0.16678098939086217
1INCH,1inch-swap,1INCHUSDT,2024-03-16,SHORT,0.03165400924410833,-0.007710765892938201,44509676.0402,-0.04050262474056707,0.11632056115520735,0.03465425271451416
BEL,bella-protocol,BELUSDT,2024-03-16,LONG,-0.005299912606189364,0.01781975084007623,39456490.6285,0.028207274353367992,-0.18477050191082817,-0.07727120060863514
REN,renvm,RENUSDT,2024-03-16,LONG,-0.01258244935286388,0.05918147413659993,21692259.43408,0.057927482436596026,-0.10617985204122873,-0.021562047745060146
ROSE,rose,ROSEUSDT,2024-03-16,SHORT,0.024350464192265782,-0.0027561280396061925,40862081.70145,-0.0326489479900467,0.1273601576923701,0.07113057391150071
ANKR,ankr,ANKRUSDT,2024-03-17,SHORT,0.03198544043729118,-0.039068613363176796,46122798.86864,0.08203355045730684,0.09529029137839358,0.12121972189282497
BAKE,bakeryswap,BAKEUSDT,2024-03-17,SHORT,0.05471426177199683,-0.05267531724846838,45093772.2301,0.05587500313981889,0.08438291484938218,-0.027386146850492232
BEL,bella-protocol,BELUSDT,2024-03-17,SHORT,0.01781975084007623,-0.06740967774383044,20508342.3109,0.07941467529595914,0.11617835654619064,0.04740017715581648
LINA,linear-finance,LINAUSDT,2024-03-17,SHORT,0.004581966716256027,-0.11188103268913145,30270311.28629,0.0979472127884899,0.04383631481317779,0.01975748158840014
ONE,one-dex,ONEUSDT,2024-03-17,SHORT,0.008246887541190493,-0.08502078469255221,18022224.92055,0.06829625007250346,0.016063285892317068,-0.05134207368562615
REN,renvm,RENUSDT,2024-03-17,SHORT,0.05918147413659993,-0.04371714528159453,13067513.21325,0.049823908631274484,0.0696331848857287,0.03377431711860404
ROSE,rose,ROSEUSDT,2024-03-18,LONG,-0.027026285038008982,0.00021059281956315606,37795432.07739,-0.08088172988056859,0.009595591048304581,0.056571759045993354
KSM,karura-liquid-staking,KSMUSDT,2024-03-19,SHORT,0.0020634605293620156,-0.03424421109974564,38640379.529,-0.11305709020981541,-0.08371513192580007,-0.20567520996068095
LRC,loopring,LRCUSDT,2024-03-19,SHORT,0.02746779019186718,-0.09103127344683504,85955016.1697,-0.12078829712184685,-0.06446797688866182,-0.1628997824719738
ROSE,rose,ROSEUSDT,2024-03-19,SHORT,0.00021059281956315606,-0.03727674371213605,50483852.20916,-0.11103685848261993,-0.0530506200459781,-0.13031179329608342
RSR,reserve-protocol,RSRUSDT,2024-03-19,SHORT,0.06500666089133428,-0.0008559948541415733,36171733.895328,-0.16783047630800255,-0.5080500470435886,-0.9091777893658614
SXP,swipe,SXPUSDT,2024-03-19,SHORT,0.049543143287950425,-0.016065775666765453,39676587.64804,-0.10333374581830025,-0.07836246030216434,-0.2746471838210612
CELR,cbridge,CELRUSDT,2024-03-20,SHORT,0.019072037336105314,-0.025757439421877505,16932637.88944,-0.022495492834097085,-0.005418232015904289,-0.11804710190082127
CELR,cbridge,CELRUSDT,2024-03-21,LONG,-0.025757439421877505,0.0017659286624559655,13253092.23953,-0.012368534744823734,0.073015776494659,0.10791538872330707
EOS,vaulta-rex,EOSUSDT,2024-03-24,LONG,-0.09752607088365604,0.03075424861909994,89014891.9467,0.017916556579000813,0.01041183092493311,0.04829164837655148
ONE,one-dex,ONEUSDT,2024-03-24,LONG,-0.07845002433032412,0.09832288424590405,22467274.14611,0.028916944070159295,-0.03488177677973917,-0.01211759428806245
SXP,swipe,SXPUSDT,2024-03-25,LONG,-0.029605117745298892,0.001632424979471766,66923432.81376,0.05714666095608446,0.05012908829743794,-0.02008614537658808
1INCH,1inch-swap,1INCHUSDT,2024-03-26,LONG,-0.03520488650791717,0.039948732190232025,20601019.741,-0.04243111550015166,-0.01772596731391074,-0.11655226627025066
ANKR,ankr,ANKRUSDT,2024-03-26,LONG,-0.048858627307900825,0.021836576777777297,408547286.43007,0.0,-0.052991331846162545,-0.017054952382292706
BAKE,bakeryswap,BAKEUSDT,2024-03-26,LONG,-0.03157579706579048,0.035335665669338566,55736671.9904,-0.03499919778022124,-0.03299764034562236,-0.20810246557710013
KSM,karura-liquid-staking,KSMUSDT,2024-03-26,LONG,-0.051553961668405514,0.046000504718420654,26654523.121,-0.033908435859613055,0.006566534390248321,-0.1631415323501424
LINA,linear-finance,LINAUSDT,2024-03-26,LONG,-0.028153655055061524,0.12678556593894874,71987656.21178,-0.0006585446401976176,-0.0730450845425855,-0.1572276053317376
LRC,loopring,LRCUSDT,2024-03-26,LONG,-0.08294228253479026,0.027623379164336374,26509437.2545,-0.058513542361037625,-0.08010266150910088,-0.20767625902090212
REN,renvm,RENUSDT,2024-03-26,LONG,-0.01496915965660279,0.08466414288104634,58300252.97637,-0.04027259933518494,-0.055201220532068725,-0.18500091877084776
ROSE,rose,ROSEUSDT,2024-03-26,LONG,-0.01415530593915866,0.0027085631237125534,39501027.8814,-0.05939881615602267,-0.06846674448689205,-0.19956243134386611
BEL,bella-protocol,BELUSDT,2024-03-27,LONG,-0.06616979976738782,0.05409817446913826,22223933.1731,0.020965998902592188,-0.04978184514982687,0.46274005712438776
REN,renvm,RENUSDT,2024-03-27,SHORT,0.08466414288104634,-0.8999546045991633,17972385.1957,-0.007184009640361095,0.039382701581340364,0.21748060376638206
BAKE,bakeryswap,BAKEUSDT,2024-03-28,SHORT,0.07731484243974122,-0.03236066050850518,35331007.7211,0.009287992466470604,0.027674160628663215,0.16967894215381335
BEL,bella-protocol,BELUSDT,2024-03-28,SHORT,0.05409817446913826,-0.027194111082488072,12124613.2602,0.0184556819476995,0.03448978073343948,-0.43055687863092
LRC,loopring,LRCUSDT,2024-03-28,SHORT,0.14221363459891287,-0.010648343738838972,20033351.1271,0.02362112391125751,0.028830825717709164,0.12555229080972102
REN,renvm,RENUSDT,2024-03-28,LONG,-0.8999546045991633,0.046402433163609785,10498226.70203,-0.022310181213233148,-0.007085249085246589,-0.11303847443147085
ROSE,rose,ROSEUSDT,2024-03-28,SHORT,0.01615790563554633,-0.017905613521800638,19215965.80205,0.019391878038756152,0.032386574322675075,0.08973307700950943
SXP,swipe,SXPUSDT,2024-03-28,SHORT,0.09104299677777983,-0.0006115201169000643,31264396.45355,-0.02816528898532667,0.0020136937936237028,0.10600892986069199
BEL,bella-protocol,BELUSDT,2024-03-29,LONG,-0.027194111082488072,0.030783763344264428,12003712.0597,-0.05219135865123548,0.09352979498047753,0.5048856564651993
LRC,loopring,LRCUSDT,2024-03-29,LONG,-0.010648343738838972,0.009309806222613619,17490236.8556,-0.027124770279712423,-0.058580726024849684,-0.1367656563037112
SXP,swipe,SXPUSDT,2024-03-29,LONG,-0.0006115201169000643,0.008952780456912982,27553780.77696,-0.04725603936994659,-0.09858170966335088,-0.15428107492458745
BAKE,bakeryswap,BAKEUSDT,2024-03-30,LONG,-0.008272339323488604,0.06580129062066557,34308670.2494,0.031726798985793885,-0.12499185808349113,-0.12499185808349113
REN,renvm,RENUSDT,2024-03-30,SHORT,0.08595549511759515,-0.8723625407629102,11487340.77006,-0.03958420010336094,0.10544043026340458,0.0045309520414894425
LRC,loopring,LRCUSDT,2024-03-31,SHORT,0.03158709209911102,-0.0007591895965387074,12669159.9871,0.05363215491579525,0.11673919422548534,0.09010183469718673
REN,renvm,RENUSDT,2024-03-31,LONG,-0.8723625407629102,0.09039979373027456,12948018.42778,0.059060581623307115,-0.21748060376638206,-0.02773922411045049
ROSE,rose,ROSEUSDT,2024-04-01,LONG,-0.004060826849584452,0.01930102482812472,34168149.31406,-0.06421137629127396,-0.003456888405053153,0.025365736283563558
1INCH,1inch-swap,1INCHUSDT,2024-04-02,SHORT,0.04983462582058822,-0.021755750737142136,31164036.6316,0.01019943936889319,0.0009229349986010617,-0.06222958453109292
ANKR,ankr,ANKRUSDT,2024-04-02,SHORT,0.05207769027595488,-0.07229439260089375,164520633.66695,0.04639203856820851,0.011533737516002831,-0.06921980625612345
BAKE,bakeryswap,BAKEUSDT,2024-04-02,SHORT,0.04399671592417972,-0.027935872503766678,45806564.0275,0.0026504123652012,0.009307340157025893,-0.014192091029296229
CELR,cbridge,CELRUSDT,2024-04-02,SHORT,0.02904521895151326,-0.04087813531276711,15799564.09068,0.006901338640693269,-0.004118056608917326,-0.12190109226530069
EOS,vaulta-rex,EOSUSDT,2024-04-02,SHORT,0.03637954881237838,-0.04963913205591149,141532701.6609,0.015584731016698316,-0.02242703578744421,-0.09718283952761679
KSM,karura-liquid-staking,KSMUSDT,2024-04-02,SHORT,0.027526610581937425,-0.10853179889238246,24016580.748,0.02185879381249896,0.02354168878835639,0.027640549258742018
LINA,linear-finance,LINAUSDT,2024-04-02,SHORT,0.07310059904583531,-0.030426761102477152,35424011.63815,0.0015408323541555601,-0.05903843490300434,-0.037768839537156394
ONE,one-dex,ONEUSDT,2024-04-02,SHORT,0.060691041243451,-0.02656772953948744,20697781.2375,0.008602203582663302,0.0238364481545113,0.008602203582663302
REN,renvm,RENUSDT,2024-04-02,SHORT,0.07378405296701032,-0.0160765601625101,78772560.3581,0.07255473395473105,-0.0005706785522681404,-0.10626203860786652
ROSE,rose,ROSEUSDT,2024-04-02,SHORT,0.01930102482812472,-0.023959300618948628,35464070.92237,-0.03423946132621713,-0.046099946744853626,-0.03873314226890434
SXP,swipe,SXPUSDT,2024-04-02,SHORT,0.029547943309031616,-0.014603233845314607,25825959.28023,0.0096573592400216,-0.026828621124115944,-0.07971808504448867
BEL,bella-protocol,BELUSDT,2024-04-03,SHORT,0.023565380029803556,-0.031216834423274928,389317950.1662,0.011620702502705665,-0.2606310164307732,-0.30564221957563853
REN,renvm,RENUSDT,2024-04-03,LONG,-0.0160765601625101,0.9531168427699515,53261733.1465,0.1118716883933263,0.1737097615947002,0.1700908774301342
RSR,reserve-protocol,RSRUSDT,2024-04-03,SHORT,0.05099425764982483,-0.0314444893482335,71827445.948585,-0.07710743794493927,-0.07649730979910549,0.006720677530030123
REN,renvm,RENUSDT,2024-04-04,SHORT,0.9531168427699515,-1.19946794748508,45793068.03208,0.038500726468273114,-0.0781152406806593,0.0042911437360623195
ROSE,rose,ROSEUSDT,2024-04-05,LONG,-0.01537282595402615,0.017976635972995276,20581575.23758,0.007235414923691764,0.04339539633813564,-0.24172298698159111
REN,renvm,RENUSDT,2024-04-06,LONG,-0.07020870864465767,0.9280922211483584,30663172.76303,0.01638038263136128,0.0054557755380273834,-0.5163113281504521
ROSE,rose,ROSEUSDT,2024-04-06,SHORT,0.017976635972995276,-0.001448119988737494,10432192.42503,0.0024835092314718097,0.014679735775014328,0.38688063835129294
BEL,bella-protocol,BELUSDT,2024-04-07,LONG,-0.015844421950814744,8.80979451949501e-05,495685424.7378,-0.002173806498028383,0.01464814923733455,-0.7569785869427996
REN,renvm,RENUSDT,2024-04-07,SHORT,0.9280922211483584,-0.1716251378546608,60811934.40102,-0.008796376419493804,0.01979450302736383,0.44123489214921713
1INCH,1inch-swap,1INCHUSDT,2024-04-09,LONG,-0.057636504877743404,0.036999462333247655,32938467.4862,-0.021027583942575895,-0.19674799069166074,-0.3693637928426726
ANKR,ankr,ANKRUSDT,2024-04-09,LONG,-0.10867885452537863,0.030211522810969647,45629509.31099,-0.0008364701449660591,-0.21772348384487067,-0.33938617702146384
BAKE,bakeryswap,BAKEUSDT,2024-04-09,LONG,-0.06330540828731462,0.02675440148640242,25437902.859,-0.027514963285269253,-0.32453953990936685,-0.49666059162036813
CELR,cbridge,CELRUSDT,2024-04-09,LONG,-0.0052343386808106655,0.062062525030031575,19748650.94316,0.043193609241274765,-0.09845056990293435,-0.2815113988835203
EOS,vaulta-rex,EOSUSDT,2024-04-09,LONG,-0.05657307445565127,0.08167996217284826,206470533.394,-0.008454723918932306,-0.1328634345474531,-0.357075933050568
LINA,linear-finance,LINAUSDT,2024-04-09,LONG,-0.002735332196761812,0.06118864582291361,22478329.46856,-0.03162914258353393,-0.31447721503566706,-0.5724854983460701
LRC,loopring,LRCUSDT,2024-04-09,LONG,-0.0836990412211911,0.01388873473168432,17758476.6084,0.0005875440827071238,-0.18367421968729528,-0.30000174731298584
REN,renvm,RENUSDT,2024-04-09,LONG,-0.21068354934775893,0.016617127991458293,24117215.62509,-0.0088687804161426,-0.32080505594572645,-0.47469634769159175
ROSE,rose,ROSEUSDT,2024-04-09,LONG,-0.04442398967535296,0.02503889154996012,26899301.34767,-0.03196692202519865,-0.23443483905187368,-0.31937833650580333
RSR,reserve-protocol,RSRUSDT,2024-04-09,LONG,-0.016020582691321117,0.054789355932577055,45530988.326263,-0.02402911593880521,-0.32409501800342283,-0.4691837625360206
KSM,karura-liquid-staking,KSMUSDT,2024-04-10,LONG,-0.04549941048180255,0.0035790866145871715,19603099.175,-0.01638160237188577,-0.347015062019266,-0.285550749405452
SXP,swipe,SXPUSDT,2024-04-10,LONG,-0.013291987244190267,0.0033393081863426653,17716036.33245,0.0010963711217729351,-0.3471920604744308,-0.34502118041579016
KSM,karura-liquid-staking,KSMUSDT,2024-04-11,SHORT,0.0035790866145871715,-0.07012748531803134,11510499.586,0.1739958612203401,0.23289052362209864,0.24881442697882158
LINA,linear-finance,LINAUSDT,2024-04-11,SHORT,0.04528328670808681,-0.02002706870180635,16839857.16705,0.2549176300173653,0.48698412134976804,0.4882653515058167
LRC,loopring,LRCUSDT,2024-04-12,SHORT,0.013279204133535123,-0.005909630583782236,33097257.2862,0.1436714105551212,0.11990392722552116,0.11632752762569058
ROSE,rose,ROSEUSDT,2024-04-12,SHORT,0.017094589464768307,-0.01568913633712743,58988438.67349,0.13774528189623955,0.08809679986836474,0.023442896595213755
1INCH,1inch-swap,1INCHUSDT,2024-04-13,SHORT,0.02786760390458055,-0.054244568857536216,60778794.0759,-0.06930035880552239,-0.02129897958968345,-0.12532895668527025
ANKR,ankr,ANKRUSDT,2024-04-13,SHORT,0.050007246926197214,-0.0203826239071438,95940675.68826,-0.08468521493714717,-0.05849903556393152,-0.1946098644879108
BAKE,bakeryswap,BAKEUSDT,2024-04-13,SHORT,0.03405592704214374,-0.023167191355911197,81280954.3739,-0.09486184982595681,-0.04427635303785037,-0.17812930630612148
CELR,cbridge,CELRUSDT,2024-04-13,SHORT,0.01867898908691395,-0.032449544774553175,47433124.03146,-0.04194163108467786,-0.020787379855801542,-0.16060193673328307
EOS,vaulta-rex,EOSUSDT,2024-04-13,SHORT,0.16615659187528287,-0.030767034876382375,312542160.8811,-0.05449853462611051,-0.02162246401316571,-0.11839001594816007
REN,renvm,RENUSDT,2024-04-13,SHORT,0.02876370977946801,-0.07151106100259777,33767924.87958,-0.09135527001610895,-0.04696809186251299,-0.1290020362188748
RSR,reserve-protocol,RSRUSDT,2024-04-14,SHORT,0.056371078919045324,-0.004901598129129361,52074392.569545,0.09411536140032827,0.10733754428635285,-0.038270370020016826
SXP,swipe,SXPUSDT,2024-04-14,SHORT,0.020562192163559267,-0.06492846070188044,35315107.11965,0.04815194651555604,0.0653513876980357,-0.042607978503635784
REN,renvm,RENUSDT,2024-04-15,LONG,-0.023576094910341943,0.03405025722890729,16686174.12248,0.004631935494002098,0.004796965612373246,0.09860586905005757
RSR,reserve-protocol,RSRUSDT,2024-04-15,LONG,-0.004901598129129361,0.04337190129698596,46253474.692268,0.0017268179044924567,0.036484915453432396,0.1506880724895254
BEL,bella-protocol,BELUSDT,2024-04-16,SHORT,0.06334157967390121,-0.03688833758647835,70065900.8214,-0.0013397344864226636,-0.08190582494060153,-0.059842280340376315
REN,renvm,RENUSDT,2024-04-16,SHORT,0.03405025722890729,-0.2197704883356024,13245282.23343,0.027784214004661755,-0.014747113071303811,-0.1115644076277209
1INCH,1inch-swap,1INCHUSDT,2024-04-21,LONG,-0.05781045632815893,0.07854873187263055,12430931.3275,0.024236616230440954,0.01415172672375097,-0.006093292815659938
BAKE,bakeryswap,BAKEUSDT,2024-04-21,LONG,-0.11216621340149055,0.028246812698296653,22780824.8055,0.037726229277812745,-0.0199929765877033,-0.04915185880792084
CELR,cbridge,CELRUSDT,2024-04-21,LONG,-0.05813632242080774,0.015752310022122844,14364855.12791,0.006774852085134854,-0.037919234862293726,-0.07656040583766184
EOS,vaulta-rex,EOSUSDT,2024-04-21,LONG,-0.16446043052218753,0.16375503994553037,78720856.5277,0.042200354490376256,0.01467018974779362,-0.028734019315803758
LINA,linear-finance,LINAUSDT,2024-04-21,LONG,-0.20812649551875745,0.20013409189714285,22686719.48143,0.004545462371674638,-0.07937853951970383,-0.09553799618530792
LRC,loopring,LRCUSDT,2024-04-21,LONG,-0.08292721695100261,0.09569577704072778,9354088.5598,0.034923600598641136,-0.018120541113194798,-0.04789269944686481
ONE,one-dex,ONEUSDT,2024-04-21,LONG,-0.15063664731381368,0.07052024332120087,10214343.65426,0.03491626510622809,-0.029503427678758486,-0.09226912322854582
REN,renvm,RENUSDT,2024-04-21,LONG,-0.05923661276196003,0.033722345335272574,8699274.89622,0.03734746877160087,0.028443765493427364,-0.04058158881823336
BAKE,bakeryswap,BAKEUSDT,2024-04-22,SHORT,0.028246812698296653,-0.025597020788189484,30486729.3413,0.008100191565006604,0.04500196891208685,0.09132108047799645
KSM,karura-liquid-staking,KSMUSDT,2024-04-22,LONG,-0.016572644213065348,0.11172292759864356,8610247.319,-0.027590047731240668,-0.11490888052652078,-0.11423818968984367
LRC,loopring,LRCUSDT,2024-04-22,SHORT,0.09569577704072778,-0.008885296639574398,10259686.1042,0.007251663395320236,0.045453972445160404,0.09784228461173054
ONE,one-dex,ONEUSDT,2024-04-22,SHORT,0.07052024332120087,-0.02857958861873145,11142944.83646,0.023445618574680915,0.06346957394866627,0.15645577063488722
REN,renvm,RENUSDT,2024-04-22,SHORT,0.033722345335272574,-0.010193076343947394,8421033.23237,-0.017425416713859134,0.016664527439918572,0.09331397642931363
ROSE,rose,ROSEUSDT,2024-04-22,LONG,-0.0021440450129880926,0.006370494075938013,19453015.79437,-0.013928071175788106,-0.0292389993833537,-0.09188698023180031
ANKR,ankr,ANKRUSDT,2024-04-23,LONG,-0.029042664706918693,0.03307082467608705,74184805.04158,-0.07345557314605529,-0.07564136636603545,-0.14141398865746846
BEL,bella-protocol,BELUSDT,2024-04-23,LONG,-0.03687490141757787,0.0496536599366519,24359722.6629,-0.0568303978694378,-0.03993232059497513,-0.19160369044181746
LRC,loopring,LRCUSDT,2024-04-23,LONG,-0.008885296639574398,0.06785866573296867,9351373.7207,-0.04542851106954966,-0.06894086805471314,-0.1522716066875989
ONE,one-dex,ONEUSDT,2024-04-23,LONG,-0.02857958861873145,0.023043123736626737,11274604.82287,-0.040974074210305564,-0.06941657959100402,-0.20315756455918693
REN,renvm,RENUSDT,2024-04-23,LONG,-0.010193076343947394,0.06115605730752653,7632102.26406,-0.02632911999203274,-0.06811793006801921,-0.1763450621819872
BAKE,bakeryswap,BAKEUSDT,2024-04-24,LONG,-0.0029896535119032838,0.012225668430037391,24123383.4686,0.011962326709257416,-0.005449604767564703,-0.09523254306658158
ONE,one-dex,ONEUSDT,2024-04-24,SHORT,0.023043123736626737,-0.0018298364469766625,19408003.84659,-0.0009501188363202567,0.03187136007493043,0.13136101738297284
ROSE,rose,ROSEUSDT,2024-04-24,SHORT,0.020320165818808304,-0.010452059512284109,32385312.96455,-0.019272652042319965,0.0016145311277109245,0.0886075465224519
CELR,cbridge,CELRUSDT,2024-04-25,SHORT,0.01891121681362459,-0.010664685079554825,9947352.14284,0.029419504714979665,0.02554953084478687,0.07869447036770351
KSM,karura-liquid-staking,KSMUSDT,2024-04-25,SHORT,0.1140405194028215,-0.0209657008367583,13117542.126,0.029283672308020887,0.007748059646972945,-0.0033500868852818057
ONE,one-dex,ONEUSDT,2024-04-25,LONG,-0.0018298364469766625,0.08103770233195642,10609273.48804,-0.029392624217018673,-0.06371581438610763,-0.10980214732537047
ROSE,rose,ROSEUSDT,2024-04-25,LONG,-0.010452059512284109,0.026484032457977084,23290121.81422,-0.032354876887821064,-0.060525753854517174,-0.09200341273120041
BAKE,bakeryswap,BAKEUSDT,2024-04-26,SHORT,0.0103337707875492,-0.0034447433715062243,17122960.1747,-0.007837030707280146,0.021070149381807263,-0.012898361348437342
BAKE,bakeryswap,BAKEUSDT,2024-04-27,LONG,-0.0034447433715062243,0.025198247119439483,15561012.8004,-0.024487795486451937,-0.12051794652302895,0.0066109515515921525
REN,renvm,RENUSDT,2024-04-27,SHORT,0.014233766408540046,-0.016236476736573576,8907431.77738,0.03573517895713681,0.11672576683543057,0.03915176082125493
EOS,vaulta-rex,EOSUSDT,2024-04-28,SHORT,0.04978901963372317,-0.03577493083989444,107470062.5725,-0.020075956572689225,0.010191171006188326,-0.04097407421030548
LINA,linear-finance,LINAUSDT,2024-04-28,SHORT,0.03122941190166376,-0.08147662400064017,11401917.34175,-0.0012523483164660952,0.05274534401235984,-0.057228029907365106
LRC,loopring,LRCUSDT,2024-04-28,SHORT,0.015513763285752819,-0.02216728554034377,6396398.6829,0.015418372250285892,0.06440775945055918,-0.02249900955738626
ONE,one-dex,ONEUSDT,2024-04-28,SHORT,0.01138515171075935,-0.07970405852512714,6240285.52875,0.029776327162917005,0.06910126669598927,-0.018542250107890818
ANKR,ankr,ANKRUSDT,2024-04-29,SHORT,0.026934423325830993,-0.010242170267960808,37878718.78258,0.12841956040692207,0.1421096137881426,0.11995748325674639
LRC,loopring,LRCUSDT,2024-04-29,LONG,-0.02216728554034377,0.00269578760993873,10388282.4417,-0.06204495271815456,-0.03692852151580235,0.015418372250285903
SXP,swipe,SXPUSDT,2024-04-29,LONG,-0.038627267552930784,0.0344666351365747,12593983.84717,-0.058164595975572525,-0.028212273692221276,-0.014300550142196384
1INCH,1inch-swap,1INCHUSDT,2024-04-30,SHORT,0.015224312963208158,-0.026503751000990037,21990678.3755,0.07126157793669745,0.029360852291781415,0.06474158743941633
BAKE,bakeryswap,BAKEUSDT,2024-04-30,SHORT,0.032884691260763536,-0.021071114527048535,24543069.8888,-0.030785002052104132,-0.125629270992278,-0.09966400426086386
LRC,loopring,LRCUSDT,2024-04-30,SHORT,0.00269578760993873,-0.07925233398320392,14616403.6043,-0.013479563828240015,-0.09846657797513428,-0.061273017060977084
RSR,reserve-protocol,RSRUSDT,2024-04-30,SHORT,0.03259104036621296,-0.007079123473778846,17426700.984897,-0.013019345904848698,-0.14875726573802062,-0.1822292675594282
SXP,swipe,SXPUSDT,2024-04-30,SHORT,0.0344666351365747,-0.01632939039390657,15344966.93998,-0.002760314588100466,-0.06279021856259254,-0.030548269857604046
BEL,bella-protocol,BELUSDT,2024-05-02,SHORT,0.0058350570184309445,-0.0012355584211691507,11600736.02,-0.04348511193973889,-0.06649738562290408,-0.12539379685884583
ROSE,rose,ROSEUSDT,2024-05-02,SHORT,0.0020491525443517354,-0.020947719222984315,12981645.50723,-0.042026558141633315,-0.06178435253208301,0.019702914079977363
KSM,karura-liquid-staking,KSMUSDT,2024-05-03,LONG,-0.03564316983242387,0.04102807610409959,9218474.566,-0.05292958559463446,-0.07905179099460033,-0.055022366267765035
LINA,linear-finance,LINAUSDT,2024-05-04,LONG,-0.0696790744107366,0.003249852429929055,12771405.8789,0.010708014272472307,-0.05659566762363422,-0.07834956449727958
ROSE,rose,ROSEUSDT,2024-05-04,LONG,-0.021029097450068514,0.010931431224770218,10993252.23241,0.027164076615111107,-0.037986002996315986,-0.11235334705314821
SXP,swipe,SXPUSDT,2024-05-04,LONG,-0.0447280112005733,0.009188138894104261,6788269.27955,0.0028935205373408755,-0.027616326117968583,-0.062165216790685596
EOS,vaulta-rex,EOSUSDT,2024-05-05,LONG,-0.013014549743140341,0.005020436852926057,51939489.322,-0.006101300196177081,-0.03214120921179675,-0.057587874872961096
ONE,one-dex,ONEUSDT,2024-05-05,LONG,-0.015462685553293474,0.002994477261176878,7033613.41696,-0.0034817244821695025,-0.01803656109585028,-0.051450103838254754
ANKR,ankr,ANKRUSDT,2024-05-06,LONG,-0.03491135531849857,0.003393424900376163,20019251.2737,-0.031667173252372297,-0.02581476682255916,-0.10540732008553377
KSM,karura-liquid-staking,KSMUSDT,2024-05-06,SHORT,0.005666518807156058,-0.035064426731573096,23537956.085,-0.0003575898482587281,-0.07607313580536028,0.0014316394714377388
ONE,one-dex,ONEUSDT,2024-05-06,SHORT,0.002994477261176878,-0.012302659851727035,10277647.11598,0.028826269014320047,-0.05101907932643979,0.04225622293310111
ROSE,rose,ROSEUSDT,2024-05-06,SHORT,0.01523542165394389,-0.009326186269522155,18125315.30714,0.05325982062687599,0.06959700762750907,0.14309291182258155
SXP,swipe,SXPUSDT,2024-05-06,SHORT,0.007147726116969941,-0.005164844089492354,10522693.06792,0.013609677520870785,0.0050081118078250395,0.05589734694857731
ANKR,ankr,ANKRUSDT,2024-05-07,SHORT,0.003393424900376163,-0.025159780316030257,16417962.76198,0.034951578022813616,0.03969038865094315,0.11238999557930789
LRC,loopring,LRCUSDT,2024-05-07,LONG,-0.02056776763706683,0.019791578897918088,7929279.9745,-0.00359640747277037,-0.02504169624932089,-0.04153691561843176
ONE,one-dex,ONEUSDT,2024-05-07,LONG,-0.012302659851727035,0.031783828042686174,9246834.79894,0.014769812675096515,0.013251977827661496,-0.06902952098943856
1INCH,1inch-swap,1INCHUSDT,2024-05-08,LONG,-0.030092650587096353,0.011700161703556353,15676479.7262,0.03669890872762259,-0.01318338236865385,0.018115947646482493
ANKR,ankr,ANKRUSDT,2024-05-08,LONG,-0.025159780316030257,0.020933832436935914,19856394.3845,0.04080398445262675,-0.0211587918567344,-0.000900900961833474
BAKE,bakeryswap,BAKEUSDT,2024-05-08,LONG,-0.014549041683909948,0.02217195181011901,20732802.4965,0.09718539043042675,0.037466155728804566,0.10738417761867229
BEL,bella-protocol,BELUSDT,2024-05-08,LONG,-0.008270853183065825,0.026479480944014915,177608023.9045,-0.03978825005841269,-0.03863577787830129,-0.0705851339049422
KSM,karura-liquid-staking,KSMUSDT,2024-05-08,LONG,-0.048015746410277504,0.0188040912657401,26745494.783,0.054490836928288044,-0.01836858427397639,0.028297264188144294
REN,renvm,RENUSDT,2024-05-08,LONG,-0.005021510030361732,0.029109490488979213,10368213.99534,0.03668765673258933,-0.050101473339801604,-0.016881635459657696
RSR,reserve-protocol,RSRUSDT,2024-05-08,LONG,-0.019214711641867298,0.04079414970749187,39528988.03325,0.006097103231078835,-0.04752861119516189,0.02981606516338461
SXP,swipe,SXPUSDT,2024-05-08,LONG,-0.008337550382598176,0.018613913081944107,11648202.40637,0.026939671663718377,-0.016210784722044385,0.007255170881172016
CELR,cbridge,CELRUSDT,2024-05-09,SHORT,0.04609660990088198,-0.016757679346981778,19800119.0636,0.043532444736642674,0.09176658998710716,0.06489357173601075
ROSE,rose,ROSEUSDT,2024-05-09,LONG,-0.012114582977347762,0.009206857180124376,15036299.46036,-0.04534668020261896,-0.08174860264450122,-0.04453719764902121
EOS,vaulta-rex,EOSUSDT,2024-05-10,SHORT,0.04006664981837739,-0.0062166539832216525,74596050.5848,0.011457795621381274,0.005076153031860661,-0.0372713947972316
1INCH,1inch-swap,1INCHUSDT,2024-05-11,SHORT,0.02148237754938438,-0.05712482192938815,8164079.2261,0.0074927504697734374,0.020106792985870238,-0.0933729991791535
ANKR,ankr,ANKRUSDT,2024-05-11,SHORT,0.011857068177842161,-0.06320372235841912,9870010.82827,0.0256185412450014,0.05627962569975994,-0.035241957444799896
BAKE,bakeryswap,BAKEUSDT,2024-05-11,SHORT,0.026035857115032864,-0.04075410844945436,37715396.5096,0.006021847327875224,0.03047854965741548,-0.03936502370984887
BEL,bella-protocol,BELUSDT,2024-05-11,SHORT,0.03650501282666308,-0.03224277975089289,78296086.2222,-0.008829826303550203,0.09186071105106729,-0.01690309773846683
KSM,karura-liquid-staking,KSMUSDT,2024-05-11,SHORT,0.0023967637613238712,-0.053576486667233476,9454461.97,0.011109234481871302,0.03554962663024071,-0.08272565614413079
LINA,linear-finance,LINAUSDT,2024-05-11,SHORT,0.03028758263322457,-0.06383117879204794,5549669.96597,0.014332492900775654,0.05723451444498511,-0.016677743841784585
ONE,one-dex,ONEUSDT,2024-05-11,SHORT,0.007643629828495541,-0.05500365266327931,8528404.15722,0.022739997955823377,0.07312578887795396,-0.03217975000754471
REN,renvm,RENUSDT,2024-05-11,SHORT,0.04138166723497357,-0.04644681001011764,5809858.75612,0.02739403592870279,0.0454623740767574,-0.07514870024958663
ROSE,rose,ROSEUSDT,2024-05-11,SHORT,0.016569272640413954,-0.010525474033516911,9449713.89958,0.02382899779669507,0.050331886220413576,-0.08356903279865674
KSM,karura-liquid-staking,KSMUSDT,2024-05-14,LONG,-0.033406937919401115,0.003608821317150057,12122266.995,0.08185903238675186,0.1073894751291203,0.1722388932068608
KSM,karura-liquid-staking,KSMUSDT,2024-05-15,SHORT,0.003608821317150057,-0.04207491464524569,15386817.141,0.014393668649566963,-0.03641625038761958,-0.06901555468210713
1INCH,1inch-swap,1INCHUSDT,2024-05-16,LONG,-0.050436744819627094,0.014020396700324839,15953920.9816,0.03660202393278675,-0.005264555460003234,0.06799473634064927
ANKR,ankr,ANKRUSDT,2024-05-16,LONG,-0.05287893948549711,0.013345223152157496,17326007.06545,0.026204345541460738,-0.014989327109815482,0.048474034466413914
BAKE,bakeryswap,BAKEUSDT,2024-05-16,LONG,-0.042457134076676915,0.015616832700309294,24888026.2324,0.018228722026471182,-0.03824988213399967,0.16075136385861036
BEL,bella-protocol,BELUSDT,2024-05-16,LONG,-0.01844211923413584,0.04976125525293954,13313746.3698,0.06600164539457211,0.019255513308744043,0.039192845450553515
CELR,cbridge,CELRUSDT,2024-05-16,LONG,-0.039885311080083675,0.046045562945229664,5076782.65695,0.036435256965945954,-0.015646188287558843,-0.0011365790198722143
EOS,vaulta-rex,EOSUSDT,2024-05-16,LONG,-0.027229507345501173,0.006632324424422063,66031809.9267,0.019705071079332337,-0.02519024882855852,0.023356931498103417
KSM,karura-liquid-staking,KSMUSDT,2024-05-16,LONG,-0.04207491464524569,0.030676710146775223,11113713.081,0.040269355655678817,-0.003459014171790892,0.042588389327077855
LINA,linear-finance,LINAUSDT,2024-05-16,LONG,-0.09992208789296073,0.015102953297912539,8171985.5092,0.008855212829732324,-0.05216306328458591,-0.02574144705014715
LRC,loopring,LRCUSDT,2024-05-16,LONG,-0.04562616321581165,0.028638430213512055,12205927.2472,0.034378385508128786,-0.010789315452739022,0.10730615743977752
ONE,one-dex,ONEUSDT,2024-05-16,LONG,-0.04209510868195562,0.015509193193954274,8483011.77525,0.01091822260387345,-0.030912012827315302,0.12242957571237913
REN,renvm,RENUSDT,2024-05-16,LONG,-0.06060594486832176,0.05002774199837463,5178828.06294,0.025128656671273664,0.0015462592205460859,0.069405441113927
ROSE,rose,ROSEUSDT,2024-05-16,LONG,-0.012187220475710723,0.011880918719357297,12913542.18215,0.06898516700024364,0.01775431779577716,0.02160701377944974
1INCH,1inch-swap,1INCHUSDT,2024-05-17,SHORT,0.014020396700324839,-0.017096297355250766,11679145.4319,-0.005302373236083807,-0.057791125028408025,-0.07037588093307681
ANKR,ankr,ANKRUSDT,2024-05-17,SHORT,0.013345223152157496,-0.029678857860496923,9250692.10123,-0.004672385850387712,-0.0534096972939281,-0.031393204714949025
BAKE,bakeryswap,BAKEUSDT,2024-05-17,SHORT,0.015616832700309294,-0.03304498559522294,17538175.6181,-0.00108283713883212,-0.04897931548244827,-0.21144666180664293
EOS,vaulta-rex,EOSUSDT,2024-05-17,SHORT,0.006632324424422063,-0.018900122212482384,53147300.5961,0.00979199990461765,-0.03706341737688756,-0.025256904789898477
KSM,karura-liquid-staking,KSMUSDT,2024-05-17,SHORT,0.030676710146775223,-0.028047355039663227,8342366.683,-0.010885807645251225,-0.0682629202285537,-0.059238430788232176
LINA,linear-finance,LINAUSDT,2024-05-17,SHORT,0.015102953297912539,-0.03790077482727278,10657253.6395,0.010126668817928935,-0.04674897957407282,-0.00627748451913903
LRC,loopring,LRCUSDT,2024-05-17,SHORT,0.028638430213512055,-0.025958504790469305,8652149.8352,0.0019212301778939326,-0.05671045683632943,-0.06717420015228381
ROSE,rose,ROSEUSDT,2024-05-17,SHORT,0.011880918719357297,-0.0071923891248049715,13834141.60156,-0.0007545949800200233,-0.042851638348862534,0.05474444587401728
1INCH,1inch-swap,1INCHUSDT,2024-05-18,LONG,-0.017096297355250766,0.06163421004018618,19581252.1831,-0.04716761414646239,0.07561740640257619,0.0793452765165905
ANKR,ankr,ANKRUSDT,2024-05-18,LONG,-0.029678857860496923,0.05613153351924662,7079227.76879,-0.04564306820081788,0.03489994323900588,0.02563962079188778
BAKE,bakeryswap,BAKEUSDT,2024-05-18,LONG,-0.03304498559522294,0.03480956012421946,12133922.0947,-0.05792264773270451,0.07403066551690848,0.1846037030009454
EOS,vaulta-rex,EOSUSDT,2024-05-18,LONG,-0.018900122212482384,0.036223650546222244,40673843.821,-0.03755134565213236,0.06653284564608922,0.04327598348182187
KSM,karura-liquid-staking,KSMUSDT,2024-05-18,LONG,-0.028047355039663227,0.05907150559487131,14326926.114,-0.05461417747272073,0.053963610432489505,0.0657066378361326
LINA,linear-finance,LINAUSDT,2024-05-18,LONG,-0.03790077482727278,0.03371561567681671,5480202.71761,-0.05216306328458591,0.04715513791727768,0.041076091840895515
LRC,loopring,LRCUSDT,2024-05-18,LONG,-0.025958504790469305,0.06089782020957322,6360303.2918,-0.043630421641981415,0.11880815107162868,0.057179781133033826
ROSE,rose,ROSEUSDT,2024-05-18,LONG,-0.0071923891248049715,0.017839992304743767,11450922.70414,-0.052308900192876866,-0.0008623477951667276,-0.045520007859190775
EOS,vaulta-rex,EOSUSDT,2024-05-20,SHORT,0.033422076548473144,-0.007261112274815999,90220925.1496,-0.019733664156950274,0.03580334681460935,0.014167887518731104
LINA,linear-finance,LINAUSDT,2024-05-20,SHORT,0.02384383548635669,-0.002659703946649398,12626391.60036,0.009650255832161704,0.08254684079958666,-0.001199760191904095
SXP,swipe,SXPUSDT,2024-05-20,LONG,-0.004574486200673528,0.006431498571533567,10114569.28316,-0.006258910901533593,-0.04347250724196784,0.011280435465269986
EOS,vaulta-rex,EOSUSDT,2024-05-21,LONG,-0.007261112274815999,0.06054749605877364,96307345.3871,-0.030340717052672272,-0.032713197406302706,-0.07393115312753398
LINA,linear-finance,LINAUSDT,2024-05-21,LONG,-0.002659703946649398,0.09434220958813902,12218108.00029,-0.012210163906931509,-0.030809584143197077,0.007255170881171795
EOS,vaulta-rex,EOSUSDT,2024-05-24,SHORT,0.022482315014489652,-0.00598110398501612,55819648.9405,-0.009456335242035444,0.0011883542693786767,0.032591901001464016
LINA,linear-finance,LINAUSDT,2024-05-24,SHORT,0.029491899498053822,-0.020098699084185725,11272281.89318,-0.024692612590371633,-0.04162167469081945,-0.08157998699242285
ONE,one-dex,ONEUSDT,2024-05-25,SHORT,0.019764592261705644,-0.04108905194609597,5350644.07497,0.032863637179916756,-0.03652579944805527,0.032863637179916756
EOS,vaulta-rex,EOSUSDT,2024-05-26,LONG,-0.007884856555883607,0.012852819536287328,35826935.4512,0.011961865117499885,-0.029306126585499245,-0.03801806718752083
LINA,linear-finance,LINAUSDT,2024-05-26,LONG,-0.007459409334450136,0.04240777241048505,9585613.90201,0.044124804908938095,0.04771547303966679,0.19415601444095756
ONE,one-dex,ONEUSDT,2024-05-27,LONG,-0.016206629069460122,0.026102013101502383,6764277.61035,0.028585748911441177,-0.048153284419347124,-0.03078538898948517
BEL,bella-protocol,BELUSDT,2024-05-28,SHORT,0.025453669629747284,-0.00019490735498146704,14501311.3681,-0.011998198302638251,-0.05531412562039851,-0.12831172597966187
CELR,cbridge,CELRUSDT,2024-05-28,SHORT,0.045202356958544875,-0.011853661121813347,7208466.39751,0.005386700212625185,0.037135398527205425,0.04915477399298949
EOS,vaulta-rex,EOSUSDT,2024-05-28,SHORT,0.04581687866788497,-0.02127483351910772,103755981.4374,0.002475248788542877,-0.007389196182370865,-0.004932192489318872
LINA,linear-finance,LINAUSDT,2024-05-28,SHORT,0.05698138184428634,-0.003389570747745339,19635168.19826,-0.007194275634027231,-0.04356191980490202,-0.23866625105471867
REN,renvm,RENUSDT,2024-05-28,SHORT,0.0667398421435828,-0.0005361549220985086,22953856.01355,0.004759000075719545,0.06819867489124468,0.010088701793320824
1INCH,1inch-swap,1INCHUSDT,2024-05-29,SHORT,0.025752406737943174,-0.0025177713641661376,176144175.3196,-0.028801990903706182,0.017605367715351896,0.02278189858313492
BAKE,bakeryswap,BAKEUSDT,2024-05-29,SHORT,0.03822360133107833,-0.009056301294590558,17843886.1637,0.005291017634415771,0.00994373456885507,-0.16250243859662916
LINA,linear-finance,LINAUSDT,2024-05-29,LONG,-0.003389570747745339,0.003352899907716678,25766028.89665,0.0035778213478839024,0.03059062059395255,0.27415006623320454
LRC,loopring,LRCUSDT,2024-05-29,SHORT,0.00917082772986861,-0.029974981214844616,11713411.7464,0.01847543948366937,0.029135345609017725,0.005398609476772579
ONE,one-dex,ONEUSDT,2024-05-29,SHORT,5.674469467598343e-06,-0.017808442429636882,9083759.78733,0.023691313067553,0.016341716364736917,-0.030594272653857908
SXP,swipe,SXPUSDT,2024-05-29,SHORT,0.0047484945106045316,-0.005067987843158336,8696643.3259,0.014990191329386868,0.025794793445276947,-0.0037126988241629995
1INCH,1inch-swap,1INCHUSDT,2024-05-30,LONG,-0.0025177713641661376,0.008484654796951773,88461929.2431,-0.048671897952039016,-0.0784997761263649,-0.0495000553492678
ONE,one-dex,ONEUSDT,2024-05-30,LONG,-0.017808442429636882,0.007678212321229356,10274897.70703,0.001843318494289093,-0.0013847221229467271,0.03623584845404481
ROSE,rose,ROSEUSDT,2024-05-30,SHORT,0.0019111371746257438,-0.00010711799056890178,36061074.32214,-0.027260448024782523,0.019175751168069334,-0.15402146694886168
ANKR,ankr,ANKRUSDT,2024-05-31,SHORT,0.02998921312823239,-0.005423914608482345,10356916.24247,-0.0032596070770373902,0.011021333276047119,0.049723435352430505
BEL,bella-protocol,BELUSDT,2024-05-31,LONG,-0.015214342700329854,0.014803885158310711,27536459.2052,-0.027759269634274716,-0.02321932624026459,-0.0947134044313778
REN,renvm,RENUSDT,2024-05-31,LONG,-0.024021111494879125,0.024705050715919073,8930220.18213,-0.005678937723120241,0.028767636740218684,-0.04241442385592742
RSR,reserve-protocol,RSRUSDT,2024-05-31,SHORT,0.023466385090326787,-0.0019644831803385717,17995999.791662,-0.08121916123965611,-0.03161826739831561,0.09965754433232964
SXP,swipe,SXPUSDT,2024-05-31,LONG,-0.007790062853402814,0.0004443457082664513,8326792.03744,0.0008811867217279165,-0.012121360532344737,-0.07313645119525679
ANKR,ankr,ANKRUSDT,2024-06-01,LONG,-0.005423914608482345,0.018327320531233256,5144677.62332,0.011325672893004677,0.007410872268628873,-0.09887300448896624
REN,renvm,RENUSDT,2024-06-01,SHORT,0.024705050715919073,-0.015186355190108709,5571893.78579,-0.03176238834937609,-0.06364369917481502,0.09233563618625532
RSR,reserve-protocol,RSRUSDT,2024-06-01,LONG,-0.0019644831803385717,0.007316358812288164,35256447.672653,-0.05969232947528029,-0.05512357422924583,-0.23998624036299598
BAKE,bakeryswap,BAKEUSDT,2024-06-02,LONG,-0.01626242135667329,0.005628716715832603,14911023.9737,0.054662057032035756,0.20048381450477687,0.05854681426458167
BEL,bella-protocol,BELUSDT,2024-06-02,SHORT,0.0003172741909788345,-0.005922657559292802,13030488.307,-0.02842071630324283,-0.10348382350819976,0.10636049766919252
ONE,one-dex,ONEUSDT,2024-06-02,SHORT,0.008748314645046208,-0.005985684834335249,9544208.06051,-0.01921376582014613,-0.05613145611169507,0.1422129806683819
SXP,swipe,SXPUSDT,2024-06-02,LONG,-0.012451695164327885,0.013249922423427232,6560471.8232,0.0068646740249064045,0.049374713548419234,-0.08692970099824203
ANKR,ankr,ANKRUSDT,2024-06-03,SHORT,0.033583236051839355,-0.023026122642073824,12488634.39019,-0.021691812621713456,-0.04472852526908901,0.07921777097010477
BAKE,bakeryswap,BAKEUSDT,2024-06-03,SHORT,0.005628716715832603,-0.01654573957520332,24523977.9456,-0.08636223707718896,-0.09200107083422897,-0.008722394178692819
RSR,reserve-protocol,RSRUSDT,2024-06-03,SHORT,0.01056193087203409,-0.015482602993214033,25131235.599839,0.005528609204575449,0.006638008393860343,0.11614568534911518
1INCH,1inch-swap,1INCHUSDT,2024-06-04,SHORT,0.010705744192656054,-0.00047766944480773406,20134346.7485,-0.0022861903338066113,0.04228825136049731,0.16523981950966313
BEL,bella-protocol,BELUSDT,2024-06-04,LONG,-0.003897543298800379,0.0008357117494945413,52593170.6077,-0.021749443661320447,-0.16830662905739063,-0.30718640803940567
1INCH,1inch-swap,1INCHUSDT,2024-06-05,LONG,-0.00047766944480773406,0.019868669383078626,15705155.4442,0.0024885952287652534,-0.06653386599646713,-0.12643748725478318
BAKE,bakeryswap,BAKEUSDT,2024-06-05,LONG,-0.012314563471825378,0.029472553016708557,60187902.1808,-0.05386471170879578,-0.16884020950330134,0.048442909481343464
KSM,karura-liquid-staking,KSMUSDT,2024-06-05,LONG,-0.025605456134758137,0.01290909699717755,6485730.332,-0.0061444125723409855,-0.1376966951501001,-0.08298219474122343
REN,renvm,RENUSDT,2024-06-05,LONG,-0.010596180851063145,0.015941947421031017,41524266.19411,-0.061779206706533765,-0.2430592219249397,-0.2742914286520159
RSR,reserve-protocol,RSRUSDT,2024-06-05,LONG,-0.022909614933490096,0.02668835377242032,31767137.425822,-0.06343560678699357,-0.24718887373145876,-0.12001378909828989
ANKR,ankr,ANKRUSDT,2024-06-06,LONG,-0.005773354540670599,0.007243703489517168,13010152.38327,-0.0832051227780493,-0.10701577147176784,-0.17101896069077288
ONE,one-dex,ONEUSDT,2024-06-06,LONG,-0.058359727594636104,0.00880038941883344,5213037.7146,-0.1163938764298483,-0.1798335512453734,-0.25328637637705415
ROSE,rose,ROSEUSDT,2024-06-06,LONG,-0.0035763571769581544,0.004702370533115566,56505321.7229,-0.06837756258247785,0.013267902744080545,0.03887265935059462
ONE,one-dex,ONEUSDT,2024-06-07,SHORT,0.00880038941883344,-0.0062195413934113515,16312405.71528,0.07042246429654582,0.09376137981447444,0.17912666589743548
1INCH,1inch-swap,1INCHUSDT,2024-06-08,SHORT,0.016518024570501603,-0.0051173785549471105,31971052.5634,0.016788307003256935,0.10056257325568725,0.08594242980072477
ANKR,ankr,ANKRUSDT,2024-06-08,SHORT,0.005712038676195854,-0.03504191282028438,11413715.96421,-0.022335953942063082,0.0540529617324272,0.12099661255910708
KSM,karura-liquid-staking,KSMUSDT,2024-06-08,SHORT,0.06971546793314497,-0.00016632497769452677,7935608.626,-0.013615151844408367,0.03468969321819129,0.07062614027140565
REN,renvm,RENUSDT,2024-06-08,SHORT,0.01993757622148027,-0.020032611714372327,8628047.38597,-0.00048034585824724885,0.07135220051650151,0.1312460952269832
ROSE,rose,ROSEUSDT,2024-06-08,SHORT,0.003872143770061324,-0.009685502076333194,21663999.67808,-0.12636567977061727,-0.15139007736735036,-0.14881585962861607
SXP,swipe,SXPUSDT,2024-06-08,SHORT,0.02144760070783227,-0.009677928487780084,8129670.43925,-0.0138160092385736,0.04470775004390365,0.06358942987632227
BEL,bella-protocol,BELUSDT,2024-06-09,SHORT,2.312311232869793e-05,-0.0007385502654375038,5128698.0636,0.03133287769437893,0.056131177828950087,0.1428876803428787
BEL,bella-protocol,BELUSDT,2024-06-10,LONG,-0.0007385502654375038,0.0067629624246419145,6786180.8889,-0.044621320195398634,-0.07806571671272762,-0.2471137468054771
LINA,linear-finance,LINAUSDT,2024-06-10,SHORT,0.056327160508504275,-0.044417961186144835,23113279.13978,0.05604668498725808,0.1079593662016714,0.26459143688031517
BAKE,bakeryswap,BAKEUSDT,2024-06-11,SHORT,0.012878146930982218,-0.022710077389663214,112916617.715,-0.2394391108818536,-0.2761597327090918,-0.26476359797822224
BEL,bella-protocol,BELUSDT,2024-06-11,SHORT,0.0067629624246419145,-0.014702884507195856,9324780.2004,-0.01969302331056313,0.07571912447590373,0.305121706737137
RSR,reserve-protocol,RSRUSDT,2024-06-12,SHORT,0.04143926420369743,-0.021015276708851276,36123856.483852,0.10697211955216783,0.18616756443884547,0.3026342287670697
RSR,reserve-protocol,RSRUSDT,2024-06-16,LONG,-0.0030308329818072542,0.012236644934870939,9551041.986701,-0.09932073260390595,-0.11457749500061701,-0.16013028276113592
LRC,loopring,LRCUSDT,2024-06-17,LONG,-0.16140102274095985,18.17213911220135,11316076.8868,-0.06842774007886183,-0.02344974479578427,-0.007888579826140843
BAKE,bakeryswap,BAKEUSDT,2024-06-19,LONG,-0.011769437889630151,0.0053272063346786035,214757447.6496,-0.006620547805588955,0.17635498189695134,-0.195120572373136
BAKE,bakeryswap,BAKEUSDT,2024-06-20,SHORT,0.0053272063346786035,-0.027497067145751543,111494633.0243,-0.15104025741286592,0.09229540513623505,0.17294536116539921
LRC,loopring,LRCUSDT,2024-06-20,SHORT,18.052583238818155,-0.1623378879514987,8864295.5726,0.010705245359063103,0.015630785984522593,-0.049341158728526
1INCH,1inch-swap,1INCHUSDT,2024-06-21,LONG,-0.008969038778633502,0.002398607229779068,30512644.7577,0.019983395954318053,-0.014558490065162405,-0.021154150708456904
SXP,swipe,SXPUSDT,2024-06-21,LONG,-0.02451316850765678,0.0032752455157874947,12367073.86705,0.005967791731906267,-0.0035978451762403124,-0.000399121937048441
1INCH,1inch-swap,1INCHUSDT,2024-06-22,SHORT,0.002398607229779068,-0.00044055357846649833,11307819.8718,0.05446082855030569,0.027738281597093236,0.06431057122043703
BAKE,bakeryswap,BAKEUSDT,2024-06-22,LONG,-0.012731144132243593,0.0003173951572233805,270890202.0139,-0.2752709348387754,-0.36602198685444354,-0.34485527733131793
ROSE,rose,ROSEUSDT,2024-06-22,LONG,-0.013362396492774278,0.0038659541849469744,12881815.6991,-0.014589118176144548,0.01740309312757828,0.048298910050525314
BAKE,bakeryswap,BAKEUSDT,2024-06-23,SHORT,0.0003173951572233805,-0.029224092671868155,291375813.3592,0.0802910828869671,0.09620461943131207,0.047466537238923724
ROSE,rose,ROSEUSDT,2024-06-23,SHORT,0.0038659541849469744,-0.010485256065426257,14864116.68815,-0.0214777791713299,-0.026911393930872458,-0.10295280983979918
RSR,reserve-protocol,RSRUSDT,2024-06-25,SHORT,0.013831382982762224,-0.20825865803589227,7327019.289269,0.04049558439012816,0.08196074419275909,0.07019806492026792
EOS,vaulta-rex,EOSUSDT,2024-06-26,LONG,-0.1257198522902423,0.05784170832527541,36377529.555,0.02401487620387392,-0.017513582492708357,-0.028170876966696106
KSM,karura-liquid-staking,KSMUSDT,2024-06-26,LONG,-0.08426263581469333,0.02401584724773659,6046795.834,0.046184865257668656,0.0017331026868350958,-0.010900478544616322
LINA,linear-finance,LINAUSDT,2024-06-26,LONG,-0.13231493739134484,0.07696653938776865,13921795.11848,-0.001606426048273799,-0.037616863571306836,-0.07151841524698829
ROSE,rose,ROSEUSDT,2024-06-26,LONG,-0.012410149268311672,0.002389172733554821,45348407.71404,0.052771555290884335,0.03597663429579745,0.005835331016836981
KSM,karura-liquid-staking,KSMUSDT,2024-06-27,SHORT,0.02401584724773659,-0.0656216798093737,6371847.49,0.0375333957524139,0.015012792389185209,0.1623241685662021
ROSE,rose,ROSEUSDT,2024-06-27,SHORT,0.002389172733554821,-0.014396434685086175,23028417.09626,0.005773807152477011,-0.023269860618042242,0.14679287274381317
SXP,swipe,SXPUSDT,2024-06-27,SHORT,0.0024262842731297175,-0.014921962731079898,5813565.64792,0.02561716437030033,0.04211985323585505,0.15046099703181925
KSM,karura-liquid-staking,KSMUSDT,2024-06-28,LONG,-0.0656216798093737,0.006479381234430541,6196677.754,-0.007762005335489189,0.016613800662655432,-0.13304059506865845
ONE,one-dex,ONEUSDT,2024-06-28,LONG,-0.014141927267258974,0.015126983189201961,5129676.77095,-0.02642712903516216,-0.0075784034764947465,-0.19739687168462774
LINA,linear-finance,LINAUSDT,2024-06-29,SHORT,0.026640876124942394,-0.003251018215179506,9267091.89767,-0.03922071315328133,-0.021435280720065085,0.15860503017663852
KSM,karura-liquid-staking,KSMUSDT,2024-07-01,LONG,-0.042960459849529446,0.017043514293712512,6020012.839,0.015094626222484888,-0.14183421902548057,-0.1398886931199892
LINA,linear-finance,LINAUSDT,2024-07-01,LONG,-0.02802612561788432,0.005792641882890212,13204729.46934,-0.001629992210930953,-0.1954364988717826,-0.1816703031076345
LRC,loopring,LRCUSDT,2024-07-01,LONG,-0.05649306180028057,0.007733834972144957,7247486.5492,-0.023098620008226836,-0.1929698081844319,-0.23068904423810496
ROSE,rose,ROSEUSDT,2024-07-01,LONG,-0.01299491141884824,0.006203458960522144,63681983.50408,0.04819487087232301,-0.15038464632146567,-0.21328146304910195
RSR,reserve-protocol,RSRUSDT,2024-07-01,LONG,-0.025964305031163034,0.019418150512309957,8587186.035389,-0.0007305936398032841,-0.2463708786387752,-0.21577619796703956
1INCH,1inch-swap,1INCHUSDT,2024-07-02,LONG,-0.008949461555690015,0.02785571575551341,6022777.4002,-0.05500289058644246,-0.1011816545828595,0.022115449723206435
ANKR,ankr,ANKRUSDT,2024-07-02,LONG,-0.016144164503992413,0.01833036549320209,6617772.5315,-0.019648328566825544,-0.18925597714871464,-0.08722487298739079
BAKE,bakeryswap,BAKEUSDT,2024-07-02,LONG,-9.575261516652437e-05,0.030281050165239198,44266940.486,-0.07324117796305837,-0.36581090394303306,-0.07466923961239322
1INCH,1inch-swap,1INCHUSDT,2024-07-03,SHORT,0.02785571575551341,-0.0018955109915174669,9644734.733,0.08301223894154629,-0.04084323699245472,-0.08497354347530146
ANKR,ankr,ANKRUSDT,2024-07-03,SHORT,0.01833036549320209,-0.009984164864990654,7192570.98001,0.12797338504475528,0.10947574780293284,0.0672343716199641
LINA,linear-finance,LINAUSDT,2024-07-03,SHORT,0.0075198770784686945,-0.04914205003547766,13588585.99705,0.13846967426510517,0.12470347850095713,0.12080483808529992
LRC,loopring,LRCUSDT,2024-07-03,SHORT,0.023487087253055462,-0.02979691573912826,5994009.07977,0.13419096392710275,0.1410695162924243,0.1359061713730933
ROSE,rose,ROSEUSDT,2024-07-03,SHORT,0.0027376328092842362,-0.0004416608398509613,30302232.66863,0.0998566484697658,0.08414549900415177,0.13167064086699695
BAKE,bakeryswap,BAKEUSDT,2024-07-04,SHORT,0.010606237563699585,-0.016876813457765278,63722610.1491,0.09086785726868196,-0.14670267168424403,-0.16240980088960216
EOS,vaulta-rex,EOSUSDT,2024-07-04,SHORT,0.010365021424638889,-0.02724451064435389,140622792.5513,0.04490550367394962,0.020161973290344193,-0.035297782081023896
KSM,karura-liquid-staking,KSMUSDT,2024-07-04,SHORT,0.0010691864578547287,-0.007803225587604752,10038445.436,0.008306913147664916,0.02015305365182733,-0.01401327594292256
CELR,cbridge,CELRUSDT,2024-07-05,SHORT,0.03556216415094777,-0.01532337181046006,14381637.42102,-0.029514060513164006,0.012364917970949876,-0.009935121843350459
SXP,swipe,SXPUSDT,2024-07-05,SHORT,0.022786979703499435,-0.032970294181855805,21482028.41503,-0.05589037583179076,-0.00045610034998195143,-0.04765987669527524
SXP,swipe,SXPUSDT,2024-07-07,LONG,-0.05243085001823249,0.027844478008275254,5856699.43813,0.011465385858351294,0.08188602616782568,0.11942170869820372
SXP,swipe,SXPUSDT,2024-07-08,SHORT,0.027844478008275254,-0.008616944383061535,12137660.67238,-0.05024395241111615,-0.04109555491041704,-0.16096733880635603
ONE,one-dex,ONEUSDT,2024-07-09,SHORT,0.0520402701225664,-0.011744630300749934,5896696.40942,-0.0022770408320521504,-0.025507759547212665,-0.10998506428861488
EOS,vaulta-rex,EOSUSDT,2024-07-10,LONG,-0.003801649807732909,0.12669103656727496,73885158.0236,-0.007677580899034306,0.04486733835705834,0.1373481911512233
1INCH,1inch-swap,1INCHUSDT,2024-07-12,LONG,-0.03297837895652937,0.006705015121652899,10192186.5632,0.018005352597968875,0.05725388899943068,0.03711269291837744
BAKE,bakeryswap,BAKEUSDT,2024-07-13,LONG,-0.004228599591164684,0.061714262310149016,23899942.3489,0.03019892405954946,0.03743659135977984,0.03158157205029884
LINA,linear-finance,LINAUSDT,2024-07-13,LONG,-0.11357578861019146,0.046166573997796306,6888778.56069,0.03780828353993881,0.12731947802135213,0.12893368337589323
ROSE,rose,ROSEUSDT,2024-07-13,LONG,-0.0033253452651929635,0.018455603348104678,19469995.78672,0.0405118689169011,0.12314168877538696,0.15578410748974783
ANKR,ankr,ANKRUSDT,2024-07-15,LONG,-0.012221931359717693,0.09118804609015327,5641189.14349,0.014531299288537452,0.025941366026568307,0.05532706395659641
ONE,one-dex,ONEUSDT,2024-07-15,LONG,-0.00035909173842090913,0.05099998884988297,6092685.65486,-0.010832875062922683,0.008716112840364778,-0.002022245380767809
CELR,cbridge,CELRUSDT,2024-07-16,LONG,-0.014222383030249678,0.008171816652876349,6382395.8156,-0.014629310015959155,0.05319328632280203,-0.04889390399005521
CELR,cbridge,CELRUSDT,2024-07-18,SHORT,0.006611667445014104,-0.020059064171108486,7761086.47247,-0.05250196241002817,-0.05773415224033019,0.09489561474622138
ONE,one-dex,ONEUSDT,2024-07-18,SHORT,0.009313893049057066,-0.004265405298661517,6182689.68849,-0.04630758865586771,-0.045670036833188266,0.10848064299406995
CELR,cbridge,CELRUSDT,2024-07-19,LONG,-0.020059064171108486,0.0026219761210794106,9603125.21452,-0.00856677397385196,-0.05046479392590923,-0.11091689784318418
CELR,cbridge,CELRUSDT,2024-07-23,SHORT,0.019688849937453488,-0.029874542223549978,6107727.86049,0.014641549992948118,0.008759180089881578,0.0385232819963354
KSM,karura-liquid-staking,KSMUSDT,2024-07-23,SHORT,0.05067767316540144,-0.034649179090985825,11386778.174,0.014793875152956928,-0.020768156137447525,0.011290404096459825
ONE,one-dex,ONEUSDT,2024-07-23,SHORT,0.04489451172733693,-0.02225777804954482,6383847.99076,0.054144277714158986,0.016078640684851833,0.05928190369375076
ROSE,rose,ROSEUSDT,2024-07-23,SHORT,0.029866741822854287,-0.0030457869235550467,14851050.55296,0.010820767350398422,-0.0,0.07051533622986345
SXP,swipe,SXPUSDT,2024-07-23,SHORT,0.04600870689618,-0.0012903514660511984,5501627.19911,0.033156622240224254,0.014645027231811714,0.04049460869313718
1INCH,1inch-swap,1INCHUSDT,2024-07-24,SHORT,0.011956868595298265,-0.011303545623944724,9386678.3719,0.04713765363043954,0.024646305115344404,0.10509593039368188
BAKE,bakeryswap,BAKEUSDT,2024-07-24,SHORT,0.00857152950034001,-0.001330137422434764,17553945.0376,0.030612607103125102,-0.009740969288860252,0.048124763045012196
LINA,linear-finance,LINAUSDT,2024-07-24,SHORT,0.005267251140308202,-0.11705848289868812,7073873.32385,0.005560718684697065,-0.07476790750401094,-0.01649899938003507
ANKR,ankr,ANKRUSDT,2024-07-25,SHORT,0.01049498050219449,-0.02081844460305971,9136947.46219,-0.056738606563484485,-0.04564550748996036,0.018718050826763807
REN,renvm,RENUSDT,2024-07-25,SHORT,0.028290912070493265,-0.003974142444294917,5134274.3202,-0.032428263007488634,-0.006788594996798752,0.07931053601980018
SXP,swipe,SXPUSDT,2024-07-25,SHORT,0.005412179214359109,-0.011859829746386157,6525701.25718,-0.04318389911288251,-0.046765992495386946,0.026150794288181636
RSR,reserve-protocol,RSRUSDT,2024-07-26,SHORT,0.015025840459724831,-0.028087819279778718,8174074.460425,0.0273672890120214,0.05510282280421821,0.20128347294801913
REN,renvm,RENUSDT,2024-07-27,SHORT,0.013342534449314282,-0.008982623962012349,6409034.9603,0.030731976914402364,0.046127046749948275,0.24832570169807458
SXP,swipe,SXPUSDT,2024-07-27,SHORT,0.0013384102609474155,-0.009419932886798972,11268118.99571,0.029747790403348556,0.059179465247178306,0.189675954176547
BEL,bella-protocol,BELUSDT,2024-07-29,SHORT,0.009344142362672104,-0.007633010455293437,6030861.3129,0.021978906718775115,0.05588045839445638,0.42629524962306625
EOS,vaulta-rex,EOSUSDT,2024-07-29,SHORT,0.003782406895597903,-0.03510471691054381,99481544.3494,0.006993035490970637,0.046354109371550725,0.2545551141533261
EOS,vaulta-rex,EOSUSDT,2024-07-30,LONG,-0.03510471691054381,0.009894283340539314,84608561.3773,0.022550825521896613,-0.09180754925312273,-0.2165861507680506
RSR,reserve-protocol,RSRUSDT,2024-07-30,LONG,-0.0036394322398044594,0.01633342106307471,6232561.959798,-0.026513566331872122,-0.12875366402332655,-0.3097276056594556
LINA,linear-finance,LINAUSDT,2024-07-31,LONG,-0.01647723308505578,0.012444235698671653,13194788.96639,-0.04851697744460775,-0.17037138742329672,-0.32668423025505006
BEL,bella-protocol,BELUSDT,2024-08-01,SHORT,0.004234541539184235,-0.0063977099400638225,5507868.9245,0.08519304737106094,0.25001271322924945,0.1955303124548414
ANKR,ankr,ANKRUSDT,2024-08-02,LONG,-0.04178982374289917,0.0004442633748672966,6905353.11644,-0.04530525254292796,-0.14431433083127543,-0.039040549203600255
BAKE,bakeryswap,BAKEUSDT,2024-08-02,LONG,-0.022463773100089176,0.00551483716348912,48170363.7842,-0.01675902702536119,0.0957891158386792,0.2545070923683755
LINA,linear-finance,LINAUSDT,2024-08-02,SHORT,0.012308942450700496,-0.007824303350224212,17811495.78956,0.07287302293841895,0.3441320200913561,0.15851090810023602
ANKR,ankr,ANKRUSDT,2024-08-03,SHORT,0.0004442633748672966,-0.09404033578673267,8399998.47543,0.05075595996661981,0.046220804801228504,-0.03398010318587454
BAKE,bakeryswap,BAKEUSDT,2024-08-03,SHORT,0.00551483716348912,-0.06861497228554478,35511268.1295,0.018310956884720748,-0.17680810381984552,-0.24653786107679676
EOS,vaulta-rex,EOSUSDT,2024-08-03,SHORT,0.011307054924732456,-0.07985522363638886,102888349.2463,0.05171783270850975,0.07752571666438232,0.018311803642337733
RSR,reserve-protocol,RSRUSDT,2024-08-03,SHORT,0.03039775934859392,-0.011492082858508198,7560912.017952,0.05298413175468004,0.1208432689529774,0.04185133068936925
REN,renvm,RENUSDT,2024-08-08,LONG,-0.1757323139419162,1.4711593818006923,6437651.85471,-0.011576030346923933,-0.0774738589766822,-0.09228050761644649
ROSE,rose,ROSEUSDT,2024-08-08,LONG,-0.06980265767404449,0.13157544153574627,11548192.38168,-0.02339012527604843,-0.08395518723977712,-0.11306184736602917
EOS,vaulta-rex,EOSUSDT,2024-08-11,LONG,-0.048078816246588184,0.022948008264397825,61981307.7963,0.07042246429654579,0.08432536946553719,0.05225849366887458
EOS,vaulta-rex,EOSUSDT,2024-08-12,SHORT,0.022948008264397825,-0.006656709370754555,100652894.4688,-0.013930573535946783,0.02024360627664666,0.02024360627664666
1INCH,1inch-swap,1INCHUSDT,2024-08-13,LONG,-0.058343368907240296,0.07129609361967809,10913786.7385,-0.03627043882450427,-0.09884096512730861,-0.024289619187448992
ANKR,ankr,ANKRUSDT,2024-08-13,LONG,-0.05356109203359852,0.1021473496658922,5864130.28665,-0.022236141446881734,-0.047402238894583906,-0.007745972114655229
BAKE,bakeryswap,BAKEUSDT,2024-08-13,LONG,-0.014658425600901146,0.07742577446321383,32526560.1239,0.03985812695863531,-0.06727398677590353,-0.1191132913398535
EOS,vaulta-rex,EOSUSDT,2024-08-13,LONG,-0.006656709370754555,0.13889238996366243,84426326.4368,0.001974334303717608,-0.024001152099543014,-0.03009254149294502
LINA,linear-finance,LINAUSDT,2024-08-13,LONG,-0.0985804190211351,0.14921539734670072,18222372.98219,-0.02336554895621177,-0.0817763111126264,-0.032866808080351986
RSR,reserve-protocol,RSRUSDT,2024-08-13,LONG,-0.048474035046906144,0.12698633387652325,5971153.827175,-0.02700113091217634,0.0374889769698359,0.28232722297873925
1INCH,1inch-swap,1INCHUSDT,2024-08-16,SHORT,0.08826445496487131,-0.036811180407485954,8144610.4275,-0.007425776696849477,-0.040573516447166454,-0.15468292502743947
ANKR,ankr,ANKRUSDT,2024-08-16,SHORT,0.11803437358379816,-0.02624569115549449,5645166.42399,0.008939515038808642,-0.04043356957849067,-0.13666160167304445
BAKE,bakeryswap,BAKEUSDT,2024-08-16,SHORT,0.1058833063863552,-0.00899186714579035,71236069.7983,-0.1795305976839325,-0.1594875837554461,0.024717696517010654
KSM,karura-liquid-staking,KSMUSDT,2024-08-16,SHORT,0.05682634907630838,-0.06239329252872047,5699321.8043,-0.006653621647520724,-0.05660194185786422,-0.2452494354143378
LINA,linear-finance,LINAUSDT,2024-08-16,SHORT,0.072388386963607,-0.08124981166613292,18936388.18125,0.0025157245972473583,-0.06563716363997925,-0.20591048419043445
ONE,one-dex,ONEUSDT,2024-08-16,SHORT,0.06295501968252958,-0.05482049443450958,5546321.95636,-0.01632297403193052,-0.0619334852839828,-0.25346334927547304
ROSE,rose,ROSEUSDT,2024-08-16,SHORT,0.04002685222097501,-0.009374663181005181,10169121.17049,-0.010159484826113107,-0.031880731851290346,-0.1340814173895027
BAKE,bakeryswap,BAKEUSDT,2024-08-17,LONG,-0.00899186714579035,0.0013516748709480881,173605525.267,-0.012087287008491699,-0.23198385304603789,-0.22846643823415944
1INCH,1inch-swap,1INCHUSDT,2024-08-19,LONG,-0.029054462787541275,0.009985129861801875,8734790.4991,0.03478951584437255,0.054946121446131695,0.0200833684546771
CELR,cbridge,CELRUSDT,2024-08-19,LONG,-0.02416173705240318,0.004250524613020507,5795323.26781,0.030962225603967105,0.08932974171198241,0.12563869182561363
LINA,linear-finance,LINAUSDT,2024-08-19,LONG,-0.10405551812613531,0.03486910434963674,14356010.79833,-0.014218249002279137,0.03695570652242912,0.03695570652242912
REN,renvm,RENUSDT,2024-08-19,LONG,-0.028409081791011568,0.0332402207913815,11307749.85928,0.05382983254512528,0.12647474664708688,0.05495380703683788
ROSE,rose,ROSEUSDT,2024-08-19,LONG,-0.005301856015034114,0.008848506830334855,6686082.31185,0.006462607526645989,0.03404941084577827,0.03041484547018805
1INCH,1inch-swap,1INCHUSDT,2024-08-20,SHORT,0.009985129861801875,-0.015845410539366007,22439752.8522,-0.01827925990781746,-0.08010183204166194,0.08331477295453205
ROSE,rose,ROSEUSDT,2024-08-20,SHORT,0.008848506830334855,-0.0012398958143797535,7285316.52102,-0.026275463581159796,-0.0965889031041957,0.025939786461269387
TLM,alien-worlds,TLMUSDT,2024-08-20,SHORT,0.008930398743472252,-0.00022979548303220476,88523342.681752,0.0030938900566818014,-0.10430649502665702,0.07626108814058954
BAKE,bakeryswap,BAKEUSDT,2024-08-21,SHORT,0.017881549439890954,-0.014286695350411114,153480145.3029,-0.010064786616140837,-0.02849195579430624,0.0614604117429949
EOS,vaulta-rex,EOSUSDT,2024-08-21,SHORT,0.02791803134978222,-0.008573453548510234,68232281.9111,-0.02303364787762613,-0.07480121308269834,0.041631383475813716
LINA,linear-finance,LINAUSDT,2024-08-21,SHORT,0.014426135927064371,-0.0399897944381441,10734131.35562,-0.006825965070399891,-0.12637111572018242,0.07833184326990708
REN,renvm,RENUSDT,2024-08-21,SHORT,0.01483071263575345,-0.00464125339941319,18643000.75548,-0.02649301921482974,-0.03648269646226823,0.005167970158442561
1INCH,1inch-swap,1INCHUSDT,2024-08-22,LONG,-0.030681759290742044,0.017143062900022793,8115776.2415,0.05993755743807324,0.02308367575030851,-0.07020425867324857
EOS,vaulta-rex,EOSUSDT,2024-08-22,LONG,-0.008573453548510234,0.04218630256133283,63006782.472,0.049871830040173155,0.011299555253933466,-0.08701137698962981
LINA,linear-finance,LINAUSDT,2024-08-22,LONG,-0.0399897944381441,0.041058193348525174,7612103.2086,0.10331761402802614,0.08889923860375427,-0.08023169000425101
REN,renvm,RENUSDT,2024-08-22,LONG,-0.00464125339941319,0.06109135899456551,8468810.54122,0.012683401132519161,-0.03470279039022271,-0.20994375461121706
ROSE,rose,ROSEUSDT,2024-08-22,LONG,-0.01838667541833541,0.009731404061388676,7726196.68976,0.06866300178249221,0.0743435267681481,-0.07888901986530995
TLM,alien-worlds,TLMUSDT,2024-08-22,LONG,-0.009201733613094516,0.06721037269824456,37165642.260086,0.05591244890558148,-0.0012837456926314771,-0.1761374126806275
BAKE,bakeryswap,BAKEUSDT,2024-08-23,LONG,-0.0007718509047269319,0.04108020054550994,68060747.5406,-0.023938697335855085,-0.10890925729063218,-0.10167250889225868
BEL,bella-protocol,BELUSDT,2024-08-24,LONG,-0.023350400980635875,0.0016279849739607869,11575227.3825,-0.0001935171752531139,-0.09088885373605032,-0.07199660418477521
BEL,bella-protocol,BELUSDT,2024-08-25,SHORT,0.0016279849739607869,-0.00432000911900823,25269325.3594,0.03465595881757548,0.022904006017779206,0.12782457446217413
BAKE,bakeryswap,BAKEUSDT,2024-08-27,SHORT,0.023626399185036784,-0.012279318501282688,40817696.5969,-0.005392925243027677,-0.017611481223924988,0.09176298299423012
SXP,swipe,SXPUSDT,2024-08-27,SHORT,0.07186830608414707,-0.009116685785080274,8069518.04518,0.0033500868852819744,0.014437209374747868,0.08783697940035527
1INCH,1inch-swap,1INCHUSDT,2024-08-28,SHORT,0.039643312759508116,-0.045941793406102535,25880973.4408,-0.012195273093818206,0.02442679925111091,-0.12335711031573124
ANKR,ankr,ANKRUSDT,2024-08-28,SHORT,0.0274271041203221,-0.053589413803252196,6945878.11777,0.007782140442054963,0.03149866705937105,0.05148657467678418
LRC,loopring,LRCUSDT,2024-08-28,SHORT,0.048297091382555085,-0.0024681250650104873,5045809.34089,0.009241838592557013,-0.0035135387099595023,0.015640434918226597
TLM,alien-worlds,TLMUSDT,2024-08-28,SHORT,0.02976905406798749,-0.045870773993460894,10566464.945127,0.009584022484273584,0.05130267784732617,0.0718750486316526
KSM,karura-liquid-staking,KSMUSDT,2024-08-29,SHORT,0.07000982108706315,-0.04290467550607957,5091093.7671,0.009861801438679015,0.07426388174288763,0.07403412872636882
LINA,linear-finance,LINAUSDT,2024-08-29,SHORT,0.01021693392385965,-0.06362089077132008,17307188.77522,0.0024660924951936656,0.09827022143280172,0.09827022143280172
REN,renvm,RENUSDT,2024-08-29,SHORT,0.0007167928603691369,-0.029022686244494614,93440927.55944,-0.1435826967192285,0.0010333248142392103,0.08792722474113039
ROSE,rose,ROSEUSDT,2024-08-29,SHORT,0.009075145297556883,-0.015276055827038466,14004194.91477,0.0028596981061358106,0.06051308065205258,0.07984937756176952
CELR,cbridge,CELRUSDT,2024-08-31,SHORT,0.004382152540139476,-0.02197749936580501,5752239.95469,0.06257791093818436,0.05784081065391509,0.07981971737269045
EOS,vaulta-rex,EOSUSDT,2024-08-31,SHORT,0.001167681618523326,-0.051750714157554924,18902468.9469,0.05568890586058854,0.0578939784189025,0.04038806090528806
RSR,reserve-protocol,RSRUSDT,2024-08-31,SHORT,0.014086913413369517,-0.024670193332155848,9413357.078125,0.0419011960159691,0.05721481382868363,0.09108135824035418
BEL,bella-protocol,BELUSDT,2024-09-04,LONG,-0.07728439920001648,0.025378985936338107,12235456.6082,-0.03450034158098622,-0.07587967204990252,0.08564791256933778
1INCH,1inch-swap,1INCHUSDT,2024-09-05,LONG,-0.014199507557150224,0.0067974672821883835,172260587.8932,0.011330459171448893,-0.014645027231811714,0.008996735825228478
1INCH,1inch-swap,1INCHUSDT,2024-09-06,SHORT,0.0067974672821883835,-0.04170389953972175,95471341.0113,0.026762714939543217,-0.020754011632044753,-0.03547959393767768
BEL,bella-protocol,BELUSDT,2024-09-06,SHORT,0.029358691868854862,-0.029042556032398262,10358821.8531,0.019836786718205553,-0.08056809022978643,-0.2086929299933583
CELR,cbridge,CELRUSDT,2024-09-06,SHORT,0.006910774201780689,-0.009083696828174486,5853128.43645,-0.018528077561042213,-0.09923945794421446,-0.1445433722496145
EOS,vaulta-rex,EOSUSDT,2024-09-09,LONG,-0.012177850090608882,0.07086561666720309,59370263.717,-0.008146684567818138,0.018090945649039045,-0.045651080026272446
KSM,karura-liquid-staking,KSMUSDT,2024-09-09,LONG,-0.04107566611314007,0.05230679612500696,20428789.979,0.001403157333700254,-0.003868865521688865,-0.013988360903875393
BEL,bella-protocol,BELUSDT,2024-09-10,LONG,-0.006357060738475239,0.009123373194870058,10509006.7443,-0.006095890309338435,0.06090624178298512,-0.0009212345193208752
LINA,linear-finance,LINAUSDT,2024-09-10,LONG,-0.048570781838333923,0.011097457504650321,19570723.9299,-0.0025673955052458097,0.03526813883745805,-0.023347363996991062
TLM,alien-worlds,TLMUSDT,2024-09-10,LONG,-0.017726231521427646,0.02854998101384347,6251201.540166,-0.03186916137472855,0.02789337186543522,-0.04506298877750953
1INCH,1inch-swap,1INCHUSDT,2024-09-11,LONG,-0.019125055999800984,0.008102913844589854,24711218.999,0.038909235187828864,0.058574414885689145,0.024396330923101065
REN,renvm,RENUSDT,2024-09-11,LONG,-0.018503811185068598,0.0003167042520622213,6889330.0927,-0.007993647680745586,-0.010672459890771759,0.0387816979695777
SXP,swipe,SXPUSDT,2024-09-11,LONG,-0.012924654078904451,0.0017698672163158435,12320020.64572,0.02021243016767592,0.023066856463524677,0.01830494270328085
1INCH,1inch-swap,1INCHUSDT,2024-09-12,SHORT,0.008102913844589854,-0.04409541510718856,18357836.2514,-0.03781240992563068,0.046204952851394344,-0.049364615908121
REN,renvm,RENUSDT,2024-09-12,SHORT,0.0003167042520622213,-0.012389095616588764,5134540.06223,-0.01329099841631089,0.0034847910885261553,-0.08683296485713136
1INCH,1inch-swap,1INCHUSDT,2024-09-13,LONG,-0.04409541510718856,0.00858788074050244,35739373.9011,-0.018536562527802294,-0.12478840058499621,0.042918745325870186
BAKE,bakeryswap,BAKEUSDT,2024-09-13,LONG,-0.012876740115199691,0.02915808765216016,11461316.7807,-0.004731870027833365,-0.06459097465065707,0.05137196949871973
REN,renvm,RENUSDT,2024-09-13,LONG,-0.012389095616588764,1.6572134307970148,5089510.34916,-0.01570225209631308,-0.07624305231857961,0.11416767084365281
ROSE,rose,ROSEUSDT,2024-09-13,LONG,-0.0038428143063006376,0.011603762418172806,17468262.81602,0.004752938555028529,-0.04005562706431008,0.0892131023352875
SPELL,abracadabra-spell,SPELLUSDT,2024-09-13,LONG,-0.01336837530117996,0.012626963173682755,10642536.5728687,-0.011800082459010132,-0.08666689727361765,0.018595207716412807
REN,renvm,RENUSDT,2024-09-14,SHORT,1.6572134307970148,-1.3666131284316838,7510297.44168,0.0013417417818629318,-0.009076410414616539,-0.13030818274295394
RSR,reserve-protocol,RSRUSDT,2024-09-14,LONG,-0.05993153928811311,0.06422087089733985,15798128.715608,-0.029272005148520474,-0.001968827543278382,0.1081757591042089
REN,renvm,RENUSDT,2024-09-15,LONG,-1.3666131284316838,0.1010558922942702,12576904.45357,-0.05946726281374257,0.05052769526887367,0.09007238727800528
1INCH,1inch-swap,1INCHUSDT,2024-09-17,SHORT,0.033562857249736726,-0.033623893473412526,14082534.5603,-0.054396526110739675,-0.1500299179270001,-0.19907652523157246
BAKE,bakeryswap,BAKEUSDT,2024-09-17,SHORT,0.059134055817932636,-0.018580508068801602,8694945.016,-0.04125129954806619,-0.09972949713508149,-0.1211720931708572
EOS,vaulta-rex,EOSUSDT,2024-09-17,SHORT,0.05349865376018265,-0.009731581307036913,36595183.5764,-0.01441837542427167,-0.0700987604578288,-0.08545414854102355
KSM,karura-liquid-staking,KSMUSDT,2024-09-17,SHORT,0.11736812092786483,-0.015345851710190244,6817766.3531,-0.028334658982833685,-0.026792118305795795,-0.05527919572477443
LINA,linear-finance,LINAUSDT,2024-09-17,SHORT,0.025803470944800802,-0.09487043351463863,10482157.33793,-0.06108769197983807,-0.10457280391957703,-0.1597592194868678
REN,renvm,RENUSDT,2024-09-17,SHORT,0.0817745716743953,-0.0072750508822894714,5939521.65632,-0.04010954307239412,-0.12052530815201057,-0.12287825041403734
ROSE,rose,ROSEUSDT,2024-09-17,SHORT,0.03217028416637778,-0.011076952440747303,13111771.532,-0.025400792092880837,-0.09945097247035632,-0.23130929085437804
BAKE,bakeryswap,BAKEUSDT,2024-09-18,LONG,-0.018580508068801602,0.015659360592876724,13142605.8126,0.027345453890528837,0.04756357534743846,0.05845570181089236
EOS,vaulta-rex,EOSUSDT,2024-09-18,LONG,-0.009731581307036913,0.02075543968963527,51254346.5751,0.03607605647380959,0.07469089260158922,0.06899287148695142
KSM,karura-liquid-staking,KSMUSDT,2024-09-18,LONG,-0.015345851710190244,0.005576192060422977,6170227.8144,0.0038463435082950245,0.026055769642571776,0.037813475195212554
REN,renvm,RENUSDT,2024-09-18,LONG,-0.0072750508822894714,0.029027383430242096,5965946.72114,0.03979006067678389,0.08112222925594322,0.04687968822069735
ROSE,rose,ROSEUSDT,2024-09-18,LONG,-0.011076952440747303,0.011798020693242674,12513837.39133,0.03482345668772385,0.1879690102870295,0.16751452133948133
1INCH,1inch-swap,1INCHUSDT,2024-09-19,LONG,-0.00638713080163472,0.008682118423598718,26177427.3062,0.03173711559368334,0.022719921943494568,0.11539157778963831
ANKR,ankr,ANKRUSDT,2024-09-19,LONG,-0.01392138899691514,0.0012306323934248274,9507108.37129,0.005369620920357608,0.021307624310046604,0.09576690509200841
BAKE,bakeryswap,BAKEUSDT,2024-09-19,SHORT,0.015659360592876724,-0.0015229848468778701,13070559.5301,-0.030351343424138512,-0.009584125499425842,-0.07350246199292652
LINA,linear-finance,LINAUSDT,2024-09-19,LONG,-0.025846726634362906,0.02373123018891609,10765132.76255,0.023924586085245243,0.002418380864281431,0.08801974654164565
SPELL,abracadabra-spell,SPELLUSDT,2024-09-19,LONG,-0.0015389142899203873,0.009236968360327722,5534140.2522677,0.01661197439712191,-0.0018027767637167102,0.06603460965208627
TLM,alien-worlds,TLMUSDT,2024-09-19,LONG,-0.003872922083985785,0.007151947433461094,5845239.812328,0.027774520880318374,-0.006370918552634714,0.06700900586194773
BAKE,bakeryswap,BAKEUSDT,2024-09-20,LONG,-0.0015229848468778701,0.04095478799872461,15081890.1146,-0.010892126463453689,0.014831565905995171,0.0626222297423436
LRC,loopring,LRCUSDT,2024-09-20,LONG,-0.019569591254589378,0.024422535367124645,6390181.9733,0.020784501970040146,0.00663127105433525,0.12535173768805705
KSM,karura-liquid-staking,KSMUSDT,2024-09-23,SHORT,0.04974259732528967,-0.018247634954195412,5928283.9909,-0.019123937927988152,-0.057662757845096786,0.04351591170884912
KSM,karura-liquid-staking,KSMUSDT,2024-09-24,LONG,-0.018247634954195412,0.06602948819476656,5569287.997,0.010491318572579006,0.05138938051829467,-0.14215300530767974
TLM,alien-worlds,TLMUSDT,2024-09-29,SHORT,0.11576114204415451,-0.004365259521222083,5926454.650007,0.0830082547130661,0.2255462333561167,0.16714594717567044
REN,renvm,RENUSDT,2024-09-30,LONG,-1.4810638918559274,0.053999848980562516,15062697.26223,-0.13142099632402549,-0.14341470452441407,-0.07132676504143252
TLM,alien-worlds,TLMUSDT,2024-09-30,LONG,-0.004365259521222083,0.07008574981729318,6477937.926334,-0.11887008556747361,-0.15239863214997523,-0.10241679937690072
1INCH,1inch-swap,1INCHUSDT,2024-10-01,SHORT,0.06500660197335055,-0.004519858443223901,30739368.4644,0.018928009885519022,-0.005065274808135833,0.011392776928484128
BAKE,bakeryswap,BAKEUSDT,2024-10-01,SHORT,0.04096731750836443,-0.025921456659936015,27810445.6062,0.021730537832388163,-0.02672481424719984,-0.02546826957925174
CELR,cbridge,CELRUSDT,2024-10-01,SHORT,0.012088857273845071,-0.026105055752458094,8068683.07118,0.02473624355964028,-0.0026143805740708936,-0.06339257683601995
KSM,karura-liquid-staking,KSMUSDT,2024-10-01,SHORT,0.08049640047263798,-0.01282060829681235,10565539.7134,0.02306743439447987,0.006614282720438607,0.030950670689746752
LDO,lido,LDOUSDT,2024-10-01,SHORT,0.0516952776676209,-0.010983284342593717,65196435.6227,0.08814446695041946,0.06922007536554153,0.055584996474150036
RSR,reserve-protocol,RSRUSDT,2024-10-01,SHORT,0.005940226340551343,-0.03564295714549036,18787380.965277,-0.0014421923820108072,-0.03930705668959614,-0.06352574096967842
TLM,alien-worlds,TLMUSDT,2024-10-01,SHORT,0.07008574981729318,-0.023525161143764153,11421159.236844,0.023461792497765775,-0.008108846074003194,0.0005154373600018395
ANKR,ankr,ANKRUSDT,2024-10-02,SHORT,0.007571786727164,-0.08084847381109551,7727449.65978,0.009844537076486313,-0.041072746778339164,-0.0074175628012089784
BEL,bella-protocol,BELUSDT,2024-10-02,SHORT,0.020008957139695954,-0.027862438031581182,8102443.8767,-0.002028809784957912,-0.028825054136685662,-0.0034465315414057645
EOS,vaulta-rex,EOSUSDT,2024-10-02,SHORT,0.017158395086639845,-0.08314277092668808,62388635.2366,-0.002148228538289605,-0.014941579998198923,0.019544596072970283
LINA,linear-finance,LINAUSDT,2024-10-02,SHORT,0.012901694598620964,-0.18253156024305556,16899668.83235,0.022472855852058514,-0.04348511193973889,-0.019257816604414738
LRC,loopring,LRCUSDT,2024-10-02,SHORT,0.017863669572132035,-0.06267435076202504,9319770.00217,0.006891826037921258,-0.020226745490138708,-0.014573914575773362
ONE,one-dex,ONEUSDT,2024-10-02,SHORT,0.13787579672928774,-0.01908175412570596,9081389.82415,0.023750056098115042,-0.014975321455176065,-0.024835713589256195
REN,renvm,RENUSDT,2024-10-02,SHORT,0.0010410342071046517,-0.06352174067212621,6427820.37649,0.005868561443658829,-0.016251083125514074,-0.009028749261304562
ROSE,rose,ROSEUSDT,2024-10-02,SHORT,0.0018423610150735093,-0.024593452115250835,18924589.45588,0.03948173025138309,0.029576201261979983,0.060978098810122776
SXP,swipe,SXPUSDT,2024-10-02,SHORT,0.01940359383858057,-0.02770631667597929,16325505.71826,-0.044235429416934445,-0.0677558636808858,-0.024129857059688207
SPELL,abracadabra-spell,SPELLUSDT,2024-10-03,SHORT,0.04967151510813874,-0.03941945885904588,5238799.5166967,-0.04198575453962626,-0.055288058419476836,-0.013092517256240558
BAKE,bakeryswap,BAKEUSDT,2024-10-09,LONG,-0.04281036051623027,0.0164178421940374,9393105.449,0.08493380172255934,0.08687066074370711,0.12484029393278698
LINA,linear-finance,LINAUSDT,2024-10-09,LONG,-0.1497449398451852,0.02605313935492978,5882524.53169,0.013568729206069014,0.0863280834884972,0.07878087785311418
REN,renvm,RENUSDT,2024-10-09,LONG,-0.020491070638114894,0.02661303826661226,5305218.21915,0.012966613023248324,0.08182587505045127,0.03505131581086489
RSR,reserve-protocol,RSRUSDT,2024-10-09,LONG,-0.0363840188064596,0.007746570036075727,9505552.259564,-0.02409755157906053,0.032435275753153955,0.03774032798284711
SXP,swipe,SXPUSDT,2024-10-09,LONG,-0.034454904083050054,0.02426260466341979,8000525.719,-0.010201907067743241,0.23315505146215867,0.12666764376955844
RSR,reserve-protocol,RSRUSDT,2024-10-10,SHORT,0.007746570036075727,-0.0006317303851813653,7692524.002358,-0.05595014356199696,-0.022726494085386274,-0.05105870862583052
LDO,lido,LDOUSDT,2024-10-11,LONG,-0.006212550173483804,0.00491175810818519,26853566.8351,0.003626730157418304,0.10244963138121417,0.05138645196365771
RSR,reserve-protocol,RSRUSDT,2024-10-11,LONG,-0.0006317303851813653,0.004791959387062436,7221945.000682,0.0008869180182279546,0.0480716063263118,0.061511539834662926
SXP,swipe,SXPUSDT,2024-10-11,SHORT,0.007780380316536832,-0.003667402747670298,363517467.20124,-0.028001120566722108,0.015577203220310153,0.06881316082063987
1INCH,1inch-swap,1INCHUSDT,2024-10-12,LONG,-0.005573729960599156,0.004530126583095543,5773373.3892,-0.011614532420693114,0.06338311950701547,0.04735947003885823
ONE,one-dex,ONEUSDT,2024-10-12,LONG,-0.005712556747405893,0.01520825222344237,9575929.93011,-0.015915455305899568,0.04268491985095037,0.06477345594424332
REN,renvm,RENUSDT,2024-10-12,LONG,-1.4384842692064241,0.01814867433950404,5088877.74622,-0.01643577345501381,-0.008318845773437488,0.009309815878421808
ROSE,rose,ROSEUSDT,2024-10-13,LONG,-0.0005219751658340872,0.008053618064737594,12484632.18906,0.07377432707821054,0.018369723588713888,0.06651787990624604
KSM,karura-liquid-staking,KSMUSDT,2024-10-14,SHORT,0.004727058267753723,-0.03278989035605106,6400593.8254,0.028331411923527918,0.07884888131873503,0.0012609679598634762
LINA,linear-finance,LINAUSDT,2024-10-14,SHORT,0.05198174047227534,-0.007965351805598328,5755432.70814,0.029057734479542782,0.09769966720170632,0.0047846981233362704
LRC,loopring,LRCUSDT,2024-10-14,SHORT,0.0329695870567501,-0.020142067284249186,5257331.84304,0.017579264369131743,0.05352953712739171,-0.010094479860552834
ANKR,ankr,ANKRUSDT,2024-10-15,LONG,-0.0011044768456143687,0.05002552492011898,5877672.70923,-0.011287212495532379,-0.010189316685342531,0.0007238509183230779
EOS,vaulta-rex,EOSUSDT,2024-10-15,LONG,-0.024827598003392654,0.023316615427374888,56867427.1028,0.0,-0.008247469430017114,-0.008247469430017114
KSM,karura-liquid-staking,KSMUSDT,2024-10-15,LONG,-0.03278989035605106,0.028569323311986364,8643105.6128,-0.023446900048478294,-0.0038427238583387986,0.010906170905071436
LINA,linear-finance,LINAUSDT,2024-10-15,LONG,-0.007965351805598328,0.045458468046104705,10007134.30952,-0.027398974188114388,-0.02992742054147303,0.026668247082161273
LRC,loopring,LRCUSDT,2024-10-15,LONG,-0.020142067284249186,0.037277134962197214,7215852.93202,-0.015725842305464175,0.018658568546119785,0.02667032082228631
SPELL,abracadabra-spell,SPELLUSDT,2024-10-15,SHORT,0.008852916413940188,-0.04670877264688148,32308602.7593381,0.022581874515033816,0.011310832495520113,0.03381030143323453
SXP,swipe,SXPUSDT,2024-10-15,LONG,-0.007382749029859271,0.022998722819837326,39317777.10445,-0.018490511397632584,-0.008817385092394159,-0.03337523587405811
TLM,alien-worlds,TLMUSDT,2024-10-15,LONG,-0.0016598887645731379,0.03014744308946565,11325848.275309,-0.025874542081354486,-0.005159244125340803,0.049556195186609205
SPELL,abracadabra-spell,SPELLUSDT,2024-10-17,LONG,-0.050236074309929206,0.05070387328944846,8601313.4483517,0.03524068813291676,0.07637043054317905,0.04274009833275469
SPELL,abracadabra-spell,SPELLUSDT,2024-10-19,SHORT,0.0028048414730767884,-0.01062255827117833,5317816.6123497,-0.04313912017945185,0.020490091168525047,0.11216275447409157
KSM,karura-liquid-staking,KSMUSDT,2024-10-21,LONG,-0.0038008701759006144,0.07772105626273008,7648795.075,-0.01637599859203375,-0.03579932299962843,-0.09343536141971633
LINA,linear-finance,LINAUSDT,2024-10-21,LONG,-0.00872912274726337,0.10532803203449714,8144947.03494,0.0047961722634930135,-0.04423325497682554,-0.15294947848162413
SPELL,abracadabra-spell,SPELLUSDT,2024-10-22,LONG,-0.01573261833906209,0.022193001328790134,5195345.3463227,-0.05340222024826746,-0.10448660561493657,-0.016731740047900234
LRC,loopring,LRCUSDT,2024-10-23,SHORT,0.0016970666005455214,-0.005225585370564161,5778476.2418,-0.01358215187471917,0.07039973483799632,0.013608900491251033
ROSE,rose,ROSEUSDT,2024-10-23,SHORT,0.008616114350831745,-0.0027598835679287625,14533063.22693,0.008086686667726498,0.07338911654085221,0.03155849913835791
SXP,swipe,SXPUSDT,2024-10-23,SHORT,0.01141270394749557,-0.007751807052540074,9143658.04686,-0.02199681358516381,0.08551481879352,-0.04941756596242259
1INCH,1inch-swap,1INCHUSDT,2024-10-24,SHORT,0.012864443704818328,-0.02938356284615903,8576055.3703,0.10313672013914439,0.06548614667774168,0.11002631172743846
ANKR,ankr,ANKRUSDT,2024-10-24,SHORT,0.0037153136417444367,-0.04517778132016884,26569649.32356,0.11113970230962153,0.08734345948197188,0.11604969580717744
BAKE,bakeryswap,BAKEUSDT,2024-10-24,SHORT,0.014024381457521277,-0.03611084405186771,12626570.2774,0.09909090264423101,0.07169192845611645,0.08701137698962981
BEL,bella-protocol,BELUSDT,2024-10-24,SHORT,0.018388586510079272,-0.011162890510632326,5681202.425,0.04255156441215473,0.0431313305893761,0.06917803952747685
KSM,karura-liquid-staking,KSMUSDT,2024-10-24,SHORT,0.03161203515673069,-0.00020372436494998022,6305847.1386,0.10234341141949567,0.055175979665469374,0.1010161110738046
LDO,lido,LDOUSDT,2024-10-24,SHORT,0.01584309041079478,-0.04634174361382947,19487924.3884,0.0925460572387424,0.06041477905594899,0.05810375250980686
LINA,linear-finance,LINAUSDT,2024-10-24,SHORT,0.033358071048610494,-0.021831791542634416,5692665.44584,0.11715509215066316,0.10871622350479869,-0.10711776476069793
SPELL,abracadabra-spell,SPELLUSDT,2024-10-24,SHORT,0.022729382425213846,-0.06558545308601632,40880463.8763954,0.13431441298746627,0.11011287535148584,0.13526435131291364
1INCH,1inch-swap,1INCHUSDT,2024-10-25,LONG,-0.02938356284615903,0.006429450449109442,15563986.652,0.012841267948324658,0.04462734594705105,-0.015876580179280453
BEL,bella-protocol,BELUSDT,2024-10-25,LONG,-0.011162890510632326,0.01559830695965758,42857030.5284,-0.0027084559021772325,-0.0032897949360864167,-0.032796262823119544
EOS,vaulta-rex,EOSUSDT,2024-10-25,SHORT,0.05898654213836944,-0.00963131248807465,65437926.4407,-0.006764400088542063,-0.03118292743668806,0.015963850989014088
KSM,karura-liquid-staking,KSMUSDT,2024-10-25,LONG,-0.00020372436494998022,0.045533513537681855,8383249.4986,0.0217964619717917,0.04503431284538889,-0.009950330853168203
LINA,linear-finance,LINAUSDT,2024-10-25,LONG,-0.021831791542634416,0.06017739770984851,12578990.52255,-0.0028288562004777137,0.008438868645864604,0.15656906069153972
ONE,one-dex,ONEUSDT,2024-10-25,LONG,-0.02127325065589266,0.014268350687060033,8093527.54257,-0.0033030583292575134,0.025235364355074504,-0.015787614991502778
REN,renvm,RENUSDT,2024-10-25,LONG,-0.023816583942550984,1.4567824779500684,5309789.6469,0.0214039086631538,0.04034110968290443,0.014023801365531087
RSR,reserve-protocol,RSRUSDT,2024-10-25,SHORT,0.005993389517936298,-0.01727852993426428,12077773.709982,0.011522761236780374,-0.017360702103696526,-0.007500442793128891
1INCH,1inch-swap,1INCHUSDT,2024-10-26,SHORT,0.006429450449109442,-0.03430859443121872,8997276.4275,-0.02441066089946713,-0.05127336593070978,0.04316631062995341
BEL,bella-protocol,BELUSDT,2024-10-26,SHORT,0.01559830695965758,-0.007230907962104378,14282208.8663,-0.001934985123865987,-0.06939307546722209,0.038903118811537206
LINA,linear-finance,LINAUSDT,2024-10-26,SHORT,0.06017739770984851,-0.024338503938934317,7001423.22581,-0.008438868645864604,-0.25757227098041047,-0.10705399616415923
BEL,bella-protocol,BELUSDT,2024-10-29,LONG,-0.027993843993307607,0.012441204136491545,16169461.5776,-0.020803669981906445,-0.10021654346535033,-0.13536490508828386
SXP,swipe,SXPUSDT,2024-10-29,LONG,-0.017921314784628925,0.007061962065638668,79148501.02591,-0.007031278968072238,-0.08316161858389487,-0.020449001974567834
1INCH,1inch-swap,1INCHUSDT,2024-10-30,LONG,-0.03351658554889476,0.007566889027881982,13698536.2691,-0.05498715501435217,-0.07802396149407581,0.012622083809747981
BAKE,bakeryswap,BAKEUSDT,2024-10-30,LONG,-0.039371030851673226,0.001936930796033592,6296717.1567,-0.04486185074553736,-0.07004772390543902,-0.015702801994667073
BEL,bella-protocol,BELUSDT,2024-10-30,SHORT,0.012441204136491545,-0.027799514163992733,7552057.2924,0.0734274685548172,0.08821886355211965,0.00018438277917081405
LINA,linear-finance,LINAUSDT,2024-10-30,LONG,-0.15637001588127208,0.09674761730655373,118352481.32243,-0.011223462369849427,-0.12844232311705123,-0.06931179989022883
ROSE,rose,ROSEUSDT,2024-10-30,LONG,-0.006597059905501614,0.01686306886967061,14205762.32473,-0.03734089631173514,-0.07325224242080415,0.016920877488337177
RSR,reserve-protocol,RSRUSDT,2024-10-30,LONG,-0.008136301387262344,0.026285473492500083,5726221.605729,-0.06402943391993768,-0.09664011969446515,0.021460699703411787
LDO,lido,LDOUSDT,2024-10-31,LONG,-0.00180077215565267,0.06321166956457983,32487029.2178,-0.00859701020571469,-0.08121360225839364,0.20980111231141862
LRC,loopring,LRCUSDT,2024-10-31,LONG,-0.008494862146847703,0.02370140384175217,5489802.30597,-0.001789442767984732,-0.05171457913296575,0.07540848099391086
1INCH,1inch-swap,1INCHUSDT,2024-11-01,SHORT,0.04518226613337171,-0.02146589030970761,8448970.3102,0.013639393093318686,0.06837729744473685,-0.09022187190886628
BAKE,bakeryswap,BAKEUSDT,2024-11-01,SHORT,0.038750263010089256,-0.01926124657574024,8681020.9434,0.02002679034987436,0.1101612930011829,-0.026793012438386443
LDO,lido,LDOUSDT,2024-11-01,SHORT,0.06321166956457983,-0.009667439562891919,30460334.5692,0.03383800025503473,0.09497072825777308,-0.21400305832829639
LRC,loopring,LRCUSDT,2024-11-01,SHORT,0.02370140384175217,-0.04576690620888116,5087996.10711,0.0012798090565580723,0.06699720288428238,-0.1798600258455185
SXP,swipe,SXPUSDT,2024-11-01,SHORT,0.03272500210626719,-0.0093477256143083,17568616.88478,-0.020109600994263153,-0.014703058400551677,-0.2552095924145494
LDO,lido,LDOUSDT,2024-11-02,LONG,-0.009667439562891919,0.012859164953281283,18369956.7341,-0.038574530325279625,-0.027061671740309934,0.2643773851362575
SXP,swipe,SXPUSDT,2024-11-02,LONG,-0.0093477256143083,0.16418294924487656,80403707.83466,0.05568199020735351,0.04344096865061504,0.2433528976138406
ROSE,rose,ROSEUSDT,2024-11-03,SHORT,0.014901335437543883,-0.0011848647807133179,15519639.38568,0.035678445011612714,-0.1392587133114482,-0.3164851214042757
LDO,lido,LDOUSDT,2024-11-04,SHORT,0.002053071848595716,-0.02022840786736464,28789349.4355,-0.03376998746593476,-0.31327184345077735,-0.32674892761568264
SPELL,abracadabra-spell,SPELLUSDT,2024-11-04,LONG,-0.009431538165893738,0.0013157607478650089,6228394.1755479,0.056427305133300534,0.1729157286084726,0.4252445338173545
LINA,linear-finance,LINAUSDT,2024-11-05,SHORT,0.01938923765708943,-0.02282775258913393,18179693.7223,-0.121978426886486,-0.13858616328614673,-0.20017917419396103
RSR,reserve-protocol,RSRUSDT,2024-11-05,SHORT,0.026623134667365943,-0.019562113790437343,7522832.776346,-0.13011958447018618,-0.24524092039170917,-0.2049962289938223
CELR,cbridge,CELRUSDT,2024-11-06,SHORT,0.003553611792461308,-0.011650561171912498,6923697.14262,-0.020089064496782404,-0.06367573020933112,-0.10471095408903076
1INCH,1inch-swap,1INCHUSDT,2024-11-07,LONG,-0.07556000663958504,0.02260296698119124,16516523.8158,0.01397567600877262,0.09118674840011029,0.0428131641158944
ANKR,ankr,ANKRUSDT,2024-11-07,LONG,-0.10149018647810656,0.011720826821470116,5787882.03174,0.013867710685034585,0.11804160062227136,0.1027582187316404
BAKE,bakeryswap,BAKEUSDT,2024-11-07,LONG,-0.07455058183292153,0.01170911167665518,12081306.7704,0.0,0.12229561571285674,0.03504790792653621
BEL,bella-protocol,BELUSDT,2024-11-07,LONG,-0.03614100671870301,0.029537309502211038,8000447.5283,0.010715048018627833,0.0884652477893765,-0.00278992090199412
LDO,lido,LDOUSDT,2024-11-07,LONG,-0.08053359918259632,0.023840298788195397,205188418.0363,-0.004376032614289155,0.006295928456814831,-0.13583981940362616
LRC,loopring,LRCUSDT,2024-11-07,LONG,-0.07837262857724613,0.003573996952837294,7810394.57038,0.10283898448831853,0.1466680637075842,0.09159285041589636
ONE,one-dex,ONEUSDT,2024-11-07,LONG,-0.05381969318473242,0.09174987149163173,9516786.74065,0.014908083088286008,0.14199351140698285,0.03342713085552343
ROSE,rose,ROSEUSDT,2024-11-07,LONG,-0.022601880152856198,0.02353513997344616,72787660.80869,-0.02167930689629397,0.049603154950395634,-0.028658988882464466
RSR,reserve-protocol,RSRUSDT,2024-11-07,LONG,-0.020420913270588082,0.046081279622842884,17471941.37058,0.009506665960767002,0.07862390782285553,-0.11116232644087243
SPELL,abracadabra-spell,SPELLUSDT,2024-11-07,LONG,-0.04315916312505124,0.019919784991765048,6240852.3324985,-0.006520421374673296,0.22731540963227323,0.2316441184789901
EOS,vaulta-rex,EOSUSDT,2024-11-08,LONG,-0.015832896560541848,0.03833033437134706,56578067.0909,0.027000601818506095,0.20487238231585123,0.21000498554237135
KSM,karura-liquid-staking,KSMUSDT,2024-11-08,LONG,-0.012340272049876144,0.04107280788063957,12316387.2571,0.026456864894938033,0.1438848499528821,0.12264800500290729
LINA,linear-finance,LINAUSDT,2024-11-09,LONG,-0.029267803326634537,0.025987165078704463,9407333.26934,0.045709806961850036,0.006659292089976776,0.11157723194947501
BEL,bella-protocol,BELUSDT,2024-11-15,SHORT,0.0725632826457417,-0.3509640542441156,8225575.8843,-0.050272185515531656,-0.09957219610477745,-0.13447674890734726
LINA,linear-finance,LINAUSDT,2024-11-15,SHORT,0.046299935819889615,-0.022190412455164846,13637144.82755,-0.12955524424488327,-0.10536051565782635,-0.17435338714477794
RSR,reserve-protocol,RSRUSDT,2024-11-15,SHORT,0.06881601545379025,-9.683679183036627e-05,13315254.284607,-0.06246895102851325,-0.15233150523060016,-0.11712312519170932
LINA,linear-finance,LINAUSDT,2024-11-16,LONG,-0.022190412455164846,0.036489854754529816,28987603.28401,-0.06361118451418372,-0.03644127916225591,0.11446408139831979
ANKR,ankr,ANKRUSDT,2024-11-18,SHORT,0.00802219951317407,-0.02405970358081556,21864347.16174,0.021506205220963505,0.02474293012999808,-0.09457803878218456
BAKE,bakeryswap,BAKEUSDT,2024-11-18,SHORT,0.019588232740272188,-0.017004327066299833,19413193.5895,0.042846696568479836,0.0011657277403265666,-0.14338559273981336
LDO,lido,LDOUSDT,2024-11-18,SHORT,0.005753113946462141,-0.03872250821551215,94274951.361,0.06576212416781296,0.03737548431431026,-0.26695159548135433
ROSE,rose,ROSEUSDT,2024-11-19,SHORT,0.029518612313475526,-0.004042139870823914,20176055.80947,0.07419145660942857,-0.11535501973450672,-0.09472901713369906
SXP,swipe,SXPUSDT,2024-11-19,SHORT,0.050742866191730615,-0.026250602182885826,27300387.9832,0.071998088680502,-0.006840907783772669,-0.063559871081353
CELR,cbridge,CELRUSDT,2024-11-20,SHORT,0.019549338595712996,-0.0003849913780855485,8779394.05817,-0.06613980250454499,-0.25896159393236595,-0.361293889795027
ROSE,rose,ROSEUSDT,2024-11-20,LONG,-0.004042139870823914,0.0031669155869677103,25468084.79135,0.06788431993837322,0.24212609100352572,0.23002710203046706
CELR,cbridge,CELRUSDT,2024-11-21,LONG,-0.0003849913780855485,0.004451568205052401,10116054.24539,0.08244846216734594,0.24410812689734393,0.30387274497504324
ANKR,ankr,ANKRUSDT,2024-11-22,LONG,-0.01247451973568106,0.11022960354070194,10779005.88585,0.11826061339123554,0.09142029250963878,0.20199866503589622
BAKE,bakeryswap,BAKEUSDT,2024-11-22,LONG,-0.028157839202317604,0.05251268437191144,17059964.6798,0.07667988558496851,0.12035194486218712,0.20607267326211767
LDO,lido,LDOUSDT,2024-11-22,LONG,-0.03988796817895026,0.0942269769554806,88018733.5913,0.07080503566932968,0.270198480139393,0.32714834550956695
RSR,reserve-protocol,RSRUSDT,2024-11-22,LONG,-0.015413301058140361,0.08028186825613785,9135228.320661,0.09149646299698613,0.03107262423513583,0.19454794656037427
SXP,swipe,SXPUSDT,2024-11-22,LONG,-0.013771437698776296,0.01721928120115524,27751428.202,0.07989585709373719,0.05207019459495522,0.13332684484485732
SXP,swipe,SXPUSDT,2024-11-23,SHORT,0.01721928120115524,-0.007956865418666793,84126282.29378,-0.02190777187169882,0.023428624445692606,-0.058416117439267216
SXP,swipe,SXPUSDT,2024-11-28,LONG,-0.022021267403344168,0.0908328514976773,29596188.14133,0.0481579058529621,0.13715617004500932,0.10611154836304926
KSM,karura-liquid-staking,KSMUSDT,2024-12-04,LONG,-0.00699244233171196,0.20651195671506425,135930587.9664,-0.01714580226510847,-0.014297304700824449,-0.1802994176278098
SXP,swipe,SXPUSDT,2024-12-05,SHORT,0.019800121818579354,-0.11172176096126109,56728478.1115,-0.028189637108898765,0.0009009009618335852,0.13501187308546636
ROSE,rose,ROSEUSDT,2024-12-08,SHORT,0.03600976974669871,-0.009731109886482544,19343124.63247,0.2038140804800062,0.1453857280537467,0.17314820686369645
ANKR,ankr,ANKRUSDT,2024-12-10,SHORT,0.06624283162437208,-0.01653311619801681,29877070.86382,-0.08867549626141523,-0.09735739303898203,0.00887027291282014
EOS,vaulta-rex,EOSUSDT,2024-12-10,SHORT,0.12106693973642536,-0.0686306590351992,314704264.7795,-0.0450357529098771,-0.06231676503705471,0.01158314108963076
KSM,karura-liquid-staking,KSMUSDT,2024-12-10,SHORT,0.0640664049166587,-0.18465096510643006,65657522.4207,-0.06794963710382783,-0.10267812419193041,-0.005907320116892406
LINA,linear-finance,LINAUSDT,2024-12-10,SHORT,0.23223761856257166,-0.06053931692588138,26564253.00645,-0.1045254425404048,-0.1742198222988467,-0.011618387953865276
ONE,one-dex,ONEUSDT,2024-12-10,SHORT,0.12390145787397207,-0.10260631792412206,79955015.32895,-0.04696239564653112,-0.025914974777446136,0.0686768657962195
ROSE,rose,ROSEUSDT,2024-12-10,LONG,-0.01458534118495451,0.02305795179823664,44695735.23039,0.07388804472888533,0.06728104860048532,-0.05849283467700234
TLM,alien-worlds,TLMUSDT,2024-12-10,SHORT,0.1200192455292016,-0.01808186913662156,36106783.425482,-0.10013457502586785,-0.0898847496686136,0.017021431614937417
1INCH,1inch-swap,1INCHUSDT,2024-12-11,SHORT,0.025102015368661027,-0.035566531372562576,63234724.4061,-0.044451762570833796,0.027776706053724474,0.15699563195948954
BAKE,bakeryswap,BAKEUSDT,2024-12-11,SHORT,0.027168412501409188,-0.03687163347581368,22690104.606,-0.056768929901237365,0.024838651290886523,0.17440901842069526
LRC,loopring,LRCUSDT,2024-12-11,SHORT,0.020088003291321675,-0.07553956298132151,24431075.518,-0.024168387322806417,0.053179950487411726,0.21705560080575773
ROSE,rose,ROSEUSDT,2024-12-11,SHORT,0.02305795179823664,-0.05345448001377679,25249344.01528,0.01545409898426815,0.06431905697576522,0.22364185600533495
RSR,reserve-protocol,RSRUSDT,2024-12-12,SHORT,0.0020921131261521573,-0.03245812089886574,147956168.677027,-0.030955094418895983,0.030950110884496132,0.31974446469244566
SXP,swipe,SXPUSDT,2024-12-12,LONG,-0.06008452341146823,0.061278834170999136,31742855.55372,-0.015322985170419233,-0.03354612249120394,-0.29873954517000595
1INCH,1inch-swap,1INCHUSDT,2024-12-13,LONG,-0.018839301593003527,0.008061690295977685,54535707.2501,-0.06051416051766583,-0.0386395780387223,-0.2491565068942318
CELR,cbridge,CELRUSDT,2024-12-13,SHORT,0.02036253426022943,-0.0026083363742034015,13893505.61898,0.0642568346016053,0.07207098088152791,0.3038187422260087
1INCH,1inch-swap,1INCHUSDT,2024-12-14,SHORT,0.008061690295977685,-0.04031722300160188,30069658.3285,-0.0412893310444332,0.020875824000867706,0.23379059810638633
CELR,cbridge,CELRUSDT,2024-12-14,LONG,-0.0026083363742034015,0.01624810254893962,9538158.31244,0.039756289619622014,-0.0761584137168943,-0.2886384220020944
LDO,lido,LDOUSDT,2024-12-14,SHORT,0.013750304751869037,-0.023514514060849968,144899973.9616,-0.07332990395117808,0.05540850201751727,0.2777763275417161
SPELL,abracadabra-spell,SPELLUSDT,2024-12-14,SHORT,0.016476764307740373,-0.00454696278920302,7786069.3189211,-0.03100698805645065,0.05623883903154975,0.24196517256193478
SXP,swipe,SXPUSDT,2024-12-14,SHORT,0.012621724426534251,-0.0015640576676124768,15966502.55501,-0.04135518568191386,0.04140086573757747,0.1700636593984525
CELR,cbridge,CELRUSDT,2024-12-15,SHORT,0.01624810254893962,-0.007545864656357499,10329183.95365,0.04757043589954471,0.2094580982289555,0.3338771814944599
SPELL,abracadabra-spell,SPELLUSDT,2024-12-15,LONG,-0.00454696278920302,0.19439515496962334,7208489.207165,-0.025918474556997976,-0.1816408847587636,-0.27861024055630706
SXP,swipe,SXPUSDT,2024-12-15,LONG,-0.0015640576676124768,0.02455793486369537,15214585.55552,-0.024552697005879073,-0.1812560265919163,-0.21108962697039704
1INCH,1inch-swap,1INCHUSDT,2024-12-17,LONG,-0.02747920946709057,0.041335025352523924,39167046.6574,-0.10834750315710266,-0.16777092362790344,-0.11764989581941612
ANKR,ankr,ANKRUSDT,2024-12-17,LONG,-0.0735504520603187,0.041435432302951235,11108429.39836,-0.11278499815743565,-0.1472205372382727,-0.08560589538089473
BAKE,bakeryswap,BAKEUSDT,2024-12-17,LONG,-0.030209700810610553,0.07140992725804954,13326013.1295,-0.10110949005679476,-0.1561430256863207,-0.12006407648497278
CELR,cbridge,CELRUSDT,2024-12-17,LONG,-0.021106548312288358,0.0662298187080965,11662484.96201,-0.09398538384991062,-0.16384548286498063,-0.016035978376169744
KSM,karura-liquid-staking,KSMUSDT,2024-12-17,LONG,-0.20063028020096227,0.03120833485221617,29615779.6184,-0.1011786820957152,-0.12389095623970267,0.02426968903822489
LDO,lido,LDOUSDT,2024-12-17,LONG,-0.03346426089132005,0.06852121003363544,168206021.9185,-0.11206307136788383,-0.19048236234975344,-0.06750680479038738
LINA,linear-finance,LINAUSDT,2024-12-17,LONG,-0.2073093822557634,0.08983380249674862,14526426.0326,-0.11923036352197683,-0.2047192839881513,-0.14564699396591846
LRC,loopring,LRCUSDT,2024-12-17,LONG,-0.09048307447108596,0.035355809768493035,12341373.01402,-0.09732852797268704,-0.1562575361764617,-0.08512744680340359
RSR,reserve-protocol,RSRUSDT,2024-12-17,LONG,-0.020371036166772806,0.049372514454906404,78140587.671449,-0.10963272233884609,-0.1316191799601429,0.08308314783880316
KSM,karura-liquid-staking,KSMUSDT,2024-12-18,SHORT,0.03120833485221617,-0.01115034747216203,42392239.4658,0.08997512528916127,0.04662591324964814,-0.1163475613428624
LINA,linear-finance,LINAUSDT,2024-12-18,SHORT,0.08983380249674862,-0.00944675809205138,24113111.85448,0.11221199060692813,0.1418124603832187,0.04767346946935679
ROSE,rose,ROSEUSDT,2024-12-18,LONG,-0.0034624193227001123,0.07470403877273307,29557768.82737,-0.10323135803566932,-0.14181780950592207,-0.0643434605056065
1INCH,1inch-swap,1INCHUSDT,2024-12-19,SHORT,0.06214778189951065,-0.056592901036403395,60477726.1622,-0.036171700210220495,0.008394592843026367,-0.021706278581863074
ANKR,ankr,ANKRUSDT,2024-12-19,SHORT,0.0355234775776612,-0.09040340512561332,18974473.41199,-0.04471104263797068,0.004839867098770404,0.0074116644871417515
BAKE,bakeryswap,BAKEUSDT,2024-12-19,SHORT,0.061483904372876964,-0.05156866613409191,41806193.1272,-0.02078768247275746,0.04409378259684258,0.053942197828217596
LDO,lido,LDOUSDT,2024-12-19,SHORT,0.05430789649551308,-0.055454485487157965,206405924.6054,-0.075642366224682,-0.06827809299628505,-0.09989946973823552
LRC,loopring,LRCUSDT,2024-12-19,SHORT,0.019571942819954398,-0.1296203001727438,20805553.42926,-0.029622698953499425,0.042993277053414214,0.004096933035049344
ROSE,rose,ROSEUSDT,2024-12-19,SHORT,0.07470403877273307,-0.016860921917771454,35186493.415,-0.023868615159427446,0.03934089823845702,0.027412327373183103
RSR,reserve-protocol,RSRUSDT,2024-12-19,SHORT,0.055489269759898416,-0.039461921390483885,86386384.413075,-0.08685350634850503,-0.035541930592410675,-0.28060079865351295
CELR,cbridge,CELRUSDT,2024-12-20,SHORT,0.003173225465626141,-0.017418132795553185,22647981.81203,0.04959694113937206,-0.02618891649237754,-0.08714144137168209
SPELL,abracadabra-spell,SPELLUSDT,2024-12-22,SHORT,0.13100838485972133,-0.07900664173547589,6258148.9164761,-0.06080096462731538,-0.08424795473057173,-0.012055682754069161
